Open Time,High,Low,Close,volume_zscore,funding_z,r1,candle_pos,trades_z,taker_buy_ratio,distance_hl_position,bb_width
2024-05-12 03:00:00,61120.0,60863.81,60946.49,-1.0213813853541815,-1.0511057464720417,0.0009960976918501618,0.32272922439116375,-1.1190271046019669,0.47054033840816,0.11833926625074101,0.05891116487817355
2024-05-12 07:00:00,61366.59,60610.0,61159.99,-0.47171604124644523,-0.9139055652778894,0.0003503629290715349,0.7269326847998667,-0.5905603701144727,0.49159488120558215,0.12736299298990889,0.05888337871160299
2024-05-12 11:00:00,61313.82,61090.0,61168.82,-0.8278871597208411,-0.8766060378054986,0.0026379574224426605,0.3521579840786267,-0.8640279752422713,0.4811706435552275,0.1953283656520441,0.05902537711114232
2024-05-12 15:00:00,61888.0,61109.67,61373.94,0.12604957534792854,1.9122873729004428,0.005502007091631178,0.33953464468362793,0.4157045117844748,0.5313253861003892,0.3374581865163558,0.05797231220289396
2024-05-12 19:00:00,61442.67,60910.58,61326.0,-0.6911215947485381,1.7403048523637492,-0.004087258885059564,0.78073258281906,-0.6800088876292458,0.495903897153761,0.23129372744779658,0.05806656984543448
2024-05-12 23:00:00,61812.0,60944.71,61044.26,-0.0832638750015394,1.6080116421483233,0.0009354850542262483,0.11478282927147203,0.3634912768858848,0.5089754825495552,0.25549315800306,0.05740759206226856
2024-05-13 03:00:00,61560.0,60749.21,61504.1,0.29660047081971497,1.5021576142593351,-0.004421029728103432,0.9310548970642065,0.11801273321072439,0.4938695080618984,0.14102154182471094,0.049471193331325033
2024-05-13 07:00:00,63295.48,61460.0,62674.7,2.1365015623561847,0.934319520291466,0.02555843088648113,0.661788741905865,1.6891757540564816,0.5407449794766926,0.7998680995701061,0.047000467059891776
2024-05-13 11:00:00,63100.0,62399.35,62747.87,0.4154090174234162,0.9036023689528561,0.0025556617582891406,0.49742382073079155,0.5801974437176792,0.49212069331506914,0.8674318699534522,0.043706508881794906
2024-05-13 15:00:00,63450.0,62566.36,62786.9,0.38775554044054333,1.0980064977549278,0.003511400949785637,0.2495812774404794,0.46101110695221115,0.4967625817065517,0.9604996637771559,0.04176204992015973
2024-05-13 19:00:00,63193.59,62715.57,62770.0,-0.41777235929566947,1.058391630233834,3.513698338553084e-05,0.11386552863658843,-0.6653870911525898,0.500255877130687,0.9614342207474544,0.04657314087079741
2024-05-13 23:00:00,63118.36,62500.0,62541.99,-0.2607025487573235,1.25127172347908,-0.003502411055581245,0.06790542725810024,-0.43771168456395715,0.4943470330170299,0.8682754643624097,0.04844160419579455
2024-05-14 03:00:00,62780.73,61404.34,62042.0,0.6889452757514631,1.202190789799254,-0.009398171474315209,0.46328438886897433,0.3358184594492328,0.4914580928488855,0.619174055310426,0.04855936753878045
2024-05-14 07:00:00,62116.8,61520.89,61719.01,-0.2234339356318897,1.2005551315727927,-0.005261159909742075,0.33246631202140725,-0.5948440804480774,0.4297302274857496,0.48103596529473125,0.047901150465559865
2024-05-14 11:00:00,62300.0,61142.77,61803.74,1.3175767361424784,1.158264387260209,-0.002512186425804308,0.5711656282625647,1.1666595620354923,0.48600522330482215,0.41542251362132065,0.04699345611894986
2024-05-14 15:00:00,62063.56,61159.34,61429.99,0.620763267118916,-0.7125877283955901,-0.002331381692665113,0.2993187498584503,0.37964079437428966,0.4649676081652369,0.3546843019587485,0.045497208509739255
2024-05-14 19:00:00,61789.99,61397.2,61708.79,-0.8335053945368178,-0.6978597196059735,0.0011862546002934238,0.7932737594950746,-0.9486595046351334,0.48343821177466056,0.3855170930378668,0.04358817199873738
2024-05-14 23:00:00,61908.47,61319.47,61774.01,-0.8069194785601409,1.1761695902614135,0.0005075804228169556,0.771714770784862,-1.0119212483466278,0.4616922987909992,0.3987256286733662,0.04294298196125379
2024-05-15 03:00:00,62082.64,61772.44,61962.75,-0.785818416415101,1.1398854275711092,0.00440690342193184,0.6135074145514647,-0.9102668259120164,0.41445180885534133,0.513462690802169,0.041117050651482
2024-05-15 07:00:00,62999.44,61889.52,62674.71,0.5130508066942014,-2.1816554423969383,0.008129011264319752,0.7074293642721315,0.7620146758597515,0.488935506866798,0.7260403433238309,0.04053846627240356
2024-05-15 11:00:00,64663.56,62242.42,64500.0,3.488205496115847,-2.034282131843641,0.022332717481960973,0.9324450465444699,3.57025835125659,0.5250946038595898,0.9999999999967882,0.051658422626537935
2024-05-15 15:00:00,65791.12,64367.14,65717.28,1.741527038636653,-1.157070718109901,0.01832079296575917,0.9481453391132754,1.8129628619766338,0.5101292560959477,0.9999999999976651,0.06972475536367552
2024-05-15 19:00:00,66419.15,65302.44,66116.3,0.5764650912907865,-1.1253169726549497,0.014601919408012476,0.728801568887821,0.43396039193449376,0.4793882049744654,0.9999999999980886,0.08482877102903695
2024-05-15 23:00:00,66666.0,65746.42,65909.51,0.12589935402893168,-1.1731351453513348,0.003505551039271859,0.1773527044935978,-0.1946466478877155,0.4762131336025262,0.9999999999981696,0.09502754277553023
2024-05-16 03:00:00,66074.03,65652.92,65958.14,-0.5207067167157983,-1.141901583492347,-0.004288933867857225,0.7247987461536244,-0.5569347149599541,0.5155255201825095,0.9480484151141821,0.1021324109345789
2024-05-16 07:00:00,66460.71,65936.57,66169.99,-0.1799322485833327,-0.22518716751560058,0.004897417077388999,0.44533903154795496,-0.3126452567641196,0.4852730013458254,0.9999999999981825,0.10662670251083846
2024-05-16 11:00:00,66752.01,65555.0,65598.7,0.8644219433051182,-0.22265555928753145,-0.0014884312563965274,0.03650763151488476,1.3055689474739307,0.5292989634469992,0.9820876006933213,0.10920728303959219
2024-05-16 15:00:00,65900.0,64602.77,65122.18,1.3867709675989122,-0.7035979740508129,-0.013100010712781662,0.4003993123779116,1.1475422699753977,0.49900963358058115,0.8246712890697614,0.11178970172010017
2024-05-16 19:00:00,65580.0,65050.0,65418.97,-0.6220582086085471,-0.6927474269657355,0.0008153770518397607,0.6961698113076217,-0.7857832589666423,0.4981590149734043,0.8343409158124782,0.11345263413998281
2024-05-16 23:00:00,65510.22,65106.38,65386.01,-0.7965810888273437,-0.34640540997012303,0.00023763559484990537,0.6924276941191505,-0.8465758397969098,0.4930575939515875,0.8371613546633339,0.11501180995082073
2024-05-17 03:00:00,66148.0,65354.23,65955.56,-0.2886034630405978,-0.34257589555943857,0.005678903383296019,0.7575620141759216,-0.37257766234110595,0.5578503386804642,0.9045788892792208,0.11651668857289256
2024-05-17 07:00:00,66537.19,65955.56,66500.48,0.2430225195095969,-1.502166435792826,0.008864409269374818,0.936884273491094,0.012939290360708648,0.5279925875879362,0.9999999999982012,0.11844038892856477
2024-05-17 11:00:00,66850.0,65828.03,66806.66,0.05224601546453685,-1.4560629562585201,0.0004651071194301526,0.9575917101191107,0.12850438452794086,0.49294964760533583,0.9999999999982111,0.11889838450549664
2024-05-17 15:00:00,67451.2,66214.67,66821.98,0.9602035344727028,-1.7291372556950282,0.009796835914044344,0.4911405303511333,1.023813416461262,0.47386044106045533,0.9999999999983973,0.11667528162682608
2024-05-17 19:00:00,67070.0,66650.75,66771.6,-0.8099740180260848,-1.6669658115861894,-0.0013664429811739431,0.2882528324320174,-0.8469503869235685,0.4701707702450305,0.9853381614843301,0.11264603790377505
2024-05-17 23:00:00,67095.88,66700.0,66907.84,-0.6518024865670716,-1.3558864156398043,0.0007314350576785866,0.525007578040679,-0.6982535386294454,0.5300935309420822,0.9931756847930836,0.10400631640306836
2024-05-18 03:00:00,67008.41,66730.0,66920.03,-0.957839375281342,-1.322027222985593,-0.0003322970212286114,0.6825545059199415,-0.951269084301967,0.5136085675285277,0.9896124284780973,0.09404160288373933
2024-05-18 07:00:00,67300.0,66829.0,67222.22,-0.43035603428115543,0.8204651162917147,0.0030903312465455635,0.8348619957359926,-0.48898195906222935,0.5011340933740365,0.9999999999984329,0.08096760699764463
2024-05-18 11:00:00,67400.01,66600.09,66793.66,-0.21846512052441316,0.8087236451222923,-0.0009454123660292968,0.2419866986668511,-0.20237169603142363,0.42948214332580337,0.990060314888056,0.06300099179506499
2024-05-18 15:00:00,66992.53,66600.0,66796.36,-0.8780861806100845,-1.7146042000460968,-0.002919279131088137,0.500242019705497,-0.807913235326099,0.4541841848958516,0.9593972057597223,0.04356425421145015
2024-05-18 19:00:00,67014.88,66771.76,66932.01,-1.0692990934645616,-1.6596424005362267,0.0012862531559969526,0.6591395195516703,-1.113174422501312,0.4819180281306849,0.9728681282832524,0.037679900276606164
2024-05-18 23:00:00,67250.0,66837.39,67211.61,-0.9025241973389031,-0.48221011470039254,0.0018066851755171864,0.9069581444728219,-0.9577237959802561,0.5471378287509799,0.9918138703202931,0.03851820226725401
2024-05-19 03:00:00,67294.35,66930.4,67022.65,-0.9529000500104886,-0.4774603883093878,0.0012008733975032992,0.2534688830813638,-0.9658677280414953,0.49310466712072454,0.9999999999984399,0.03941418255712799
2024-05-19 07:00:00,67700.0,66981.1,67269.99,-0.26553010222101314,0.05996281969037424,0.0027574906182932235,0.40185004867990437,-0.41160852540543386,0.5357991568417942,0.9999999999984837,0.04018962980261433
2024-05-19 11:00:00,67388.0,66677.0,66928.0,-0.028792684123101837,0.05949831222932316,-0.004160582997120299,0.3530239099809701,-0.061281152893436955,0.4767161227771322,0.9575378377837535,0.04012094505141827
2024-05-19 15:00:00,66990.0,66521.38,66586.21,-0.5518625687123371,-0.06591151160322971,-0.004163714588852563,0.13834236694682037,-0.5854603081332188,0.47821837247429216,0.9152205154309873,0.0400117499851804
2024-05-19 19:00:00,66646.2,65857.25,66363.61,-0.09788535849314607,-0.06541583029300478,-0.007942446806451176,0.6418150706554082,-0.12350635359209693,0.4285127338251521,0.83483468750478,0.03794875779738325
2024-05-19 23:00:00,66763.0,66060.31,66674.02,-0.5580164032959918,0.17890400425646125,0.0029874241162910486,0.8733723263334765,-0.6291145935137605,0.5099812285738433,0.8648303822162808,0.03160634750499909
2024-05-20 03:00:00,67295.99,66279.64,66410.0,-0.13809295350033415,0.1775610246792503,0.007610156976928684,0.12826290155824,-0.193489225528688,0.493117282310999,0.9414696144072269,0.026715261727134603
2024-05-20 07:00:00,67349.0,66352.23,67109.99,-0.09171738971325283,-0.7556134823402395,0.00024511003278493426,0.7602154960446282,-0.340834770916714,0.4808758701573498,0.9439568169592135,0.01925264361947854
2024-05-20 11:00:00,67300.0,66753.42,67006.01,0.08989223234060505,-0.7471899500989077,0.0008221682360842753,0.4621281422579941,-0.14691399850951423,0.5099882592678129,0.9523016412691624,0.01534909157316276
2024-05-20 15:00:00,68766.0,66902.0,68728.41,2.1093281024910318,-0.7173294037985132,0.014699749037783372,0.9798336909818698,2.357299155011301,0.5096937164676716,0.9999999999986235,0.028013617370368327
2024-05-20 19:00:00,70421.24,68596.0,69590.77,4.343787563661745,-0.7098331052680433,0.022983515866233484,0.5450077797958357,4.174703696686078,0.5412934964828803,0.999999999998867,0.04351315370910302
2024-05-20 23:00:00,71979.0,69589.5,71283.8,3.3048461173826467,1.526502098848094,0.02281283249203825,0.7090604728993146,3.6703806062701516,0.5353121314749842,0.9999999999990397,0.06725073208084416
2024-05-21 03:00:00,71401.68,70826.92,71205.41,0.5217473100122586,1.4926544604062117,0.00044709018626654107,0.6585183380774993,0.42733653391826215,0.49909857830380827,0.9999999999990425,0.08256682791894221
2024-05-21 07:00:00,71290.0,70839.63,71056.0,0.44508073932272396,1.6074232087942715,-0.0018515682833722957,0.480427204288015,0.5264293589630508,0.4972619562800654,0.9873868429880597,0.09320116099887678
2024-05-21 11:00:00,71474.92,70187.76,70213.2,1.6682948774933368,1.5701330085453742,-0.0003616434809458058,0.01976444264878074,1.534906565766672,0.49626035412723196,0.9849278355713356,0.09857039402229979
2024-05-21 15:00:00,70487.82,69500.0,69829.74,1.0134210153598255,1.391138714235167,-0.015381353889403315,0.333805754081376,1.8966677672471435,0.4959979389350042,0.8803796081223678,0.1015381595953328
2024-05-21 19:00:00,70222.22,69162.94,70222.22,-0.08059520445593042,1.365255785857709,-0.0034501466092842215,0.9999999999905598,0.023756790984783133,0.4823192352262129,0.8572894069996898,0.10310325305286878
2024-05-21 23:00:00,70377.77,69922.77,70003.01,-0.33388423012343516,1.3407709780876105,0.006987133382228006,0.17635164834775202,-0.34512693372707,0.43492201828583094,0.9038896551149116,0.1039443812350151
2024-05-22 03:00:00,70059.89,69165.0,69854.08,-0.3949869658463755,1.317562692624433,-0.0058510347945993635,0.7700164265913152,-0.2652345048086544,0.43869781748217834,0.8645938856421537,0.10386375848479117
2024-05-22 07:00:00,70233.0,69587.62,70190.0,-0.46844875337485675,2.7999862277039367,0.0030039835322910324,0.9333725866786491,-0.39848225190044684,0.5106783568066336,0.8846507080443041,0.10384777322545234
2024-05-22 11:00:00,70275.14,69435.3,70114.63,0.18396831132200683,2.6574189105204025,-0.001965943216858279,0.8088802628975945,0.8965167004984661,0.4853115337896907,0.8714851822273562,0.10300734481045973
2024-05-22 15:00:00,70666.0,69228.64,69574.6,0.474355846228113,1.126857643398818,0.0018852455005355928,0.2406912673217561,0.44649381152125417,0.4734462115750953,0.8840854714408821,0.10198619256736274
2024-05-22 19:00:00,69976.0,68842.19,69141.28,0.016240251466048454,1.1117382146313899,-0.006941589571512585,0.26379199336516634,0.4000969622834883,0.48674806603722615,0.8376029676349019,0.0988800134709986
2024-05-22 23:00:00,69626.87,69023.56,69505.86,-0.6511807822300768,1.0972137462800176,-0.0012383574535261843,0.7994231820987726,-0.4072883627221919,0.5106804748172167,0.8293681990720333,0.09257853745503007
2024-05-23 03:00:00,69675.0,69311.76,69561.4,-0.7007710725809408,1.0832461667857771,0.0012666773379155227,0.6872591124136197,-0.5894466168710444,0.45224844439719014,0.8377808570162408,0.08418123337192077
2024-05-23 07:00:00,69862.44,69470.0,69537.21,-0.5448992100496685,1.0698007313963567,0.003421392210710472,0.17126184894071295,-0.2764753226445027,0.4432326623033135,0.8605328714999887,0.07592994998822311
2024-05-23 11:00:00,70096.12,67610.95,67748.63,2.0942810371962293,1.0568456574789826,-0.012806853063361157,0.05540063657595,2.651919774120573,0.4908192857676589,0.7750768291982209,0.06974910232921723
2024-05-23 15:00:00,68313.79,66764.7,67393.06,0.6409104033288755,1.0443518075317835,-0.016874200222328883,0.4056316934432123,0.7316189495781205,0.49398952355551884,0.6639226800469115,0.06835128207142274
2024-05-23 19:00:00,68365.81,66312.16,67686.47,2.0466983169226824,1.0322924126921564,-0.002634629780658315,0.6692036130758939,2.1285731022795384,0.4929983661061577,0.646860631609884,0.06376884310234673
2024-05-23 23:00:00,68000.95,67480.0,67978.37,-0.4074846798176394,1.0206428307667326,0.00474377605704035,0.9566561090132096,-0.5229924583825977,0.5167879991575833,0.6775007216797125,0.06613077412808509
2024-05-24 03:00:00,68017.56,66816.21,66887.01,0.10267779132574562,1.0093803338022531,-0.004679956379549877,0.05893369958746372,0.07617016734163998,0.49829170864718975,0.6471294491668982,0.0762755755485127
2024-05-24 07:00:00,67523.78,66600.12,67353.43,-0.23989194193904764,0.9984839210277983,-0.005259421386849428,0.815570664521403,-0.21983895870953893,0.5469586045213933,0.6131573876828101,0.07605904138596131
2024-05-24 11:00:00,68031.62,66921.97,67869.48,0.2294778901729237,0.987934153663416,0.0051034175214836885,0.8538818546311548,0.12277083847758435,0.4916522742945765,0.645948403317648,0.07244585266087246
2024-05-24 15:00:00,69220.0,67869.48,68970.43,0.6237503087271717,0.9777130086372451,0.01578323561324191,0.8152045138108593,0.34091125121969496,0.5327604709708085,0.7478780590368275,0.06602279339443747
2024-05-24 19:00:00,69250.0,68674.39,68787.99,-0.7802509168973631,0.9678037487054756,0.005957392618455737,0.19735584857461153,-0.8147111191073837,0.46764020937598233,0.7869587093190324,0.06403798606137302
2024-05-24 23:00:00,68830.0,68500.0,68817.22,-0.98390922000072,0.9581908068449482,-0.004097572620989864,0.9612727272436014,-0.9673818038192908,0.478468091761896,0.7599183907145147,0.06276573851651689
2024-05-25 03:00:00,68910.0,68615.56,68660.4,-0.9445373414657587,0.9488596831011412,0.0013104916515447318,0.1522890911509077,-0.8565181347235684,0.505942079475666,0.768531028734425,0.060094179678380606
2024-05-25 07:00:00,69453.57,68639.69,69387.99,-0.7622033140450164,0.9397968523361245,0.004188362268888968,0.919423010751959,-0.6263613420105855,0.5386314391498025,0.7960932961032555,0.057758787393977024
2024-05-25 11:00:00,69610.0,68882.43,69021.65,-0.32464802393790926,0.9309896815409615,0.0024317523394368212,0.1913492859767257,-0.28694176450311376,0.47360824642355537,0.8121629021146932,0.05624337320429784
2024-05-25 15:00:00,69234.0,68847.65,69213.2,-0.8542372478413949,0.9224263555623455,-0.002074055941100217,0.9461628057215886,-0.7790395256186063,0.41371472329670894,0.7984237109200417,0.052883743118289465
2024-05-25 19:00:00,69266.66,69050.01,69129.0,-1.1117137637153796,0.9140958102499642,0.0012076683442763247,0.36459727669677394,-1.0653211164300336,0.42641776673817433,0.8064070890036683,0.04960870088183409
2024-05-25 23:00:00,69356.6,68808.37,68904.01,-0.917814929116491,0.9059876721640112,0.0001949940243057835,0.1744523283991264,-0.9181649431564212,0.5005563653628785,0.8076976676779274,0.048205035066544874
2024-05-26 03:00:00,69184.0,68880.6,69105.63,-1.015753970871001,0.8980922040954153,-0.001641018462411492,0.741694133133112,-0.9684966785940963,0.5201736942570584,0.7968343788673643,0.04799284515989936
2024-05-26 07:00:00,69562.23,68974.55,69222.92,-0.6480538200397964,0.890400255747903,0.0027424380117686553,0.4226279607877961,-0.6471283679428038,0.5270612686257011,0.8149591031142568,0.04707866127386521
2024-05-26 11:00:00,69312.3,68950.0,69287.12,-0.7586104644605044,0.8829032190136964,-0.0015622117645542888,0.9304995859527674,-0.6164659890555516,0.4955069153116843,0.8046061585740946,0.0461372186197994
2024-05-26 15:00:00,69399.0,68668.6,68800.16,-0.5707507877511018,0.8755929873456062,-0.0030014531736894945,0.18012048192524305,-0.2674906669724184,0.4845082858117207,0.7847462810767664,0.04462389120259332
2024-05-26 19:00:00,68916.22,68128.01,68560.0,-0.8749623369592116,0.8684619187893595,-0.004647666630895664,0.5480646020661005,-0.7690675019720363,0.48639316277584976,0.7540861160793874,0.04353864890174495
2024-05-26 23:00:00,69298.0,68344.0,69111.35,-0.6371665802643487,0.8615028022927388,0.004368485470515049,0.8043501048133777,-0.6359671400209671,0.5429383763446447,0.7827706140164008,0.04071798252144785
2024-05-27 03:00:00,69212.0,68321.95,68393.23,-0.48348198013860466,0.8547088269536954,-0.0018827579945179806,0.08008538846042104,-0.2476124521768056,0.43794594230062256,0.7703539784429397,0.03919595057534171
2024-05-27 07:00:00,68944.2,68341.84,68577.79,-0.552563828326963,0.8480735539091809,-0.0022303709023734353,0.39170927683790385,-0.2686223756410969,0.5192258247994872,0.7556725577671168,0.03794819939729671
2024-05-27 11:00:00,69500.0,68250.0,69500.0,-0.12822549058636906,0.8415908906008182,0.0035898402212735103,0.9999999999920001,0.05833788462355047,0.5332902043370056,0.7792499838468363,0.02963756806379061
2024-05-27 15:00:00,70687.56,69499.99,69985.5,0.7368481099154499,0.8352550671834925,0.019368852956409333,0.4088264270703282,1.0339235218202192,0.514328548195943,0.906917800421448,0.025653241008126593
2024-05-27 19:00:00,70113.35,69069.0,69591.58,-0.4049576368268734,0.8290606148691265,-0.008599041527649787,0.5003878010197683,-0.12547110147720683,0.4745296718285057,0.849140275354297,0.022342894675195814
2024-05-27 23:00:00,69591.81,68420.03,68680.0,0.04653618057543071,0.8230023460207787,-0.008890402935521458,0.2218590520385933,0.30506375626236926,0.42823957159500403,0.7899187393207671,0.023135312944528967
2024-05-28 03:00:00,68738.48,67486.65,67972.8,0.4336651275467057,0.8170753358322996,-0.014201670707714054,0.388351453469021,0.5905019943455918,0.4132331667823081,0.6961583627829603,0.02711914514091417
2024-05-28 07:00:00,68902.71,67582.13,68592.01,0.4204742220249525,0.8112749054464117,0.0032688069593833635,0.7647245907043433,0.01162696431115149,0.5333793065900281,0.7174327596197977,0.027299689296593075
2024-05-28 11:00:00,68665.59,67529.62,67969.0,0.6253429511107382,0.8055966063796176,-0.0013342515136921529,0.38678838349264183,0.6184302798018688,0.4794980817206785,0.7087206567281672,0.030389981706861982
2024-05-28 15:00:00,68460.53,67277.91,67879.43,0.2386912881241841,0.8000362061360337,-0.0031160670809481372,0.5086333733531528,0.7151201620779545,0.5136111856676722,0.6884011928495626,0.032859375187052835
2024-05-28 19:00:00,68661.28,67864.01,68615.4,-0.40765895969616245,0.7945896749043585,0.006753459150703911,0.9424536229766215,-0.45522768458776647,0.5013771229261447,0.73230238566984,0.0326098947242149
2024-05-28 23:00:00,68923.0,68266.04,68684.6,-0.6598267308626808,0.7892531732428919,0.002856912094348907,0.6371164149927498,-0.6216100654622506,0.49992354616009155,0.7509993048691516,0.032263854106649566
2024-05-29 03:00:00,68935.68,68465.6,68513.33,-0.5510561581652405,0.784023040667037,0.0028552368592675847,0.10153590877931813,-0.4563226690335251,0.4735330352730864,0.7697386447085928,0.03231553624069519
2024-05-29 07:00:00,68534.35,67602.34,67989.89,0.06067071209952455,0.7788957850621331,-0.011354130724554046,0.4158217186466248,0.4111649499669038,0.4731785295346807,0.695007044357226,0.034198045205902014
2024-05-29 11:00:00,68280.0,67500.0,67635.01,0.3872266720379193,0.7738680728520081,-0.0019185254958147269,0.17308974358751777,0.4679911357982186,0.5465303094249799,0.6825229016729158,0.03699107473576402
2024-05-29 15:00:00,67855.69,67124.65,67392.83,0.13284112654133248,1.444741028835578,-0.0054964635046726995,0.3668472313366384,0.5875192071952392,0.5208574991657683,0.646825180584103,0.039979532595793274
2024-05-29 19:00:00,67826.09,67151.35,67680.01,-0.7390232828158554,1.427175447287115,0.00035923117409142336,0.7835017932717213,-0.6404037156569117,0.5036200342754223,0.6491454450707013,0.0402733379623856
2024-05-29 23:00:00,68199.97,67471.67,67949.1,-0.6156044199253056,0.7395543781179018,0.004705145745081296,0.6555402993182071,-0.6964383013407625,0.4768303306152952,0.679546772005971,0.04053837728514394
2024-05-30 03:00:00,68422.89,67728.2,67831.25,-0.34945230413527545,0.7351013565998087,0.0031046458336747573,0.14833954713400102,-0.35889915371463266,0.4400011370544594,0.6997011848525878,0.04142114144955107
2024-05-30 07:00:00,68037.22,67128.0,67942.08,0.19627069172368053,0.7307280024716256,-0.005855453411449774,0.8953608587482096,0.2165256844103076,0.4992285226642348,0.6615713558578549,0.04068409303068514
2024-05-30 11:00:00,68826.31,67755.0,68359.6,0.49736687906524063,0.7264319650635935,0.010311254555269267,0.5643557887020224,0.47083284506461237,0.48642098398558836,0.7283235231229446,0.04043433073184042
2024-05-30 15:00:00,69500.0,68144.0,69360.13,0.6762758366814887,0.7222109897487018,0.008921266773416203,0.8968510324417671,0.7199219273860493,0.5404773524977847,0.7866728135978294,0.041804339935310984
2024-05-30 19:00:00,69366.46,68050.01,68314.93,-0.26917162025544344,0.7180629129535946,-0.00540883437366968,0.20123817843289418,-0.20144473205606642,0.4695961117799581,0.7509808852447213,0.03967910468352038
2024-05-30 23:00:00,68729.73,68251.0,68539.99,-0.7773726364682805,1.9245339109966209,-0.0011690410085634095,0.603659682898442,-0.6457312206260611,0.5073259307714767,0.7433083185391094,0.03272258018667135
2024-05-31 03:00:00,68654.33,68225.52,68272.0,-0.8134373200687834,1.891238895138714,-0.0003897997363525585,0.10839299456382138,-0.7981769971295984,0.44594011835090835,0.7407530034297248,0.027388455283116068
2024-05-31 07:00:00,68431.88,67876.0,68333.33,-0.445094467667723,1.2623814403511457,-0.004360613155158344,0.8227135352805836,-0.4827503150295406,0.5101693990028453,0.7121783375040864,0.0266540179771694
2024-05-31 11:00:00,69044.1,67264.46,67501.76,1.3145499378754586,1.2504072807658038,0.0012671979374980769,0.13334157469974547,1.2309341633406121,0.48575410538262664,0.7204459502679329,0.028373473189895422
2024-05-31 15:00:00,67548.38,66670.0,67414.88,0.46914519397685656,0.6498021326543695,-0.015468260753599528,0.8480156651921953,0.6874482528090494,0.5016398822208757,0.6193980850467283,0.029427565160006778
2024-05-31 19:00:00,67999.0,67342.24,67509.52,-0.528526424463362,0.6464652256528705,0.007206439637066353,0.25470491503357867,-0.6667540051782099,0.5340235829083626,0.6657466330298886,0.030403514278795122
2024-05-31 23:00:00,67740.0,67239.19,67729.05,-0.7558963401203607,0.6431793048403386,-0.0019070599207251515,0.9781354205990725,-0.8538134615479508,0.4721749154957766,0.6533928999770284,0.03055711953735888
2024-06-01 03:00:00,67810.0,67603.0,67693.32,-1.078070266275164,0.6399430832645381,0.0023553862133334214,0.436328502394414,-0.9971524838431535,0.44994015153736444,0.6686217456615593,0.03001965849206873
2024-06-01 07:00:00,67760.0,67575.23,67627.33,-1.0064500345466727,0.6367553190330238,-0.00022611738900502054,0.28197218161598175,-0.7750564411448039,0.47393983867639056,0.6671563309483773,0.029060480069667133
2024-06-01 11:00:00,67872.5,67627.32,67803.34,-0.9805520327573344,0.6336148133037784,0.0011342521222259538,0.7179215270120537,-0.9863766343856756,0.5461486636688027,0.6745054955337235,0.02808899574962541
2024-06-01 15:00:00,67900.0,67556.72,67750.71,-0.7848461512053936,0.696652202848282,-0.0007206656256362187,0.5651072011021755,-0.6183327426752144,0.47444020970309475,0.6698307873992553,0.02821627582942322
2024-06-01 19:00:00,67885.0,67685.72,67765.4,-1.0751438939001963,0.6930708634661568,0.00080031684854176,0.3998394218988111,-0.7505359545919501,0.4438488097291545,0.6750184241623217,0.028010211819106456
2024-06-01 23:00:00,67910.55,67643.33,67733.26,-1.0202856774796751,0.6231581821064915,0.00037267151947006916,0.33653918118639037,-0.9260818150264587,0.48855875171432034,0.677436006296965,0.027153773520004438
2024-06-02 03:00:00,67867.6,67724.6,67841.09,-1.0782083275286491,0.6202051996497635,0.00013245127034688942,0.8146153845583534,-0.9613879144219369,0.4974292351577671,0.6782955599306428,0.026893375146028065
2024-06-02 07:00:00,67842.91,67367.2,67529.99,-0.7247799169448363,0.6172938786299974,-0.00262932409504113,0.34220428411549875,-0.6809446506190973,0.41791908961322544,0.6612300805288046,0.027622311046099277
2024-06-02 11:00:00,68460.0,67492.6,68252.5,0.1332650345678497,0.6144232473912667,0.007265308162702544,0.7855075459914654,0.03536291397683969,0.5757286960387764,0.7082611664804669,0.027575933080182274
2024-06-02 15:00:00,68297.12,67456.88,67697.14,-0.2924938065658758,0.6115923657354514,-0.0037286238520831683,0.28594211177418116,-0.2472706391998554,0.48820308683813685,0.6839490136741976,0.028024629039576632
2024-06-02 19:00:00,67984.01,67257.47,67927.99,-0.6101704399974155,0.6088003236241227,-0.0032600798288788813,0.9228948165149627,-0.6648459312572836,0.4669830694344914,0.6627712191283146,0.02735052080616632
2024-06-02 23:00:00,68793.97,67612.48,68416.08,-0.3487802272746395,0.606046239945331,0.009479046887140408,0.6801581054373721,-0.48459219823141036,0.5316168051584188,0.724147281139608,0.020097414732374776
2024-06-03 03:00:00,69221.0,68201.0,69038.94,0.12978169002330964,0.6033292613414891,0.006883059465623953,0.8215098039135169,0.025822282094306925,0.5253939189473937,0.7691369896220752,0.024397030387120672
2024-06-03 07:00:00,69333.0,68804.0,68907.99,-0.005680474661697816,1.7067139888246972,0.00470147653443731,0.1965784499017759,-0.19055865097009184,0.5118967511314865,0.800078746142033,0.026483357412935952
2024-06-03 11:00:00,70288.0,68500.0,68776.01,1.5741956978152343,1.6852328657361761,0.006140096052433153,0.15436800894767957,1.6067280583185106,0.5315065172015014,0.8406784529285121,0.028409389897965022
2024-06-03 15:00:00,69715.61,68760.0,69288.41,0.16851193291954789,0.5711555740601559,-0.003632460598825271,0.5529557036808673,0.09780380068416406,0.49530703803869647,0.816512323295941,0.03273310764067511
2024-06-03 19:00:00,69509.38,68810.0,69042.51,-0.5366468793011935,0.5687356451349478,-0.0010188822930667918,0.3324515999837981,-0.7309795103850969,0.49373184094708034,0.8097584987579267,0.0346511787873812
2024-06-03 23:00:00,69306.67,68629.9,69139.57,-0.6747109266400538,1.1030444380594648,-0.0028257166128108357,0.7530918923600024,-0.8240621940371481,0.4945197590958212,0.7910468678114598,0.03586864436907359
2024-06-04 03:00:00,69370.01,68745.68,68905.43,-0.6295043585476016,1.0953342836087274,0.0007149925344436259,0.2558742972425493,-0.7846398449526987,0.48898426431108427,0.7957681027807589,0.035984125874746524
2024-06-04 07:00:00,69191.99,68567.32,68890.66,-0.35378240232093777,0.5516340495868929,-0.002291921245304973,0.5176173019271315,-0.3545155236058865,0.4787303723716114,0.7806232796848805,0.036206020840783726
2024-06-04 11:00:00,70089.99,68841.87,69651.49,0.9451971396682456,0.5493928675741677,0.009258099616151982,0.6486716020843484,0.9551691986908444,0.5034357484887255,0.8416598121014196,0.03874709905804401
2024-06-04 15:00:00,71063.45,69463.83,70693.67,2.128782055436364,0.5471788215370862,0.015009455159795904,0.7688325977371575,2.006439742620228,0.5252395094291699,0.9415298407416226,0.0465273092020094
2024-06-04 19:00:00,70736.0,70092.5,70561.3,-0.2815707228986477,0.5449913676889606,-0.0012981514056625842,0.7285159285046119,-0.5682747715794212,0.46730336066708394,0.9327625444766745,0.051923737288282396
2024-06-04 23:00:00,71275.0,70414.9,70837.96,0.02125311398000897,0.5428299773891478,0.005639940851797531,0.4918730380131271,-0.2929307040576302,0.5283442903110361,0.9708034404881201,0.05675172539927007
2024-06-05 03:00:00,71260.0,70768.0,71119.05,-0.06089642179466307,0.5406941366046516,0.002067428768679269,0.7135162601481052,-0.4936469078867006,0.5012936997853039,0.9848267092457644,0.0613905381686954
2024-06-05 07:00:00,71379.21,70725.03,70800.33,-0.1045063284800748,2.2432924916692834,0.0003388345938342141,0.11510593414480874,-0.5002303526699727,0.4817365627195331,0.9871297593800289,0.06313310547974789
2024-06-05 11:00:00,71169.99,70383.66,70867.99,0.42767848752181636,2.2032193107051667,-0.002372272762144023,0.6159373291033552,0.01274141755294769,0.4860386148916045,0.9710000181637449,0.06397535292929257
2024-06-05 15:00:00,71758.0,70775.0,71096.81,0.9705444657553747,1.3490581005509215,0.0077472325655800756,0.32737538148191647,0.5422533317755177,0.5039550007120002,0.9999999999990646,0.06289668684970712
2024-06-05 19:00:00,71398.73,70871.2,71144.86,-0.6543656494188125,1.3377910414488767,-0.003425404566356427,0.5187572270673071,-0.7871077392855148,0.44513692467299754,0.9771237181048676,0.06384759469146314
2024-06-05 23:00:00,71294.47,70700.0,71160.0,-0.6288737384880382,0.4803467973201353,-0.00132766747952906,0.7737985095837655,-0.7648119238278412,0.45250754614099215,0.9682873724346202,0.061084494075605615
2024-06-06 03:00:00,71188.0,70800.0,70887.99,-0.6844338343776271,0.4786136869385567,-0.001318111288308721,0.2267783505096326,-0.8143023554987134,0.44528961259925176,0.9595262756761648,0.057310070419444456
2024-06-06 07:00:00,71147.28,70853.23,70988.0,-0.7312244348166494,0.5929749756750335,-0.0001855276299493891,0.45832341436973134,-0.829871532263729,0.5026463495072429,0.9582947536946532,0.054745124326685046
2024-06-06 11:00:00,71535.95,70935.01,71464.57,0.4041249967198691,0.5906518285711935,0.003860218652786074,0.8812194228894698,0.11565762312950119,0.5044549382419828,0.9839139142350951,0.05511908016512196
2024-06-06 15:00:00,71700.0,70800.0,71075.0,0.3716553329227031,0.9417642077561669,-0.000800980441037269,0.3055555555521605,0.08785685821815192,0.46196002381721624,0.9785775170586826,0.05360611067413517
2024-06-06 19:00:00,71078.73,70117.64,70901.01,-0.11758340535435177,0.936671734054785,-0.007472799119812135,0.81508495561482,-0.3264217351924369,0.4459793550932128,0.9288311303502733,0.05007409193593747
2024-06-06 23:00:00,70958.89,70663.59,70824.08,-0.8112284682459059,0.46131257215962057,0.0024393143211631774,0.5434812055352822,-0.9729749951395176,0.47130193736288806,0.9449482866244743,0.047984396460893204
2024-06-07 03:00:00,71449.98,70741.2,71265.7,-0.22605233869593083,0.4597282131531506,0.0055799257386413,0.7400039504396299,-0.5550460793260632,0.5562263344883295,0.9819061760062769,0.04445381833122701
2024-06-07 07:00:00,71434.86,71048.12,71377.38,-0.5441796879578382,0.4581600843906483,-0.0003047177265642631,0.8513730154405831,-0.6997023066355833,0.49232629149203416,0.9798766573092096,0.04081342840777416
2024-06-07 11:00:00,71997.02,70633.21,71430.94,1.5727282341511932,0.45660791041324705,0.0024286122853889314,0.5849275192249273,1.7414769613066554,0.5122884311753874,0.9960470723657934,0.033850773337853926
2024-06-07 15:00:00,71430.93,68420.0,69154.43,2.7811512693890936,0.4996941879767805,-0.021907897247629426,0.2439213133475556,3.6070299182765475,0.44242247466070334,0.8498235877324021,0.032434691394126976
2024-06-07 19:00:00,69585.96,68800.0,69499.0,-0.14697932014337692,0.4979647815402712,-0.008783814442010374,0.8893582370490873,-0.2888857332150913,0.5120726183912607,0.7924807291448644,0.03331645398630283
2024-06-07 23:00:00,69499.0,69287.28,69422.11,-0.8479997505522816,0.45143836390070213,0.0030683881890165576,0.6368316644324234,-0.8584422348631264,0.48702199342806113,0.812335956927404,0.038126615776068254
2024-06-08 03:00:00,69525.0,69232.15,69333.45,-0.9223974468141206,0.44995006066293286,-0.00035234764933322893,0.3459108758632125,-0.8862788523022767,0.524543050174872,0.8100489551948197,0.04252443762306972
2024-06-08 07:00:00,69582.2,69333.44,69453.4,-0.8924079613500893,0.4484763956437581,0.001135665642402417,0.4822318700561668,-0.7958604530694868,0.5002159247817823,0.8174176836509188,0.04548679211707331
2024-06-08 11:00:00,69515.0,69168.02,69461.69,-0.6966318150796589,0.4470171302577402,-0.0012007158080679092,0.8463600207260882,-0.05223047276149931,0.44019011655854495,0.8096180316264723,0.04754299334501105
2024-06-08 15:00:00,69491.36,69292.22,69454.89,-0.9581617446017796,0.4455720313317444,0.0007663653888878574,0.8168625087467616,-0.5549581194907808,0.5202044148072319,0.8145902375207417,0.049575079308525685
2024-06-08 19:00:00,69490.0,69290.28,69338.15,-1.2136488503538432,0.44414087094801935,-0.00028935517710193537,0.23968555977167139,-1.0397595634243193,0.45872579080190745,0.8127114521090146,0.05162607393328072
2024-06-08 23:00:00,69346.9,69139.93,69174.93,-1.1203135466988539,0.44272342629280464,-0.0018770800708790558,0.16910663380349197,-1.039743866893448,0.47228921107555066,0.8005270832641773,0.05337430526454265
2024-06-09 03:00:00,69400.0,69130.24,69391.01,-1.1739545436089314,0.4413194795102357,0.00014943642045062155,0.9666740806284395,-1.0897664076228082,0.540901904268023,0.8014952735550848,0.05337385188435858
2024-06-09 07:00:00,69425.7,69273.47,69346.49,-1.1433942285735064,0.43992881756133134,0.0009744195454552962,0.47966892199441197,-1.1354866761033773,0.3443827049246406,0.8078094272411277,0.05313570969479403
2024-06-09 11:00:00,69777.0,69250.01,69490.12,-0.2522523374658418,0.4385512320878546,0.00191578506220913,0.45562534392577075,-0.48980520495191243,0.5365238372799649,0.8202356439508207,0.052741049638752216
2024-06-09 15:00:00,69848.32,69420.42,69738.1,-0.6923471138268747,0.4371865192808444,0.002034570146916659,0.7424164524248117,-0.7530399633651728,0.49477169605055293,0.8334576096883036,0.051294844517312206
2024-06-09 19:00:00,69857.14,69590.33,69634.35,-0.9560150350356479,0.4358344797536407,0.0014732546339881747,0.164986319846912,-0.8023413362182409,0.4788732768921199,0.8430512599098888,0.04774501768074877
2024-06-09 23:00:00,69801.34,69426.0,69716.0,-0.7988496982977767,0.43449491841921034,-0.001148276187051045,0.7726328128957115,-0.7615583405551527,0.5899373399256201,0.8355628125968877,0.045198998880631294
2024-06-10 03:00:00,69767.41,69301.0,69429.87,-0.8065206799272562,0.4331676443716124,-0.0010017093973888613,0.2763019660754087,-0.5981159988436804,0.47688218729548065,0.8290376972759625,0.0434655079953123
2024-06-10 07:00:00,69500.0,69172.29,69439.99,-0.536821986324496,0.43185247077143263,-0.002717604083149028,0.8168807787123908,-0.4652084347098416,0.4245184306383076,0.8113530103866244,0.041351037407323106
2024-06-10 11:00:00,69662.1,69201.59,69662.09,-0.4694675761953796,0.43054921473503294,0.0008114735921636029,0.9999782849232175,-0.32927876262532435,0.5002833861817477,0.8166192877971946,0.035593922036233926
2024-06-10 15:00:00,70195.94,69612.26,69860.01,0.47313457709322826,0.4292576972274667,0.007307737243814394,0.4244620339839504,0.15449333005189522,0.512279247836275,0.8640833102311506,0.027042539197645234
2024-06-10 19:00:00,69860.01,69334.46,69495.99,-0.20020085346560634,0.427977742958919,-0.005321209769798774,0.3073542003556824,-0.08472093723691569,0.45985912373909693,0.8292692908553267,0.010223280114857004
2024-06-10 23:00:00,69590.01,67900.0,68268.62,1.2562474965615906,0.42670918028452975,-0.014370181609008603,0.21811705256052646,1.4542869917598444,0.43529289258172077,0.7357526494232453,0.018588948252988843
2024-06-11 03:00:00,68488.0,67325.0,67692.0,1.5736614274952114,0.42545184110747897,-0.009164016746225245,0.3155631986215343,0.6895060736939013,0.47716454256559027,0.6769730865102079,0.029598115683429207
2024-06-11 07:00:00,67844.76,66732.0,66961.99,1.224407461850497,0.42420556078520133,-0.009091216899315357,0.2066842805258452,0.8534535048898443,0.49011935126182804,0.6191948519597824,0.04358138126486539
2024-06-11 11:00:00,67278.88,66568.35,66851.26,1.4951996108074679,0.42297017803861153,-0.005467587179690758,0.39816756505145134,0.9055363807562009,0.5088018724874952,0.5847621072520368,0.053849435777473045
2024-06-11 15:00:00,67229.93,66051.0,67117.3,2.113187008915991,0.42174553486423433,-0.005224861876627962,0.9044642175455411,1.9124974379670476,0.49383897035979213,0.5520378587527608,0.05942442168929069
2024-06-11 19:00:00,67586.64,67070.51,67360.22,-0.25827967358280485,0.42053147644912275,0.01088865974653852,0.561312072528996,-0.43516811117661824,0.44811633170734283,0.619879167517961,0.06249640389175364
2024-06-11 23:00:00,67596.15,66905.0,67415.25,-0.3409963709274595,0.41932785108846254,-0.0007972809324406915,0.7382623164184644,-0.18236358919598852,0.4295409441627418,0.6148576556562927,0.06473414203381887
2024-06-12 03:00:00,67624.89,67195.97,67281.64,-0.4552880351390833,0.41813451010576325,0.0020330738934275505,0.19973421616618778,-0.6550647788012829,0.5394482673492662,0.6276523491350064,0.06722535811346633
2024-06-12 07:00:00,68059.01,67229.78,67991.98,-0.2050422861650452,0.4169513077755431,0.0030742531585463695,0.9191659732412107,-0.367224629666661,0.5648402899311965,0.647038804370788,0.06669556205858743
2024-06-12 11:00:00,69980.0,67716.22,69960.57,3.019767503290222,0.41577810124841075,0.02284917303797762,0.9914170104825084,2.359346617974852,0.5518685771648109,0.7915702506383205,0.06639367352679737
2024-06-12 15:00:00,69999.0,68575.0,68828.01,2.0148917139537414,0.41461475047845964,0.0031190906077391833,0.17767556179650143,1.865853183788718,0.4926742572334679,0.8117507287488134,0.0668487747930229
2024-06-12 19:00:00,69226.14,67250.0,68345.82,1.6938663134046121,0.4134611181528939,-0.018160993230052935,0.5545254890819791,1.2878804581794003,0.4696317965219387,0.6938828269879999,0.06628027191726643
2024-06-12 23:00:00,68393.63,67690.95,67734.81,-0.3108346956746732,0.4123170696237988,-0.0010469021381472876,0.06241817043231048,-0.08765710923497078,0.44830671762360935,0.6872116521221325,0.06557910710144244
2024-06-13 03:00:00,67850.08,66969.98,67518.57,0.31984469118076275,0.4111824728419841,-0.008743926763271848,0.623326894663986,0.41443818678385264,0.46607220100738433,0.6315510567747307,0.06472930031645129
2024-06-13 07:00:00,67971.2,67168.0,67820.4,-0.20987299071420698,0.4100571982928241,0.0009770326815869979,0.8122509960058193,-0.27897374604589675,0.5409694004442097,0.6377161023012021,0.0618639247247232
2024-06-13 11:00:00,68449.3,67150.0,67365.62,1.4768462281218089,0.4089411189340229,0.0036907477695864443,0.16595089663536933,1.6436921921740741,0.48560458386761746,0.6610273584072273,0.061054608607125936
2024-06-13 15:00:00,67537.87,66251.78,66862.99,1.394464865897196,0.40783411013523874,-0.01467834535138235,0.47524667791154246,1.6147066586012784,0.4578327523624016,0.5679747970381099,0.06098012713626339
2024-06-13 19:00:00,66980.0,66530.84,66896.0,-0.6705194950290226,0.4067360496195024,-0.00027934678394048174,0.8129842372247547,-0.5217625325198028,0.4959981548018831,0.5662298874310632,0.05807746081269651
2024-06-13 23:00:00,67027.32,66480.0,66952.0,-0.6080498065427202,0.40564681740636327,-2.196532650200478e-05,0.862383980105551,-0.3102564162051647,0.445949289618417,0.5660927217117077,0.052103618135285065
2024-06-14 03:00:00,67221.32,66676.28,66962.41,-0.6104964138016598,0.40456629575670855,0.0022463530185063973,0.5249706443467465,-0.6413870410592484,0.5200425359270215,0.5801200961587696,0.04673726482283305
2024-06-14 07:00:00,67256.32,66836.54,66873.14,-0.19894484156521702,0.40349436911919245,0.0016519868577784536,0.08718852732177038,1.1897085186297278,0.5012304458230867,0.5904591180617085,0.046819898167667996
2024-06-14 11:00:00,67370.24,66561.3,66982.98,0.29449951841665717,0.40243092407822384,-0.0005095790334891381,0.5212747546106993,0.7883269856134113,0.49907724188758734,0.5872646299596799,0.047265135783082765
2024-06-14 15:00:00,67059.46,65078.0,65524.86,2.3851971019611713,0.40137584930345915,-0.018485505928207635,0.22552057573594417,2.6700598183580664,0.44650310182358643,0.4714403252965704,0.05499993704858382
2024-06-14 19:00:00,66627.52,65299.99,66014.01,0.11676804274912649,0.40032903550074384,0.0027233267044088905,0.5378560183156803,0.8896700924048607,0.5016800051003991,0.48818839741498643,0.05741971980111884
2024-06-14 23:00:00,66290.0,65916.0,66215.35,-0.8927975950961462,0.3992903753644634,0.002749296133571555,0.800401069497331,-0.8257761935426955,0.4977658252005858,0.5051422232411866,0.05933017618530634
2024-06-15 03:00:00,66416.66,66127.0,66168.57,-0.7214056917727001,0.3982597635312462,0.0023401633289767965,0.14351308430080562,-0.6271628494238933,0.419605842210828,0.5196127630120438,0.06146293231790977
2024-06-15 07:00:00,66306.31,66065.8,66300.01,-0.7980825481207537,0.39306431385073365,-0.0015354454952650753,0.9738056629256949,-0.768874602360603,0.4753629977321579,0.5100960253231999,0.06271962885637776
2024-06-15 11:00:00,66360.0,66153.84,66220.52,-0.9073739259063804,0.38786758975785346,0.0017110061589156178,0.32343810630952685,-0.7816627944574667,0.49709952330364565,0.5206846101263473,0.06424613909134724
2024-06-15 15:00:00,66478.48,66133.92,66145.19,-0.7882683222422179,0.38106943029729334,-5.832836250407869e-05,0.032708381703265225,-0.5234774185824701,0.5026273159249535,0.520323026649673,0.0646620071151996
2024-06-15 19:00:00,66208.0,65857.1,66200.0,-0.9534711311056423,0.37423783809541017,-0.0030915480603807,0.9772014818758274,-0.838257146177617,0.5004022632592643,0.5011593223131691,0.05098418005847414
2024-06-15 23:00:00,66287.76,66102.03,66142.86,-1.2018298664794547,0.3706031795429295,0.0019070668819902714,0.21983524469824092,-1.0820751755057392,0.46071626720236153,0.5129441886678653,0.04388353623413666
2024-06-16 03:00:00,66360.18,66034.5,66312.01,-1.0951083866759472,0.36697244902346554,0.00013297542242418636,0.8520940800524434,-0.8929505762151806,0.516629444266392,0.5137674876074325,0.037881026679485036
2024-06-16 07:00:00,66770.0,66172.5,66716.31,-0.6546446944130996,0.35924580013741436,0.0029470003491509633,0.9101422593989895,-0.6513789413175209,0.538913609907763,0.5320158590085023,0.03449782034610264
2024-06-16 11:00:00,66793.72,66435.15,66519.02,-0.7332155755265661,0.35143574593784105,0.0033646196392029815,0.23390133027768426,-0.5602970450382293,0.461431910482683,0.5529116051481875,0.03212497728737625
2024-06-16 15:00:00,66744.71,66512.06,66590.01,-0.9889922621299907,0.3463776498523794,-0.0001726646043632707,0.3350526541871637,-0.7549782166957593,0.5295093571502345,0.5518356751688682,0.02671673433011738
2024-06-16 19:00:00,66998.7,66460.0,66755.99,-0.7826921564742958,0.34131529576736636,0.0011121717352080562,0.5494523853620054,-0.6178769692425172,0.5245001869245332,0.5587647866838936,0.02402294005237713
2024-06-16 23:00:00,66913.69,66213.71,66344.02,-0.2725475395025533,0.3380974717432991,-0.002932666954861718,0.18616246178196064,-0.03195470770676582,0.50318133354919,0.5404732082200946,0.023553105430388886
2024-06-17 03:00:00,66567.68,66080.0,66132.4,-0.569313762071995,0.33488269509094976,-0.0028014512101893763,0.10744750655946615,-0.3121640617700889,0.47095493812457534,0.5204577609544955,0.023051908694318626
2024-06-17 07:00:00,66376.0,65556.0,65890.0,0.21603557263183173,0.33325256014872073,-0.0049808221858655966,0.40731707316576443,0.740120912743438,0.4675296500430887,0.4894013839892871,0.022741894008133843
2024-06-17 11:00:00,66051.5,65130.0,65472.98,0.3175155197502586,0.33162405653860977,-0.005923173722865771,0.3721975040654164,1.1717766306533834,0.5115037222353107,0.4526532176502765,0.02407734868483239
2024-06-17 15:00:00,67298.81,65138.0,67101.48,1.7340780996914484,0.32481016721277656,0.010067349542316029,0.9086777643526786,1.717436397000067,0.5354176702919569,0.5147424514561066,0.024742407670851455
2024-06-17 19:00:00,67114.0,66164.01,66656.0,-0.1375762536859446,0.31795432244443284,0.005319959218759607,0.5178896619909932,-0.03190716575921951,0.4540260166312577,0.5409008004126876,0.0235252161979654
2024-06-17 23:00:00,66714.81,64569.0,65467.43,2.5185560684182873,0.3120516720523206,-0.017766194997872353,0.4186903779905091,2.6068133939354263,0.432806772824944,0.4279196687418027,0.024313979452456044
2024-06-18 03:00:00,65845.47,65268.0,65500.0,0.22968690111514703,0.30612924977972344,0.002552544408156665,0.401752471982929,0.44724029522431397,0.4621635650358665,0.4438637566219528,0.026289562834758775
2024-06-18 07:00:00,65800.0,65344.99,65435.52,-0.3098998114157591,-0.2598135114712267,8.909637912779544e-05,0.19896266015693898,0.5946979619659841,0.5005020034089249,0.44118295402586927,0.028538679615675203
2024-06-18 11:00:00,65487.83,64359.92,64633.99,2.275493135619608,-0.2703336127954884,-0.009056442301758394,0.24298924559368124,3.1364783033179884,0.4952637432862824,0.38286648368559306,0.036157592056986876
2024-06-18 15:00:00,64929.95,64261.12,64678.01,1.2025619304021857,0.28801943106367367,-0.005904346111239467,0.623312351410328,0.6878754741260102,0.5084820643226206,0.3438913814150712,0.041177667873522346
2024-06-18 19:00:00,65305.0,64060.0,65279.99,0.7750472953513465,0.28022851527583814,0.0009064916349865726,0.9799116465784731,0.4743487471359742,0.47015770563572024,0.34954574700446034,0.04201843080934204
2024-06-18 23:00:00,65500.0,64810.62,65327.94,0.3258642903278778,0.28022851527583814,0.007913284146913613,0.7504134149416831,0.23261249611947155,0.5433592221613438,0.39895068408043455,0.042905694943563374
2024-06-19 03:00:00,65727.54,65282.0,65599.99,-0.16307807991699927,0.2802285152758377,0.0048728125083727925,0.7137181846587795,-0.34070574772415224,0.5368075975673614,0.42961381240445656,0.04284521848143347
2024-06-19 07:00:00,65656.24,65072.0,65520.0,-0.25058818053849047,-1.6209926455233716,-0.0031417359709913217,0.766808161016582,-0.4179863296863196,0.4927572370243362,0.409747487222868,0.0431270385460218
2024-06-19 11:00:00,65544.0,64832.57,64952.02,0.024105042160122526,-1.6034081541207736,-0.002610917928632661,0.16790126927219548,-0.12817748940082688,0.4828845633055704,0.36212919797203325,0.04492031483016145
2024-06-19 15:00:00,65284.37,64756.28,64973.0,-0.390273173824957,-1.9534068353249583,-0.001580350091151983,0.410384593527421,0.024421701978487198,0.5106046632213546,0.3516831874892414,0.044441998102119636
2024-06-19 19:00:00,65087.76,64666.0,64836.01,-0.8430387422340512,-1.9293187060195416,-0.0019273143241904656,0.4030965477901419,-0.595227046512892,0.4747341579961347,0.33896389892130296,0.044701373636610205
2024-06-19 23:00:00,65407.4,64805.01,65197.45,-0.4962017186504418,-1.6053660591232644,0.0022554642394054802,0.6514716379645756,-0.3818237014889355,0.5073928220991164,0.3538201211548483,0.04273732857692467
2024-06-20 03:00:00,65635.83,65070.91,65465.24,-0.5722831432702953,-1.58890528741176,0.005204188214838368,0.6980280393560423,-0.6552775859950891,0.517244087076387,0.3881762220292809,0.03911469102386567
2024-06-20 07:00:00,66287.49,65465.23,66209.49,-0.23158122300631848,-0.9477046863336417,0.006578128939193739,0.9051394935798273,-0.14632525051253317,0.522169487471971,0.43182856368812045,0.03816585778815503
2024-06-20 11:00:00,66482.94,64658.06,64952.02,1.178232929439708,-0.9405152864287805,-0.003257196158221065,0.16108456446362915,1.647230199276454,0.4561120200540339,0.41007168614249095,0.03856855416197406
2024-06-20 15:00:00,65217.21,64559.15,65116.01,0.1193522606221035,-0.6460126492104317,-0.011074016038840062,0.8462146308718664,0.23381458657273727,0.4957494957835838,0.33634225033919174,0.0382111165234355
2024-06-20 19:00:00,65200.11,64830.0,64989.95,-0.24310323727596717,-0.6412194076283402,0.0028574737579736276,0.43216881466503243,-0.42085636336429494,0.5168071317163181,0.3551562789956144,0.03872340376270008
2024-06-20 23:00:00,65066.66,64635.49,64786.0,-0.4562980114231451,-1.740083914827865,-0.00282818252576289,0.3490734512988134,-0.13020072401754518,0.40446601705118446,0.33152752308380007,0.03073973571653056
2024-06-21 03:00:00,64832.75,64318.0,64627.64,-0.46597822472497796,-1.7346258228107398,-0.004064031227588805,0.6015347255832619,-0.6053456439804841,0.4243706707071885,0.30233733505849386,0.024722009453428086
2024-06-21 07:00:00,64739.09,63522.75,63896.02,0.6908223929867219,-0.4918768305972131,-0.00864286525514013,0.30687965535699646,0.5914232084707781,0.4442448668961485,0.22340738409502403,0.030349564902796704
2024-06-21 11:00:00,64360.0,63379.35,64222.84,1.0338561023253632,-0.4880327499001898,-0.003592138172889725,0.8601335848584055,0.9783321608078648,0.5023353249316032,0.15419417945301064,0.03192017599185372
2024-06-21 15:00:00,64353.54,63445.41,64172.01,0.3491566205173809,0.3342343548208616,-1.1221227704583114e-05,0.8001057117284965,0.5382311953241868,0.5394150605754298,0.0,0.03352101446785514
2024-06-21 19:00:00,64460.14,63828.09,64155.02,-0.683851202119498,0.32594834162970204,0.00510875280154921,0.5172533818445159,-0.1306131241009341,0.4960461321989418,0.04295502561337901,0.03514327177385642
2024-06-21 23:00:00,64342.54,63943.82,64303.4,-0.9464581090753615,0.31816943617783283,0.000424351748401941,0.9018358747767414,-0.8101913035523045,0.5132716585903916,0.04654125565521581,0.036023291842958154
2024-06-22 03:00:00,64530.61,64253.07,64430.0,-0.8784512102909744,0.3103022134222789,0.003138900819769752,0.6374936945796094,-0.7092961372452322,0.5659105873435895,0.07307961048005669,0.036205122151763316
2024-06-22 07:00:00,64546.81,64214.43,64311.71,-0.8504591659858366,-1.6330402087023073,0.00015613841768247205,0.2926770563724437,-0.8159953047730875,0.48841287803230815,0.07440385214821485,0.03650695337682813
2024-06-22 11:00:00,64397.82,64237.58,64287.96,-1.1154177732681598,-1.6459688730886184,-0.0012542163683567642,0.3144033948880054,-0.9610479518324127,0.47463948061853733,0.06376492722143863,0.035473413952213435
2024-06-22 15:00:00,64362.0,64250.71,64260.81,-1.2194375400252218,0.30183613888583993,-6.859851630069969e-05,0.09075388623498003,-1.1529920938101457,0.5690480556292284,0.0631837682299331,0.034373264175065844
2024-06-22 19:00:00,64330.0,64218.5,64315.79,-1.2802563316645437,0.2956906694300477,-0.00022915224866160155,0.8725560537334109,-1.1784122248791546,0.5091155723731465,0.06124254906976384,0.03455974959642349
2024-06-22 23:00:00,64521.0,64260.0,64507.17,-1.0105163249738816,0.2882366816235299,0.0019010831576076193,0.9470114942165829,-1.04586803857503,0.5205082760218857,0.07734351864063978,0.03424779983186693
2024-06-23 03:00:00,64519.57,64349.49,64386.5,-1.228966233959673,0.28070986732484504,0.0002716486057632306,0.21760348070217322,-1.289907798268271,0.3997324404134889,0.07964858398542794,0.03439075629744567
2024-06-23 07:00:00,64437.28,64281.32,64305.6,-1.1116595261793902,-2.3277255648070168,-0.00042449906855457353,0.15568094382176303,-1.1451009075696752,0.44932479314092844,0.0760455325480286,0.03366502643040331
2024-06-23 11:00:00,64429.1,64140.9,64192.01,-1.0275169069445256,-2.308382667322831,-0.001517107577197696,0.17734212351918,-0.9213705764655373,0.48888940990388946,0.06317413508785245,0.031528252594506895
2024-06-23 15:00:00,64200.0,63918.58,64111.98,-0.7583379070993871,-1.535416940708059,-0.0032063067464342954,0.6872290526370918,-0.6217623159457777,0.555013725627063,0.036012555622110726,0.02004908330671438
2024-06-23 19:00:00,64187.62,63536.0,63657.99,-0.7058043627668752,-1.5617109023515197,-0.004421936035097329,0.18721033731028108,-0.5562697787960519,0.4807635414236569,0.0,0.021220192687684197
2024-06-23 23:00:00,63700.01,62695.02,62880.94,0.41634781298335993,0.10571723431265424,-0.01016707184015786,0.1849968656386179,0.5789778592594556,0.40820563798597886,0.0,0.027289060258703524
2024-06-24 03:00:00,63077.44,62160.72,62405.0,0.2407287103610784,0.09256766625796084,-0.009070453868934236,0.2664717689123547,0.5720454232859058,0.4715080526216588,0.0,0.03592247467220418
2024-06-24 07:00:00,62975.6,60567.01,61167.15,2.8288230127200715,0.2526362350910101,-0.014285144426382401,0.24916652481223814,2.4810920075700373,0.4636724976970997,0.0,0.05516815296342091
2024-06-24 11:00:00,61700.0,60836.09,61303.41,0.7140709018932287,0.2428256044729741,-0.007078173154561163,0.5409359771209915,0.7646856099720929,0.5266375346824288,0.0,0.06590039012102689
2024-06-24 15:00:00,61368.0,59711.2,60412.01,3.6414084123595067,-0.7140319055017949,-0.014320601093888774,0.4229901013977389,2.6407784577142484,0.4598137584113435,0.0,0.08318598525800582
2024-06-24 19:00:00,60478.34,58402.0,60048.98,2.106213663717073,-0.7127484095346492,-0.01474432886128263,0.7932130575879066,1.4569437582866887,0.47344173206586043,0.0,0.0981535073083061
2024-06-24 23:00:00,60725.05,60002.59,60676.01,-0.29573207893291814,-0.7677106225668611,0.015582240912201062,0.9321208094436763,-0.39743359850124466,0.5498350217491612,0.07776553602680998,0.10405000560392039
2024-06-25 03:00:00,61598.87,60624.22,61139.67,0.36196053442957343,-0.8110267398913974,0.013806216703857066,0.5288565125888347,0.32626026009933873,0.4762534422327785,0.1477412017836083,0.1063924262444661
2024-06-25 07:00:00,61583.18,60624.63,61317.17,0.29230262781970606,-1.4413171914621494,-0.003129843315872294,0.722487089867794,-0.17464511034860075,0.4994821640177821,0.13165883732085132,0.10715255084426674
2024-06-25 11:00:00,62134.0,60953.23,61763.44,0.9822250369097768,-1.460158224511246,0.006595493148805254,0.6861708884822105,0.5328770348492224,0.4628074900910932,0.1654430009222806,0.10494381886654733
2024-06-25 15:00:00,62230.0,61135.37,62159.09,1.1837368888134858,-0.7183453669460715,0.0033937915252906237,0.9352201200320147,0.7911381953549097,0.5012970135055557,0.18294171118850058,0.10192479194841322
2024-06-25 19:00:00,62420.0,61806.12,61909.99,-0.3082591528258663,-0.7274648385026324,0.005547629191469117,0.16920244998746295,-0.6661947625418305,0.49285108274246936,0.21164288863973219,0.09978364074193712
2024-06-25 23:00:00,62487.81,61643.48,62028.01,-0.14596801938281556,0.21190398803132454,-0.0005643914277152495,0.45542619591326505,-0.5927935566637591,0.5622557832136914,0.2087067582082636,0.09633023776310984
2024-06-26 03:00:00,62079.99,61520.0,61577.21,-0.30441776226166295,0.2038349646221203,-0.0037547532433434005,0.10216253861493546,-0.6686035979958919,0.48662179284561624,0.18918445043218782,0.09332560088728742
2024-06-26 07:00:00,61800.0,61149.64,61264.3,-0.11194584487948978,0.1966596264363231,-0.004651154273696778,0.17630235561572108,-0.515412792732323,0.4473396147608673,0.16509223370388162,0.08845828020863342
2024-06-26 11:00:00,61980.0,61264.29,61728.13,0.06557128969333029,0.18941429257452724,0.002245106849424916,0.6480837210511468,-0.12240649834383589,0.5298807632029625,0.1766674295689419,0.08090899212439143
2024-06-26 15:00:00,61766.0,60855.0,60910.02,0.26896773512949246,0.17866758285931028,-0.006307643385165429,0.06039517014203386,0.5445993954417676,0.48142336602261254,0.1440738236760074,0.0752278808851506
2024-06-26 19:00:00,61155.66,60712.0,60924.61,-0.22392342987458647,0.16756158620078712,-0.004654527188951985,0.479218320324588,0.31066927290638885,0.5507926401130926,0.12017410443830945,0.06677984507995854
2024-06-26 23:00:00,61150.0,60764.73,61029.49,-0.7082844357197942,0.15612639113753773,0.000572501744337206,0.6872063747323303,-0.606213659548639,0.5289605730941788,0.12310006108698744,0.05550031460147608
2024-06-27 03:00:00,61300.0,60606.63,60742.01,-0.4521509637196227,0.14425089818891118,-0.0002444049036453011,0.19524928969821545,-0.4941157614173412,0.5350629537866255,0.12185023509735918,0.045835180886786175
2024-06-27 07:00:00,61455.15,60715.54,61110.01,-0.4678437410695294,0.14425089818891185,0.0013709556362613284,0.5333486567172798,-0.5084361621218015,0.5463411866821364,0.12885924834640744,0.039245243443765745
2024-06-27 11:00:00,62389.22,61096.0,61729.99,0.5439834951315252,0.14425089818891185,0.011779665225462255,0.4902414129035238,1.275563855624846,0.49819011715286093,0.1891653726260164,0.0356323450459901
2024-06-27 15:00:00,62015.52,61532.45,61882.39,-0.3655204777564538,0.14539557308268658,0.00023319699031887353,0.7244084708070434,-0.3279612007987832,0.4666176205217008,0.19037329036171974,0.03667641848811393
2024-06-27 19:00:00,61890.0,61338.56,61640.01,-0.7942543184786547,0.14654111952751211,-0.0033654452605098584,0.5466596547122742,-0.7209080785976062,0.4490427416828757,0.17293683459474055,0.037184548121991644
2024-06-27 23:00:00,62225.31,61472.37,61730.67,-0.07619341478023423,0.14654111952751148,0.004362126404813926,0.343055223519227,-0.10075289949927622,0.5740922026570038,0.19546106018513906,0.03501958057214776
2024-06-28 03:00:00,61919.33,61500.0,61620.96,-0.7214274638620041,0.14654111952751148,-0.002446726601512572,0.2884601626335202,-0.6592113640839604,0.4885489204435565,0.18277206030459361,0.028868463684365325
2024-06-28 07:00:00,61620.96,61212.11,61548.14,-0.20806711139840547,0.14654111952751148,-0.00352108990501776,0.82189066892939,-0.39327833529669565,0.46872020957795074,0.16455597036992523,0.026422393809636055
2024-06-28 11:00:00,61875.0,60780.01,60928.02,1.1127018328215457,0.14654111952751148,-0.00018037893240752112,0.13517018420135649,1.8354649578909692,0.5066312710387905,0.1636260795264082,0.027486464590922893
2024-06-28 15:00:00,61191.62,60650.0,60828.02,0.07554608755877168,0.1618982698035424,-0.008872671684476141,0.3286806247862138,1.415353047080382,0.5433533095663424,0.11789386562818795,0.029074943178328455
2024-06-28 19:00:00,60849.82,60063.0,60367.99,-0.1836300039288721,0.17796151484818498,-0.009045154499444541,0.3876235987851374,0.5579889836161975,0.4826259370525536,0.07168628234159738,0.032944996137753556
2024-06-28 23:00:00,61009.29,60360.0,60766.05,-0.39974632246570463,0.17796151484818432,0.0060619411691704705,0.6253754100536718,-0.28481603158703356,0.4772664284813966,0.10237387695217387,0.0315987961293327
2024-06-29 03:00:00,60857.28,60704.46,60847.75,-1.1385396641389784,0.17796151484818432,0.001027067040359153,0.9376390524186935,-0.9795294864396135,0.4697686802417557,0.1076047555873438,0.030842977871829554
2024-06-29 07:00:00,61146.64,60831.44,60994.36,-0.6773218006869992,0.17796151484818432,0.0038172424381868186,0.5168781725724333,-0.7264867505332601,0.5741001722260087,0.12706603622788845,0.028586330462580366
2024-06-29 11:00:00,61224.0,60923.74,61018.01,-0.5971142056302771,0.17796151484818498,0.0015182133203406334,0.3139612335871039,-0.3073715125579046,0.41236610044999894,0.1348358233603773,0.02811528432302081
2024-06-29 15:00:00,61124.0,60915.12,61059.04,-1.0081440165331945,0.17796151484818498,-0.0013344920063234067,0.6890080428624568,-0.8120988527939093,0.4562713766416324,0.12799590132370592,0.028119063619911754
2024-06-29 19:00:00,61090.0,60839.51,60970.0,-1.0013451838643366,0.17796151484818432,4.361782285489113e-05,0.5209389596183066,-0.8248688637123582,0.4354845118607721,0.12821916558503743,0.026927196831121453
2024-06-29 23:00:00,61078.01,60740.94,60834.27,-0.8457671380622518,0.17796151484818432,-0.0012768036972385932,0.2768861067351757,-0.49309208301156754,0.4493749857060643,0.12168337242596809,0.027151773233913462
2024-06-30 03:00:00,61040.18,60712.21,61040.18,-0.9587314721088448,0.17796151484818432,-0.0013418318996928358,0.9999999999695094,-0.9632580129777275,0.5457385682138141,0.1148234782361362,0.026915889857881445
2024-06-30 07:00:00,61782.0,61040.17,61540.0,-0.026367477619119603,0.17796151484818498,0.011378242188964549,0.6737797069318614,0.39890433449676277,0.4465150116613598,0.17291481052145646,0.027276136561785975
2024-06-30 11:00:00,61860.0,61346.0,61587.11,-0.4244584490285912,0.17796151484818498,0.0010987068110666076,0.4690856031037154,-0.3784778011316292,0.3910635638723579,0.1785880561404118,0.027141717171831378
2024-06-30 15:00:00,62109.81,61587.1,62055.31,-0.5523304067077092,0.17796151484818498,0.0025961189072627455,0.8957356851620258,-0.5047322094225428,0.49827936756038405,0.1920080170289868,0.029549028769169074
2024-06-30 19:00:00,62952.2,61835.2,62901.01,0.20582473399010748,0.17796151484818432,0.009744286038584793,0.954171888979824,1.1183797693008346,0.5221961217843629,0.24250933508232528,0.03696824318766811
2024-06-30 23:00:00,63818.33,62573.32,63435.86,0.9208611727170063,0.17796151484818432,0.01494344633800937,0.692797648206096,1.4826488522167836,0.5302028697555377,0.320710795160689,0.04687154234495834
2024-07-01 03:00:00,63536.47,63223.2,63404.0,-0.44265573371257894,0.17796151484818432,0.001530215030858928,0.5771379321167975,-0.4228340632683937,0.4625667657678885,0.32883832177990285,0.05483030938667989
2024-07-01 07:00:00,63432.0,62781.05,62852.24,-0.2416776063016646,0.17796151484818498,-0.0061124858242948,0.10936323834227166,0.17321083997176398,0.4188523525047507,0.296323014849606,0.05862533604107916
2024-07-01 11:00:00,63081.11,62497.2,62826.02,0.2404284701716002,0.17796151484818498,-0.003872648445738869,0.5631347296575951,1.1159672014808883,0.5205046771334106,0.27584842070377646,0.06148934280700844
2024-07-01 15:00:00,63861.76,62815.63,63649.99,0.560509049777479,0.17796151484818498,0.008991939579100494,0.7975681798552965,0.9196790661296624,0.5585264010519695,0.32320447096416094,0.06722588687630883
2024-07-01 19:00:00,63649.99,62804.6,62975.1,-0.39271225337060056,0.17796151484818432,-0.0020118717481589776,0.20168206389711646,-0.2480503469166085,0.4523344357776177,0.3125136739983596,0.06924612525508476
2024-07-01 23:00:00,63127.1,62787.42,62999.56,-0.8236048970004327,0.17796151484818432,-0.004150924081712026,0.6245289684224975,-0.6107845189978162,0.49004508261470553,0.2905006374235566,0.06962995277884133
2024-07-02 03:00:00,63288.83,62818.72,62866.0,-0.6937086111816965,0.17796151484818432,0.001580371294966021,0.10057220650271863,-0.556945374496054,0.49113729433016484,0.29884681887329273,0.06704187134859087
2024-07-02 07:00:00,62880.0,62401.23,62715.98,0.3583588215927554,0.17796151484818498,-0.006232879912395073,0.6574137894885393,0.15664245076331323,0.49616770837360347,0.2658780102369532,0.06506334558949553
2024-07-02 11:00:00,63152.0,61867.29,62035.43,0.6312329148581589,0.17796151484818498,-0.002276837899406692,0.13087778564710384,1.2099792414544466,0.5120630432252076,0.25390974432989,0.06288171063319255
2024-07-02 15:00:00,62368.81,61806.28,62330.01,-0.19106402535978223,0.17796151484818432,-0.007208370932221819,0.9310259008243009,1.0596906694169839,0.5328801301936866,0.2161050005579974,0.059942017626667336
2024-07-02 19:00:00,62367.51,61875.55,62090.01,-0.7361438811362042,0.17796151484818432,-0.0003486113861940199,0.43592975037734816,-0.11436265783200059,0.5230041280442522,0.21428986591101218,0.05727257369330013
2024-07-02 23:00:00,62285.94,61228.8,61362.0,-0.04221984443580444,0.17796151484818432,-0.005517307101839841,0.12600034054026635,0.5268687357076227,0.43445744091562805,0.18557260522413457,0.056644893344211716
2024-07-03 03:00:00,61371.19,60600.0,61014.0,-0.1071974039857424,0.17796151484818498,-0.011631530369453968,0.5368326871388768,0.2992061934557209,0.4479137246799494,0.1253651958186286,0.05673467051601403
2024-07-03 07:00:00,61029.39,59600.0,60383.99,1.7265480197806844,0.17796151484818498,-0.007453309555386256,0.5484787216886319,1.6740277171651152,0.4389816274200241,0.08723393871601508,0.06034088881358634
2024-07-03 11:00:00,60740.2,59752.29,60281.15,1.336117737185597,0.17796151484818498,-0.004232799324541459,0.5353321658801402,1.9268786739522992,0.5190423641869475,0.06574026810541762,0.06499705069240592
2024-07-03 15:00:00,60655.56,59972.72,60248.01,0.2768954577466071,0.17796151484818432,0.0013433156555968662,0.40315447249131675,0.6695948833950759,0.47785967864809725,0.07253259850463832,0.07093603452828487
2024-07-03 19:00:00,60371.57,59400.0,60316.01,0.5792703966324733,0.17796151484818432,-0.007508944593367151,0.9428142079217907,0.8871148922836722,0.47462960238031476,0.034513428657495356,0.0757423573991945
2024-07-03 23:00:00,60498.19,57800.01,58972.13,3.3808198946914945,0.17796151484818432,-0.015590489118931017,0.43441134394134234,3.925150732284349,0.4593650316921413,0.0,0.09116018146886863
2024-07-04 03:00:00,59155.8,58535.8,58795.99,-0.05130549159643063,0.17796151484818498,-0.0010103608478345683,0.4196612903158039,0.13304630652473312,0.46039816391990857,0.0,0.10209592490785244
2024-07-04 07:00:00,58857.99,56952.0,57946.43,3.517344623871519,0.17796151484818498,-0.019060743254314727,0.5217393585458392,2.8237616727428088,0.43267801933588185,0.0,0.1155216472550117
2024-07-04 11:00:00,58118.96,56771.0,57450.25,2.3183226283001246,0.17796151484818498,-0.008067654819198133,0.503909611557436,2.2492509647904546,0.4790719383934192,0.0,0.12803827463347595
2024-07-04 15:00:00,58397.6,57356.78,58168.0,0.8635852908552686,0.17796151484818432,0.011572266083408778,0.7794047001327871,0.9850170096868641,0.4937037748884123,0.047072067581183895,0.13168181653719255
2024-07-04 19:00:00,58813.13,58000.0,58038.84,-0.24972195666961508,0.17796151484818432,0.006855054338338107,0.04776603987003182,0.11080242989140322,0.455132003602507,0.07527879354572735,0.13572293838963323
2024-07-04 23:00:00,58112.84,55458.7,55766.32,3.5478164209284677,0.17796151484818432,-0.02509150604097321,0.11590194940690532,5.0,0.4296476466530896,0.0,0.1532391506327344
2024-07-05 03:00:00,55992.58,53485.93,54283.99,5.0,0.17796151484818498,-0.03893639319440256,0.3183771168678569,5.0,0.46567970227859,0.0,0.1794108977352256
2024-07-05 07:00:00,55367.12,53900.0,54987.99,2.216018845404241,0.17796151484818498,-0.003921349979048028,0.7415821473312205,2.488083664153201,0.5027615769836473,0.0,0.18583295675093187
2024-07-05 11:00:00,55950.0,54828.52,55753.98,3.134712170524023,0.17796151484818432,0.0171791141507589,0.8252131112384988,3.3378126477867696,0.4580495692473211,0.055299167306719396,0.18343573663367985
2024-07-05 15:00:00,57040.02,55663.89,56546.16,2.5227670033572873,-3.769171453253862,0.018615923128486145,0.6411240217084102,3.6600054751585165,0.47536456904774094,0.11625283420987872,0.17503751601522746
2024-07-05 19:00:00,56791.1,56315.0,56621.09,-0.349669460678488,-3.6382341026788367,0.001250856421868507,0.6429111531055836,0.027388037417930403,0.45025250144515166,0.12042472742771543,0.1696441205681595
2024-07-05 23:00:00,56998.0,56170.5,56440.0,-0.04817445959439037,-1.7703020630656872,0.00025686516356571154,0.3256797583042214,0.26316269566876993,0.42456812262266735,0.12128250330855676,0.16112326295829535
2024-07-06 03:00:00,56568.0,56018.0,56417.35,-0.5281754294678256,-1.751745440277389,-0.0034952929825889933,0.7260909090777048,-0.048995053506607836,0.5563740637190909,0.10960731893246273,0.1503768023477311
2024-07-06 07:00:00,56876.33,56401.1,56780.0,-0.5385071608507653,-0.918272269124774,0.005215322144359158,0.7972981503525155,0.034572388295572055,0.5033860537702107,0.12696695661127372,0.1395090051603637
2024-07-06 11:00:00,57299.0,56500.0,57058.91,-0.22677329930937695,-0.9115329443495324,0.003948021531385626,0.6995118898535775,0.042443115106787895,0.5304856234989782,0.14017681401016022,0.1282973865730265
2024-07-06 15:00:00,58113.0,56927.81,57786.98,0.1836721062722056,-2.8154132167151595,0.013855886633258985,0.7249217424993079,0.44847983124475976,0.5522756697069678,0.18672086358131773,0.11818893204673349
2024-07-06 19:00:00,58278.07,57732.0,58106.46,-0.6973258618697521,-2.7538497932922508,0.006010793039256335,0.6857362609063709,-0.07765664770157014,0.48316269087167807,0.20719180648547564,0.1088409014653573
2024-07-06 23:00:00,58475.0,57838.0,58359.99,-0.39832658746863236,-0.5582955293344453,0.00350821093699194,0.819450549437682,-0.14106149724922437,0.5058434739133048,0.21921152813399136,0.09925331975606533
2024-07-07 03:00:00,58364.0,57416.0,57646.15,-0.3623172235421295,-0.554342501253803,-0.006483879690388661,0.24277426160081614,-0.030435823399893494,0.4312697517405529,0.1969187296386807,0.08738830562629027
2024-07-07 07:00:00,57911.71,57073.36,57510.2,-0.44123750739341566,0.27604208615109216,-0.005647451975516415,0.5210711516607461,-0.19238384713454712,0.4915168250069087,0.1776276245328127,0.08242210361506895
2024-07-07 11:00:00,57631.02,56563.46,56771.51,-0.2108360024149974,0.28886018807272856,-0.008234367846303714,0.19488365993298226,0.2997034148375019,0.5154553275055667,0.14965873551385744,0.07818733953166386
2024-07-07 15:00:00,57392.0,56728.92,57172.01,-0.5638563143309848,0.29459083189856783,0.0001017768224262916,0.6682300778085907,-0.10254380950954603,0.550205739260064,0.15000158451923506,0.07593370464328429
2024-07-07 19:00:00,57319.1,56210.0,56395.54,-0.4205938093918435,0.30037578864563375,-0.005957066948037104,0.16728879271330652,-0.30043172878036767,0.4373583214925846,0.1299323556339749,0.07673954539137534
2024-07-07 23:00:00,56527.76,54260.16,55384.79,1.9171082363149983,-0.6584984470426763,-0.02688613473990953,0.4959560769073199,2.378555873136739,0.43393923785618804,0.03989313689598788,0.07798926459825467
2024-07-08 03:00:00,55900.0,54868.0,55633.98,0.050997686469195495,-0.6537061447556379,0.00449285875430383,0.7422286821633537,1.2333280296155722,0.5119813891324082,0.054534778543974066,0.07589165510506342
2024-07-08 07:00:00,58236.73,55523.77,56815.98,1.6650311046926172,-0.5042844352929422,0.03150031012517496,0.4763100082549099,2.301104594330301,0.5034520654062129,0.15765140371893685,0.07317560019962267
2024-07-08 11:00:00,57621.1,54800.0,56185.24,1.973450641102798,-0.5004673911193822,-0.013155959828903385,0.49102832228389226,2.692357062133632,0.5174343497403162,0.11322862069644955,0.06339063101770838
2024-07-08 15:00:00,56785.59,55425.74,56280.32,0.26128837942434324,0.3155771723100747,-0.0052662344821331475,0.6284369599541996,0.5861090859277437,0.5219843706453176,0.09568044640211976,0.05689763485039446
2024-07-08 19:00:00,56971.94,56155.63,56684.48,-0.4034335108790628,0.3155771723100747,0.006698787482294355,0.6478543690430401,-0.24828915886615763,0.5245237126677533,0.11788462986281678,0.05389677571598475
2024-07-08 23:00:00,57362.66,56289.45,57261.9,-0.2238993961134501,0.3161501287289753,0.005135724518596119,0.9061134353863061,-0.12231450666406378,0.5448810648816466,0.13502183014929803,0.053546838649586995
2024-07-09 03:00:00,57754.0,56877.25,57475.99,-0.2986533730615751,0.31672340053447423,0.009710851765421413,0.6829084687689408,-0.024156481268353732,0.4832938432564484,0.16759201220454759,0.05400318228028388
2024-07-09 07:00:00,57900.0,57011.5,57426.46,-0.015503075667638458,-3.7380376258668284,0.0026559511803347924,0.4670343275130318,0.29944859379714656,0.5025277050895477,0.17658657323831933,0.054050596267020586
2024-07-09 11:00:00,58131.09,56920.0,57060.0,0.7295472307127412,-3.6099279013835854,-0.00031372443483002055,0.11559834529130324,1.5585653408846436,0.4937086041033053,0.17552130208540295,0.053674539940353164
2024-07-09 15:00:00,58296.0,56903.0,57907.5,0.09147662436203881,0.33280039995277216,0.0020883189468787755,0.7211055276330144,0.9401039101084776,0.5313702583180488,0.18261009647239435,0.05460492734528646
2024-07-09 19:00:00,58260.0,57682.17,57936.0,-0.5783732991154432,0.33280039995277216,0.0053255529107396615,0.4392814495536891,-0.05831804332530547,0.4995221277806922,0.20072542666740414,0.05628232788909919
2024-07-09 23:00:00,58116.13,57309.09,57882.55,-0.5544621325631525,0.33280039995277216,-0.0021665469089546807,0.7105719666843032,-0.16567620767299168,0.48192976223994205,0.19331648170520055,0.05664993530394294
2024-07-10 03:00:00,59470.0,57840.0,59238.47,0.2822502040736319,0.33280039995277155,0.019673883676691872,0.8579570552094612,0.9965893779165923,0.5179350398935895,0.26044953983510527,0.062495790633623045
2024-07-10 07:00:00,59286.2,58311.66,58656.01,-0.26253034019940896,-5.586714948884246e-05,-0.0031265850247614857,0.3533461940982077,0.15616121406493463,0.4923520011086334,0.24957081801743497,0.06464657427494772
2024-07-10 11:00:00,58717.09,57471.12,57713.03,0.4695209695427757,0.0014374962812412065,-0.011464498911575416,0.1941539523407914,1.409397834513217,0.4866590545263298,0.2098056593537818,0.06583438930435284
2024-07-10 15:00:00,58047.07,57439.67,57630.16,-0.2995018956434157,-1.6032625470763195,-0.004726053344075276,0.31361540993886833,0.5937965771193565,0.47212442905817165,0.19360105125792643,0.06611222537489708
2024-07-10 19:00:00,57856.54,57157.79,57710.73,-0.6211809012370546,-1.5940493419060873,-0.004964853163752836,0.7913273702927929,-0.4258130837698291,0.5430527345913273,0.17665810406482618,0.06617098546904367
2024-07-10 23:00:00,58407.05,57358.2,57869.99,-0.5433076428898719,0.37268264318888583,0.006630220998831815,0.48795347284656393,0.08850074470337137,0.5541081045603841,0.19917191291085878,0.06673205295462879
2024-07-11 03:00:00,58100.0,57050.0,57996.0,-0.16618648271250852,0.3726826431888853,-0.0030143944863249006,0.9009523809438006,0.4534879692068372,0.4626885296113507,0.1888682647315318,0.06597224580585295
2024-07-11 07:00:00,58500.0,57922.67,58462.29,-0.4302115894075883,0.37779262515373824,0.009450444277580461,0.9346820708964616,0.33644143473856586,0.5632780264822029,0.22107391319809505,0.05948757454215327
2024-07-11 11:00:00,59650.0,57555.0,57790.01,1.7275688417747952,0.38294530568713014,0.006793142726746915,0.11217661097798581,3.087844627767234,0.5182168348550729,0.24444266765627873,0.05211131415562623
2024-07-11 15:00:00,58125.8,57178.0,57841.27,-0.05310181864647029,0.38294530568713014,-0.01557751307101174,0.6997995357596505,0.7911847584863078,0.49548101888905394,0.19049120797620883,0.05057584961670705
2024-07-11 19:00:00,57849.41,57150.0,57338.58,-0.6020963781346684,0.38294530568713014,-0.004297845736066397,0.2696272572558364,0.13564903358251032,0.42151138561153145,0.17583784108361702,0.045397942605085985
2024-07-11 23:00:00,57571.86,56542.47,57332.88,-0.36023050835346165,-1.194418337077564,-0.006466382607796306,0.7678430915321873,0.6139694958516058,0.4507582110080662,0.1538856717063931,0.039509667503619936
2024-07-12 03:00:00,57416.13,56716.68,57210.0,-0.6926015318224458,-1.183998582755891,0.00018911567453971934,0.705297019076344,-0.31625530474036145,0.49310221433262075,0.1545235328393574,0.03666323178970671
2024-07-12 07:00:00,57334.32,56767.05,57172.84,-0.5010194660055668,-2.59236237227156,-0.00016199590453980228,0.7153383750116215,0.017343840403637716,0.5006108905205559,0.15397703962588877,0.0370402091832569
2024-07-12 11:00:00,58020.0,57000.0,57820.01,0.2501847092695376,-2.5421069369351996,0.007551714715452018,0.8039313725411399,0.9699542254691432,0.4641024013439531,0.17944862363298614,0.03628538276227027
2024-07-12 15:00:00,58526.68,57775.27,58296.9,-0.08327045163744005,-2.1163591156151527,0.010877869842526477,0.6942015677101185,0.5651820546272104,0.5474947983562222,0.21641625142135634,0.03622855662412938
2024-07-12 19:00:00,58355.51,57150.06,57792.01,-0.4076205330999788,-2.120131035568084,-0.007738191993292731,0.5325397154545413,0.5215651956015873,0.458403201771637,0.18983252158328434,0.034274847831466344
2024-07-12 23:00:00,57969.7,57716.0,57946.43,-0.9763766792563898,-0.25402782388437545,0.0030170787945955624,0.9082774930662993,-0.8037118091006658,0.571363524157343,0.20061815004439615,0.0341966825877226
2024-07-13 03:00:00,58216.08,57756.63,58038.55,-0.8900756558831493,-0.24640753040059954,0.0014071177436365545,0.6136032212294413,-0.8034790501527596,0.5584714543100985,0.20544126187075137,0.03421958641706286
2024-07-13 07:00:00,58854.98,57900.57,58436.67,-0.549908223681752,-0.880311119783876,0.007249809466287616,0.5617082805024879,-0.34448861213450377,0.5011322922894516,0.23032606210591847,0.03501161611728199
2024-07-13 11:00:00,58899.46,58383.32,58800.0,-0.6426162767020023,-0.8731375927306431,0.004524120734905601,0.807300344852032,-0.3206818691162529,0.4713391279581469,0.24596758181065767,0.031183961246202492
2024-07-13 15:00:00,58964.89,58572.98,58643.8,-0.6932944209813492,0.5070901621542796,0.001977797984388685,0.18070475363780802,-0.5538193600601636,0.4677041934149574,0.25283647968204137,0.03119450498464242
2024-07-13 19:00:00,59540.0,58288.19,59464.53,-0.6378658220545372,0.5082161764727972,0.00217637683414984,0.9397112980329296,-0.436337130360204,0.5335244890187907,0.2604099917582194,0.03861454791805706
2024-07-13 23:00:00,59850.0,59133.26,59356.0,0.07049666788535429,-0.042159307132513035,0.010649037729204336,0.3107682004588706,0.7651059833435743,0.5114598060548357,0.2975479270208677,0.04341095250013975
2024-07-14 03:00:00,60324.61,59340.0,59875.99,-0.039406618406153365,-0.03631236891519676,0.007362920412632423,0.5443678207559887,0.7058214965957312,0.5286096006374856,0.323499151960186,0.05036612556609506
2024-07-14 07:00:00,60400.0,59823.56,59920.51,-0.49818935044900997,-2.2303307013530986,0.0035838749476619913,0.1681874956601244,-0.37406744034594425,0.45747084301103985,0.33622382302016035,0.056366479885627846
2024-07-14 11:00:00,60236.13,59466.67,60012.0,-0.4264056083783294,-2.195193274721419,-0.005601789340471397,0.7087178020857682,-0.1258843188173109,0.4592103220096812,0.31626319669336805,0.0616896138418746
2024-07-14 15:00:00,60184.99,59876.0,60020.11,-0.8334886907499692,-0.1796566813205617,0.003341564722601831,0.46639049805928223,-0.7678391086241623,0.4643973415202418,0.3281033575662881,0.06637180163700283
2024-07-14 19:00:00,61420.69,59880.0,60861.4,0.04432359230991789,-0.17654309911133428,0.011739385947339365,0.6369873238572524,0.35608845139533196,0.5251408143628339,0.40356638553232316,0.0734327062069739
2024-07-14 23:00:00,62610.0,60632.3,62482.0,0.8620561299172336,-1.7862851959636987,0.01424071286455697,0.9352783536383916,1.413924830961149,0.502089011682043,0.4594596893727603,0.0894001258361955
2024-07-15 03:00:00,62999.0,62322.0,62870.02,0.02675982476388885,-1.7645775871006955,0.017964278355153684,0.8094830132819822,1.1700627815853128,0.5051400972834458,0.5309716799511394,0.10269115543479594
2024-07-15 07:00:00,63243.71,62413.5,62535.96,0.0010176881143373548,-2.3207221548708663,0.0020565470041471468,0.1475048481691671,0.6950277700787917,0.4521018318017797,0.5393054261435483,0.11044093401646649
2024-07-15 11:00:00,63236.28,62290.0,63218.06,0.1011623990714955,-2.2822478523013627,-0.0008889623613871356,0.9807456566663053,1.06273799647351,0.4694452397643004,0.5356956752480441,0.11692908061139631
2024-07-15 15:00:00,63730.0,62852.0,63499.0,0.9800506886116369,-3.705466218285378,0.00850235510075592,0.7369020501055022,2.066052099439189,0.4698622448489785,0.5701899370814262,0.12194994467923795
2024-07-15 19:00:00,64782.12,63200.19,64343.6,0.6481053870834138,-3.58096908299066,0.008087288728965802,0.7227943082138705,1.1608857373099837,0.5261119743841669,0.6032792295848514,0.13014083788549408
2024-07-15 23:00:00,64955.49,64225.19,64819.91,0.04220564311518598,-5.0,0.013564521037676913,0.8143502670024116,0.41560211434840133,0.554326710968105,0.6592275605263002,0.13963730122201318
2024-07-16 03:00:00,64993.95,62794.0,62899.64,0.8076509147845713,-4.756611048645108,-0.011931945396387311,0.048019273165080735,1.3612342982415548,0.4579970772853164,0.6093453915797276,0.14062428532366067
2024-07-16 07:00:00,63660.0,62373.24,63443.54,0.7613449000672927,0.14495828410114564,-0.01447830483340573,0.8317790419283189,1.3286613433087642,0.5176802653114984,0.5495402330121282,0.13654606592125185
2024-07-16 11:00:00,64265.33,63063.83,63836.09,0.48180519105471786,0.14692722448310389,0.011348171986626188,0.6427465667861568,1.1000301569554487,0.5074388204347697,0.5957371537223518,0.132266706898314
2024-07-16 15:00:00,65200.0,63799.0,64795.44,1.1916149893276655,-1.9809920459674784,0.013762758885800697,0.7112348322575947,2.1209266953461845,0.5233846524761431,0.6523993382911831,0.13021188875130216
2024-07-16 19:00:00,65182.99,64115.0,64616.92,0.00188896810872803,-1.954024967007374,0.00314036946666163,0.4699669472516593,0.2389516542357533,0.48629638181653995,0.6655063863635822,0.12856292026098162
2024-07-16 23:00:00,66128.63,64616.91,65612.86,0.510021489194031,-3.927110631777534,0.01059657448982465,0.6588190934785596,0.5501931768442103,0.5493152138110258,0.7098724961613079,0.12529512209388655
2024-07-17 03:00:00,65993.14,65375.33,65575.87,-0.34115414412115436,-3.7819043879823155,0.0034366302241604085,0.3245981774279283,-0.09967254039563878,0.4681475080221554,0.7244135700533386,0.12482274978290321
2024-07-17 07:00:00,65575.87,64807.49,65120.02,-0.15278646837025725,-2.0628567060577323,-0.006522599802951223,0.4067388531663142,0.26375727229771306,0.5222568427417703,0.696720292403341,0.11976656388077336
2024-07-17 11:00:00,65339.86,64537.41,65032.09,0.22778913324937322,-2.0334162724896236,-0.005794843273546402,0.6164620848574119,1.1436812224799737,0.4817459058266354,0.672277359611344,0.11384316895123221
2024-07-17 15:00:00,65400.0,63854.0,64504.0,0.5270680827543499,-1.8907558640580986,-0.0060534616987600876,0.4204398447579532,0.9630839888227948,0.502014266900406,0.6468915259906654,0.10482184638583633
2024-07-17 19:00:00,64756.02,64058.0,64269.2,-0.6735727158532722,-1.8663467467788941,-0.0012351349913435339,0.30257012692612295,-0.2539930843321169,0.42197892091083705,0.6417432113462566,0.0922768824234737
2024-07-17 23:00:00,65133.3,63910.0,64701.35,-0.3662912475872926,-2.2856525637652974,0.0008821685410465019,0.6468977356278327,-0.15432922986999287,0.4790454341061843,0.6613265573295916,0.07500291170515044
2024-07-18 03:00:00,65061.5,64402.35,65000.01,-0.5520407764093644,-2.2485881003845547,0.004990595511561002,0.9067131912173785,-0.4941482660382017,0.48763860046103585,0.6912081661811028,0.060979602278356415
2024-07-18 07:00:00,65036.0,64494.27,64609.99,-0.8272081985564176,-1.957501414104197,-0.0006169968210865129,0.21361194690688048,-0.4754402472123825,0.4524145294783963,0.6885275210818574,0.05649565916729829
2024-07-18 11:00:00,65111.29,63701.0,63995.4,-0.05744455686661234,-1.931258390153574,-0.004533917715930924,0.20875139155628544,1.679934442685937,0.470979939094407,0.6688413168430059,0.053432832969316627
2024-07-18 15:00:00,63995.4,63333.0,63520.01,0.18786297201742463,-1.4368529871206994,-0.011970848084400298,0.282321859899122,0.8829090789424713,0.542586301790441,0.6170997305570036,0.04854430518403564
2024-07-18 19:00:00,64122.43,63238.48,64032.0,-0.7613874832461391,-1.422374133718299,0.0006874633391455998,0.8976978335777164,-0.6343093923127754,0.5329629858604226,0.6200355823074791,0.045419350421849816
2024-07-18 23:00:00,64090.0,63300.67,63828.0,-0.8035266710639343,-1.1404282155283358,0.00039287559166112374,0.6680729225967844,-0.571824584934781,0.4224799217197374,0.6217145335545169,0.04442175025462895
2024-07-19 03:00:00,64486.0,63813.98,64210.01,-0.6156023940168454,-1.1302436806468825,0.007163950145731235,0.5893128180621225,-0.33150461964280575,0.4833781188641597,0.6523416551259892,0.04424861109772942
2024-07-19 07:00:00,64210.01,63409.01,63994.01,-0.06040036350385382,-0.8749199755477786,-0.006152705024471183,0.7303370786425676,0.5206783309622995,0.43275184715355247,0.6258493410900455,0.04437313176076679
2024-07-19 11:00:00,65888.0,63935.12,65747.04,0.9758069657295444,-0.8674331047639526,0.018662261343143527,0.9278194256640016,2.136492718396017,0.556882646529772,0.7057108896098422,0.04151795215869215
2024-07-19 15:00:00,66829.82,65268.0,66787.99,1.1150038811277718,-0.9339249735522901,0.019036453500079098,0.9732171440948806,1.870571529938898,0.5282321176334686,0.7886940019595137,0.04810811709687374
2024-07-19 19:00:00,67386.0,66654.0,66721.19,0.4046715971758193,-0.9258931624118583,0.012406851447539724,0.09178961748508802,0.4317735912020581,0.4990605471970015,0.8438071196634457,0.05369773870562935
2024-07-19 23:00:00,66904.0,66222.46,66570.57,-0.6984320754358062,-3.137135717414875,-0.007469599538917682,0.5107697273746166,-0.61929050695364,0.4312490190641722,0.8850075966348526,0.05864770456848224
2024-07-20 03:00:00,66750.0,66436.0,66625.77,-1.0951392330783336,-3.056953220974124,0.0005122733431583981,0.6043630573056065,-1.1254516295927885,0.43884893503243566,0.8921666891156158,0.06267601134721312
2024-07-20 07:00:00,66775.11,66458.83,66524.99,-0.9474613851803252,-1.5996025261254156,0.0001553879190157037,0.20918173769416945,-0.9250694298904871,0.4775430474770904,0.9117238515893548,0.06553921051617131
2024-07-20 11:00:00,66700.0,66273.62,66590.0,-1.1019580198660675,-1.5820978310837766,-0.0013381868890597337,0.7420141657502253,-0.8981485773966844,0.5016791919589603,0.9050224195795619,0.0683227374338845
2024-07-20 15:00:00,67598.0,66589.99,67467.99,-0.34052938641518304,-1.6545107379468955,0.009793588133892417,0.8710231049208781,0.16696058048601448,0.5214139268443623,0.9540015561383809,0.07427599188002065
2024-07-20 19:00:00,67506.55,66790.9,67114.0,-0.6849993267789791,-1.6358773881603934,-0.0005281054216620396,0.45147767762940977,-0.6447596129010352,0.45727639965870753,0.9972044102423091,0.07865052536620401
2024-07-20 23:00:00,67436.22,66962.0,67287.01,-1.048029894129981,-3.4727183512440662,0.0010082065209617852,0.6853570072817265,-0.9802946470686943,0.5786328773736937,0.9999999999992137,0.0815873658460919
2024-07-21 03:00:00,67375.0,66611.09,66721.99,-0.9844469306562981,-3.368508679267078,-0.0032626045645655077,0.14517416973014685,-0.9747140287748212,0.4161727436828399,0.9827644815579216,0.08202100329358539
2024-07-21 07:00:00,67062.77,66592.1,66798.87,-1.017896390622004,-1.350720394910344,-0.002275490073731179,0.43930991989206275,-1.0225962336704357,0.47133798740639554,0.970782859682693,0.08238533630974484
2024-07-21 11:00:00,67392.68,66616.0,67290.76,-0.8698694747945316,-1.337621434795039,0.0025476343619506014,0.8687747849710473,-0.7529593497369675,0.5476528677118075,0.9841669359713673,0.08374314154381489
2024-07-21 15:00:00,67713.0,65777.0,66864.42,0.9737797335100761,-1.7278605406280032,-0.0022019422492417506,0.5616838842946186,1.4318592059206718,0.5211583994884533,0.9725694929762021,0.08356347246133868
2024-07-21 19:00:00,68366.66,66782.6,68012.0,0.0812262620155971,-1.7076399806731404,0.014348472630634435,0.7761069656403388,0.45027104584451266,0.554449324332116,0.9999999999992498,0.08187427821010798
2024-07-21 23:00:00,68474.55,67753.72,68070.62,-0.6084573259180037,0.5230554400617176,0.00399578851899518,0.4396320907781267,-0.5308743130710842,0.48671586756737,0.9999999999992647,0.07707864953198418
2024-07-22 03:00:00,68102.0,67122.22,67412.0,-0.684936826837719,0.5244091428107812,-0.006152605954081847,0.2957602727112633,-0.09487781025744559,0.41570150853345517,0.9692044869800533,0.07175658585956807
2024-07-22 07:00:00,67524.0,66944.1,67422.01,-0.6868216963322973,-0.3080581065759802,-0.005754314815219597,0.8241248490976936,-0.5480344793539264,0.46830258228927674,0.940579739546648,0.061807245358412706
2024-07-22 11:00:00,67952.39,66616.68,66712.0,-0.09178057778190027,-0.3036320866969207,0.00012656863685545083,0.07136279581592779,0.2474278898474692,0.4714417363251021,0.9412057302203132,0.05156058295359122
2024-07-22 15:00:00,67666.0,66559.97,67445.49,-0.4983571464288057,-1.1322831566060352,-0.0020126684442650644,0.8006292776796279,0.4158701680893548,0.5250707981998228,0.9312500953023805,0.03260816689256957
2024-07-22 19:00:00,68256.0,67366.63,67635.01,-0.2785212027750207,-1.1220988562164818,0.010937209742478693,0.30176417013950757,0.20978033095155757,0.49751100162727074,0.9852419558917265,0.028342116132589117
2024-07-22 23:00:00,67750.98,67183.98,67647.65,-0.5623086273046556,-0.6066247323271189,-0.005914604219441122,0.8177601410790487,-0.5089230161090069,0.4786918433988438,0.9557249960877078,0.028849107804863258
2024-07-23 03:00:00,67710.01,66326.0,66519.34,-0.05024015971364429,-0.6007607097785972,-0.00991281168784075,0.13969552243018496,-0.12531597948389467,0.417457539414703,0.9065474918240725,0.030013399054050278
2024-07-23 07:00:00,67166.01,66256.39,66870.01,-0.11475576705519619,-0.6992197495258884,-5.710496076627436e-05,0.6745893889681983,-0.005460424010650045,0.5077016346603886,0.9062670021311634,0.02904447348656433
2024-07-23 11:00:00,67349.03,65962.0,67227.8,0.7581302977017678,-0.692781985247767,-0.0031376744104889553,0.91259742038087,1.2249722613014367,0.5071368993194874,0.8908561680670212,0.027943053264812546
2024-07-23 15:00:00,67246.01,65744.94,65860.0,0.5231801243602104,-0.5995142885049085,-0.004588524228142599,0.076651988247871,1.0036799273593602,0.4872465145552168,0.8683901305079524,0.03262989271707397
2024-07-23 19:00:00,66062.01,65441.08,65917.99,0.11207769730544336,-0.593625643924035,-0.007610823609168205,0.7680575910204505,-0.2542335909278433,0.4833195591818029,0.8312974899210552,0.03593665493497312
2024-07-23 23:00:00,66146.01,65476.84,65878.16,-0.7925064043443766,0.8181741159738651,0.0005937062021923456,0.599728021271143,-0.7913384042426869,0.4756645689323533,0.8341689957319376,0.039256134084983234
2024-07-24 03:00:00,66111.5,65610.0,65898.0,-0.8413136002435336,0.8181741159738648,0.0007731556029815234,0.5742771684830652,-1.0306823115481465,0.4956183906241471,0.8379106425228374,0.04213585756491193
2024-07-24 07:00:00,66600.0,65875.36,66491.53,-0.46716442638839173,0.8181741159738648,0.006347597278929529,0.8503118789902512,-0.704053633498779,0.4955362286579998,0.8686532636764533,0.041996355803772756
2024-07-24 11:00:00,67102.01,66146.7,66760.01,0.03471943091450164,0.8181741159738651,0.005150316692467127,0.6420010258382924,0.4052190533802574,0.4816107893891479,0.8937555614207003,0.04179400674714544
2024-07-24 15:00:00,66812.0,65715.17,65754.0,0.6235617608717803,0.8181741159738648,-0.00531336574196517,0.03540202219090257,0.47096765472143554,0.4303012084130985,0.8677251958681492,0.04537287837520137
2024-07-24 19:00:00,66102.0,65130.0,65288.01,-0.09184027826651973,0.8181741159738648,-0.009144919567532162,0.16256172839339136,-0.061861834581332646,0.45546141568170656,0.8231619590314424,0.05019415590826561
2024-07-24 23:00:00,65620.0,63950.0,64208.01,1.5835381975199003,0.8181741159738651,-0.016279479296544164,0.15449700598710006,0.900330080912192,0.4339979809150888,0.7445574447678248,0.06234811954474192
2024-07-25 03:00:00,64369.05,63800.0,64324.01,0.017878508152181862,0.8181741159738648,-0.007213555831977914,0.9208505403581246,-0.5433397694299839,0.4591991012078144,0.7102942301107343,0.06678822821058672
2024-07-25 07:00:00,64480.0,63878.0,64165.68,-0.2266370654343572,0.8181741159738651,0.0007198889481525583,0.4778737541448863,-0.38703204891051696,0.4864036937701765,0.7136889195894265,0.06988663139996051
2024-07-25 11:00:00,64851.01,63456.7,64835.0,1.1922430528291716,0.8181741159738648,-0.0011540734175974343,0.9885176180262014,0.7653817072152264,0.46919863727758204,0.7082428834717904,0.06978866280320224
2024-07-25 15:00:00,65187.82,64388.46,64568.0,0.6403483162101379,0.8151062738436086,0.011796321809748989,0.2246046837441887,0.5220760547386895,0.50995274313126,0.7638451114492355,0.07070483254345915
2024-07-25 19:00:00,66175.49,64401.73,65644.0,0.038735313741767065,0.8120505810393706,0.005630914387222408,0.7003596878906909,0.3547269313917429,0.49985373424113044,0.7906996443560089,0.0689296845926836
2024-07-25 23:00:00,67198.99,65630.0,67014.01,0.007311065379339741,0.8120505810393702,0.019096007512340307,0.8821024990542764,0.02179956818186856,0.5233229150574029,0.882283699881351,0.06595213217037993
2024-07-26 03:00:00,67480.0,66870.82,67062.01,-0.4274368441710141,0.8120505810393702,0.009135837145815895,0.3138481237021102,-0.49512075982372383,0.5326816353642564,0.9269356821553008,0.06352156578289449
2024-07-26 07:00:00,67498.0,66879.99,67304.01,-0.3484639580181422,0.8120505810393706,0.0010271915512183316,0.686105402814084,-0.628679418383507,0.5214904078392607,0.9320020120136413,0.06166977999008144
2024-07-26 11:00:00,68000.0,66892.0,67328.01,0.3205685190373018,0.8120505810393702,0.004345575545344316,0.39351083032135353,0.33350122228243684,0.5074670847152343,0.9534573422122622,0.06409452572548295
2024-07-26 15:00:00,67751.01,67286.0,67573.75,-0.7254568587801425,-0.9369149524665966,0.0010485802754733875,0.6188038966770933,-0.3689625696781805,0.48362320200357745,0.958656975952676,0.06642037931686906
2024-07-26 19:00:00,68200.0,67413.5,67926.0,-0.33622982182309263,-0.9352701859314105,0.0051148727639804825,0.6516211061582756,-0.2712816881466317,0.5153088982279115,0.9840468799059182,0.06910076180407355
2024-07-26 23:00:00,68070.01,67630.0,68028.0,-1.4535688978323091,-0.09802423565073969,-0.00022279855384210734,0.904524897140882,-1.1604950682813653,0.44754145494385983,0.9829352651833448,0.07396314742756797
2024-07-27 03:00:00,68094.03,67773.01,68092.89,-1.3952351484146164,-0.10247620473780944,0.0011819356037132689,0.9964488193571619,-1.2655317236776393,0.4824854117215433,0.9888310139219505,0.07831815456100094
2024-07-27 07:00:00,68295.39,67892.24,68155.41,-1.0179191042206215,0.2820361121565964,0.002784340510836092,0.6527843234366221,-0.904930526092294,0.49643362513250616,0.9999999999992667,0.0821216562568823
2024-07-27 11:00:00,69399.99,68010.45,68981.69,0.500911513192964,0.27756702730402244,0.010000995886653596,0.6989651251442995,0.13900365111866847,0.5464813412081216,0.9999999999993017,0.08786559690340444
2024-07-27 15:00:00,69086.0,68428.18,68542.76,-0.433916587707656,0.5609085055318836,-0.000818368036943018,0.17418138700291677,-0.266696206887024,0.4745551654667612,0.9960682904260333,0.09245556228735512
2024-07-27 19:00:00,69182.94,66650.0,68619.97,5.0,0.5568898912148967,-0.011684017014598091,0.7777404912837343,3.571404895802268,0.4995186642676821,0.9399803628000989,0.0961134960226281
2024-07-27 23:00:00,68619.97,67260.54,68149.45,-0.5956901313379013,0.3099523631464498,0.000611694963265963,0.6538843485824646,-0.5097546270855258,0.45718347385360725,0.9428824331513181,0.09776425634097231
2024-07-28 03:00:00,68149.45,67066.66,67486.01,-0.9537135640882562,0.3083535900744504,-0.006152877139771529,0.3872865467875774,-0.9050483791891906,0.4432311884725442,0.9136734223361044,0.09681961284724157
2024-07-28 07:00:00,67686.39,67220.0,67560.01,-1.1615636383707137,0.5654512130755721,-0.0013644006702119293,0.7290250648442397,-1.1687704481677428,0.5461453183298838,0.9072361762010009,0.08940184392397747
2024-07-28 11:00:00,68123.32,67560.01,67746.0,-0.9535311574317706,0.5593764086076705,0.005979986803398729,0.3301734391306731,-0.8513284498913267,0.547379207708393,0.9354112758292478,0.08089619334028048
2024-07-28 15:00:00,68318.43,67577.63,68236.01,-1.2002900305502864,-1.119219958202311,0.0005468775101789003,0.8887419006359517,-0.7783893598446113,0.525059208939956,0.9380033333777738,0.06907997506597047
2024-07-28 19:00:00,68295.0,67801.62,68010.24,-1.252324698796882,-1.1108027885280118,0.0023482860815431383,0.42283838014467456,-1.0116843258746537,0.4360260731978473,0.9491396871957888,0.059436229905533884
2024-07-28 23:00:00,69635.14,67956.0,69559.0,0.254379606535293,0.35439467762828974,0.0136108037689886,0.9546553592853807,0.08070545092944549,0.5474520576350236,0.9999999999993111,0.04717851648422058
2024-07-29 03:00:00,69888.0,69263.07,69588.01,-0.009376728152013498,0.3567179726367375,0.008146715690695139,0.5199622357620722,-0.26907696453813146,0.5498628026244796,0.9999999999993369,0.04202868606733619
2024-07-29 07:00:00,69743.07,69375.0,69620.0,-0.505455222245988,-0.360900730958288,-0.00038139748520249483,0.6656342543356943,-0.6056712731905122,0.4767911246686736,0.9982407895951891,0.04415016552449693
2024-07-29 11:00:00,70079.99,68071.98,68228.01,2.1326183591292898,-0.3561455732801508,-0.0023199827519090332,0.07770379629544727,1.2953517974783981,0.5191156018875068,0.9875438622663034,0.04233492124660742
2024-07-29 15:00:00,68304.0,66428.0,67419.99,2.531418806419923,0.7942101681164538,-0.029479740594128057,0.5287793176944123,2.1131731393006716,0.45762762710648286,0.8519346414397048,0.04239983932001601
2024-07-29 19:00:00,67553.66,67030.0,67227.36,-0.8340687113154962,0.7872084340349946,0.00012144013323434066,0.3768857655658832,-0.8164029942287541,0.4861301207029594,0.8524768075954606,0.042943674356564585
2024-07-29 23:00:00,67264.01,65862.0,66418.01,0.7660207938157979,-0.9501730295877062,-0.013558177415813444,0.3965806235305248,0.4710955536570924,0.4457000843029136,0.7919393442949084,0.049239270713623606
2024-07-30 03:00:00,66808.04,66322.49,66766.01,-0.8184618114013855,-0.9418396220764168,0.002576907299999487,0.9134383688412435,-0.7603465035329602,0.5089908821814363,0.8032892741873658,0.05245939027803769
2024-07-30 07:00:00,67000.0,66404.53,66581.87,-0.6917874705818895,-0.8901214807859865,0.002710578838039046,0.2978151712042891,-0.6089223534481363,0.4833009011080553,0.8152587222241721,0.05653427727569924
2024-07-30 11:00:00,66948.0,65660.89,65810.0,0.29486869455526254,-0.8822888127854832,-0.006343037266383855,0.11584868426074076,0.4262395938991926,0.4664321202254396,0.787173042431721,0.06477365805576595
2024-07-30 15:00:00,66550.01,65555.0,65824.01,-0.21130517442593486,0.20152977986378495,-0.005614005278996914,0.27035909186570245,0.32969165373257747,0.4996942436178626,0.7624730412581984,0.07069615263226396
2024-07-30 19:00:00,66356.89,65302.67,66222.0,-0.3709071702025171,0.1958116660829763,-0.0011040305561662578,0.8720475801932048,0.2093847021529017,0.49348913794328153,0.7576428953545535,0.07137778843866889
2024-07-30 23:00:00,66413.28,65881.96,66122.16,-1.1480577380645318,-1.0298429322940033,0.00438528857095033,0.4520816080619583,-0.7707370406008848,0.45407633340718356,0.7768073998092082,0.0733383152669014
2024-07-31 03:00:00,66554.4,65496.0,66459.99,-0.4411003597426583,-1.0263301883389973,-0.00226525660139687,0.9107993197192957,-0.46943764621898554,0.5046865010479831,0.7668644061038359,0.07277182864881086
2024-07-31 07:00:00,66527.11,65954.54,65992.0,-0.9821298193973814,0.06604155507232704,0.0030091809222938526,0.06542431492979321,-0.9237209073472398,0.4760768873989851,0.7800428203585473,0.07512649758280224
2024-07-31 11:00:00,66849.24,65958.0,66440.0,-0.12661028362545965,0.06890256864766628,0.002004139885190437,0.5408195323308974,0.04744068500819715,0.4983752281219151,0.7888461668349731,0.07556244348754751
2024-07-31 15:00:00,66836.3,66138.0,66527.99,-0.44228082345478054,-0.8131798141242197,0.001647216714231181,0.5584848918722881,-0.05325996646935044,0.4865027976618123,0.7960962004458888,0.0760372757044874
2024-07-31 19:00:00,66649.12,64530.0,64980.01,1.428684678921346,-0.8059231711105569,-0.020276113915895788,0.21235701611889815,1.5878981302371857,0.4661223271419994,0.7067062306234172,0.08337639898298344
2024-07-31 23:00:00,64996.0,63900.0,64110.01,0.2857238976270159,0.3559159559249222,-0.012079868042472963,0.1916149635019032,0.4031825141910034,0.41132007773992124,0.6545303299402166,0.09239712524062371
2024-08-01 03:00:00,64454.0,63584.0,64226.0,0.15409749049241767,0.3549841873459476,-0.005672399941937911,0.7379310344742767,0.13237097372565773,0.4663898862046459,0.6303258116363537,0.09778092631373239
2024-08-01 07:00:00,64701.41,64216.71,64584.55,-0.7635706810876219,0.8260309452464112,0.007547306348200555,0.7589024138485897,-0.7289982443120269,0.5295470538088054,0.6623480048251813,0.09203815526553938
2024-08-01 11:00:00,64949.58,63928.1,63935.83,-0.3246059280219029,0.821801276298225,0.0008257560580673395,0.007567451149241789,0.08624595961685931,0.46369419815912827,0.6658780178640485,0.08720995948879733
2024-08-01 15:00:00,63962.0,62302.0,62954.0,2.966233069214446,0.8159072513907742,-0.02351534339999617,0.3927710843349833,3.727189132085401,0.4713719867751709,0.5652695953456368,0.08399230320831572
2024-08-01 19:00:00,65659.78,62944.01,65184.37,0.7842736549065102,0.8100492469633634,0.022472393308258676,0.8249446749878502,1.2063170336341453,0.5132931109979503,0.659154931415927,0.07379155739849139
2024-08-01 23:00:00,65596.14,63668.0,64359.91,-0.05644162175035789,0.8063050121960785,0.005385601335851753,0.3588484238677768,0.11180699106431732,0.4560986321877044,0.6821605667226427,0.07239313492743955
2024-08-02 03:00:00,64655.17,63807.29,64477.21,-0.37618767745576565,0.8025780379485224,-0.007189573264692162,0.7901118082654376,-0.11121460028340623,0.4638226259753435,0.6512835165286012,0.06923197196895346
2024-08-02 07:00:00,64873.61,64044.0,64764.93,-0.5074009792996516,0.8025780379485221,0.0018956311662952086,0.8689986861191521,-0.31707109019455454,0.500362527430456,0.6593661495352744,0.06778830234575585
2024-08-02 11:00:00,65524.01,63102.0,63157.95,2.273001398681887,0.8025780379485221,0.001887144412492825,0.02310064780895456,2.1686165800617316,0.4757923998474531,0.6674278496339621,0.07234769417770587
2024-08-02 15:00:00,63636.46,62432.9,62898.25,1.3023456587496647,0.8025780379485224,-0.02236969214154172,0.38664462095461216,1.7336375576507415,0.468091249599778,0.5716863305827253,0.07585236355540208
2024-08-02 19:00:00,63187.26,61230.01,61386.01,1.402777804342304,0.8025780379485221,-0.013729952744429896,0.0797036658573013,1.3520445982139795,0.4430461290490207,0.5142371278720421,0.09218589084741366
2024-08-02 23:00:00,61782.0,60505.0,61450.01,0.9235427281034518,0.8025780379485221,-0.015546643278094963,0.7400234925548957,0.4095650248339363,0.48913803624227886,0.4500796266401729,0.101981434103369
2024-08-03 03:00:00,61981.43,61310.9,61827.89,-0.7853986794197347,0.8025780379485221,0.007022711588877462,0.7710169567242162,-0.9873888747678742,0.5129913179282861,0.4786102187221634,0.10489549577396483
2024-08-03 07:00:00,61906.37,61457.89,61822.01,-0.9713681846059278,0.7472106498369349,-0.00019267937553213432,0.811897966446399,-1.0852967487417406,0.483046669138973,0.4778219388328424,0.10680624999408753
2024-08-03 11:00:00,62198.22,61785.51,61990.0,-0.8433483470726951,0.747604592670011,0.005140260973100386,0.495481088403585,-0.8369910347733488,0.45282389178088345,0.49884745653450685,0.1041002186186343
2024-08-03 15:00:00,62088.38,60174.54,60243.97,1.6183234258801327,-0.7038574593636835,-0.018597897174422617,0.03627784976781635,1.8488971770361755,0.43121387669999495,0.4223843320551543,0.11424790142075808
2024-08-03 19:00:00,60849.93,59850.0,60629.84,0.2322768210784746,-0.6973656620568921,-0.008764816875642012,0.7798945926136803,0.3420557970144554,0.47559133417415417,0.38701897646486955,0.11217466361724655
2024-08-03 23:00:00,61117.63,60320.0,60886.95,-0.6119346846709022,0.817494432431307,0.006878048582281249,0.7107932249199391,-0.6738799929259107,0.4856603781035473,0.41452812384680304,0.1049226144047171
2024-08-04 03:00:00,60938.54,60542.5,60819.61,-1.091035435017119,0.817494432431307,0.0003449166272331272,0.6997020502802822,-1.200479494819485,0.4909382861635271,0.4159171259214235,0.1049455530374388
2024-08-04 07:00:00,60830.0,60081.57,60812.01,-0.7418847665384994,-0.4037564004877829,-0.0038942338681864364,0.9759630159002745,-0.7175753751370882,0.5044054901014533,0.4002293794258996,0.10667620295339476
2024-08-04 11:00:00,61097.55,59317.0,59586.7,0.18433757779448548,-0.39874319958101856,-0.004774412162460884,0.15147005138776332,0.23388679048073324,0.41257075558516465,0.3810707739124106,0.11475687046835815
2024-08-04 15:00:00,59600.0,57122.77,58770.6,3.2698877254915457,0.8303617227364785,-0.028021380388238426,0.6651905555775394,2.616965670044234,0.456524645432035,0.26916434256189997,0.12304913034576921
2024-08-04 19:00:00,59583.0,58357.15,58715.83,0.4136663672089407,0.8303617227364785,0.007789840574157214,0.29259697352618574,0.3698072485178123,0.4771128625552556,0.2994021851822104,0.12963572057342257
2024-08-04 23:00:00,58762.01,52300.17,54697.98,5.0,0.8303617227364785,-0.06861978696118176,0.37107232614801555,5.0,0.4455207741960031,0.030965681172505834,0.1799975292179344
2024-08-05 03:00:00,54713.99,49000.0,51588.0,5.0,0.8303617227364785,-0.05082673658060466,0.4529234387871648,5.0,0.44251397461209896,0.0,0.24420897314934448
2024-08-05 07:00:00,53218.37,50671.66,51386.0,3.344292048990035,-0.6338195505474806,0.0016999916249924585,0.28049522717435116,4.339423163303144,0.48754846557615,0.005093569670087143,0.2849290280597339
2024-08-05 11:00:00,54516.01,49542.83,54061.68,5.0,-0.6276867354338962,-0.012399572368196554,0.9086439662330565,5.0,0.49911170214317657,0.0,0.2770251725153606
2024-08-05 15:00:00,55600.0,53000.0,53096.84,2.073140971747075,-0.21678968665411721,0.05495947618778141,0.03724615384600925,3.057415617257506,0.5345273913520588,0.15783602392893528,0.2863782033380624
2024-08-05 19:00:00,55200.0,52555.0,54695.87,0.5711708801855346,-0.21234911127446224,-0.010635726830925618,0.8094026464997764,1.6709134775163375,0.501793493753093,0.1256129847740199,0.27674311393730094
2024-08-05 23:00:00,56276.0,53876.47,55845.44,0.7936950377944564,-0.8412524727183014,0.029872339283553373,0.820564860615119,1.252150102834677,0.5201644631323418,0.2151545705591295,0.26407213446971
2024-08-06 03:00:00,56050.0,55255.0,55782.0,0.18479930184750304,-0.833736041409086,0.003918056737117981,0.662893081752668,0.5644706974445416,0.49241930852011595,0.22724967611239388,0.26143941129000686
2024-08-06 07:00:00,56169.48,54600.01,55062.0,0.6616243331684099,-2.487218634340997,-0.006649194011463466,0.29436051660564017,1.368140610458051,0.48080163301456674,0.20664308219484498,0.26162106781647193
2024-08-06 11:00:00,56605.55,54371.94,56132.01,1.120970572592593,-2.4429755550262504,0.00399964753483828,0.7879934276763264,1.9584431085216252,0.5009411719818624,0.21895601692842284,0.24753763954546398
2024-08-06 15:00:00,57040.99,55735.0,56729.99,0.5589552310858688,-0.5404521012263451,0.018666843277291623,0.7618664767665763,1.0536127138681561,0.5183853054687112,0.276651829978236,0.23338467772349608
2024-08-06 19:00:00,56935.56,55942.02,56200.26,-0.036234729539569015,-0.5346810711590064,-0.0016947786239469576,0.25991907723635266,0.4183607081074397,0.47338234065170803,0.2713157962663152,0.2209560797039415
2024-08-06 23:00:00,57287.99,55557.88,56762.01,0.1753761517262411,-1.8633748393180687,-0.000663485884301207,0.6959846483709385,0.5695330710964737,0.5090625373470876,0.2692303422544651,0.21113640290782404
2024-08-07 03:00:00,57250.0,56590.0,56838.57,-0.14663534170621714,-1.8402340322718378,0.009102489115210055,0.3766212121155053,-0.12945754938003315,0.4896955854696268,0.29782209990486347,0.20019703254407809
2024-08-07 07:00:00,57736.05,56544.7,57323.0,-0.016325893322384977,-3.312895077126555,0.005313010882029179,0.6532924833117608,-0.18339391402432464,0.5375801080613586,0.31466266531700116,0.18531945799782523
2024-08-07 11:00:00,57479.6,55650.0,56085.83,0.6227697389174593,-3.2220895783682835,-0.008767518171334476,0.23821053782117405,0.7043429947976221,0.47915741807202444,0.28672475357093313,0.17314865777009644
2024-08-07 15:00:00,56400.0,54676.35,54805.01,0.5432634463564423,-0.7421525193191676,-0.01970719805068899,0.07464392423012615,0.7045615396756627,0.4636891482830567,0.22447786146655263,0.15757455506404813
2024-08-07 19:00:00,55566.24,54558.62,55284.01,0.13819926344636252,-0.735248788177711,-0.010867510951445114,0.7199043290057797,0.1628365537457895,0.5020770654883514,0.19082835555113645,0.14160277087027756
2024-08-07 23:00:00,57636.36,54730.0,57364.0,0.3224001777789985,-0.8754340629711275,0.021137012819303136,0.9062882781179677,0.34134820706214364,0.5368451422114786,0.25556447806019594,0.12940280646978095
2024-08-08 03:00:00,57636.35,56670.47,57216.0,-0.3727127323097466,-0.867594025469331,0.016786739389416994,0.5648010104716448,-0.40594054473036356,0.48371632515895147,0.3080637690849939,0.12182195659774321
2024-08-08 07:00:00,57558.0,56978.52,57377.09,-0.365887323014178,-0.7504340522054908,0.0029245638622663606,0.6878063090928409,-0.4966234795443644,0.4682461265886101,0.31736366468684263,0.12494354474633591
2024-08-08 11:00:00,58998.98,56700.0,58922.25,0.8083837693456851,-0.7434345784668434,0.009811417811411927,0.9666243290460685,1.6001000984251352,0.5187873404959386,0.34865448887928396,0.11551663962398304
2024-08-08 15:00:00,59863.0,58640.0,59328.09,0.45088031443427157,-1.2085176677246814,0.026098757239031878,0.5626246933723388,0.43577723272995067,0.542762008610486,0.4327059634523061,0.10266446340983088
2024-08-08 19:00:00,62530.0,59237.59,62332.0,0.4101342965447555,-1.1974495913148009,0.023576239472836935,0.9398616818654425,0.4320882206611006,0.581999569252995,0.5106152459922764,0.12570865460694278
2024-08-08 23:00:00,62745.14,60720.0,61235.51,0.2760627262493975,-0.2497509574469982,0.015062567439510843,0.2545552406240836,0.31117873665367285,0.48919138460834966,0.5615640356289033,0.13222496956591542
2024-08-09 03:00:00,61573.27,60588.63,60890.01,-0.42841907675102847,-0.2447599596382062,-0.010697777892204274,0.30608141046163473,-0.5766928498543512,0.4481134719022152,0.5248340079064352,0.1388956038143169
2024-08-09 07:00:00,61225.0,60170.16,60600.01,-0.2547402901414282,-0.9277867714274816,-0.003934870174861271,0.4075025596260333,-0.3729812830204599,0.5200235378408975,0.5114684506126892,0.14513694410141084
2024-08-09 11:00:00,61115.11,59535.0,60341.07,0.25243291400932677,-0.919503176857319,-0.007456068067269617,0.5101353703190905,0.5929213022539266,0.48177570807424636,0.4862421094657704,0.14815676374562622
2024-08-09 15:00:00,60747.53,59700.0,60314.23,-0.2998901807388152,-0.25904474806586963,-0.0022255108950588465,0.5863602951649503,-0.19138619577566002,0.5224809356826567,0.4787686124779902,0.1458693086135868
2024-08-09 19:00:00,60986.03,59909.16,60763.58,-0.3501303922544505,-0.25391837431445136,0.0052263582592131375,0.7934291047127952,-0.2838105847513215,0.4586277968231385,0.49628020776130455,0.1464442709007543
2024-08-09 23:00:00,61470.58,60287.51,60536.25,-0.5462876344851405,-2.385806312040868,0.004678698895064226,0.21024960483986202,-0.46661029220629974,0.4742325903417746,0.5120387303678847,0.14819327243386968
2024-08-10 03:00:00,60536.25,60242.0,60458.0,-0.8600543291085535,-2.3465542798894647,-0.00649903660609541,0.7340696686241608,-1.0930710604919334,0.5014298928702343,0.49004663651006963,0.14636663626151025
2024-08-10 07:00:00,61116.65,60458.01,60788.01,-0.7505982674453573,-1.7064262976082147,0.00675238701277503,0.5010324304551651,-0.8676925571271717,0.49030414634319713,0.5127475438316031,0.14516515309537606
2024-08-10 11:00:00,61008.0,60400.0,60585.38,-0.8143151178979979,-1.6873729513506457,-0.0018072994192386282,0.30490131578445456,-0.9679154737072959,0.466351544883617,0.5066305412079081,0.14373881080420214
2024-08-10 15:00:00,61196.63,60400.0,60953.38,-0.7010943815237416,-1.8025926509305292,0.0013110050704376874,0.6946512182481863,-0.8454141417552745,0.5502725725682651,0.5110597618863376,0.14240929494124183
2024-08-10 19:00:00,61160.0,60840.57,60930.27,-0.8478495825536262,-1.781460016272725,0.004040899989893765,0.280812697608831,-1.0770231347525412,0.4409181549902717,0.5247298098648853,0.1351642993515383
2024-08-10 23:00:00,61243.99,60757.39,61026.78,-0.8422574585822291,-0.3491879838697102,6.880591043456619e-05,0.5536169338151747,-1.0374391857550058,0.4954212030717734,0.5249635154476299,0.11477287675774843
2024-08-11 03:00:00,61382.73,60881.36,61120.01,-0.7754881232074684,-0.3436495440828527,0.0015371107298454145,0.47599577157636125,-0.9791870754301282,0.4825022327878579,0.5301848121913787,0.09154408542462812
2024-08-11 07:00:00,61858.0,60946.11,61037.63,-0.5483597369569188,-1.7308047142868124,0.003079722415663788,0.10036298237615636,-0.6134247033710755,0.48751844590274435,0.5406621716103771,0.08165354371143081
2024-08-11 11:00:00,61063.02,60167.22,60350.0,-0.36166425308175554,-1.711411646646002,-0.013334170633849007,0.2040410805960698,-0.30386998640376056,0.4978212466191426,0.495158993778955,0.06673308948475412
2024-08-11 15:00:00,60431.58,59941.0,60263.11,-0.5775843588837606,-0.9858258215244958,-0.005044345644947268,0.6565901585744089,-0.6181782636519161,0.4596856788709566,0.47817457676023023,0.04613639853313678
2024-08-11 19:00:00,60274.94,58286.73,58996.0,0.10570369261175025,-0.9770804298644535,-0.019817307979251297,0.3567379703333299,0.49757512624576755,0.4624329651442701,0.41178587279991524,0.046486292988829066
2024-08-11 23:00:00,59088.33,58100.06,58717.25,-0.34963835222259076,-0.9928493264372076,-0.007026866998466219,0.6245155676017228,-0.22493231214895704,0.5013318056170173,0.3887121168580584,0.05157833916462905
2024-08-12 03:00:00,58818.78,58124.15,58403.76,-0.5839758878660819,-0.991535934035322,-0.001332567343249047,0.40253084375275516,-0.6672530147386864,0.4869023276677196,0.38436718244607415,0.054514482447938405
2024-08-12 07:00:00,59025.66,57642.21,58969.6,-0.01170351464082576,0.8217082924331758,-0.0002786248517737677,0.9594781162965055,0.405825313616458,0.49477262963060187,0.38345991610965346,0.056536320891849255
2024-08-12 11:00:00,60711.09,57800.0,60299.98,0.906446398830378,0.8172679073988778,0.01522582067789946,0.8587779835015127,1.4279435674952852,0.5048627527032815,0.4330248618378239,0.05452360909873177
2024-08-12 15:00:00,60510.2,58440.54,58526.78,0.131630424990048,-1.7650783435987927,0.004044101373788855,0.04166867987958478,0.5445628964304868,0.46392600066199247,0.44639015880070526,0.0618540101141032
2024-08-12 19:00:00,59389.48,58527.91,59051.68,-0.31395445414092354,-1.7438771849393229,-0.009991148901767,0.6079250670217368,-0.18434006824211305,0.478630217653199,0.41323700871098656,0.06350191255956937
2024-08-12 23:00:00,59923.28,59024.01,59481.99,-0.428719413294497,0.20770985201089823,0.008637454005494982,0.5092797491241838,-0.13726950384420317,0.5291296235446395,0.4416118991589365,0.0636232213294269
2024-08-13 03:00:00,59520.0,58830.23,59368.0,-0.46122639982033664,0.20477998267507624,-0.006129356140600173,0.7796366904797294,-0.5629563747072763,0.49248960226007654,0.4213024383797148,0.06354783536695488
2024-08-13 07:00:00,59457.34,58392.88,58672.1,-0.39824575419911207,-1.097296094247706,-0.003274781284935968,0.26231140672019454,-0.5162331065228604,0.45726198234664484,0.4105180455421556,0.06668573232757405
2024-08-13 11:00:00,59776.7,58563.99,59643.63,-0.15041796531171228,-1.0875844297447363,0.00308545992868714,0.8902705510724721,0.1470629341874058,0.4870723584477287,0.42064569723499434,0.06509447283040018
2024-08-13 15:00:00,61578.1,59352.36,60795.41,0.33873419954055917,-2.0875470271010004,0.026588942611239785,0.6483461680131196,0.5530536199975261,0.4995756890666904,0.5081899919244205,0.06388585404184528
2024-08-13 19:00:00,61138.87,60243.77,60585.14,-0.3887765563750749,-2.0591868614768916,-0.00010667135704633957,0.3813763825228317,-0.4238862300097111,0.481452230777585,0.5078294372056743,0.0641069564387332
2024-08-13 23:00:00,60855.27,60389.75,60805.49,-0.6886176663114839,-0.8912130576334732,-0.0014635595599863382,0.893065818850039,-0.8920762754762084,0.4717894535133634,0.5028830576866707,0.06333260575049939
2024-08-14 03:00:00,61302.88,60637.3,60861.5,-0.6102123364924191,-0.8831830711813753,0.005444588199732259,0.3368490639692155,-0.818818321430221,0.5198189823244292,0.5212571540841884,0.0630154923693415
2024-08-14 07:00:00,61325.32,60640.4,61100.0,-0.5549038111450812,-1.4393184089728586,0.0002710033342536722,0.6710272732483932,-0.6330402997749152,0.4996737960714564,0.5221767006525941,0.06308781980772797
2024-08-14 11:00:00,61800.0,58823.52,59502.67,0.8174517537870747,-1.4247895991773394,-0.01171714291183601,0.22817220340728614,1.2711253782086973,0.4589593669530597,0.482408265699674,0.06174524905010086
2024-08-14 15:00:00,59841.73,58615.06,58990.05,0.09236531977712888,-2.839215807996471,-0.017038643523692,0.30569753886289436,0.5301325088708283,0.45750709915554827,0.4252560526156014,0.05990173183357567
2024-08-14 19:00:00,59183.99,58433.18,58986.0,-0.5866034597454384,-2.7772843986795195,-0.005759295021659394,0.7362981313416689,-0.6115827012648961,0.4504686651070123,0.40626697779167276,0.05972430329993744
2024-08-14 23:00:00,59044.44,58010.0,58412.25,-0.23324767700138094,-2.8629842676228257,-0.006259023609945458,0.3888577394494708,0.1459969348123695,0.42495156191592276,0.3857490919516981,0.06193314317604781
2024-08-15 03:00:00,58639.0,57847.32,58101.44,-0.4608095988387436,-2.802700597165237,-0.004334710301973077,0.3209882780881071,-0.533698972817819,0.43426743224704356,0.37162829216535315,0.06553792405645129
2024-08-15 07:00:00,58551.87,57713.88,58361.9,-0.43359410753549826,0.3767016278010833,-0.0011375165943253718,0.7733027840335409,-0.5699301210358992,0.5083611940116549,0.36793876828504807,0.0664664550708172
2024-08-15 11:00:00,59743.13,58354.53,59416.35,0.09924347723641884,0.3812489227154466,0.01617734306602303,0.764669451240353,0.8037828197966614,0.5066485534811838,0.42035013463786164,0.06317642164849509
2024-08-15 15:00:00,59849.38,57524.56,57872.82,0.25616764642694784,-2.2834813739316986,-0.005392484857606794,0.14980084479594294,1.1875875645384057,0.43714732721965993,0.4025969312675688,0.06917358221526475
2024-08-15 19:00:00,57963.04,56078.54,57617.36,0.5776878892532179,-2.2537029001635567,-0.029176125763510696,0.8165667285708857,1.2544532417586,0.4455397914624047,0.30706090954332577,0.07344184833582632
2024-08-15 23:00:00,58517.47,57098.62,58199.99,-0.3628767401152491,-3.230861661161785,0.010155978261608967,0.776241322192081,-0.24831251779392666,0.5180566333049303,0.33934598016369194,0.07374520128435198
2024-08-16 03:00:00,58666.77,57800.47,58527.59,-0.5078111832347192,-3.1482433336819664,0.008811650359759726,0.8393397206413548,-0.47724858661747166,0.5695301429740464,0.3676420209510189,0.07418580860816962
2024-08-16 07:00:00,58683.47,58258.52,58433.95,-0.6191181459337546,-2.331473291337147,0.004495627094101895,0.41282503823007466,-0.619179275148871,0.46428092083864986,0.3822056224039992,0.07527551697166905
2024-08-16 11:00:00,58915.18,57526.31,58018.86,0.18305770478357858,-2.2951778034626984,-0.004461540062268288,0.3546408231126424,1.132979403857114,0.46208591730146664,0.36768746993186113,0.07794555629208151
2024-08-16 15:00:00,59570.01,57647.05,59467.0,-0.04361286690038466,-0.9292785951232176,0.009453335331786938,0.9464315430328939,0.5910171026896728,0.5400568672106478,0.39831201614375805,0.0758092262999403
2024-08-16 19:00:00,59817.76,58950.0,58966.56,-0.4450526053641759,-0.9209777155600889,0.012078355812338959,0.019083617589894436,-0.2857615018603304,0.5010352046444126,0.4378103398802678,0.07615808521669201
2024-08-16 23:00:00,59389.18,58703.99,59146.36,-0.7143020775918987,-0.4265962804395154,-0.006761469912481388,0.6456165443067543,-0.7021907336663606,0.5313851476177391,0.4154320908289711,0.07128314878593384
2024-08-17 03:00:00,59263.47,59000.0,59158.18,-0.861096743917568,-0.42333016296063597,0.0016719222738454942,0.6003719588340072,-1.0621038346814347,0.49790622756530317,0.42092819081880656,0.06710683289679754
2024-08-17 07:00:00,59477.16,59051.98,59106.4,-0.7935482372368418,0.03226741959853097,0.0014053371872098097,0.12799285008400746,-0.8484495658996903,0.506883257086308,0.4255556711376277,0.06075526091619983
2024-08-17 11:00:00,59571.99,59060.0,59535.37,-0.8107422079793762,0.03757290188586097,0.0008136591715293129,0.9284751655124509,-0.8409111107371211,0.5147226559306135,0.4282386451604126,0.05298030181210099
2024-08-17 15:00:00,59700.0,59294.31,59417.67,-0.7775538044345601,-0.8209970392766316,0.0036546947249112005,0.3040745396656539,-0.6744063632755698,0.4353255094059677,0.44029950509620636,0.040625754863790615
2024-08-17 19:00:00,59541.93,59113.68,59314.19,-0.8738874793788987,-0.8134059083547329,-0.002690394449310851,0.46820782252263854,-1.0088032761115635,0.41749559090639304,0.43138848452378614,0.03996821930098049
2024-08-17 23:00:00,60259.01,59300.95,60126.0,-0.6717971616796101,0.019012439958342238,0.006636110501727188,0.861167359029066,-0.716335709002851,0.5885462817064111,0.45330921887558767,0.04433814019965517
2024-08-18 03:00:00,60254.77,59256.56,59595.99,-0.6542097126383815,0.024524530258303343,-0.0022422879037340415,0.34003866921449416,-0.6752519440523227,0.4707951592072128,0.44585322797045657,0.046215928874060425
2024-08-18 07:00:00,60200.0,59436.0,59870.73,-0.6020043466521947,-1.036006088487943,0.004276568379677048,0.5690183245998861,-0.5542246654892787,0.5315830797914096,0.460041663441104,0.047938518709981365
2024-08-18 11:00:00,60284.99,59669.85,59806.01,-0.6094844068245839,-1.0272405252371586,0.0018873041155560433,0.22134798582077272,-0.6441914697734846,0.46503384793163205,0.46632997868794157,0.04797680719031271
2024-08-18 15:00:00,59945.83,59377.14,59602.17,-0.7605756434045878,-1.3836221128107533,-0.005155325211720685,0.395698886908581,-0.7459702719069067,0.476255480482248,0.4491205141010277,0.04785338233080567
2024-08-18 19:00:00,59869.77,59311.14,59350.0,-0.7821544807663456,-1.372299593024959,-0.0008925218151709657,0.06956303814565121,-0.8714937045991954,0.4817738645816696,0.44615646487752886,0.047949358148706246
2024-08-18 23:00:00,59407.61,58210.03,58670.51,0.03514826481240831,-1.4518331986572985,-0.017060752140609425,0.3845087593281096,0.19732044180554723,0.4391285098276065,0.38954857650851815,0.045150224093270346
2024-08-19 03:00:00,58763.83,58359.5,58570.0,-0.6743943271117081,-1.4383080465882354,-0.00048430507028807135,0.5206143496519995,-0.6919132776772146,0.46593655457533356,0.38796905889412864,0.0395646138172522
2024-08-19 07:00:00,58745.82,57787.3,58046.01,-0.3071974045242716,-2.0299930213139348,-0.005270558560653837,0.26990568793275144,-0.28971597140791255,0.4942792022310948,0.3707879290980214,0.040890712150071985
2024-08-19 11:00:00,58970.0,57984.18,58617.42,-0.22328983406456024,-2.002387030716119,0.0024988827381158263,0.6423485017483666,0.18490678197207228,0.5438595840198526,0.3788909307008344,0.040183068858746236
2024-08-19 15:00:00,59290.0,58380.0,59011.99,-0.4406916337975489,-1.0583452152402244,0.0070966136847308015,0.6944945054868714,-0.009983689545374328,0.4875613943237259,0.401960267495188,0.038370085868847624
2024-08-19 19:00:00,59342.11,58873.87,59241.0,-0.6155230692643869,-1.0490969693600238,0.004752511967921924,0.7840637279859866,-0.5088123490516934,0.5196655109661662,0.4175191463732466,0.033560455816790714
2024-08-19 23:00:00,60910.55,59089.95,60528.83,0.13505436482624056,-1.1746667403547852,0.01787957670248952,0.7903328572954503,0.37861037398273983,0.558123953610507,0.47633188651693664,0.037951110818899646
2024-08-20 03:00:00,61400.0,60422.37,60960.84,-0.19592354562145564,-1.1644705845563892,0.012867328521876553,0.5507911991187744,-0.11633320647393916,0.5586409574589913,0.5194141955065168,0.04459983848502221
2024-08-20 07:00:00,61020.74,60668.3,60716.01,-0.5015795453980244,-0.37927567819685165,-0.0015347513085317566,0.13537055952402136,-0.6487815917000092,0.5276687872521405,0.5142094301310165,0.04867887187048927
2024-08-20 11:00:00,60955.99,59446.03,59461.8,0.23539840758309546,-0.37367456623404527,-0.009535683373560255,0.010443985271066549,0.3597052821780862,0.47266430390558695,0.4819209263552106,0.049472514044842854
2024-08-20 15:00:00,59483.52,58548.23,59191.45,0.11863390436314242,-0.3578915786170334,-0.020916308527871186,0.6877225245572187,0.4244189578212851,0.48303363735041255,0.41177217070062566,0.04956228515175136
2024-08-20 19:00:00,59722.72,58802.35,59368.0,-0.5656166656926641,-0.3557974236125652,0.005764358597456498,0.614589784536495,-0.5324044807855881,0.4694616827485951,0.4307002148004119,0.04943579426642266
2024-08-20 23:00:00,59519.99,58783.47,59363.32,-0.6146053242049735,-1.9281324276521024,-0.002689445612662378,0.7872834410363985,-0.6557455741875874,0.4645728576270717,0.42181815369725834,0.049461090748407946
2024-08-21 03:00:00,59739.52,59183.13,59627.32,-0.6628148749032923,-1.9036743765515696,0.004684084596713323,0.7983428889664073,-0.8275174356104732,0.4797216545247096,0.4372460295516877,0.04923052309092651
2024-08-21 07:00:00,59924.13,59085.88,59468.4,-0.475765600162463,-0.7083736352598643,-8.753887568480057e-05,0.45633164329906445,-0.4938879165142915,0.47054706607479574,0.4369563539668481,0.04831243698101533
2024-08-21 11:00:00,60201.98,58850.0,59410.41,0.19960862847830052,-0.7032621807954972,0.0017586260162252287,0.41451056967991917,0.8078596549683755,0.4846466776611309,0.4427753277743189,0.04830971649346569
2024-08-21 15:00:00,60831.9,59300.99,60771.28,-0.19716095854580024,-0.5103635133410408,0.007296226585141952,0.9604026363342023,0.42362380066612876,0.5357419469757935,0.46695967179957176,0.05080703455821166
2024-08-21 19:00:00,61820.93,60588.64,61176.47,0.28068567230580566,-0.5076572397203338,0.021587011650694654,0.47702245412624555,0.7587300517148711,0.5299999537559837,0.5390348512709562,0.05607288295996775
2024-08-21 23:00:00,61300.01,59724.87,60186.48,-0.3047524101603376,-1.0101434923558636,-0.009006827481383595,0.2930596645358953,-0.21879858002946667,0.46313754355820513,0.5083134929669445,0.057757656005037926
2024-08-22 03:00:00,60944.53,60074.0,60762.91,-0.5117012086702869,-1.0074147269477824,-0.002204346707436078,0.7913684766660434,-0.26719220737858124,0.48553607159266804,0.5008624145402432,0.05960569032108617
2024-08-22 07:00:00,61400.0,60708.69,61350.01,-0.5087348120257651,-0.329796333071858,0.006538993182636732,0.9276880126003167,-0.4561243564817247,0.4944959137965767,0.5229166356283068,0.06186905690872371
2024-08-22 11:00:00,61398.18,60300.0,60510.48,0.038141182826148756,-0.337088871879176,-0.002421608232166972,0.19166256897602083,0.6084856891739384,0.47836992353565544,0.5146958120584187,0.06055711922008035
2024-08-22 15:00:00,60833.0,60100.0,60331.16,-0.3987711427021047,-1.9793576836874673,-0.007424212982968026,0.31536152796296024,0.10345911712035782,0.49774537965578836,0.4895532865652619,0.053744740743389856
2024-08-22 19:00:00,60707.88,60154.78,60435.05,-0.6193535312421579,-1.954075383973174,0.0007955344308148149,0.5067257277073541,-0.686512393336995,0.5092369036497537,0.4922274080566917,0.04940719543284744
2024-08-22 23:00:00,60968.24,60297.5,60625.7,-0.6269153288073291,-1.1912807403642645,0.003892292850597112,0.48931031397427466,-0.7347324904955657,0.5170191973763897,0.5053214286932404,0.046826260670549645
2024-08-23 03:00:00,61367.74,60572.94,61189.58,-0.5331421385960086,-1.1823856857362112,0.003465565980645069,0.7758429793561202,-0.5806466676267885,0.5256014369529131,0.5170252802354018,0.04632128239609352
2024-08-23 07:00:00,61337.57,60937.97,61060.75,-0.6026198971598339,-0.09801888763058442,0.004394588528504384,0.3072572572495663,-0.6453548287437538,0.43903169872707376,0.5319180448198332,0.047720015689203074
2024-08-23 11:00:00,62320.36,60691.11,60994.91,0.6304755990917735,-0.1033136389602889,0.0048561538796640935,0.18646616541239114,1.5599772256731577,0.5454586840685463,0.5484473238472283,0.04788095529795267
2024-08-23 15:00:00,63411.23,60916.41,63152.6,0.8331240543660738,-1.3784851483892204,0.014803303709339577,0.8963332023917686,1.8089803157416475,0.5507270524922091,0.5990791995885991,0.06129824495436194
2024-08-23 19:00:00,64955.0,63000.01,64084.96,0.7469205833136872,-1.3676377940584337,0.0257899052042454,0.5549644755187744,1.0259136893139384,0.5480905692160336,0.6885944406818423,0.07740875225519514
2024-08-23 23:00:00,64318.93,63626.58,63949.99,-0.305982979934849,-0.6903715530164409,0.0002352213183480778,0.46711923159576185,-0.23001229853874408,0.4617420399351538,0.6894319359086052,0.08707832668831657
2024-08-24 03:00:00,64277.43,63759.01,64048.0,-0.6215628177151068,-0.6871964908223323,-0.00015417565272002332,0.5574437714486796,-0.16980208155052812,0.47545097377745826,0.688882871111916,0.09436359611787659
2024-08-24 07:00:00,64494.5,64048.0,64117.76,-0.8486270080052796,-0.6762607851007397,0.004551443596033655,0.1562374020121829,-0.6198499330963179,0.5152098615864852,0.7050893999502007,0.09926008092191438
2024-08-24 11:00:00,64244.0,63868.0,64171.84,-0.8049712201329795,-0.6746266749812988,-0.0023694445020323585,0.8080851063614778,-0.3956265397564378,0.4672324884352444,0.6966140124351812,0.10306621750073822
2024-08-24 15:00:00,64444.0,63872.0,64223.06,-0.5307332328926487,0.6696327187087049,0.0008048613828874895,0.6137412587305249,0.026845253680286084,0.5039182263851142,0.6994861408668163,0.10426671934342219
2024-08-24 19:00:00,64372.0,63531.0,63833.98,-0.8202443068432423,0.664963253554878,-0.0033669131459973523,0.3602615933369805,-0.09929337181178116,0.44210988767124676,0.687461722308057,0.10211070804745931
2024-08-24 23:00:00,64507.04,63796.41,64137.0,-0.771609448452973,-1.4406128542974237,0.00439855492906438,0.47927894965763473,-0.35066313048300535,0.5453291112773635,0.7031176026287405,0.10378274241589343
2024-08-25 03:00:00,64196.0,63976.82,63994.0,-1.0868918206257534,-1.4273584246832192,-0.002124222522691066,0.07838306414461373,-0.6332664688280277,0.4657468392930819,0.6955235507198462,0.1056596501639597
2024-08-25 07:00:00,64038.0,63773.27,63881.01,-0.9100971379259345,-0.8077659956914788,-0.0032147361998152713,0.40698069729888614,-0.6107938401417072,0.4616282190633006,0.6840553476767648,0.10280182025698081
2024-08-25 11:00:00,64251.0,63805.0,64148.01,-0.9163277596469006,-0.8020535284988183,0.00224607310690339,0.7690807174715498,-0.6003256398545358,0.5372140022894161,0.6920421977044535,0.10120400502350264
2024-08-25 15:00:00,64288.0,64000.0,64166.99,-1.0965506435974226,0.06660255934622798,0.0016332935886622657,0.5798263888687489,-0.7420260305242667,0.5044624069317852,0.6978630993649815,0.10103778204276903
2024-08-25 19:00:00,64616.0,64122.49,64482.01,-0.931540979270849,0.06808395928819508,0.0037387916264393084,0.7284958764619108,-0.503834952764181,0.5340029031657272,0.7112095571802955,0.09682843301656195
2024-08-25 23:00:00,65000.0,63790.0,64070.0,-0.17178934090881987,-0.0552626866611179,-0.0007985802965241318,0.23140495867577354,0.28204161098922825,0.4929352937307829,0.7083481869393985,0.08971149359101203
2024-08-26 03:00:00,64205.31,63420.0,63728.44,-0.6851345835017817,-0.0534670151471242,-0.006357511939268257,0.3927620939451626,-0.47145403990806434,0.42897912456207604,0.6855869587723474,0.08026550209328366
2024-08-26 07:00:00,64039.2,63220.95,63780.0,-0.40447045781415863,0.13026494636151728,-0.002849260733664205,0.683226397791837,0.020662344073691368,0.4675491646393449,0.6754508595192423,0.06900554839068117
2024-08-26 11:00:00,63996.77,63125.53,63500.6,-0.021242001638122347,0.12513225440454132,-0.00226398404110717,0.4305013543865015,0.8959148369850967,0.4694850200271324,0.6674198001161468,0.059787705026816
2024-08-26 15:00:00,63878.78,63061.0,63643.94,-0.028379456973719283,0.18773769122450315,-0.0016977365312466075,0.7128323020774228,0.675559307155491,0.4969207267274795,0.6614110323344327,0.04546522854111679
2024-08-26 19:00:00,63703.0,62838.0,62973.01,-0.43386431265995107,0.18618411757658096,-0.004131205967029761,0.15608092485368927,-0.011866899502351298,0.45471896632200387,0.6468143542469307,0.023228603947861554
2024-08-26 23:00:00,63212.0,62657.0,62900.07,-0.3487761424869287,-0.001815274868107473,-0.0038954204751027177,0.4379639639560722,-0.17893917746087573,0.4819356017978937,0.6331076308469511,0.02518985649205722
2024-08-27 03:00:00,63200.0,62701.06,62761.0,-0.2845303669578595,-0.0028009261493275434,-0.0003691418421358783,0.12013468553092696,-0.3779141200485164,0.41926078341386847,0.6318137999496511,0.02973158487411945
2024-08-27 07:00:00,63000.0,62244.37,62332.05,0.005696257317067609,-0.20626889614118693,-0.0047464428607643105,0.11603562590003075,0.042864339523015826,0.4405011519225099,0.615183803590806,0.036713662123355174
2024-08-27 11:00:00,62545.0,61801.01,61851.01,1.0106163252341633,-0.2133590284525135,-0.007171786851849271,0.06720520437012337,1.2815123946679154,0.4800299677713872,0.5901754552941041,0.045660646695223836
2024-08-27 15:00:00,62142.84,61473.03,62096.01,0.46491419534606104,0.9215715271820083,-0.00698756920119481,0.9300846508572648,0.5325671236929078,0.46139073009253373,0.5659842299230112,0.04990008998557805
2024-08-27 19:00:00,62196.75,58034.01,59506.94,2.897676302442673,0.9151666918626081,-0.029666927814796518,0.3538366556634483,2.819533401277837,0.4239826993833202,0.46399389790834983,0.07881538974524328
2024-08-27 23:00:00,59780.0,58917.12,59336.02,0.9860531429672552,-1.8232676639098122,-0.010311249841050807,0.48546727238450393,0.8733412654400554,0.48700015958199594,0.42959705567611295,0.09755852335885336
2024-08-28 03:00:00,59661.0,59126.21,59186.91,-0.13874630230090587,-1.804363274171583,0.0014419342203435548,0.11350249630484721,-0.1674830558319886,0.4329516544961996,0.4343575422746952,0.1129577281273769
2024-08-28 07:00:00,60234.98,58516.0,59756.99,1.260201687113669,-0.07367130563966015,-0.0007299863134838658,0.721933937563425,1.3026477839431259,0.5046881630773734,0.4319440473560859,0.1187525917998668
2024-08-28 11:00:00,60160.0,58926.0,59195.26,0.9310180013637374,-0.06827860248270812,0.005479615116436465,0.2182009724455592,1.473654032489793,0.42739742755634397,0.45004763218964855,0.12815697223818215
2024-08-28 15:00:00,59510.0,57860.0,59487.0,1.999532529461551,-0.3069084762442052,-0.016673032276722455,0.98606060605463,2.8826404120933242,0.4489917332796719,0.39466132787870556,0.13212699879783357
2024-08-28 19:00:00,59849.99,58623.01,59195.43,0.283453554784224,-0.3030510396980809,0.009497889972917894,0.46652757175775883,1.087218051715355,0.4919735432078433,0.42568640578368805,0.13587524796915504
2024-08-28 23:00:00,59320.0,58878.46,59137.0,-0.7335396560862296,-0.6979272785251165,-0.002623882530746302,0.5855415137793744,-0.40809587601562247,0.4630938081952583,0.4170340264747695,0.1370716582456237
2024-08-29 03:00:00,59764.0,59032.48,59570.65,-0.5907305373344953,-0.6940302312056572,0.004943669844584608,0.7356873359479491,-0.3891639025559629,0.494098979074692,0.433293241928463,0.13169402727910662
2024-08-29 07:00:00,59841.66,59374.0,59673.01,-0.5610015622268799,-0.8131878047891284,0.004204595115157916,0.639374759426947,-0.2606262669302762,0.48423689602298453,0.4471900809569765,0.12678938475274762
2024-08-29 11:00:00,60949.0,59614.86,60814.99,1.412896750444172,-0.8069427942620051,0.01243781534901478,0.8995532702647416,1.7971522695740696,0.5147596146569298,0.48847183622736323,0.11803894283263565
2024-08-29 15:00:00,61166.99,58915.01,59161.0,1.0793060768803593,-0.39102111571753634,-0.0025278168222694353,0.1092327640560334,1.6792828079225732,0.46106681229609264,0.4799775281622987,0.11618214045934458
2024-08-29 19:00:00,59703.77,58713.09,59211.99,-0.023017304850737993,-0.3878376514274545,-0.015485485269504329,0.5035934913342001,0.4289765708956806,0.48002359762179975,0.4280726685729207,0.11007390163638128
2024-08-29 23:00:00,59487.64,58953.7,59202.51,-0.7744987380881037,-0.3141559419961398,-0.00091297788823963,0.4659886878588305,-0.4307605200392951,0.4678517953359127,0.4250599013087236,0.10051789933686989
2024-08-30 03:00:00,59373.0,58685.0,59361.0,-0.21539877169825633,-0.31109017900411656,-0.004604783104711796,0.9825581395206023,-0.26423414826445,0.4775194215935305,0.40987829164953055,0.0922697274573936
2024-08-30 07:00:00,59674.42,59226.84,59581.13,-0.3143750392459623,0.19004890054482101,0.00859739411155891,0.7915679878280616,-0.25134229102452543,0.540135637952785,0.438092705170638,0.08161481656920755
2024-08-30 11:00:00,59944.07,58441.31,58462.89,1.1353991575361733,0.19629227890072537,-0.0027829470374736154,0.014360243817947056,1.620535066151986,0.4766357053894223,0.4288812768980736,0.07374851230863248
2024-08-30 15:00:00,59371.0,57701.1,59370.99,1.9400631195355216,0.0796009134428582,-0.015315872559629629,0.9999940116114726,2.485209013201098,0.4749440345112918,0.37832751554431937,0.0607436284682217
2024-08-30 19:00:00,59371.0,58700.0,59237.5,-0.7689831751387206,0.08598548235012961,0.010547328974905623,0.801043219064068,-0.05328418429678456,0.49343359811623405,0.4126083321994675,0.05012687690463673
2024-08-30 23:00:00,59462.38,59070.4,59196.5,-0.989121049670563,-0.798188987116274,0.00422131012807947,0.32170008673091194,-0.6111105657501905,0.5239553168355019,0.42647309951940804,0.029253578844509538
2024-08-31 03:00:00,59350.0,59129.33,59154.01,-1.2474084410632247,-0.7907946194497066,-0.00019321478406475467,0.11184121085277597,-0.9733426855345094,0.47544618956938106,0.42583581244095586,0.029399046777827932
2024-08-31 07:00:00,59188.99,58831.88,59136.99,-1.0150991646834295,0.2382600577828367,-0.0037179722630238388,0.8543866035436034,-0.8821626136919797,0.4668976824817569,0.41357506393459176,0.029607538979552497
2024-08-31 11:00:00,59244.04,58892.15,59126.0,-1.0653233952791537,0.24496185805286483,0.001544251361785376,0.664554264097739,-0.8556791629682593,0.48181828728415327,0.4186486043902292,0.02971034563675982
2024-08-31 15:00:00,59155.0,58744.0,58920.52,-0.8806166729566087,0.294760980010999,-0.002259795728214997,0.42948905108443286,-0.6167121878331556,0.41818921436470613,0.4112127228818976,0.029759294744881124
2024-08-31 19:00:00,59141.72,58763.29,59024.0,-1.1717313430984628,0.3016250573805452,-0.000522018666784585,0.6889252966020392,-0.9183703407994592,0.44218766500293977,0.40949889666120126,0.029978873074740744
2024-08-31 23:00:00,59076.59,58276.01,58540.25,-0.7534305896859104,0.36981287217548736,-0.0041496486015661915,0.33006070598403553,-0.598696103103743,0.5003790623957975,0.39588240255440155,0.03219419313201041
2024-09-01 03:00:00,58672.01,57777.0,58201.1,-0.30802787489421674,0.3768455120353273,-0.009124093487816842,0.4738494541907454,-0.23871083852310282,0.4471450542886724,0.36606719833890705,0.03620769509973912
2024-09-01 07:00:00,58504.81,57896.01,57931.0,-0.7594360669485062,-1.1050857274150703,0.0005438618265087847,0.0574737187901174,-0.5261660433994662,0.4706050113774342,0.3678281843548342,0.04135976320003169
2024-09-01 11:00:00,58320.15,57201.0,57879.99,0.6321184191081709,-1.0962372016226714,-0.005211500990324858,0.6067015145368629,0.5430806786945642,0.4611381124049658,0.35094453644053875,0.045094314576686494
2024-09-01 15:00:00,58788.93,57714.35,58541.1,-0.3346233373382422,-0.4835413286445148,0.0052627605885502415,0.7693703586445914,0.26932437910816515,0.48863257596009335,0.3679053949684397,0.04410849989139742
2024-09-01 19:00:00,58775.0,57232.0,57309.01,-0.3203284433679281,-0.4767644706094532,-0.004444801715950297,0.049909267660079686,0.2618288402301552,0.4478384391843848,0.3535052718803361,0.042024380387402464
2024-09-01 23:00:00,57721.0,57128.0,57509.01,0.34156364266393346,-1.0710996584524053,-0.009006535909413582,0.6425126475439745,0.47186676765902674,0.5163714824736727,0.32445588691724003,0.04618807709048914
2024-09-02 03:00:00,57987.99,57445.91,57688.0,-0.4631445926055163,-1.062557391675776,0.004235525231070181,0.4465945985749945,-0.32808140032935323,0.5130982544559294,0.33799397141316734,0.04814735395289536
2024-09-02 07:00:00,58587.0,57362.06,58498.51,0.3204540540162858,-0.33157124786996056,0.0072738712417934615,0.9277597269994651,0.2617961621898229,0.5171157953617314,0.3613420494911295,0.04674692286834024
2024-09-02 11:00:00,58808.0,58104.0,58597.0,0.11050167275254996,-0.3265012794762661,0.006712378096002336,0.7002840908991437,-0.08977765155166606,0.5077063212895776,0.38304453664436205,0.04518066578249005
2024-09-02 15:00:00,58741.1,58293.12,58486.01,-0.39183086365716047,-0.4427839288334412,0.0004520253664663798,0.4305772579036908,-0.33963520955665927,0.39826168648396276,0.3845158369045709,0.04240228993001906
2024-09-02 19:00:00,59350.0,58384.61,59349.99,-0.12164875465980496,-0.43659335080458145,0.007857022446716266,0.999989641481679,-0.23898321567684763,0.49532299766766985,0.4101012696241322,0.043494709780445985
2024-09-02 23:00:00,59809.65,59021.62,59311.01,-0.3200322914824303,0.9012589388048591,0.007198896268876709,0.3672322119669651,-0.37217117399269917,0.507187189850512,0.4337277818075449,0.04327263371238432
2024-09-03 03:00:00,59327.71,58872.0,58891.0,-0.48016804419860387,0.9066575056850625,-0.00468985823860546,0.04169318206662813,-0.6742882372657197,0.4347461982440484,0.4182250349566533,0.04262276072586897
2024-09-03 07:00:00,59195.63,58717.0,59078.94,-0.5475931278274139,0.6836573927696583,-0.002411165353073841,0.7561999874484305,-0.5102630597494543,0.45957949299953926,0.41029209140852,0.0421008155849341
2024-09-03 11:00:00,59350.0,57568.0,57672.84,1.4815932175255748,0.6883490999762565,-0.01020559051459613,0.05883277216577339,1.3157690147726688,0.4856587167186125,0.37679577209665166,0.04405818153181191
2024-09-03 15:00:00,58100.0,57589.01,57926.0,0.10838352008983436,0.5879973631600811,-0.009470631765255533,0.6594845300170344,0.7151267439544766,0.5028969729273791,0.34602893185935996,0.04332775938850507
2024-09-03 19:00:00,58251.09,57852.0,57865.0,-0.6315325634919279,0.5948440995375605,0.004464159368810172,0.03257410609054191,-0.27148432953167106,0.4903512055242317,0.36039410921973514,0.04261395244000578
2024-09-03 23:00:00,57943.53,55606.0,56648.01,2.5265234524112983,0.10361542406868961,-0.023978858885778442,0.445773957979382,1.5061754254219846,0.4283596307721782,0.28288829926799874,0.050149205146718424
2024-09-04 03:00:00,56850.0,56201.0,56277.0,0.4337332040277749,0.10417172257714381,-0.0035713071009559894,0.11710323574549918,-0.10037708483217264,0.44032063007491196,0.2716217175951925,0.057617970233422904
2024-09-04 07:00:00,56909.94,56253.0,56456.45,0.03956643601002911,-0.12827545402747562,0.0028217523157192392,0.30969342709668984,-0.13568613174696975,0.5057003793720506,0.28049184968124385,0.06256936787940964
2024-09-04 11:00:00,57581.4,56187.61,57511.1,1.1254904521245528,-0.12205021926218394,0.001387091520816286,0.9495619856581706,1.462663993434681,0.5088490818783606,0.2852857394880218,0.06179976171464355
2024-09-04 15:00:00,58519.0,57365.0,57684.01,1.8119367475480763,-0.6391524827463856,0.02184691523100235,0.27643847486762363,1.7970509870485178,0.4896290351339933,0.3575678954318258,0.061774262371159294
2024-09-04 19:00:00,58390.0,57662.0,58130.99,-0.7732527098735567,-0.6329958796115694,0.0010101105306197233,0.644217032958181,-0.2920115135386201,0.5121088446998602,0.40755692871913674,0.061340291149935555
2024-09-04 23:00:00,58327.07,57653.13,57692.99,-0.5646739680133649,1.5505032420516849,8.249975103935547e-05,0.059144730984077215,-0.2027411700356048,0.4175658922221956,0.4078609664742466,0.06122451821496142
2024-09-05 03:00:00,57693.0,56541.68,56914.01,0.42565820823271505,1.553780336086942,-0.015703437357238115,0.3233940172990723,0.47757625381421476,0.4184160196019333,0.36292494063648006,0.06338493262800757
2024-09-05 07:00:00,57245.03,56623.0,56771.0,-0.42835798921799517,0.09710395665038142,-0.0027638726208628617,0.2379306464280195,0.046428508272234076,0.4981809592776526,0.3525275761397821,0.06578391987856867
2024-09-05 11:00:00,57350.0,56318.0,56558.01,1.3013676211470326,0.09841118642030598,-0.002463045992138424,0.23256782945511278,2.230621984075144,0.49963701905326835,0.3432874953093705,0.06920463996970076
2024-09-05 15:00:00,56710.0,55817.51,56548.99,0.9152655216098896,0.19650668904573193,-0.009563237494140453,0.8195946172974505,1.6011193323425155,0.45868651489641593,0.3134672143467741,0.07099883802526247
2024-09-05 19:00:00,56568.0,55643.65,56104.6,-0.19938261499702753,0.19756692822866456,-0.0033447077306216766,0.4986747444095971,0.5591189630554257,0.4812643168464969,0.3008296070286544,0.07435246537035839
2024-09-05 23:00:00,56858.88,55989.0,56738.0,-0.5768485045630055,0.15934437256231845,0.006245103724004997,0.8610383041240077,0.07070514109423418,0.4822892755129721,0.32434711585995424,0.07313701269010799
2024-09-06 03:00:00,56840.88,56278.57,56430.01,-0.7070194369165287,0.16501974647225726,0.002105246661965099,0.26931763617454746,-0.3090160982854587,0.45745692361389506,0.3323244618308419,0.06857517515174089
2024-09-06 07:00:00,56439.0,55280.0,56178.01,1.3007494144882195,-0.31193612127412135,-0.013510729984572922,0.7748144952478464,1.2280278910907274,0.47920910562053015,0.2810208913974726,0.06302247544945992
2024-09-06 11:00:00,57008.0,54424.24,54733.24,4.673113005589935,-0.30906918066689637,0.000700772157486762,0.11959315106619958,4.389364611497313,0.450735614114391,0.2836459438171977,0.06969206135192443
2024-09-06 15:00:00,55000.0,53350.0,53352.67,3.314744667166019,-0.0030603254585603048,-0.031347815022371606,0.0016181818181709529,3.4742440919730266,0.47253839727440694,0.16613653209362417,0.08526317633242804
2024-09-06 19:00:00,53997.0,52550.0,53644.01,2.3835093979892217,0.0023652493934675388,-0.01373616605770489,0.756053904625046,2.4839400942815213,0.46168669445799093,0.11625971034881984,0.09711994347891234
2024-09-06 23:00:00,54095.65,53611.1,53802.0,-0.6561470181858154,-0.4139118186476545,0.010494152856257433,0.3939737901064092,-0.17910641695764823,0.4812341873579241,0.16915499326554312,0.10332154953715554
2024-09-07 03:00:00,54381.1,53791.42,54320.23,-0.5009924616079877,-0.409856822074491,0.00464911516136346,0.8967745217593219,-0.31539813498684044,0.5349724348042373,0.19292714922191564,0.10352284191021395
2024-09-07 07:00:00,54454.8,54168.23,54346.01,-0.38188815800443476,-1.8877644105858842,0.0031065093617976824,0.6203719858805712,-0.34782310791596066,0.4521853978867209,0.2056943455428754,0.10702955303193913
2024-09-07 11:00:00,54691.1,54264.54,54632.17,-0.7727531895207774,-1.8670195705556798,0.0038568320596057415,0.861848274548436,-0.2541872199076912,0.5237108461090106,0.22159447451266898,0.10868610828292372
2024-09-07 15:00:00,54850.0,54000.0,54291.1,-0.38323359801041035,-1.7681680868964036,-0.0012111992327850096,0.34247058823126336,0.14978995865413391,0.45918765704239123,0.21658194105350043,0.11215880195512971
2024-09-07 19:00:00,54457.82,53867.0,53954.0,-0.7831749619241918,-1.753532957222668,-0.005520877516251965,0.14725297044535987,-0.5071730149532264,0.4297598460304567,0.19376152942906524,0.11283840597096496
2024-09-07 23:00:00,54509.0,53814.01,54337.43,-0.7611737716178596,0.5713273987627977,0.0008360110601037807,0.7531331385954739,-0.6542512886284818,0.5213978217781956,0.19719808249762757,0.10811348869829929
2024-09-08 03:00:00,54575.0,54261.1,54292.01,-0.969681597267833,0.5815625216105703,0.00366536733405054,0.09847085058623332,-0.8502660513858304,0.5060415437442927,0.21227773939204125,0.09939716068698624
2024-09-08 07:00:00,54722.85,54292.0,54608.01,-0.8022868108756224,-1.4926331544918066,0.002405701169901686,0.7334571196301927,-0.5800223640998922,0.4981279166148744,0.22602365989463757,0.09010113802762365
2024-09-08 11:00:00,54669.6,54041.61,54149.5,-0.6819462326190274,-1.4826101829495255,-0.0038963322231372333,0.17180209875679828,-0.3359140758575692,0.4457635212784008,0.20961964400103503,0.08663169943055082
2024-09-08 15:00:00,54531.1,53629.01,54412.01,-0.2918086978184586,-1.3119026709185027,-0.004632522616937362,0.8679843474501693,-0.003664938931235424,0.4948115366126713,0.1901921721323012,0.08090662675394811
2024-09-08 19:00:00,55318.0,54184.0,54530.0,-0.046391523622068005,-1.3038532379635863,0.012543629559272684,0.3051146384452812,0.25144928948683387,0.5097052710734894,0.24583450168402954,0.07541204357495189
2024-09-08 23:00:00,55370.23,54424.75,55113.0,0.22269632000416856,-1.7992639435001028,0.0049637265187520985,0.7279371324541167,0.7370498186289854,0.4905661307764415,0.26709826838033374,0.06851330095303149
2024-09-09 03:00:00,55215.74,54591.96,54898.0,-0.3179574221465352,-1.7860215540510174,-0.00149688766302003,0.4906216935379384,-0.16877671036936803,0.46180546133658035,0.260654024786193,0.06456922429954291
2024-09-09 07:00:00,55555.0,54730.0,55364.0,-0.23716519506773515,-1.6706067438791115,0.00501957219053617,0.7684848484755336,-0.10012181649878947,0.5213410647718956,0.28223141258158996,0.05483290107602971
2024-09-09 11:00:00,55799.0,54804.0,54840.01,0.46115485446750426,-1.6598114620842321,0.0018444836225595118,0.036190954773507665,1.022286633876223,0.4925673632564019,0.29020000263991985,0.04560821106996858
2024-09-09 15:00:00,56775.24,54828.0,56530.0,1.5508356017475813,-0.9423954697448426,0.014842692775057786,0.8740576405534302,1.7490042536167079,0.5204032723085156,0.35444209704161467,0.047976876242328145
2024-09-09 19:00:00,58088.0,56482.0,57216.0,0.7352959542002043,-0.9362610519363508,0.020788532015891592,0.45703611456751536,0.7695772938558504,0.5298595659452701,0.44575445226618754,0.0635738916605765
2024-09-09 23:00:00,57265.13,56624.5,56775.28,-0.219300294371352,-1.4031991300163602,-0.006836377369357494,0.23536206546313135,-0.19666938220543898,0.48829809825034887,0.41510183714050486,0.06873724007310152
2024-09-10 03:00:00,56966.0,56386.4,56825.99,-0.6165583495666475,-1.38936888948966,-0.003418825932866243,0.7584368529889808,-0.6225771622670454,0.4870109303563944,0.39987746827085013,0.07281301600418189
2024-09-10 07:00:00,57378.0,56773.43,57170.0,-0.14459608697539977,-0.6947613863192512,0.007430756234420466,0.655953818405545,-0.06529422187099938,0.4735883529102402,0.43285422965179915,0.07747058057488887
2024-09-10 11:00:00,57468.98,56502.31,56941.09,0.3996909304240745,-0.6886739760045448,-0.003005114430246092,0.45390877962019843,1.1842327286996364,0.4814843121132975,0.419418810911576,0.0814992089413827
2024-09-10 15:00:00,57978.41,56566.0,57581.99,0.2209770921043912,-0.2740916621080223,0.0045904285537201606,0.7193307892133319,1.4384407419123173,0.535490412431747,0.43988025849537543,0.08670171737567166
2024-09-10 19:00:00,58044.36,57334.01,57615.85,-0.4643232291395458,-0.2683498518804326,0.008523963168685977,0.39676215949324906,0.06875293390633004,0.491059370952959,0.4780495170359353,0.09195921799104217
2024-09-10 23:00:00,57870.0,56681.32,56921.1,0.03865887956794157,-2.038445734607683,-0.009030602676305843,0.20171955446207693,0.533438781484281,0.4431995599055301,0.4372668976934194,0.09284696828142532
2024-09-11 03:00:00,56971.1,56100.0,56460.0,-0.030315128162300156,-2.0245039646695266,-0.01227375318016044,0.413270577426091,0.45494656286033963,0.4618330125590132,0.3823386164868879,0.08956150617296411
2024-09-11 07:00:00,56783.1,56325.7,56510.0,-0.08361140991161606,-0.4808682267933716,0.0013062485685779723,0.4029296020900154,-0.062081155840015584,0.4732560454623946,0.3881126732084331,0.08648919395013503
2024-09-11 11:00:00,57166.66,55545.19,55974.0,1.9965286925469716,-0.47393078037194736,-0.003408865378285997,0.2644575601135715,3.1266987445636296,0.4935794113949365,0.3730246620966438,0.08281751194116951
2024-09-11 15:00:00,57981.71,55852.0,57500.0,1.6221821746992255,-1.159331481280878,0.015442810159065345,0.7738142751793731,2.943893516496993,0.5150122730779609,0.441143228092657,0.08025251756670487
2024-09-11 19:00:00,57776.32,57211.1,57467.99,-0.8165420427636364,-1.1489619637712445,0.004141027915993023,0.4544955946276741,-0.3769202933607418,0.47894101225031954,0.37501306290914854,0.07551151616107625
2024-09-11 23:00:00,58470.01,57310.97,57946.28,0.08545312764021291,-0.37747214854861855,0.007468786252593063,0.548134663164788,0.5923473817394769,0.5455980997831146,0.41386999367708155,0.07197279956275002
2024-09-12 03:00:00,58430.56,57836.28,57947.99,-0.19448555025059655,-0.3708831327685792,0.0034685474525331106,0.18797536514457763,-0.0455908654602448,0.437860616119989,0.4320501537525323,0.06760449197345324
2024-09-12 07:00:00,58350.0,57876.0,57930.41,-0.43966416254618756,-0.03395725742686721,0.00029374246242808155,0.11478902953345063,-0.29932704553310313,0.4792936456431804,0.43359512555791396,0.06519072210692325
2024-09-12 11:00:00,58588.0,57345.23,57541.29,1.3922003077768383,-0.02966167912438307,-0.003908211175383536,0.15776048665354056,2.6528244217347594,0.48686328422654096,0.4130334074295501,0.058398289265720035
2024-09-12 15:00:00,58450.99,57408.41,58181.99,0.30387664370695916,-0.6009436845832499,0.0011708214091785685,0.7419862264695072,1.8922931176333326,0.5080812097826147,0.4191692102437306,0.054631208737415726
2024-09-12 19:00:00,58442.86,57781.1,58143.34,0.5696217488040998,-0.6007927076598802,0.004270615005278033,0.5473887814230581,1.0443213529741877,0.3921020342848833,0.4415759848023945,0.043146449054286475
2024-09-12 23:00:00,58290.4,57876.9,58050.8,-0.9049682413063135,0.08903695397924088,-0.002286081716657451,0.4205562273175233,-0.286218147529373,0.5160401762687595,0.42953030183601565,0.04315671456060404
2024-09-13 03:00:00,58070.0,57742.0,57767.01,-0.8785328959689321,0.09417490901403083,-0.0029801384444669843,0.07624999999768152,-0.6444025814413702,0.41909833058642953,0.41386343510674534,0.04382373817716679
2024-09-13 07:00:00,58350.0,57767.0,58343.99,-0.7934517865995464,-0.09698466658563305,0.0030552413897209085,0.989691252127103,-0.31716114194701445,0.4889671900890688,0.4298772589888131,0.044779430403252184
2024-09-13 11:00:00,58553.01,57632.62,58456.89,0.6282294045981875,-0.09683511677679818,-0.0009380404778910334,0.8955660100512192,1.5294778825377493,0.5081701684178918,0.42494556694058333,0.04610593057640749
2024-09-13 15:00:00,59971.17,58362.0,59752.17,1.9986159000167854,-0.48022880164768844,0.024093467273031077,0.8639049944949015,2.9544368226939297,0.5537187096997516,0.5514967172680714,0.05566961058027158
2024-09-13 19:00:00,60625.0,59633.4,60608.0,0.5285287903216116,-0.48732050461718185,0.012475440432767604,0.982855990308765,1.0737195964181911,0.5235307318680802,0.6186028600152189,0.06889020990371363
2024-09-13 23:00:00,60623.48,60169.0,60287.99,-0.5365044177725966,-1.970949338156329,0.0052559293029850185,0.2618157014552433,-0.32391119408594843,0.43063835272433704,0.6472275242897845,0.07804331346849215
2024-09-14 03:00:00,60431.98,59900.0,60046.0,-0.7460519819573765,-1.9449013990288107,-0.005144821480655759,0.2744464077545296,-0.8268058437374803,0.4216223074260859,0.6190607028889298,0.0839516464851383
2024-09-14 07:00:00,60174.0,59789.32,59851.09,-0.9019966116413343,0.33327505593346257,-0.0027320795911478513,0.16057502339188676,-0.868622426302799,0.46313513362966036,0.6041800926280618,0.08601325994305747
2024-09-14 11:00:00,60010.0,59605.98,59914.0,-0.9435206531261672,0.33551550026702326,-0.003451519682230675,0.7623880005751581,-0.5531568777303356,0.4957650061686932,0.585432323422422,0.08461432733130675
2024-09-14 15:00:00,59983.39,59400.0,59786.0,-0.8266253833586291,0.686804313732397,-0.000890075787425948,0.661650011130434,-0.5031912032039593,0.4638256849748751,0.5806143470864615,0.08159524228393551
2024-09-14 19:00:00,60134.13,59735.16,60006.97,-1.1685392113995487,0.688050099794869,0.00410009990248783,0.6812792941654486,-0.7600400819904839,0.529295036111253,0.6027884157027831,0.07291313255201344
2024-09-14 23:00:00,60280.06,59936.91,60238.01,-1.164853440425113,0.01677935615790696,0.0025568557092099375,0.8774588372176281,-0.9967659730693904,0.47539309798468643,0.6166730414731741,0.07284352454051982
2024-09-15 03:00:00,60238.57,60032.9,60164.01,-1.235700000098779,0.01853401711283898,0.00035413304433840054,0.6374775124890695,-1.2062712786389467,0.41087145844500306,0.6186010254605337,0.07150172279282359
2024-09-15 07:00:00,60214.34,59880.0,59991.3,-1.1916474352399637,0.1420580834977126,-0.001369712135163459,0.3328946581224954,-0.9769355249028002,0.443262072532104,0.6111413481029206,0.07083107085014465
2024-09-15 11:00:00,60350.98,59871.0,60279.52,-0.8799838109028857,0.14800163030036118,0.00042215724465055615,0.851118796598781,-0.46679137574399315,0.5682585521516451,0.6134373366688387,0.06976043470418233
2024-09-15 15:00:00,60395.8,59707.08,59971.09,-0.37060453609012,0.24678139440050412,-0.0011980897528973689,0.3833343013070057,0.05603547389796231,0.4449844812464075,0.6069185295684668,0.06756994191207562
2024-09-15 19:00:00,60140.0,59392.0,59430.31,-0.6964621069941347,0.24892248732104016,-0.005964412021504217,0.05121657753941913,-0.12404444390700484,0.434925621018838,0.5745050408530152,0.061733251080931084
2024-09-15 23:00:00,59456.0,58112.0,58263.99,1.1492928106720284,0.7364345934238617,-0.0149569653961944,0.11308779761820469,1.5475039374654065,0.4460136085758819,0.49370649170998454,0.06256632947571537
2024-09-16 03:00:00,58863.86,58218.0,58707.43,-0.19621605842421525,0.7411112623897558,-0.004160213538551449,0.7577958071291331,-0.3056815647270557,0.5351352074691249,0.47156887310776024,0.05970303059857893
2024-09-16 07:00:00,59179.35,58506.0,58749.99,-0.3714076305509884,1.0141710401798445,0.004961995900597982,0.3623524170139971,-0.10017391174182062,0.5007067970690284,0.49786314519460956,0.056387873262893635
2024-09-16 11:00:00,58835.84,57555.0,57604.0,0.7438723204073326,1.0052246250935564,-0.010307186366933618,0.038256144404935494,1.5874893934489256,0.45075379663780846,0.442972982408805,0.05881921474262932
2024-09-16 15:00:00,58263.84,57493.3,57896.0,0.492228178081817,1.759210189391751,-0.006535695315252443,0.5226204999023727,1.1903492356628373,0.5147684683050504,0.408526363162251,0.061139986137482547
2024-09-16 19:00:00,58172.5,57608.0,57970.01,-0.6126739088900055,1.738661435813583,0.0009346849267652946,0.6412931797937805,0.07434293033460772,0.4893971431826665,0.4134204572394145,0.06355769857678154
2024-09-16 23:00:00,58410.0,57610.01,58115.52,-0.6210714639519561,2.1284043572425873,0.002188333544961951,0.6318953986845799,0.009683554431430019,0.502244800835235,0.4248894777894996,0.0665460388058857
2024-09-17 03:00:00,58779.08,58011.1,58488.0,-0.8112920152442673,2.0968454511962467,0.005572895462715444,0.6209797130052731,-0.5460725704227106,0.501179201721643,0.4541608480060882,0.06446826845047111
2024-09-17 07:00:00,59275.0,58452.78,59236.0,-0.31211654791435167,0.5489786356200117,0.008964909308594171,0.9525674393598725,0.14408993353580626,0.49762256835430474,0.5015110259266449,0.06163822721597733
2024-09-17 11:00:00,60406.18,58872.02,60265.17,1.8935787388945422,0.5522164058228434,0.012952476850438766,0.9080865098757088,2.634480177500851,0.5124402626950014,0.5705357376817574,0.0613479921641769
2024-09-17 15:00:00,61320.0,60220.9,60540.17,2.3706702050989334,1.3430434514721135,0.022085724521935246,0.2904831225521722,2.7634612451973863,0.494484037533713,0.689756665823957,0.06343952968816155
2024-09-17 19:00:00,60696.48,59618.26,60240.01,0.1934553639048685,1.3305500541183801,-0.013061368072843083,0.5766448405652214,1.2304292836409438,0.46042321747126186,0.6176929190611242,0.06468390103733818
2024-09-17 23:00:00,60361.0,59854.6,60352.0,-0.5864857396463584,0.40055541520528837,9.03570852976987e-05,0.9822274881322626,0.11801970265490518,0.5084478038655391,0.6181849365411796,0.06608168402694124
2024-09-18 03:00:00,60769.0,60199.68,60453.99,-0.37531478602309787,0.40036427483501136,0.005872258764301197,0.4466907890036024,-0.06520035614321508,0.3957977315860971,0.6501637793125241,0.06735130841462005
2024-09-18 07:00:00,60541.65,59348.88,59907.49,0.09901469502286975,0.4776191954423702,-0.010583829699431835,0.4683300217102337,0.32694402842631426,0.5171580573036908,0.5921884488351579,0.06712388326399799
2024-09-18 11:00:00,60160.0,59308.61,59487.6,0.11849079524976953,0.4769146060582776,-0.0026552449900446584,0.21023267832356002,1.3249802270602156,0.5136574306431368,0.57779768017435,0.0663687318838579
2024-09-18 15:00:00,61318.6,59174.8,60629.79,2.853628793710261,1.1826153824189436,0.010754619473487992,0.6786967067791837,4.841899669949275,0.530301081288459,0.6359302805617909,0.06732085504853497
2024-09-18 19:00:00,60745.99,59473.68,60684.78,0.838336482613067,1.1956889941104207,-0.0021207772338348585,0.9518906555717411,3.0758217367315726,0.4870028831974827,0.6243434277729678,0.0688161354957103
2024-09-18 23:00:00,62589.52,60680.0,62204.32,1.9115283463850126,0.9193385482625865,0.02768957981721809,0.7982739117642232,2.5180366588307272,0.5591548249196565,0.7753044340844165,0.07837288508180959
2024-09-19 03:00:00,62278.0,61814.0,62020.6,-0.5857499022277977,0.9119561755461788,0.0024298006803675776,0.44525862068005595,-0.15493151353899348,0.4850415237222137,0.7889182859006234,0.08682755894651686
2024-09-19 07:00:00,62727.52,61888.18,62320.01,-0.17186662565814287,0.7855122508642178,0.002661766112951547,0.5144875735635841,0.2503233950526632,0.5116627111728715,0.803868046242374,0.09231289452187266
2024-09-19 11:00:00,63500.84,62242.0,62935.83,1.8127565504293819,0.7920233009393423,0.012901340542994522,0.5511661529618475,2.5829276056144814,0.527733060240073,0.8765210596993603,0.10006958164743758
2024-09-19 15:00:00,63850.0,62810.68,63628.0,0.5842698670546759,1.0528797495199553,0.006877850479600767,0.7863987992073048,2.0460033232984864,0.5135261451399602,0.9157528990028847,0.10932655024655234
2024-09-19 19:00:00,63639.69,62650.0,62940.01,-0.41543452692108784,1.046630062629289,-0.005515137586211916,0.29303115116558826,0.3271335689854398,0.4475604580164559,0.8840777200007633,0.10938307928946002
2024-09-19 23:00:00,63184.54,62606.0,63125.01,-0.6383175135644029,1.965218790056217,-0.0030057781681981366,0.8971030524959903,0.019201547077587144,0.46836389548138,0.8669097941381526,0.10767585445412667
2024-09-20 03:00:00,64133.32,63086.95,63795.33,0.586872423114826,1.9391941144616374,0.013853245714116946,0.6769880634892371,1.460778312743307,0.5280426185360967,0.945796729031996,0.10608895353209703
2024-09-20 07:00:00,63795.34,63090.43,63664.0,-0.15180741975371642,-0.05928144547465335,-0.004999593087759324,0.8136783419044502,0.08203571097549606,0.4267024514745011,0.916932278170789,0.10280795737605437
2024-09-20 11:00:00,63700.0,62553.9,63037.53,0.5125791257818716,-0.05756968891354581,-0.005148948137656206,0.4219788849103728,1.9417269899467686,0.4824952918605655,0.8873541683958683,0.09714339796153823
2024-09-20 15:00:00,63359.99,62350.0,62865.45,-0.17140912403025138,1.3420623797409061,-0.004016644398896374,0.5103515876344267,1.624413486932153,0.49547626441781495,0.8643993771828633,0.09241115826683506
2024-09-20 19:00:00,63300.0,62709.3,63180.24,-0.9443845375109057,1.32979465917708,0.0024475915486874555,0.7972574910987384,-0.1855127589435233,0.5080628684211038,0.8783309769107822,0.09124560637029609
2024-09-20 23:00:00,63310.37,62816.47,62917.11,-1.012071946769087,1.1119257163041616,0.0005220798321214914,0.2037659445190554,-0.34823069647223953,0.44829602564472415,0.8813099092335199,0.09034124830436657
2024-09-21 03:00:00,63091.69,62758.0,62999.98,-1.1980356309578775,1.103924935366851,-0.002160952729157728,0.7251640744186216,-0.901008748822847,0.4447951357643737,0.8689733041059122,0.08712886168990956
2024-09-21 07:00:00,63136.0,62966.01,62979.05,-1.2019565127279566,2.329761426069534,0.002115807270778536,0.07671039472459512,-1.0113795886284955,0.4000783938468567,0.8810260776571335,0.08351330940995334
2024-09-21 11:00:00,63300.0,62972.0,63300.0,-1.0822749986864877,2.3031268895749166,0.0012457922975406266,0.9999999999695122,-0.8846944985182791,0.5185582780655736,0.8881377943253961,0.07953728591307137
2024-09-21 15:00:00,63400.0,63061.97,63267.99,-0.870270360155487,1.8848970519514452,0.0011095271117429473,0.6094725320057474,-0.7209518499321605,0.45871074029658065,0.8944795196448261,0.07086127920932173
2024-09-21 19:00:00,63340.0,63058.0,63230.32,-1.269433582553944,1.8768049435217646,-0.00041866440385762704,0.6110638297655641,-1.0134271316896286,0.40425729245308567,0.8920839040016623,0.05407843014144409
2024-09-21 23:00:00,63559.9,62830.01,62957.31,-0.8087355864201224,1.4146844368183846,0.00021748230625306952,0.17440984257662337,-0.25327991014079565,0.4774137161655123,0.8933278260651033,0.04370980227932129
2024-09-22 03:00:00,63208.82,62838.0,62876.24,-1.119387729311482,1.4023843898822739,-0.0026327413344672257,0.10312280890719693,-0.8716401421442732,0.46037574671770887,0.8782661995449487,0.02857821667886935
2024-09-22 07:00:00,63034.99,62544.94,62655.99,-0.9583828042902247,2.0792887290243476,-0.003370284669261814,0.22660952963520156,-0.7399960716043292,0.40771162965134344,0.8590359298795148,0.02659869948974277
2024-09-22 11:00:00,62930.0,62429.16,62668.0,-0.7114317466913349,2.07181879921697,-0.0021072251526990105,0.47687884353332277,-0.4458565000583476,0.4595561853444471,0.8470529849629393,0.022605701408202478
2024-09-22 15:00:00,63134.0,62468.01,62955.99,-0.7298337891023378,1.194424607941593,0.0021800340395461415,0.7327137043989703,-0.46234358394521013,0.5387426085045846,0.8594238416110944,0.019648743633338028
2024-09-22 19:00:00,64000.0,62357.93,63881.51,0.02489815229378437,1.1862100053474849,0.005747423852465516,0.9278410786328986,0.9194994480819109,0.5319461198275371,0.8921093671194182,0.022059327801946298
2024-09-22 23:00:00,63985.0,62538.75,63940.47,0.25003567642377217,1.4105481079225934,0.004762711322741753,0.9692100259224264,2.0074906803171593,0.4929218439299353,0.9193505168619652,0.023808270886754395
2024-09-23 03:00:00,64745.88,63524.36,63671.42,0.4132957874544851,1.39712825129119,0.01072964708878077,0.12039098827591374,1.1333065043119501,0.5433506093129528,0.9810128738955236,0.024693814047201532
2024-09-23 07:00:00,63710.0,63300.0,63496.96,-0.36282697446027945,0.18601428002921014,-0.01005558436778542,0.48039024389072005,-0.06992136185482632,0.4691890437127085,0.9226042461887567,0.02508346937158847
2024-09-23 11:00:00,63806.0,63059.93,63394.5,0.25409217047321936,0.1866132674901966,-0.0021856508708930633,0.44844317556732666,1.5650880274426089,0.5296001127630448,0.910036387498113,0.02379198451885216
2024-09-23 15:00:00,63825.96,63098.97,63430.19,-0.2874327502454436,1.1057211784923753,0.00041415560920965433,0.4556046162883204,1.2349383017402735,0.5125858329403652,0.912412646589349,0.023034424082339775
2024-09-23 19:00:00,63489.0,63088.69,63219.0,-0.8123254154266702,1.1032783401450448,-0.0010980341291444429,0.32552271988394793,-0.6062765267637439,0.46148989107200694,0.9061099571067924,0.023009260258403486
2024-09-23 23:00:00,63418.87,62700.0,63123.99,-0.11454501689773662,0.40515981503347387,-0.004262121689449061,0.5898006593599655,0.019271267453612035,0.5003163116753295,0.8816723439856705,0.02254984304033802
2024-09-24 03:00:00,63394.0,62898.3,63305.43,-0.6230616702262544,0.4024612023840743,0.0008184764277956447,0.821323381060695,-0.658548729882389,0.46775972329171106,0.8863452187755871,0.022523077366356847
2024-09-24 07:00:00,63948.0,63300.0,63526.0,-0.41732162376751175,0.5371429642456886,0.008197332826003878,0.34876543209338323,0.03006997753047519,0.5063404821359352,0.9331840285870792,0.02240385355902483
2024-09-24 11:00:00,63768.0,62731.1,63194.89,0.37033504645730236,0.5386591472763629,-0.005371381112662221,0.44728517696550046,1.9952497346230245,0.4716842697348498,0.9022408592270348,0.022243128413842052
2024-09-24 15:00:00,64000.0,62999.9,63727.58,-0.16603525247932163,-0.18128348593410362,0.00362508227545133,0.7276072392687984,1.3568129591461753,0.4903703373285647,0.9230118707024654,0.022618892642800915
2024-09-24 19:00:00,64688.0,63682.93,64579.9,0.021395378097830424,-0.18254245826008864,0.011091397069752817,0.8924453023083735,0.9785448246192008,0.5556346989269089,0.9867937832267847,0.02858291116031562
2024-09-24 23:00:00,64817.99,63990.41,64422.52,-0.24802302115008074,0.14154209646409083,0.0023888444696853472,0.522136832686598,0.49422101623326387,0.5059569334878039,0.9999999999990952,0.03220346938649511
2024-09-25 03:00:00,64461.95,63700.0,63806.0,-0.6955275161326268,0.1372070979246684,-0.004099922493060348,0.1391167399417406,-0.3894769037803422,0.45572839717608116,0.9761209587869256,0.03284568835867379
2024-09-25 07:00:00,63915.07,63407.7,63630.45,-0.588723970551577,0.11324505629398865,-0.006584322816708066,0.4390287167069566,-0.43256911947590254,0.4504570007354839,0.9379293353231941,0.032228850007002464
2024-09-25 11:00:00,63946.0,63283.37,63936.5,-0.3102369828082529,0.10849738126459733,-0.00044246093074851167,0.9856631906043242,0.8833202163119229,0.4708482214963371,0.9353797887925499,0.031417616708880325
2024-09-25 15:00:00,63999.0,63000.0,63351.0,-0.04451626134404236,0.14694355484230298,-0.0034326404933354704,0.3513513513478343,1.408956732647175,0.46507409068807826,0.9156089937283783,0.02910745243445571
2024-09-25 19:00:00,63551.81,63053.5,63261.99,-0.8073677049332085,0.13936244939210804,-0.001672654312863453,0.4183941722939836,0.03908932844717574,0.4911558784149425,0.9060081662353296,0.026389484497343418
2024-09-25 23:00:00,63400.0,62670.0,63353.99,-0.2091643724652758,0.21070940743275926,-0.004873277748351557,0.936972602726888,0.5418629402586203,0.4776795945791954,0.8780829462323368,0.024891822964414067
2024-09-26 03:00:00,63780.0,63304.54,63721.48,-0.8733393346230186,0.20703734519527048,0.00832141187076374,0.8769191940252259,-0.5417809322172888,0.518062634806484,0.9255345445714526,0.024488370892823737
2024-09-26 07:00:00,64464.0,63595.67,64391.99,-0.08059192870734554,1.2944796486146306,0.0073819041355480675,0.9170706989172634,-0.05327978382884382,0.5430728945647594,0.9679790246507877,0.02623301093349019
2024-09-26 11:00:00,65200.0,64150.0,64426.64,1.9029367293917614,1.2822197531499449,0.00965796582406675,0.2634666666641569,2.257439393087593,0.5556065035693266,0.9999999999991164,0.028475981870333844
2024-09-26 15:00:00,65839.0,64319.9,65285.52,1.4877413937498483,2.1449257206612264,0.009560809666858905,0.6356526890880388,2.819486868231943,0.5344783880812249,0.9999999999991621,0.03565557339685317
2024-09-26 19:00:00,65298.0,64633.52,65086.33,-0.4369553173801818,2.11426038240751,-0.0046326548161614856,0.6814501565031126,0.3102396052624808,0.4625790542885217,0.974670490945109,0.03971797912647946
2024-09-26 23:00:00,65349.65,64732.37,64878.12,-0.7453670332219225,2.0846692506276248,0.0019621631435478015,0.23611651114184667,-0.28736494830270426,0.4349309909941356,0.9853491158835841,0.041823858297676604
2024-09-27 03:00:00,65520.14,64819.9,65344.79,-0.5156003825117773,2.056005726056608,0.003380225604912468,0.7495858562671442,-0.04233170246880082,0.4865424176867386,0.9999999999991652,0.04461364422491635
2024-09-27 07:00:00,65986.0,65265.65,65490.01,0.21311482000195156,1.296252211778454,0.004671679570476206,0.3114597070825105,0.5238023441847954,0.5166007490317852,0.999999999999186,0.04685447032608621
2024-09-27 11:00:00,66498.0,65314.31,66242.66,0.9688515004741404,1.2870591308212984,0.004084131847318373,0.7842847367065374,1.90391942059841,0.5361500844876186,0.9999999999992034,0.0527464883570071
2024-09-27 15:00:00,66422.79,65524.0,65876.42,0.08988196695885545,0.2590720224340437,0.0024615806408474494,0.3921049410831003,0.9745627859634698,0.4874880588483243,0.9999999999992135,0.05604615658445462
2024-09-27 19:00:00,65968.74,65625.0,65870.0,-1.030508033219678,0.25617734604861275,-0.003640017265797657,0.7127480071940093,-0.7805302985866935,0.514757491098782,0.9810957879229402,0.05665168020706074
2024-09-27 23:00:00,66198.72,65683.01,66168.74,-1.0458129017615823,0.9822386060871529,0.0015044559111458966,0.941866552889387,-0.8894774501292874,0.5462934174587077,0.9888806492102203,0.059261472057184045
2024-09-28 03:00:00,66260.0,65738.0,65800.0,-1.0590452187687656,0.9750198012242834,0.0012593326891834344,0.11877394635787789,-0.9741028911280623,0.42866390380881314,0.995406915288934,0.06156473619192835
2024-09-28 07:00:00,65898.33,65453.0,65764.01,-0.9599625892394773,1.610364069121136,-0.005043592961281651,0.6983809758898114,-0.7632988012999778,0.4398928065413197,0.9692364823910955,0.06303391532799957
2024-09-28 11:00:00,65816.0,65422.23,65720.74,-0.9952773809890217,1.5927314174298954,-0.0003649469433223418,0.7580821291424528,-0.8032997026983777,0.4958658414917857,0.9673523793085358,0.06266671940131605
2024-09-28 15:00:00,65823.08,65492.59,65715.01,-0.9178043671960916,0.025119721676467636,0.0007550356246144307,0.6730006959159572,-0.810297012073468,0.548184155652434,0.9712489615736273,0.06096615162338302
2024-09-28 19:00:00,65776.0,65432.0,65680.01,-1.1224590000176495,0.025042454587631085,-5.137849699754504e-05,0.720959302304608,-1.0397009934331596,0.4446515476949075,0.9709836076059255,0.05976062697132687
2024-09-28 23:00:00,65984.0,65617.42,65824.0,-1.0360085641491812,-0.14112463406211298,0.0023488348085971555,0.563533198740699,-0.7696807403246905,0.5255416869495366,0.9831139860628055,0.05505504837646429
2024-09-29 03:00:00,65827.99,65489.93,65499.99,-1.1226326715050807,-0.15063162947139166,-0.002662283457267045,0.029758031117848735,-1.0434271873541028,0.4160699998867662,0.9693325314295397,0.04792385531330713
2024-09-29 07:00:00,65665.18,65432.0,65571.99,-1.0910522429701701,0.40024019469305017,-0.001790864571409756,0.6003516596363578,-1.0409044113233108,0.5726887917719677,0.9600867046155234,0.03886106172810401
2024-09-29 11:00:00,65850.0,65571.99,65694.07,-0.8732010791991053,0.3944839805493395,0.0028356475803548165,0.4391208949160564,-0.8311462323924049,0.47327248374841707,0.9747002907747353,0.030330455546404286
2024-09-29 15:00:00,65960.01,65584.71,65789.45,-0.9292789734402547,1.3440784344981889,0.0007143942703196071,0.5455369037957412,-0.7826404140170289,0.5263348804532243,0.9783923807451319,0.02582081244275995
2024-09-29 19:00:00,66076.12,65578.66,65674.42,-0.882512434178147,1.3338124803594604,0.001196607552291784,0.19249788927365286,-0.523631964171406,0.48276862648928975,0.9845810346965379,0.01981776710555579
2024-09-29 23:00:00,65731.55,64335.36,64376.01,0.3600657220453628,0.36332231390481323,-0.012955043754175888,0.029114948538315158,0.8388591546060243,0.436992349467246,0.9174995427584436,0.026508666929658278
2024-09-30 03:00:00,64750.01,64190.0,64356.0,0.24400733960107096,0.3570391759310175,-0.007919466642307582,0.29642327815045294,-0.16426792110620048,0.4406325400313378,0.8770236257821011,0.030979316754750522
2024-09-30 07:00:00,64689.36,63249.68,63645.99,1.3308038487635825,1.4728806402447443,-0.008901841590958748,0.2752764503203801,1.0838046835680175,0.4755494449588926,0.8318871598181539,0.04042129723454991
2024-09-30 11:00:00,64161.08,63520.0,63740.72,0.38628377347900744,1.457823954359212,-0.000986502903354003,0.34429400386310227,1.018659121917006,0.49948230882928146,0.8269296597658735,0.04735341909238339
2024-09-30 15:00:00,63999.5,63056.0,63330.55,0.5997257641432499,1.907708667265027,-0.00483490386496499,0.2909909909879099,1.0300531961262644,0.5249294030473913,0.802656654021889,0.05605976470678617
2024-09-30 19:00:00,63860.0,63282.0,63481.98,-0.25702563892127606,1.8828147348143358,0.000494778774618787,0.3459861591635698,-0.4539355492830726,0.5528243635302894,0.8051286167119903,0.059772279488210685
2024-09-30 23:00:00,63639.86,62856.3,63443.76,0.35441790062916395,1.8690800382093906,-0.003608152948878174,0.7497319924351722,0.6278366484739437,0.44718102337676696,0.7870930158171069,0.0635871387278511
2024-10-01 03:00:00,64097.03,63430.0,64033.98,-0.2127757644584935,1.8555690608069384,0.007059863935434008,0.9054765152855936,-0.32916533072098697,0.623408895274769,0.8222549028006602,0.06335604292879052
2024-10-01 07:00:00,64130.63,63707.89,63910.12,0.07644902550597865,1.8356847184253846,0.0033037467790488773,0.4783791455628055,-0.5490781299978796,0.5983662770202842,0.8388254894132837,0.06251549851010964
2024-10-01 11:00:00,63989.58,62448.01,62598.0,1.865640240762701,1.8163207299341537,-0.016428989050483844,0.09729691158949968,2.382118602520986,0.46737511887469485,0.7561504511444719,0.06973626303763583
2024-10-01 15:00:00,62821.76,61092.0,61987.99,4.444732736277192,1.7940293485794572,-0.014438260330221775,0.5179851540068086,5.0,0.4458210108011997,0.6846869724803186,0.07845075399123863
2024-10-01 19:00:00,62091.29,60164.0,60767.99,1.8274649861118872,1.7722955325649041,-0.016400173332067558,0.3133882290661311,1.33507610531536,0.45633312059010117,0.6046848409580862,0.09470588431487796
2024-10-01 23:00:00,61822.62,60652.0,61782.89,0.13849754355352573,1.02197196002115,0.0031561208725934264,0.9660607199521077,0.43011468937206876,0.557491231399867,0.6198283036180022,0.09688283653488912
2024-10-02 03:00:00,61883.0,61350.0,61700.01,-0.3023662813252783,1.016266816104725,0.006974096915258743,0.656679174471736,-0.03385615365071686,0.5054916888693165,0.6533965047935012,0.09943292698296771
2024-10-02 07:00:00,61940.0,61130.0,61188.28,-0.1908848684260804,1.395385633598874,-0.0017408793898672226,0.0719506172830609,0.37803182901238613,0.43138839144534413,0.644958746630106,0.10271439303828934
2024-10-02 11:00:00,61672.0,60524.21,61077.78,1.30713098337493,1.3835651934797208,-0.006524035086072688,0.48229205690516247,2.85636291545653,0.4899037149446631,0.6133928619995851,0.10510086303577376
2024-10-02 15:00:00,62390.31,60762.09,60762.09,0.6622163030109244,1.3263641558937935,0.00822546688887238,0.0,2.193007766972313,0.49564553086387075,0.6529313083707972,0.10688897355868596
2024-10-02 19:00:00,60999.24,60000.0,60851.74,1.7076854016146232,1.3168479731578855,-0.01828600910106748,0.8523878147306712,1.1621788365984829,0.4916088270246749,0.5643105144627577,0.10436459281922064
2024-10-02 23:00:00,61274.0,60536.0,61185.17,-0.15914747583225533,0.49104759669829523,0.007223942083954604,0.8796341463295418,0.42093658680714713,0.5744439722583247,0.5986802302314841,0.09680054948674817
2024-10-03 03:00:00,61477.19,61092.0,61334.01,-0.5125364142914072,0.49035515007172037,0.00558688738604074,0.6282873386996487,-0.4833346568105041,0.513787989930666,0.6254532675373817,0.0868396859897598
2024-10-03 07:00:00,61424.25,60126.56,61025.98,0.39330578213134465,0.35190470609903995,-0.009279096900567052,0.6930931116006697,0.9709447830581421,0.43806548070767704,0.5807382878962163,0.08457159161571903
2024-10-03 11:00:00,61070.47,59828.11,60172.01,1.4459326486540152,0.3509054595585578,-0.004392101976246843,0.2768118741727303,3.349161170960291,0.4914263849755762,0.5597696090287807,0.08510722290278232
2024-10-03 15:00:00,60858.31,59917.02,60722.31,0.41868521350898136,0.6164070732818511,-0.0005927174089715992,0.8555174282011335,2.3600626484942486,0.5038936899130809,0.5569522988135478,0.0830900998457788
2024-10-03 19:00:00,61100.0,60544.33,60895.27,-0.6530888852160313,0.6127720373945614,0.007015321941608477,0.631561898237588,-0.545813769243975,0.4688709188326256,0.5902778316947306,0.07939509882086764
2024-10-03 23:00:00,61272.73,60459.9,61036.14,-0.5983318957936625,1.0692831014567912,0.001142566000034817,0.7089305266696695,0.29830185796685604,0.5146908910501194,0.5957435452964173,0.07635739226502797
2024-10-04 03:00:00,61343.75,60890.0,61119.99,-0.9372111549828398,1.0706928643487734,0.0037318272588631185,0.5068650137629296,-0.6573787930038042,0.49415280591936495,0.6136159518262096,0.07147959462463364
2024-10-04 07:00:00,61646.27,61068.0,61284.01,-0.46060201082082514,-0.014838716612220412,0.004568918058914129,0.37354522973051996,-0.38655584443845636,0.527624368884324,0.6355789975881503,0.06534757762324102
2024-10-04 11:00:00,62004.48,60753.97,61239.99,1.289239944714576,-0.023734557970817666,0.0009099664132949936,0.3886574277663589,2.124700261484361,0.48295791518939524,0.6399732428869581,0.05221871710713748
2024-10-04 15:00:00,62360.0,61224.0,62345.0,0.2679275720924909,-0.43425870404642725,0.007516694674506885,0.9867957746392009,1.0197477278453513,0.5323040301713171,0.6763045361367355,0.03723995674265001
2024-10-04 19:00:00,62484.85,62171.33,62213.14,-0.7791288835273927,-0.4319285890140918,0.006588705680101947,0.13335672364973378,-0.6694904811493876,0.45403831594235977,0.7083898510840657,0.03461513302213726
2024-10-04 23:00:00,62214.0,61794.62,61812.0,-0.968097889228502,-0.8324181299765757,-0.004316712892408536,0.041442128855889805,-0.9383000216062088,0.46312435229777005,0.6872300580120083,0.034085886876725195
2024-10-05 03:00:00,62246.11,61689.26,62224.0,-1.0616559982743576,-0.8285489737570374,-0.0010597632191127193,0.9602945137656396,-0.9577638507802617,0.5999436157921391,0.6820577031648366,0.0359804598862786
2024-10-05 07:00:00,62326.48,62076.19,62213.84,-0.8846275934914714,-0.24230489777418945,0.00317451157238402,0.5499620440069283,-1.092662712920352,0.5069066971119658,0.6975350277488036,0.03773881654899468
2024-10-05 11:00:00,62370.56,62100.0,62196.01,-1.0151756045880493,-0.24456064511110784,0.00033980517520171283,0.35485659371841477,-1.0155205021024214,0.4309819442117774,0.6991970064503876,0.03947082569706908
2024-10-05 15:00:00,62220.0,61840.01,61864.0,-0.99725610987478,-0.2973033247799161,-0.002783900691053054,0.06313324034676375,-0.870159350496244,0.3918746813342325,0.6855763902895615,0.040293581125395043
2024-10-05 19:00:00,62089.99,61700.0,62039.52,-1.0239649761814458,-0.30018961987029963,-0.003118571971719275,0.8705864252706292,-0.8329575411912215,0.4215017044395425,0.6703608258335153,0.0409878102218335
2024-10-05 23:00:00,62150.0,61888.46,61966.01,-1.1520773357741814,-0.36387110184186483,0.002652677557570815,0.2965129616771336,-1.0083612615232482,0.5328711754864451,0.6832629217170885,0.04043455660082455
2024-10-06 03:00:00,62020.0,61798.97,61961.99,-1.047390255679409,-0.36388559442923984,-0.0015351200458660896,0.7375469392961235,-1.0717397363601449,0.4661261934043637,0.6757765969637219,0.039782088153107124
2024-10-06 07:00:00,62176.75,61922.0,62023.83,-1.1290624674872596,0.2321582636604067,0.0018688385177154654,0.39972522078902645,-1.1567152791158806,0.5247822035870595,0.6848763769057545,0.03993143251638554
2024-10-06 11:00:00,62777.0,62012.0,62715.99,-0.5347106814714004,0.22985994713026583,0.004795751876184973,0.9202483660010399,-0.6586708068063529,0.5780312226404839,0.7082715728866692,0.042423685538686216
2024-10-06 15:00:00,62927.87,62444.0,62718.36,-0.5759280599699848,0.42571165491385066,0.005748351023415088,0.567011800678548,-0.3573209976670388,0.5757893259406974,0.7364483328981989,0.04390203303531894
2024-10-06 19:00:00,62975.0,62302.0,62618.85,-0.9490767824587936,0.4250288871443232,-0.0012739629882716486,0.4708023774075639,-0.5427042647877537,0.47517846814876125,0.7301678373431968,0.03884609187484971
2024-10-06 23:00:00,63970.19,62618.84,63637.29,0.2547371806552578,0.5096905300124484,0.013436345132973093,0.7536537536481767,0.7188820042189218,0.5372101140799226,0.7963231345254664,0.041950335508114674
2024-10-07 03:00:00,63769.84,63300.48,63706.0,-0.612473349734923,0.5078027360263772,0.0014918530254774964,0.863985000833822,-0.672264870122049,0.4906274676347912,0.8037671280850323,0.04491589186018458
2024-10-07 07:00:00,63710.56,62865.09,62891.48,-0.06304571764449696,-0.7089320137465884,-0.004020645118493094,0.031213407926590563,-0.016062910623743383,0.41855844630476957,0.7836751307475792,0.04346061303242646
2024-10-07 11:00:00,64478.19,62649.95,63991.89,1.6890141572851105,-0.710160758962855,0.004195281087449709,0.7340064761697909,1.9743746486924703,0.541649907589409,0.8045555286562193,0.04597077882775402
2024-10-07 15:00:00,63995.0,62735.9,62848.0,0.40614523657329604,-0.019538499505100785,-0.00024254640383969406,0.0890318481447926,1.7695688803526237,0.4481580486367108,0.8033432827605375,0.04419685436103381
2024-10-07 19:00:00,63468.72,62419.9,62471.08,-0.2609953868085809,-0.018163932901290602,-0.007050362239385377,0.04879769645841263,0.516608340533755,0.4432249696092953,0.76811414902153,0.04048193278653742
2024-10-07 23:00:00,62789.65,62128.0,62785.78,0.035739884825889794,-0.861044018968208,-0.00990240009038379,0.994150986155907,0.6092069784490918,0.539539552091547,0.7189828525713642,0.04035249445405275
2024-10-08 03:00:00,62820.0,62200.0,62509.42,-0.4956341892636384,-0.8544826871919504,0.001211313106945111,0.49906451612098,-0.34339973941671076,0.4051184765821761,0.7249333350282222,0.04022874240911139
2024-10-08 07:00:00,62590.0,62005.0,62519.78,-0.4241823433118103,1.067865148540469,-0.003102501580693806,0.8799658119507678,-0.2810565561931916,0.4814240507105187,0.7096740732936893,0.03863026901764941
2024-10-08 11:00:00,63200.0,62157.46,62778.0,0.6230858942908165,1.0626460233347792,0.004362218652982808,0.5952193680760913,1.153807004069025,0.5127452751686474,0.7310625299294964,0.03813759470948949
2024-10-08 15:00:00,62850.24,61864.89,62110.72,0.686014265609702,1.2712635887116321,-0.0047028565599337435,0.24948495458213554,1.3428902974902452,0.45166844918199034,0.7079032998590669,0.03881385231254073
2024-10-08 19:00:00,62565.95,61860.31,62175.01,-0.5410131287501802,1.2599404200048492,-0.0016338957232230333,0.4459781191479293,-0.27142534369108196,0.522569208171901,0.6998950156409649,0.03882461352443368
2024-10-08 23:00:00,62494.0,62002.5,62264.01,-0.5757564703041935,1.6564144198151265,0.0003125545086846149,0.5320651068050486,-0.24584150339367533,0.49486593796576006,0.7014244496319355,0.037486924598632086
2024-10-09 03:00:00,62543.75,62150.09,62430.0,-0.5864531267559895,1.6376945273628223,0.002734730051366707,0.7110450642505983,-0.8040619318765277,0.5752873073308856,0.7148105831463003,0.036446481615372776
2024-10-09 07:00:00,62430.0,62046.69,62150.0,-0.6373169243274908,0.5788603887018177,-0.0036673562606699406,0.2695207534301299,-0.7044096314160205,0.4630240442555496,0.6968102788278059,0.0359441926149028
2024-10-09 11:00:00,62231.12,61634.61,61872.99,0.3016496075587148,0.5722668019044721,-0.004397306553259095,0.3996244823992897,0.6061631533679088,0.4773938293505011,0.6753063482542732,0.036507199004617144
2024-10-09 15:00:00,62412.09,61150.0,61196.01,0.6733544288980619,1.1714807197075008,-0.0015059066605344062,0.03645540333861897,1.3399928921910447,0.447245551038905,0.6679744703659592,0.04178521285813506
2024-10-09 19:00:00,61218.0,60301.0,60798.01,0.5609344230682035,1.1611358609284241,-0.01621322790330937,0.5419956379439281,0.84908997271444,0.451912559908682,0.5891552460292147,0.049807659510883874
2024-10-09 23:00:00,60937.99,60355.0,60882.08,-0.2669188137780051,-0.1080619407192903,-0.0025659662502649505,0.9040978404277304,-0.13016626028515577,0.49704811015306194,0.5768832674700695,0.055129346125464884
2024-10-10 03:00:00,61149.58,60814.9,61143.85,-0.823392856352018,-0.11053461401455231,0.004924211659422362,0.9828791681312538,-0.8146468779012844,0.4493350917309425,0.6003733500151979,0.057918490274435054
2024-10-10 07:00:00,61211.99,60630.71,61075.56,-0.48640044710201324,-0.22732676853306982,-0.0003540647975216471,0.7652938342835578,-0.3746705321327388,0.48979600604344553,0.5986760293835329,0.05735752404773715
2024-10-10 11:00:00,61321.68,60513.44,60593.95,0.3477181889894296,-0.22304999353094093,0.00035117677382934254,0.09961150153295908,1.0897395712030906,0.4588192008362917,0.6003589093084426,0.05784065469968331
2024-10-10 15:00:00,61030.31,58946.0,59502.01,2.272700238335429,1.6059504117972834,-0.018057398855533147,0.2667597430311878,1.9339756083056194,0.385807486293984,0.5137953663645299,0.06890504835801244
2024-10-10 19:00:00,60250.0,59360.0,60148.01,0.18490863787142442,1.5931468477230923,-0.000734800721353901,0.8854044943720764,-0.10705990782059888,0.5353831954981997,0.5103364862587567,0.06464647105905892
2024-10-10 23:00:00,60768.64,60087.64,60553.31,-0.47150873062327964,-0.07740992572710653,0.008781043509401565,0.683803230533275,-0.45849681469029274,0.5079134367684864,0.5516405541908177,0.06384084084081298
2024-10-11 03:00:00,60925.16,60553.31,60800.0,-0.8709335310539914,-0.0751644667976356,0.006042935532413196,0.663412666379896,-0.8082378996975046,0.4904142003293266,0.5803147714162837,0.06310501292162554
2024-10-11 07:00:00,61263.4,60650.44,61160.0,-0.21868341635829786,-0.9538851714739558,0.0036828870430514193,0.8313103628159836,-0.7729435913905818,0.5241476345466567,0.5978959718275386,0.0597506629747464
2024-10-11 11:00:00,61950.0,61079.9,61753.65,0.7339688118669772,-0.9480525634927739,0.01087146542494466,0.7743362831769426,0.9408945104875773,0.4986508475990892,0.649984817595954,0.05711753070865551
2024-10-11 15:00:00,62973.47,61753.65,62922.08,1.093351903487289,-0.5190136382391278,0.013230048088074708,0.9578708333937974,0.6577295152624972,0.5220160668136647,0.7140635637782786,0.05803023195016568
2024-10-11 19:00:00,63417.56,62374.13,62450.27,0.5203857959726522,-0.517928876141378,0.008872066850255544,0.07297087490226435,0.014286675360935709,0.5032054265005835,0.757603265431899,0.056989270640491335
2024-10-11 23:00:00,63073.78,62357.7,62554.97,-0.4173184805882378,0.4286060112907591,-0.0042339207831653125,0.27548597921635676,-0.5685168694422239,0.49977351419899607,0.7366409395129107,0.05842373134871354
2024-10-12 03:00:00,62800.0,62487.23,62679.91,-0.9326745021650682,0.42337213764723475,-0.0010748754979073016,0.6160437381904973,-1.1171796488443626,0.41907281170838806,0.7313417160699105,0.060123088723020565
2024-10-12 07:00:00,63049.0,62645.73,63043.73,-0.9492063732816589,1.0942390839187062,0.003486824244932629,0.9869318322467177,-1.0308013064726569,0.5622678543910964,0.7485135651319164,0.06297347508876905
2024-10-12 11:00:00,63400.0,62824.03,63234.99,-0.43387061635171054,1.097317537489154,0.0038600837607916105,0.7135093841569234,-0.42910935457021376,0.48495972217601824,0.7675899206914736,0.06626902064478786
2024-10-12 15:00:00,63480.0,62936.0,62936.01,-0.5841010611805076,-0.8721439009588231,0.0016551114765206432,1.8382352944583537e-05,-0.3609097620212503,0.4333790978449555,0.7758009786156925,0.06904212612443059
2024-10-12 19:00:00,63324.0,62911.0,63296.63,-1.1136646468409521,-0.8673186940177947,-0.0015063580542005184,0.9337288135367072,-0.898216215539107,0.4622184864025364,0.7683155221101662,0.07281228188478484
2024-10-12 23:00:00,63388.0,62700.0,62867.2,-0.6151274056676691,-0.39636795341777914,-0.00084819720521212,0.24302325581041695,-0.7310932855515986,0.4894471833003568,0.7641069747552282,0.07500735249181718
2024-10-13 03:00:00,62990.0,62654.91,62867.29,-1.1199517416377283,-0.3945056626466863,-0.0032839168033229615,0.6337998746416235,-1.1126173279264653,0.5199362492411416,0.7478268022131611,0.07536557890397017
2024-10-13 07:00:00,62962.0,62688.01,62700.99,-0.7240852295807777,-0.19086260135773828,-0.00033773493086108886,0.047373991749780214,-0.9091344399143506,0.47276384789800796,0.7461579637364365,0.07516631252926419
2024-10-13 11:00:00,62818.0,62200.0,62249.6,-0.47809069413464267,-0.19023262895432191,-0.003750623788207008,0.08025889967507437,-0.35452579493468606,0.4474178202831907,0.727631389277542,0.07492928594783294
2024-10-13 15:00:00,62887.78,62050.0,62414.0,-0.15917267418966488,0.30015922271784334,-0.0025993323504155397,0.4344816061444003,0.17392434583251296,0.5138196304920316,0.714839888640131,0.07372552880345512
2024-10-13 19:00:00,63125.0,62414.0,62837.99,-0.6615315164197776,0.29652102272464775,0.006342017275312362,0.5963291139156606,-0.1495103259038992,0.5380113705538234,0.7459682858926779,0.07072428065150148
2024-10-13 23:00:00,62898.43,62457.81,62614.0,-0.805389907485133,0.6128038987166698,-0.002335679855478223,0.35447778130011487,-0.05801556345756573,0.4986673346754809,0.734431408943259,0.05895533187594565
2024-10-14 03:00:00,64500.0,62612.0,64095.99,2.1186642692492774,0.6085418062462034,0.021184573990748357,0.7860116525382086,1.2243739497303137,0.5371569321307863,0.8314070679460968,0.053499327655418094
2024-10-14 07:00:00,64999.0,64028.99,64860.18,0.8845615972802888,1.57258716989009,0.009382738667635282,0.8568880733099985,0.734066744957111,0.536631326492993,0.8790838711164457,0.05443479265978009
2024-10-14 11:00:00,66299.93,64660.56,65922.0,2.642431421054202,1.5556136609894418,0.012598712671529233,0.7694663193740957,2.1010515330956445,0.5554730989683667,0.9469866901584286,0.06239155654414028
2024-10-14 15:00:00,66111.16,65459.0,65769.59,1.2665905438094518,1.547447179141688,0.006469887650201622,0.4762481599534353,0.9105874870979352,0.46539871043934,0.9822965296530074,0.0677234469000192
2024-10-14 19:00:00,66500.0,65723.4,66454.0,0.27907749268177967,1.5396813109667362,0.003663180276639144,0.9407674478374873,-0.02963323941455784,0.5595637793814123,0.9999999999991676,0.07678322215303718
2024-10-14 23:00:00,66500.0,65706.01,65759.99,-0.08171523068534935,1.5313818642771182,-0.000816205903535816,0.06798574289264382,-0.024171187518685317,0.46018834371810485,0.9955111128208126,0.08330557227796274
2024-10-15 03:00:00,65760.0,65201.0,65564.98,-0.13633476897262048,1.523466191711449,-0.008255915040497941,0.651127012510706,-0.30587703571771413,0.454092958591734,0.9501431210863374,0.08606628224868185
2024-10-15 07:00:00,65850.0,65560.01,65679.94,-0.020114420855151634,1.509669210745944,0.0037030838730505167,0.4135659850197239,-0.5033200559622033,0.4795771435723889,0.9703243453108827,0.08804163021542746
2024-10-15 11:00:00,67950.0,65150.01,65376.0,4.781681959839166,1.4961046222972527,0.010398607156523854,0.08071100253900586,3.7626353387724456,0.5272306358067528,0.9999999999991895,0.08885900364929819
2024-10-15 15:00:00,67390.89,64800.01,66901.15,2.969278136549152,1.4861266708057619,-0.002036847166501987,0.8109754214752843,4.432532911842047,0.5097439624130506,0.9890406881304908,0.09365897741157915
2024-10-15 19:00:00,67051.99,66130.64,66747.58,0.39238507332161027,1.4764518105336628,0.006213029948661353,0.6696043848627583,0.49088876528057224,0.44778162267881877,0.9999999999992073,0.09858905382876444
2024-10-15 23:00:00,67561.04,66675.06,67280.01,-0.062447315615396376,1.105044179316519,0.006827838306942224,0.6828032235413574,0.3719034947564671,0.4948545345715123,0.9999999999991931,0.10267541692028073
2024-10-16 03:00:00,67361.41,66885.05,67050.0,-0.2702044488871925,1.0974032931200104,5.3057980483162126e-05,0.34627172725781796,-0.05490377762003374,0.4359158572789732,0.9999999999991808,0.10616346455523476
2024-10-16 07:00:00,67799.0,66775.67,67733.54,0.53997946481946,1.1314589843802214,0.0032208247707792292,0.936032364917117,0.3883281901895276,0.5208548619568714,0.9999999999991951,0.10825795856111979
2024-10-16 11:00:00,68424.0,67117.18,67671.91,2.8519721159534313,1.1274673921018747,0.007895048957142103,0.4244884528823883,3.023203676808558,0.5357174117638986,0.9999999999992113,0.10921372792607885
2024-10-16 15:00:00,68100.0,67391.01,67822.74,0.1378223666198,1.4577336183537404,-0.0011011984137900832,0.6089366563617511,1.3454759433002952,0.5179843445270258,0.9940573532035374,0.10766938989417715
2024-10-16 19:00:00,67954.03,67500.0,67790.01,-0.5885843323501474,1.4526495365034444,-0.0008805034310204185,0.6387463383336079,-0.6818997942413134,0.43183991539953553,0.9885646999911798,0.1013205534503257
2024-10-16 23:00:00,67939.4,67406.99,67472.01,-0.5021448999358846,1.4412724439596512,-0.0012568445974422415,0.12212392704639213,-0.3694054270134568,0.4630315842053762,0.9809380389602261,0.09214258459589644
2024-10-17 03:00:00,67700.0,67104.18,67162.87,-0.3273243478039633,1.4301450110992762,-0.0038750099820470396,0.09850290355982781,-0.5514133952732128,0.37922633753608487,0.9581793556756185,0.08164922293108975
2024-10-17 07:00:00,67530.01,66818.96,67214.0,0.04154663433354739,1.4233884850068523,-0.002565302693435134,0.55557274452492,-0.03266273170835545,0.4598223391526536,0.9431712195847373,0.06407570912192376
2024-10-17 11:00:00,67354.94,66666.0,67123.8,1.0431872223686962,1.4169966872861326,-0.0037727887033376373,0.6644990855420738,1.9699837158889826,0.4747798377373547,0.9211553878752354,0.05481834151525899
2024-10-17 15:00:00,67680.0,66720.0,66938.01,0.7460591798246723,1.4052748604642427,0.004062329081279348,0.227093749997629,0.8342681839793862,0.5188615276327031,0.9447713756663588,0.04879344949635831
2024-10-17 19:00:00,67480.0,66780.0,67444.02,-0.504550656571566,1.39377892077879,-0.0021750991412549103,0.9485999999864544,-0.6474212086298712,0.5436904063847143,0.9320752636930166,0.04768419212835183
2024-10-17 23:00:00,68260.92,67192.36,68103.99,0.18211495839885872,1.3807080216978551,0.009356636103797777,0.8531388036155905,0.2918404417483533,0.5486478715895997,0.9865714064597287,0.0474961549827573
2024-10-18 03:00:00,68378.95,67522.0,68108.0,-0.0865272821874814,1.36784985086152,0.003140701518003164,0.6838205262771034,-0.3547714693155507,0.44121167391246735,0.9999999999991362,0.049202019990011996
2024-10-18 07:00:00,68194.0,67763.26,67874.92,-0.04808463396003554,1.371069683709828,-1.5268345551988638e-05,0.25922830477181097,-0.4283551216780114,0.37240290983662144,0.9999104092241952,0.047105847747488404
2024-10-18 11:00:00,68600.0,67642.71,68426.98,1.0402656258919716,1.3753773674485537,0.0030344595138918073,0.8192606211198301,1.1302158434588185,0.5385955514240335,0.9999999999991512,0.04413641212380147
2024-10-18 15:00:00,69000.0,68293.04,68892.42,1.0576329385785288,1.3640644529636454,0.008348304860584355,0.8478273169507765,1.1615454825333291,0.5482898377567695,0.9999999999991903,0.042649240241075165
2024-10-18 19:00:00,68974.0,68204.1,68205.6,-0.5409999160964962,1.3529590149869921,-0.0020565498483673395,0.001948304974646744,-0.5241773025075172,0.40480633833262,0.9876927824308768,0.03318347396714272
2024-10-18 23:00:00,68480.0,68205.59,68459.59,-0.9913591486024799,1.3473927697454546,-0.002714357095132347,0.9256222440535714,-0.9792291867001347,0.5092353170237821,0.9708813647682589,0.033424519239292155
2024-10-19 03:00:00,68693.26,68326.0,68335.83,-0.9650509073139192,1.3421964910232855,0.0011115530028691367,0.026765779011420323,-0.9536519877229265,0.45178939820608705,0.9768800537511206,0.0319612274863511
2024-10-19 07:00:00,68475.7,68242.0,68244.0,-0.9133205999803612,1.3313456525405416,-0.001470098487108551,0.008557980316279183,-1.1131309509585134,0.4952443160093627,0.9676251764282837,0.03190819625029989
2024-10-19 11:00:00,68350.0,68088.0,68300.01,-0.8375824630470521,1.3206899143977506,-0.002456045414718777,0.8091984732515373,-0.9211880544524885,0.4416021333303321,0.9521860862677463,0.030729051571668047
2024-10-19 15:00:00,68338.0,68010.0,68179.99,-0.9526382037918296,1.3088201755175046,-0.00036899128785172763,0.5182621951061666,-0.98852140408296,0.44751887422331105,0.9498722455270331,0.030991029149577347
2024-10-19 19:00:00,68410.0,68154.31,68330.0,-0.8197989369463388,1.2971300377772337,0.0014303765153260706,0.6871211232082972,-1.0587017761890816,0.5910226223302375,0.9588384252924196,0.03128918411740848
2024-10-19 23:00:00,68446.0,68114.43,68177.01,-0.9034984302256847,1.2884400721722287,0.000637983254864416,0.18873842626930373,-0.979199292649068,0.5477408842342001,0.9628432831970063,0.03150148331923546
2024-10-20 03:00:00,68410.0,68100.0,68400.01,-0.9647688226873171,1.27996223301998,-0.0010277088398275014,0.9677741935171517,-1.1479998839553778,0.6160221100145713,0.956387857182834,0.03188666557741519
2024-10-20 07:00:00,68500.0,68355.0,68376.05,-0.8189952929623203,1.26843563290062,0.0025030766887816913,0.14517241378311163,-1.1385359058775761,0.5734161887082814,0.9720944655032587,0.031547642091189286
2024-10-20 11:00:00,68772.7,68198.22,68637.99,-0.4175671571170242,1.2570725609528794,0.0015761155012616879,0.7655096783044703,-0.7143295931123185,0.50398450529515,0.9820092210895176,0.030131098450829303
2024-10-20 15:00:00,68687.99,68366.0,68604.0,-0.7928332185025089,1.246473240832686,0.00046110557080702996,0.73915338983386,-0.9090844647069803,0.489555774458466,0.9849144362433998,0.028322397141206983
2024-10-20 19:00:00,69400.0,68461.93,69137.28,0.11590249883017091,1.236031291733505,0.005708790472471081,0.7199356124732711,-0.20118347267896503,0.5690162586935382,0.9999999999990992,0.0271027629944417
2024-10-20 23:00:00,69519.52,68709.87,68710.0,0.21746807933246246,1.2275970767738678,0.0032071837334635145,0.00016056320632748666,0.1687500634270945,0.5838373053733735,0.9999999999991167,0.020997034100191773
2024-10-21 03:00:00,69185.18,68588.51,68699.36,-0.41116833930990804,1.219348884490899,-0.0033812139996221013,0.18578108501876806,-0.5843687236779648,0.46475518478837335,0.9793477917009066,0.01741979324108958
2024-10-21 07:00:00,68799.95,68119.01,68281.49,0.23831675091596244,1.2279445012893724,-0.007047635910288674,0.23861133139134696,-0.09467362166700032,0.41000929301731387,0.9364468952473878,0.017115778231103017
2024-10-21 11:00:00,68434.0,67020.0,67268.0,2.6428287778912187,1.2383611894727413,-0.011839589035139708,0.17538896746693503,1.113266712768005,0.33743637265583964,0.8648839922929035,0.02288741313355797
2024-10-21 15:00:00,67669.62,66840.67,67335.05,1.281557955095806,1.2272219098097408,-0.006281584130325313,0.5963930273165359,0.6861320239892353,0.5074983337338739,0.8273652775184352,0.025979035731675114
2024-10-21 19:00:00,67941.17,67335.01,67781.07,-0.3694927313266735,1.216230734095481,0.007483639396758557,0.7358783159440591,-0.37221383797101837,0.4624026383236219,0.8717828646756924,0.02684184085852616
2024-10-21 23:00:00,67781.08,66571.42,67317.23,0.3572681585576048,1.20501315626332,-0.007122149019457624,0.616545144911653,0.2398523715440815,0.4405743495743391,0.8291944798902412,0.02884508864334654
2024-10-22 03:00:00,67800.0,67278.02,67572.01,-0.40426940345898454,1.193937160830662,0.005033017240233972,0.563220813047168,-0.7544183671287314,0.5154028217803843,0.8590761146814099,0.030065136971517775
2024-10-22 07:00:00,67696.97,66740.0,67184.56,0.749717306076226,1.1843952173171337,-0.007143926082970542,0.46454956790218255,0.0966945729648552,0.47537490329179655,0.8164482854570503,0.03290095705991351
2024-10-22 11:00:00,67686.67,66644.18,67559.03,0.8601030749345385,1.1749948315484389,0.001565629183605921,0.8775623746906211,1.3712844183700945,0.5049912644317831,0.8257236603065332,0.03348365135477197
2024-10-22 15:00:00,67693.34,66920.0,67385.0,0.15142838422067406,1.1652698039376135,0.0014007567918532526,0.6012879199239523,0.31206464019288344,0.5585524108766738,0.8340352617765435,0.034822045488219495
2024-10-22 19:00:00,67836.01,67343.81,67724.0,-0.6182906289460897,1.1556758397269389,0.004129368905337438,0.7724299065263719,-0.729330162025867,0.557141754657183,0.8585718159979492,0.03475547876574868
2024-10-22 23:00:00,67773.94,67068.28,67096.0,-0.6512654841908697,1.1458944898960428,-0.003947097554994783,0.03928237394723833,-0.5901370689335746,0.4158076153014732,0.8350214630894318,0.03714622441165902
2024-10-23 03:00:00,67302.83,66890.0,66917.55,-0.5188177333360097,1.1362359608133281,-0.0029849002336070907,0.06673449119331311,-0.6594044809214942,0.47102885075060846,0.8172823548185072,0.03945925040624061
2024-10-23 07:00:00,67048.0,66200.0,66398.19,0.2709893601306116,1.1259770948651653,-0.007203034894082139,0.23371462263875611,0.12883724624203752,0.43070588837995566,0.7746028650444873,0.044417844694656365
2024-10-23 11:00:00,66910.15,66105.0,66490.0,0.541850969405618,1.1158328922099428,-0.0015381421398040773,0.4781717692296107,0.452019149570504,0.4681621963360635,0.7655546979626077,0.0469577599648165
2024-10-23 15:00:00,66492.0,65260.0,66057.79,1.7645711344162331,1.1060332791342706,-0.009450257367394022,0.6475568181765569,1.6737638658262048,0.4751674526429016,0.7100487842262686,0.05133777249938648
2024-10-23 19:00:00,66683.34,65872.0,66472.96,-0.18415300035535384,1.0963399066623838,0.0075013444117078,0.7407005694192348,-0.31686523806667094,0.4831327971120991,0.7536914244007583,0.05100240452404022
2024-10-23 23:00:00,67612.12,66460.0,67459.63,0.14984295273706635,1.0897513810899608,0.011647470269968263,0.8676439954096208,0.1374660462970124,0.5501564023809918,0.82111037764238,0.04783470042934082
2024-10-24 03:00:00,67479.55,67117.78,67119.99,-0.6188483872439046,1.0832189066417541,0.003148370758809804,0.006108853691420763,-0.7617682563297092,0.40829743977610355,0.8380487854966204,0.041901606255990355
2024-10-24 07:00:00,67321.16,66700.0,66999.99,-0.13061076930446172,1.0798382705375742,-0.0053526009390051366,0.48295125248756204,-0.1784773775512881,0.3760877632816977,0.7998850579241317,0.03748510381431522
2024-10-24 11:00:00,67998.0,66989.92,67786.27,0.48034922158600707,1.0764737037207999,0.008941957545764101,0.7899670660980327,1.022664615960437,0.5035683895248662,0.8479043407783413,0.03216833435626433
2024-10-24 15:00:00,67972.0,67350.01,67832.0,-0.08565177688085072,1.0668867488538885,0.0018714928945824383,0.7749159954215534,0.3186513547444298,0.5942858222574866,0.8490097701178846,0.029871227863940024
2024-10-24 19:00:00,68850.0,67732.54,68183.78,0.18775832110865878,1.0573970481697585,0.008211272345281628,0.40380863744202444,0.10100511881843473,0.5709109595181711,0.9065519301105587,0.032465725324798425
2024-10-24 23:00:00,68286.56,67836.0,68066.99,-0.7026316217644949,1.0493979770531918,-0.0034575575227587807,0.5126731178863629,-0.4838572747110564,0.43578997065169783,0.8815795240499086,0.03430948329694754
2024-10-25 03:00:00,68234.34,67574.92,67646.21,-0.5193141203435921,1.041474440074514,-0.0029852891266911596,0.10811015740943138,-0.6879637144800016,0.40163061194909067,0.8600926532202585,0.03420018878763322
2024-10-25 07:00:00,67878.76,67250.0,67855.23,-0.09691170665665605,1.0323530403019312,-0.00367009994118217,0.9625771359348164,-0.28759073573141025,0.47867297471580167,0.8337556576310415,0.034976143218459946
2024-10-25 11:00:00,68771.49,67737.61,68311.31,0.3942893634364422,1.0233202161843926,0.009457043874267379,0.5548999883878647,0.8722306804951443,0.5328995957822927,0.9013712578973998,0.037093178345355735
2024-10-25 15:00:00,68543.3,66006.6,67026.61,3.091608781697339,1.0142876892922774,-0.014566338617167607,0.40210115504236804,3.0452487209576247,0.4395377791037096,0.7962405113409384,0.037974326016249685
2024-10-25 19:00:00,67392.52,66618.01,66626.42,0.2600408452533909,1.005338889039314,-0.00419985944318102,0.010858478263540569,0.7335820547588618,0.5045149272844677,0.7636887069436544,0.03913298294733619
2024-10-25 23:00:00,67050.2,65596.29,66847.18,1.3372370925912866,-0.3628782538543979,-0.008654754577799628,0.8603627459687276,1.7181137628710315,0.4828119651783011,0.7016889914628386,0.03937425746120994
2024-10-26 03:00:00,67240.02,66700.0,67170.03,-0.7871172143051088,-0.36301997950969234,0.009394759263069652,0.8703936891064985,-0.6053657854568508,0.4796418334626066,0.768407376189828,0.03861363906431431
2024-10-26 07:00:00,67264.34,66994.31,67053.96,-0.9588146113860652,0.36659145640657326,0.0016268180750640404,0.22090138131985323,-0.8300961428289825,0.4395039484405859,0.7800690234827579,0.038709409195912224
2024-10-26 11:00:00,67180.0,66744.0,66797.99,-0.5484755821572839,0.362147754757094,-0.0020679392570042143,0.12383027522652967,-0.40756344264108557,0.5231124059071766,0.7652211371288982,0.039063545991704425
2024-10-26 15:00:00,67143.64,66762.57,67042.0,-0.804248951604178,0.9884655777815262,-0.00019340889333896438,0.7332773505987503,-0.5614308708246724,0.5692532198855274,0.7638353252730542,0.0373198582527391
2024-10-26 19:00:00,67454.55,67042.0,67132.0,-1.0180126087163321,0.9797304292058341,0.003948884579933587,0.21815537510075825,-0.8561555638328846,0.5334228240176493,0.7921243690745307,0.03580092437687129
2024-10-26 23:00:00,67149.53,66913.73,67054.0,-1.118008461910092,0.9714585147009266,-0.002462181471009628,0.5948685326295744,-0.9999485274359198,0.47340095953381195,0.7744161254495388,0.031737527960366746
2024-10-27 03:00:00,67325.46,67000.0,67186.0,-1.087854833062406,0.9632575769586195,0.00201226697354584,0.57149880167849,-1.0337076620522967,0.5923043015759558,0.7888529074474242,0.02944401037613728
2024-10-27 07:00:00,67266.49,67072.64,67088.0,-1.0373712668483204,0.8883412256584003,-0.0002910934916527941,0.07923652308077253,-1.0839460937332686,0.3824784167158909,0.7867602876343992,0.02966750669984079
2024-10-27 11:00:00,67776.99,67036.85,67695.99,-0.690580212033618,0.8852670671788289,0.004732036122234495,0.8905612451578003,-0.4099384824845609,0.5582881307704408,0.8207681590531372,0.029588708714344304
2024-10-27 15:00:00,68000.0,67540.88,67560.0,-0.7317894996626497,0.9495375496289916,0.004235888726769721,0.041644885867701445,-0.554957613421115,0.46824395017849085,0.8513544060873676,0.02928323624522317
2024-10-27 19:00:00,68332.05,67554.0,68124.0,-0.6355248384931014,0.9422576803231929,0.0036733631609422446,0.732600732591314,-0.3950650269534995,0.5444148919109336,0.8779911572090501,0.030176253364781216
2024-10-27 23:00:00,68290.0,67677.77,67803.99,-0.7623079405453812,0.7859014119852824,-0.0011416467984385337,0.20616434999581915,-0.38180766670392446,0.4881657965014933,0.8696822951663487,0.030250280121744483
2024-10-28 03:00:00,67991.28,67618.0,67959.15,-0.7352949651506648,0.7803832383219286,-0.0020544347081149494,0.9139252035760179,-0.634492019339647,0.3763967151797107,0.8547472673965458,0.029266957760017316
2024-10-28 07:00:00,68833.57,67959.15,68625.87,0.06387742704927593,0.9232330654867045,0.010037978243417456,0.7624711237075623,0.07688189683731934,0.5014624094700172,0.9275699701794841,0.03202949900400079
2024-10-28 11:00:00,69280.0,68490.0,68840.0,1.0253120480010363,0.9157166781636765,0.0066126276548519325,0.4430379746779362,1.3447040395119196,0.5175634006403141,0.9760242693533966,0.03676553556562185
2024-10-28 15:00:00,69240.0,68426.67,69212.12,0.4350528313080831,0.6425962126382672,-0.0015324774117666529,0.9657211709765263,1.2224313513924525,0.4799130446070931,0.964720723419506,0.04264893858673547
2024-10-28 19:00:00,70270.0,69150.01,69961.65,1.8612039033587093,0.6444462753115124,0.013408112781510662,0.7246850418242563,0.7676017525590308,0.6009733125080392,0.9999999999989938,0.05150928292827727
2024-10-28 23:00:00,71587.88,69733.3,71190.05,1.5794369206930188,0.9165764275430567,0.014105015192757975,0.7854878193403055,1.2526140081974932,0.5979515063772215,0.9999999999990844,0.066704702864602
2024-10-29 03:00:00,71430.96,70885.02,71248.45,0.4914569757517309,0.913226378052889,0.005274370726859212,0.6656958640021513,-0.09188184891944835,0.5401350763810786,0.9999999999991147,0.07703805135448617
2024-10-29 07:00:00,71344.0,70837.83,71171.32,0.1243434759506497,0.9072234999386961,7.524917233792117e-05,0.6588497935346186,-0.4449335206754369,0.44134134079758447,0.999999999999115,0.0844327350467987
2024-10-29 11:00:00,71983.0,70929.0,71867.09,1.675336293414271,0.9012626350302443,0.00583698643893471,0.890028462989655,1.1452034113379062,0.5483904667053988,0.9999999999991465,0.09319051430171699
2024-10-29 15:00:00,73250.0,71654.01,73170.01,3.3004025785903273,0.8997695909371233,0.014226867529320897,0.9498806383439096,2.099785591104229,0.5553522211713914,0.9999999999992146,0.10548062621952577
2024-10-29 19:00:00,73620.12,71864.65,72660.0,1.5343450640607457,0.8982797384251768,0.002552060506263887,0.45306954832351143,1.590941930571962,0.47224284027863284,0.999999999999226,0.1125961060301253
2024-10-29 23:00:00,72808.77,72000.01,72342.99,-0.1804780320537546,0.8916471366003504,-0.003956263399407356,0.4240813096539959,-0.3319140588342373,0.48564802636905574,0.9777270460338973,0.11629034031848474
2024-10-30 03:00:00,72610.0,72171.47,72306.31,-0.2683691100998797,0.8850622253586595,-0.0010404690315677367,0.30748181423602045,-0.7611169535597614,0.45579573925658057,0.9718925924592253,0.11773901238845755
2024-10-30 07:00:00,72604.97,72100.0,72378.02,-0.40261259328942123,0.8795402365742954,0.00033851119296191,0.5505673604263576,-0.45725224312846036,0.5113024185960494,0.973788826585066,0.11710870515804213
2024-10-30 11:00:00,72470.0,71436.0,72411.79,0.9942218157552711,0.8740539700498471,-0.005527665691932304,0.9437040618864184,1.6901687592546988,0.5118269373373644,0.9428140856358374,0.11523820722843853
2024-10-30 15:00:00,72440.0,71641.77,71974.75,-0.019040620073827796,0.8662268673369832,-0.00019494469964276284,0.41714793981161585,0.7076498994065348,0.49400774011195925,0.941727734929872,0.11052453611311662
2024-10-30 19:00:00,72961.0,71644.19,72397.4,0.6298103408661229,0.85845255263307,0.004572143289359731,0.5719959599291267,0.32799842347554353,0.5325735768816907,0.96720153759535,0.10641487982393036
2024-10-30 23:00:00,72700.0,72030.08,72553.01,-0.4022306288893571,0.8518750259605781,0.0002500063349346604,0.780585741569424,-0.4482308995747626,0.5018829195189692,0.9686008223165745,0.10055693188319793
2024-10-31 03:00:00,72599.99,72152.0,72212.12,-0.640509804668943,0.84534162667648,1.577187113643852e-05,0.13419942409128027,-0.8310653579504163,0.4708924867515608,0.9686891195022702,0.09535686750513175
2024-10-31 07:00:00,72700.0,72149.79,72639.27,-0.46916513592835074,0.8376114975185185,0.0005424218280791759,0.8896239617438951,-0.6557474339739989,0.5025093562567379,0.9717258597753697,0.08615100233674078
2024-10-31 11:00:00,72660.0,70624.01,70752.02,1.4484222199928052,0.8299277833286137,-0.01164227877214985,0.06287358975210107,1.9409250091321468,0.46217502934160276,0.906511386313838,0.0766671362373855
2024-10-31 15:00:00,71060.0,70106.2,70633.67,1.0101757082492597,0.8223531896810357,-0.012858453021064253,0.5530195009377955,1.6666175967660597,0.5025529742960175,0.8353230440377313,0.06781467841394631
2024-10-31 19:00:00,70750.0,69685.76,70480.0,0.18916319399082296,0.8148226966868021,-0.00552123906257429,0.7462978275506826,0.4916499147387185,0.4861074030144327,0.8051488179356101,0.05932581715135156
2024-10-31 23:00:00,70654.76,68830.0,69579.89,0.7383342529234612,0.8079408877995875,-0.007438928759438634,0.4109526732260089,0.675039571703247,0.43777793183423575,0.7647186541877844,0.05760255977490549
2024-11-01 03:00:00,69714.45,69212.12,69212.13,-0.3531883841654835,0.8011193310827792,-0.0029041078986493662,1.9907232315637367e-05,-0.3885556042337921,0.4278033017031242,0.7490524029626481,0.06248516445457908
2024-11-01 07:00:00,70156.0,69080.0,69989.65,0.03852853466756178,0.7937591117100057,0.0010176717685494996,0.8453996282449259,-0.16451637466169375,0.5577989797397813,0.7545263046420446,0.06516907444688388
2024-11-01 11:00:00,71632.95,69897.02,71271.17,1.5651587735563661,0.7864399140507936,0.01679033928923057,0.791592978975007,0.9973318730440414,0.4875538138983491,0.844930894934658,0.06397727628143214
2024-11-01 15:00:00,71360.0,69044.0,69151.66,2.056913833667392,0.7791823344894308,-0.011477293517966003,0.04648531951620839,1.9288929873785619,0.4512396160742728,0.7820958529300042,0.07304295399455432
2024-11-01 19:00:00,69460.0,68820.14,69440.01,-0.19373271259176136,0.7719641321237409,-0.010842232569873267,0.9687587909703798,-0.5833151338118789,0.4675032777894737,0.7234188680124664,0.07717811504365607
2024-11-01 23:00:00,69914.37,69364.0,69661.96,-0.8297369472897598,0.7647340184286299,0.006849751830830142,0.5413812526020588,-0.9240354002659652,0.5256647836289696,0.7600870580734819,0.07592951388656581
2024-11-02 03:00:00,69787.74,69446.0,69744.86,-1.0513679408039018,0.7575399339896024,-0.0002443872406187042,0.8745244922784887,-0.9995824886493778,0.49184152367977135,0.7587698395427575,0.07535248005992871
2024-11-02 07:00:00,69838.62,69417.88,69623.63,-0.9618214417723652,0.7503179785831032,0.0004156367748147094,0.4890193468534353,-0.9460193500983086,0.432496596037427,0.7610095254700339,0.07551709796224221
2024-11-02 11:00:00,69711.59,69000.14,69263.48,-0.46104495036372256,0.7431283480619985,-0.0033357872414154777,0.37014547754065097,-0.36570957381463315,0.5045192415635726,0.7430269467755231,0.07632867164068943
2024-11-02 15:00:00,69616.0,69139.9,69422.93,-0.770651170155531,0.7378052893277678,-0.00035740574950959836,0.5944759504180858,-0.7241679700419834,0.5255145032852935,0.7411066691344953,0.07474478147480443
2024-11-02 19:00:00,69571.99,69363.08,69434.0,-1.1346224717802393,0.7325094097570393,0.0014906725493313289,0.339476329503625,-1.1064120385580865,0.5382702953806582,0.7491129255942663,0.07206432447658206
2024-11-02 23:00:00,69446.0,67864.16,68214.91,0.36606495453851406,0.7325094097570393,-0.011888178295935692,0.22173544732576206,0.20640673553243258,0.3895475321870005,0.6851675029452865,0.07593245969542263
2024-11-03 03:00:00,68771.58,68018.79,68569.99,-0.612961905382287,0.7325094097570393,-0.0031700089069794934,0.7322095139317519,-0.39528109505027914,0.5123056121908269,0.6683190228195525,0.07280840411618411
2024-11-03 07:00:00,68703.68,68200.01,68441.99,-0.606050972627987,0.7325094097570393,-0.0002239475531584656,0.48043361723987327,-0.6593458707480798,0.552794007520704,0.6671325230311416,0.06760472857588573
2024-11-03 11:00:00,68589.5,67588.61,67777.0,0.1742778521824645,0.7325094097570393,-0.004974696692637948,0.18822248198914696,0.3077965051988287,0.4457147921590595,0.6407819126100477,0.06561460454199818
2024-11-03 15:00:00,68547.98,67478.73,68018.0,0.6246405528338866,0.727721021101666,-0.00017507951121031873,0.5043441664671131,0.8610961284595966,0.5243337678291748,0.6398591424891996,0.054445978639196306
2024-11-03 19:00:00,69358.0,68000.0,68880.01,-0.15927318004011914,0.7229557992378272,0.011868701384131208,0.6480191457978753,-0.3404133019140615,0.5850730725122384,0.7024031000860034,0.05104672285959046
2024-11-03 23:00:00,69338.58,68240.61,69305.56,-0.15471973211906803,0.7158208735297463,-0.0010930221343181667,0.9699263185608867,0.5308572754658037,0.5111817507403295,0.6965748889687271,0.04759679921956753
2024-11-04 03:00:00,69500.0,68699.9,69126.18,-0.4858177194239551,0.7087114118490405,0.004149514816041533,0.5327834020680764,-0.09123816603988504,0.5418728600149909,0.7186767419000433,0.04481830290513462
2024-11-04 07:00:00,69175.97,68470.0,68834.05,-0.3301154323742918,0.7028564758923799,-0.005183350263926911,0.5156734705367729,0.1527316079527253,0.46185832121539866,0.6909537367852528,0.0449520295241914
2024-11-04 11:00:00,69264.52,68202.99,68394.01,0.4869544724071711,0.6970286729028495,-0.00030092323693464706,0.17994781117650022,1.0295482582948152,0.503177820714011,0.6893525996957242,0.04635279463402094
2024-11-04 15:00:00,68814.32,67251.5,67651.81,1.3752684158501849,0.6943021115914259,-0.010761660695117747,0.25614594130957785,1.7500146520192659,0.5040479068689193,0.6321097324352145,0.0490944552752645
2024-11-04 19:00:00,68106.07,66835.0,67920.01,1.0555331387551934,0.6915843564573444,-0.007692612497417928,0.8536193915295403,1.0147402963948056,0.49056008750991503,0.5916319343234755,0.03967334727424644
2024-11-04 23:00:00,68180.0,67476.63,67880.77,-0.12244265209682602,0.6846114344040748,0.006600883732720053,0.5745766808283781,0.2721324524968659,0.500662108612603,0.6260979698739839,0.041390927484350234
2024-11-05 03:00:00,68803.04,67880.0,68779.9,-0.37792591676761067,0.6776603531329519,0.007799075508339692,0.9749306638826607,-0.2714060603762095,0.5309336336659582,0.6670890800720202,0.03984154306100863
2024-11-05 07:00:00,69100.0,68570.24,68764.29,-0.18998861906736456,0.6709025104877328,0.006061802293979568,0.3662979462328739,-0.1486257369603995,0.5063001486126729,0.6991977472969039,0.03784097306821287
2024-11-05 11:00:00,70325.06,68666.0,69964.0,0.9340462511209441,0.664170973785161,0.008644343187159897,0.7823707400529084,0.876862574384264,0.5320094072751153,0.7452633939489292,0.03833671405430253
2024-11-05 15:00:00,70577.91,69216.5,70229.99,1.7165708634296606,0.6573108918521501,0.00703121775708615,0.7444414246939264,2.0762860488120483,0.5137362133235406,0.7830566036361287,0.04131233309798745
2024-11-05 19:00:00,70267.95,68732.77,69594.0,1.0444671684509481,0.650468146266624,-0.007896721371530746,0.5609961046876523,0.3698120961365049,0.482962250132337,0.740312818583673,0.04261263493977198
2024-11-05 23:00:00,73287.21,69294.99,73077.05,4.194813411814218,0.6464598950026379,0.02981430615807512,0.9473576105501508,1.999033090811902,0.5354707312989906,0.9004188727179226,0.0664149706619956
2024-11-06 03:00:00,75407.1,73070.05,74252.57,5.0,0.6424669928701838,0.04149030688587363,0.5059883186046267,2.8601151726459944,0.5313550553450981,0.9999999999993149,0.0914566388483317
2024-11-06 07:00:00,74659.99,72656.31,73830.01,3.3217227501241506,0.6356544566923864,-0.010861523999672329,0.5857721791873628,2.3653679191726726,0.4856264138184587,0.9446318758385119,0.10680248272336518
2024-11-06 11:00:00,74757.58,73488.0,73640.0,1.7876562759458592,0.6288556739958926,0.00730295017407645,0.1197246333423672,2.5467466881813117,0.4754008225430278,0.9814553259988896,0.11768262552690668
2024-11-06 15:00:00,75230.0,73514.0,75229.99,1.5858225834468853,0.6257322971074506,0.004113032773873204,0.9999941724883481,0.9924020285550155,0.5114330084879712,0.9999999999993164,0.13116953848256896
2024-11-06 19:00:00,76400.0,75037.87,75638.49,1.660272000054947,0.6226189967117247,0.017176249283519684,0.4409417603280146,0.33362924899548513,0.5014453853332095,0.9999999999993714,0.1427742401931133
2024-11-06 23:00:00,76022.79,75050.0,75276.01,0.41086788915221945,0.6226189967117247,-0.0038127108529762976,0.23233174682888694,0.6701075503507661,0.4853035307754691,0.9818534285547872,0.15090038713478196
2024-11-07 03:00:00,75392.67,74416.0,74768.27,0.17970955576332556,0.6226189967117247,-0.007664598616100915,0.3606847758161896,0.08407522401130578,0.49666867013002003,0.9455129096138714,0.15688554342913896
2024-11-07 07:00:00,75150.11,74649.54,75031.2,-0.2475513283863795,0.6226189967117244,0.0009627794214701613,0.7624508060658323,-0.15575041167774123,0.4879996976198121,0.9500427926908355,0.16128325940799512
2024-11-07 11:00:00,75118.0,74512.19,74822.0,-0.09052264275543781,0.6226189967117247,-0.0014879381140433523,0.511397963049281,0.3634481753477101,0.4762833992575825,0.9430352945619858,0.16403577686834891
2024-11-07 15:00:00,76718.99,74675.05,76604.01,2.1219929413410092,0.6226189967117247,0.015136045643821427,0.9437459025169781,1.2886911279134026,0.4994914706669509,0.9999999999993803,0.1660021317974959
2024-11-07 19:00:00,76849.99,75494.0,75872.0,0.8500236227805208,0.6226189967117247,0.004329246807311282,0.27876311772005025,0.6869531328153432,0.4642805947512983,0.9999999999993926,0.16680970823467156
2024-11-07 23:00:00,76358.0,75652.65,75711.14,-0.15204080114755883,0.6226189967117247,-0.003736643440998888,0.08292337137474377,0.022993443461737425,0.4747308459403725,0.9826889401908862,0.16021065156527797
2024-11-08 03:00:00,76139.83,75555.0,75876.0,-0.4493173060774344,0.6226189967117247,-0.0014759410864856326,0.5488774515577352,-0.6223713776792057,0.43435754025918155,0.9758767748896461,0.1512966579424446
2024-11-08 07:00:00,76320.0,75686.0,76229.98,-0.015157266758098673,0.6180276174071117,0.0015456224644052607,0.8580126182829902,-0.3277594365249314,0.5027109611731893,0.9830000236295067,0.13893097125228257
2024-11-08 11:00:00,76309.13,75630.76,75752.0,0.1019700764508154,0.613453132609661,0.00021651456552929105,0.17872252605247319,0.7380521166150766,0.4203612795238643,0.983999407978038,0.12781923766335263
2024-11-08 15:00:00,76999.0,75636.36,76812.0,1.2403044271660715,0.6109967634459575,0.0038227600911644455,0.8627663946393562,2.17531189728478,0.5101481780232707,0.9999999999993936,0.11236140522230215
2024-11-08 19:00:00,77199.99,76303.03,76369.12,0.4242304865420703,0.608546964906046,0.005898447671098372,0.07368221548258475,0.5066345863428329,0.4871964175792228,0.9999999999994097,0.10087045975056302
2024-11-08 23:00:00,76639.84,76136.0,76422.98,-0.6392974990221265,0.6058109018554262,-0.004643533708023839,0.5695855827133655,-0.6316760907595051,0.43045234009494365,0.9789626751413402,0.08588430498090346
2024-11-09 03:00:00,76795.69,76240.08,76510.0,-0.6372257535091647,0.6030826690571364,0.001193512019274534,0.48580839076895643,-0.4934471671881677,0.4728881045526766,0.9843447204553583,0.05530509541351932
2024-11-09 07:00:00,76735.59,76354.0,76468.01,-0.7090790901446286,0.5968669525931035,0.0004070865715068983,0.29877617337196477,-0.8830958416224226,0.49569466698644804,0.9861826351762053,0.04878325563187042
2024-11-09 11:00:00,76541.53,76272.72,76355.61,-0.6414879960907336,0.5906653406374317,-0.0019177416222335708,0.308359064011445,-0.8180232947925967,0.48016786057766064,0.9775208893929741,0.046925087778501476
2024-11-09 15:00:00,76416.52,75714.66,76356.53,-0.5007845433540775,0.5841843718970227,-0.0028734055935194514,0.9145271136563553,-0.35431722015032424,0.4319914881124353,0.9645676435633873,0.04173132973431591
2024-11-09 19:00:00,76700.0,76116.0,76519.9,-0.6216741138122076,0.5777127299450603,0.0035994772279899223,0.6916095890292433,-0.3465698559584834,0.47878848235912136,0.9807473785823724,0.032992634034809135
2024-11-09 23:00:00,77498.0,76474.0,77033.99,0.3839927405837847,0.5719053549927349,0.006527884098056491,0.5468652343696647,0.9395992606175522,0.5753245688604073,0.9999999999994157,0.0339663816045319
2024-11-10 03:00:00,79788.96,76985.43,78903.42,2.1621921379255764,0.5661114267420355,0.02349486541224466,0.6841339311486428,2.0571450658673784,0.5673578900695743,0.9999999999994715,0.0461649495511001
2024-11-10 07:00:00,79769.88,78743.98,79540.74,0.05419092349227769,4.6730672084383515,0.005995173722097347,0.7766448971558984,-0.15016356747684265,0.4866511377281623,0.9999999999994843,0.058011774619432056
2024-11-10 11:00:00,80080.0,79200.0,79508.01,1.1836220646865296,4.440379173459306,0.005619120451212156,0.3500113636323803,1.7052255033907395,0.519449071519931,0.999999999999496,0.0644454197587365
2024-11-10 15:00:00,81069.99,79379.9,80538.04,0.9113184923593594,1.5042005668312586,0.007654952043929075,0.6852534480371693,1.2216906767686682,0.5335564938605767,0.999999999999511,0.07412631731179241
2024-11-10 19:00:00,81500.0,78473.13,80614.01,1.6877136336443004,1.4911577534781275,-0.004547121160418666,0.7072916907541191,2.118643685758937,0.5091792658164189,0.9821526163514562,0.08049517600193451
2024-11-10 23:00:00,81730.0,79945.23,81431.17,0.5999957628240397,5.0,0.011527925746344092,0.8325666612458038,1.3500147759924024,0.5146187190002643,0.9999999999995239,0.09181899427517176
2024-11-11 03:00:00,81846.71,80432.0,80900.68,0.17917607937468097,5.0,0.004049477122601397,0.33129051183399993,0.8243711120273549,0.49269896918994044,0.9999999999995312,0.0979896721222919
2024-11-11 07:00:00,82380.94,80747.58,81984.19,0.4664534921205313,0.2937442112940044,0.004968747337797508,0.7570958025128749,1.1122626942307139,0.5207428541449245,0.9999999999995399,0.10449326639571245
2024-11-11 11:00:00,82580.0,81460.19,82484.9,1.162928506945109,0.2856926251495844,0.006087338186120839,0.9150748787659008,2.3563614004561817,0.5036809591802884,0.9999999999995501,0.1115223399528978
2024-11-11 15:00:00,85832.65,82349.98,85831.99,3.2261573803010584,0.27871485307389815,0.0262391374658284,0.999810490224458,4.352985675418528,0.5469807292028244,0.9999999999995899,0.12989752767025092
2024-11-11 19:00:00,88378.0,85314.0,87979.28,3.0365875257670956,0.27168343078662255,0.032334707203040436,0.8698694516942886,2.1328484913038253,0.5017514294498319,0.9999999999996311,0.15283261052607203
2024-11-11 23:00:00,89530.54,86561.35,87694.53,3.459140829816152,5.0,0.017604602351948717,0.38164617286067287,3.1656314176283904,0.5014603637244595,0.9999999999996508,0.17202987645468462
2024-11-12 03:00:00,89800.0,87474.19,89545.46,1.166713248818634,5.0,-3.193409499502309e-05,0.890558558089913,1.5133552581040184,0.552674798622275,0.99990136743174,0.18903154685952217
2024-11-12 07:00:00,89940.0,85229.0,86787.51,2.689547931140814,5.0,-0.0059275399580155375,0.33082360432958746,4.055722486461739,0.4921689003655941,0.981593981005908,0.19924113618604877
2024-11-12 11:00:00,87860.75,85072.0,87001.51,2.308435250830161,5.0,-0.015980069107684458,0.691890632001103,3.950691717549656,0.5219967412215882,0.932531607584799,0.20076151792272465
2024-11-12 15:00:00,88877.36,85730.35,88796.41,1.4052223190439939,4.1863151350866,0.0076147650186384475,0.9742771710259135,2.7052977980973463,0.5144169068642493,0.9555370347462057,0.2010074269233272
2024-11-12 19:00:00,89876.94,87612.0,88592.0,0.751916851450405,4.017142341588985,0.02081762380318941,0.4326825434650243,0.7725742283790843,0.4972728039946506,0.9999999999996573,0.20067135829683552
2024-11-12 23:00:00,88592.0,87004.0,87868.0,0.447147814551747,0.010613976438285213,-0.01156079743043259,0.5440806045305788,1.9541610988435636,0.48136558798464507,0.9647411025564208,0.1955224282616861
2024-11-13 03:00:00,88150.0,86127.99,86500.0,0.5228192001921197,0.0070018746760089285,-0.010131872158602007,0.183980296832437,2.6193268009961987,0.4724317031739905,0.9341974761408532,0.1856518220696091
2024-11-13 07:00:00,87684.0,86480.07,87535.55,-0.005909986919784249,0.4349957337525316,0.0024022539442594137,0.8766954889331068,0.8243400935626052,0.5126896450623742,0.9413659573942214,0.17071713557556542
2024-11-13 11:00:00,91827.09,87454.54,91508.0,2.0645159398126847,0.4300517996188928,0.025379388482441145,0.9270242764498368,2.4631222870952554,0.5670140549989883,0.999999999999663,0.16629606098353839
2024-11-13 15:00:00,93265.64,90432.23,92824.0,2.760378398348734,1.639002630238624,0.030381935822988426,0.844131276444835,3.6219446424243738,0.5152362285265462,0.9999999999996914,0.1695303840811507
2024-11-13 19:00:00,92892.98,87970.98,89715.12,1.907145361820794,1.6238870089906507,-0.023120084320697787,0.3543559528639691,3.2871892635162308,0.481237486146493,0.93420140270763,0.16640795684158327
2024-11-13 23:00:00,90566.0,89248.28,90104.01,0.07619012990207782,-0.03705717580329445,-0.0007063172670401796,0.6494019973844984,0.8370006821893679,0.5333219893240911,0.9322377339709981,0.15818554728969283
2024-11-14 03:00:00,90308.83,89283.5,89300.69,-0.29581045522264227,-0.042070672554354684,-0.0016807819060447038,0.016765334087400784,0.08524334057023766,0.5086786610798205,0.927568206781797,0.14738936100058667
2024-11-14 07:00:00,91438.41,89104.54,91103.0,0.08420116947524889,-0.04971205860641026,0.009163302901351589,0.8562859113795692,1.503609424261521,0.49773402905878505,0.952982791565266,0.13612233401290613
2024-11-14 11:00:00,91790.0,88639.76,88720.03,0.6198628813305742,-0.057457967018178555,-0.000726194927452517,0.025480598303541678,3.008947800215147,0.45735141006801033,0.9509502209795807,0.11988129902939519
2024-11-14 15:00:00,89775.24,87526.74,89111.55,0.9989038628439485,-0.059333378652107714,-0.021220429895234094,0.704829886587925,2.863933070655863,0.49364364906616975,0.8915988020478454,0.10063569034413654
2024-11-14 19:00:00,89664.19,87029.65,87640.01,0.3681777873527814,-0.06121086181086852,-0.006417300565626172,0.23167611803111055,0.9439081293169859,0.5047372456970554,0.8740311304262781,0.08059376665518686
2024-11-14 23:00:00,88443.83,86668.21,88364.07,0.0005532182944079331,-0.06243409578963454,-0.0048138020467975995,0.955080478925927,0.835804223727166,0.5175452197348879,0.8609376810843028,0.07399663603070983
2024-11-15 03:00:00,88473.7,87073.38,88182.67,-0.34811708180216977,-0.06365801259444737,0.0009245134241975261,0.7921689328096992,0.07219784692400764,0.5056531070298258,0.8634402348161271,0.07392315701155415
2024-11-15 07:00:00,89458.13,87368.0,89354.55,-0.12032920138911318,-0.06365801259444737,0.007865913416862824,0.9504432738588002,0.6422729509015594,0.5113407389277922,0.884752061542872,0.07208045739838798
2024-11-15 11:00:00,90709.74,88585.33,89107.98,0.2684540617553153,-0.06365801259444737,0.01353052198144078,0.2460212482512948,1.824958871077188,0.5202625985574058,0.9216998819017734,0.0720162791059457
2024-11-15 15:00:00,89944.0,87754.45,89387.99,0.3377609668718945,0.07196080502775122,-0.007895724074715504,0.7460619762017517,1.8969242044614183,0.5155662181101012,0.8998472843802843,0.06833624878450026
2024-11-15 19:00:00,91850.0,89260.0,91208.0,0.22496158170664282,0.06832951815568535,0.02168548600358844,0.7521235521206482,0.7523587338181552,0.5140740632203302,0.9593912266935022,0.06674166544960933
2024-11-15 23:00:00,91709.06,90850.0,91405.54,-0.6181970717385636,-0.07260717759391953,0.0034757641269778095,0.6466835843753966,0.10986072218289636,0.5232095191984674,0.9691419300888722,0.06964547132870841
2024-11-16 03:00:00,91779.66,91053.48,91192.0,-0.848154304161829,-0.07394379611911893,0.0011411126069169608,0.1907516042828157,-0.10937053796184482,0.5180240923056088,0.9723542666502083,0.07148693445781472
2024-11-16 07:00:00,91598.13,91025.11,91393.93,-0.7906499688179045,-0.07925084946005972,7.161229848429151e-05,0.6436424557494562,-0.4972556691207714,0.5347730852493943,0.972556091875879,0.07150905941170044
2024-11-16 11:00:00,91423.33,90500.0,90968.0,-0.6202688003336985,-0.08459584472915307,-0.003842385641613655,0.506861035593916,-0.018037730760061196,0.4890504985842144,0.9617263056478906,0.06478466121530449
2024-11-16 15:00:00,91396.03,90056.17,91303.04,-0.5126919185703241,0.3741911562950634,-0.00330587733829113,0.9305972265689616,-0.005686749639635614,0.5067604784971651,0.9524444731310072,0.061023747117049464
2024-11-16 19:00:00,91332.0,90300.0,90328.39,-0.9372233006380972,0.3679732737053811,0.002399945303745099,0.027509689922213493,-0.6780803955707573,0.4446146249356449,0.9591604661113734,0.05997499379152919
2024-11-16 23:00:00,90888.0,89364.0,90024.01,-0.5184948014556107,0.7306680177802005,-0.00857429125123299,0.4330774278186772,0.4584537542547306,0.4531636550337138,0.9351086344605469,0.05265754951896927
2024-11-17 03:00:00,90888.0,89775.37,90645.44,-0.8467914930484917,0.7260960351959854,0.003315719386632665,0.7819940141755871,-0.03185072840846906,0.48559870433839125,0.9434125976890086,0.052770788325022876
2024-11-17 07:00:00,91449.99,90368.0,91056.0,-0.7609280674172602,-0.11294792328194639,0.005504177092813922,0.6358653961622918,-0.1593172986426718,0.5645533643636949,0.9585497174049734,0.05365098452192214
2024-11-17 11:00:00,91189.88,89925.91,90310.91,-0.5394705715492424,-0.11838740910145118,-0.0030927712860867596,0.30459583692409925,0.08433911015178923,0.5156809978247222,0.9492675813914367,0.05368852740139098
2024-11-17 15:00:00,90640.18,89832.44,89936.0,-0.8143749214009122,-0.04280084872525436,-0.003680370095276997,0.1282095723855656,-0.33798104444943466,0.527945456862849,0.9372796932371359,0.05275433621962375
2024-11-17 19:00:00,90212.13,88722.0,89556.0,-0.5620787558298042,-0.05136242664522699,-0.008616345272326353,0.5596827122428248,9.98657793498591e-05,0.45669462773212005,0.9094680185384688,0.05152530804796278
2024-11-17 23:00:00,90935.44,89316.98,90493.89,-0.725602684427138,-0.14404621560417383,0.007285021272000147,0.7271789231693876,0.2772560608361368,0.5335891687678819,0.9313201964217733,0.05027358670545288
2024-11-18 03:00:00,92079.3,90300.0,92061.84,-0.5298616422752284,-0.1514903219250649,0.00965078446489831,0.9901871522453166,-0.21000851926196595,0.5539602828905837,0.9605196335286457,0.046176805828480896
2024-11-18 07:00:00,92300.0,91415.79,91769.42,-0.34064615114806257,3.675432570972574,0.009023785626351977,0.39993892853055574,0.26276250246301336,0.46513271056841476,0.9880855108752723,0.04381249744928371
2024-11-18 11:00:00,91816.01,89376.9,90308.01,0.46311666643779403,3.5564725779437705,-0.016266785598824884,0.3817417008647347,1.3009689186698206,0.46998715614967046,0.9379452953386959,0.0376173313413914
2024-11-18 15:00:00,92594.0,90100.0,90356.8,0.9349679681956017,1.4028433186250397,0.013151250894482658,0.1029671210902058,1.658916743072914,0.535258566861017,0.9778228805838428,0.035445998128926536
2024-11-18 19:00:00,91980.0,89667.66,91148.02,0.05221260097253312,1.3890330831568936,-0.005223331141843368,0.6401999705897925,0.595381285036459,0.5084275949107234,0.9617762581734299,0.031647937798179315
2024-11-18 23:00:00,91271.65,90224.02,91236.0,-0.6389431874585138,1.419071014389596,-0.0032028651180114887,0.9659708102959498,-0.3402735529259242,0.5264309240388979,0.9519881149723658,0.028659300206724393
2024-11-19 03:00:00,91980.0,91163.9,91959.11,-0.721802311787483,1.408947352704369,0.008651579425686062,0.97440264672253,-0.6518105202219429,0.5186244789107901,0.978343165004955,0.030292723204004262
2024-11-19 07:00:00,92000.0,91200.0,91750.77,-0.6689887235383285,2.580305999334687,0.0006792685887682115,0.6884624999913993,-0.44006977138661785,0.48330980127205686,0.9804303029358253,0.03114411919099592
2024-11-19 11:00:00,92788.0,90975.8,91824.0,0.6376047970056455,2.538148803837296,0.003153398082996528,0.4680498841161671,0.939776319842592,0.5234862644988137,0.9901260956125489,0.03231791147957837
2024-11-19 15:00:00,93856.0,91500.0,93646.15,0.6990777625952239,0.8330518769556806,0.009486870366315125,0.9109295415920564,1.1114498365949292,0.540559232229855,0.9999999999996708,0.04088136880260662
2024-11-19 19:00:00,93905.51,91320.0,91826.19,0.06278236076918105,0.8254992491087055,-0.0009554898745658402,0.19577955606361824,0.5163618586933441,0.428011156911397,0.9970815024072491,0.042387945068079344
2024-11-19 23:00:00,92418.68,91580.0,91748.0,-0.7175776805340831,-0.2880594454071814,-0.00795092395460173,0.20031478036676473,-0.4725544529522854,0.4693739246477137,0.972594256738182,0.04288055453867451
2024-11-20 03:00:00,92654.93,91500.0,92372.95,-0.7553657181536626,-0.2926345154131934,0.0015824580566770052,0.7558466746836986,-0.6362080152047928,0.49659348363397865,0.9774243945401947,0.043529097045988896
2024-11-20 07:00:00,93669.98,92300.0,93278.5,-0.2983671611003609,-0.296015963831428,0.010744191128825076,0.7142440035568844,-0.23922336957694396,0.5063518921985507,0.9999999999996565,0.045719378148972804
2024-11-20 11:00:00,94750.0,92808.0,94627.41,0.4601401291253139,-0.2994128097698249,0.010167703325210331,0.9368743563288542,1.852336007884247,0.49169631696597466,0.9999999999996605,0.05393870621015906
2024-11-20 15:00:00,94831.97,93138.0,93684.0,0.7630998548234557,-0.2994128097698249,0.0001675606906814675,0.32231975772698246,2.957366831394224,0.46627684611000486,0.9999999999996511,0.057809718179407873
2024-11-20 19:00:00,94599.98,93240.12,94160.55,-0.41226889233892106,-0.2994128097698249,0.00011499683706239772,0.6768564410992592,0.44975717350004646,0.49810028984255067,0.9999999999996504,0.06027838783041198
2024-11-20 23:00:00,94977.0,93770.07,94404.13,-0.4775822813135089,-0.2994128097698249,0.004547133423749905,0.5253494403111596,-0.24367696561730565,0.4690786690336646,0.9999999999996555,0.06131313798148161
2024-11-21 03:00:00,97852.0,94400.0,97004.02,1.4239488512572616,-0.2994128097698249,0.021414805539843318,0.75435110080894,1.470349040736444,0.5264950499683999,0.999999999999678,0.06979403679846688
2024-11-21 07:00:00,97787.49,96723.96,97756.0,-0.12849187176575005,-0.2994128097698249,0.00819581948984327,0.9703910561905079,0.23764198705780257,0.572249555049163,0.999999999999686,0.08164379114760799
2024-11-21 11:00:00,98384.86,96521.73,97042.86,1.1546034796534612,-0.2994128097698249,0.002939543170304759,0.27970673007101293,2.261378536415299,0.46289368555273214,0.9999999999996865,0.09040501612311791
2024-11-21 15:00:00,98437.5,95600.0,98280.01,1.0897652685696182,-0.2994128097698249,-0.0051473599870633935,0.944496916296229,2.149096589109398,0.5201320391135617,0.9841655977391283,0.09987161277681104
2024-11-21 19:00:00,98988.0,97533.18,98356.0,0.14847529032222884,-0.2994128097698249,0.011665482316324027,0.5655819963942943,0.5770263289870341,0.5161129048355547,0.9999999999996909,0.10466101083466672
2024-11-21 23:00:00,98779.62,97840.0,98617.46,-0.488151025000986,-0.2994128097698249,0.0006718458239687308,0.8274195951466934,-0.22718713575792776,0.5061854222049547,0.9999999999996916,0.10747304509459425
2024-11-22 03:00:00,99299.99,98422.33,98999.99,-0.35028820990174464,-0.29941280976982465,0.005609933663650812,0.6581819839042674,-0.15783376266552362,0.5088512425900531,0.9999999999996968,0.11102733721824098
2024-11-22 07:00:00,99419.99,98256.41,98400.0,-0.08307414349145488,-0.30059674725829844,0.00034643761952279917,0.12340363361243943,0.2779341579750923,0.47354075653935185,0.9999999999996971,0.11176117294677143
2024-11-22 11:00:00,98949.0,97122.11,97296.0,0.09586974261828322,-0.3017821248310071,-0.009262391716878815,0.09518361806077413,1.5680923911840745,0.42242097850741867,0.9722537290987687,0.11094024176352923
2024-11-22 15:00:00,99275.0,97155.68,99108.87,0.07471246082193575,-0.30284135276924506,0.006659936810738731,0.9216116490151464,1.7237193831938626,0.520448488034529,0.9920193397404993,0.1088652929855466
2024-11-22 19:00:00,99588.01,98535.0,98627.35,-0.2237407239041105,-0.30390171604705674,0.00552612341287384,0.0877009714999186,0.32101201499454585,0.5529842950032707,0.9999999999996997,0.10630554372697323
2024-11-22 23:00:00,98908.85,98300.0,98483.54,-0.8420799007085611,-0.30390171604705674,-0.005897500342696982,0.30145355998518075,-0.6527902569287052,0.44597029023874224,0.9824330742113926,0.10639008823550897
2024-11-23 03:00:00,98800.0,98284.61,98709.9,-1.0414265069408792,-0.3039017160470569,0.0002308093480414275,0.8251809309294753,-0.5921635799629232,0.44530859277933144,0.9831165330305782,0.0997443648938624
2024-11-23 07:00:00,98720.0,98300.0,98408.55,-0.918706010923649,-0.3039017160470569,-0.0013058520353050884,0.25845238094623424,-0.6773590891848317,0.41004816553284595,0.9792488296897175,0.09008198779174675
2024-11-23 11:00:00,98847.68,98374.25,98744.37,-0.971331373262556,-0.3039017160470569,0.001164669915608929,0.7817840018422638,-0.5530388593819905,0.44272616651840174,0.9826938719026689,0.08018212048851062
2024-11-23 15:00:00,98779.7,97336.06,97839.99,-0.09838844526321888,-0.3039017160470569,-0.006752483694688394,0.34906901997486706,0.3779444130538837,0.47495557189233406,0.962697060532624,0.07169864426387669
2024-11-23 19:00:00,98015.82,97136.0,97631.99,-1.0638701583518189,-0.30390171604705674,-0.0034778879291594844,0.5637403105116545,-0.5906345727346136,0.44724311425893953,0.9524671867171234,0.0665863675683497
2024-11-23 23:00:00,98564.0,97402.87,98390.66,-0.8854050503162868,-0.30390171604705674,0.005249342903973941,0.8507143902848924,-0.6186950948045883,0.5094903197735015,0.9678539253436642,0.0548442683469535
2024-11-24 03:00:00,98428.0,97872.2,98360.02,-1.0018867082244334,-0.3039017160470569,0.0009078480206723416,0.8776898164649649,-0.6948914470344911,0.49230169593333134,0.9705289548837054,0.04240053039292779
2024-11-24 07:00:00,98472.98,97435.89,97668.85,-0.9265928407479681,0.5577647074861665,-0.0008133319204024492,0.22462852789802323,-0.7054930312879806,0.48117263102803387,0.9681302471083886,0.025123787057947457
2024-11-24 11:00:00,97732.01,96403.78,97029.95,-0.12061380492395805,0.5536368992951071,-0.010946194613459359,0.47143190561520665,1.1145299101112118,0.4542291485778932,0.9358735926711444,0.02518168706669276
2024-11-24 15:00:00,97091.31,95734.77,96537.56,-0.20394701348555508,1.533567502285844,-0.008194124736452868,0.5917923540729204,0.5740684272103359,0.4594732786861337,0.9119911554138173,0.029378268854371753
2024-11-24 19:00:00,98000.0,96120.92,97999.99,-0.8831189364568829,1.517713566511991,0.007128992662152944,0.9999946782414827,-0.5908567313637704,0.5296009151829717,0.9325989216363509,0.027053763579330446
2024-11-24 23:00:00,98369.46,96888.0,97368.63,-0.6138816172335168,1.201774089012771,0.007844438853976898,0.3244299542321482,0.3914255165840991,0.495025323328908,0.9554364832364484,0.028185878477045234
2024-11-25 03:00:00,98376.99,97339.16,98082.86,-0.7270626082155855,1.1914005098853366,0.003108299321376018,0.7165913492506769,-0.2749777980509049,0.5245637913520301,0.9645566795580776,0.027897387082002924
2024-11-25 07:00:00,98871.8,97735.29,98319.34,-0.48381348948709085,-0.3363555329459564,0.0033627735476713383,0.5138978099575535,0.16117875269452858,0.47458623599719985,0.9744542089375238,0.02749179575402801
2024-11-25 11:00:00,98553.9,95340.0,95385.49,0.018531798374981777,-0.3363555329459564,-0.0117762544927561,0.014154142941555052,1.031475641103734,0.3853156396110947,0.9396770305136575,0.036740452651041366
2024-11-25 15:00:00,96500.0,94525.0,95139.99,1.275859620913003,1.751406556329197,-0.016547859933920273,0.3113873417705779,2.309851844050389,0.4742634381928567,0.8913840196838968,0.044774844078581684
2024-11-25 19:00:00,95300.0,92600.19,94404.49,0.7214465954321742,1.730722076102276,-0.013472397544380454,0.6683062882178085,1.1582229082924704,0.4747052549939958,0.8527170119412851,0.055121600558643
2024-11-25 23:00:00,94923.69,92727.9,94587.98,-0.02205760735812307,1.2641344469074405,-0.004337758400179359,0.8471119733633562,0.5109311883664931,0.4839039047984226,0.840434978476158,0.05983611065177969
2024-11-26 03:00:00,94973.37,94048.49,94495.96,-0.8649078168831481,1.252807018933676,0.006811254808750888,0.48381411642069005,-0.3920818757670345,0.46026065513230463,0.8596368731050333,0.0644148073006058
2024-11-26 07:00:00,94510.48,92272.72,92327.99,0.5805961933189767,0.7091038462703122,-0.014471217344505405,0.024698805948697455,1.9333550448377477,0.5022355378762953,0.8185625814422082,0.07947603152859935
2024-11-26 11:00:00,93546.2,91466.52,93274.15,1.2324581110478756,0.703726872420152,-0.008846023176591444,0.8691866056274544,2.8295347342019137,0.5164470008067997,0.7938178695410828,0.08349636191742595
2024-11-26 15:00:00,94685.6,92000.0,92119.99,0.47495324666275757,2.2469772572309465,0.011501300569480177,0.04467902889468208,1.8601258458618994,0.48678313850335697,0.8257055118603596,0.0928344208055633
2024-11-26 19:00:00,92670.28,90791.1,91811.14,0.5674230949224947,2.2112174841959265,-0.01821154778239742,0.5428112261702281,1.427116729627458,0.5164988648349087,0.7746328186733326,0.09915762498078855
2024-11-26 23:00:00,93037.38,91588.0,92943.34,-0.5798143066716355,2.3813569010251046,0.006819100690748536,0.9351170845400385,0.04491791383852259,0.5054670883819037,0.7934081204044541,0.09999834397669986
2024-11-27 03:00:00,93393.19,92361.66,93068.16,-0.6177819055009595,2.340378688944669,0.006195854940794776,0.6849049470138066,-0.3911708980774791,0.4517784670172956,0.8105837438165678,0.10088029126984574
2024-11-27 07:00:00,93885.6,93024.0,93821.35,-0.8462409234733492,0.47293645982108967,0.0062667343379112506,0.9254294336011445,-0.4649933308153792,0.5329502663491065,0.8280634881489902,0.0967188489490697
2024-11-27 11:00:00,94885.0,92847.84,94833.41,-0.31594632351142343,0.4689556770132146,0.0049540750963066316,0.9746755286723954,0.4389155166049718,0.509023179993281,0.8419684401227974,0.09055354280017071
2024-11-27 15:00:00,96539.33,94316.0,96119.51,0.7558355026786032,-0.40951810231889035,0.01879542340661189,0.8111751291944433,1.691425695653034,0.4789051750825688,0.8949842300615328,0.0863324453016768
2024-11-27 19:00:00,97208.21,95893.13,96047.47,-0.28171215447596043,-0.40951810231889035,0.008581359103171149,0.11736168141772568,0.12172017984515981,0.4998403605746424,0.9196444068002909,0.08474151712861291
2024-11-27 23:00:00,96564.0,95624.01,95699.79,-0.4920741048038766,-0.40951810231889035,-0.00428163040675289,0.08061787891274613,-0.363580831414853,0.4829811345805007,0.9072347371168571,0.08395072400382697
2024-11-28 03:00:00,95922.39,94822.54,95479.07,-0.4986823791052762,-0.40951810231889035,-0.006497769809791665,0.5969268536564447,-0.42849587220990637,0.5097397748163124,0.8884825517656658,0.07868158206721214
2024-11-28 07:00:00,95757.08,94640.0,94958.74,-0.8129840541071589,0.14730916516117304,-0.0026105276485417495,0.2853331901002179,-0.5503654014349592,0.4649405797009241,0.8809976740631423,0.07485193789554775
2024-11-28 11:00:00,96221.8,94760.84,95376.04,-0.6849073577154468,0.14486016447310807,0.002809584431976875,0.42109297995549744,0.49865546902780644,0.5084175190892452,0.8890322559074036,0.0669017172806101
2024-11-28 15:00:00,95508.94,94817.0,95290.21,-0.7919003567275757,-0.17542092889185076,-0.0036122118525893088,0.6838887764736334,0.10194286192826756,0.5563407146995815,0.8786733740331331,0.05614644901753939
2024-11-28 19:00:00,95651.82,94698.0,95651.79,-1.0105848836418772,-0.176551344941111,-0.000409274093716272,0.9999685475141923,-0.7912699972912739,0.5846457437962934,0.8775039222538386,0.056437090398015574
2024-11-28 23:00:00,96859.0,95364.99,96739.98,-1.0437702233296973,0.949739382338846,0.009389819260267052,0.9203352052468138,-0.4745701785154209,0.5578495365941917,0.9043232269571861,0.05961297553615525
2024-11-29 03:00:00,96812.24,95997.85,96266.19,-1.178493960846714,0.9421036253614855,0.00435909684563307,0.32949815198701077,-0.9515599559015833,0.43480119178482307,0.9168906350990894,0.062223147088466754
2024-11-29 07:00:00,96849.0,95600.03,96844.01,-0.8780535748723978,-0.2037362895169911,-0.0024029815617323536,0.9960047078713138,-0.653791511952681,0.5221873724586023,0.9099325672759919,0.06539851070667228
2024-11-29 11:00:00,98052.0,96548.0,98002.01,-0.3472256780044788,-0.20480859919991928,0.01166288386242198,0.966761968078675,0.259415471955289,0.5386687103263724,0.9436224355342936,0.0714178256486886
2024-11-29 15:00:00,98619.99,96853.82,97175.99,0.14817648502486935,1.0993833055833666,0.005651165910176115,0.1824116591257775,1.15684925049209,0.4617682992412253,0.9601370042438877,0.0707963584465235
2024-11-29 19:00:00,97624.62,96879.53,97292.69,-1.132008456295079,1.0900674469182665,-0.005650403618020605,0.5545101933920202,-0.7934687335264455,0.4924909836833098,0.9435313492243416,0.071249545173913
2024-11-29 23:00:00,97486.27,96309.85,96609.21,-0.9672160972212149,-0.44209018961399826,-0.003806585671793705,0.25446694207634724,-0.37989375386198393,0.4533366944768909,0.9313892110413002,0.06571535847719424
2024-11-30 03:00:00,97234.02,96394.56,96639.66,-0.9666780836614721,-0.44209018961399826,-0.001158639652232396,0.2919734114753344,-0.7356007309175714,0.48579457792591746,0.92796339470804,0.0556730713417588
2024-11-30 07:00:00,96968.78,96121.0,96137.48,-1.0619332953191862,0.31404761518539154,-0.0013007982081456593,0.019439005402110875,-0.6074543095190715,0.5128370883261929,0.9241239117830814,0.048842013507779475
2024-11-30 11:00:00,96720.0,96092.01,96462.64,-1.18518754285595,0.3107278429001841,-0.002063145969162461,0.5901845570695389,-0.7941974639397519,0.5124071980190358,0.9180421771143349,0.04023218059333892
2024-11-30 15:00:00,97010.0,96403.2,96966.37,-1.2413289565639913,-0.18505845120639403,0.0026742753864155144,0.9280982201560886,-0.6393065378352805,0.5406007875149919,0.9259091327667691,0.03428305450584476
2024-11-30 19:00:00,97062.5,96344.0,96466.11,-1.291262452946353,-0.18631372138458727,0.0006852045953389396,0.16995128740194998,-1.1998759245219905,0.4451698572419858,0.9279301997833561,0.03168821977900217
2024-11-30 23:00:00,96672.49,95693.88,95776.22,-0.8538136545342843,0.30424974749683975,-0.005705471395923811,0.08413974923529809,-0.4351394900159575,0.43996030633492267,0.9110899139460624,0.03226490628619555
2024-12-01 03:00:00,96515.52,95770.03,96327.66,-1.3450243267969446,0.30093811439431595,0.0006523424601483363,0.7480046680606321,-1.0132864847090608,0.5024531332512655,0.9130043842005001,0.03199009127030516
2024-12-01 07:00:00,97179.04,96299.1,96811.99,-1.0595923033004395,0.7685607755204912,0.005794054338055243,0.5828692865356477,-0.8614846366045972,0.4858897005613852,0.9300196507188984,0.03157787145239436
2024-12-01 11:00:00,97388.78,96660.88,97289.78,-0.9435491487643056,0.7624286705516973,0.0019408649358858554,0.8639923066236561,-0.6795275371415824,0.48899033756458304,0.9357523686067432,0.03129670141418658
2024-12-01 15:00:00,97523.41,96960.51,97118.69,-0.9311275370983554,-0.46902126768508984,0.0015571215761902568,0.28100906021885774,-0.7116844912657715,0.5155624910343342,0.9403605532124797,0.028316941836698015
2024-12-01 19:00:00,97836.0,96800.01,97562.56,-1.0004850127974323,-0.46902126768508984,0.0008151836118304168,0.7360592283638245,-0.8972659972856603,0.47190793123921654,0.9427767845340538,0.02715631734060031
2024-12-01 23:00:00,98130.0,97068.84,97644.76,-0.45216709521502696,1.535766124662006,0.003267865376056278,0.5427268272405379,0.07581659792461179,0.5305253058882664,0.952470742048822,0.025037232179359513
2024-12-02 03:00:00,97662.6,96077.0,96279.99,-0.40910783231695075,1.519599776987581,-0.010101376935216955,0.12802093844520956,0.1749778666217725,0.4638484834040827,0.9224075954682466,0.023430505580702674
2024-12-02 07:00:00,96465.38,94820.41,94972.01,0.12468733922782492,1.3577919673255905,-0.012533674406713713,0.092159735435339,0.8035201818132434,0.4787768971317506,0.8834178217203199,0.029463490453124186
2024-12-02 11:00:00,96814.73,94766.0,96321.27,-0.12308777592010525,1.3451360641520034,0.002154559702247205,0.7591385882924621,0.4174702606259238,0.499728611701216,0.8897987707172628,0.028974958403290462
2024-12-02 15:00:00,97356.69,94395.0,95646.14,1.328940030111374,-0.07699890398712106,0.00523209068450825,0.4224412413168745,1.6527752390586001,0.4787605718405441,0.9053275282923622,0.030868982824934443
2024-12-02 19:00:00,96327.87,95112.01,95372.0,-0.7135633757442458,-0.0804228343788809,-0.005349579700789198,0.21383218462476503,-0.2322710744626895,0.5065772595880433,0.8893669929572098,0.03034128121212301
2024-12-02 23:00:00,96305.52,95328.0,96035.49,-0.6360567132905351,-0.15954808674736012,0.0019110223709699614,0.7237601276626204,-0.6714979166214543,0.554755399137416,0.894714884155071,0.029816930459870324
2024-12-03 03:00:00,96238.1,95522.44,95632.22,-1.0112226904382295,-0.16121593785778396,0.0023937701683363066,0.15339686443068543,-1.0331697268403843,0.43630964704636105,0.9018540086739315,0.02985403943309974
2024-12-03 07:00:00,95721.95,94641.93,94697.9,-0.5869574410070927,1.3744200570988772,-0.007235530994578299,0.05182311438629167,-0.5704567442040432,0.41630250600207963,0.8797914841952404,0.03407383750610364
2024-12-03 11:00:00,95448.97,93578.17,95235.25,1.2667682400197844,1.3610780629298769,-0.009581378989485412,0.8857601026251559,0.8060060768353302,0.5016957219798843,0.8512525397362994,0.035149005920503074
2024-12-03 15:00:00,96250.0,94860.0,95481.15,0.7525564984381308,-0.28304773109590486,0.01286565855655275,0.44687050359390323,0.7409371141529357,0.49136059820812483,0.8881920318770806,0.035764018249945836
2024-12-03 19:00:00,96140.01,94939.77,96117.76,-0.27325722746293657,-0.2844607707421833,0.00017182802130366603,0.981462040916971,-0.5382656893974791,0.5044329458618582,0.8887101564961397,0.03544403873803806
2024-12-03 23:00:00,96614.16,95224.17,95788.0,-0.2950806353633447,1.5594854296231009,0.002341117928850167,0.40563601176695036,-0.1389822308608253,0.4876058919310722,0.8957707002402192,0.03489414311003667
2024-12-04 03:00:00,96714.41,95548.75,96539.68,-0.8464202161763463,1.542795048063598,0.00328477326888299,0.8501020880801341,-0.9177554111501641,0.4630612973453732,0.90570039277852,0.0346938391335386
2024-12-04 07:00:00,96950.0,96404.54,96512.0,-0.65189931607028,1.4795865464221483,0.005193568997374554,0.19700802991609845,-0.7742981300326582,0.44659126041050223,0.9214518424608097,0.03469073269208934
2024-12-04 11:00:00,96560.0,95352.41,95822.99,-0.03312168440008617,1.4643625196331154,-0.0074256171915797475,0.3896852408483892,0.2617586349837636,0.4820210835000609,0.8988139036098733,0.0350478018714453
2024-12-04 15:00:00,96386.2,94587.83,96111.01,1.0672957438054715,1.0788450346658136,-0.005311745377995725,0.84697809682742,1.3384365496499202,0.49232607168607645,0.8827406189207131,0.03432476061752249
2024-12-04 19:00:00,99000.0,96043.65,98174.61,2.392520784400455,1.0695098899378082,0.026753807916539918,0.7208077528008504,1.049961110268119,0.532888627990372,0.9632673338947655,0.03710428571185174
2024-12-04 23:00:00,101616.22,97888.89,101248.19,3.6258022749116194,1.596461994266345,0.017556968722183486,0.9012617610973509,1.3758149108810789,0.5788310909017843,0.99999999999969,0.05727295792808658
2024-12-05 03:00:00,104088.0,101248.19,101904.02,4.301465211123615,1.5790268531853624,0.029885045286507594,0.23094150664928037,2.4269331329174726,0.5104546496631842,0.9999999999997163,0.07441153576594702
2024-12-05 07:00:00,103159.76,101324.16,102280.62,1.0011968988583362,5.0,-0.002267205374634207,0.521061233381339,0.09333605715652951,0.5571689489120524,0.9933938663159766,0.08908931070625334
2024-12-05 11:00:00,103550.0,102237.79,103507.99,0.4746417332100303,5.0,0.003692460124701258,0.9679853072224154,0.35684840909827026,0.4943999682477065,0.9999999999997176,0.10511982061511253
2024-12-05 15:00:00,103540.0,100172.67,100179.24,2.8284481097955942,3.158152773178561,-0.012148098190348788,0.0019511007237150713,1.8601676566730359,0.496002976398718,0.9646987233612455,0.10971515954729175
2024-12-05 19:00:00,100932.0,90500.0,96589.04,4.134406094016578,3.076020327513582,-0.043503393948865376,0.5836886503061883,3.1233067402360946,0.46117761204336544,0.8398175132778286,0.11358450429226193
2024-12-05 23:00:00,98828.7,95340.0,97589.74,1.2420327416493113,-0.5554546667310278,0.0002655059596470277,0.6448648493689795,0.9175555402145751,0.5416478115147632,0.8405465202224327,0.11107503063498969
2024-12-06 03:00:00,98275.9,97186.27,98079.96,-0.45534486691316495,-0.5554546667310284,0.0054225096352078506,0.8201774914345317,-0.33758834847751645,0.46047483413239954,0.8554392056600472,0.10861013047792102
2024-12-06 07:00:00,98705.23,97622.86,98124.78,-0.22049597160544337,-0.10345768220420251,0.004163725177066979,0.46372312609861993,-0.3918339139537148,0.4832534437227223,0.8669367037139534,0.1074635237748238
2024-12-06 11:00:00,99483.81,97512.26,99481.69,0.1250930281530143,-0.10555761062515437,0.003604747097065042,0.9989247039081005,0.5200238297735422,0.48207624406603705,0.8769321138186411,0.10500394967518364
2024-12-06 15:00:00,101766.48,98568.82,101363.95,0.7900500795547523,-0.5602635439391775,0.016787123559964368,0.8741173232899241,1.1827399668449,0.4854859568939717,0.923648023568969,0.10247456071550437
2024-12-06 19:00:00,101898.99,100290.9,100504.0,-0.5039511788449756,-0.5602635439391773,0.010764547931773283,0.13251745859913264,-0.4694064698874283,0.42816053356466527,0.9541069335498175,0.10090554101249745
2024-12-06 23:00:00,100573.99,99053.03,99930.01,-0.6893858594822494,1.5782816568192197,-0.012665502163906384,0.5765963601897659,-0.6818315181949614,0.48256052358819695,0.9178833864066707,0.09781187078411528
2024-12-07 03:00:00,99930.01,98844.0,99336.27,-0.8107079123099286,1.5612002483915866,-0.005940330263177751,0.4532831189358051,-1.0286468316096768,0.40446764474364905,0.9011091227462212,0.09514401796639138
2024-12-07 07:00:00,99821.83,99108.0,99529.5,-0.9785844278885837,-0.34440523430784303,0.0012456620261978024,0.5904767241417344,-1.085178187388599,0.48340424346134087,0.9046057195282847,0.09018992768357931
2024-12-07 11:00:00,99779.34,99036.01,99465.3,-1.0564893056403395,-0.3456002833745349,-0.00022333899892446052,0.57752276915264,-1.1877942512221602,0.44407570118953443,0.9039780218230509,0.08684200405909447
2024-12-07 15:00:00,100263.64,99336.0,100123.32,-0.9842327435150846,-0.1805892223089291,0.0021828283605624943,0.8487344228273038,-0.9960923951612988,0.4918508347094514,0.910111524480863,0.08246203206661273
2024-12-07 19:00:00,100439.18,99595.11,99595.11,-1.065261277006,-0.18249040739585443,0.003965285589827339,0.0,-1.1189916110786178,0.44206361559993507,0.9212778529512685,0.07540407949289099
2024-12-07 23:00:00,100328.88,99595.11,100146.9,-1.0754157320435904,0.09651169728311143,-0.0010958109432533947,0.7519931313524273,-1.113230206730217,0.4673098470661849,0.9181797898677064,0.06723119297693227
2024-12-08 03:00:00,100260.0,99336.0,99675.96,-1.1139522401878608,0.09354239403310555,-0.00194149414709599,0.367922077918103,-1.2082072067531067,0.4227554655842795,0.9126968366090078,0.0656961596000906
2024-12-08 07:00:00,99863.35,98657.7,99249.22,-0.9404490782884555,0.05043408115902376,-0.005350330093711331,0.49062331522008346,-0.9118236659521112,0.4102585298784935,0.897616361114683,0.06502401220310407
2024-12-08 11:00:00,100500.0,99124.01,99726.73,-0.787380162868858,0.04760725103941414,0.00755629925348833,0.4380264391424492,-0.758591984053479,0.5094687719037235,0.9188006431657293,0.06168777426988719
2024-12-08 15:00:00,100142.85,99357.16,99660.98,-0.887284331061199,0.14288533504027665,-0.0018102477761258173,0.3866919522917749,-0.7495700380455563,0.48519832492627074,0.9136872175084924,0.0568107160026504
2024-12-08 19:00:00,100274.44,99480.0,100220.01,-1.0381300920921888,0.1396834031722612,0.001371368123014749,0.9314863299817201,-1.1131416847604092,0.5655554618647708,0.9175539228714604,0.0435217084587381
2024-12-08 23:00:00,101351.0,99009.73,99195.89,-0.055029748315106354,1.3815442527671142,0.0006621109576208095,0.07951240138865148,0.01557495463048504,0.4847978865279377,0.9194233690893555,0.043424931646448756
2024-12-09 03:00:00,99554.89,98432.18,99044.64,-0.48675698417815627,1.3680034358993716,-0.008418771744914677,0.545519323774214,-0.8014745511360424,0.5296125994826252,0.895637534689812,0.034739559651198286
2024-12-09 07:00:00,99729.88,98272.04,98714.52,-0.053537955364149716,0.4518382915788181,-0.0028765323512586205,0.30351753278615756,0.48346102030217625,0.461576984877848,0.8875787933715753,0.03077335150035413
2024-12-09 11:00:00,100390.0,97948.01,100156.26,0.06652401353216002,0.4472373921845232,0.00015081848872156023,0.90428298231809,0.2898342452298766,0.47376248463633475,0.8880001030877659,0.027355755733753675
2024-12-09 15:00:00,100421.8,97350.0,97776.66,0.911900940783805,-0.5178138551163354,-0.00707053057251128,0.1388957614423511,1.3116838226082748,0.48454872441755537,0.8682456782507049,0.0298267580777166
2024-12-09 19:00:00,97776.66,94150.05,96984.01,2.7200008732781056,-0.5184423955228133,-0.016823286010062555,0.781435004037428,2.09014324258314,0.460535277816921,0.8215752685113156,0.03883040915014296
2024-12-09 23:00:00,98138.0,96614.27,96660.01,-0.024129242123534834,-0.626935936079246,0.009804123191015979,0.030018441587217306,0.26492095382011954,0.45889189393587104,0.8483158673626237,0.042999384534712796
2024-12-10 03:00:00,97519.2,95565.41,97464.6,0.10447829672011526,-0.626935936079246,-0.008924851591471383,0.9720543149418761,0.5809372674681395,0.47179391080437,0.8237348127256827,0.04403990842983742
2024-12-10 07:00:00,97862.43,96908.0,97687.5,-0.6188730611649595,-0.626935936079246,0.008015180703451863,0.816717831576793,-0.5529323602534099,0.563527364209467,0.8456134069298962,0.04513017145949011
2024-12-10 11:00:00,98270.0,96864.04,97820.01,0.3072179489752336,-0.626935936079246,0.002541084731400023,0.6799411078502927,1.708601815336102,0.5211474475221537,0.8526052603416108,0.04625152447040371
2024-12-10 15:00:00,98113.68,94256.54,95132.03,2.8854764311371772,-0.626935936079246,-0.02105249906912743,0.22697905702093665,4.875631542077666,0.4409362605052602,0.7945316262379184,0.05909943098645777
2024-12-10 19:00:00,97200.7,94980.27,96849.44,0.06250557079931338,-0.626935936079246,0.008320725462794387,0.8418054160642696,1.1465534380324416,0.48485708135247724,0.8170012573272654,0.0600487961145968
2024-12-10 23:00:00,97444.44,95658.24,97207.29,-0.06865746178926842,-0.626935936079246,0.0011224487550762774,0.8672321128604404,1.2942131851644632,0.4838549913399088,0.8200575853665028,0.05919887416234431
2024-12-11 03:00:00,97765.77,97128.24,97689.57,-0.6879172459462465,-0.626935936079246,0.00984607722409958,0.8804762128702932,-0.16913176887239315,0.5002963908838935,0.8468976699879036,0.05821292391842694
2024-12-11 07:00:00,98472.57,97248.87,98214.29,-0.5423222013587814,-0.626935936079246,0.004876104544363713,0.7889351965286425,-0.346264239783491,0.49304549528478775,0.8603206466230706,0.05529110141092081
2024-12-11 11:00:00,99539.29,98072.33,99515.98,-0.15697518410464023,-0.626935936079246,0.007699853243789523,0.9841099961758747,0.397152049088188,0.4890837022591656,0.8816202145020932,0.054231926268966286
2024-12-11 15:00:00,101090.9,99414.72,100388.71,1.3968343003274546,-0.626935936079246,0.016874866121270093,0.5810772112745639,1.879443493155988,0.5303381710738695,0.9286594089942248,0.05642544266760416
2024-12-11 19:00:00,101888.0,100388.71,101209.74,-0.09593217418876855,-0.626935936079246,0.008574628505812143,0.5476125365970068,-0.38972865567858134,0.5155858408813897,0.952964786268894,0.06042106581786803
2024-12-11 23:00:00,101824.77,100331.61,101824.76,-0.5768919633309343,-0.626935936079246,-0.0024527122351953867,0.999993302787371,-0.5175007933109863,0.4721868901386333,0.9459527897829024,0.06647080852388258
2024-12-12 03:00:00,101829.0,100402.82,100584.37,-0.5380371892750309,-0.626935936079246,0.0004768729740292077,0.127298097013502,-0.24096322715354557,0.4760926360842337,0.9466414790101265,0.06814380688751223
2024-12-12 07:00:00,101126.54,100470.58,100579.44,-0.8409149949190643,-0.626935936079246,-0.0023327749930106556,0.16595524117071525,-0.907839032121414,0.49007670390936287,0.9389760486311438,0.07038691944399433
2024-12-12 11:00:00,101749.74,100178.32,101702.04,-0.1412429607887049,-0.626935936079246,0.0023890573056852826,0.9696452889681256,0.7376577704071361,0.49036483816330567,0.9453101435900488,0.0747988898956944
2024-12-12 15:00:00,102540.0,100700.07,100857.59,0.18068913729305977,-0.626935936079246,0.0066646581904445945,0.08561195262816194,1.579865338147595,0.5138316263155421,0.9645502735878444,0.07779745695461851
2024-12-12 19:00:00,101052.77,99311.64,100444.0,-0.1214015222588424,-0.626935936079246,-0.016981873217607135,0.6503592494492049,1.1286534125782013,0.45831681504914956,0.9129726424164436,0.07857080299533589
2024-12-12 23:00:00,100476.0,99205.0,99484.99,-0.7338059130650886,-0.626935936079246,-0.0021400358717404977,0.22029110936097746,-0.3806139375302887,0.4631964835877893,0.9065832674271005,0.07888449240563916
2024-12-13 03:00:00,100172.0,99484.98,99700.0,-0.9486714423525312,-0.626935936079246,0.0013140771232200699,0.31297487700048476,-1.0372188358502037,0.4646139988032298,0.9046031735764098,0.07681804848252784
2024-12-13 07:00:00,100550.0,99500.0,100457.62,-0.7542124375841933,-0.626935936079246,0.0020804772207720923,0.9120190476103573,-0.9167755546392147,0.4755792322173236,0.9046735660647994,0.07375870141088288
2024-12-13 11:00:00,101018.12,99936.25,101018.12,-0.7769999866769411,-0.626935936079246,0.003983352372156412,0.9999999999907568,-0.4299399493025877,0.5365489687712389,0.9183012200494112,0.07299608031566342
2024-12-13 15:00:00,101895.26,99700.0,101495.91,0.2166387854039427,-0.626935936079246,0.005123442067270112,0.8180853292966788,1.2663610864780208,0.4813628461797519,0.9346990319938072,0.0729864394615738
2024-12-13 19:00:00,101879.98,101090.9,101227.28,-0.6574351894156001,-0.626935936079246,0.004715086029006388,0.17283418664555686,-0.5592578402725354,0.486998237229604,0.9507590522151527,0.07252544863462101
2024-12-13 23:00:00,102650.0,101139.88,102032.61,-0.40124418576545756,-0.9407151779015169,0.004244464805934767,0.5911649405306115,-0.2244316070280491,0.5393218152739858,0.9654655638988497,0.060403198846348316
2024-12-14 03:00:00,102344.0,101590.9,101906.05,-0.902594836122729,-0.9382661186339538,4.132911161414121e-05,0.4184703226607643,-1.0744208972747225,0.44917589448206335,0.9656157675771934,0.05423838002872681
2024-12-14 07:00:00,101923.99,101321.0,101550.58,-0.9557204725655772,-0.6227298658135297,-0.0022169046930878844,0.380735998932308,-1.3041558899807346,0.4499620897651614,0.9575584687749474,0.04666303065155783
2024-12-14 11:00:00,101697.5,100826.38,101434.3,-0.7658425889181532,-0.6227298658135297,-0.00375577914249825,0.6978602259080527,-0.9044836958649461,0.4955558275008966,0.9439384208930077,0.03863028481952534
2024-12-14 15:00:00,101742.43,100831.63,100895.98,-0.8143715802378769,-0.6227298658135301,-8.08028383969539e-05,0.07065217391225907,-0.8087170635388634,0.4315987149724886,0.9436464960734923,0.03056892362039238
2024-12-14 19:00:00,101411.77,100609.41,101117.63,-0.9550676300403105,-0.6227298658135297,-0.0020597813703512324,0.6334064509617463,-1.0165854906773855,0.40526444294074143,0.9336885438426963,0.027601695833859987
2024-12-14 23:00:00,102196.97,101045.45,101831.15,-0.680561987655784,-0.6227298658135301,0.0068526059755760205,0.6823155481391302,-1.0681740772463433,0.7086368100507849,0.9593673599929061,0.02774084721521359
2024-12-15 03:00:00,102850.0,101722.31,101759.8,-0.6477706872814495,-0.6227298658135297,0.005806430596888346,0.0332449520698709,-0.9009049388767514,0.5413030494588805,0.9812749384215088,0.02840275312448653
2024-12-15 07:00:00,102450.22,101534.01,102280.0,-0.9105879635752162,-0.7968434332483699,-0.0035823520405384723,0.814212898780692,-1.0989074109984533,0.510633517724401,0.9676802954708458,0.029459290071977336
2024-12-15 11:00:00,103359.97,102228.01,102994.37,-0.21380844753651795,-0.7956180367046968,0.008362094815174581,0.6770203894070692,-0.6623798569475777,0.5209557485561145,0.9992968134721499,0.03301060239576962
2024-12-15 15:00:00,103490.0,102583.65,103204.0,-0.666131071078121,-0.6204723081459972,0.0023755532505114196,0.6844486125593395,-0.9294649845290512,0.526907470626861,0.9999999999996304,0.03645753428773267
2024-12-15 19:00:00,103455.0,102621.5,103277.32,-0.7204404439504264,-0.6204723081459975,0.00010935077397000725,0.7868266346636337,-1.0038043768259557,0.49312370940457406,0.9999999999996286,0.03995062054104644
2024-12-15 23:00:00,106648.0,103246.07,104585.32,1.4948774052078309,-0.6204723081459972,0.0189857779926903,0.39367359116621037,1.1855199430424452,0.5618958806521318,0.9999999999996538,0.04726058998663589
2024-12-16 03:00:00,105373.76,104259.48,105149.98,-0.472891489748623,-0.6204723081459972,-0.0018492017353066714,0.7991707649711107,-0.5464174513333062,0.48501898290094914,0.993276054426322,0.05439099799879522
2024-12-16 07:00:00,105420.76,104350.01,104684.99,-0.5486920913873156,-0.6204723081459975,-0.000741714025953577,0.31284613588314925,-0.6724885570253822,0.43205117605826626,0.9905840699744294,0.05524961541444084
2024-12-16 11:00:00,106000.0,103333.0,105487.0,0.33390337707711204,-0.6204723081459972,-0.0032547480485609626,0.8076490438664881,0.5641042729284559,0.5020873743764638,0.9787800159370013,0.05731845804887096
2024-12-16 15:00:00,107793.07,105253.46,107078.6,1.3317520917905856,-0.6993798876491399,0.022332683531657738,0.7186694019919643,1.86894755441717,0.48841510965002893,0.9999999999996733,0.06587166945694665
2024-12-16 19:00:00,107078.61,105688.93,105815.99,0.18094439991651434,-0.6988612864358066,-0.005159582378428729,0.09143112083292357,0.14997034678082063,0.49471704177062104,0.982003028958616,0.06955344554391886
2024-12-16 23:00:00,106590.55,105480.02,106269.14,-0.4290068384197475,-0.8248539164063567,-0.0010524362543445909,0.7105796331417346,-0.24724365989282046,0.5170534092553436,0.9781553661413903,0.07312046772049549
2024-12-17 03:00:00,107000.0,106240.5,106549.98,-0.679396188060085,-0.8233809034857619,0.005027861262305144,0.4074786043395933,-0.8991110548508381,0.4830386724231879,0.9956703213438931,0.07572423876172697
2024-12-17 07:00:00,107550.02,106478.0,107209.67,-0.35063356070393426,-0.6167994858446909,0.004435558609958923,0.6825152515747565,-0.6163512329627773,0.5057673608471259,0.9999999999996475,0.08012323569925059
2024-12-17 11:00:00,108353.0,106534.29,108258.39,-0.04255396861692302,-0.6167994858446912,0.0029813482041505246,0.947979611917524,0.24665577380048478,0.47791357530439454,0.9999999999996456,0.08581018812440162
2024-12-17 15:00:00,108258.38,105725.99,106551.89,0.592084606703195,-0.6106431817928385,-0.0058072215754298995,0.3261346001195444,1.8569377551359048,0.48627595160225767,0.9775381467885588,0.08656316416302041
2024-12-17 19:00:00,106986.44,105321.49,105972.01,-0.4038106263077121,-0.6045033007431017,-0.004534757987473603,0.3907144358665927,-0.043170201251229466,0.46530857825936356,0.9597451637160468,0.08412619464490573
2024-12-17 23:00:00,106524.98,104942.32,105312.91,-0.06264697282571778,-0.6022870056918047,-0.0050938072656836475,0.23415642020248034,0.3871920827189816,0.45179112607941313,0.9400726036099565,0.07825165900618287
2024-12-18 03:00:00,105331.63,103137.82,103794.65,0.32602008202247473,-0.6000761286201333,-0.01657997206309203,0.2994014978494008,0.7967999603858755,0.40834767047801473,0.8720863375378621,0.07285336083921369
2024-12-18 07:00:00,104659.25,103702.32,104531.03,-0.5333091324522127,-0.6749874649021462,0.001202612389842761,0.8660090079643629,-0.791181886760297,0.5013624004203544,0.8752535611794673,0.06699465630436853
2024-12-18 11:00:00,105350.0,103855.07,104019.93,0.018173945426568236,-0.6684801374773484,0.004769242510453298,0.11027941107535738,-0.2894293598846924,0.4722434312922322,0.8925045172682661,0.061292588841467634
2024-12-18 15:00:00,104999.98,103380.43,104808.99,0.11925645694687324,-0.5856715707598298,-0.004707353699107797,0.8820721805385379,0.3887132201532582,0.5510222427788621,0.8709938536912587,0.055252687177227124
2024-12-18 19:00:00,104805.44,100303.72,101152.45,2.82609071520235,-0.5856715707598296,-0.021119592691433042,0.1885346045507296,2.410112428631663,0.4565181613836511,0.7643401019045337,0.06507796929167857
2024-12-18 23:00:00,101203.45,98802.0,100534.56,1.0989975794278548,-0.5856715707598298,-0.018383486898909118,0.7214641154272565,0.8549264931347894,0.454461277713341,0.6485394960051157,0.07571588666808815
2024-12-19 03:00:00,101415.25,100456.0,101200.01,-0.28221137394073714,-0.5856715707598298,0.009637220994413997,0.7756163669452578,-0.42246159602818983,0.5001221690244759,0.6946698853440993,0.08124756401357709
2024-12-19 07:00:00,102609.72,101124.46,102409.34,-0.45243772238742114,-0.582208091048475,0.00826938518862752,0.8650875940854422,-0.9107574185893107,0.5367498696107632,0.7346343386714599,0.0832720045281131
2024-12-19 11:00:00,102800.11,100694.07,100942.41,0.12282425538106463,-0.5791181198889014,0.0006709921874989977,0.11791798826177,-0.25628390452515337,0.4954025550561581,0.7379039392306678,0.09116646353862753
2024-12-19 15:00:00,101200.0,96900.0,98932.73,2.095246411587215,-0.574182259074713,-0.02633959794058982,0.4727279069756439,1.3286232395159374,0.463682369502873,0.6094706257219087,0.10630942972444729
2024-12-19 19:00:00,99064.06,95700.0,98391.21,1.2360020287201743,-0.5694172036692222,-0.02175715554571256,0.7999887041229967,0.28142215019340855,0.5117442090553547,0.4927447948595393,0.11905152427478703
2024-12-19 23:00:00,98400.01,96000.0,97632.59,0.531500201155902,-0.5633462633334457,0.00016799836458392114,0.68024299898467,0.19339061156789739,0.4695830909261192,0.49354625515845596,0.12931631319292283
2024-12-20 03:00:00,97838.98,96374.03,97281.37,-0.23712628906186578,-0.5573276611623887,0.000322757225433401,0.6193658486595479,-0.36512373154217637,0.4441411571923526,0.49508627348151585,0.1396618120137103
2024-12-20 07:00:00,98233.0,94000.0,94359.53,1.7186394672623448,-0.5573276611623891,-0.014870838257064256,0.0849350342544648,1.3698169170028536,0.4414724229837257,0.42410798648921855,0.162201478863919
2024-12-20 11:00:00,96235.29,92232.54,95627.99,2.3913393831708882,-0.5573276611623887,-0.017298843199375802,0.8482793079736504,0.972288349514846,0.4819405493570873,0.3359444784730278,0.16700156591661983
2024-12-20 15:00:00,97700.0,95608.01,96993.58,0.4899984387408852,-0.5554682003157405,0.030665625062857416,0.6623215216102277,-0.11104430216048056,0.47870704475185133,0.46779691383603694,0.1623524752684272
2024-12-20 19:00:00,97748.0,95393.84,97463.93,-0.29472454179644275,-0.5536124316615301,-0.0014457795649472915,0.8793327556288444,-0.8427786381442998,0.5039069052747434,0.46068898162012445,0.1511929806415291
2024-12-20 23:00:00,97816.44,97188.09,97396.0,-0.6849217037544645,-0.5481019461236256,0.007152145209554428,0.3308824699557456,-1.1062305414673241,0.4969422779443792,0.49580046440482695,0.14410498878749092
2024-12-21 03:00:00,98837.49,97244.0,98726.76,-0.5581077083405127,-0.5426035930799049,0.006806734444478213,0.9305110166933491,-0.9775266065621737,0.5297254738228334,0.5294552429172822,0.1326285698108689
2024-12-21 07:00:00,99540.61,98043.12,98131.22,-0.38359907912440155,-1.5039331736947146,0.006358285586474333,0.05883177850898316,-0.7713553685608414,0.47200630940665866,0.5611067265301478,0.12454285611942441
2024-12-21 11:00:00,98424.77,96398.39,97083.11,-0.11640911123983877,-1.493029595061234,-0.013614034794070973,0.3379030586546554,-0.09698614051576972,0.4902092808242615,0.4929052897556656,0.1215733210390063
2024-12-21 15:00:00,97723.18,96951.41,97400.01,-0.7431768555810866,-0.5292143499469308,-0.00023237749365989657,0.5812612565844549,-0.8310347875146554,0.48163339612031386,0.4917570102459993,0.11158983913722441
2024-12-21 19:00:00,98057.51,96539.91,97147.46,-0.6752225440792964,-0.5292143499469314,-0.0018964428863054161,0.4003360569293642,-0.9435309051790134,0.5457532544255327,0.4823880286063856,0.10195098756208532
2024-12-21 23:00:00,97448.08,96613.18,96719.99,-0.9741583753767493,-0.5292143499469308,-0.0014433914668009473,0.12793148879953503,-0.8327605215463618,0.4686269562530401,0.4752707763830537,0.08459899482953834
2024-12-22 03:00:00,97320.0,95890.28,96739.99,-0.6890645492931764,-0.5292143499469314,-0.006479210195435181,0.594319167385266,-0.7654412535385237,0.45652788028774194,0.44336840379462306,0.0808360902303798
2024-12-22 07:00:00,97351.57,96080.0,97009.03,-0.8060641800725734,-0.5292143499469308,0.0030173632637533476,0.7306164819810845,-1.001367275344179,0.49457640260092367,0.45589128098667914,0.07740051424083093
2024-12-22 11:00:00,97334.25,95254.77,95363.44,-0.6037550817300958,-0.5292143499469308,-0.0036165207876469596,0.05225825687165825,-0.7257660451927612,0.4601517635970471,0.41759030736252967,0.07487853452827394
2024-12-22 15:00:00,96444.45,95109.13,95955.22,-0.4940455925526528,-0.5696370574691046,-0.007910138474423789,0.6336234011275688,-0.6326192624742615,0.5210054839922224,0.3608412472759787,0.05886163174020323
2024-12-22 19:00:00,96152.0,94250.35,95547.41,-0.3720623159792784,-0.5693985391867502,-0.005127770737274884,0.6820708332201936,-0.7551469136992486,0.4848624660687465,0.3342712883502127,0.048833126336565606
2024-12-22 23:00:00,95824.0,93700.42,94723.96,-0.22992712840980362,-0.5281470343853416,-0.006208577856266606,0.48198796371937364,-0.12224442115760134,0.48048908367373167,0.2809840704576591,0.04974888356090634
2024-12-23 03:00:00,96509.98,94610.76,94824.83,-0.36836183789270266,-0.5275491051719093,0.01081281218788499,0.11271469339985875,-0.4375211641787793,0.5978626360259943,0.3380677713496284,0.05028067443931686
2024-12-23 07:00:00,96445.17,94824.83,96392.39,-0.6310391050868571,-0.5275491051719093,0.0015427819736324455,0.9674265894752502,-0.5860102890851183,0.5179190119790079,0.3463005939242307,0.048459478718208965
2024-12-23 11:00:00,96538.92,93700.01,94389.67,-0.08890212981163763,-0.5275491051719097,-0.006891584774529114,0.24293126587231484,-0.2947234736875981,0.4183593765575428,0.3094679572983525,0.05288659476973379
2024-12-23 15:00:00,94430.89,92690.0,92758.55,0.32468855927892487,-0.638472893111369,-0.016463634930495186,0.03937641091603098,0.24195653175606918,0.4724508353612523,0.2220831173882977,0.06143222182235571
2024-12-23 19:00:00,95191.81,92520.0,95191.81,-0.1402044287901272,-0.6377889519538925,0.0008101980636574524,0.9999999999962572,-0.31993220650970094,0.5237888673260789,0.22631264622747754,0.0604675508485802
2024-12-23 23:00:00,95509.09,93569.02,93961.45,-0.5546188591842505,-0.5243769041913705,0.010042837356342593,0.202276206527585,-0.6054887146375398,0.48995604227440437,0.27878238972188985,0.06467919713050332
2024-12-24 03:00:00,94653.45,93810.02,93918.99,-0.7947633628721421,-0.5225116685591502,-0.002531480921227569,0.12919862940458612,-1.0198261386777887,0.48910168393318565,0.2654236046191545,0.0665962972408061
2024-12-24 07:00:00,94635.7,93810.45,93972.01,-0.8670844022258459,-0.5193953051143904,-0.0007267732944677974,0.19577097848899117,-1.0855930189609295,0.49041008071298303,0.261598084736654,0.06753011480427994
2024-12-24 11:00:00,97498.64,93934.69,97465.06,-0.12890577153684943,-0.516286836262415,0.01722145678607978,0.9905778700571255,-0.7629224070169055,0.5406292680419501,0.35218086381241415,0.06097691749812547
2024-12-24 15:00:00,99487.99,97235.55,98618.66,0.5154798872296449,-0.5162868362624152,0.026177515434277154,0.6140496528182143,-0.33042091195362616,0.509743386952451,0.4922426598841105,0.062076853671913304
2024-12-24 19:00:00,99068.9,97250.0,98777.11,-0.4471831073576483,-0.516286836262415,-0.002601692602221095,0.8395788663431798,-0.8536805278460999,0.4930584418885873,0.477958005289551,0.0668102983799905
2024-12-24 23:00:00,99019.1,97725.27,98131.07,-0.8037747339994993,-0.5159348508465624,0.003130311744433012,0.3136424414311509,-1.0275631683631303,0.42151628037142796,0.4951003403300978,0.069035877869787
2024-12-25 03:00:00,98581.9,97844.18,97884.38,-0.9860217885600144,-0.5155830124412267,-0.002153738881281675,0.054492219269460844,-1.145639494478183,0.49096807770593986,0.46374251126180543,0.07070697666232371
2024-12-25 07:00:00,99349.31,97873.49,98457.0,-0.7445932372489856,-0.5155830124412267,0.003119483679432822,0.3953801954141047,-0.8948636952779678,0.5321091766360759,0.47548735888491667,0.07370720796555925
2024-12-25 11:00:00,98866.77,97632.02,98710.0,-0.5168762863961728,-0.5155830124412267,-0.0016305943153360758,0.8730350273263946,-0.3087987948005264,0.4553423548597825,0.46607478856862444,0.07729273586502317
2024-12-25 15:00:00,98978.18,98134.4,98756.26,-0.8484272076799859,-0.5088890843834638,0.002330347040983227,0.7369930550530133,-0.8197396733663951,0.47591705424402947,0.47950473176009445,0.08057594196735698
2024-12-25 19:00:00,99555.0,98384.61,98811.16,-0.6975114306278145,-0.5021944074537457,0.004306114793495519,0.36445116584758813,-0.889555463954782,0.5537272800487127,0.4919149645095256,0.08347261482601358
2024-12-25 23:00:00,99963.7,98468.26,98750.34,-0.46141961086718464,-0.5161897930778152,0.002017061415373833,0.1886267586784592,-0.2943646949684303,0.4932195481424362,0.5039109621912711,0.08614323431410217
2024-12-26 03:00:00,99167.12,98023.1,98121.2,-0.7485953629716591,-0.510827268517988,-0.006978301939173703,0.08575024912076247,-0.8198777452177851,0.462492275420282,0.4623254433402966,0.08738833591828708
2024-12-26 07:00:00,98292.0,95199.14,95500.02,0.14202075529648125,-0.7700144134765475,-0.020897683848664195,0.09728212722174033,0.13113442339765,0.42783441609826306,0.30590003690431233,0.08855076742200417
2024-12-26 11:00:00,96280.25,95234.93,95449.36,-0.3827754865187022,-0.7630763938374324,-0.007764042218469602,0.20513335629085336,-0.1559711479011652,0.5092540600735893,0.2557672433495562,0.0875832753517001
2024-12-26 15:00:00,96621.95,95270.0,95743.44,-0.4934651256647902,-0.6292881874009145,0.0032331320593259605,0.3501904656211409,0.22938509998294634,0.496012105005499,0.27383411087688303,0.08773430377200786
2024-12-26 19:00:00,96198.58,95302.0,95821.92,-0.8306537113966928,-0.6224700071831992,-0.0032138591432209207,0.5798924803076115,-0.7927201252076257,0.4857005264944193,0.25426208514328996,0.08523369981430107
2024-12-26 23:00:00,96443.68,95372.32,96073.77,-0.6485039331482637,-0.4576539315159351,0.002541224890412641,0.6547285692889963,-0.6923956467396657,0.4818124859441259,0.26968811014592786,0.07596627271844869
2024-12-27 03:00:00,96595.98,95982.51,96594.16,-0.7347619562536586,-0.4536107016104622,0.004191916145951602,0.9970332697443025,-0.7400913663689743,0.49869944804089333,0.29519900877609806,0.07378090494787665
2024-12-27 07:00:00,97544.58,94646.03,96605.46,0.4074946441734456,-0.4536107016104622,-0.002479945050747001,0.6760035189985495,0.6042214353947576,0.5127463434017393,0.28004345012738485,0.06784741418767137
2024-12-27 11:00:00,97035.8,95161.17,95691.99,-0.5344548886018585,-0.4536107016104622,0.0015777273257093771,0.283159876880864,-0.07103091229877068,0.47296666143045496,0.28966142138139744,0.06265975923062055
2024-12-27 15:00:00,95718.13,93500.01,94566.06,0.650428230359633,-0.4536107016104622,-0.019190691875917043,0.48060970551421567,0.8715073551281264,0.47851211372660957,0.17248861867922302,0.06075432461454819
2024-12-27 19:00:00,94823.09,94200.0,94437.75,-0.8311940898415497,-0.4536107016104622,0.0014111175603248594,0.38156606589126074,-0.8178990781418829,0.4866463381188848,0.18093914892961774,0.06623272449030491
2024-12-27 23:00:00,94619.0,94100.6,94338.0,-0.9105148561269935,-0.4536107016104622,-0.001524284799703346,0.45794753085535755,-0.8580226468308065,0.4268822203943205,0.1717980314217795,0.06922979415490652
2024-12-28 03:00:00,94800.0,94335.88,94466.49,-1.0941519596318945,-0.4536107016104622,0.0023119484488498543,0.2814142894018524,-1.2088253375763016,0.50948177554717,0.18564162451443997,0.0699048016928789
2024-12-28 07:00:00,94716.06,94307.0,94619.99,-1.0737035082223898,-0.7201377187249086,-0.00042374204148354355,0.7651444775640629,-1.2162272647171084,0.5109774542361644,0.18309845598015145,0.07064822350416368
2024-12-28 11:00:00,95340.36,94411.76,94583.99,-0.8529549965188596,-0.718435647583984,0.002417658751834084,0.18547275468248403,-0.7342334317975785,0.5111721222469303,0.19760234674129015,0.07134554530406884
2024-12-28 15:00:00,95245.24,94375.8,94837.31,-0.8549409213857927,-0.9939946824719251,0.0001905562059381083,0.5308129370568244,-0.6416115972616373,0.47642649676568044,0.19874828527930805,0.06906316846605284
2024-12-28 19:00:00,95733.99,94837.3,95326.4,-0.9998732969382389,-0.9898101498027145,0.0037203131209269102,0.5454504901298504,-1.030174098891663,0.5585831521383121,0.22112521363254412,0.06408622884857466
2024-12-28 23:00:00,95408.9,94808.0,95154.5,-1.0027123196388399,-0.6673724148609249,-0.00019926271889114666,0.5766350474192661,-0.9827120489060175,0.4487076577357129,0.21992222993289035,0.05823388612868793
2024-12-29 03:00:00,95283.99,94971.44,95181.7,-1.0708297856446432,-0.6659984004145288,-0.00013543863467124773,0.672724364080197,-1.3773584331035018,0.3657058228076162,0.21910472626360913,0.050036594678972035
2024-12-29 07:00:00,95315.5,95048.3,95167.83,-1.0816837710506189,-0.44161947487671965,0.0005035682425356125,0.4473428143545161,-1.365078736350718,0.48774235160922635,0.22214383789622047,0.039176127571400446
2024-12-29 11:00:00,95231.58,94010.0,94623.67,-0.6428539922937883,-0.44161947487671965,-0.005052168974379989,0.5023576024451726,-0.8043037243065784,0.43765146634789853,0.19163786861084928,0.029401337228058086
2024-12-29 15:00:00,94794.79,93600.0,93652.0,-0.32538773908158974,-0.44161947487671965,-0.0067610815361428545,0.04352229262009647,-0.4960117991268907,0.384760675551319,0.15101940949671144,0.033187601052230155
2024-12-29 19:00:00,93949.52,93087.97,93135.32,-0.2496723284333752,-0.44161947487671965,-0.005634502068517677,0.05495908536876103,-0.4208644964948788,0.4046020179546472,0.1173979515739432,0.03836123842456696
2024-12-29 23:00:00,94274.29,93009.52,93906.41,-0.3466765199405205,-1.5625607847220369,0.0010009113708682182,0.7091328858155361,0.12460131897447241,0.498162667912922,0.1233368058522241,0.03877803316007762
2024-12-30 03:00:00,94080.0,93240.03,93901.29,-0.7351980703996631,-1.5497349975113002,0.000704104825774321,0.7872424015049602,-0.6278223716705129,0.5135927139145631,0.1275187558886197,0.038919974426839976
2024-12-30 07:00:00,94068.56,93319.99,93793.27,-0.7691974303778372,-0.5615374569475544,0.0008377211502241799,0.6322454813760653,-0.7897854614165704,0.4621629687638759,0.13249780810130637,0.03813046236909376
2024-12-30 11:00:00,94277.23,91820.46,91883.99,0.5401138105282655,-0.5607665734542696,-0.00880164604646061,0.025859156534694137,0.26496084039008716,0.38981262884973317,0.08014080675118078,0.04318392897800336
2024-12-30 15:00:00,94684.09,91530.45,94583.99,1.0386013986583826,-0.425695410755959,-0.0012546442678895708,0.968258900822645,0.6076465371720323,0.5229055761306437,0.07274318631359734,0.03635448139010777
2024-12-30 19:00:00,95024.5,91901.57,92784.75,0.21001480515210297,-0.425695410755959,0.0063421458006802656,0.2828049299847153,0.14652863766250324,0.4697948235574053,0.11009076340307426,0.03768000490543569
2024-12-30 23:00:00,92907.03,92033.73,92476.35,-0.5304111375938456,-0.425695410755959,-0.009795505110040792,0.506836138778129,-0.8054479359455191,0.46702251811255796,0.0520412334557022,0.04131058694376537
2024-12-31 03:00:00,93040.1,92250.0,92816.0,-0.7851435451040075,-0.425695410755959,0.0014589585110882375,0.7163650170773727,-1.0691554197474216,0.5519582675341076,0.06060253328998467,0.04295117712600363
2024-12-31 07:00:00,94741.68,92770.0,94113.69,-0.2744325214393735,-0.42569541075595935,0.013186453600808168,0.6814949687541549,-0.698753073914753,0.5075663666183479,0.1380947228473575,0.042273374380261346
2024-12-31 11:00:00,96250.0,93984.0,95679.17,0.12335592733902949,-0.425695410755959,0.014652427353163189,0.7480891438625408,-0.5127465564265054,0.5212113120041065,0.22533737762483624,0.04416302193452002
2024-12-31 15:00:00,95982.62,93189.59,93875.68,-0.03181305294885215,-0.4225240061642643,-0.005611695624588298,0.24564362001036164,-0.06553106933738692,0.4436549286214717,0.1914349574910392,0.044765294760415644
2024-12-31 19:00:00,94290.91,93375.58,93488.84,-0.7822139963793647,-0.41935816048077346,-0.009224977479992624,0.12373679437881112,-1.0760069644369452,0.503262538315035,0.1360160555205483,0.04497416163029473
2024-12-31 23:00:00,94509.42,93375.38,94098.91,-0.7492257074457092,-0.41364842687141745,0.000823308983638249,0.638011004897202,-1.1447287134732222,0.5323767440580973,0.1409164439512589,0.04394176226442388
2025-01-01 03:00:00,94098.91,93500.0,93757.58,-1.0113768053992653,-0.4079340217685038,-0.0016018093965969316,0.43008131438062386,-1.4034284831671548,0.5520110564555276,0.13137452111840933,0.04201083464502727
2025-01-01 07:00:00,93800.0,92888.0,93326.23,-0.7867686098574848,-0.4028869712154071,-0.0038172956003944547,0.4805153508719197,-1.2594365399751264,0.4335284460919809,0.10867144840810702,0.04057213841347676
2025-01-01 11:00:00,94450.85,93200.0,94175.89,-0.7350502132218009,-0.39784073728837377,0.005062937256204325,0.7801814765896735,-1.1060574969581167,0.595634125794372,0.13866793506475128,0.038029374625901814
2025-01-01 15:00:00,94500.0,93760.93,94340.06,-0.7949658920945972,-0.39784073728837377,0.003308945674161068,0.783592893761299,-1.1395144653925038,0.5022301526241476,0.15837176910126272,0.03581322569081251
2025-01-01 19:00:00,95151.15,94148.34,94802.98,-0.697475305979754,-0.39784073728837377,0.006067921013077626,0.6528056162119174,-1.1316159410115099,0.5014938441714996,0.1946240809478767,0.036101198124025825
2025-01-01 23:00:00,95516.0,94392.0,95234.36,-0.37164663559250405,-0.39158806155092707,0.002864433032960134,0.7494306049755395,-0.8560446177038463,0.5141969809664924,0.2118412507730022,0.03859489942460019
2025-01-02 03:00:00,96000.0,94913.75,95574.99,-0.5866889723106401,-0.3853184881200878,0.00528908110436932,0.6087364787055631,-1.0887117166763267,0.5489191706691033,0.2437232499082536,0.04119856316945618
2025-01-02 07:00:00,96808.37,95505.35,96708.0,-0.40610063191650775,-0.3799719475696623,0.007847308703785139,0.9229712513935122,-1.0226939680436156,0.5034958404570101,0.2912761515149687,0.048134263105108474
2025-01-02 11:00:00,97440.91,95924.6,97256.49,0.1428302578063411,-0.3746213743124873,0.0050329557552062365,0.8783757938622166,-0.5940425094979682,0.48337878285842095,0.3220140475583137,0.05605082275985041
2025-01-02 15:00:00,97650.0,96040.04,97319.74,0.3356058299713542,-0.37071266683068743,0.0012708282312645647,0.7948644686775187,0.577984883592549,0.4866869980547264,0.32981447105464184,0.06252043717124701
2025-01-02 19:00:00,97839.5,96666.66,96911.04,-0.6579139946538934,-0.36680749832809667,0.005085274726362998,0.2083660175283135,-0.5587519925233604,0.469414366574649,0.36106787399603163,0.06174859188626471
2025-01-02 23:00:00,97342.44,96650.0,96966.85,-0.8671465214107236,-0.3595724571400225,-0.004173795854668261,0.4575847726812849,-0.967550549368276,0.460632928379045,0.33528585021099516,0.06524185504886168
2025-01-03 03:00:00,97090.91,96512.0,96539.49,-0.9285765656387867,-0.3522833169538925,-0.0014747877079178684,0.047485792263961955,-1.2131102320610494,0.5006515701261987,0.29838784360160103,0.06439674735405605
2025-01-03 07:00:00,96702.48,96100.01,96488.53,-0.7186369333638204,-0.3446891973657318,-0.004046533986405754,0.6448785831552684,-1.1294743127825935,0.4965515659114627,0.2630049303257128,0.06101130955567863
2025-01-03 11:00:00,97342.44,96472.43,97016.01,-0.4770579546220618,-0.3370200444435377,0.004245567797364513,0.6247974161144676,-0.6191292372535939,0.5028605893549085,0.2904026089552417,0.05839013663976321
2025-01-03 15:00:00,98697.86,96759.12,98527.98,0.16369325032063062,-0.8901980624371528,0.0105480656087924,0.9123760793045339,0.21484263151123395,0.5118294016918937,0.35876082695247935,0.06275931324155865
2025-01-03 19:00:00,98976.91,98196.96,98296.37,-0.49931888682064834,-0.8830143594624612,0.007066536193552242,0.1274568882604202,-0.7861046384959488,0.43882358670329547,0.405039561291816,0.06751699204781127
2025-01-03 23:00:00,98382.19,97800.0,98304.51,-0.8594051781048522,-0.5928259259761304,-0.004705683603956068,0.8665727683253354,-1.1042152111057546,0.47440508164853135,0.37400427374114803,0.0688925226716865
2025-01-04 03:00:00,98304.51,97862.87,98127.54,-0.9546486876678771,-0.5912923965053581,9.038413893192043e-05,0.5992890136627247,-1.2416757005697079,0.5038287300795303,0.37459757708967223,0.0674440116558546
2025-01-04 07:00:00,98350.04,97532.58,97789.32,-0.7407649681434587,-0.321267028168468,-0.0013582380995060817,0.31407041322739593,-1.1172655481418112,0.5049368138406685,0.3656809678498253,0.06604007737517675
2025-01-04 11:00:00,98080.15,97711.54,98035.04,-0.8271600980635723,-0.321267028168468,-0.0005912830768172173,0.8776213341776492,-1.0898142181535115,0.5093463190882752,0.3618045641540432,0.062464643018477935
2025-01-04 15:00:00,98152.02,97514.79,97961.56,-0.7082503783025457,-1.3880925069338454,-0.001216846877675981,0.7011126280824594,-0.8962145483886765,0.43180908469130125,0.35383173211731916,0.05519172509089141
2025-01-04 19:00:00,98778.43,97931.23,98417.25,-0.7627156337600371,-1.3752552315099442,0.00653656904720723,0.5736779981046611,-1.0526658215706632,0.4806805374250193,0.3966074930858936,0.050543193149222704
2025-01-04 23:00:00,98419.14,98050.0,98227.48,-0.940324793702978,-0.30347784290739,-0.0019423240600336955,0.4807931949807343,-1.18375533321472,0.4474311375015814,0.38381370540283344,0.04462698140979302
2025-01-05 03:00:00,98522.76,98069.0,98451.47,-0.9758102221020517,-0.302455180890606,0.0010783912098979442,0.8428905147910276,-1.2499142829976047,0.5059897829611101,0.3909031045323639,0.03931344155106987
2025-01-05 07:00:00,98464.84,97600.0,97737.48,-0.8050027134034982,-0.29746525129488965,-0.004569287229253982,0.15896582026549053,-1.1082568782969788,0.44321116103414465,0.36083198240651765,0.033671808457510055
2025-01-05 11:00:00,98018.96,97276.79,97855.06,-0.7237939580476075,-0.292467582913793,-0.0022789562649327966,0.779161108630371,-0.9070875972971848,0.48174506140030465,0.3459023813642685,0.027932636347391265
2025-01-05 15:00:00,98332.54,97577.46,97918.91,-0.7000035393464339,-0.4865409462887994,0.0032334353111884706,0.45220373999507446,-0.8213490643206316,0.448888972976265,0.3670365671439979,0.02649262639218656
2025-01-05 19:00:00,98745.45,97854.99,98695.21,-0.6541125813381496,-0.48450781188113656,0.004162244987647945,0.9435797228292939,-0.9226405771649907,0.5264457583520644,0.39432954863392017,0.027362241682221865
2025-01-05 23:00:00,99333.0,97920.0,98815.39,-0.2507352461705384,-0.2831168116933677,0.003598569521583661,0.6336801132297684,-0.28815900599805183,0.5432299030007128,0.41802457124899056,0.02848825199025422
2025-01-06 03:00:00,99892.0,98759.55,99512.21,-0.3095826079406955,-0.27761913298870916,0.007322660894662603,0.6646297849736051,-0.7278114586624311,0.5331084918045541,0.4664146341530709,0.030490044371821123
2025-01-06 07:00:00,99625.69,98709.28,98767.96,-0.5000276239769722,-0.27761913298870916,-0.0029463353649969992,0.06403247454672802,-0.8571134296063776,0.3963537135314643,0.44680190429488675,0.02988964422096555
2025-01-06 11:00:00,101295.23,98711.94,100737.03,0.4964969925132084,-0.27761913298870916,0.005961394605146664,0.7839189560568741,0.1034462244321056,0.5096375115129828,0.48636791572561916,0.034331115862795594
2025-01-06 15:00:00,102480.0,100481.99,101738.8,1.3979838283007795,-0.27458692609059016,0.02027833508892707,0.6290308857281549,0.27899141497034086,0.49329391512714116,0.6217583594113041,0.04185777021998183
2025-01-06 19:00:00,102329.98,101600.05,102011.98,-0.10498735621181121,-0.27155601862522805,0.0021831446006248534,0.564341786190941,-0.7784534138686527,0.4664769228667683,0.6366299315860183,0.04923300803694862
2025-01-06 23:00:00,102724.38,101651.67,101677.66,-0.45245986870288424,-0.27043196931461994,0.0007621903137731145,0.024228356219073936,-0.8637400631619517,0.5422740688701918,0.6418333038837818,0.055405563969060594
2025-01-07 03:00:00,101925.77,101512.91,101820.53,-0.7505009224073333,-0.2693086082928825,-0.0032827797527391622,0.7450951896346073,-1.1376540104776731,0.43321817390393846,0.6194051198866508,0.06035796829149356
2025-01-07 07:00:00,102015.01,101379.45,101406.78,-0.49394261957737806,-0.3942694064749116,-0.0005606466553454981,0.043001447541651194,-1.0275035184786838,0.40125721361781375,0.6155873164776976,0.06326215891666817
2025-01-07 11:00:00,101453.0,99732.0,99979.69,0.7311826453136497,-0.3906323313540366,-0.010216555614594447,0.14392213829085596,-0.2010004985830807,0.4469086117595763,0.5460552278255346,0.06348571554334902
2025-01-07 15:00:00,100142.99,96577.0,96750.86,3.9577782406179702,-0.45842743393330576,-0.025873155299156014,0.048755044181142626,1.8824686675647053,0.4515232375741484,0.3717660776297528,0.06850477897191651
2025-01-07 19:00:00,97220.76,96181.81,97164.0,0.548698809539201,-0.45306536450605056,-0.014193968607513097,0.9453679195250507,-0.0515254215178717,0.507218177688651,0.2786252035802262,0.07012818818380727
2025-01-07 23:00:00,97268.65,96608.14,96878.14,-0.1579231676911825,-0.250793978196903,0.0034596168681015893,0.40877503746485955,-0.7309525259029056,0.4987451797013747,0.3010049904156017,0.07282769741543103
2025-01-08 03:00:00,96878.14,95259.3,95284.31,0.7176548455574787,-0.250793978196903,-0.008081525357871655,0.015449334090978926,-0.38261896741468326,0.4178769343296418,0.24854584890425085,0.08257702274182852
2025-01-08 07:00:00,96132.47,95250.76,95961.02,0.12690319157944088,-0.24391615246778398,-0.005146284355890374,0.8055483095257496,-0.7431624865133749,0.5122411327280217,0.2154100384257112,0.08671383446669861
2025-01-08 11:00:00,96052.0,94543.86,95288.01,1.3887620466416053,-0.23698425229351106,-0.004837981482959108,0.49342236131596556,0.500198855324975,0.4820164629290719,0.18441963381684243,0.09383482040375733
2025-01-08 15:00:00,96079.32,92500.9,94242.61,3.7430706439322576,-0.2303918981169915,-0.009423709563614935,0.48672598520999016,1.3873260697100291,0.45607636813730074,0.12434671557942573,0.1039507270454923
2025-01-08 19:00:00,95290.99,93600.0,95290.93,0.29978629482166924,-0.223753268949164,1.1350898772910512e-05,0.9999645178209146,-0.14828509627509648,0.4928207037292617,0.12441839178666203,0.10730741644871333
2025-01-08 23:00:00,95382.32,93422.89,94776.99,0.6750061467719374,-0.22192980440132987,0.0019033155111665145,0.6910683208857117,-0.38841350427667026,0.4557346580253976,0.1364371744629758,0.11340143338041808
2025-01-09 03:00:00,94800.69,93796.99,94095.03,-0.3314243487550792,-0.22010719851517616,-0.002426869174683488,0.2969413171236675,-0.8303200473567568,0.44660617201992614,0.12108316250076676,0.1210298393161337
2025-01-09 07:00:00,94299.22,92750.0,93462.43,0.7677864418771144,-0.23843586024966565,-0.010254185570450658,0.4598636733294134,-0.22317126723993402,0.44115290393789736,0.0563657083180755,0.12939629189107987
2025-01-09 11:00:00,93877.46,91800.0,92863.8,1.6518175903634433,-0.23683462767107663,-0.007726177627490838,0.5120676210347631,0.587980037950869,0.4253156302895989,0.008103341672894069,0.137448942655863
2025-01-09 15:00:00,94685.25,92325.0,93020.11,1.7267495221214626,-1.470044422534207,0.00947528027930944,0.2945069378231355,0.882677104427947,0.46971191986673994,0.06683435925973732,0.14309384983372425
2025-01-09 19:00:00,93291.96,91203.67,92456.32,1.4109512203654995,-1.4577183060991203,-0.015625833428648095,0.5998448491320676,1.0246502035812304,0.4263727495185213,0.0,0.14632046541698368
2025-01-09 23:00:00,93726.87,92034.55,93364.36,-0.1618935388308629,-0.9094597808387996,0.008790663112932862,0.7857911033327892,0.1151619370464709,0.4975466254616078,0.05251950353244006,0.13947818010363047
2025-01-10 03:00:00,94319.0,93312.58,94252.83,-0.2837178915878917,-0.9035201207023003,0.010818918774915254,0.9342521014990353,-0.36775169228369353,0.49744817369814187,0.11772495248781877,0.12743750381835617
2025-01-10 07:00:00,95293.4,94070.0,95215.73,0.004528263514603599,-1.4943733895886038,0.009324426026646515,0.9365129965592908,-0.4355303332490475,0.552761076607051,0.17453112113974706,0.11306921620334112
2025-01-10 11:00:00,95267.16,92715.85,94115.63,2.1630017161751964,-1.4834219322188147,-0.008007979153363376,0.548651477082171,0.6705975666725766,0.4888130106846226,0.12529009345484873,0.0972067474738124
2025-01-10 15:00:00,95836.0,92206.02,94861.62,2.846505405627087,-0.3761043027731405,0.0009846590830753232,0.7315742786441464,1.3279321594488107,0.4828795496432576,0.13129627208908065,0.07497196706025962
2025-01-10 19:00:00,95442.15,94373.85,94767.7,-0.21816089789783502,-0.3689396919399769,0.008930872682900493,0.36866984928981456,-0.5235731424988889,0.4916121216667865,0.1858260429910025,0.05613806842138528
2025-01-10 23:00:00,94894.81,94180.0,94424.24,-0.8970097983745047,-0.654873984068349,-0.0038013277780442056,0.3416852030561816,-0.9520170615647927,0.45953969857483906,0.1624087599338537,0.05254791570850202
2025-01-11 03:00:00,94441.87,93831.73,94216.25,-0.9709350146525957,-0.6479355182405844,-0.0037524789613767595,0.630216015986007,-1.0458324049043055,0.45649025024877193,0.1393802726355757,0.04600640192686932
2025-01-11 07:00:00,94528.27,94031.22,94488.86,-1.0272514624925588,-0.8417805972914008,0.001186612296370848,0.9207122019732212,-1.141482838411377,0.46420390093457686,0.1466350358633278,0.03895978340159856
2025-01-11 11:00:00,94791.67,94307.25,94620.0,-0.9579168938516874,-0.8356282719216138,0.0027248204335172943,0.6456174393987552,-1.015579164448179,0.4919101189678025,0.16331393259243565,0.0378535332546708
2025-01-11 15:00:00,94708.12,93984.55,94275.79,-0.9308954599803371,-1.1399935510268244,-0.0022179634456491737,0.40250424975602733,-0.9963349937505607,0.49309838062298683,0.14970056468595636,0.03413394590744602
2025-01-11 19:00:00,95050.94,94084.64,94593.8,-0.6408118129528855,-1.3720568487122253,0.003980297274811084,0.5269171064832172,-0.97159119047699,0.514890548845016,0.17407656167490906,0.0325403620946494
2025-01-11 23:00:00,94753.37,94296.99,94625.25,-0.9431753581356404,-1.0059035816694712,-0.0018513905536307051,0.7192690301783803,-1.0506024473428477,0.46042247483939025,0.1626932110805437,0.03280946184668945
2025-01-12 03:00:00,94699.0,94357.14,94381.78,-1.0853132559400391,-1.121930298937437,0.00022751093404860256,0.0720762885370579,-1.2218759655413831,0.4820631371151237,0.164089481533586,0.0310951056123709
2025-01-12 07:00:00,94441.42,93711.19,94015.16,-0.7526593377914528,-1.533852746033746,-0.0051932598626914794,0.41626610793289814,-1.0462134650261357,0.3977345305754721,0.13221037621589155,0.030579301236005677
2025-01-12 11:00:00,94994.49,94015.16,94811.0,-0.5982221832347437,-1.5187561342311713,0.005107453577851473,0.812637211146262,-0.8504075542254214,0.5176926954622768,0.16339993398302097,0.031042432646391248
2025-01-12 15:00:00,95450.1,94675.54,94992.64,-0.708959816494657,-0.7039402183201288,0.005878881891268506,0.4093937203004375,-0.8047669227121595,0.5257864819555155,0.19948371327441847,0.0312019091455044
2025-01-12 19:00:00,95055.93,93800.0,93962.91,-0.5592471870449194,-0.6969598045724629,-0.007573267593295907,0.12971264321953238,-0.7816578233844422,0.3698654407341405,0.1527267523537295,0.02864468108275517
2025-01-12 23:00:00,95940.0,93899.99,94217.43,0.13683204342219416,-1.015505408433784,0.0043192111422869495,0.15560708035668086,-0.0031429115009841547,0.5308921397546985,0.17919138450830752,0.025703098870414564
2025-01-13 03:00:00,94913.03,93281.0,93637.37,-0.266087324130811,-1.0082359005703336,-0.007565700557064958,0.21835995661710386,-0.4853713215249387,0.4805499108284749,0.13263466775948174,0.01924542883840885
2025-01-13 07:00:00,93947.3,91372.17,91644.96,1.2875734595642891,-0.6165955828304223,-0.016059706690640607,0.10593251602790862,0.2508939232595665,0.43741673796993563,0.03455644852704063,0.03197795701686009
2025-01-13 11:00:00,92300.0,89256.69,91833.03,4.7949314257705815,-0.6355653504187302,-0.016970299314574055,0.8465585168752223,1.1626672324779297,0.42417455623527583,0.0,0.03999476405304084
2025-01-13 15:00:00,93100.0,91250.0,92077.65,1.3818396368233052,-2.2535113582368207,0.011830824233425963,0.447378378375957,0.5574329555390546,0.4893080381669008,0.06547125288686012,0.043333530101258094
2025-01-13 19:00:00,94727.15,91600.0,94399.98,0.7506166548530014,-2.218224930270229,0.013908355833079922,0.8953775802219425,0.18618319554232987,0.4990789721379517,0.1433500703357437,0.042408723769441645
2025-01-13 23:00:00,95280.8,94164.77,94882.65,-0.043732018588933594,0.2094386909614678,0.01470397580924776,0.6432443572247686,-0.5228863256287773,0.5156257203206704,0.2268290316810475,0.04223163284062081
2025-01-14 03:00:00,95464.71,94753.42,95031.94,-0.39861201382561223,0.2151037973583423,0.0033159520355419136,0.39157024560458487,-0.8586035711589508,0.4513742658872596,0.24593151632885876,0.04265897210038452
2025-01-14 07:00:00,97371.0,94838.56,96697.08,0.9751985848370928,0.2256400676002331,0.011755375856194794,0.7338851068505724,-0.06957790861331586,0.558113730129371,0.31387625867533503,0.048478100565065955
2025-01-14 11:00:00,97265.48,95748.93,96293.6,1.1674198724887834,0.2364255765313604,0.00412340545503076,0.35915070389793957,0.3279672139759546,0.4932036527465497,0.3379892393697887,0.05253120214986428
2025-01-14 15:00:00,96974.82,95351.76,96777.8,1.058504469205214,0.10850349604615409,-0.0027805894875206905,0.87861200447994,0.850820174011297,0.5236747800858077,0.3216617720143236,0.05716533811691606
2025-01-14 19:00:00,97088.57,96152.31,96691.91,-0.27239494237761225,0.11833615915587299,0.0037088316581821434,0.576335633258109,-0.3104293759048154,0.46395284707894086,0.34337927011990327,0.06105227900101318
2025-01-14 23:00:00,97554.63,96500.0,96824.06,-0.2143855275653039,-1.1307351196038362,0.0042304038774860775,0.3072736409896585,-0.5434434350238911,0.5144670202862368,0.3682427692237032,0.06459319057304255
2025-01-15 03:00:00,97724.96,96750.0,97105.48,-0.16808479950467775,-1.1265403108795096,0.0008901286999949409,0.36460983014313153,-0.8679865158734592,0.38417319056950083,0.373496485149543,0.06835039368080971
2025-01-15 07:00:00,97600.31,96721.39,96933.59,-0.26842024265334974,-0.02071648060330841,0.0006965275943704441,0.24143266736174304,-0.6994685882405157,0.4164349953434856,0.37761118835485874,0.07136110175912903
2025-01-15 11:00:00,99499.0,96521.0,99434.41,2.0012195049406527,0.010408619176139213,0.012086954966799235,0.978310946940974,0.1516696984639279,0.5787465338283121,0.4490640267087931,0.08057909384925234
2025-01-15 15:00:00,99799.98,98602.05,99446.14,0.9115043251692502,-1.0345352030787724,0.009133987488412432,0.7046238093986754,-0.09332537971392103,0.4811047911261537,0.5037128507037667,0.08866703310675426
2025-01-15 19:00:00,100681.94,99297.41,99713.46,0.6711271104336265,-1.056107816537031,0.005514444469083113,0.30049908633037803,-0.47940959877717293,0.5170971057956395,0.5370072366379061,0.09631747595731621
2025-01-15 23:00:00,100866.66,99471.48,99637.77,0.4600247300730457,-2.9260942208020597,0.0022340866777184054,0.11918892185869592,-0.26024199582202606,0.4791731145875218,0.5505702932406662,0.10260468296999532
2025-01-16 03:00:00,99921.86,99170.0,99801.23,-0.4229154367422243,-2.8604501340710438,-0.004693853673040871,0.8395578964057137,-0.9452067166245076,0.46229352420784364,0.5220104202707089,0.10656473357227383
2025-01-16 07:00:00,99850.0,98617.55,99214.25,-0.02907143083911633,-0.35102172163990564,-0.00435646883096541,0.4841575723113773,-0.8234033826402402,0.48071929806776625,0.4956277942154303,0.10892332498583376
2025-01-16 11:00:00,99517.93,97489.74,97618.89,0.941877801483694,-0.347177150095883,-0.004179519282116018,0.06367746611479111,0.19789185846539342,0.48918573530099724,0.4704270352627482,0.1078855726446577
2025-01-16 15:00:00,100361.54,97335.13,99584.24,1.095981637950054,-1.4215479815212462,0.0034810778271767706,0.7431610389843337,0.5751454808493616,0.5223058714945201,0.49132875759859757,0.09789848573724323
2025-01-16 19:00:00,100641.99,99377.0,99838.25,0.0463409970449883,-1.4073881361602059,0.011041068141214083,0.36462738835591735,-0.4985199232737296,0.4501743896598839,0.5578543298378066,0.08769166119201291
2025-01-16 23:00:00,102148.13,99746.0,101100.0,1.0295955323787334,-1.3938196463368295,0.009529904673860834,0.5636664127230253,-0.15242245138484226,0.573156986322024,0.6159086952373072,0.0771847146728227
2025-01-17 03:00:00,101782.02,100943.77,101408.99,-0.3781855228649391,-1.3801135318705011,0.0019846752784262733,0.5549895615800194,-0.9171496624499909,0.5019054251474008,0.6281141783442791,0.07603354746949045
2025-01-17 07:00:00,102581.45,101401.0,102321.53,0.7034782771543135,0.350525462058676,0.006308398892575839,0.7798127832540159,-0.539148138918744,0.5737486018487622,0.6669869708397523,0.07703846518304468
2025-01-17 11:00:00,103395.47,102082.64,103378.95,0.7403691700459668,0.35167746710482833,0.007258095552562738,0.9874164971779452,-0.1737434967965424,0.5264376535488045,0.711994002613212,0.07981607738896207
2025-01-17 15:00:00,105269.24,103285.79,104835.68,2.3854604956449346,-1.7784351016803719,0.016088560908822602,0.7814111774898164,0.6928199438817053,0.5149531884151792,0.812482338968691,0.0903058466859596
2025-01-17 19:00:00,105865.22,104204.0,104410.39,0.9577541060399936,-1.7569046590335535,0.007209760610513927,0.12424001637276032,-0.19997510011393616,0.4876449391974419,0.8582386353292852,0.0957263905937427
2025-01-17 23:00:00,104656.87,104065.25,104327.98,-0.5227386742759617,-0.5827616081640002,-0.007091313044147007,0.44408573069801077,-0.9202936967955458,0.41840128908729474,0.8129095868450659,0.09915947407492784
2025-01-18 03:00:00,104479.31,102666.55,103440.39,0.5412186076522173,-0.577537476914418,-0.008892965686473575,0.42688497098111716,-0.22249165896940168,0.4555487428042061,0.7564671348762764,0.09849098128798177
2025-01-18 07:00:00,103488.9,102277.55,103184.64,0.05352181776698994,0.5978509277719488,-0.004430465131179728,0.7488256903393031,-0.40353411077789797,0.47768416994250945,0.7285976374620347,0.09524194934236663
2025-01-18 11:00:00,104562.5,102932.01,103993.03,0.1337436066546669,0.5978509277719488,0.008120041189701332,0.6507368950398306,-0.3369357471404177,0.527463115241893,0.779449825553065,0.09185536712075072
2025-01-18 15:00:00,104988.88,103156.02,104084.74,0.44259387079339474,0.5978509277719488,0.002824023790538144,0.5067053675648625,0.33143712371746636,0.4774735629465705,0.7972790319264523,0.0864678231204204
2025-01-18 19:00:00,104488.0,103765.44,104291.3,-0.543078284580256,0.5978509277719488,0.00026087526611395795,0.7277734720891338,-0.7246892137272899,0.467606607223235,0.7989306943768166,0.08717528448692165
2025-01-18 23:00:00,105458.55,104013.51,104877.96,-0.2724893521578733,0.5978509277719488,0.005222924661040906,0.5982187344253617,-0.6423630189460497,0.511944400006751,0.8320068809964656,0.08785349678550697
2025-01-19 03:00:00,105634.78,104191.19,105568.29,0.1599588655220337,0.5978509277719488,0.0029596783222363143,0.9539412159896198,-0.4801275142665175,0.5301940679044477,0.850848081368038,0.08948801251956091
2025-01-19 07:00:00,105594.63,103450.69,104823.86,1.1776881280795048,0.5978509277719488,-0.0029671188556249506,0.6404890062192001,0.35820429591182185,0.46962766369477355,0.8319036107611602,0.08903756400687056
2025-01-19 11:00:00,105706.48,104209.56,105160.0,0.7345985614195274,0.5978509277719488,0.0025108410820398053,0.6349303903973854,0.28439165739363065,0.46671837226097845,0.8478872709252513,0.08755597780671891
2025-01-19 15:00:00,105250.0,104500.01,105042.9,-0.05876407280372876,0.5978509277719488,-0.0004050227060670153,0.7238629848301404,-0.6157167350966911,0.49740003330568733,0.8453024797632084,0.08301244274975161
2025-01-19 19:00:00,106422.43,101104.71,103414.0,2.462363479736788,0.5978509277719488,-0.006039288211968197,0.43426318045998225,1.436172410887462,0.4755511939053721,0.806776303239951,0.06753390226292101
2025-01-19 23:00:00,103414.0,99550.0,101926.42,4.553735292459269,0.5978509277719488,-0.03306909112926848,0.6150155279487185,3.917241016316191,0.4868785593078351,0.5970940708608063,0.060397577805054836
2025-01-20 03:00:00,109588.0,101411.2,107486.5,2.9622453701836773,0.5978509277719488,0.044755964421942185,0.7429923686518651,2.029276198080524,0.5585379918859577,0.8714950999494442,0.056288624913839964
2025-01-20 07:00:00,109499.99,106923.0,107964.56,3.226961555973555,0.5926251919640456,0.028744095010581505,0.4041769661488612,2.0813845854355026,0.497476476486155,0.9999999999994238,0.05953054823642034
2025-01-20 11:00:00,108700.01,105472.95,107866.65,1.7016737123820556,0.5874161084197679,-0.009531814448173193,0.7417587525464606,1.907684818716996,0.5006881973416263,0.940498559696521,0.06097457436413521
2025-01-20 15:00:00,107990.0,100333.0,103930.66,5.0,0.5874161084197679,-0.028236199683228436,0.46985242261921184,5.0,0.4889973420765345,0.7659168775439695,0.060165802176068775
2025-01-20 19:00:00,104331.0,101846.15,103608.0,0.257941449273222,0.5874161084197679,-0.008944406954290662,0.709036762779609,0.8415900745339749,0.45705247949893707,0.7121760070647023,0.0599910408115837
2025-01-20 23:00:00,103728.52,100119.04,102545.56,1.295251358086037,0.5874161084197674,-0.014400191937108398,0.6722630406577331,1.7762886600150134,0.4920191148999797,0.6264289065221476,0.06346245439469439
2025-01-21 03:00:00,103260.1,101111.68,102176.04,0.1777373178967901,0.5874161084197679,0.0034160352905590052,0.49541523537997234,0.3573897151614806,0.5228870140347529,0.6464770481584685,0.06713141825576384
2025-01-21 07:00:00,103364.74,101740.82,103160.85,0.1664660337991139,0.5874161084197679,0.0028582598539208526,0.8744457855012907,0.02554939320115604,0.4670256560979897,0.6633090015417534,0.06747237460128916
2025-01-21 11:00:00,105320.0,103001.0,103260.91,0.8615794539581203,0.5874161084197679,0.015929219453510335,0.11207848210387353,0.7651970867427592,0.5080968635875931,0.7573824060965291,0.06763208001956758
2025-01-21 15:00:00,107240.81,102803.43,106861.18,1.4388785337104435,0.5840936686610114,0.010885551452619602,0.9144472639239487,1.6788460963322671,0.5260312899326763,0.8226933939096206,0.06744672832556806
2025-01-21 19:00:00,107199.99,105772.0,105996.01,-0.08248370152663623,0.5807814356193086,0.012088334264078737,0.15687084643339608,-0.01582985476065503,0.5048823846821303,0.8960103231985854,0.06874879191021427
2025-01-21 23:00:00,106394.46,105420.0,105583.89,-0.3743131986948044,0.5807814356193086,-0.006061014262880304,0.16818545655882897,-0.2200194430347701,0.4629371956116291,0.8588053041041371,0.06917204593524585
2025-01-22 03:00:00,105952.0,105186.71,105379.81,-0.5600940585941759,0.5807814356193086,-0.0022728401253846453,0.25232264892716444,-0.7493640680007896,0.4695348900359234,0.8449382299106374,0.06934299443510282
2025-01-22 07:00:00,105678.57,104647.75,105142.76,-0.5218135627275322,0.5807814356193086,-0.005484830032179477,0.48020992995400685,-0.5501091152164223,0.4012704203500086,0.8115501903233023,0.06954924476984511
2025-01-22 11:00:00,105584.23,103662.58,104393.66,0.08482522128135678,0.5807814356193086,-0.0044446848989319054,0.3804438893639318,0.2981289783853039,0.454858916034777,0.7846422698460489,0.06983366708642127
2025-01-22 15:00:00,105148.95,103339.12,103896.01,-0.037777963413981895,0.5807814356193086,-0.004057899304400259,0.30770293342298555,0.9336232161654527,0.5157863950257187,0.7601851214200489,0.07058274983209921
2025-01-22 19:00:00,104830.12,103611.66,103866.79,-0.4316367824020863,0.5807814356193086,0.0011430786155732786,0.20938725932562247,-0.09950096969496515,0.49898027078167834,0.7670465531222573,0.07087956864135589
2025-01-22 23:00:00,104143.99,102100.0,102655.34,-0.13942805680122758,0.10199135552586415,-0.012999525859242578,0.27169408852160637,-0.08261334753607186,0.4587842501270093,0.6889265402596172,0.07372661324985312
2025-01-23 03:00:00,103007.75,101575.5,102256.7,-0.31220734680058376,0.10284687535236049,-0.0061580373819887235,0.47561529062331365,-0.3548780437959206,0.4563820582844546,0.6524011827003947,0.07611426441456312
2025-01-23 07:00:00,102803.2,101262.28,101683.61,-0.44821596591177687,0.5788584775526219,-0.0020189682781343032,0.273427562752945,-0.34851785858037343,0.48167675844509467,0.6404997572545762,0.07723429338687941
2025-01-23 11:00:00,106050.86,101281.62,105213.5,0.7990845321141177,0.5750786153606176,0.015692692056157975,0.8244248559501631,0.8245898588862879,0.5336863849989741,0.7328183603460258,0.07005176947367638
2025-01-23 15:00:00,106850.0,102643.49,105424.39,2.757263834396201,0.0846586490778766,0.011585436467762111,0.6610943513728451,2.3772696748088578,0.5008382172558185,0.8020439238364269,0.06300206561214768
2025-01-23 19:00:00,106421.03,102195.7,103978.82,2.2325211216706644,0.08692360531185342,-0.006203728811189468,0.42200727517041015,2.404025652806352,0.5125216117404864,0.7645458057186505,0.05482240365420792
2025-01-23 23:00:00,104544.48,102956.72,103016.01,-0.5755975679815788,-2.8015567646608717,-0.0058333374802331805,0.03734191565451981,-0.3945543507632308,0.48221160222823667,0.7295052380325264,0.056057400620202875
2025-01-24 03:00:00,105355.0,102750.0,104991.01,-0.3764350222547354,-2.7409979359080485,0.0063645183939526895,0.8602725527798051,0.11395580797425398,0.5132363625988896,0.7675135666717521,0.055499962465122385
2025-01-24 07:00:00,105759.0,104660.0,105416.75,-0.5693427290690212,-0.254508893787873,0.009075859180629475,0.6885805277462368,-0.2658513565550535,0.5084389584525797,0.8220587356831442,0.05462341624625954
2025-01-24 11:00:00,106321.66,104669.17,105758.0,-0.3518812552474071,-0.2508809133080455,0.00199054208230387,0.6589026257305093,0.18016214531585825,0.5195824960244884,0.8341303047303213,0.052735011901911114
2025-01-24 15:00:00,107120.0,105259.49,106327.72,0.04684154537323251,0.4397619276763204,0.007210690705698131,0.5741597733923802,0.9952143824949911,0.5290196760795264,0.877946316936346,0.053645527158430434
2025-01-24 19:00:00,106606.01,104706.08,104777.25,-0.4850389921637032,0.4390782662969173,-0.007607181430252075,0.03745927481518999,-0.05602285296433451,0.44370968632302904,0.8313876987342345,0.05319890082150166
2025-01-24 23:00:00,104925.2,104361.89,104559.54,-0.8026132815292258,-0.8775692229191367,-0.0074635599783995366,0.3508725213408004,-0.6846991320687135,0.4936052076038381,0.7860555872251637,0.04938412438519815
2025-01-25 03:00:00,105280.82,104216.81,104308.0,-0.8935539325122677,-0.8701840858055806,0.00011826461568342772,0.08570408172775115,-0.8637877814291947,0.48565953999478223,0.7867685407268757,0.047679375241632904
2025-01-25 07:00:00,104661.04,104106.09,104540.0,-0.9837320761946317,0.09402295627900896,-0.002697726838415959,0.7818902603697394,-0.9577162101326108,0.5163805009638972,0.7705034791132124,0.04645018527878514
2025-01-25 11:00:00,104868.0,104391.27,104600.01,-0.9858366972276655,0.09641810778683176,0.002790721056335377,0.43785790698217836,-0.9901409847619447,0.5177130777967619,0.7872838276978242,0.04560160805103134
2025-01-25 15:00:00,105286.52,104449.75,104983.49,-0.8026524909557278,-0.1462217031813302,0.0018309046226629988,0.6378574757623051,-0.7278623373357226,0.47700231261181586,0.7983236117186367,0.04523995119080918
2025-01-25 19:00:00,105250.0,104866.66,105077.54,-0.9802282181056351,-0.14292049423635553,0.0020336779669918315,0.5501121719478554,-1.106832449028992,0.5023029325063396,0.8106085071490068,0.04564291439475417
2025-01-25 23:00:00,105134.9,104503.7,104696.25,-0.9962592824552251,0.06038894727243627,-0.0032878888774807713,0.30505386564789805,-1.080872978311717,0.46608954779978684,0.7907068733875163,0.045687656502248784
2025-01-26 03:00:00,105500.0,104696.24,104990.75,-0.9041263002890478,0.06297114481618508,0.0037199943397456803,0.3664153478604714,-0.9797350031177917,0.5521357002659848,0.8131500131176762,0.045548447260980056
2025-01-26 07:00:00,105221.36,104444.01,104715.29,-0.916578986223306,0.6295322192679814,-0.0030657814641916747,0.34898051070496816,-0.978931494052458,0.48812319105653984,0.7945850066902514,0.04270038711241696
2025-01-26 11:00:00,105126.11,104662.05,104944.0,-0.9613128743750351,0.6295322192679814,0.0010172092800628807,0.6075722966726776,-1.0312035036662248,0.5737942012106338,0.8007258883225465,0.037296703453060916
2025-01-26 15:00:00,105260.36,104887.7,105175.11,-1.0001166800506245,0.09314596167447096,0.001554949469925626,0.7712391992494187,-1.057957873583337,0.4971265590470166,0.8101226505368643,0.02574909874889401
2025-01-26 19:00:00,105240.0,104300.01,104330.22,-0.9097303495046705,0.0956379879519256,-0.002765749665769146,0.03213863977242827,-0.9641581140162392,0.3784746421414702,0.7933828759128286,0.02616928379828529
2025-01-26 23:00:00,104330.21,100835.25,101000.0,1.0157578087291987,0.3195110388055913,-0.02477534685169802,0.04713930917650797,2.388674366454858,0.4382832133303542,0.6438441530146218,0.042802809948491886
2025-01-27 03:00:00,101858.19,98721.0,98956.32,0.9654253778140177,0.3211491345306081,-0.019340101111986585,0.07500980176503709,1.229769476301441,0.4091879948754386,0.5300035111300406,0.06718621051803489
2025-01-27 07:00:00,99533.33,97777.77,98392.74,0.8973904630047344,-1.5274695382483154,-0.0135848739281752,0.3502984802550178,1.8273342417012948,0.46600501105485853,0.4515860776067706,0.08609085197371556
2025-01-27 11:00:00,102317.94,98324.01,101920.89,1.1503455629065256,-1.5113593420704945,0.016767884916571996,0.9005866402242884,2.812510500161238,0.5220601393473657,0.5470622543903655,0.08487170514804178
2025-01-27 15:00:00,102118.49,98864.0,99180.0,0.5580382301345265,-2.7416298268212396,-0.001672346345563458,0.097096626506466,2.1689629369279206,0.42194820956576584,0.5373802610141625,0.09606820292787782
2025-01-27 19:00:00,102405.0,99175.03,101637.18,-0.07539794150256177,-2.7281102083332405,0.006162717275544738,0.7622826218176548,1.1491139482476231,0.5097015897559537,0.5729994396976072,0.09324640138187539
2025-01-27 23:00:00,102892.0,101334.55,102402.01,-0.4052430998972572,0.6507463847190188,0.010521734975545538,0.6853895791153103,0.2760261406739353,0.5034074938013815,0.634187577510917,0.08905231304509785
2025-01-28 03:00:00,103371.24,102026.02,102744.38,-0.5966637780467356,0.6507463847190188,0.008372061210566661,0.5340093070238771,-0.257115943299328,0.46691597133582663,0.6833867651258614,0.08774064053106237
2025-01-28 07:00:00,103343.65,102393.94,102745.36,-0.6805833789328692,-1.478729162931091,-9.625068267771208e-05,0.3700287456131882,-0.31371302872370027,0.4909431834394689,0.6828164036823103,0.08684436360224378
2025-01-28 11:00:00,102988.6,101815.26,102641.99,-0.442296605651952,-1.463513549279081,-0.0029986158344136316,0.704595428429063,0.3792982769974246,0.49906335438202515,0.6650489428046612,0.08624025062635958
2025-01-28 15:00:00,103800.0,101906.24,102205.79,0.18237102115680354,0.6135083739201372,0.0023386646826941693,0.15817738256083527,1.7408909310423168,0.5199219435405151,0.6788644952657429,0.08563035608102008
2025-01-28 19:00:00,102660.0,100272.68,101265.63,-0.3312595920923032,0.6138287273954266,-0.013861856389674743,0.41592664577679134,0.5635021068133202,0.45093017304737654,0.5967847164106646,0.085951314520288
2025-01-28 23:00:00,102319.69,100750.0,101795.4,-0.7549007305715111,0.6645180812778416,0.0020027872887240505,0.6659913740887263,-0.34463721339817033,0.4730731416464001,0.608479370118296,0.083141534047817
2025-01-29 03:00:00,102853.53,101764.24,102801.64,-0.8093987100667659,0.6637325748445452,0.006991910319236405,0.9523634661022103,-0.7259345322465485,0.517791479897917,0.6493882246184187,0.07905624862956226
2025-01-29 07:00:00,103000.0,102180.65,102547.01,-0.722782747192655,0.6637325748445457,0.0035973063363090585,0.44713492401968224,-0.5269118135159462,0.5079170463274124,0.6705828075031895,0.07649361392899491
2025-01-29 11:00:00,102842.04,101582.37,102029.93,-0.22472564581715065,0.6637325748445457,-0.00420330795044066,0.3552994038092876,0.15103635258070713,0.4758599680031388,0.645728701428457,0.0728346000943183
2025-01-29 15:00:00,103000.0,101675.62,102854.15,-0.4645105578244011,0.6465826719379302,0.0012544930656182007,0.889872997169314,0.5985259560351774,0.5038788152676741,0.6531153235541111,0.06876356643821194
2025-01-29 19:00:00,104782.68,101400.01,103492.06,1.0550424109534218,0.6466925279624417,0.010549830880830502,0.6184611564219447,2.6444712051597556,0.5181538869668016,0.7153120594280118,0.06460297092720403
2025-01-29 23:00:00,104668.35,103278.54,104663.19,-0.519508754738518,-0.14966112795984443,0.006664650846989195,0.9962872622804799,-0.04725847830049132,0.5414461505540548,0.7550181593717331,0.06205132434421841
2025-01-30 03:00:00,105595.81,104493.16,105184.37,-0.38052388999850245,-0.147586034512797,0.009872647656095301,0.6268625583763905,-0.30374796126490233,0.5361129443958025,0.8142285989914717,0.06458025136548642
2025-01-30 07:00:00,105534.0,104799.66,105345.4,-0.7853440592019376,0.668399676992614,0.0006199862463747152,0.7431707383399536,-0.6850150496385176,0.4571930773131253,0.8179836281405366,0.0696018536113815
2025-01-30 11:00:00,106222.08,104660.0,105920.57,-0.3623718458781312,0.668399676992614,0.0015837325888377052,0.8069817166802826,0.014469953434865264,0.5246732144695659,0.8275816621370559,0.06940539983075647
2025-01-30 15:00:00,106457.44,104762.59,105578.95,-0.18130756274222679,0.4997487713008129,0.003014548478171175,0.4816709443285135,0.7312486832583016,0.5252723224549652,0.8458799293362729,0.063237122792242
2025-01-30 19:00:00,105821.62,104805.15,105094.56,-0.6733661532056715,0.5007293492699979,-0.0035281888657587857,0.2847206508772083,-0.18599463411993367,0.5376917148529394,0.8243993124088468,0.06533345767627825
2025-01-30 23:00:00,105254.0,104255.01,104341.72,-0.785836324037191,-2.265594849038804,-0.005743324756963819,0.08679766564143582,-0.6217580980886617,0.48799519310609013,0.7895556885411172,0.05614945229547403
2025-01-31 03:00:00,104745.1,103930.09,104511.02,-0.8005748670425789,-2.229402788314174,-0.0041668645797368065,0.712788800128677,-0.7250403723801099,0.47970957586464863,0.7644213277666413,0.054607717386257415
2025-01-31 07:00:00,104814.46,103936.54,104284.1,-0.7478197992156855,0.6825950484841876,-0.0003314621922624328,0.39589028612635346,-0.6922331554350841,0.47467785081239033,0.7624302921475364,0.05415835957314206
2025-01-31 11:00:00,105036.03,104106.0,104442.79,-0.5892395287717657,0.6825950484841876,0.0038224495113712287,0.362128103390614,-0.27588635689297203,0.4828941563709316,0.7853834695229084,0.053951699186704116
2025-01-31 15:00:00,106012.0,102605.0,102627.29,0.31691651075242533,0.6825950484841872,-0.0004348697169208604,0.006542412679755848,1.159102001963026,0.506807605721924,0.7827621671251982,0.05507743972454193
2025-01-31 19:00:00,103016.66,101560.0,102261.3,0.05479396060290593,0.6825950484841872,-0.023189209251045173,0.48144385099830217,1.1213524535736972,0.46306910954349023,0.6430433191886434,0.05594721463219819
2025-01-31 23:00:00,102783.71,101955.0,102467.77,-0.7876112274247856,0.05428770964048968,0.0030002273355660414,0.6187568630688812,-0.7313984386094671,0.5470978164904693,0.6607010002711033,0.05533091058717355
2025-02-01 03:00:00,102588.57,102118.56,102402.91,-0.9927999934438111,0.05716865482999969,-0.0009240901222893338,0.6049871279205769,-0.9629275228354736,0.49285222597352524,0.655245998894262,0.05219090433611915
2025-02-01 07:00:00,102494.69,101412.0,101638.0,-0.791918621854186,-0.8431451602629398,-0.004383439518189092,0.20873934366985208,-0.6680291050855791,0.3691566904089198,0.6293940051395084,0.053072282316194416
2025-02-01 11:00:00,102329.01,101638.0,101827.53,-0.8468816117331726,-0.8359812624318593,0.0015147388947061025,0.27427967756943816,-0.7280755719166638,0.5056003120281543,0.638288246542072,0.05500374199010167
2025-02-01 15:00:00,102297.99,101730.79,102003.7,-0.9431403680529621,-0.6343079932570085,0.00010525754739121318,0.48115303243156976,-0.7326542841939779,0.5034275688557617,0.63890723382537,0.05600832213952133
2025-02-01 19:00:00,102023.63,100510.0,100666.91,-0.40139193499379333,-0.6315686580709109,-0.008051121799711347,0.10366470009114934,0.10431507270295555,0.4011868314468015,0.5915560776446886,0.061107529986128284
2025-02-01 23:00:00,101456.6,100279.51,100452.16,-0.526261021997641,-0.6746144409794373,-0.004671857905642507,0.14667527546622636,-0.1859006498211821,0.4811176802361577,0.5643006433387107,0.06707234830239697
2025-02-02 03:00:00,100755.93,99031.19,100265.15,0.059795992002114585,-0.6699404541536862,-0.00942321294474835,0.715446965915352,0.6871516235252805,0.4239503503865419,0.5095828253546473,0.07298610304869858
2025-02-02 07:00:00,100277.54,99200.0,99417.06,-0.40283116911979333,-1.4635384788913872,-0.0017732201578870566,0.20144031775895518,-0.09566506480914716,0.41254488661399386,0.4993832856863374,0.08016448188542737
2025-02-02 11:00:00,99604.0,98157.0,99205.08,0.1460177535224482,-1.4485955268544286,-0.008167471214050037,0.7243123704165575,0.773649011886816,0.44531058544114294,0.45248740017342415,0.08463088349612824
2025-02-02 15:00:00,99405.74,96821.54,97087.92,0.7335723688616917,-2.7796712935019463,-0.009334277189874451,0.10308025694565927,2.5001775799310515,0.43965452135930094,0.39932970168953935,0.09704507750190364
2025-02-02 19:00:00,98700.0,96150.0,97994.46,0.3782444767966864,-2.7207972217315692,-0.0046830749137039,0.7233176470559896,1.387167067536829,0.4848054495525504,0.37290903832101574,0.09736249776639384
2025-02-02 23:00:00,97994.47,91231.0,93566.01,4.848435332672383,0.73407950812647,-0.028644332775226822,0.34523846487033166,5.0,0.45829398329836335,0.21206213200236126,0.12308075775360454
2025-02-03 03:00:00,94688.0,92646.36,93911.04,0.812600066426219,0.73407950812647,-0.008585383376949696,0.619443192724378,1.8016306988007642,0.4955185437000152,0.16523344584200114,0.13541958370519758
2025-02-03 07:00:00,95950.68,93846.32,95702.67,0.32845190639248717,0.73407950812647,0.014192869455436963,0.8821446900678507,1.1741171033209965,0.49999743447217304,0.24198334362942114,0.13601860357412052
2025-02-03 11:00:00,96702.12,94131.14,96589.5,0.6502303904618012,0.7340795081264705,0.0017501445282577244,0.9561956919114278,1.3230298041985946,0.4846293420916116,0.2515818148025393,0.13256829364278286
2025-02-03 15:00:00,99943.63,96190.47,99816.05,1.6877209727707232,-0.9001083898016214,0.032716026055175096,0.9660073111698777,1.9786011671690484,0.5224853231285768,0.43132321044360505,0.12156872360822858
2025-02-03 19:00:00,102500.01,99576.02,101695.62,0.6351392260316122,-0.8945317622784054,0.02920424004003319,0.72489987995607,0.7118342617084567,0.5284454785027037,0.5970201130462336,0.11272703714888771
2025-02-03 23:00:00,101827.98,100743.33,100839.99,-0.36870651393563836,-1.5917419954031324,-0.00038979758253354646,0.0891163047979651,-0.5304134694835329,0.4336541408065676,0.5947439194937281,0.11078428995308613
2025-02-04 03:00:00,101021.78,98229.82,99367.58,0.2477095505076928,-1.581352332535511,-0.01808008907842218,0.4075130016174741,0.21810533110693034,0.45169014248504963,0.48920775819471457,0.10931793143414024
2025-02-04 07:00:00,99473.85,97860.0,98779.91,-0.1559163348704926,-0.26362594584230203,-0.009135031034840146,0.5700096043587075,0.19767194819352746,0.5113011114968058,0.43684930339211464,0.10592844356435734
2025-02-04 11:00:00,100415.0,98561.48,99984.72,0.11820730631319208,-0.26189223212462603,0.009046541808954478,0.7678579135872953,0.4176267462510997,0.5059658641157618,0.4882269093227124,0.1004959545855586
2025-02-04 15:00:00,100223.38,98275.98,99415.2,0.25896555838493396,-1.0883837132650525,-0.002186738415119849,0.5849953784503164,1.1523209181301366,0.4836723788740183,0.4756955177297616,0.09814042178920365
2025-02-04 19:00:00,100777.93,96150.0,97691.2,1.071831504837701,-1.0787091180673074,-0.009763065000601756,0.3330214588372489,2.1344210439362152,0.4600372006870503,0.41986933670498094,0.09640107887453617
2025-02-04 23:00:00,98930.44,97131.43,97993.99,-0.2872569382147524,-2.4732874439071906,-0.0033456731555486785,0.47946370503511,0.16883573542032929,0.4468623469001663,0.40092521951679005,0.0909274878742354
2025-02-05 03:00:00,98332.41,97559.12,97652.0,-0.5705063388492863,-2.4291283590677404,0.00029314473986552514,0.1201101785860448,-0.38033868440406887,0.42210104860699843,0.40257953190551604,0.08914206314625274
2025-02-05 07:00:00,98040.71,97257.05,97734.96,-0.5228473949553009,-0.8447112158363119,-0.0029885110415164284,0.6098435545949812,-0.42216175850272686,0.489810915387275,0.3857094351423463,0.0869153695374903
2025-02-05 11:00:00,99149.0,97708.0,98292.27,-0.26210962578902397,-0.860533953313526,0.007309837867142344,0.4054614850769948,-0.21550499911478582,0.45881440021030817,0.426850034661289,0.08422064704013411
2025-02-05 15:00:00,98550.0,96517.22,96723.66,-0.04421954927540985,-1.8249257060697361,-0.007268028876448396,0.1015555052681485,0.634926516794036,0.42387533526292526,0.3856457298353558,0.08558412913112565
2025-02-05 19:00:00,97706.37,96241.12,96445.63,0.055002078459993095,-1.8023147486300464,-0.0070448373300356915,0.1395734516284686,-0.03946372412185401,0.3431898593901949,0.34599703229502443,0.08614418345358697
2025-02-05 23:00:00,97458.02,96155.0,97364.08,-0.5518952539173428,-1.6071101116520414,-0.0016252367076705632,0.927905941574741,-0.2905750955205819,0.482228168145323,0.3369145571753546,0.08514590524581564
2025-02-06 03:00:00,98436.61,97073.36,98386.89,-0.7608934903386853,-1.5895303125541362,0.009371216097123991,0.9635283330206226,-0.8026013129635775,0.5180198275451523,0.38919956065197375,0.08438335478945705
2025-02-06 07:00:00,99040.0,97910.01,99013.3,-0.64112257879304,-2.2907185425650467,0.007537147773614139,0.9763714723052765,-0.6965430370287906,0.49367039062371787,0.43164579178857193,0.07347457939206789
2025-02-06 11:00:00,99120.0,97795.76,97835.98,-0.2530308958699923,-2.253966484046736,4.306297434197859e-06,0.030372137980802034,0.14432163947589244,0.4865678689200129,0.4316702259362873,0.062253291439642616
2025-02-06 15:00:00,98064.34,95888.0,96316.84,0.23790683058739026,-0.41406957360359314,-0.015560898676835078,0.1970464173787307,0.9003388824918879,0.4706339452734531,0.3433765258394792,0.06110827281256607
2025-02-06 19:00:00,97093.5,95676.64,96959.99,-0.11708047708309033,-0.4090517201257033,-0.005290977357825466,0.9057705066068261,0.1621660653783788,0.44952725573499946,0.3138222855174373,0.05980435053378556
2025-02-06 23:00:00,97805.6,96202.98,97575.85,-0.4911691413316167,0.21679278652555434,0.006082212314914237,0.8566410003565631,-0.24705405710974138,0.4971972549211121,0.3476164357938834,0.05829428041705126
2025-02-07 03:00:00,97883.12,96566.0,96746.87,-0.715609064349454,0.21980346104247148,0.0017415373148379487,0.13732233964910015,-0.5562577692079549,0.40867507985005863,0.35735166564303517,0.05029218218538303
2025-02-07 07:00:00,97486.05,96613.24,97261.51,-0.6516519072705409,-0.0747611586547651,-0.001207517058834373,0.7427389695266597,-0.5672203560449351,0.4982679252789923,0.35058986468725384,0.04256614616373358
2025-02-07 11:00:00,100137.99,97165.51,99710.92,0.4217676799290051,-0.0708279157679333,0.01768586171946529,0.8563253579473811,0.33566792376527543,0.5399923462408551,0.44950678757501566,0.04266292125027382
2025-02-07 15:00:00,99710.91,97145.81,97751.99,1.1050029278783047,-0.6135845118014126,-0.00575765703022435,0.23631827219119841,1.6103973229886002,0.4551408924330411,0.41673471520007305,0.04268270172871208
2025-02-07 19:00:00,97831.99,95620.34,96062.76,0.004660967799343539,-0.6075496849009504,-0.019033505838054743,0.200040693598895,0.08128991589399168,0.44729142226906937,0.3090214581087827,0.04107085570369635
2025-02-07 23:00:00,96851.48,95866.8,96751.01,-0.6502210903976084,-3.305163538890926,0.0015315826769293217,0.8979668521662048,-0.6715371782720136,0.39359316163533775,0.3175239257614827,0.037707169109033496
2025-02-08 03:00:00,96880.0,95853.9,95994.55,-0.8079482466596883,-3.214446219712392,-0.0016112173198435942,0.13707241009515372,-0.9009457951148926,0.4179748970670186,0.30856567297100335,0.040486524908351675
2025-02-08 07:00:00,96318.8,95785.09,96050.64,-0.8912100335229466,-1.6858128977010667,-0.002645432869815001,0.49755485187653253,-0.9678460568351067,0.5405907108468497,0.29388095432177935,0.04200238819586539
2025-02-08 11:00:00,96517.52,95864.93,96091.34,-0.6945564507235858,-1.6667088500309573,0.0003985823436583047,0.3469406518587938,-0.8590352382753677,0.45833514901731987,0.2960876199072631,0.04338804108850105
2025-02-08 15:00:00,96526.59,95688.0,96512.0,-0.7696622508833619,-1.8746046736622808,-0.00022007317113903468,0.9826017481608145,-0.8112802757528031,0.4889373786970694,0.29486874640853883,0.043452840533553014
2025-02-08 19:00:00,96750.0,96358.5,96473.9,-0.9498454558908924,-1.8510822321754081,0.004308102112764223,0.2947637292389439,-1.0557994469389858,0.3989759712167276,0.31872388448248334,0.04256688356667485
2025-02-08 23:00:00,97042.59,96360.14,96727.31,-0.779223618346466,-0.8428850878995455,0.0018105915647637083,0.5380174371670007,-0.962041617982517,0.38869768632677887,0.32879281641675695,0.042452454879969154
2025-02-09 03:00:00,97323.09,96690.31,97005.89,-0.771434462692498,-0.8353328392424485,0.0038218873004753906,0.4987199342504743,-0.9610949986653571,0.5529827335846388,0.35008530424714035,0.041866170702985366
2025-02-09 07:00:00,97294.46,96656.79,96762.01,-0.7968975977760404,0.7806826811039115,-0.0009886644252694587,0.16500697852862606,-0.9976418671851052,0.4286872126313555,0.3445562086432528,0.04203819044742318
2025-02-09 11:00:00,97020.0,95700.0,96127.73,-0.3849249626233552,0.7815177861909777,-0.006838478547058879,0.3240378787854209,-0.706911373200995,0.43149754909088944,0.30634989848421584,0.04126019227472523
2025-02-09 15:00:00,96653.06,95900.0,96212.0,-0.7031647735392169,-1.116744146633259,0.0002828655309026207,0.41430961675810407,-0.7657028857355108,0.5105072874338797,0.307919449810302,0.036669513912417816
2025-02-09 19:00:00,96760.0,94713.0,95831.64,-0.13286371714238518,-1.1067018285863734,-0.008305772101258047,0.5464777723471103,-0.09277657886560026,0.46700259367805036,0.2618197249548703,0.036628052249614976
2025-02-09 23:00:00,97131.47,95256.0,95798.82,-0.26026558356105595,-1.3890252159384433,0.006085929820351943,0.28943144918186503,0.004564877690650286,0.4891785684333298,0.2953180466001136,0.037506742543773085
2025-02-10 03:00:00,97640.02,95762.0,97142.43,-0.06300103465503967,-1.3793275093491337,0.008680186358454689,0.7350454201726497,-0.2600410698440694,0.49652627775764796,0.3433865093029037,0.03713128124515374
2025-02-10 07:00:00,97954.69,97108.88,97728.29,-0.2379155342778004,0.6794075444755204,0.007154203111163326,0.732327591294342,-0.6636981445333368,0.5027401129879862,0.3833483918931992,0.037241741499012014
2025-02-10 11:00:00,98345.0,97070.0,97270.64,-0.15810309973059122,0.6769749884704291,0.0002043021582363025,0.15736470588111826,-0.2158603720801123,0.4754876109044277,0.3844977453271067,0.0377376211084553
2025-02-10 15:00:00,97566.03,96866.39,97549.99,-0.30220260003209787,0.2008437058323954,-0.004452157353475594,0.9770739237182489,-0.0702986751033218,0.42160365245509923,0.35944589163279356,0.03805802525953557
2025-02-10 19:00:00,97643.29,97128.79,97390.26,-0.6952649538840047,0.2043807913749322,0.0015497315535129008,0.508202137988181,-0.8716580071719352,0.37938583624658856,0.3681272557636722,0.026433592286023048
2025-02-10 23:00:00,98149.92,97240.0,97764.0,-0.6610526504316079,-0.7105052825534045,0.0042670878808031,0.5758748021740837,-0.47583913579412856,0.5117926308130596,0.39206788733043174,0.02637654268500917
2025-02-11 03:00:00,98478.42,97480.16,98424.33,-0.5750909888500358,-0.7185150923560256,0.003067491717570814,0.9458157193422004,-0.7049942768374009,0.4976120754530215,0.4093515843569576,0.030013293297142633
2025-02-11 07:00:00,98464.03,97885.62,97961.25,-0.6238077274199851,0.09788366071697276,0.0010629649374651606,0.1307550007757415,-0.8887215733443523,0.3495934165709698,0.4153592027868942,0.03201852616918767
2025-02-11 11:00:00,98232.91,96595.33,96962.03,-0.232600716097011,0.10175891960694272,-0.008935257280956233,0.2239279913028722,-0.08843331138563183,0.4579002078958512,0.3648056295002305,0.03129501799820641
2025-02-11 15:00:00,97262.56,95409.92,95469.28,0.0899312421159157,-2.5571004141624494,-0.00977204218016492,0.0320407634509026,0.19069663996190112,0.4274585766252398,0.3100117367310007,0.03361558736236215
2025-02-11 19:00:00,96512.7,94876.88,95580.23,-0.06500571803768278,-2.5101129803094797,-0.009138028351310723,0.429967844870276,0.04297566386406614,0.5086472997813977,0.25927360079750045,0.03496733545115732
2025-02-11 23:00:00,96263.99,95384.61,95579.14,-0.5947769192788227,-1.4585836099891807,0.0036998729152832865,0.22121267256224347,-0.592266164631035,0.4367102082062773,0.2796291101636766,0.03680284050178894
2025-02-12 03:00:00,95952.09,95100.0,95817.87,-0.6205806015086699,-1.4438586423026574,-0.0027427216670435905,0.8424814280082779,-0.6531183401216929,0.476050613741336,0.2644837092518974,0.03772289373619818
2025-02-12 07:00:00,96469.78,95793.11,95978.01,-0.45914447327832447,-0.4498146397125187,0.005875268413408907,0.2732498854644984,-0.8020951844191511,0.4644617782074475,0.29683815492491994,0.038351793138292706
2025-02-12 11:00:00,96631.66,94088.23,95628.91,1.545822923309073,-0.4442654946408826,-0.010245323916170834,0.605748929592694,1.3537254638165257,0.455654554211566,0.24008682085893268,0.039679052036853
2025-02-12 15:00:00,97700.0,94708.17,96921.43,1.0780150057331228,-0.42198028148127403,0.013423403592921934,0.7397679680973169,1.111953687781374,0.49301008502722166,0.3136805130022538,0.03921875775078783
2025-02-12 19:00:00,98119.99,96353.47,97806.57,-0.1340222769553075,-0.4164917881087372,0.010639084524232567,0.8225777234289885,-0.053086200761543974,0.5170192300400779,0.37279216984991354,0.039870919236518566
2025-02-12 23:00:00,98083.91,97367.45,97473.66,-0.48511783676786296,0.9761315810121554,0.0033144145567456373,0.14824274906976387,-0.5862418889423155,0.42543942101685694,0.39140325904842665,0.04020347754467835
2025-02-13 03:00:00,97631.03,95800.0,96056.72,-0.4039838111302593,0.9761315810121558,-0.010672938400266618,0.1402052396730798,-0.5112301238117314,0.4248643716026021,0.3312739771105641,0.040358422709186784
2025-02-13 07:00:00,96336.0,95649.85,96155.86,-0.35550681343462964,-0.6429507653110621,-0.007064930004972769,0.7374626539278939,-0.48105486702112155,0.423233070334308,0.2918963296160048,0.03962793446319742
2025-02-13 11:00:00,96301.59,95336.0,95857.03,0.08390672608601975,-0.6364958816581829,-0.0017552892585801505,0.5395975517503337,0.2875858944115637,0.43512338156419716,0.2821820310188769,0.040634215464831154
2025-02-13 15:00:00,96480.06,95217.36,95964.01,-0.013319001746402024,-1.5373247542388488,-0.0013031115224838574,0.5913122673588999,0.2348805670351254,0.4642218275332026,0.27498287880393935,0.0401031495022558
2025-02-13 19:00:00,96774.71,95561.46,96411.4,-0.5262357516285237,-1.5210357267456391,0.004718193027450468,0.7005481145625241,-0.497086144842696,0.4908925896899897,0.30101497691910317,0.039560654410824334
2025-02-13 23:00:00,96965.51,96312.51,96528.47,-0.756210221542474,-0.610716516458549,0.004249522046399834,0.33071975497197426,-0.8821189121880659,0.4626270878456067,0.3245718597076222,0.038501659848358294
2025-02-14 03:00:00,97248.6,96527.71,96834.29,-0.7440623287298568,-0.6054860994941216,0.002271892885318705,0.4252798623864038,-1.014904723759029,0.4390176041374651,0.33721943342943084,0.03767147546637761
2025-02-14 07:00:00,97196.0,96799.99,97017.4,-0.7557599997986666,-0.21330373787009801,0.0017822198844850146,0.5490012878323826,-1.0175431672334765,0.5028544321432696,0.3471635499455765,0.036057567667612096
2025-02-14 11:00:00,97568.28,96450.34,97290.95,-0.4939653281624184,-0.2082581855951698,-0.0005656973168001178,0.7519276526401056,-0.5699720263741287,0.47946740749503597,0.3440015463630246,0.03190080689219299
2025-02-14 15:00:00,98826.0,96252.82,98192.84,0.6136470228462834,0.2324552987285451,0.00663742552977542,0.753938706189406,0.9440316417029289,0.5319633769573904,0.3810808997077996,0.03261967106435818
2025-02-14 19:00:00,98450.0,96697.56,97134.59,-0.23753792190739514,0.23658570770032541,-0.00017086120831011353,0.24938371641682708,0.15763526865486013,0.4907616444830866,0.3801200642172364,0.03323914042317073
2025-02-14 23:00:00,97918.53,96995.41,97839.04,-0.8286486132818703,-1.6942673928866725,-0.000564350834037386,0.9138898517970095,-0.7845620238762663,0.5488336929448646,0.3769469878552433,0.033687452230716446
2025-02-15 03:00:00,97972.26,97439.04,97488.61,-0.9202211958468759,-1.6755132501048036,0.001179077053165889,0.09296350474302773,-1.0773121208099055,0.40872581382364476,0.38357263611198783,0.03321969300272645
2025-02-15 07:00:00,97731.09,97301.77,97653.95,-0.9654639609169077,-0.7770173769892844,-0.0015235710670540303,0.8203205068289295,-1.0651693999784828,0.43681264645668605,0.3750010602995698,0.03241375715864375
2025-02-15 11:00:00,97962.51,97426.57,97593.61,-0.6491378935787573,-0.7697343067575434,0.0018480798573055068,0.311676680219578,-0.7836431503794965,0.5386539786892904,0.38538247415230453,0.03174276968991579
2025-02-15 15:00:00,97722.22,97304.38,97540.79,-0.8806870746509247,-0.6424872266851667,-0.0014941154489580555,0.5657907332814786,-0.8885892448960285,0.4599212027275074,0.3769739108634445,0.03100610561370368
2025-02-15 19:00:00,97741.35,97414.05,97545.76,-0.9631413965016751,-0.6359477360238551,0.0005593683072031563,0.4024136877359198,-1.0071439875685357,0.4771254796058644,0.38011721298802087,0.028554431842530367
2025-02-15 23:00:00,97704.47,97426.56,97524.87,-0.9145281057308506,-0.7407791365186435,-0.0001591916961117823,0.3537476161219782,-1.0202788928908464,0.45475488277347315,0.3792221542385021,0.02882628832463613
2025-02-16 03:00:00,97682.04,97411.11,97487.26,-0.9195768441929302,-0.7504291646850829,-0.000519680616567042,0.28106891077837615,-1.1485665789828214,0.4632994273455073,0.3763007038927743,0.02828326325090963
2025-02-16 07:00:00,97487.27,97061.58,97180.98,-0.8683687846221457,-1.6349440984712742,-0.002648645195289845,0.2804857995188721,-1.0216193410389243,0.36981321592432903,0.3614187476568209,0.02813679588201341
2025-02-16 11:00:00,97336.03,96645.35,96969.58,-0.5887606683362155,-1.6217900496208284,-0.002237439956671916,0.469435918218719,-0.8377350582921549,0.40030682293558445,0.3488805298709535,0.026479923878084788
2025-02-16 15:00:00,97169.15,96609.05,96872.59,-0.8092298456180372,-0.6309334336191021,-0.0008761524332000503,0.4705231208628682,-0.8619579793827864,0.49901496253638755,0.3439817119885688,0.02497153855928774
2025-02-16 19:00:00,97282.38,96570.47,96865.79,-0.7854966018283023,-0.6421351923834255,0.00014992847409156518,0.41482771698085813,-0.8381611575337521,0.5448486942648233,0.3448192703316916,0.02183945102719529
2025-02-16 23:00:00,96884.89,96023.17,96228.98,-0.38469120696425824,0.04687863095544521,-0.006855604900107837,0.2388362809237444,-0.4648507902736172,0.5173260246149005,0.30651547246606653,0.02073517412013183
2025-02-17 03:00:00,96445.45,95800.0,96376.77,-0.4583723572322514,0.04922579976076742,-0.001499023851806558,0.8935936168426225,-0.8009495667204898,0.46378136562411026,0.29819750924880706,0.020826623495853576
2025-02-17 07:00:00,96463.2,95900.94,96106.17,-0.4978514300380695,0.092852289954764,-9.020002817239359e-05,0.36500907053026665,-0.6713892019590665,0.44227782597110926,0.29769774680190497,0.022449829858983437
2025-02-17 11:00:00,97046.59,95990.0,96799.99,-0.10853351844524074,0.09195091994716946,0.003429102961180819,0.7666076718427601,-0.5057570415350878,0.5838964951276515,0.31669532742537804,0.02233992715140415
2025-02-17 15:00:00,96898.9,95249.74,95340.83,0.21570439710956865,-1.1396124709435629,-0.00768823173512545,0.05523417982454388,0.1360757397946824,0.42741090817842076,0.27395568060191744,0.028532065214972386
2025-02-17 19:00:00,96413.43,95205.0,95875.48,-0.5968744112745938,-1.1345566531710753,0.001288506735956929,0.5548356131463564,-0.6047011386073088,0.48363080870808867,0.2810635477036831,0.030501053657611667
2025-02-17 23:00:00,96322.97,95538.01,96064.47,-0.6633625394925802,0.9554056950472923,0.0007316912184898161,0.6706838564937007,-0.7917374692622512,0.5069701013592174,0.2851050206852394,0.029462297884928317
2025-02-18 03:00:00,96300.73,95254.12,95382.75,-0.3665809707563255,0.946903403546203,-0.0026511667799888894,0.12290155836345494,-0.5169914367937792,0.42436939563222553,0.2704506713743052,0.032896939453822674
2025-02-18 07:00:00,95872.17,95050.0,95742.5,-0.3021449246503631,1.0817101236093238,-0.0022904142274043915,0.8422832260865498,-0.4563292487751903,0.4675552854523989,0.25782394972085837,0.03273646189534639
2025-02-18 11:00:00,96753.91,95375.12,95536.83,-0.07653130510463153,1.0729210032380168,0.006352575815889994,0.11728399538641317,-0.13602193813395594,0.5006821227085797,0.292764567218297,0.0337302073309144
2025-02-18 15:00:00,95730.77,93600.0,93924.03,0.7763759729118821,1.0633659218251714,-0.014534895255877478,0.15207178625495832,1.0439974684115008,0.4288446877588293,0.2123114662824142,0.04138623817808618
2025-02-18 19:00:00,95534.25,93388.09,95304.43,0.3309045423956804,1.053907042192215,-0.001849357777060634,0.8929157192339174,0.1815996536125809,0.5454864727359063,0.20222374510223184,0.04048256368129844
2025-02-18 23:00:00,95961.54,95055.0,95831.76,-0.33130920887991955,0.21916286500585383,0.010793769527680963,0.8568402938551325,-0.5666399996406277,0.5894441935663196,0.26099180629639784,0.038689882241306386
2025-02-19 03:00:00,95837.82,95029.99,95616.31,-0.1839697248734896,0.21869831134965684,-0.0022068255929102998,0.7257962690080006,-0.7864468554830909,0.3025548311022552,0.2488467707347645,0.03698883454926935
2025-02-19 07:00:00,96468.99,95588.0,96330.32,-0.45228349355344,0.4306179185347455,0.0071989403713386135,0.8425975323120315,-0.8330156881626,0.43746140154864577,0.28837796036488417,0.03425280414207085
2025-02-19 11:00:00,96700.0,95692.0,95766.33,-0.3296710885441334,0.42738610215053574,0.0030629265368962155,0.07374007936434955,-0.5608595343672932,0.3986238986566441,0.3053183403785729,0.031693370295215816
2025-02-19 15:00:00,96480.0,95536.36,95670.54,-0.2580527110463569,0.7530241810057595,-0.0019066680896072663,0.14219405705414265,-0.09370430557939581,0.4899514083146471,0.2947406744891794,0.029652618928458992
2025-02-19 19:00:00,96621.86,95407.41,96539.85,-0.42523646906818935,0.7496959867510643,0.0008236478943661751,0.9324714891437939,-0.5505002933228588,0.517227885757114,0.2529690020754717,0.028260573491425526
2025-02-19 23:00:00,97275.54,96415.09,97134.52,-0.43970762632083765,-1.0723535012676586,0.006454044747661758,0.8361090127161938,-0.7869158748290345,0.5301384778674858,0.23058253990685712,0.02897911521598554
2025-02-20 03:00:00,97362.83,96781.57,96907.99,-0.33140233762445737,-1.0769371429803027,0.0031018539541733947,0.2174930323741948,-0.9212857329808741,0.39469030223021645,0.2241762157931342,0.0291721581371858
2025-02-20 07:00:00,97374.0,96801.61,97373.98,-0.7065756775247568,-0.8321652142705002,-2.169096572268714e-05,0.9999650587711111,-1.0574245325480047,0.5238395773515334,0.22403083859647824,0.03186728253561817
2025-02-20 11:00:00,98062.15,96877.51,96966.91,-0.12102559083278369,-0.8245506624544731,0.004552301249294954,0.07546596434296843,-0.47770847548004974,0.5356951021286436,0.25454061152760776,0.033098402396534964
2025-02-20 15:00:00,98436.0,96799.42,98295.08,0.10320460837467997,0.32022749074586054,0.0012233300797253044,0.9138936073952163,-0.0876621949354452,0.49366215556557264,0.26277676041564796,0.0387195930606449
2025-02-20 19:00:00,98711.36,98000.0,98134.95,-0.42768403898897844,0.3243022970870762,0.007220194478375408,0.18970704003331634,-0.705316117136886,0.4721618490226885,0.3114466533478845,0.042553947982936845
2025-02-20 23:00:00,98510.89,98084.06,98111.12,-0.562964337255327,-1.6866517166635415,-0.0007143296130061039,0.06339760560261365,-0.7922222954092274,0.43619391590252904,0.3065967333538912,0.04515971877674372
2025-02-21 03:00:00,98421.35,98085.15,98409.99,-0.5450173597799758,-1.6677129257114507,-0.0005732473428473606,0.9662105889064179,-1.0003874809419269,0.4229022881706894,0.302707467506408,0.0485727567022256
2025-02-21 07:00:00,98896.81,98111.11,98612.0,-0.22051054086348704,-1.0592387654568944,0.0019324617402627364,0.637507954681973,-0.6964212073729268,0.5241586071803956,0.315810971772733,0.052081459334480565
2025-02-21 11:00:00,99475.0,98345.69,98777.77,0.42348770627113064,-1.0534668506111673,0.00499118173739399,0.38260530766235723,0.15364485279768506,0.5402267381533636,0.349720237157775,0.05428663449941844
2025-02-21 15:00:00,99333.34,96515.49,96543.52,3.1088441651744976,-1.6944679032952514,-0.011467688795187114,0.00994730024660626,1.7461377777613631,0.44455554747024034,0.2714217902755136,0.05472072294149358
2025-02-21 19:00:00,96829.0,94871.95,95823.53,1.7016509994082791,-1.6750173509050659,-0.02333049170928303,0.4862318285149271,0.6374295432005678,0.4771801390495166,0.11395389960095352,0.05459684759112276
2025-02-21 23:00:00,96455.97,95666.88,96343.22,-0.4373615848372618,1.0886057844416077,0.006514890779460325,0.8571138906733432,-0.7826319144313115,0.48634856195832793,0.15689991609048146,0.04678762027138551
2025-02-22 03:00:00,96578.99,96156.53,96395.18,-0.895738732725294,1.0806785600366586,0.002744763686565399,0.5649055531750734,-0.9891713251453208,0.47396791707985875,0.17511121450934822,0.04437139807968246
2025-02-22 07:00:00,96583.7,96151.0,96500.16,-0.6476152654491197,0.10924806719036499,-0.00014049131155546846,0.80693321005763,-0.8914473764649888,0.45972369176367334,0.1741765068073366,0.043176438872578236
2025-02-22 11:00:00,96980.0,96498.27,96535.9,-0.613083953973577,0.10271566864186416,0.003022326557434951,0.07811429638845262,-0.8689741786385334,0.4543381232387369,0.19428162927459935,0.041271715578022165
2025-02-22 15:00:00,96823.53,96415.09,96449.99,-0.49711610667018996,-1.032218511118912,-0.00031320205827800596,0.08544706688657835,-0.8602991605038469,0.4989303934800898,0.19219184939627207,0.04113200763919066
2025-02-22 19:00:00,96700.0,96345.49,96634.06,-0.933388501332832,-1.023738119071951,-0.0009798373985950848,0.8139967842708434,-1.0751411967726103,0.43365978701251445,0.18565612238219945,0.03932839174644372
2025-02-22 23:00:00,96658.4,96355.17,96410.27,-0.9331995698706309,-0.5304181998092847,-0.0003474899565222289,0.1817102529373395,-1.0414262964582095,0.41202203773849255,0.18334056044203184,0.037527778077346925
2025-02-23 03:00:00,96566.04,96143.99,96342.91,-0.9342206852242291,-0.5296758277420233,-0.0015473327456748676,0.4713185641400084,-1.0276076411648287,0.3909247415315259,0.17303321281918813,0.03788498215730677
2025-02-23 07:00:00,96558.01,96083.33,96193.88,-0.9118646522362639,-0.7937767890402107,-0.0003938448079244816,0.23289373893502063,-1.0233579687399985,0.5132914753099349,0.17041372844132457,0.038940049054518734
2025-02-23 11:00:00,96245.99,95544.0,95593.89,-0.40667084519721647,-0.7911536708672096,-0.004473543170396388,0.07106938845181321,-0.7223014587990251,0.3846268992912645,0.1406716549363831,0.04159597793784013
2025-02-23 15:00:00,95876.0,95227.94,95740.0,-0.014014846537192536,-1.23469629647484,-0.0033930798029843112,0.7901428879920039,-0.7382739272420178,0.3747195709443424,0.11821389215158135,0.043039742869433927
2025-02-23 19:00:00,95940.83,95522.78,95787.13,-0.9512832962494905,-1.2232803044712142,0.0015820438222418076,0.6323406290962339,-1.1039679857447258,0.4937642272524482,0.12864942966890355,0.044342813434458894
2025-02-23 23:00:00,96500.0,95752.68,95829.35,-0.23050762390652887,-2.400691537129251,0.004211357980172581,0.10259326660464882,-0.40602766555462505,0.5191558729993513,0.15647249683216952,0.04307038164111386
2025-02-24 03:00:00,95896.0,95078.01,95864.31,0.07736073294344901,-2.365063231160811,-0.006473904263176067,0.961258695082318,-0.45791867345619286,0.5066617927335662,0.11352140122713912,0.041589860537145994
2025-02-24 07:00:00,96177.18,95355.0,95631.66,0.16035221560558102,0.2609324490475735,0.0022702006722146173,0.336495657881049,-0.5293478759451556,0.49754382806145014,0.12848553218579573,0.040080221855446206
2025-02-24 11:00:00,96095.32,94578.0,94674.44,0.7738270985082363,0.2607124864304389,-0.002590320307902849,0.06355943373801591,-0.0963082602047828,0.4482433616652863,0.11137255620010347,0.03947892093574423
2025-02-24 15:00:00,95194.59,93817.06,94161.67,2.3016201693546217,-1.0179746296271612,-0.009882120983650489,0.2501651506664096,1.0293206024478407,0.46338502247831886,0.046255341535332326,0.037908085624092626
2025-02-24 19:00:00,94571.43,92368.0,92432.06,1.9211648501801053,-1.008958916543116,-0.009149620823420301,0.02907285459474871,1.083302608805903,0.45642459323805035,0.0,0.043894570136942895
2025-02-24 23:00:00,92871.89,90912.01,92376.68,3.5454300315157417,1.111945700012806,-0.019231966553517332,0.7473263669166079,1.8173832747221526,0.4518667594227189,0.0,0.05422781336987667
2025-02-25 03:00:00,92540.69,91206.92,91275.99,1.0060213396694178,1.1119457000128061,0.0006349413665664994,0.05178554023518967,0.2585333297206874,0.3903961088231059,0.0035382425260144096,0.06913342826484851
2025-02-25 07:00:00,91441.82,86888.1,88213.77,5.0,-0.15134648802720282,-0.03121813165848042,0.2911180309718399,3.4823672625113335,0.4213932922710241,0.0,0.10089042181364888
2025-02-25 11:00:00,89544.4,87077.0,87157.25,3.315104700632915,-0.14607458541731466,-0.004966977071134693,0.03252411445232834,1.8969748133121396,0.451296948586393,0.0,0.12829258015934666
2025-02-25 15:00:00,87805.4,86050.99,87070.07,3.8789260240480767,-1.1709865214476196,-0.018337173543752305,0.5808676421099969,2.3350403610200905,0.46310289896476053,0.0,0.14719117985086017
2025-02-25 19:00:00,89460.17,86508.76,88807.64,1.6630110655976154,-1.160544675461336,0.013558623107974288,0.778909063800764,0.8315032910989223,0.5532967084928455,0.05520623671162516,0.15076442464383485
2025-02-25 23:00:00,89198.23,88148.48,89018.87,0.06561991912544414,-0.5812635297415757,0.005666120135438879,0.8291402714853138,-0.2676010569907592,0.504016561423291,0.0785896123174901,0.15410033624499644
2025-02-26 03:00:00,89414.15,88392.45,88920.18,0.0037277982394145707,-0.5748076256350376,0.0025669641589076697,0.5165214837964492,-0.261668193426924,0.4594791913342969,0.08924317956868541,0.15581244970681696
2025-02-26 07:00:00,89314.45,88138.0,89262.66,0.20088668569679508,0.09946017980519228,-0.0006596725786690572,0.9559777296021477,-0.3117125516019483,0.545947745820825,0.08649833935080775,0.15453149642196473
2025-02-26 11:00:00,89270.0,85418.72,87621.22,2.080695358988077,0.1046048564224924,-0.019363623370067473,0.5718877879547272,1.5035059800126902,0.46920424787774107,0.0059811369150602365,0.1593447566378916
2025-02-26 15:00:00,88530.0,83418.0,84258.94,3.4075321330855437,1.1874885026600561,-0.011156109868904474,0.1645031298901325,3.2282021813564836,0.464577543614507,0.0,0.17850904124712103
2025-02-26 19:00:00,85400.0,82256.01,84433.51,3.8572059204247875,1.187488502660056,-0.023635454423541313,0.6925912614203832,2.7583354980571793,0.5252728715031784,0.0,0.18675427235865985
2025-02-26 23:00:00,85466.55,83918.38,84295.2,0.7810638754807393,1.0008681815128073,0.0053414631167207904,0.24339704295882164,0.7505430547822426,0.49368965358218103,0.020021032233029205,0.1915257464394802
2025-02-27 03:00:00,86737.0,84272.91,86265.84,0.3555575786041743,1.002639223277912,0.01019741677931374,0.8087894516807048,0.20556063395474675,0.5444271757623528,0.05844745841377933,0.18183695132107183
2025-02-27 07:00:00,87073.42,85846.87,87013.46,0.13665746304071444,-1.67366297385988,0.010631725159998107,0.9511149158130506,0.11061192577640407,0.5292314768906425,0.09891900679510361,0.1704145848968815
2025-02-27 11:00:00,87078.46,84951.51,84968.65,1.1271115603928656,-1.6559266555783037,-0.0026837522273289727,0.008058487505544908,0.6906295192819614,0.40055146436017575,0.08859421211188737,0.1651536988820914
2025-02-27 15:00:00,86145.52,84355.04,84640.0,1.5048950049130156,1.0581832694437163,-0.011396077349401623,0.15915285286538428,1.1621873015932713,0.44244285474173034,0.04486946675318966,0.15351308182759862
2025-02-27 19:00:00,84758.63,82716.49,84716.34,0.9351417159538741,1.0596934756918193,-0.016393674083300502,0.9792913316374975,0.626802492574045,0.5141488115940762,0.0,0.14065061817618263
2025-02-27 23:00:00,84927.84,79532.0,80805.5,3.935061084244098,1.0641547875101682,-0.025380256696801662,0.23601515241327406,2.3588377765470327,0.451707031498318,0.0,0.14778469892935434
2025-02-28 03:00:00,81539.25,79034.97,79344.56,2.9833987190158355,1.0656458491810885,-0.017752075616549012,0.12362435510356687,3.2012766249966886,0.4736318828409803,0.0,0.16130977583722667
2025-02-28 07:00:00,80729.91,78258.52,80011.02,2.2559149814845383,1.0878011751296999,-0.009251794579235195,0.7091151133543914,1.9642155378769428,0.49804502879662294,0.0,0.16017267052409365
2025-02-28 11:00:00,82549.47,79981.13,82105.05,1.7239899903341125,1.0891115441501331,0.023412003227686995,0.8269621623273132,1.956251662407223,0.5012413721111225,0.0692911944990137,0.14845293909612794
2025-02-28 15:00:00,85120.0,81998.26,84440.97,1.8400467435086048,-1.5771142964648408,0.03220567724634593,0.7824834867708962,1.8864393039379417,0.5005638323677026,0.16684010324795334,0.1413038454136239
2025-02-28 19:00:00,84810.35,83600.0,84149.98,0.13362443784644076,-1.5612927714801519,0.004373880414127562,0.4543974883260622,0.6013523761073118,0.4858847596765238,0.1805149707609035,0.14059963015466895
2025-02-28 23:00:00,85678.11,83824.78,85240.46,-0.01915250139530752,-1.4504453707661122,0.004802264509243148,0.7638574889482002,-0.11216131417465507,0.549400708765687,0.19559484466125743,0.13712017988228656
2025-03-01 03:00:00,86558.0,84828.86,85075.62,0.05899268142597686,-1.4367485705983023,0.011141179660486555,0.14270677909166857,-0.1407882663417993,0.5244866691844546,0.23074792731968993,0.13084951631833908
2025-03-01 07:00:00,85508.79,84740.15,84900.01,0.3523455570323793,-3.0025955375423083,-0.006322485382471932,0.20797772689154992,-0.37742036984990335,0.3336692251210411,0.21057672109795872,0.12265169656613494
2025-03-01 11:00:00,84967.92,84334.39,84713.99,-0.08579563236936896,-2.932137800726113,-0.00526828547088265,0.5991823591527073,-0.255962024835,0.4077117409610474,0.19387509341941978,0.11331539385458843
2025-03-01 15:00:00,85373.4,84560.89,85327.57,-0.41201857901101796,-1.5540066802235797,0.004968321545622878,0.9435945403632897,-0.268216579072649,0.48755706553848643,0.20954279019476812,0.09971682590484443
2025-03-01 19:00:00,86262.74,85207.54,86116.35,-0.5554061340869766,-1.5387076291822201,0.007934649334355948,0.8612680060570409,-0.5110566370232245,0.5022250787944007,0.23468917592064253,0.09403606489717979
2025-03-01 23:00:00,86498.0,85611.79,85774.01,-0.5377417627627986,-1.5824953160148536,0.004347361972663277,0.18304916441720304,-0.277864280177251,0.528617277507519,0.24857609842676245,0.09593727754021394
2025-03-02 03:00:00,86589.97,85531.87,86277.65,-0.6050003538192954,-1.5656094370839284,-0.0014052722743607138,0.7048294112021043,-0.5095255209834073,0.4674321632741186,0.2440676756953131,0.09773787739182904
2025-03-02 07:00:00,86350.0,85633.13,86006.0,-0.5539874115626027,-1.984173195675102,0.0002971865959668918,0.5201361474113806,-0.5590286141158456,0.49710028413943513,0.24501977585782572,0.09962055593067978
2025-03-02 11:00:00,86220.22,85050.6,85107.45,-0.46420006418147697,-1.969520962906379,-0.004475615076522721,0.04860553000077414,-0.26513543370299036,0.48868759292047786,0.2306769344203962,0.09888943637780623
2025-03-02 15:00:00,95000.0,85075.47,92794.19,5.0,-1.9641459304342463,0.06116363921404666,0.7777416159749856,5.0,0.5430512167755397,0.4258085720328808,0.11982176027425318
2025-03-02 19:00:00,94760.0,92608.69,94247.4,0.4146952114403613,-1.9377459179426284,0.032405180066319206,0.7617265758967218,0.6098751010275099,0.5262878696788545,0.5355147717071426,0.14924890430076895
2025-03-02 23:00:00,94883.51,92433.5,93318.24,0.5492834007270732,-2.552497071558099,-0.0011030668094497154,0.3611168933989641,0.8780973170796357,0.5042760607166501,0.5429227363585163,0.16995550707918486
2025-03-03 03:00:00,93437.68,91341.64,91645.99,0.06917874229983692,-2.507419807882806,-0.01086299519045053,0.14520238163324878,0.015096869969593162,0.4669163725149866,0.5041932511646277,0.18275865589659307
2025-03-03 07:00:00,92581.86,91142.0,92546.77,0.2992802776103149,-0.9597131315122686,-0.008701657536376639,0.9756295750908056,1.154572221300736,0.4917502304793862,0.47350652387825287,0.18421989409866038
2025-03-03 11:00:00,93721.37,89136.45,89278.88,0.8814425963097758,-0.952538695051172,0.0008537406877007214,0.03106488226614575,1.5193347135364113,0.47757856128321086,0.47649107447756034,0.1773188200678146
2025-03-03 15:00:00,91307.0,86781.98,87132.8,2.087566116919538,0.14111845166088804,-0.028171604766621283,0.07752893909844186,2.69278057524819,0.4724137535579263,0.37792325024200385,0.1654856643900151
2025-03-03 19:00:00,87724.13,85117.11,86650.96,1.4767715985674053,0.14489819446900057,-0.035183621070754456,0.5883537525581392,2.207108706593851,0.4586596309155896,0.258289504080782,0.15679706895598372
2025-03-03 23:00:00,86808.0,82464.84,83936.41,1.263949802017025,-1.4989393091126324,-0.02167250983134772,0.3388247266959121,2.211189294393784,0.45243913752599463,0.18718992269040632,0.1631061437871621
2025-03-04 03:00:00,84581.6,83315.9,83883.58,-0.02602221219373086,-1.4833920118195278,-0.004254152028845382,0.4485107055348955,0.76911601002474,0.4714231272893731,0.17353607360988782,0.1638889322958298
2025-03-04 07:00:00,84181.53,83040.29,83971.93,-0.1413656642831524,-1.1682813773475762,-0.003830076249642378,0.816340121264442,0.25955839731936736,0.5225505813688943,0.1612956057935514,0.16634268641692007
2025-03-04 11:00:00,84977.65,82062.06,83201.41,0.8885516788084025,-1.157664586008355,0.00021851011079543348,0.39077853881927826,1.745990587758386,0.48221536813633653,0.16199126343335485,0.17224018833434354
2025-03-04 15:00:00,86927.68,81500.0,86764.24,1.2248724769645156,-0.769279178961142,0.0014030877314470391,0.9698876868183668,2.5119114260777238,0.5392434378123284,0.16645916643803482,0.16319094890958574
2025-03-04 19:00:00,88967.52,86537.71,87486.0,0.7968796115253318,-0.7619559016854327,0.04805765614317803,0.3902733135496569,1.0985962193540548,0.5083462424680633,0.3197056158038713,0.1591766763663733
2025-03-04 23:00:00,87888.88,86334.53,87466.55,-0.2493256996870646,-0.07511242679969572,-0.007130866301884198,0.7282915688182952,0.14491212158520717,0.45467555316350955,0.29587390039663575,0.1573829126489305
2025-03-05 03:00:00,87888.0,86722.81,87490.12,-0.2964344948623975,-0.07055563688688801,0.00044155861548844655,0.6585277937447206,-0.1531273195643628,0.4336813666255558,0.29733908849632956,0.15646256719110974
2025-03-05 07:00:00,90660.0,87360.1,89926.07,0.06521638992106697,-0.40422827628980035,0.019880132663314898,0.7775902300046152,0.4431599801668904,0.6014454372836314,0.3633348466015656,0.15221632616368672
2025-03-05 11:00:00,90933.82,88157.25,88519.93,0.7579468895325295,-0.39832917647642757,0.008558298757546545,0.13062159426871497,1.9662521542510532,0.47060781332934143,0.39231050537623113,0.15367462948914168
2025-03-05 15:00:00,90475.3,87600.0,89712.0,0.7745260916282488,0.1661063222305145,-0.01012600544009623,0.734532048827132,2.1031307623399917,0.514860056035719,0.35773368615838635,0.15085734770469134
2025-03-05 19:00:00,90700.0,89472.26,90449.46,-0.5261758165787035,0.16466370973435562,0.014720450435017796,0.7959339925326602,0.047427589575628454,0.5119037139885104,0.4074899654625008,0.1473718181762759
2025-03-05 23:00:00,92000.0,89986.73,91812.0,-0.15171264508941845,-0.2052229316651201,0.010284347074341893,0.9066195790882168,0.6926996828607415,0.5380135126510184,0.4427635776336561,0.14258895899325
2025-03-06 03:00:00,92810.64,91405.76,91916.0,-0.25631360223380123,-0.20950193338306985,0.01200760037520987,0.3631911622319142,0.407369222756239,0.509672328875941,0.4843712154980756,0.13459621709482683
2025-03-06 07:00:00,91993.83,90613.17,91290.88,-0.36955302755691766,0.5052106126730597,-0.009372265152149062,0.4908594440304609,0.1395491372410396,0.5064773418215621,0.4515053422438797,0.1293304324766078
2025-03-06 11:00:00,91606.53,89117.68,89803.99,0.15428968315720534,0.511112622764445,-0.01231657871969638,0.27575386222442216,1.0084393449570492,0.4767092239537137,0.4087193922663918,0.12773652084414697
2025-03-06 15:00:00,91457.03,88007.19,88428.41,0.3132475512126098,0.6078141811548524,-0.005433427960395476,0.12209841615807708,1.5292550889576497,0.4931238957052131,0.39007695160314715,0.1211363477319601
2025-03-06 19:00:00,90781.2,87836.0,90313.66,-0.08834367811647073,0.6039136426560564,-0.0028822343196840405,0.8412535651200576,0.22476948439677485,0.5237221566886345,0.38024155222723827,0.1202307967321738
2025-03-06 23:00:00,91283.02,84667.03,87235.0,2.1074281230905303,-1.2284446696356504,-0.021571213287272073,0.388145991755749,2.3522037730918193,0.4783001519777118,0.3068436341230546,0.1243988166396848
2025-03-07 03:00:00,88450.0,86778.57,88208.23,-0.34172682432580276,-1.2179258982182402,0.002808944492292076,0.8553514056774387,0.05290502149597248,0.46820542413911664,0.31619513992170994,0.12217081700106229
2025-03-07 07:00:00,89704.0,87985.3,89263.4,-0.5120819947825148,-1.435291014402943,0.011412429584654715,0.7436434514415297,-0.2531708629833793,0.5522663261681304,0.3542959930507007,0.11289933101249532
2025-03-07 11:00:00,91100.0,88292.46,90440.74,0.3848594490163607,-1.4225744048653182,0.01064201804739473,0.765182330436023,0.9450248015775976,0.49808864025265226,0.39023026638142244,0.10286796952363395
2025-03-07 15:00:00,90787.53,86554.77,88589.33,1.3836981014570346,-0.5296964394182707,-0.016786547576554067,0.4806698229985148,2.280248225232246,0.5097222356065224,0.3329449109808705,0.0923680280325703
2025-03-07 19:00:00,88911.51,85573.07,86745.15,0.3866009825750255,-0.5230108461212972,-0.012939328790434468,0.35108613603853317,1.1671041183796884,0.46367147645166584,0.28952971292051216,0.0755053169880192
2025-03-07 23:00:00,86897.25,85218.47,86180.19,-0.49986130807242446,0.31027185593353696,-0.008894313432535883,0.5728683925197305,-0.2276882666265605,0.45801737600998194,0.2600728620578332,0.07823826193364014
2025-03-08 03:00:00,86662.0,85456.0,86465.0,-0.8171807397986578,0.316945410955385,-0.0005647230641887546,0.8366500829118023,-0.6739909764053964,0.5348753931734405,0.2582192050409086,0.08096562285014662
2025-03-08 07:00:00,86535.18,85828.2,86123.19,-0.8626611086464427,-0.9276418478697658,0.0003887153332644555,0.4172536705364146,-0.7922878575309716,0.4743667947827722,0.25949441061056167,0.08528699998600418
2025-03-08 11:00:00,86626.32,85762.72,86361.69,-0.7449343689126459,-0.9194115844702667,-2.7918450832276065e-05,0.693573413609381,-0.5976015720218008,0.49281256799937595,0.2594027867411098,0.08798423826721506
2025-03-08 15:00:00,86627.51,85661.76,86044.02,-0.8070330680880708,-0.7012679531506609,-0.0015043349100826164,0.3958167227502471,-0.6514630615715654,0.48731103964484346,0.25446593912882964,0.09225654329218115
2025-03-08 19:00:00,86500.0,85800.0,86350.0,-0.9288777527962284,-0.6942260663105133,0.0015460028541653958,0.7857142857030612,-0.9247675612024887,0.5464306082418499,0.2595318980397444,0.09509002974845736
2025-03-08 23:00:00,86500.0,86001.48,86003.33,-0.9562050431905457,-1.6932267468448898,0.0006715551452840529,0.003710984514099125,-0.8800412562062028,0.5350325195751632,0.2655037807518564,0.09824681958589457
2025-03-09 03:00:00,86217.45,85809.48,85910.0,-0.9445777651351027,-1.6763618168377197,-0.0030241039482905574,0.24639066597431153,-0.8431714483511228,0.44866087186134357,0.26153668731384117,0.09892048818170614
2025-03-09 07:00:00,86156.17,84708.01,84844.1,-0.7156031693473758,-0.15578268254376865,-0.005899969613825884,0.09397442271508051,-0.65341945772218,0.36739775311256234,0.24216600998428692,0.09745711594362162
2025-03-09 11:00:00,85098.38,83000.0,83602.57,-0.1538188169296029,-0.1581918080401476,-0.01640524932387666,0.28715961837090237,0.2860766082150817,0.4693964374763941,0.186546676521148,0.09746285148091652
2025-03-09 15:00:00,83768.34,82223.0,82670.0,0.12246001161298416,1.5673519669952845,-0.014136571559405842,0.28925673314423267,1.1717579934334228,0.4783359388324623,0.13940519325105888,0.10084418995006336
2025-03-09 19:00:00,83539.66,80202.53,80358.19,-0.096779284230226,1.5673519669952851,-0.011585141650569453,0.04664487149123254,0.41438239073595384,0.45775235541570664,0.10150125018726792,0.12189058045925005
2025-03-09 23:00:00,82744.0,80000.0,82198.12,0.2571029019801935,0.03562693014056532,-0.009429924303621329,0.80106413993877,0.9837551942949796,0.5277790533604803,0.07730908549125079,0.12574316000920524
2025-03-10 03:00:00,82797.95,81791.82,82332.67,-0.6170418207633518,0.04277677794318796,0.013215454995124443,0.5375547891372099,-0.42869997227002204,0.5143539625097724,0.12384013610445269,0.12292479025962112
2025-03-10 07:00:00,84123.46,81151.0,82288.19,-0.10756246247537049,-0.6216995088613216,0.003091721564854266,0.38257537527710184,1.2202915832188985,0.49856921369193374,0.13542591996371497,0.12746652704800818
2025-03-10 11:00:00,83826.02,79177.03,79847.08,0.8238035428094987,-0.6151417176726434,-0.014482631970493265,0.14412807943199724,1.3866189304967855,0.4800666340538688,0.08442855785327714,0.1419673096935579
2025-03-10 15:00:00,81118.32,77501.1,77655.26,1.030232306259018,0.08204419776324605,-0.027332220614761593,0.0426183643791538,1.57597192003336,0.4388615033223576,0.0,0.16058260375786143
2025-03-10 19:00:00,79886.03,77459.91,79502.36,0.09698654006842758,0.08361370069511559,-0.0027052881367795045,0.841858605506563,0.6244359900411197,0.5050975008495269,0.0,0.15025988141266305
2025-03-10 23:00:00,79708.0,76606.0,79354.53,0.82185252965139,0.25791380533032743,-0.010087521826044332,0.8860509348778653,1.3681544197048106,0.4558704767769613,0.0,0.1488960505719671
2025-03-11 03:00:00,80547.79,79279.9,80099.33,-0.472374727553517,0.2595327755008274,0.02438202117370758,0.6462942368766573,-0.15205357608875367,0.49523195510369017,0.081817093943616,0.14723570819747447
2025-03-11 07:00:00,81900.05,80088.0,81808.26,-0.2509072840703973,-0.11158361851230883,0.013931110834904281,0.9493446648770721,-0.26340882152363565,0.5730123323961531,0.12970458024244472,0.14070711793058904
2025-03-11 11:00:00,82225.21,79058.0,79773.04,1.278485809488989,-0.1086908883358647,-0.0036380963638026342,0.22576336902123148,1.0797293410570625,0.4637653888717119,0.1170245893857018,0.1424723954670989
2025-03-11 15:00:00,83470.01,79653.69,83280.94,0.5227046819991436,1.3019152890834473,0.00920025296324778,0.9504575088018046,0.9036250728633918,0.5190572536674394,0.14897390977131422,0.13100916740374274
2025-03-11 19:00:00,83617.4,82586.84,83133.48,-0.6541892171990176,1.2908786951167748,0.01918560688875104,0.5304300574393499,-0.4220161641698479,0.47385442847483394,0.2162119037854134,0.12411224262465095
2025-03-11 23:00:00,83783.26,82217.01,82430.79,-0.4855747784926406,-0.8135499569296322,-0.0021345891681978646,0.13649162011085966,-0.23377578521330528,0.500347419975616,0.20858748417424514,0.11789325515502276
2025-03-12 03:00:00,82620.01,81296.0,81425.98,-0.6315643269295982,-0.8165588589971841,-0.01190877684799685,0.0981714639610084,-0.41969112380658175,0.4627661181713899,0.16614198800585794,0.10928749673923374
2025-03-12 07:00:00,82933.32,81332.66,82492.67,-0.33200719260649664,0.5431226662091617,0.00468524839177098,0.7247073082308205,0.04202280947979077,0.5072183603843375,0.18264237458583946,0.09768839121291835
2025-03-12 11:00:00,84539.85,81528.58,81535.72,0.5274346617255034,0.5508964807462421,0.010960905759583861,0.0023710925954748985,0.8774366188060104,0.49218159310638726,0.2214250681164606,0.0863788491054179
2025-03-12 15:00:00,82884.51,80607.65,82628.68,-0.19175613583267637,0.08842256228094085,-0.017198474502234884,0.8876391170256942,0.35902917927793965,0.5002687217798665,0.1599051408908652,0.07765353409704624
2025-03-12 19:00:00,83693.0,82487.85,83651.15,-0.8581769761542519,0.0960315301457632,0.015751623775880796,0.9652740322701252,-0.6581333793711082,0.477218000615002,0.2152805615450487,0.07687223217833473
2025-03-12 23:00:00,84336.33,83312.92,83785.58,-0.6271781525565476,-0.8436646499055428,0.008429222111949741,0.4618481351514871,-0.4698167021523448,0.49002837345925365,0.2453805778677555,0.0797864930714948
2025-03-13 03:00:00,84199.54,82851.0,83292.6,-0.7572279199790529,-0.8373362305549144,-0.004674264917284288,0.3274652587218275,-0.4963288399267647,0.4556330649203089,0.2289371833998319,0.08146098230580527
2025-03-13 07:00:00,83559.06,82400.04,83191.67,-0.704868022777133,-0.4050249750504707,-0.0026920773833936096,0.6830166865051266,-0.5002156228162918,0.44116965695495275,0.23804232859239885,0.08309321045674013
2025-03-13 11:00:00,83900.0,81546.52,82009.5,-0.208761522579422,-0.4043004328042189,-0.007778842676762876,0.19672145078693234,0.4042078532974539,0.4636836398200588,0.20797046383863427,0.08404886912663166
2025-03-13 15:00:00,82193.66,79939.9,80820.05,0.21334753840269802,-0.10516478112815508,-0.02092667724832875,0.3905251668305853,0.37010929818759974,0.4484323920200095,0.12719437848000753,0.08543776391093381
2025-03-13 19:00:00,81400.0,80137.47,81395.54,-0.7754200382106173,-0.10107713836153309,-0.0021330373519976575,0.9964674106674922,-0.6181812808922363,0.5862441359942332,0.12035760253900615,0.08247306583811141
2025-03-13 23:00:00,82270.51,80818.84,82226.98,-0.9148687562898891,0.4770724617606442,0.011078735483602387,0.9700138461153713,-0.706180840087426,0.5204577086749462,0.16507446085490177,0.06762772836827152
2025-03-14 03:00:00,82247.7,81708.96,82038.09,-0.946387340918287,0.4753832628056706,0.0053401219531459265,0.6109254928052243,-0.9221419258961232,0.35533284828415695,0.18596245215214616,0.06198853378446421
2025-03-14 07:00:00,83300.01,81895.95,83042.22,-0.7554665255336879,0.4550096437072728,0.009209372008256889,0.816396735176447,-0.7518676455832247,0.5637422996791523,0.22217745587785576,0.054114083087771894
2025-03-14 11:00:00,83888.0,82640.59,83524.8,-0.15561123034410215,0.44914348066874893,0.006637436078108516,0.7088367096567413,-0.06661521660842135,0.5284685163497306,0.24851893418711002,0.05000393060253412
2025-03-14 15:00:00,85309.71,83524.8,84570.54,0.3789765190788954,-0.8621163354705692,0.016263266328704562,0.5858782795738328,0.2598680298441702,0.5556298180179191,0.313490097701002,0.0540754991151723
2025-03-14 19:00:00,84929.45,83717.69,84438.06,-0.8320226146087112,-0.8556666576384498,-0.0033381589849439397,0.5944824057520084,-0.7027997019554293,0.5187357138497821,0.2999373886549235,0.04854247807357115
2025-03-14 23:00:00,84632.08,83950.06,84557.95,-1.0573321416729613,-2.5007381006432943,-0.000624937132215897,0.8913081727677821,-0.9228576128937956,0.5013742166971101,0.2974086540076603,0.05189548961261577
2025-03-15 03:00:00,84676.28,84160.37,84183.28,-1.1108506070415642,-2.4591061045185594,0.001580346496537155,0.04440697020712773,-1.0617362427644854,0.44595600216467146,0.3037993440670942,0.05405904526958973
2025-03-15 07:00:00,84192.21,83618.0,83912.19,-0.7969481605326759,-1.5088985478587598,-0.006301303120372026,0.5123386914105913,-0.914211963352575,0.3717981347447068,0.2782775263256301,0.05511625683250152
2025-03-15 11:00:00,84499.74,83842.95,84131.75,-0.8395900660684983,-1.4964545315140179,0.004079346170035469,0.4397143683606665,-0.93248758846927,0.48185296664655747,0.29469576301940853,0.053639014487269605
2025-03-15 15:00:00,84498.72,84125.01,84223.29,-0.987061772278213,-0.9696200688912269,0.0014454406815793686,0.26298466724831365,-0.9749508844174987,0.5275308769598667,0.30053699237413245,0.054505499755183866
2025-03-15 19:00:00,84467.7,84076.92,84382.65,-1.1527349849596054,-0.9694376033571752,-0.00034869812738236305,0.782358360182643,-1.0603556920849728,0.407801464594427,0.29912581730871474,0.05270525230364138
2025-03-15 23:00:00,84411.69,83733.86,83966.05,-1.109208055887726,-0.771113073135609,-0.0026502044574637784,0.3425490167100545,-1.0001614058921784,0.40653191378836984,0.2884042273199269,0.05285686745795775
2025-03-16 03:00:00,84418.0,83906.26,84228.0,-1.1386796558743943,-0.7645544021035062,0.0024326321073684376,0.6287177081989189,-1.0914910831706062,0.5746514922109969,0.29821953126003675,0.05341261152059749
2025-03-16 07:00:00,84373.64,83649.04,83666.98,-1.0092055707932595,0.207980125369004,-0.0032144464392941385,0.024758487441008278,-0.9484167959629688,0.44529838186536264,0.28521817354619483,0.05368227976320194
2025-03-16 11:00:00,83691.61,82381.46,83373.16,-0.3546214783632593,0.21287667789256445,-0.014359592533431775,0.7569362286703295,-0.2541535552903278,0.46139200715462686,0.22732513218964961,0.053860730553485746
2025-03-16 15:00:00,85117.04,82981.14,83701.75,-0.2248865894398351,-0.5460688716120063,0.014804638870370868,0.337380027153251,-0.04106177159784998,0.5284280032077601,0.2861553649324799,0.05369477590157094
2025-03-16 19:00:00,83727.28,82090.7,82093.71,-0.7049484061914189,-0.5401888585447469,-0.014063969461504011,0.0018392012611610298,-0.3652447087858631,0.437162417578516,0.22944099561684678,0.05448256379199041
2025-03-16 23:00:00,83400.0,81981.12,83212.51,-0.8491371086859175,-0.58201825115215,-0.0009569677546928945,0.867860566074169,-0.6075068914501506,0.5303777259231361,0.22563620085923694,0.045112814233072715
2025-03-17 03:00:00,83869.77,82682.62,83220.91,-0.8036803235048418,-0.5771758005710891,0.0072886478984848235,0.4534304847706439,-0.7285113887568435,0.4415374206785221,0.2545873026399,0.03829065559405794
2025-03-17 07:00:00,83783.02,83212.83,83344.34,-0.8308572996446605,1.3136597644933947,0.0010678288595424856,0.23064241743574562,-0.7465327288486804,0.5049958706934001,0.2588597204714429,0.0349890741755089
2025-03-17 11:00:00,84000.0,82456.0,82913.03,-0.29024643349260565,1.3051395816016105,-0.003382983328667488,0.29600388600844485,0.11474453146663123,0.5007696063637018,0.24530984115148327,0.0311747813592259
2025-03-17 15:00:00,84585.0,82706.58,84496.58,-0.45186946676185874,-0.6641862514244349,0.007506651498376149,0.952928525031927,-0.23205826017265305,0.5047118578747268,0.27527455410883117,0.03058314609516762
2025-03-17 19:00:00,84756.83,83846.15,84061.19,-0.8880556564797174,-0.6637308983152875,0.005170213759102094,0.23613124258537033,-0.752040232019428,0.4356508568563272,0.29606770422564155,0.030684332180240317
2025-03-17 23:00:00,84140.98,83015.39,83367.64,-0.8566434120434208,-0.704738080817218,-0.008913191915252527,0.31294698779917346,-0.7461600261050496,0.4452500294366377,0.26003601208187704,0.030151028941852214
2025-03-18 03:00:00,83367.65,82244.68,82450.01,-0.6019177435057317,-0.705409551444495,-0.007568621597333625,0.1828454900827031,-0.7140915135355138,0.3750432176346708,0.22971247286254912,0.03267034166754681
2025-03-18 07:00:00,83452.3,82358.69,82819.65,-0.6955759831442886,-0.3523775483965432,0.0018283929532116883,0.42150309524947344,-0.5950926250679044,0.4943419240520558,0.23698245128805684,0.03214230290080745
2025-03-18 11:00:00,82861.76,81134.66,81854.71,-0.3041243077123872,-0.3501967640999689,-0.013905271346639658,0.4169127439035594,-0.10513503866687195,0.4751122117801549,0.18159181076599581,0.03682766651329667
2025-03-18 15:00:00,82212.93,81245.65,81889.38,-0.5815425773780164,0.03329911792303693,-0.001743681512862305,0.6655053345394882,-0.14603578510012805,0.4771468981575684,0.17474256548157313,0.04023842339727447
2025-03-18 19:00:00,82566.35,81762.45,82395.74,-0.8124767002511433,0.04060578214127557,0.004829491918975526,0.7877721109492767,-0.7214155138196774,0.4680846731298515,0.19367990946216251,0.040327437369542224
2025-03-18 23:00:00,83280.0,82395.74,82868.91,-0.6921351127598973,-0.822219985791111,0.009305141461368294,0.5351027978135956,-0.6551351077043962,0.504154975144416,0.23034332973731908,0.03884797369453509
2025-03-19 03:00:00,83322.81,82740.94,83200.0,-0.7840351378551571,-0.8179391702559748,0.0019187702443907995,0.7889391100969494,-0.8224718610440561,0.39994980416759834,0.2379738729799191,0.03637218031259933
2025-03-19 07:00:00,83800.0,83039.99,83467.41,-0.5770698623458832,0.679711374873824,0.005042226165314467,0.5623873370013254,-0.7871181029816763,0.39094452553246606,0.25806421440924987,0.03529025315146384
2025-03-19 11:00:00,84389.71,83381.97,84318.59,0.0016389997006628014,0.6744277878556918,0.006132266040003609,0.9294262408862367,-0.01694749959483248,0.497402935914414,0.2826209306783668,0.03528234311695368
2025-03-19 15:00:00,85870.01,83578.32,85612.25,0.6952277348279503,0.4372044622239,0.007002071664654608,0.8875240542966669,0.24123260811254352,0.5277149513958395,0.3108327395309978,0.04310411715459697
2025-03-19 19:00:00,86500.0,84926.73,86158.52,-0.026872510101180004,0.44419010417597626,0.012592169728866898,0.7829488898867808,-0.06347532261306785,0.4707058396268922,0.3619226702994835,0.05252716433009066
2025-03-19 23:00:00,87453.67,85619.56,86065.51,-0.11156887501705437,-0.36034522676918845,0.010131216814691202,0.24314245056052558,-0.22125882697581467,0.49704750782400803,0.40354543459369413,0.05954458592898957
2025-03-20 03:00:00,86128.0,85430.38,85759.28,-0.6824028511739689,-0.3547118813340229,-0.008685878427385552,0.4714601072149333,-0.8552265692149051,0.41202080587947615,0.3674991216279216,0.06212854286105062
2025-03-20 07:00:00,86300.0,84755.14,85173.78,-0.5562257567355127,0.1337006167429714,-0.0013545872798076397,0.2709889569263813,-0.6938645272633096,0.49383144639991594,0.3619264251610838,0.06424444144370389
2025-03-20 11:00:00,86532.04,85080.57,86171.86,-0.3978225761049336,0.13421863710539458,0.0017364789159095562,0.7518515711606063,-0.32627040742988195,0.4992398662794495,0.36906052563477043,0.06783583904552429
2025-03-20 15:00:00,86219.05,83655.23,84060.53,0.2315707357931723,-0.5743822668233078,-0.013836339988388069,0.15808442090256764,0.2679144069474153,0.43636291488367906,0.3121169910403221,0.06925075996358518
2025-03-20 19:00:00,84609.21,83922.0,84141.31,-0.7940977764762014,-0.5681936697263118,-0.003333390641539702,0.3191309788809888,-0.8399581761584993,0.46255865835651205,0.29858821826019694,0.06820860840470097
2025-03-20 23:00:00,84850.33,83922.01,84685.4,-0.8940196840364821,-0.43475905983561325,0.0014603904101269105,0.8223349706908936,-0.9079236102139128,0.5307227160774466,0.30449554607764706,0.06795648155728505
2025-03-21 03:00:00,84798.93,84017.53,84200.0,-0.8349019448528753,-0.4416905512912092,-0.00040106769244796503,0.23351676477817682,-0.8799738915278583,0.2881257084979105,0.30287084467398745,0.06837261025872676
2025-03-21 07:00:00,84337.66,83700.47,84164.17,-0.9156297007687961,0.5463868972871119,-0.0046637784796513815,0.7277264238181989,-0.7418342966752911,0.46741970913564673,0.2839857322709672,0.06800320253428636
2025-03-21 11:00:00,84358.51,83175.25,84240.33,-0.5572241433552257,0.541562225574144,-0.00212684553361675,0.9001233879206644,-0.2539187598976508,0.4668616751881875,0.2754136285284251,0.06548181696001888
2025-03-21 15:00:00,84435.87,83379.0,84101.66,-0.7668299733511885,-0.2067813511111685,0.0013623967053293384,0.6837737848488168,-0.4583384407399013,0.4858995824410061,0.28089299556359193,0.06385943455762803
2025-03-21 19:00:00,84584.0,83800.0,84185.39,-1.028678901739122,-0.20400126848005973,0.002682526191699619,0.49156887754474965,-0.8662421883799525,0.5278329555291237,0.2916964353974334,0.058046986294662845
2025-03-21 23:00:00,84338.98,83989.58,84188.96,-1.1111717341267646,-0.11633266306046802,-5.425573322448418e-05,0.5706353749121397,-1.0466398977109945,0.4439141809348806,0.2914773430693935,0.051237685079159385
2025-03-22 03:00:00,84429.09,84135.89,84335.83,-1.143329401978987,-0.1138409963104149,0.0015787623463385803,0.6819236016138644,-1.0841885665990951,0.46716712173182784,0.2978522629267801,0.045739747583838336
2025-03-22 07:00:00,84539.17,84109.0,84413.62,-1.1314138473841873,-1.3390412879646851,0.0005320781257964757,0.7081386428456545,-1.0420715226920478,0.4382097150695848,0.3000041450698911,0.04172010142729265
2025-03-22 11:00:00,84419.8,84001.71,84007.23,-1.1031627768370136,-1.329654399349333,-0.001837256853693181,0.013202898897025854,-1.051569145927405,0.35580858453715297,0.29256977852313704,0.03943860099092515
2025-03-22 15:00:00,84320.0,83975.42,84239.14,-1.1008982594966596,0.5213289245242528,-0.0004132923777734332,0.7653375123116445,-1.0763904860790536,0.49271116606767923,0.29090048447404837,0.03732628979837553
2025-03-22 19:00:00,84271.74,83841.41,83961.39,-1.1240300016300333,0.5199157920819113,-0.0007387276845237656,0.2788092858903803,-1.061862632934908,0.3856595398048471,0.2879179855436855,0.03808499571016867
2025-03-22 23:00:00,84277.07,83625.1,84233.78,-1.0633557964166656,-0.28906991260260656,-0.0013135863670175052,0.9336012393064955,-1.0144681552496022,0.42127185133540423,0.28261850123915366,0.03680575544083784
2025-03-23 03:00:00,84288.62,84070.22,84242.24,-1.1518568921858585,-0.29084069565186743,0.0024022622770147883,0.7876373626013383,-1.117296750334596,0.46408040598331785,0.2922973686592045,0.03272089532529849
2025-03-23 07:00:00,84500.0,84216.98,84461.98,-1.0977212822011968,-0.9007759700413794,0.0020411209642556827,0.8656632039832515,-1.1099021971439094,0.4536064446549606,0.30054093051247716,0.02777766851555895
2025-03-23 11:00:00,85214.35,84461.97,84899.76,-0.5388934654903031,-0.8941353354355671,0.0062933856676221644,0.5818735213511419,-0.75153572127059,0.5417904689748251,0.32601017418203326,0.02413266434255327
2025-03-23 15:00:00,85413.05,84800.0,84972.78,-0.7503142149904817,0.2395241935390616,0.0027994781448494876,0.2818367180444982,-0.8123230346255096,0.4869025840876926,0.3374109236237068,0.023448598397493102
2025-03-23 19:00:00,85679.18,84903.94,85361.21,-0.8942822911175238,0.24150805745413612,0.0016856427131277663,0.5898431453409411,-0.9293275880593721,0.5459779087447978,0.34429484571462454,0.01685604244737796
2025-03-23 23:00:00,86641.13,85361.22,85883.16,-0.25323451528508345,-0.2872106255384955,0.007895663862260927,0.40779429803339534,-0.5567683025294323,0.5355454925569413,0.3765939530080131,0.022770711797459917
2025-03-24 03:00:00,87300.0,85875.91,87113.37,0.034578024744955374,-0.28180196417887415,0.009694313696787082,0.8689478895233486,-0.549374274327854,0.5015529084253503,0.4165639866455066,0.03513110664861486
2025-03-24 07:00:00,87909.99,86753.1,87801.27,-0.10425628364180782,0.652893679233129,0.00619337025597666,0.9060239089204147,-0.6936855694421747,0.5797512804697024,0.44234704308952655,0.047794000187134776
2025-03-24 11:00:00,88765.43,87138.6,87961.9,0.9189368295712124,0.6466761620546504,0.006992757654830539,0.5060762341455064,-0.1915095497990759,0.5220083030496453,0.4716382511771185,0.05734539878399122
2025-03-24 15:00:00,88536.0,87678.06,88464.38,0.5569393407482115,-1.7561326999435527,0.0028511966201116845,0.9165209688216421,-0.3525911932937993,0.4549642614878019,0.48366483607532634,0.06652061167152311
2025-03-24 19:00:00,88508.0,87302.88,87457.65,0.3627833862837648,-1.7361570257441676,-0.0017290279170347755,0.12842704460859156,-0.5924486840223059,0.34293761933436756,0.47635085796195353,0.07044995134249078
2025-03-24 23:00:00,87679.25,86813.16,86854.94,-0.4668659500864925,-0.8805527837925369,-0.00867850470042486,0.048239790321463825,-0.6776597212399198,0.41683080365529623,0.4397033036841065,0.0713498008143266
2025-03-25 03:00:00,86984.16,86310.0,86534.5,-0.35790416575354733,-0.874361741265205,-0.007270756159989733,0.3330070013003868,-0.7421648327737216,0.4584916351171982,0.4092668396362419,0.07105562041322815
2025-03-25 07:00:00,87350.0,86332.87,87130.14,-0.413699734920092,-0.4989441550205823,0.0022454308661308264,0.7838427732857767,-0.7908465108575782,0.4556645678366026,0.41859820342063175,0.07064641372540283
2025-03-25 11:00:00,88228.0,86929.46,88022.4,0.2635329018173088,-0.49601495385292893,0.008481880372770645,0.8416683352007459,-0.15581410113170324,0.4516106584885558,0.45392560218201616,0.07202154028027684
2025-03-25 15:00:00,88321.27,87588.59,87822.0,-0.09055955452425388,-1.7925153404033392,0.004055915412728428,0.318570180702101,-0.37376601228313167,0.39612895173918383,0.4709619503155802,0.07286197623294634
2025-03-25 19:00:00,88539.63,87161.32,87464.73,0.2805301540671853,-1.7772936151846144,0.0002658255989558267,0.2201319006593496,-0.4811327538288111,0.38081598804625316,0.47208304506181836,0.0709317924147221
2025-03-25 23:00:00,87892.14,87132.65,87324.6,-0.3386932036320252,-1.5540936323204142,-0.005020501541030065,0.25273538821772895,-0.7480361027286501,0.40424896461976545,0.45090391817772923,0.0684097664269289
2025-03-26 03:00:00,87923.92,87030.56,87909.07,-0.5337340874441088,-1.538072117379504,-0.0010798925362218714,0.9833773618587971,-0.9224335897754719,0.502420023518932,0.44637123233744763,0.06429986556555559
2025-03-26 07:00:00,88275.0,87754.35,88208.47,-0.4759212937893338,-0.32257229197092374,0.007802002703676925,0.8722174205152756,-0.8794268488088113,0.5195322050936005,0.4790835964356217,0.06081622923327772
2025-03-26 11:00:00,88242.0,86434.36,86773.14,0.5745041008947686,-0.3177123289512545,-0.007906426602358074,0.18741563585565976,-0.2832660491391301,0.404858684989101,0.4456747642073557,0.05529623824739504
2025-03-26 15:00:00,87058.4,86181.39,86198.53,-0.27022543503789775,-1.5395663024944128,-0.007852740000121372,0.01954367681075938,-0.4638131537974308,0.4489433833475195,0.4127551371288435,0.04955097711318811
2025-03-26 19:00:00,87404.34,85860.0,86829.48,-0.3319230294321371,-1.523495915291931,0.0008755238535862464,0.6277633163640912,-0.49045641604849555,0.5162515618301675,0.4163966161188071,0.043658974652416915
2025-03-26 23:00:00,87756.39,86562.0,87575.39,-0.7627598303557933,0.08824337618264233,0.005393885828007594,0.8484582087856691,-0.8113474139494948,0.5196572084734837,0.4388505088739724,0.036905867464366346
2025-03-27 03:00:00,87691.34,87262.55,87352.68,-0.7340449453857908,0.08694478061697532,0.00289779398343315,0.21019613330042558,-0.9537158703538992,0.42144889958103177,0.4509786332106692,0.031005934335009262
2025-03-27 07:00:00,87597.6,87108.99,87195.59,-0.6658774718798698,0.7120469700620179,-0.0008721995081528711,0.17723746955285155,-0.8755577696588447,0.4583584100210803,0.4473176423244263,0.026911930704868543
2025-03-27 11:00:00,87321.56,85800.0,87297.33,1.022536801897233,0.7208256592848378,-0.009185372731057018,0.9840755540301818,-0.03665674970719461,0.5074759479863964,0.40879636869988717,0.026729684594794512
2025-03-27 15:00:00,87575.0,86752.58,87206.52,-0.2124114677090226,-1.6992019765127515,0.005960666095720546,0.5519564212865491,-0.42934454553700174,0.43181645097454474,0.4335643754411649,0.02648575912027051
2025-03-27 19:00:00,87728.27,86943.04,87350.71,-0.8064953658756068,-1.686269294642825,0.0024315939204546666,0.519172726455708,-0.7384196802702685,0.5209936606422048,0.44372846098720276,0.025685256930005586
2025-03-27 23:00:00,87515.67,86929.58,86987.77,-0.8253495902463416,-0.27115510310271496,-0.001371459808654274,0.09928509273150851,-0.8016599274322488,0.4046726770244568,0.4379818064032087,0.02300130578179416
2025-03-28 03:00:00,87018.36,85648.25,85719.27,0.08161336756600618,-0.26343445228174167,-0.011201110914961787,0.05183525410330973,-0.38798717443081876,0.4321501824338253,0.39111157688624926,0.02830174855287672
2025-03-28 07:00:00,85888.6,84896.0,84941.49,0.7333704721550541,-0.8026554116724655,-0.011137082767929796,0.04582913560300895,-0.4521315284668113,0.3912415650838047,0.3450312660938234,0.037018755947305054
2025-03-28 11:00:00,85609.74,84148.8,84172.01,1.179824926044686,-0.795166912716368,-0.005428621641295539,0.015887031637050766,-0.020746730582294242,0.4361940245315245,0.32282018913081384,0.048363038918098275
2025-03-28 15:00:00,84530.45,83585.0,83880.0,0.6594809052413237,1.5088421520341007,-0.00915087615650756,0.3120207308655991,-0.10126161705576292,0.3849970481079665,0.2855828467301714,0.058608581769961
2025-03-28 19:00:00,84480.36,83636.36,84480.35,-0.3866982468586634,1.507534907035207,-0.001469157186793968,0.9999881516469258,-0.7211094809602228,0.42041264580336085,0.27965916394435464,0.06148612393465541
2025-03-28 23:00:00,84624.73,83817.23,83851.4,-0.8235491712704647,0.7765644715561083,0.005225500239217418,0.04231578947315801,-0.8513363455115348,0.4850208590185301,0.3006975725627338,0.06709555935331726
2025-03-29 03:00:00,84258.45,83672.74,83787.28,-0.9262201900735222,0.7852325549112321,-0.004704550312309097,0.19555752846637348,-0.8340976819395098,0.5190593534725496,0.2816575863970018,0.07170873430233823
2025-03-29 07:00:00,83947.42,82820.85,82927.81,-0.6321684250345176,1.5436005089826492,-0.005537875462345854,0.09494305724370714,-0.7235960687338743,0.4052618889874965,0.2593504555566902,0.07964437341268929
2025-03-29 11:00:00,83108.08,82007.0,82504.01,-0.02475069578983171,1.5285105020403005,-0.011804423960504629,0.45138409561110926,-0.434025162970682,0.5108857884519497,0.2120643469173245,0.08562749747985807
2025-03-29 15:00:00,82683.78,81644.81,82343.64,-0.45234998956451034,0.002658688185785749,-0.0030646715588790174,0.6726180736626417,-0.4770465909290836,0.477799660996172,0.19993281570301003,0.08862797334572259
2025-03-29 19:00:00,82787.29,82209.59,82389.75,-0.9890059293373566,0.0035452406417369776,0.002973504591059939,0.3118573654091844,-0.7839369703108394,0.5152081318483223,0.21166738845327354,0.09323050055806488
2025-03-29 23:00:00,83372.81,82342.0,83330.0,-0.8849874716827588,-0.5778929673014285,0.005098549559739762,0.95846955306062,-0.7917400841435589,0.5597892452691632,0.231848020966977,0.09372633440846939
2025-03-30 03:00:00,83503.53,82868.96,83178.14,-0.9438703160331453,-0.5712586398423969,0.0030282957433807045,0.48722757141863693,-0.9173604861844311,0.4179375786532199,0.24389546898914014,0.09394964650302247
2025-03-30 07:00:00,83534.64,83061.51,83120.87,-0.9976062397703424,-0.548497006082555,0.0013288486903071384,0.12546234649830992,-0.9309837790682565,0.4704284596474859,0.24919802778337036,0.09086664567037393
2025-03-30 11:00:00,83360.31,82543.83,82803.28,-0.4995457380859499,-0.5489833048887047,-0.004366364828229385,0.31776650989224564,-0.6626879350466307,0.483509082655498,0.2317515923111039,0.08815686609274208
2025-03-30 15:00:00,83067.9,82050.4,82729.65,-0.7870639058041434,0.5731111896440166,-0.004466608212256751,0.6675675675610067,-0.691328759071245,0.4828122620663436,0.21398254644567385,0.08441025947490474
2025-03-30 19:00:00,82908.11,81565.0,82438.0,-0.7212078525307327,0.5699196983475049,-0.0031550838238371126,0.6499839923710641,-0.6537844940576515,0.47842598940369235,0.21308546824479369,0.07928146578651693
2025-03-30 23:00:00,82444.89,81278.52,81922.3,0.028017443525407196,0.04142672647652297,-0.004502895618706981,0.551951782019841,-0.08713411503225023,0.4281380424162517,0.20596584722347835,0.07382888689850753
2025-03-31 03:00:00,82305.57,81400.0,82052.83,-0.46450701342187684,0.03816185444139784,-3.113601587445558e-06,0.7209050653100121,-0.5818269610060527,0.46247998200162255,0.2059521278184121,0.06314305541155478
2025-03-31 07:00:00,82303.58,81290.88,82174.16,0.08644960785081651,0.9638790055005761,-0.0007527036268972775,0.8722030216167467,-0.36169554321306063,0.41325278465828325,0.2026355140805279,0.0500657223732822
2025-03-31 11:00:00,83746.23,81656.0,83499.18,1.8888731328012127,0.9759131675492131,0.009371339651603305,0.881807265224965,0.46462254552900367,0.5026586241829615,0.24389706491401947,0.04076937828055723
2025-03-31 15:00:00,83943.08,82575.45,83291.42,0.15034135832783002,-0.16544535244981856,0.009406880285048436,0.523511476053292,-0.08400560644298463,0.48591752261377896,0.28570324188999796,0.035458117976977635
2025-03-31 19:00:00,83443.38,82265.1,82409.99,-0.513917487085682,-0.16019828328114752,-0.008426515966700743,0.1229673761743982,-0.5393733333557507,0.585842958348674,0.24830616061685118,0.034015467807229
2025-03-31 23:00:00,83120.0,82283.9,83100.0,-0.626171816272435,0.4218578031917876,8.382428068176573e-05,0.9760794163260846,-0.5928680580688264,0.5538731184951934,0.24995495220262126,0.03213356114947418
2025-04-01 03:00:00,83494.25,82886.87,83454.76,-0.6895788213561964,0.4196677698362954,0.005352005567762497,0.9349830419023433,-0.8333118661355065,0.4958035563168811,0.27442358336035605,0.027510466138628654
2025-04-01 07:00:00,84504.74,83380.58,84175.99,0.43041131579051817,0.1254742161678703,0.010791419948457781,0.7075594221400205,-0.5249064858157145,0.4891212750052603,0.3257415461936825,0.028842314838089633
2025-04-01 11:00:00,84350.0,82544.0,84195.92,1.2298589798427229,0.12703794722967351,-0.005509658757493208,0.9146843853769941,0.12062080261831923,0.4849887264140086,0.30103975833170366,0.030630923453259414
2025-04-01 15:00:00,85499.55,84182.89,85126.68,1.1800029331772774,0.31533881329559355,0.017282989685109662,0.7168061610384026,0.14943779005014454,0.5048233953742786,0.38446934037472186,0.038272305839673844
2025-04-01 19:00:00,85483.38,84773.58,85099.99,-0.43633754546534964,0.31476202610089604,0.0012380879404141343,0.4598619329323803,-0.6679907213404483,0.5673257048540506,0.3903036044397467,0.0436283389966208
2025-04-01 23:00:00,85579.46,84648.9,84714.36,-0.3300261867081699,-1.2460395092400203,-0.0013217414784993942,0.07034473865124452,-0.6603797475442983,0.5289036200420021,0.3840674269141259,0.04586105604772689
2025-04-02 03:00:00,84904.0,83904.72,84125.99,-0.47857687839474217,-1.237525862918583,-0.007276219430824127,0.22142942918680453,-0.7207949235821194,0.4501399609701164,0.3497824916591391,0.04597601566444697
2025-04-02 07:00:00,85450.0,84015.97,84867.92,-0.14313488329148696,0.167658823315353,0.00438038384512951,0.5940949631416755,-0.5813258047837284,0.5225088967892328,0.378785516053808,0.048306592111714626
2025-04-02 11:00:00,86136.36,84462.69,85877.75,1.7923404105048584,0.16106549996529998,0.007526602074436006,0.845483279255495,0.2552492488753685,0.5451410039950051,0.4149594112680563,0.054017632975461166
2025-04-02 15:00:00,87333.0,85811.2,86286.02,4.1481236338713545,-0.4704589633849286,0.01665797436788008,0.31201209094288734,0.882687068973032,0.5504759012995817,0.5026896385205302,0.06044072210207901
2025-04-02 19:00:00,88500.0,82682.0,82821.59,4.875665838376621,-0.4642142049589021,-0.01253524206611012,0.023992781024365174,1.2546469532787146,0.5047230210752772,0.4653476643389436,0.06293663297708228
2025-04-02 23:00:00,83998.02,82175.98,83768.01,2.147837285672524,0.9578040195500721,-0.0310309772005265,0.8737623762328237,0.051905816252877005,0.5185801513478934,0.3182988085139548,0.06122554835622502
2025-04-03 03:00:00,83792.58,83008.74,83058.65,-0.4095398628709471,0.9511515826025524,0.004520866298913129,0.06367370891936164,-0.7061936276221086,0.44568025078831397,0.3422448799806474,0.06046231991767594
2025-04-03 07:00:00,83788.23,83000.0,83220.01,0.08306370302112254,0.7351418636446004,0.0003343155060686609,0.2791190388556699,-0.4354118234415635,0.5551942078466272,0.3440236839661208,0.05694833605848891
2025-04-03 11:00:00,83347.39,81314.61,81532.0,1.8009442288960225,0.748045779475636,-0.014786980866117627,0.1069422170618218,0.6005166503134398,0.4650774427279805,0.2653197843028639,0.06042108849162748
2025-04-03 15:00:00,82448.21,81211.24,82109.45,0.8474703945494956,1.15307815779867,-0.004617350708200463,0.7261372547375682,0.08800485349320035,0.4919687258561679,0.24110727808624918,0.060224295581681346
2025-04-03 19:00:00,82869.99,81800.0,82743.46,0.12601492482644439,1.149758822445309,0.004472966930499922,0.8817465583708113,-0.5148344803929745,0.5639338274741671,0.26445436157849705,0.06083660245752239
2025-04-03 23:00:00,83413.46,82510.83,82910.86,0.02384730763665208,0.5261991055112079,0.009865987816253696,0.4431826994400418,-0.5593194136270089,0.5956627506010451,0.3161811812058135,0.06124003901807741
2025-04-04 03:00:00,83264.16,82615.36,83054.72,-0.5528459803117857,0.5223355016718708,-0.0013223772666862699,0.6771886559698316,-0.7762044561087067,0.41924491277123643,0.30917962914714864,0.05974875925649662
2025-04-04 07:00:00,84720.0,82416.72,82567.03,2.4312798770782584,0.64776569434649,0.007950534635900341,0.06525910874897761,0.27055627745966676,0.4464342016626216,0.35121942519205784,0.061149983329114116
2025-04-04 11:00:00,83510.0,81659.0,82573.98,2.5586823477321365,0.6457701517951242,-0.012124434070481471,0.4943165856267168,1.2465314690611466,0.4859970514447943,0.2865997214907745,0.06246342535994174
2025-04-04 15:00:00,84620.01,82488.88,83989.87,1.8811591995091708,1.5655798096760312,0.011511442750780754,0.7043164893708758,0.9044621757674894,0.5036451761413225,0.3472084939039415,0.0612850928941613
2025-04-04 19:00:00,84460.0,83492.95,84056.74,-0.5695780405335678,1.557958262398604,0.006840073208751907,0.5829998448830738,-0.6050514956500146,0.47069473151365987,0.3836366576315622,0.061128539723017176
2025-04-04 23:00:00,84266.0,83395.46,83976.61,-0.7968772491432485,1.7110336682131009,-0.002766766315017266,0.6675741493708763,-0.9168522815673329,0.4089967678612804,0.3688009077790785,0.05923643057070726
2025-04-05 03:00:00,83976.61,83336.09,83477.3,-0.8451728380008787,1.7187973197825885,-0.0019305202667074806,0.2204615000277913,-0.8892376552699237,0.3962305442477399,0.3584778553986189,0.057372808960066246
2025-04-05 07:00:00,83894.7,83297.66,83641.51,-0.9534049937073199,1.4114076675662546,-0.001365555440186239,0.5759245611587761,-0.952699539605539,0.46953677852632014,0.3511899306798777,0.05584866717041425
2025-04-05 11:00:00,83700.52,82519.37,82914.67,-0.5139235637972654,1.4193933951811635,-0.006111904163833337,0.3346738348191621,-0.689190590567416,0.4216983532315529,0.318615441167325,0.05629176776176415
2025-04-05 15:00:00,83109.46,82379.95,83036.13,-0.7770009262190987,-0.5732887217121807,-0.004168139358551093,0.8994804731820049,-0.8320158484366688,0.450035733151245,0.2965363698428092,0.05407779261758695
2025-04-05 19:00:00,83237.34,82779.62,83188.41,-0.85917741094979,-0.575125250145687,0.0035707353617557835,0.8931005854912962,-0.8149274833557969,0.39380941336825137,0.31537209102158237,0.0459949851414963
2025-04-05 23:00:00,83817.63,83128.73,83300.01,-0.8468209408239209,-0.6215278598365812,0.005496618857264046,0.24862824792787108,-0.9110734050641655,0.5204902445595795,0.34447043011825473,0.0305745196749777
2025-04-06 03:00:00,83533.01,83110.23,83110.24,-0.9678063521353817,-0.6148854986506517,-0.001573371753125663,2.36529637378228e-05,-0.9924011547997458,0.45300342428695467,0.33609543542202563,0.03048504022915391
2025-04-06 07:00:00,83207.22,82716.49,82870.25,-0.9082031339037138,0.8805102473305739,-0.004622445027071875,0.31332912191401124,-0.843708378692541,0.41489076260707114,0.3115290590125888,0.029733295667158172
2025-04-06 11:00:00,82981.14,82217.83,82667.07,-0.4001954645489578,0.8928477945218024,-0.004516245317615519,0.5885420078265988,-0.45778847131363654,0.5132841023147898,0.2876380377547989,0.0301187110443271
2025-04-06 15:00:00,82819.74,78694.99,79107.3,2.2704413367424867,-0.8493432752248312,-0.02240477858500256,0.09995999757536773,0.6990578114549094,0.40320873238554955,0.16965161770695728,0.05441893583350624
2025-04-06 19:00:00,79890.16,77800.0,78063.66,2.540557253522463,-0.843412168443794,-0.02225598861727973,0.12614345313217248,1.1718087528061425,0.4573031582921673,0.05507464901752484,0.07665147975380708
2025-04-06 23:00:00,79347.46,77153.83,78447.42,2.476093725451351,0.803935184570109,-0.009463809729180483,0.5897029125212988,1.173181220945203,0.4904041002969861,0.007437956258141547,0.09011755263161687
2025-04-07 03:00:00,78507.81,74555.0,74810.01,4.707251841455256,0.7968133014037755,-0.023872328739523385,0.06451359918623707,2.1963759054223573,0.45066045631533685,0.0,0.1315661395865481
2025-04-07 07:00:00,77577.88,74508.0,76983.6,3.159721013837157,1.3531785107956054,-0.004853979843760681,0.8064158859603431,1.9314991373718395,0.5569562709298039,0.0,0.1403662832656237
2025-04-07 11:00:00,81243.58,75789.01,79033.11,5.0,1.340048278677688,0.03240861722357047,0.5947489902951203,2.862422623243692,0.5057582414856479,0.138268442799886,0.1392697459828637
2025-04-07 15:00:00,79376.0,77313.2,78484.91,2.399128198701833,0.7845819061799127,0.00026721882159597143,0.5680191972049276,1.6132030157560515,0.4845058936879552,0.13944545573498393,0.14402247983776142
2025-04-07 19:00:00,80218.88,78019.9,79956.47,0.16140198196971534,0.7801449993130388,0.006940180080189595,0.8806674003361519,-0.17024362339557703,0.5090752387363107,0.17002288476111121,0.14150827017027579
2025-04-07 23:00:00,80867.99,78772.14,79947.05,0.49460154415942736,0.49318186062728114,0.011142602001358082,0.5605887825914996,0.14629055182346154,0.4945585763182497,0.21945628870453907,0.13842830951613053
2025-04-08 03:00:00,80413.49,79279.5,79447.3,-0.17256533568011304,0.48733218062474304,-0.0005007361561136792,0.14797308618111485,-0.36329279972289563,0.42549768973186564,0.21721005335204546,0.13565952341748705
2025-04-08 07:00:00,79714.21,78819.65,79003.54,-0.05073852074008172,0.3294305485937313,-0.008357073005149762,0.2055647469123829,-0.3990540756949627,0.4240017797058112,0.17974011473675225,0.13247276344820594
2025-04-08 11:00:00,80375.0,78474.0,78479.91,1.1476233609016768,0.323858144192953,0.006754682724661398,0.0031088900578497653,1.0503268047343046,0.4780533857846597,0.20977244689730512,0.1306179038272869
2025-04-08 15:00:00,78859.85,76556.98,77259.91,1.5831503401124272,0.18152550084646282,-0.025590264524363082,0.30524085163163883,1.1537820390264686,0.43949335286231733,0.09522575860869653,0.1307280277644623
2025-04-08 19:00:00,77356.0,76239.9,76731.21,0.38456794793409704,0.17442703158290726,-0.011250750357543637,0.4402024908122997,0.14598567478632604,0.4001243652559004,0.046154085554641476,0.13181692593098593
2025-04-08 23:00:00,76868.28,74620.0,75674.44,1.409566180946652,2.1463219730438867,-0.01200089655014891,0.46899852331351655,1.060375808262285,0.41280039675154123,0.0,0.1349237051002136
2025-04-09 03:00:00,77317.89,75000.0,76829.02,0.769872811456296,2.1213133479577544,0.004823218066223323,0.7890883519028572,0.6078473677358373,0.5177767958312031,0.020555101169003623,0.12703639921091192
2025-04-09 07:00:00,77979.3,76818.52,77190.0,0.7045271894108968,-1.5392877653822234,0.016113466598333348,0.3200261892837541,0.15346596607456767,0.5125672282234779,0.09498625746313598,0.11658228168834855
2025-04-09 11:00:00,78318.46,75756.86,76870.0,2.287999114264436,-1.5584366528128317,-0.007430905891319894,0.4345487195485835,1.5752170496350606,0.5035995284631345,0.06263573444463909,0.10555228302840672
2025-04-09 15:00:00,82990.0,76844.01,81788.37,4.623659549559278,1.2884582150209745,0.04866227715103477,0.8044855263337479,2.2092884567095283,0.539830089428308,0.2926830581126115,0.0936053999627978
2025-04-09 19:00:00,83588.0,81771.39,83056.83,2.5691059811066808,1.2763482432290334,0.025797952577511385,0.7076037234150016,0.3432144185477047,0.5883229649803137,0.42057572482805466,0.09447686461232371
2025-04-09 23:00:00,83156.49,82056.19,82200.0,0.09077202592270282,1.531901668755538,-0.0024556348158961683,0.1307007179848135,-0.4054895491132219,0.5562550603151492,0.40808792257387577,0.10403295630439935
2025-04-10 03:00:00,82344.3,81472.84,82156.72,-0.186784990726416,1.5225870113729114,-0.006649317350427952,0.7847520253277857,-0.5549290848597519,0.482185122093583,0.3743567443303606,0.11118070400447709
2025-04-10 07:00:00,82250.0,81292.99,81766.05,-0.23539908437877938,-0.8325020677852792,-0.0024390617860586827,0.4943104042748322,-0.16116258784135742,0.4343716660795539,0.3620659529508135,0.11649724330093555
2025-04-10 11:00:00,82466.35,80634.26,81272.19,0.6618413884982358,-0.8368567064859003,-0.0027372460948060784,0.34819795970532114,0.700135006767476,0.4993093857479592,0.34830620986627786,0.10992228501663985
2025-04-10 15:00:00,81353.1,78464.36,79502.07,1.445874661728186,1.2247600681466075,-0.025969152080724145,0.35922582163725786,1.2901923849875925,0.45974338016710214,0.21812034006030318,0.10926106144946089
2025-04-10 19:00:00,80058.96,79304.59,79693.77,-0.5254036860071766,1.2134957511385305,0.0038569137078623417,0.5159006853332495,-0.4623214140788019,0.5203005412115191,0.23695330565796568,0.10900986581463053
2025-04-10 23:00:00,80829.02,78969.58,80302.05,-0.13901690953215715,-0.24975812815402748,0.000894459434887418,0.7165974702022295,-0.15290245840376906,0.5030233080175026,0.24133771661624362,0.10814587322575983
2025-04-11 03:00:00,81333.0,80295.72,81102.0,-0.37674849987224845,-0.25090803054611305,0.013481837266900554,0.7773021749115251,-0.5040580477008968,0.49253973824174196,0.3074813382991867,0.10849999281002506
2025-04-11 07:00:00,82985.71,80782.43,82706.86,0.523950659371155,-2.191427244721573,0.0124774180934486,0.8734386914015747,0.1246199226720125,0.5468625546247025,0.36952245239643083,0.1118262271742212
2025-04-11 11:00:00,83333.0,81341.22,81898.0,0.907010064185524,-2.1576627326006554,0.006559992030472861,0.2795389048977316,0.7803936704737561,0.45881950653464615,0.40254750497834507,0.11551603958807295
2025-04-11 15:00:00,84220.0,81716.0,83607.99,0.5002526247060183,0.14904331867073622,0.009841690891004395,0.75558706069986,0.8010387575999963,0.5984685139664205,0.4524186788664436,0.1198963777400167
2025-04-11 19:00:00,84300.0,83316.36,83415.34,-0.32085595608244494,0.14826469523554078,0.0071837569632182685,0.10062624537329685,-0.530740732707479,0.5311993316280761,0.489179465647487,0.12418151978356066
2025-04-11 23:00:00,83597.94,82800.01,82804.87,-0.6745245331779673,0.2610992022601657,-0.006326614595618452,0.006090759841013157,-0.8349125859233859,0.40666590155390747,0.4565722842927371,0.12313617134266552
2025-04-12 03:00:00,83790.05,82792.95,83567.42,-0.7050416249066113,0.26319974507164223,-3.821495548372855e-05,0.7767224952283918,-0.7990550193985008,0.5544611614683523,0.45637657164346135,0.11823840962289645
2025-04-12 07:00:00,84031.87,83305.91,83420.44,-0.6160487628841738,0.8642463563267874,0.00442921929602158,0.1577635131390469,-0.754525234348858,0.47732017297319157,0.47905934347660445,0.1057678359502096
2025-04-12 11:00:00,85251.0,83420.44,84827.75,0.21303182382834324,0.860052472317118,0.008176804719579822,0.7687866008174066,-0.06526558304585471,0.5915037235993532,0.5503381044584009,0.09818854639518115
2025-04-12 15:00:00,85402.9,84421.95,85178.01,-0.2878125100003272,0.7859136699607262,0.007018396588834852,0.770742647425753,-0.3107312032692604,0.4796487070321675,0.6351355549070954,0.0911793675449846
2025-04-12 19:00:00,85905.0,84834.75,85336.01,-0.5716528368324643,0.7883453837695396,0.00538077117877922,0.46835786030862997,-0.44315585510708194,0.5169598293952365,0.6906476101656251,0.07746559387124587
2025-04-12 23:00:00,86100.0,84724.91,85302.22,-0.04160283421876567,0.6915059809638283,-0.00014129208914448466,0.41983433811299686,-0.3005072748958836,0.5623199015515157,0.6897727188989563,0.08246536198702026
2025-04-13 03:00:00,85724.79,84399.42,84608.69,0.3482568969855308,0.6955206089463111,-0.005890461386478196,0.1578955310580637,-0.3780344457675441,0.3954785577653619,0.6533036914804489,0.08560385037667775
2025-04-13 07:00:00,84949.86,84277.03,84686.79,-0.7131872984511903,1.7079557444554172,-0.002919220650971277,0.6090097052656742,-0.7999091817183182,0.4740652578160553,0.635336672295573,0.08770871416986271
2025-04-13 11:00:00,84771.25,83480.67,84093.22,-0.2749077138626625,1.6889044308475494,-0.005473182276206301,0.4746315609999038,-0.20901174790126367,0.4894674426770294,0.6017490419142367,0.08889718814765506
2025-04-13 15:00:00,84990.22,83665.3,84730.0,-0.4182252984947972,2.0310792219329135,0.0030070039019509665,0.8035956887902383,-0.30290998845301614,0.4819770662569335,0.6201013184033397,0.08908920332594031
2025-04-13 19:00:00,84730.0,83034.23,83335.99,-0.1558471184015591,2.00584292795287,-0.009083558053032292,0.17794866048947033,0.43917301795924707,0.4529763653049482,0.6328157919359233,0.08819904864864844
2025-04-13 23:00:00,85544.3,83169.03,85140.7,0.3769176424669361,1.530501582071575,0.01308881351914537,0.8300824748309431,0.4740696425122317,0.5946217441992584,0.7218206333505885,0.07816157728382171
2025-04-14 03:00:00,85166.84,84279.81,84624.21,0.23639263627715787,1.514778163067502,-0.0006477471539768631,0.3882619528044447,-0.3342593389576549,0.37992568444118807,0.7173582550617091,0.06708314555213313
2025-04-14 07:00:00,84957.27,84211.06,84656.85,-0.5441026647120324,1.216401075887062,-0.0010016449440055641,0.5974055560687076,-0.4858093042461715,0.47285652418400637,0.7104623183117962,0.055686022368392867
2025-04-14 11:00:00,85799.99,84052.65,85423.6,0.05438155260984434,1.211271913235473,0.004717646127782693,0.78459258071821,0.36456923262287294,0.5577438755976305,0.7429089486238334,0.04743576820873024
2025-04-14 15:00:00,85468.97,83709.25,84988.04,0.034106143977254706,-0.18271161052501778,-0.005467273144180718,0.7267008387656706,0.8029663597300595,0.5326880286322794,0.7051292019875577,0.04552256416938103
2025-04-14 19:00:00,85208.1,84430.37,84500.01,-0.4821001553371437,-0.18567898913011682,0.004028030797857962,0.08954264333265151,-0.4482268150323598,0.677543954301333,0.7328113719460433,0.037302928346778425
2025-04-14 23:00:00,85300.01,84347.97,85232.83,-0.6857879338690527,-1.5104999745202432,-0.0004977646852302176,0.9294357379844462,-0.4337290833994467,0.5772131761167535,0.729376763230576,0.03681570339862487
2025-04-15 03:00:00,85879.1,85069.86,85391.35,-0.37791333311962605,-1.4995137589003449,0.007399693992495626,0.39727398546294107,-0.6181499672778515,0.5374195160047104,0.7804097181911563,0.03586928159175372
2025-04-15 07:00:00,86000.0,85391.34,85638.14,-0.4331642220940783,1.0456628357805813,0.003629468984868156,0.4054808924456128,-0.6997895599813773,0.47845494733889793,0.8056260470619039,0.0314921730156674
2025-04-15 11:00:00,86496.42,84829.79,85146.88,0.28274066992886265,1.0377688674728225,-0.0017140628697945859,0.1902581856789495,0.3931770834641103,0.5207883839994893,0.7936740928027279,0.029162158670375866
2025-04-15 15:00:00,85386.0,84151.68,84196.0,-0.526690475721435,-0.36158157228556326,-0.010004390326396329,0.03590641000684399,-0.08627005133402828,0.4728334299678995,0.7240342541927379,0.026096370561667467
2025-04-15 19:00:00,84235.85,83688.0,83838.47,-0.6562656673338487,-0.35971000913854473,-0.008947761954429811,0.27465547138313956,-0.6298084014087473,0.43359389727312997,0.6623726500755999,0.028353949212801693
2025-04-15 23:00:00,83930.0,83111.64,83900.0,-0.4721392149378712,-0.18987498798341818,-0.005349296809192272,0.9633413167681297,-0.4074461973459022,0.46178585885524925,0.625838951666888,0.029555686857251642
2025-04-16 03:00:00,83960.0,83212.64,83643.99,-0.51617359087119,-0.18151500639759657,0.0001983610991396212,0.577164953963597,-0.738900858599475,0.5167887335207398,0.6271864369905794,0.03103035028058959
2025-04-16 07:00:00,84112.69,83140.89,83937.02,-0.5218997733289468,1.1678886400881603,0.0012586402626622029,0.8192323523274438,-0.44540102765052536,0.5267126643499609,0.635738192901309,0.030922807424314754
2025-04-16 11:00:00,84849.06,83512.2,84605.31,-0.32597775726265904,1.160560113616621,0.005067973681923688,0.8176697634694908,-0.1796727617599715,0.5105382359571342,0.6702155767409232,0.03067827288689359
2025-04-16 15:00:00,85500.0,83275.0,84029.97,0.46345725702963264,-0.32462035156367475,0.004044572082272824,0.3393123595490373,1.0770060091454359,0.4886225628441681,0.6978702140655295,0.03141803882887781
2025-04-16 19:00:00,84679.53,83802.0,84460.43,-0.7481581674942706,-0.3255881936894362,-0.001051777483618177,0.7503219263073521,-0.3793260826370493,0.5009899462885243,0.690649631317097,0.03086016683565131
2025-04-16 23:00:00,84496.0,83932.66,84272.86,-0.8453545914935542,-0.49449283206615247,-0.002377747499231031,0.603898178709057,-0.7338313823626933,0.4573475003316665,0.6743432688360793,0.03103056536026876
2025-04-17 03:00:00,84872.5,83814.48,84773.59,-0.7821682619013473,-0.49079035093603485,0.0014828354678528832,0.9065140545461634,-0.9180798728303436,0.4746446606569381,0.6844882314688762,0.02780708970991671
2025-04-17 07:00:00,85053.38,84191.17,84377.27,-0.802565925698623,0.7919281809952736,0.003867388932425886,0.2158406884608692,-0.876372236168808,0.5174805245557567,0.7109865823580971,0.027422070339828096
2025-04-17 11:00:00,84862.93,83736.26,84087.08,-0.45685258948563,0.7899546104443332,-0.0021473340429990495,0.3113777769860685,-0.36121671229957203,0.4203895627986632,0.696216702857399,0.028006986293472758
2025-04-17 15:00:00,85470.01,84087.09,84899.71,-0.20348654694858234,0.11351903070429124,0.005407347726685829,0.5876117201241828,-0.11614610667155771,0.4787838522600401,0.7333298739033768,0.027960222441624667
2025-04-17 19:00:00,85140.0,84495.38,84720.21,-0.7858894501452149,0.11329581926139538,0.00013129912986187264,0.3487791256810455,-0.7983597516325077,0.43514455111259365,0.7342359145213417,0.026436221652974504
2025-04-17 23:00:00,85132.08,84720.22,84888.0,-0.9249529458619226,-0.37080999785515256,0.0002879665413573207,0.4073714368861382,-1.048658979726585,0.5174878534643218,0.7362233126140337,0.026202305697087057
2025-04-18 03:00:00,84897.06,84514.67,84721.41,-0.9045189019864937,-0.3637844706888782,-0.002687662382132583,0.5406522136943932,-1.07295824795075,0.4673909377489662,0.7176690971582577,0.026331102925064232
2025-04-18 07:00:00,84764.0,84413.23,84521.25,-0.8584062582471035,1.2299709023940577,-0.0010083017303998965,0.3079510790458799,-1.0775117893013801,0.4447106709510438,0.71072701759457,0.02523405146373884
2025-04-18 11:00:00,84769.95,84368.16,84583.13,-0.9270989286264251,1.2185894985836883,-0.0003401462459483584,0.5350307374366069,-1.0876566278803341,0.4235465737211901,0.7083874982759193,0.02323236026812266
2025-04-18 15:00:00,84649.99,84303.96,84616.96,-0.9796678892812728,-0.010792572051263953,-0.0011048291997111104,0.904545848599704,-1.0890940787018177,0.4461048018895919,0.7007910891202921,0.01932144609039985
2025-04-18 19:00:00,84684.49,84425.62,84521.48,-1.0437163146350499,-0.006988913340838661,0.0008415507125407728,0.3703016958175683,-1.1884144999546238,0.3949040173620796,0.7065708971010333,0.01759145287838958
2025-04-18 23:00:00,84829.05,84342.15,84785.8,-0.9741257502418711,-0.025254938202130334,0.0001535376784242981,0.9111727253869153,-1.0946667515570225,0.5346671307694127,0.7076262881705998,0.017912571688185
2025-04-19 03:00:00,85300.0,84779.0,84921.98,-0.6338067781365442,-0.02379211744531105,0.005733229101183124,0.27443378118474393,-1.0310252722995847,0.55629608671786,0.747041550149778,0.017482752572458418
2025-04-19 07:00:00,85436.72,84921.98,85250.0,-0.8449944618856529,0.9076449134817057,0.0023550195152499676,0.6372537591670129,-1.0752269508643697,0.5353774782529358,0.7633248503832352,0.018101473202534517
2025-04-19 11:00:00,85500.0,85118.08,85415.09,-0.806105558302138,0.8996891786082336,0.0006400284485190699,0.7776759530588064,-1.099744353611591,0.6381363408923328,0.7677606178161424,0.0175428055337331
2025-04-19 15:00:00,85677.99,84694.49,85144.64,-0.4337924327460312,-1.5073425098825333,-0.0005339334283727126,0.4577020843878161,-0.7947831040655516,0.5599894547156206,0.7640577818489825,0.016708907277929917
2025-04-19 19:00:00,85367.93,85015.63,85259.86,-1.0108486742386522,-1.4946360439184714,-0.0005586547601106329,0.693244393962735,-1.1204739714515315,0.4632753476217578,0.7601855716993602,0.017728116731457008
2025-04-19 23:00:00,85320.76,85050.27,85226.44,-0.9457055518558007,-0.990596088936206,2.1259943636442458e-05,0.6512994934877123,-1.0775299363155073,0.575085094840552,0.7603328486676877,0.016817805290233252
2025-04-20 03:00:00,85266.38,84852.15,84955.42,-0.9748891676267302,-0.9837839096753326,-0.001323441303025641,0.24930594113779397,-1.1488962450098357,0.40146065489987687,0.7511645945072393,0.016606444270087416
2025-04-20 07:00:00,84955.43,84000.0,84184.03,-0.6444125383286883,-1.205873622932279,-0.006644027011122544,0.19261484357626832,-0.9413465390397993,0.41257621836405917,0.705198436526174,0.01711165991271163
2025-04-20 11:00:00,84664.0,83949.52,84626.16,-0.7196498802292546,-1.1948142065102314,-0.0027622009853845997,0.947038405540439,-0.8748259920891454,0.5601557178758688,0.686215342480066,0.017112767159575427
2025-04-20 15:00:00,84636.9,84272.74,84577.78,-0.8712652019735767,-1.529819262779531,0.0020979820286095574,0.8376537785358807,-0.9977769801113655,0.4486810045498634,0.7005937973515945,0.016685798845690325
2025-04-20 19:00:00,85250.0,84521.73,84835.28,-0.7952064365495688,-1.5136814086485995,0.005579317738013234,0.4305408708249629,-0.8550436390919424,0.4630494924063309,0.7389117006803656,0.01466112011335388
2025-04-20 23:00:00,87640.0,84835.28,87350.01,0.9276451790677834,0.6927159005823869,0.021051794033045246,0.89660643486374,0.5304504330823148,0.5703771744906142,0.8842988721209182,0.029470096263729546
2025-04-21 03:00:00,87738.0,87038.0,87521.73,-0.3697454187270613,0.6864216421443792,0.0075431717592457925,0.6910428571329793,-0.6386904140423147,0.5126292904461319,0.9374899442942244,0.03924269860557286
2025-04-21 07:00:00,87795.26,87250.0,87347.83,-0.4677980904166774,0.7326141113963157,0.0010482300419889512,0.17941899277080384,-0.8230901884336499,0.5502464701915197,0.9449373500161962,0.045475265936619456
2025-04-21 11:00:00,88465.99,86644.29,88208.37,0.666002729867577,0.7284833790433848,0.0010290171923403868,0.8585826425818773,0.5666712515866339,0.5429118214508681,0.9522559168753854,0.053879003536829326
2025-04-21 15:00:00,88329.49,86389.78,86786.29,0.3769736441461499,-0.4521614519792692,-0.0011885802243277732,0.20441715514069078,0.5253001157176648,0.4678844552247069,0.9437938085453489,0.05569945885853868
2025-04-21 19:00:00,87488.0,86712.5,87168.08,-0.5110109623295468,-0.4601982446676728,-0.003255551098671483,0.5874661508628332,-0.6574620974199453,0.591914018482784,0.9206434300367226,0.05700971363257717
2025-04-21 23:00:00,88877.0,87030.65,88169.21,0.21232363196760706,1.4345439296405067,0.009047710313732527,0.6166544804581158,-0.03432648113199544,0.5454487471309023,0.9847726699457933,0.06075913597356881
2025-04-22 03:00:00,88459.03,87826.08,88246.46,-0.439791294291208,1.4204918271848594,0.0021336639733799956,0.6641598862364563,-0.6980901758068224,0.4292961558763767,0.999999999999187,0.06379931113793176
2025-04-22 07:00:00,88688.0,88172.18,88513.71,-0.43778953222078515,-1.1814663361659143,0.003224103755757435,0.6621108138369735,-0.790139141396053,0.451032773137546,0.9999999999992053,0.06702692740638685
2025-04-22 11:00:00,90942.15,88479.66,90797.73,1.518870474402238,-1.1779561651039392,0.015861652650581926,0.9413520460958573,0.48380405586839237,0.5163520000209525,0.999999999999285,0.07812184021314779
2025-04-22 15:00:00,91666.0,90383.84,91504.36,1.175654157343412,-3.025775131144607,0.013202385937928662,0.8739314906027811,0.2987125389588444,0.4684749046206278,0.999999999999341,0.09055470104417443
2025-04-22 19:00:00,93888.0,90905.0,92786.19,1.1602302514689804,-2.951845346352893,0.013262628088589246,0.6306369426730459,0.48625216772013763,0.6201094383925781,0.9999999999993895,0.10506458923881025
2025-04-22 23:00:00,93909.05,92580.18,92868.77,0.45791358365497875,-1.283524711801693,0.010598884099646044,0.21716947481532223,-0.029639275657318557,0.4706572003045749,0.9999999999994239,0.11624310116044174
2025-04-23 03:00:00,93863.63,92689.4,93628.13,-0.38358493252381015,-1.2761296065155474,0.0015303890747218052,0.7994430392614801,-0.7082362092145644,0.4849621201652241,0.9999999999994286,0.1265235845074124
2025-04-23 07:00:00,94521.79,93340.81,93745.19,0.0025233581836521762,-0.47031619453890683,0.006109683080222972,0.34241054039575775,-0.4176494353860769,0.5091868575580406,0.9999999999994467,0.1345483716932745
2025-04-23 11:00:00,94696.05,92666.01,92940.06,0.3913914634984757,-0.47081703663357266,-0.004135374503982825,0.13499733995322843,0.5664533920641229,0.46801552049617867,0.9785060127550836,0.13774689368309836
2025-04-23 15:00:00,94219.93,91935.41,93620.89,0.23238537636262813,0.47478795623508974,-0.004797276262844208,0.73778299160989,0.4256015587839539,0.49943382549946813,0.9536748431701332,0.13592232174324284
2025-04-23 19:00:00,93917.53,92963.66,93790.19,-0.6408395530228238,0.4824740838960762,0.004608161765361718,0.8665017245445793,-0.2385242683252806,0.44269809643077906,0.977412711634569,0.1338343542273348
2025-04-23 23:00:00,93841.3,93050.0,93101.23,-0.6015542896320873,-1.6459008173465464,-0.0007395137651777794,0.06474156451326718,-0.5215441950616783,0.3097205446977608,0.9735857248078971,0.1279298764425846
2025-04-24 03:00:00,93329.63,92254.0,92388.69,-0.4129377117695217,-1.632758482164536,-0.008063994437109367,0.1252196387221903,-0.4041818521356804,0.39945289327790634,0.9318853806811024,0.11853698509149554
2025-04-24 07:00:00,92657.69,91660.01,92550.89,-0.09403745773263489,0.6626638869232959,-0.005344626264665142,0.8929516478139968,-0.13432512204978436,0.42984184210717324,0.9044702439845681,0.1152482851314471
2025-04-24 11:00:00,93400.0,92270.67,93101.83,-0.224403894586513,0.6567821244793816,0.006414479334978074,0.7359761982703396,0.23642858459478105,0.49626378812686767,0.9371973134103749,0.11163319201239387
2025-04-24 15:00:00,93595.22,92666.62,93380.0,-0.4707562594783031,-1.4839814672010516,0.004896925172316768,0.7682317467072128,0.1611429998312625,0.48029503578729754,0.9623419898550819,0.10675856681545119
2025-04-24 19:00:00,93666.0,93024.0,93427.98,-0.7437524133868628,-1.4714920886147091,0.002133606624263873,0.6292523364387903,-0.6468864574723964,0.4073299994688826,0.9733512580643499,0.1034588784100748
2025-04-24 23:00:00,94444.0,92892.0,92992.33,-0.03256056618005834,-1.3433006830649852,0.0032147355856533277,0.06464561855628563,0.030855911468197012,0.5405246485480609,0.9899744716614632,0.09229222349194899
2025-04-25 03:00:00,93612.57,92855.96,93538.07,-0.5993163934747875,-1.3312620706882303,-0.005047812966990306,0.9015344761382809,-0.5287358335120077,0.49301787878749376,0.9637886090374344,0.07926155050369889
2025-04-25 07:00:00,93976.42,93497.64,93634.02,-0.33428958724199054,-0.7762996236053602,0.004351792406758204,0.28484899117999185,-0.5216544312439882,0.4549676694460574,0.9862498636708454,0.06859847240889295
2025-04-25 11:00:00,95758.04,93634.02,95368.0,1.3666968924235905,-0.7762380691579794,0.011769757633338873,0.8163670775189692,1.3830405931231573,0.4917798660075763,0.9999999999994715,0.057888617813749856
2025-04-25 15:00:00,95683.31,94370.35,94970.15,-0.07719664868299055,-0.7834025517814573,0.0035235189586726445,0.4568303680199121,0.49204439909155745,0.43616297402219756,0.9999999999994807,0.042518378210527924
2025-04-25 19:00:00,95345.45,94441.61,94850.0,-0.6987870417971984,-0.7762602600433129,-0.0016446343964726662,0.45183882102527284,-0.6281601804014864,0.4160277653200039,0.9918777205654886,0.038014376544654456
2025-04-25 23:00:00,95199.0,94527.84,95000.0,-0.4896300994497902,-3.5822128761089815,-0.0015645337944140136,0.7034984206343734,-0.6713398914851347,0.42198604858104216,0.9841637378316289,0.03579100933346466
2025-04-26 03:00:00,95059.67,94380.72,94630.42,-0.9031418810963802,-3.468622190887771,-0.0016474853502916886,0.36777376831330794,-0.8307790763733599,0.43797641949810184,0.976053468534478,0.036305652916124545
2025-04-26 07:00:00,94794.17,94120.5,94209.03,-0.8073569033547283,-1.4705398667338607,-0.002646046730403584,0.13141449077246267,-0.7019451002406562,0.4839649225011253,0.9630489242043438,0.03586698657160488
2025-04-26 11:00:00,94320.0,93870.69,94240.01,-0.7812580052349439,-1.4579437842986016,-0.003165341972800162,0.821971467342758,-0.60566116234633,0.42430176826626637,0.9475333597527453,0.03613792793815179
2025-04-26 15:00:00,94394.0,94041.0,94154.71,-0.9440972335076316,0.057239370712236205,0.0018287798939637945,0.3221246458832441,-0.8396188027399205,0.4644665475595113,0.9564691200573947,0.03634850431526393
2025-04-26 19:00:00,94800.0,94087.0,94781.86,-0.9252661126801742,0.058374412275733596,0.0014382425705010693,0.9745582047549158,-0.808678995378767,0.4251325851322328,0.9635094938110554,0.036205832856764236
2025-04-26 23:00:00,95369.0,94041.6,94345.86,-0.1411983025993377,-1.107742227476146,0.003762393586604018,0.22921500677844203,0.051971352282938484,0.46867796421501406,0.9819533604552212,0.03652131652271554
2025-04-27 03:00:00,94465.0,93655.0,94015.91,-0.6787077047690189,-1.1020420043520998,-0.007521333227763494,0.44556790122907136,-0.5820826676955986,0.3217647071935097,0.9449438365034243,0.03663460715248588
2025-04-27 07:00:00,94331.85,93930.52,94053.6,-0.8126628206801612,-0.8729983038987601,0.000793185425051135,0.3066802880346209,-0.8103639396907913,0.4936273981582926,0.9488174347400973,0.035665614896087626
2025-04-27 11:00:00,94173.91,93602.58,93985.9,-0.7579308266821874,-0.86893845690377,-0.002457734747701168,0.6709257346774754,-0.5384612145136778,0.5015496453107328,0.9368053275720448,0.031934264122371964
2025-04-27 15:00:00,94415.54,93727.08,94287.29,-0.7866107399222997,-0.7980911771505014,0.0014729961898061195,0.8137146675069885,-0.7504024195348199,0.620841452512876,0.9439868598626171,0.02806551317999823
2025-04-27 19:00:00,94545.45,93641.7,93939.57,-0.8404096204884853,-0.791093424470281,0.0011859088261612083,0.3295933609922146,-0.6539369398091593,0.4631432758168017,0.9497772261716216,0.026264323600627734
2025-04-27 23:00:00,93939.57,92800.01,93621.64,-0.19874685614634627,-0.5762137014376925,-0.008953006887796766,0.7210063533230245,0.3241544653120756,0.4641592035811745,0.9060110721245874,0.02573357045052623
2025-04-28 03:00:00,94670.46,93470.01,94583.99,-0.18143585452971459,-0.5732354311572894,0.00834297326501976,0.9279686784045317,-0.34466459176102554,0.6202567664100903,0.9464299792071149,0.024490647886542257
2025-04-28 07:00:00,95223.78,94339.48,95060.77,-0.0820594578534607,-0.6035098494145724,0.007640808680238864,0.8156621056110473,-0.25842857225017485,0.500132807146245,0.9837559675313616,0.021995731745659407
2025-04-28 11:00:00,95630.0,93850.0,94417.73,1.5477526563133868,-0.5999543277925309,0.0022458694735909557,0.3189494382004531,0.9585399889238968,0.5358291679603899,0.9948110567123539,0.020559197137964464
2025-04-28 15:00:00,94523.81,93444.0,94175.89,-0.4335356821340444,-2.19158887790601,-0.012782578831564528,0.6777951676621101,0.28427289408465745,0.4335343853598896,0.9317486569819442,0.01928072694033927
2025-04-28 19:00:00,94920.0,94160.61,94809.52,-0.8303843518441897,-2.1696718897935607,0.008746079843569898,0.8545148079267028,-0.48604369878943554,0.5034868765423524,0.9743455832003393,0.017230298595173676
2025-04-28 23:00:00,95461.53,94504.81,94615.68,-0.34354100877871885,-0.8405517280175224,0.0040782475973719645,0.11588552554439789,0.06279199652204921,0.5534016057062601,0.9943820099460573,0.016484944469836633
2025-04-29 03:00:00,94872.0,94200.0,94780.0,-0.18218015537048016,-0.8332998800800143,-0.006201618062658065,0.8630952380823944,-0.4244299189212513,0.2516797583170405,0.9637892077648931,0.016284894943047048
2025-04-29 07:00:00,95094.25,94704.81,94817.32,-0.7067812031654589,-0.5207781107038807,0.005062540472705379,0.2889020131396868,-0.6280006269756785,0.40989907555278815,0.9886080224361941,0.01571393874056758
2025-04-29 11:00:00,95300.0,94531.85,95040.8,-0.05384010378521088,-0.5185036142455819,0.0005966477258467773,0.6625659050880366,0.04518334794199857,0.4794031437101648,0.9915478618238798,0.016736954629178024
2025-04-29 15:00:00,95459.99,94658.99,95391.29,-0.1609976075110398,-0.28742279373678375,0.002111084252804707,0.9142322097263995,0.1840898543439959,0.46401528659260083,0.9999999999994817,0.018969863691228096
2025-04-29 19:00:00,95448.84,94000.01,94163.67,-0.3794703921580229,-0.2894052008457409,-0.005335437943326471,0.1129601126418377,-0.01709917431988219,0.4281026807916032,0.973691143263239,0.019312097686337168
2025-04-29 23:00:00,94785.0,93742.54,94641.99,-0.5236207213437035,-1.9597657748098147,-0.004216906687898647,0.8628148801789787,-0.3136856943435913,0.473065267017989,0.9530086667785909,0.019056528828309285
2025-04-30 03:00:00,95180.0,94496.87,94751.99,-0.6192366379829504,-1.9334244021652478,0.007258434503429445,0.3734574678264365,-0.5516375896192022,0.4542003690870996,0.9884586683650701,0.018991501034164353
2025-04-30 07:00:00,95043.23,94500.0,94946.52,-0.8068123224720871,0.15610083408698489,-0.0016747226490338996,0.8219722769209868,-0.7583476008914309,0.4248645536492041,0.9802199984482483,0.019409380342727524
2025-04-30 11:00:00,95228.45,92910.0,93705.04,2.112708717911072,0.15506004363597145,-0.007925164484067548,0.3429187603772199,1.4341479136416124,0.4796853460530684,0.9412980510418757,0.02060931561157862
2025-04-30 15:00:00,94500.0,93528.71,94078.24,-0.4484928412406994,-1.5620496297419744,-0.00018465348993357278,0.5657733529577621,0.2388375638260611,0.4888830662271727,0.9403983707009956,0.02047905584163137
2025-04-30 19:00:00,94784.1,93757.63,94114.05,-0.5173394426423289,-1.5453964317843178,0.003919337450805971,0.34722885227675976,-0.16571846088446204,0.47892586057573105,0.9594908868455442,0.02020530376969453
2025-04-30 23:00:00,94972.5,94005.0,94867.46,-0.5581342578617943,0.3167269615516575,0.002228342389812621,0.8914315245385964,-0.5385496743686795,0.551086814382563,0.9703884965768863,0.020222043640725964
2025-05-01 03:00:00,95180.0,94688.75,94888.85,-0.3335265136695974,0.31021107340611703,0.003673466928951985,0.40732824426652936,-0.7092851547037786,0.548508066757545,0.9883934558500359,0.019612611291574385
2025-05-01 07:00:00,96396.31,94800.0,96169.01,0.26841911856038964,0.8789991640467472,0.007825987134112866,0.8576091110068976,-0.341471333574312,0.6109968938233099,0.9999999999994953,0.022230050572617288
2025-05-01 11:00:00,96908.28,95769.66,96827.99,1.214598452594081,0.8714781539300145,0.006383974611786858,0.9294848149432746,0.5806282153340043,0.43575740841324867,0.9999999999995104,0.029495373928723034
2025-05-01 15:00:00,97424.02,96425.22,96869.55,0.5280629237687435,-2.6244396687196185,0.007412050125642056,0.44486383659947115,0.36428819482090413,0.5127108137314118,0.9999999999995269,0.03505040149821093
2025-05-01 19:00:00,96885.77,96312.24,96372.33,-0.519591302433913,-2.5752330648839394,-0.004406649855436595,0.10477220023180811,-0.3494353360926022,0.4609405992667423,0.9797814098362297,0.037391108177225664
2025-05-01 23:00:00,97179.97,96184.19,96952.58,-0.5492007140439082,-3.5306566105420085,0.002112091306524899,0.7716463475790675,-0.3477577789611858,0.5244375871160508,0.9894294033231681,0.04033500226658358
2025-05-02 03:00:00,97309.78,96562.98,96715.0,-0.6016385089391074,-3.4429255612258856,0.001833859556313655,0.20356186395014444,-0.6275802546607567,0.4833858300745336,0.9978241324569832,0.04280185002119263
2025-05-02 07:00:00,96927.92,96350.0,96888.0,-0.46683790492317523,-2.7198851890711455,-0.0035933920601822766,0.9309246954434738,-0.545800371397071,0.4883083848966787,0.9813447503252059,0.04486445967534303
2025-05-02 11:00:00,97895.68,96650.94,97748.4,0.6048277773333357,-2.6779351394705735,0.005646426533031601,0.8816781014438223,0.464089711610104,0.5609447553382451,0.9999999999995303,0.04916843940204378
2025-05-02 15:00:00,97891.19,97053.46,97171.0,-0.2517285729836721,-2.471696393317226,0.003187496445500093,0.14030773638116228,0.22978687941522047,0.4085025056835625,0.999999999999537,0.0512850607049677
2025-05-02 19:00:00,97182.54,96561.57,96649.01,-0.7864060599055862,-2.4282750185013713,-0.005922383757926197,0.14081195548670877,-0.7277971581681103,0.43391284474009534,0.9732801790861544,0.0520921887835865
2025-05-02 23:00:00,96935.67,96435.16,96533.51,-0.7411402089688994,-1.7996730452569825,-0.0023474635516628206,0.1964995704342117,-0.8973690338351433,0.4480151959535676,0.9627519300226663,0.052623916447897545
2025-05-03 03:00:00,96593.0,96132.67,96183.5,-0.5864941186494567,-1.789163892789364,-0.0027290884822073203,0.11042078508656256,-0.9457177683594629,0.3436510016965961,0.950540845984502,0.05057615873127757
2025-05-03 07:00:00,96421.91,95852.29,95896.5,-0.3039301032463774,0.2600189300947089,-0.0024256299511714596,0.07761314560448984,-0.8238325769627868,0.4117463535371071,0.939717181987797,0.049313225440707154
2025-05-03 11:00:00,96459.67,95865.0,96380.95,-0.5888927840006122,0.25995285305270915,-0.0006515274600780163,0.8676240603886565,-0.873086417206403,0.44786294034670937,0.9368169832272467,0.04787509915200539
2025-05-03 15:00:00,96509.44,95869.68,96146.99,-0.9614976649246836,-0.781262491487811,0.0010837740548008679,0.43345942227659373,-0.9020185744386366,0.3820130902492802,0.9416381343033838,0.04688244075438491
2025-05-03 19:00:00,96441.49,96125.15,96170.18,-1.104836275157333,-0.7742992343197282,0.0010081587104324718,0.14234684200092873,-1.064025993684455,0.5076453307658352,0.9461277722479264,0.04082072860766206
2025-05-03 23:00:00,96304.48,95588.0,95892.28,-0.46837755864934877,-0.3647226670294493,-0.0038092870553471103,0.4246873604228362,-0.4696748564580879,0.4400931693075827,0.9291467539015431,0.03554700683706739
2025-05-04 03:00:00,96142.86,95667.94,95905.74,-0.7046954221589848,-0.37014767273794197,2.2498665103398707e-05,0.5007159100374728,-0.7207826597604471,0.3368945418005633,0.9292466662736767,0.028888141018202976
2025-05-04 07:00:00,96082.8,95286.78,95400.47,-0.4190941137753985,0.27282141741251564,-0.0033677738464946705,0.14282304464532738,-0.7070183853415394,0.37400614700952745,0.9142906747662525,0.02685147131014388
2025-05-04 11:00:00,95647.8,95209.07,95611.07,-0.36589602877695454,0.27112671880415395,-0.001560558165919823,0.9162810840171425,-0.8419193958540441,0.3541483605415136,0.907383711020087,0.023748383646402377
2025-05-04 15:00:00,95690.48,95239.33,95389.07,-0.9137016472468772,0.38335891020891255,7.943242570496167e-05,0.33190734788138776,-0.9211159562275145,0.4175829264305338,0.9077347269045352,0.02563079493434378
2025-05-04 19:00:00,95758.08,94724.57,95015.82,-0.6120848950155653,0.3792778477776444,-0.002367612612391934,0.2818066588588242,-0.6904790188380581,0.4164534068398924,0.8972712966155693,0.028344668044796278
2025-05-04 23:00:00,95037.4,93514.1,94236.67,0.7585368065415521,-0.9992643039395529,-0.009997511733988995,0.47434517166366086,0.33505653853550715,0.518050070372136,0.8531928883941536,0.033972643381159795
2025-05-05 03:00:00,94774.11,94016.6,94761.13,-0.29102203673314814,-0.9907115841703183,0.0009402720788584951,0.9828649126614505,-0.6341696937865813,0.45987603636199076,0.8572970438865886,0.03618567628775813
2025-05-05 07:00:00,94825.46,94047.79,94121.89,-0.1965026781377531,0.3795377936109187,0.0018035238840878876,0.09528463229782781,-0.7440065749224419,0.4599461212328223,0.8651765741427991,0.03978122095942915
2025-05-05 11:00:00,94531.74,93635.78,93879.37,0.5214645015827831,0.3816735847609106,-0.004708501998278325,0.2718759766030582,0.3040280901088371,0.48652387055215157,0.8445681993745077,0.043601767087706036
2025-05-05 15:00:00,94900.0,93613.66,94730.39,-0.15996694549146076,-0.9453889854442076,0.0007921885286981123,0.8681452804012295,-0.15577042630533686,0.4559485824038605,0.8480191586002357,0.04290886013281293
2025-05-05 19:00:00,95199.0,93876.0,95049.48,-0.5743637791037633,-0.9372679657309396,0.004910545065423877,0.8869841269774197,-0.4238568957413249,0.4923145464167784,0.8694275919229009,0.03793136744810803
2025-05-05 23:00:00,95129.76,94012.78,94334.99,-0.6616157255910388,0.02726216196256981,-0.000564216237171622,0.28846532614471426,-0.5178108359277381,0.44072075156453516,0.8669557074508262,0.03629066367716151
2025-05-06 03:00:00,94603.03,94233.96,94498.11,-0.7614958685116502,0.027825859028206102,-0.0017073483799128208,0.7157178854765828,-0.8896048357701636,0.5242442446488457,0.8594798737709072,0.03501585467933983
2025-05-06 07:00:00,94638.01,93861.93,93942.83,-0.1853425135002645,0.5851378981728308,-0.0022102364737753843,0.1042418307377669,-0.6796942830203812,0.3577120317814148,0.8498186064320828,0.035250668318167915
2025-05-06 11:00:00,94705.17,93377.0,94147.02,0.37966617101830724,0.5806830789474003,-0.0029268655944535427,0.5797601210644778,0.09958218120989994,0.42832086394351515,0.8370531254800136,0.03496013824902763
2025-05-06 15:00:00,95088.0,94080.09,95067.36,-0.22517029093904536,-0.2592403079267112,0.007245502211796762,0.9795219811195498,-0.1396350545437514,0.5562561323313634,0.8685617837720396,0.03365513175009691
2025-05-06 19:00:00,96293.88,94452.75,96259.94,0.09347320824139624,-0.25960218463738716,0.0077125648209477315,0.9815656689045218,-0.12840516107022,0.5112781950212231,0.9023445790087329,0.03280878030037871
2025-05-06 23:00:00,97732.0,96102.72,96619.05,1.191835858714479,-0.15118384765669848,0.017241893713489276,0.31690685455958034,0.32053736472239913,0.4872347057659919,0.978450490375519,0.03439219367107284
2025-05-07 03:00:00,96714.28,96208.1,96557.31,-0.15732714809285492,-0.14787079560522196,-0.005088092870328964,0.6898929234523248,-0.6019005052494794,0.5011209088861092,0.9556043576894517,0.03571300389210383
2025-05-07 07:00:00,97111.0,96557.3,97030.01,-0.7032334703607972,-0.42886580012440906,0.0041954203275627044,0.8537294563688947,-0.7950298274530885,0.558967541758754,0.9743464370176611,0.03924495001262535
2025-05-07 11:00:00,97478.27,96713.14,96938.0,-0.28349236036838926,-0.42600364583668227,0.0016466512717672188,0.29388469932829764,-0.29877826449108746,0.5028632631868658,0.9817333360680897,0.04216299224637613
2025-05-07 15:00:00,97152.18,95893.14,96593.59,0.03984662686211695,-0.11449915979434658,-0.005028187421990293,0.5563365738931546,0.546828039522655,0.49457273642905897,0.9591396790951895,0.04427261801811583
2025-05-07 19:00:00,97322.0,95784.61,97262.88,-0.4080352854449659,-0.10992660454089735,0.00043101486682961543,0.961545216236862,0.061119530340867693,0.4771678398955958,0.9610666630623995,0.04767903493185659
2025-05-07 23:00:00,98847.0,96876.29,98681.99,0.9802630576310348,0.11827343326285183,0.014393052336708179,0.9162687559259572,0.42823925382636946,0.5919409864818679,0.9999999999995485,0.05601350076498977
2025-05-08 03:00:00,99419.0,98532.02,99039.99,0.766693821753594,0.11778592771155845,0.010126225376859033,0.5726961149003095,-0.05288767862889783,0.4828135355174755,0.9999999999995679,0.06411301272617619
2025-05-08 07:00:00,99888.0,99036.59,99780.67,0.2093084151398594,0.6415932769738079,0.00558808740725758,0.8739385254944848,-0.512485620988112,0.5084023706289165,0.999999999999578,0.07182369153406108
2025-05-08 11:00:00,99822.6,99090.66,99371.95,0.16041878274799512,0.6406902706980709,-0.000916916844523441,0.3843074568901134,0.05728291558542327,0.4432286826294415,0.9961478832119,0.07731061360325608
2025-05-08 15:00:00,101707.02,99316.0,101365.38,2.6447976316371653,0.892738584483962,0.014025576305895848,0.8571153733517203,1.9693744968784583,0.5566266186455306,0.9999999999996,0.08583391919636431
2025-05-08 19:00:00,104145.76,100972.0,103017.95,1.9727093928813506,0.8883774041960931,0.016410410070197612,0.6446454678342263,2.1336777757584358,0.5461219472473946,0.9999999999996249,0.09769505360921439
2025-05-08 23:00:00,103301.6,102500.48,102595.5,0.17787670832441144,1.843105259934125,0.003482600362010091,0.11860894747206013,0.34167379180680596,0.4764204129756337,0.9999999999996297,0.10700575052584811
2025-05-09 03:00:00,103261.71,102364.0,103230.11,-0.022674730397819025,1.8234165694362572,-0.0008212869524935051,0.9647993227103925,-0.3513687443871909,0.5355318092108148,0.9968723650571922,0.115260201153806
2025-05-09 07:00:00,104361.3,102421.0,103371.63,2.895088880103078,1.8012649216384404,0.005337721921627292,0.4899397000438612,1.6692349429449695,0.5324688822770596,0.9999999999996361,0.12001328276155561
2025-05-09 11:00:00,103793.66,102411.99,103155.99,1.3981393998150518,1.7796684911063836,-0.0019349681810731933,0.5384787973934559,1.516358937762416,0.5841386288064365,0.9927230216322803,0.12219725430888387
2025-05-09 15:00:00,103370.54,102315.14,103176.46,-0.3197388406817354,0.5273125887051949,-0.0023120935685321253,0.8161076369071923,0.6333156107314621,0.4665104959820937,0.9840445849014209,0.1199243576149951
2025-05-09 19:00:00,103408.0,102727.25,102784.66,-0.8648418483839654,0.5257149390349166,0.001564593155538585,0.08433345574610379,-0.7699503172535482,0.4011118048448396,0.9899037027039402,0.11503985984682653
2025-05-09 23:00:00,103265.82,102736.59,103147.96,-0.772457306080412,1.6796519509047352,-0.0005878153219129878,0.777299094896791,-0.7938207403798694,0.4698927009122802,0.9876989967790972,0.11072171899431552
2025-05-10 03:00:00,103947.36,102972.17,103930.71,-0.5834783001868171,1.660758639694713,0.0035638735000185218,0.9829264040752844,-0.673776331958052,0.5768039003696727,0.9999999999996364,0.10936689156801765
2025-05-10 07:00:00,104100.0,103366.0,103593.15,-0.224058786546174,1.7230449699108927,0.003971293591700897,0.3094686648459121,-0.1952173486864881,0.5082671490424548,0.9999999999996417,0.1074511088094832
2025-05-10 11:00:00,103825.4,103383.99,103520.41,-0.483606527455032,1.7102362419552852,-0.0019428430221720694,0.30905507350742195,-0.6743546354911133,0.5898351724869553,0.9927778612512599,0.1030229328945912
2025-05-10 15:00:00,103619.68,103005.33,103252.88,-0.34343466339262535,0.4632968385446143,-0.0024954003526281854,0.40294620329775693,-0.45667591184900963,0.48844443440401175,0.9835197208820398,0.09794763301680857
2025-05-10 19:00:00,103831.15,103068.87,103597.89,-0.875926485256445,0.4642486801659097,0.0010395558483509149,0.6939969564898264,-0.6793245104825235,0.5473350459374678,0.9873669341515602,0.09045799111679835
2025-05-10 23:00:00,104984.57,103466.05,103781.06,1.2520955313227624,1.7020279797928344,0.009014206193316943,0.2074454073689642,1.2031803998783523,0.5161041894311368,0.9999999999996491,0.0788999122052843
2025-05-11 03:00:00,104400.0,103616.9,103864.52,-0.3761080028587526,1.691029435267613,-0.00391463790982205,0.31620482696570806,-0.3547298056333802,0.5373321119445696,0.9856644543746607,0.06692727068397178
2025-05-11 07:00:00,104668.36,103345.06,104644.0,-0.11330520065767842,0.43040588292640153,9.713821575685344e-05,0.9815914758483969,-0.3731594200955608,0.5271593873866157,0.9860187855050956,0.05990259640970231
2025-05-11 11:00:00,104888.0,103775.91,104160.0,0.5094610310782363,0.43055847240718326,0.0036418225570566953,0.3453767231038351,-0.04973629180229183,0.4514403970857983,0.9993043543377329,0.05135030714108811
2025-05-11 15:00:00,104832.82,103750.0,104528.19,-0.12185829923254318,1.6768710013077752,-0.0015098982094651214,0.7186697696688376,0.061730728845977786,0.5333427604120586,0.9937761028331824,0.04400800526872035
2025-05-11 19:00:00,104650.8,103569.77,103793.67,-0.685368032251533,1.6625221602385412,-5.0907082660311964e-05,0.2071172862898562,-0.1681141611832356,0.5221740295295944,0.9935899960955307,0.0276904877757141
2025-05-11 23:00:00,105086.42,103710.66,103885.72,0.4806940851420982,0.4853603699160603,0.001765289926427327,0.12724603128360026,0.44801817175728376,0.5510942862286629,0.9999999999996491,0.02063846208503753
2025-05-12 03:00:00,104411.58,103702.15,104384.8,-0.5586952455966957,0.4902482970762037,-0.0034084307048312112,0.9622513849010881,-0.5026881390361465,0.5315536141705417,0.987518595750124,0.021125857230857716
2025-05-12 07:00:00,105819.45,104077.7,104527.62,2.740268785323627,1.6744218838258227,0.008762287692493098,0.2583149131605656,1.4981785284608233,0.5689391774401253,0.9999999999996558,0.02032983259359083
2025-05-12 11:00:00,104629.96,102544.25,102799.99,2.173245170014452,1.669541684555268,-0.010721937384383984,0.12261532044185353,1.8650553519407622,0.490595869886209,0.9612829060510192,0.021786736157682417
2025-05-12 15:00:00,103206.35,100718.37,101630.59,1.7041652909841098,0.030751907874330946,-0.015109902581824652,0.36665085732052943,1.9674360428661999,0.49430804426843,0.9073058084235885,0.028499965626551462
2025-05-12 19:00:00,102941.06,101459.7,102856.38,-0.0726972887376844,0.03576417880587343,-0.00014153872703615011,0.9428363125712715,0.20378377776493453,0.5401238052980565,0.9068078295476806,0.028659232014815402
2025-05-12 23:00:00,103127.92,101696.84,102067.99,-0.16219572385210718,1.0037835687350087,0.0019708412075618575,0.2593495821319666,0.37938687674499133,0.47856186731164563,0.91374090290717,0.03167164637041121
2025-05-13 03:00:00,102767.24,101429.7,102552.0,0.41129366035595544,0.9957103703201193,-0.0010903171969199876,0.8390777098192244,-0.014992916271140357,0.5647834865857929,0.909897799179713,0.03202840440104898
2025-05-13 07:00:00,103612.37,102540.18,103557.72,-0.1027440458456559,1.651225047980328,0.007842407188132894,0.9490295563197901,-0.35791854055031086,0.5482290642474391,0.937510243623453,0.03153077402782259
2025-05-13 11:00:00,103966.0,102811.32,103191.65,0.4326334686790372,1.6327280727006306,0.004175124314105716,0.3293813004440154,0.6727042568777178,0.46880131854768464,0.9523257843545732,0.03158126111740941
2025-05-13 15:00:00,104428.58,103132.15,104354.19,0.20185045481114197,1.0490576337721713,0.004343757852168784,0.9426193469686561,0.3002972188986533,0.5380075598838852,0.9678040808447234,0.032057302669266846
2025-05-13 19:00:00,104976.25,104100.0,104128.5,0.3465894368075588,1.045684442554715,0.005896575500049295,0.03252496433629073,-0.010605865045929424,0.4582952305932414,0.9889068672286672,0.032509200663707494
2025-05-13 23:00:00,104285.66,103496.82,103713.27,-0.0009442101141155828,1.5898581814090404,-0.006302419548990801,0.27439024389895816,-0.04075502594485011,0.43437494626424394,0.9662186391530999,0.032521644160701954
2025-05-14 03:00:00,103971.0,103453.26,103757.5,-0.7190863255554035,1.5725306141421238,-0.0019731378178353687,0.5876308571756593,-0.6437812312838601,0.4533289288330257,0.9591602610066492,0.03253569662525323
2025-05-14 07:00:00,103929.32,102875.22,103708.49,0.3622320767432845,1.0712591553118207,-0.0024342131851182724,0.790503747265055,0.01168414416310877,0.5270033437515736,0.9504696894026109,0.03252704097151295
2025-05-14 11:00:00,104356.95,102902.0,103265.46,0.9849030897220797,1.0667766068688564,0.002440179068377679,0.2498092717945696,0.6870890272880851,0.5073699935623038,0.9591603537141353,0.03270331269348813
2025-05-14 15:00:00,103614.61,102602.05,103523.81,-0.41073994040033746,0.1621573329209839,-0.0046945143555297,0.9103263016422667,0.29265269253329085,0.43574211750931735,0.9424001067227264,0.031140432776489528
2025-05-14 19:00:00,103720.44,103243.0,103511.46,-1.1606642941115153,0.16589556953758103,0.002712732208115076,0.5622905495860887,-0.8073241446168151,0.5184223877937559,0.9520395746894839,0.030595019629933193
2025-05-14 23:00:00,103866.51,102916.05,103047.62,-0.8165282464019368,0.12672862288295364,-0.0015380385334428093,0.13842770868696136,-0.3323163674559575,0.38312886312201644,0.9465594569860247,0.02941320143359107
2025-05-15 03:00:00,103142.86,102140.0,102247.4,-0.5539069711054141,0.12869511590301497,-0.0070881149434696145,0.10709371198265279,0.05732121034768749,0.42397486136546825,0.9213429489280472,0.031094144796233125
2025-05-15 07:00:00,102440.0,101500.0,101804.74,-0.20653989403597622,0.620100708886263,-0.006863158904134248,0.32419148935825887,0.15442932001820042,0.4866089784193253,0.8970998039927506,0.03351876702619281
2025-05-15 11:00:00,102838.82,101383.07,101987.65,0.41340141021167465,0.618567037140333,0.002658348580338643,0.41530482568836286,1.4616866609625154,0.48698687559448467,0.9064256002721914,0.03337388995071962
2025-05-15 15:00:00,104192.7,101931.86,102697.31,0.7994188271178745,-0.1931843514934686,0.01145240236706968,0.33856885051423924,1.2412607105508981,0.4719775720407414,0.9467087637268214,0.030638826295457926
2025-05-15 19:00:00,103980.84,102552.35,103492.06,-0.23824751184930365,-0.19120487934015162,-0.0013450514182208329,0.6578344965616978,0.38763883646492936,0.48007549354140333,0.9419234401719855,0.030597172146881516
2025-05-15 23:00:00,104466.01,103230.76,104199.8,0.15261757039011786,0.4474208446327644,0.0065139609902129525,0.7844889698378169,0.5461100412834825,0.5262432100888027,0.9650671530364365,0.02902209847795797
2025-05-16 03:00:00,104328.32,103816.6,103987.87,-0.5445012890859734,0.4459703811381453,0.001121373388910829,0.33469475493754824,-0.41988664012716287,0.5427387480674852,0.9690772782008736,0.029712470877241038
2025-05-16 07:00:00,104190.48,103100.49,103796.91,0.07272313137876354,1.0830121320036943,-0.0038311811865662238,0.6389232928683888,0.11985640817440685,0.43699434478795174,0.9547919623297926,0.02813050474811763
2025-05-16 11:00:00,104099.88,103343.07,103578.7,-0.2008023193437855,1.0876033386355655,0.0009528557374074431,0.3113463088448585,0.47298346695419413,0.4857073572043401,0.9572611517270565,0.027358216802828
2025-05-16 15:00:00,104550.33,103578.71,103691.55,0.04295142595848729,0.5015452293158222,0.0036699589708684144,0.11613593791691781,0.7802880616990048,0.48454297072071284,0.9708380772865391,0.02742174701694349
2025-05-16 19:00:00,104047.62,103397.5,103521.96,-1.1043286521156808,0.4957469216746874,-0.004222155511864001,0.19144158001306355,-0.5344662738281407,0.435074489791854,0.9507160078302186,0.027432866236237845
2025-05-16 23:00:00,103690.18,102612.5,103286.01,-0.36903641502021906,0.09014148773665935,-0.0052056535126462355,0.6249628832248437,0.2060002837223896,0.4378630303558935,0.9295607299374506,0.026092006881430374
2025-05-17 03:00:00,103709.86,103173.85,103487.95,-0.8791893297557485,0.09412406224326159,0.003059242390968331,0.5859965299045435,-0.5957310582358794,0.6152473729585307,0.9419284792385302,0.025101905677556834
2025-05-17 07:00:00,103640.14,102808.6,102873.74,-0.23832481150561166,0.208421438076307,-0.002740441794957138,0.07833658031990831,-0.12223638649306255,0.4694349155295574,0.9308156676502786,0.02525411234921163
2025-05-17 11:00:00,103180.0,102640.02,103124.8,-0.9606283450326103,0.21314333894591364,-0.0021032829200705594,0.8977739916126981,-0.2668339194749096,0.5239924536664806,0.9223099831127242,0.02482488892541554
2025-05-17 15:00:00,103350.0,102761.9,102987.2,-0.99902389455839,-0.36990593505905317,0.0013821729063190347,0.38309811255937715,-0.2591871303984639,0.44953347231406016,0.927887739544999,0.024570464000473444
2025-05-17 19:00:00,103477.87,102900.72,103031.03,-0.6840934228758846,-0.370435765783374,0.0009768530240716888,0.22578185913149296,-0.3513757323774171,0.38661554452554875,0.9318352769243166,0.024599048113179273
2025-05-17 23:00:00,103409.98,102950.23,103346.7,-1.2310316649182473,0.9351176055904651,0.0006407705464499536,0.8623599782302938,-0.7960950343328907,0.5121651675864175,0.9336302879512396,0.024383602629043825
2025-05-18 03:00:00,103685.03,103140.32,103476.19,-1.0218278957552347,0.9351765024920727,0.002042201526622822,0.6166033302010874,-1.0106793272379595,0.49884203809348593,0.941832217671341,0.024317800785457616
2025-05-18 07:00:00,104088.2,103443.45,103856.81,-0.7089439248814159,0.7523265621413437,0.004099927701131323,0.641116711893896,-0.754156023215943,0.5727323176951223,0.9568644858944982,0.024868512230061004
2025-05-18 11:00:00,105548.0,103701.4,105270.97,0.4399960226933261,0.7477539613534242,0.007811890490561746,0.8499783385635775,-0.22383767006278749,0.6460843818588998,0.9901890382095624,0.028516886621222048
2025-05-18 15:00:00,105980.0,103988.0,104498.0,1.421665743152659,1.6004350142717978,0.004477560196292751,0.25602409638425694,1.0712439063334993,0.5237176487194104,0.9999999999995604,0.02654102035185852
2025-05-18 19:00:00,105979.99,103285.71,105928.1,1.0277373546037811,1.5851880222310464,-0.008056825394199718,0.9807406802523098,1.9165356173881305,0.5229971853701534,0.961382814207925,0.029872505143850033
2025-05-18 23:00:00,107108.62,104569.0,104645.15,2.491937192159432,0.7339917844314693,0.014010790654342742,0.02998480087560126,2.894476452343756,0.5044972208718854,0.9999999999995552,0.029818991451280183
2025-05-19 03:00:00,104645.15,102000.0,102208.0,2.5742362853507297,0.7306106044023855,-0.025648328720522695,0.07863448197615036,2.693402135149026,0.3770790924540092,0.879370231635265,0.03351034200564448
2025-05-19 07:00:00,103425.53,102173.91,102915.5,0.05356510214181526,0.7380974757514218,-0.0003180533904979521,0.5925041146626566,0.5974095950320611,0.5387137859426218,0.8779127228313947,0.033737415166325085
2025-05-19 11:00:00,104369.0,102126.16,104328.11,0.8198013053604875,0.73504882111108,0.000881835826830768,0.9817686504566455,1.0210572895563026,0.4992944238620436,0.8804836729014661,0.033653302408065626
2025-05-19 15:00:00,105561.76,104266.14,104778.98,1.215277498794754,-0.08888288401164259,0.01762185492772317,0.39582593661416166,1.1636227100902363,0.5076662196022277,0.962288323470976,0.034767840863086236
2025-05-19 19:00:00,105788.87,104633.55,105549.92,0.18578621186939412,-0.08564424675423046,0.003835570185996673,0.7931741855001815,0.03606837329664765,0.4531102991293626,0.9804076783914623,0.037704631577405084
2025-05-19 23:00:00,106853.27,105455.57,106099.99,0.8714611910038248,1.2300944348990444,0.007818576000018451,0.4610574515242105,1.1190179797004316,0.5251572965870087,0.9999999999995575,0.042018414237216306
2025-05-20 03:00:00,106399.0,105381.02,105454.54,-0.10029940548294955,1.2241348745933374,-0.0021014789006207346,0.07222145818117016,-0.06325732057899075,0.5129942241143446,0.9901291409742563,0.04390302460635555
2025-05-20 07:00:00,105750.26,104847.16,105030.65,-0.056868315678778876,0.954213418019381,-0.0065971759545906394,0.20317794263975272,-0.3008228264919973,0.4821617704036738,0.9592066578025398,0.0442530831532757
2025-05-20 11:00:00,105348.67,104184.72,104519.84,0.19625152222618616,0.9509447237458659,-0.005178481037146243,0.2879161475983651,0.22126845604555928,0.5452576544871406,0.9350940559577869,0.04417049804028637
2025-05-20 15:00:00,106419.19,104482.68,105285.54,0.27784423421017196,-0.2650999729852429,0.00933685558867503,0.4145911975646141,0.8654024951883682,0.5126523035293432,0.9783441939409224,0.04310391550005464
2025-05-20 19:00:00,107320.0,105220.0,106775.83,0.9033931928740546,-0.2592464265302758,0.00935543099479963,0.7408714285679014,1.416263630077011,0.5311334977050354,0.999999999999567,0.04581374234557261
2025-05-20 23:00:00,107208.68,106186.79,106859.04,-0.35726070703674784,1.322577531930276,0.0009493605550376927,0.6578496707017604,0.48955413941854,0.42895874165702486,0.9999999999995689,0.04777400872677583
2025-05-21 03:00:00,107985.05,106742.85,107751.41,0.7828029008328253,1.324952972141516,0.0062489442648063775,0.8119143455094839,0.8835292965803497,0.49730566894197586,0.999999999999581,0.05140079347645784
2025-05-21 07:00:00,107855.49,106100.01,106328.57,0.4375533931007824,0.9849245399406527,-0.007641097889359183,0.1301980085211503,1.0124905179161607,0.5707225848476918,0.9656091974521501,0.05137646285241088
2025-05-21 11:00:00,109000.0,106272.72,108999.99,2.119983371204187,0.9868182049742007,0.008202588300730396,0.9999963333394464,2.0813556251239627,0.6313002342805806,0.9999999999995819,0.05754961326256241
2025-05-21 15:00:00,109845.0,106117.67,106965.05,5.0,0.5606566642533172,0.006259053067821263,0.2273423603484883,5.0,0.45615639837783717,0.9999999999995933,0.05856238990024701
2025-05-21 19:00:00,109028.25,106619.68,108739.36,0.8049781768992382,0.5633877013935366,-0.0003300383782487426,0.8800574614776406,1.5425577924192797,0.4918724797026447,0.9985486938708926,0.06336031447714298
2025-05-21 23:00:00,110981.96,108660.0,110471.51,2.960788915989988,1.5824987016248018,0.017544702992120076,0.7801641716447261,3.576174880952266,0.5732189553309509,0.999999999999622,0.07246911409639076
2025-05-22 03:00:00,111880.0,110339.87,110606.07,2.1365975942328514,1.5666376919141587,0.011115034294309822,0.1728425522509674,2.6897393828738387,0.546285208746106,0.9999999999996386,0.08145840680687931
2025-05-22 07:00:00,111162.18,110272.72,110805.22,0.21736953038745926,1.55015110943349,-0.004496739142455297,0.5986778494749827,0.9346679500092276,0.52313523178843,0.9819282979656637,0.08807427532529082
2025-05-22 11:00:00,111626.43,110500.0,110897.9,0.8692188830932096,1.5339852540853713,0.003415487109784676,0.35323988174716964,1.876562719886441,0.5210829994840362,0.9955928909474502,0.08672049435328516
2025-05-22 15:00:00,111980.0,110787.8,111727.27,-0.09095656114511538,1.5251370870521879,0.0028568774427915056,0.7880137560745877,0.9683429384599797,0.5075475739005286,0.9999999999996412,0.08705829643763399
2025-05-22 19:00:00,111920.0,110763.27,111020.93,-0.4915059953968407,1.5163902252911858,-0.002093393669320931,0.22274861030470583,0.005402037730132795,0.4730666190785199,0.9916312873744919,0.08817643481121065
2025-05-22 23:00:00,111800.0,111020.92,111272.72,-0.3642727991521731,1.3634198099813946,0.002166617257215453,0.32320172510752465,0.2712400891838326,0.5126782368241813,0.9999999999996413,0.08862774985094057
2025-05-23 03:00:00,111374.54,110407.89,110526.01,-0.46688662036129835,1.3510780938641747,-0.0057546945891666645,0.12219521026097771,-0.07092935270238702,0.42523147013386425,0.9769993229379141,0.08866923760615106
2025-05-23 07:00:00,111381.61,110523.8,111061.24,-0.47763671229327664,0.9222956590084623,0.0009364920070193961,0.6265256874992581,-0.44900510589693504,0.5125291231674958,0.9807093377812888,0.08881472397700231
2025-05-23 11:00:00,111092.5,107316.0,109672.01,4.1257534705995385,0.9161505642441301,-0.018129419855782536,0.6238607175940041,4.106224021552419,0.42559271352906175,0.9082088045802515,0.08626278827958324
2025-05-23 15:00:00,109850.02,108001.0,108794.09,0.5498913608413774,1.1892261527725354,0.0014647134084118107,0.4289245113604534,1.692772130969307,0.4839265356291585,0.9126193830717308,0.08073984426649485
2025-05-23 19:00:00,109157.85,107638.96,107797.37,-0.44563289000661804,1.1858123536110603,-0.005363320642957969,0.1042932667928198,0.2840341193289153,0.4423927000847824,0.8910211632745844,0.07261682153654064
2025-05-23 23:00:00,107900.11,106800.0,107803.84,-0.2961174652179174,0.14746702923522786,-0.009745220324535397,0.9124905691166075,0.9259646479235205,0.46237717329130196,0.8522812662353537,0.06565448894045255
2025-05-24 03:00:00,108582.33,107683.96,107959.99,-0.6851644065404342,0.14606318064005072,0.006958988598999127,0.30725647561353087,-0.32113759297136235,0.4431172402576867,0.8796755450812215,0.0630238309717572
2025-05-24 07:00:00,109258.94,107566.37,109094.99,-0.08475658431665775,0.36029947177710664,0.0021880703752406028,0.9031354685424959,-0.2835567941761209,0.5236688712399465,0.887835918736658,0.058758416635798755
2025-05-24 11:00:00,109506.03,108540.0,108959.09,0.21437365042529435,0.3573664098340834,0.00637391616385985,0.4338271068141349,0.09117883527017756,0.614595302510843,0.9132053810922419,0.057223010931537165
2025-05-24 15:00:00,109212.76,108682.36,108827.01,-1.0802500052781356,1.0151724652978251,-0.0012286538249950407,0.27271870286061195,-0.6613493493437576,0.46890867706244493,0.9082668900742537,0.05085374164850982
2025-05-24 19:00:00,109125.0,107977.67,108100.5,-0.9495758749840092,1.0116322171463177,-0.00286557789536257,0.10705725466860537,-0.7518107306011272,0.5529019494170793,0.8967630450083219,0.0524801473946372
2025-05-24 23:00:00,108396.97,107206.0,107928.8,0.14199995803027726,1.397083212383348,-0.007937042070796707,0.6069002577679817,0.7961628919067127,0.47061163729643185,0.8649911442978324,0.049656996591808014
2025-05-25 03:00:00,108288.69,107687.21,107938.0,-1.0309671831576883,1.385345677796601,0.0028696711945730424,0.41695484470942634,-0.7249844204965191,0.47452637668439446,0.876387234727518,0.051083998730941896
2025-05-25 07:00:00,107938.0,106708.98,106946.4,-0.23159833751226147,0.43998322493643377,-0.008078398169109713,0.193178304663932,0.31366497384054265,0.4155768064551888,0.8442140908655495,0.05528004857810467
2025-05-25 11:00:00,107743.34,106834.34,107355.0,-0.5269835465586148,0.43686006772247427,0.0013156504147051606,0.5727832783215354,-0.19125668499111276,0.5167241231656023,0.8494114903771103,0.056454828700320044
2025-05-25 15:00:00,107600.0,106600.64,107413.34,0.41543689331216505,0.14605333832239828,-0.0029369436160221474,0.8132204610869601,0.08392052829690778,0.3419150149466686,0.8377940030492133,0.0565571374152649
2025-05-25 19:00:00,109200.0,107176.0,109166.0,-0.5061837435991889,0.14935654404360194,0.010576238541793792,0.9832015810228103,0.01032438941939142,0.5370962314111,0.8795069104100877,0.053357875285024045
2025-05-25 23:00:00,109844.91,108570.16,109387.72,-0.15371692370209106,0.8864007381676242,0.009875372094825696,0.6413492841683344,0.4265782010544684,0.5049994463223877,0.918867516237381,0.047884526897127674
2025-05-26 03:00:00,109951.2,109273.51,109928.37,-0.6976593057488499,0.8809583690948435,0.0034295453270456466,0.9663120305601901,-0.7573246191226335,0.44219171536209867,0.9326717604622577,0.04493407265887291
2025-05-26 07:00:00,110228.11,109571.42,109643.56,-0.631928195094664,1.4049609736031603,0.0024022996414438946,0.10985396457826466,-0.3509377604722392,0.5124942621143257,0.9423744056014669,0.0405098977805503
2025-05-26 11:00:00,110086.96,109494.74,109652.51,-0.7234075734964336,1.3925218385433893,-0.001545922031048752,0.2664043767473661,-0.3552712915457084,0.4761064137204944,0.9361155834323994,0.03834037871449178
2025-05-26 15:00:00,110422.22,108871.21,109101.97,0.08442386291160128,1.341357126631676,-0.0003067290442319015,0.14878047207852158,0.8264617756949414,0.522573607907366,0.9348756795431798,0.03286892484425299
2025-05-26 19:00:00,109888.89,108858.28,109190.48,-0.9633483671954757,1.3337166563016194,-0.003323262518325709,0.322333375376499,-0.5507594185555735,0.4937598028916869,0.9214460343439593,0.031928871556628
2025-05-26 23:00:00,109666.0,107516.57,108272.72,0.0004033947371110915,0.9034193561931148,-0.007087889302395567,0.3517909399219694,0.6697310207760446,0.4278129127778701,0.8928983334496305,0.03220301601476886
2025-05-27 03:00:00,109355.11,108268.0,108828.19,-0.05430575561706356,0.8953240817482561,0.0041224598834772586,0.5153020393473053,0.1825194899922858,0.5024023692140491,0.9093845673690092,0.03149326350030391
2025-05-27 07:00:00,109899.0,108828.18,109698.57,-0.646172676628361,0.812174854208559,0.005306696575632985,0.8128256849814909,-0.5305942383712109,0.5215240433496384,0.9306941997327648,0.03178575761235468
2025-05-27 11:00:00,110718.0,108670.29,109374.75,0.7787039075467996,0.8051633280819461,0.0028316872077052135,0.34402332361348237,0.9486611693478089,0.46687743181195585,0.942125497964687,0.031762001240345054
2025-05-27 15:00:00,110499.64,109010.33,109890.62,-0.08210113070429534,-0.14661122698794551,0.001112194952484158,0.5910723757942163,0.317638723170533,0.4110498968376635,0.9466280552228389,0.03287337783230163
2025-05-27 19:00:00,110064.71,108600.0,109027.01,-0.6768606535995412,-0.14999507769170778,-0.006157035218990248,0.29153211215672564,-0.26308584573716176,0.498887027743792,0.9211607030657157,0.03316442210360237
2025-05-27 23:00:00,109284.7,108400.0,108627.42,-0.6760427771143906,0.0008339652978621357,-0.004271381315780642,0.2570588900163088,-0.3506911536127601,0.5120777674476557,0.9021323289189342,0.033308394020316094
2025-05-28 03:00:00,109089.68,108569.09,108727.27,-0.9041215511006765,-0.004083130676176719,2.79559847848887e-05,0.30384755757308085,-0.8948408562064853,0.47274633591236437,0.8951704943976744,0.032770301433351155
2025-05-28 07:00:00,109130.44,108258.01,108829.01,-0.6699147722399471,-0.22026933264070117,-0.0008124800859520276,0.6544937702663252,-0.5850212434560137,0.46221730468581107,0.8895922884917739,0.031850711088206834
2025-05-28 11:00:00,109053.39,107466.02,107522.72,0.041366924463636094,-0.2175858639634104,-0.005248698868474344,0.035719460491026075,0.31273560958284685,0.39373951735864077,0.8660572459639565,0.0332621550735452
2025-05-28 15:00:00,107842.29,107045.45,107476.55,0.19674585142059878,0.4225894892431752,-0.007121765733375085,0.5410119973829095,0.15619970629539484,0.4259777136474823,0.8342910266383016,0.03132494073972982
2025-05-28 19:00:00,107798.14,106769.43,107400.73,-0.7154422061828282,0.4226263544791948,-0.0018060857340226333,0.613681212386253,-0.2412335958222262,0.4449614683260407,0.8262924594198267,0.03118914451306329
2025-05-28 23:00:00,108484.61,107400.73,108426.94,-0.23448928585471157,-0.014795196778067832,0.007002468274406981,0.9467930029067186,0.3509710316037066,0.5174465128533942,0.8572481077541972,0.028540781958063744
2025-05-29 03:00:00,108430.76,106948.01,107915.46,-0.4946802193625604,-0.016256396077736705,-0.0022847765432335576,0.652470072496029,-0.45391915167826546,0.4490534073525774,0.8419367561569218,0.02971872447203527
2025-05-29 07:00:00,108857.15,107681.81,108746.01,-0.5007379057807843,-0.08676974192353357,0.005541707976305599,0.9054401279552691,-0.5839305189217134,0.5154438997016355,0.8663080265172356,0.02912255825254414
2025-05-29 11:00:00,108891.91,106474.0,107622.54,0.435870638259766,-0.08250596813526181,-0.0053537633675039276,0.47501354475362684,0.8902664315566905,0.46283560980899596,0.8394342067369225,0.029317794801877687
2025-05-29 15:00:00,107737.7,105804.87,105837.13,0.28166991410843145,1.0252437765662157,-0.009516963742787765,0.01669055219540383,1.4219479576084295,0.4762576610575532,0.7815107033129373,0.0371864117436102
2025-05-29 19:00:00,106470.69,105639.3,105929.07,-0.518798983160737,1.016190322685142,-0.0066343557362045225,0.3485367877849372,-0.14826057507388019,0.5084383418028265,0.7341121357444051,0.04158694537850056
2025-05-29 23:00:00,106214.93,104600.5,106000.0,0.37141804301618664,-0.1467807516934297,-0.004147225599903437,0.8668694214003316,0.879820496325688,0.42823075056889054,0.6950571692230917,0.04527382217098824
2025-05-30 03:00:00,106313.12,105535.07,105711.77,-0.4179238557960745,-0.15706941715182737,0.003963486094206603,0.22710622710330786,-0.5791864085836232,0.4431928840338944,0.716812361645508,0.04889501224057285
2025-05-30 07:00:00,105938.44,104606.01,105925.06,0.5366985249298039,0.0889577337066544,-0.007033326945794838,0.9899581966708164,0.6759209553493963,0.49086057033171204,0.6780540978581768,0.05172604039070071
2025-05-30 11:00:00,106000.0,105047.61,105346.33,0.04243372365883514,0.0843538836734389,0.0033635237114049144,0.3136530202930153,0.887406977440227,0.46148210829502107,0.6964589644652769,0.05545950897880736
2025-05-30 15:00:00,105831.0,103706.71,104891.99,0.6493450591461268,0.8047645176381377,-0.010206163697360715,0.5579652495631118,1.1356976543587523,0.4873548311340132,0.6404240105746724,0.05755967772643264
2025-05-30 19:00:00,104988.97,103966.32,103966.33,-0.7043086063330877,0.7984410147032641,0.0005707515686925735,9.778516593813701e-06,-0.4581322345562578,0.4519371280539793,0.6435256288574898,0.06264916616778089
2025-05-30 23:00:00,104292.69,103102.59,103189.83,-0.07726982865853146,1.02061147579133,-0.00753742079808839,0.07330476430490863,1.5806230985556606,0.4227150321273951,0.6025418688797904,0.0670551334151198
2025-05-31 03:00:00,103911.1,103068.55,103862.52,-0.8052029788765065,1.0147873300642938,-0.0019843578724468847,0.9423417007780844,-0.5853051471598633,0.47670457569734376,0.5918335036093402,0.06830653503553713
2025-05-31 07:00:00,103862.52,103285.71,103410.0,-0.970752688606429,0.8127857120830047,6.632039892728869e-05,0.21547823373006592,-0.9492282330282111,0.46485173952613845,0.5921906840398954,0.07124130616589786
2025-05-31 11:00:00,104583.48,103311.32,104573.92,-0.41596782417354244,0.8052446407420356,0.0037366741961897265,0.9924852219768563,-0.6941394646712151,0.5508096086930441,0.6123165493161895,0.06852645534181355
2025-05-31 15:00:00,104846.15,104261.39,104487.81,-0.791361288849367,0.2193518909818099,0.005650950916638475,0.3872015869692323,-0.8644801803522424,0.4109856700696032,0.6315362391268052,0.06539515238590382
2025-05-31 19:00:00,104900.0,104487.8,104625.8,-1.1043799390307059,0.21985866793943867,0.0016187094257846812,0.3347889374009051,-1.1813864215349397,0.4701933974210929,0.6316369648791538,0.064503581178237
2025-05-31 23:00:00,104840.0,103924.52,104195.12,-0.8857456064382891,-0.8615935945227678,-0.003476232364862497,0.29558264516651006,-0.8142210746914623,0.42323452472653067,0.6110595232960054,0.06417573285590303
2025-06-01 03:00:00,104729.99,103971.7,104258.93,-1.0481603666301582,-0.8643325011260334,0.0004439180230473294,0.3787864801015508,-1.1074979464028802,0.5124167158560382,0.6136106694403505,0.06296773138846931
2025-06-01 07:00:00,104459.07,103752.49,103930.99,-0.8651465145349526,-0.2698101164058853,-0.0034297199002016887,0.25262532196987364,-0.7497976995364682,0.4407189987294903,0.5938917114299644,0.05828784429181457
2025-06-01 11:00:00,104773.59,103783.01,104599.7,-0.7216768526613618,-0.274298439672329,0.002506154704874808,0.8244563790827155,-0.7754780068818646,0.5223703176552132,0.6075537801016728,0.052753673177342524
2025-06-01 15:00:00,105299.21,104319.79,104900.01,-0.4184648926233823,0.09000787770646362,0.005866109354342841,0.5924118355701021,-0.428336330506892,0.4732152299573358,0.6413091597287203,0.040865959727248484
2025-06-01 19:00:00,105737.84,104805.44,105512.18,-0.7881024209767651,0.08646761061032897,0.0030815171698808097,0.7579794079712734,-0.7473323024150774,0.47578286658372193,0.6591451657183683,0.033012114556595536
2025-06-01 23:00:00,105866.91,105019.05,105026.98,-0.722076662856416,-0.8969468799149944,0.0020538780439722792,0.009352959214846177,-0.5766239131570345,0.4959783279054165,0.6710697678635981,0.031842959029251605
2025-06-02 03:00:00,105266.87,104571.42,105162.38,-0.7698860364168969,-0.8957260131331861,-0.005586003880258095,0.8497519591509258,-0.8839731726093055,0.46222196892746337,0.6385713998806613,0.030205791133477763
2025-06-02 07:00:00,105935.63,104254.71,104370.85,-0.2854426839992343,0.3853149213577133,0.0008394871579671115,0.06909311567433823,-0.05379756846952348,0.4569134859371032,0.6434281035295131,0.028079044247063194
2025-06-02 11:00:00,104679.25,103659.88,104176.62,0.051757121868630664,0.37776188598203836,-0.00793214861979652,0.5069209413607658,0.6859546705584951,0.5103678033372364,0.597499544334496,0.026450317124100436
2025-06-02 15:00:00,104731.95,103905.1,104361.54,-0.6817264790681675,0.12983026657776142,0.0015220634127550703,0.5520227368863426,0.024408185436809737,0.47881295589162143,0.606242657539985,0.023176537979786197
2025-06-02 19:00:00,105800.0,104050.96,105695.49,-0.661367222965438,0.12342964913042606,0.006741455481629188,0.9402472213274725,-0.3646168688719002,0.48544853284708,0.6450262064775986,0.024082907689918658
2025-06-02 23:00:00,106500.0,105575.47,105612.46,-0.4130978312323878,0.23783052477523114,0.010039665455949809,0.040009518349437216,-0.1896163406207734,0.47567568858516324,0.7031737095080353,0.025790105411563097
2025-06-03 03:00:00,105712.72,105116.2,105429.67,-0.6641063279289897,0.2357504568939648,-0.006457362033412073,0.5254978877401328,-1.0019538453924253,0.49578016299881694,0.6653986294100745,0.026535277583503304
2025-06-03 07:00:00,105438.02,104872.5,105280.99,-0.7002664771003667,0.45935612522587566,-0.0019075904699380475,0.722326354492819,-1.112830686544601,0.4586336032586024,0.6543114286455901,0.024154860149018312
2025-06-03 11:00:00,106692.43,105031.6,106550.01,-0.13888451875819524,0.4532457842334337,0.00503612843196799,0.9142476954238894,0.04783055338511705,0.5226356324306358,0.6835263228150295,0.027480622542462127
2025-06-03 15:00:00,106794.67,105592.17,106013.15,-0.2886462209874454,0.09806276581232691,0.005394478722180018,0.3500873180844034,-0.012024571242040214,0.43589381267903765,0.7149776284244043,0.026454143531344298
2025-06-03 19:00:00,106428.58,105274.95,105743.74,-0.7529819227264296,0.09329635876647097,-0.004259445122800076,0.4063607915847739,-0.5357408773727815,0.45362212740465413,0.6900099180751724,0.02714974934486349
2025-06-03 23:00:00,105839.63,105132.27,105476.22,-0.7549189715447275,-0.8842167831434256,-0.0030654399668937904,0.48624462790535844,-0.6911533867599428,0.4143857658071635,0.6721176786485272,0.02711004920489091
2025-06-04 03:00:00,105745.29,105250.0,105301.02,-0.45924034120013285,-0.8849479663945461,-0.0005362331171970824,0.10301035756622308,-1.0224510797310347,0.527741115269658,0.6689974086929046,0.026966391463921827
2025-06-04 07:00:00,106000.0,105264.23,105705.13,-0.5758857340773714,-0.3137465344972322,0.0014358914764986963,0.5992361743398262,-1.0083983429920345,0.6380550942351021,0.668278107077896,0.026143956989898014
2025-06-04 11:00:00,105820.04,104179.0,105033.3,0.6742332928875517,-0.31632531604370984,-0.005098806522568222,0.5205845073823919,0.25838602949657424,0.4962988821476348,0.6377473686286997,0.025095451417478078
2025-06-04 15:00:00,105542.0,104920.01,104951.54,-0.5355533187921732,-0.679127176890668,0.002024869397596163,0.05069213331322312,-0.2941144112973488,0.4074678131216687,0.6498101024499534,0.022567711959330713
2025-06-04 19:00:00,105079.99,104407.16,104775.36,-0.8914371495335868,-0.6801922114200528,-0.004419788191826091,0.5472407591732291,-0.7139397118955441,0.4432010559572767,0.6234268285805724,0.022268137260802335
2025-06-04 23:00:00,105240.84,104625.15,104989.48,-0.9336141369277313,-0.8888850843245403,0.001226757555785607,0.5917425977262631,-0.9632294759989055,0.41324886665913413,0.6278384787438461,0.022126728314733005
2025-06-05 03:00:00,105226.14,104380.0,104452.93,-0.7852822541082453,-0.9029239921673095,-0.0013233673133157264,0.0861914104038707,-0.9924552851676975,0.4436994282921764,0.6199027105813074,0.023138930384320702
2025-06-05 07:00:00,104920.0,104424.52,104659.24,-0.8935709337403801,-0.2818430357930818,-0.0012943230378451576,0.4737224509470935,-1.1483183572218023,0.4517296411017651,0.6121513821673427,0.023521671641302946
2025-06-05 11:00:00,105909.71,103900.0,104639.2,0.4486393693805101,-0.28621634595030016,0.002016601639658333,0.3678142617573265,0.6335854021702341,0.46381452432838965,0.6242125980517402,0.023988862902464055
2025-06-05 15:00:00,104871.31,102581.56,103006.05,0.4039851597867972,0.22288416836469396,-0.011989705378322002,0.1853870509872918,1.2263640172917274,0.42479858426311295,0.5523580266139699,0.03009083200132587
2025-06-05 19:00:00,103036.91,100372.26,101502.61,2.17727236094014,0.21844630192225326,-0.02099913425298172,0.42420205280084067,2.835441302532735,0.45293657101853846,0.42801863101149923,0.04345247324317476
2025-06-05 23:00:00,102208.28,101095.8,102203.52,-0.32065620434156755,-1.715994285698691,0.002286294531872235,0.9957212713846973,-0.21833958413269677,0.5275585365072848,0.44127188788082544,0.04926310673533007
2025-06-06 03:00:00,103210.06,102056.23,103160.0,-0.4247295348547685,-1.7015762211894108,0.009837492989148933,0.9566140592552077,-0.7174262612734468,0.48630373036875707,0.4984285245697678,0.05026415920410272
2025-06-06 07:00:00,103800.0,103050.9,103676.25,-0.48909163652492205,-1.6073453307961594,0.008088962255215382,0.8348017621033946,-0.74061875251579,0.44866709596746934,0.5458883929476823,0.05010938234097497
2025-06-06 11:00:00,104880.88,103513.7,104776.7,0.1461817567138952,-1.615955665124135,0.006230245644084809,0.9237993534068338,0.37144163237847844,0.49531281461306115,0.5827384148518109,0.049083531121717344
2025-06-06 15:00:00,105333.0,104390.18,104497.69,0.032937395005553746,-1.5932275568413565,0.007023909823843377,0.11403024967530198,0.24890538079718758,0.4702432619678529,0.6245415519812685,0.04882753470845768
2025-06-06 19:00:00,104617.56,104013.21,104476.81,-0.7794156699191759,-1.5786298956975764,-0.004971223136764458,0.7671051542853097,-0.8377714506445048,0.46554134649509094,0.5947472656708296,0.04541065774944364
2025-06-06 23:00:00,104611.68,103871.09,104531.57,-0.9157157899479136,-1.5585357078738524,-0.00033408512235488796,0.8918294872886419,-0.9313586401003292,0.48967252334256645,0.5927549300190147,0.04317601764997534
2025-06-07 03:00:00,105319.0,104484.52,105316.37,-0.7794218426724295,-1.5617845810850355,0.005141478847853209,0.996848336676765,-1.0172868488199305,0.5171686562149636,0.6234061883607698,0.04196460696079105
2025-06-07 07:00:00,105319.13,104689.81,105145.84,-0.8893308307076516,-1.605526393581934,0.001021211395577204,0.72463929319384,-1.1059321991508562,0.3616522830519529,0.6295255074901457,0.041452267698887595
2025-06-07 11:00:00,105800.0,105050.04,105431.61,-0.40043388004478253,-1.589850939380811,0.004311298483379522,0.5087871353071042,-0.8240035878788613,0.5202693143653506,0.6553861208861307,0.04158401283044596
2025-06-07 15:00:00,105884.46,105279.06,105599.99,-0.7479130590914685,-0.8230078134884025,0.0015858906903625236,0.5301123224226987,-0.9957002469346383,0.4388775878067306,0.6649398369234408,0.04126668901931589
2025-06-07 19:00:00,105900.0,105599.99,105820.51,-0.9694715319836799,-0.8166780777589685,0.002022218094796857,0.7350421652366352,-1.2426351416282673,0.49564425179731103,0.6771413943757335,0.04268551669365406
2025-06-07 23:00:00,105820.52,105400.57,105441.87,-0.8651889355138357,0.1653988841196219,-0.002279685810050558,0.09834504107394974,-1.208517772591622,0.5009564495949863,0.66335852550356,0.043530058070376576
2025-06-08 03:00:00,105653.13,105394.03,105442.87,-1.0343950446153856,0.15516503521374814,-0.00047339906205257076,0.1884986491629117,-1.366235981834077,0.45888965556566524,0.6605029027330017,0.04432066878283472
2025-06-08 07:00:00,105556.15,104964.14,105357.64,-0.6938507400643781,0.33020082578259574,-0.00188607212095393,0.6646847181523228,-1.0694886180497767,0.5134657864226285,0.6491311843624742,0.04481120721256073
2025-06-08 11:00:00,106160.19,105357.63,105829.66,-0.37036006516218967,0.3224191673226823,0.00392851818027995,0.5881554027039956,-0.705934844925201,0.6767333428429708,0.6727727744553857,0.046094710839533086
2025-06-08 15:00:00,106360.0,105818.18,106317.7,-0.7509613174734666,-1.9517400504898048,0.004033330257917411,0.9219297921648856,-0.9600366151684192,0.48595011986780023,0.6971404717740419,0.04830010667759404
2025-06-08 19:00:00,106488.14,105674.7,105770.55,-0.8087078402311901,-1.9923870880964056,0.00012962845282338264,0.117832907158275,-1.0876809510068093,0.4964716313500595,0.6979267915071008,0.04953602516524367
2025-06-08 23:00:00,105966.33,105427.53,105560.89,-0.565881972510013,-1.669109409829308,-0.0045345845617051905,0.2475129918291105,-0.5959952947705082,0.377230653243493,0.670416661964148,0.04786932020181338
2025-06-09 03:00:00,105717.3,105318.37,105692.83,-0.5050256318569827,-1.7089103647911132,-0.0013929437837320036,0.9386609179319998,-1.0893936983268024,0.48673832796424044,0.6620043591727666,0.03826803165226624
2025-06-09 07:00:00,107464.77,105473.57,107179.7,0.20331073874046796,-0.10978863710969855,0.010249727258676344,0.8568350743227322,-0.426327913710039,0.6062407017889391,0.7238185582205534,0.0332638353867156
2025-06-09 11:00:00,108000.0,106860.0,107610.33,0.6533641791885129,-0.12371630063956725,0.008952467582818757,0.6581842105205439,0.1796964991846976,0.5311682534376115,0.7783626150160524,0.03335031108469374
2025-06-09 15:00:00,108552.44,107522.79,108446.18,-0.06374168214812766,-0.38421824676830063,0.004736912229549528,0.8967998834468253,-0.09912406914562798,0.46776002635033115,0.8074812306367544,0.037615400974652116
2025-06-09 19:00:00,110530.17,108339.68,110177.28,1.6111357988088226,-0.3840246593464354,0.014447610043699433,0.8388990591107983,0.4970115038882206,0.5886583836038519,0.8967138732279221,0.050910349062491256
2025-06-09 23:00:00,110313.99,109381.24,109650.94,0.09050235415233862,0.5032992037077336,0.0028595646186715395,0.28914500133702026,-0.3770987714463304,0.41013361523285063,0.9146305426977591,0.057550164388176235
2025-06-10 03:00:00,109737.68,109161.0,109502.68,-0.5933506488535528,0.49648452270483723,-0.004605150611044606,0.5924949712042592,-0.8698573239486336,0.5006938540899794,0.8856943541174283,0.06133124756448363
2025-06-10 07:00:00,109573.3,109056.9,109303.61,-0.16108682568686922,1.469844228230105,-0.001567550847433985,0.47774980634241815,-0.7089066159567801,0.4236668005898906,0.8758901010187025,0.06310085651687088
2025-06-10 11:00:00,109900.81,108468.29,108620.01,1.0800740138514335,1.455512688387498,-0.0002012520065336476,0.1059112612731003,0.5181486214723819,0.44677494762093034,0.8746333426576021,0.06407336290476343
2025-06-10 15:00:00,109480.67,108331.03,109282.38,0.03324591004288615,0.9498197959547138,-0.0034180084329832328,0.8275199192718862,0.1400229147919312,0.5045123257307115,0.8532932017558185,0.06466474785503148
2025-06-10 19:00:00,110400.0,109239.68,109727.87,0.0293078527384581,0.9422784107420044,0.008638537217553921,0.4207373827873277,0.24023278019805985,0.517349574565712,0.9070430690700257,0.06610769620594181
2025-06-10 23:00:00,110299.73,109533.97,109677.03,-0.5536423375869288,1.0994549634403477,0.00045277455670111877,0.18682093606107716,-0.549859135006783,0.41148783761247604,0.9098846155163403,0.06708021163152979
2025-06-11 03:00:00,109858.23,109373.67,109595.01,-1.2139876763051427,1.0906226626698412,-0.0024730562994147443,0.456785537385318,-1.1412872972372698,0.38311633460535277,0.8943570510370833,0.06749513342284244
2025-06-11 07:00:00,109745.29,109200.0,109373.12,-0.6634049433337292,0.9790096718986171,-0.0012349457197949887,0.31748244053040137,-1.0938927166337777,0.3480116112898889,0.8866223800904109,0.06597443301048447
2025-06-11 11:00:00,110392.01,109008.82,109866.69,0.899845127491163,0.9722132338966082,0.002678285425842253,0.6202112507998184,0.4699876175256898,0.5337644189910671,0.9033762126088973,0.06395567161017239
2025-06-11 15:00:00,110042.9,108412.01,108807.25,0.42242238870841714,0.05713485717179261,-0.0038092236073276053,0.24234620360513703,0.35711669009907937,0.5032245884478477,0.879484054037793,0.060128134178015
2025-06-11 19:00:00,109219.51,108064.0,108443.38,-0.4600617330420102,0.055440086480983454,-0.006599508428272061,0.32832255886727346,-0.07866858433935772,0.44107035758833885,0.8382483868786764,0.05639034299123588
2025-06-11 23:00:00,108813.55,108258.49,108400.52,-0.31681189966096246,-0.8232435474933759,-0.0007958035025844579,0.25588224695968115,-0.5853113403918808,0.5729944700775287,0.833308788328428,0.053357936473015115
2025-06-12 03:00:00,108448.03,107320.0,107909.02,0.7244243560637208,-0.8341482014500831,-0.005946434510083365,0.5221669636399591,-0.4913121557871842,0.38110128596101556,0.7964282970336227,0.04829466599952871
2025-06-12 07:00:00,107961.01,107200.0,107323.16,-0.4812816756492109,0.6505151186589552,-0.0029343779547538196,0.16183755798003438,-0.6649942479028523,0.5187196296582521,0.7783371586284428,0.042188099934227945
2025-06-12 11:00:00,107721.17,106600.0,107612.69,0.42011114912160036,0.6443510049962727,-0.003790421026913293,0.9032439326694182,-0.07966768549089179,0.48735689224122,0.7550368839963479,0.03430782607942865
2025-06-12 15:00:00,108450.16,106890.88,107561.35,-0.06128974636878575,-1.0237882990440312,0.005169775921311848,0.4299869170358767,0.6131473231064678,0.5171274262207939,0.786695798507933,0.033117788758172506
2025-06-12 19:00:00,107879.92,105726.65,105890.7,1.2347041557193574,-1.0174483879354048,-0.012487974254611456,0.07618645130394272,1.401901262152973,0.4106313357211452,0.6980814570592206,0.040760728171501844
2025-06-12 23:00:00,106140.0,102664.31,103641.21,5.0,-1.8320688640102072,-0.022951818271934488,0.2810664932710332,3.7418755743290557,0.43359728287054966,0.5326375643287343,0.06073870862639238
2025-06-13 03:00:00,104722.5,103605.12,104704.26,0.4925758892972328,-1.820481755142163,0.002620958759456782,0.9836760994381125,0.39434415835317493,0.5272313725374146,0.5148732584906223,0.06637471632822022
2025-06-13 07:00:00,105434.34,104376.43,104874.01,0.7385990729792432,-1.39766712419463,0.0063601458201363315,0.4703424676912939,0.32253259783844135,0.5950424401031675,0.5592393566655651,0.07086920431299532
2025-06-13 11:00:00,105300.0,104118.0,104970.74,0.386772163330306,-1.3928378340922525,-0.0003137021187872291,0.7214382402646285,0.8263639562697199,0.4625474788681501,0.5547606829903815,0.07394224693237869
2025-06-13 15:00:00,105981.0,104668.73,105193.04,0.6146142436776283,-0.2768390859041946,0.005890322531048042,0.39954430109352546,1.130222011318328,0.5059049793032669,0.5963102618114144,0.07557920002607846
2025-06-13 19:00:00,105840.0,104900.0,105751.28,-0.8749447468390642,-0.2826555470080699,-0.0008574232221296718,0.9056170212669603,-0.2176405178226802,0.4960861050481524,0.590226482921257,0.0760836545974474
2025-06-13 23:00:00,106252.0,105312.88,105374.17,0.312700985902958,-0.8041341212699725,0.0038909975930825347,0.06526322514624464,-0.709806298452431,0.4818552402476519,0.6167374775600446,0.07637245679832197
2025-06-14 03:00:00,105440.0,105105.13,105105.13,-1.1483229725784594,-0.8054783848900409,-0.0045343281728079665,0.0,-1.2707031545052374,0.46205117059384804,0.541332615514644,0.0751875138385848
2025-06-14 07:00:00,105144.57,104792.98,105011.92,-1.0818848413371454,-0.28649446487053154,-0.002724683903885472,0.6227139565794485,-1.2227273989079903,0.4280953869457948,0.4816589311553213,0.0730568078994261
2025-06-14 11:00:00,105131.25,104745.1,104913.01,-1.149058118059584,-0.2886550708583079,-0.00011227400612068283,0.4348310242021058,-1.160291988381506,0.46035790781682495,0.46067620320592495,0.07012177121572667
2025-06-14 15:00:00,104995.72,104359.08,104892.81,-0.5830076835266912,-1.0302248508892107,-0.0033380876455220143,0.8383544860385977,-0.7641269470160533,0.4087148959442812,0.4314086581283561,0.0665804322623219
2025-06-14 19:00:00,105480.0,104300.0,105428.74,-0.8215277082477046,-1.0235646260073128,0.0034494921422074665,0.9565593220257964,-0.6339540136515993,0.43935180111403244,0.3905432213762084,0.05844144539451814
2025-06-14 23:00:00,105680.0,105264.75,105481.02,-1.081036081984133,-2.291090887603387,0.0046097011443178015,0.5208187838526089,-1.2309245753132987,0.4461408881179569,0.40417884533750015,0.053287919980529355
2025-06-15 03:00:00,106128.57,105410.43,105440.69,-0.8919488154530272,-2.2538476926948507,0.0019046249880319,0.042136630739949534,-1.2634091355669184,0.516119452631648,0.4242513532089729,0.04842108243936133
2025-06-15 07:00:00,105482.4,104867.64,105119.99,-0.891180099746289,-0.8885137868990023,-0.00496541780622084,0.4104853926668995,-0.99974394621954,0.46707021172274354,0.3718220195972122,0.04271746454024403
2025-06-15 11:00:00,105838.24,104915.14,105657.64,-0.8962046939400531,-0.8806635475329769,0.001757578103702695,0.804354891119003,-0.8408986393777254,0.517370172748678,0.3902879565605763,0.03726378903524272
2025-06-15 15:00:00,105794.12,105332.0,105485.29,-0.9884597369558312,0.7179191311963472,0.0022566189389197078,0.3317103782495413,-1.0053820631495716,0.41569139225597485,0.41403872034903494,0.03358693486929527
2025-06-15 19:00:00,105566.43,104494.53,105263.51,-0.5551449651149416,0.7235608708524727,-0.005806543312118939,0.7173990110950893,-0.3472195474943865,0.4041628801327267,0.35278732951674613,0.027260794544474578
2025-06-15 23:00:00,105970.59,104980.37,105785.51,-0.4636480825485149,-1.0099180647709036,0.0057233460341648,0.8130920401444806,-0.0961049808926218,0.49849007588438093,0.41281053564512593,0.018806757951443362
2025-06-16 03:00:00,106785.71,105708.93,106586.01,-0.34911583073054525,-1.0035026199363215,0.007494278824840661,0.8145396459739646,-0.7369081859343791,0.5214888793994016,0.4918561108054002,0.02130075557480408
2025-06-16 07:00:00,107262.31,106586.0,106834.32,0.19806340743668857,0.11554043212318885,0.00627355074540592,0.36716890182953993,-0.7646055790990259,0.4713097615164271,0.5585220068491519,0.02039060034440886
2025-06-16 11:00:00,107784.26,106495.09,107533.5,-0.04173042578412125,0.12157656841480981,0.00016382606670917177,0.8054872514811469,0.010768475567416723,0.5550791290005527,0.5602738263948392,0.02607852938630342
2025-06-16 15:00:00,108278.0,107307.81,108255.96,-0.12249409659643623,-0.4898914475307824,0.006738159301058255,0.9772828002661681,-0.17829026403972056,0.5250447227441075,0.6323378953919423,0.033622805961918766
2025-06-16 19:00:00,108952.38,107418.24,107700.01,0.36313249900389083,-0.48324032384098653,0.0057512710506602005,0.18366641896968527,0.13004722328047233,0.4694926302656835,0.6942617343270858,0.03694965245450726
2025-06-16 23:00:00,107982.63,106115.35,107482.39,0.6123309126895826,-0.7384343359639204,-0.013206766221230182,0.7321023092373257,1.0286739938025942,0.49472559591150755,0.5512468902787147,0.0389563827674735
2025-06-17 03:00:00,107771.34,106724.0,106832.91,-0.4819507973554056,-0.7346078067150938,0.0034607789016458668,0.10398724387397024,-0.5237382921353199,0.45417602819734876,0.5882284006247314,0.03981925679463491
2025-06-17 07:00:00,106879.48,105721.29,105956.01,-0.044331621882113724,0.34544471351328404,-0.009302053259320986,0.20266104870355822,-0.4574418772987799,0.4465835087845835,0.48848365807654326,0.039756989333613095
2025-06-17 11:00:00,105956.01,104777.48,104847.33,0.40310772552445806,0.35232384807481976,-0.008475512623610904,0.059268750052534264,0.11676114907750776,0.43368695658707795,0.39844719422406044,0.04069296470708948
2025-06-17 15:00:00,104968.69,103371.02,104414.84,1.959137619666472,-0.6279818104580542,-0.012386149642552025,0.6533389248051602,1.5638494756495709,0.4332839688393217,0.26798273400294165,0.04230018819220383
2025-06-17 19:00:00,105336.82,104203.85,104228.31,-0.02529712774072829,-0.6250580845531749,0.005761465238075969,0.021589274208298485,0.04991729946704238,0.4501527794834228,0.32791711398634504,0.04410391728042934
2025-06-17 23:00:00,105176.61,104228.31,104856.06,-0.7116486303645367,-1.6994873300752211,0.00023394180266333997,0.6619740588351559,-0.7449185399464333,0.4851144747073398,0.3303647447052941,0.04390954701022812
2025-06-18 03:00:00,105550.27,104849.13,104966.2,-0.5275872239009511,-1.6831945642286643,0.004962671469410873,0.16697093304949484,-0.988197511287233,0.36699233964151157,0.38229915163703704,0.04446420736598188
2025-06-18 07:00:00,105310.62,104175.87,104266.19,-0.4616910014311779,-0.1861834319195856,-0.004291680630187589,0.07959462436590531,-0.6668542220627581,0.47481620929750007,0.337163784710466,0.04688284889901581
2025-06-18 11:00:00,105325.83,103814.04,104619.88,0.9470712751925691,-0.1852387416795168,-0.002165875169334752,0.5330369958755359,0.9228394824467783,0.5036250651822833,0.3144831533678882,0.047826170150321146
2025-06-18 15:00:00,104973.79,103586.0,103623.39,0.622740792821643,0.644722673538889,-0.002406276526665585,0.026942116602461593,1.3738798508701795,0.4665894626319187,0.28933966077089956,0.051634919920603484
2025-06-18 19:00:00,105139.87,103500.0,104815.23,-0.0661431705475522,0.6517446894582415,0.0010461399525432125,0.802033087983791,0.5281086505723147,0.5153403892705621,0.3002446079359121,0.05167921118312586
2025-06-18 23:00:00,105226.17,104457.12,104722.51,-0.6498812043846526,-0.9653348525994028,0.003690959185137066,0.3450880956980008,-0.6516817328147018,0.5022802672746384,0.3387593608033676,0.05239402543878562
2025-06-19 03:00:00,105220.0,104630.89,104707.94,-0.8695195339360345,-0.9622106664090367,0.0010038117642650057,0.13079051450271584,-1.0551138718371953,0.39523813902311095,0.3492726876453017,0.05295208004070581
2025-06-19 07:00:00,105073.53,104617.69,104913.19,-0.8873653205158547,-1.0165445840743388,-0.0005007868651806247,0.6482537732395571,-1.087581159448453,0.45560826334504845,0.3440224792057374,0.05320161804098144
2025-06-19 11:00:00,104917.05,104109.06,104148.6,-0.743106708144658,-1.0076801808758542,-0.0029876833516748746,0.0489362492104092,-0.8067188014930607,0.3945555575961924,0.3127155378402849,0.0542235701438507
2025-06-19 15:00:00,104814.73,103929.27,104392.53,-0.3574030485818721,-0.510203033198585,-0.0021229690126780554,0.5231856887886152,-0.5117614526635944,0.5674688752380072,0.29053611445064126,0.05343630369659814
2025-06-19 19:00:00,104774.32,104126.98,104596.29,-0.9770022335808795,-0.5034102291658165,0.0005683326841217085,0.7249822349812152,-0.8112207180824672,0.41441208091645976,0.2964610858042115,0.04994264046450388
2025-06-19 23:00:00,104898.31,104391.38,104628.0,-0.9030147301928698,-0.17350665166046825,0.002412705325751885,0.4667705600286645,-0.9237905605502337,0.41238192900956716,0.3216282718104647,0.041935069140681416
2025-06-20 03:00:00,104769.25,104238.02,104719.86,-0.9017622529775471,-0.16917877872977238,-0.0011059316509989259,0.9070270880615363,-1.1585486101590474,0.3558475336136658,0.3100643478811798,0.03440946955574825
2025-06-20 07:00:00,106524.65,104648.46,105958.87,0.8322982251828996,1.037490294879606,0.012876529319465035,0.6984420554384221,-0.11346268571408483,0.557806651405236,0.44455595829963257,0.026994197972021874
2025-06-20 11:00:00,106149.17,103888.0,103940.01,0.3023989515437574,1.0436595140138656,-0.005793178464723159,0.02300136654907185,0.33296093633012264,0.3994632460684804,0.3832687572142236,0.02156373940039231
2025-06-20 15:00:00,104623.34,102345.0,103165.45,2.2642592030002966,-0.4871912937413313,-0.017329689540494297,0.36010867561312065,1.620635404765759,0.3985446208733465,0.20099657144509783,0.022084153748890552
2025-06-20 19:00:00,103828.0,102980.0,103107.11,-0.35248402179243243,-0.4814762839869475,-0.00031961521388956804,0.14989386792276138,-0.43806631714818767,0.403661269929998,0.19769314304763705,0.025054121325161192
2025-06-20 23:00:00,103538.6,102963.67,103499.98,-0.9859529363289993,-0.03748132948910801,-0.0011362027640942074,0.932826604961756,-1.0949352825457206,0.47191541830156775,0.18595351151342232,0.0262489726622034
2025-06-21 03:00:00,103691.67,103330.0,103572.69,-1.1874872147544249,-0.038497725718050005,0.0018113178373431182,0.6710260734738663,-1.3225318983004877,0.4369940746525362,0.20464739628963804,0.02715013012014903
2025-06-21 07:00:00,103982.64,103360.02,103831.22,-0.7047004175025444,-0.6137709590365504,0.0020798962083607986,0.7568019016292965,-1.225230232940673,0.3452622642947663,0.22615205203107308,0.0270580968744028
2025-06-21 11:00:00,103946.47,103382.97,103549.99,-0.831744564421986,-0.6120781979923723,-0.00016772148399279985,0.2963975155226976,-0.9128844959049118,0.34347363890580634,0.22441432371857695,0.027198144630280245
2025-06-21 15:00:00,103680.0,102633.45,102645.22,-0.43791062175411893,0.9362457046413306,-0.003528628441863524,0.011246476517979626,-0.5987404723665334,0.38070945743755985,0.1878610511885951,0.030745523800222184
2025-06-21 19:00:00,102888.88,101110.0,101772.96,1.169185470721114,0.9320223663379497,-0.012295725459698481,0.37268393595761257,1.0587187189186669,0.4340404588240179,0.06093834665240592,0.03706347184305939
2025-06-21 23:00:00,103399.62,100837.9,102347.64,1.9652599976789396,-0.3505210753586309,0.0012997789920883296,0.5893462205057973,2.194206551539317,0.4867721166028629,0.07419035212920522,0.03953550278057828
2025-06-22 03:00:00,102946.47,102127.34,102744.36,-0.5258165317106591,-0.35269049329554725,0.0040471566183548635,0.7532626078796625,-0.4595894480655577,0.47793563542315953,0.11550710903146386,0.03988384821899689
2025-06-22 07:00:00,102804.05,102080.0,102495.69,-0.45806108176525745,1.6342213503897363,-0.0012309317657066554,0.5741178095356114,-0.6781364945137346,0.38314699530902707,0.10288987078921212,0.04079143920115376
2025-06-22 11:00:00,102831.0,99066.36,99628.28,4.6153330114396836,1.617768086331817,-0.01890679116615901,0.14926261209531475,2.079491330063526,0.3966326796268593,0.0,0.054806881044145786
2025-06-22 15:00:00,100380.0,98673.66,99437.42,1.9227562731300962,-0.006876477138576235,-0.011067005277720643,0.44760129868345133,1.4547684656733182,0.5073838076712134,0.0,0.0640877974261738
2025-06-22 19:00:00,100980.06,98200.0,100980.05,0.9414440345689575,-0.002663291984208935,0.00013115252284334744,0.9999964029517368,1.7172257223084897,0.515907665928414,0.00108394605209005,0.06541178398174535
2025-06-22 23:00:00,101620.0,100494.25,101301.2,0.36813669544762284,-1.4426980904955353,0.015491489920192558,0.7168110148725997,0.1623915230828182,0.5184624983063958,0.12913441188465957,0.06569484383143395
2025-06-23 03:00:00,102064.69,100980.0,101940.27,-0.07843572300551187,-1.4289489014318744,0.005715632439740714,0.8852944159079084,-0.5588319830682569,0.48038539780171097,0.17711091107699184,0.06382071246304404
2025-06-23 07:00:00,102137.0,101198.68,101463.21,-0.11269273101195221,-1.8908638002317837,0.0016986584858860176,0.2819187483984059,-0.5929182161553322,0.4333929531708124,0.19145079170005685,0.06264465392842297
2025-06-23 11:00:00,102613.09,100792.16,101624.39,1.0489268179024098,-1.8695739358564032,-3.2826460891755005e-06,0.4570356905512177,1.0728566716314327,0.45533493301362327,0.19142303290453075,0.05988819783218521
2025-06-23 15:00:00,103300.0,99613.33,102933.78,2.609115542028252,0.2261171980343473,-0.0004856975965756849,0.9006637426162342,2.8600620393051637,0.4814317451056231,0.1873158779915122,0.04999753676686338
2025-06-23 19:00:00,106074.2,102676.94,105538.19,2.418169504188421,0.2242269774110964,0.027708910256524666,0.8422228501767843,1.8133729380833068,0.5114804571087376,0.4215140971817567,0.05438663835726832
2025-06-23 23:00:00,105665.05,104729.69,104753.8,0.47262357926299314,-0.7699592557093119,0.006920320799070456,0.025776171741086647,0.17428622254574114,0.4484373544428152,0.4816260021828207,0.05812081664747266
2025-06-24 03:00:00,105811.0,104704.91,105655.23,0.0014873546968176136,-0.7712729037882099,0.00020684297787632033,0.8591705918970461,-0.44806110781589137,0.49790446436676317,0.48343513374889907,0.06352443215453138
2025-06-24 07:00:00,105777.0,104622.02,105281.99,0.06115096686087325,-0.7717980036729911,-0.0004916420485311379,0.571412491986259,0.10354310910464294,0.4516616759423709,0.4791341459473005,0.06738506144650785
2025-06-24 11:00:00,105665.52,104800.98,105517.5,0.05502886907916916,-0.7649932320315818,0.00028545826604164937,0.8287875633188857,0.28099177209377724,0.4656905201495905,0.4816301670037017,0.0711083033598691
2025-06-24 15:00:00,106290.0,105153.01,105533.73,0.0760243745397988,-0.9671866613765191,0.00527458878050302,0.3348490312110493,0.01331946957061389,0.49741748015620857,0.5277638559629816,0.07440235640611265
2025-06-24 19:00:00,106119.11,105270.48,106025.39,-0.8047704998120273,-0.9591421305507756,3.4808667895402934e-05,0.8895631782886578,-0.6143432592286354,0.4666567094332632,0.5280699125173884,0.07859696374033144
2025-06-24 23:00:00,106791.18,105774.9,106474.58,-0.15988613860536222,-1.9234463926529848,0.00544889775526336,0.6884716810260201,-0.19198977703473727,0.5327053336060955,0.5759812237662318,0.08348188152631969
2025-06-25 03:00:00,106599.9,106001.0,106399.99,-0.6794042196133311,-1.903580371507672,-0.000629391598639284,0.6662047086213843,-0.8199866430742314,0.3831187687080419,0.5704169262648124,0.08676709129231606
2025-06-25 07:00:00,107184.68,106321.25,107126.49,-0.2966328399737929,-0.2965794494956264,0.004711980541964422,0.9326060016338159,-0.5173299803499682,0.5333380927731848,0.6120481772726849,0.09098359604659631
2025-06-25 11:00:00,108135.3,106866.9,107629.59,1.759543534626279,-0.2928240855470528,0.007849854138741064,0.6013008514616714,0.7437893000762179,0.6146684715237509,0.6817299420420391,0.09597315105907767
2025-06-25 15:00:00,107638.0,106752.36,107406.63,0.5742519191413369,-0.7701463055397698,-0.0039735683109033415,0.7387538954796723,0.2875828486063569,0.39160018191749807,0.6461803947196113,0.09961948099833483
2025-06-25 19:00:00,108000.0,107215.0,107275.01,-0.5882202744099349,-0.7636314034277748,0.004199257140706125,0.07644585987163095,-0.4141034025360861,0.4738306213812447,0.6835997865141457,0.09472284680120932
2025-06-25 23:00:00,108039.05,107079.9,107920.47,-0.5725073220934662,-0.9818951348062833,-0.0007463494932663517,0.8763697023314765,-0.3342782111562963,0.5420470220508307,0.6769211717536852,0.08706180949548074
2025-06-26 03:00:00,108272.45,107520.0,107761.5,-0.7097385721305253,-0.9778523639012534,0.0028321901313221876,0.32095155823880844,-0.5889573339744558,0.4352430559340431,0.7022457545471609,0.08292435178106428
2025-06-26 07:00:00,108174.86,107240.0,107389.01,-0.2853487693807446,0.016550601346941345,-0.0018055234865810288,0.15939285026463934,-0.5457787934720995,0.43527242117644444,0.6860555885193387,0.07719700934781405
2025-06-26 11:00:00,107765.55,106817.64,107436.6,-0.1824598283849806,0.022158280947373658,-0.004325954577363622,0.6529733835421869,0.04194991249705079,0.425134163016639,0.6473347032795204,0.07160200250750527
2025-06-26 15:00:00,107580.0,106562.5,107384.1,-0.570328328923342,-0.8191737738378645,-0.00029177946937308796,0.8074692874613574,-0.07854330998778082,0.4872110609562645,0.6447343327280509,0.06135166772369757
2025-06-26 19:00:00,108000.0,106850.0,106992.59,-0.6080232207233536,-0.8117450796823262,0.00255374500131178,0.12399130434674488,-0.4236151226630949,0.5142127692861308,0.6674869468738917,0.04720718816720142
2025-06-26 23:00:00,107300.0,106438.33,107253.6,-0.7022498496892384,-0.6942301948308847,-0.004182083326817687,0.9461510787082574,-0.5987878618449064,0.4905349132813541,0.630131484387135,0.03618549036221427
2025-06-27 03:00:00,107568.68,107168.79,107278.82,-0.8447989101876109,-0.6939572258698761,0.003613047213993026,0.2751506664264224,-1.090283066806618,0.41420046212027767,0.6622692003803251,0.03520343765078668
2025-06-27 07:00:00,107735.34,106679.98,106995.32,0.353626309342212,-0.26613142060454936,-0.0035703806584371778,0.29879851424824033,-0.4494981517666828,0.3198992918640752,0.6303962555162496,0.030773132865799826
2025-06-27 11:00:00,107200.0,106356.76,106557.79,0.42364240824130334,-0.2598009799752664,-0.002490444045481599,0.23840187846593328,0.14013996348041774,0.35940512758299603,0.6082433299869098,0.02922285296056311
2025-06-27 15:00:00,107709.22,106446.45,106704.6,-0.3174053119112601,-0.28380432070538,0.0029423578634935055,0.20443152751329507,0.22766631419488326,0.4839126868951843,0.6343509243481129,0.025634383002041815
2025-06-27 19:00:00,107277.99,106594.1,107100.7,-0.9375498216351227,-0.2787251301892342,-0.00040008946693903535,0.7407624032996302,-0.8184018980193903,0.4871327299025361,0.6307904779225091,0.022211483944600808
2025-06-27 23:00:00,107200.0,106811.51,107110.0,-1.0321052223159926,-1.2904198578741866,0.00016878106046736008,0.7683338052261779,-1.1445194167479422,0.4853826698994823,0.6322918808459933,0.017881376715181026
2025-06-28 03:00:00,107449.07,107080.27,107412.07,-1.1886403075575827,-1.2785348544260156,0.00241472052798386,0.8996746203660616,-1.3671881817107525,0.5577612578090427,0.6537758101475494,0.015215007151926693
2025-06-28 07:00:00,107496.12,107252.6,107274.41,-1.1685593120611324,0.7037642306449335,0.0009184985556671688,0.0895614323222035,-1.4287952208380332,0.3889985495529639,0.6619674859059418,0.013925985185884003
2025-06-28 11:00:00,107373.4,107084.15,107204.8,-1.1163755724476288,0.7129645863589559,-0.0012898924290785097,0.41711322384040656,-1.3682116577651207,0.38847517783037666,0.6504529487493751,0.011937540614215252
2025-06-28 15:00:00,107577.75,107190.21,107318.0,-1.025529731391433,0.2735565937027962,0.0013989185018148387,0.3297466067933587,-1.181708159929732,0.5250556582356991,0.6629246256492787,0.011874057036886786
2025-06-28 19:00:00,107378.37,107154.62,107370.61,-1.1844567168309796,0.28256541622369974,-0.0010315579756211557,0.9653184357110706,-1.3627822104334877,0.426317764466916,0.6537151862102512,0.011485423473765214
2025-06-28 23:00:00,107500.0,107172.52,107307.48,-1.0798158758689285,-0.6051729877547462,0.0007525368435716828,0.41211677047719664,-1.3676009324696434,0.518306676135134,0.6604266784355128,0.011427513750087482
2025-06-29 03:00:00,107385.92,107189.86,107376.95,-1.188146366616736,-0.5983752930632763,-0.0007007333112859504,0.9542486993290638,-1.4748309765549614,0.5495157989337474,0.6541724925226245,0.011466353226512184
2025-06-29 07:00:00,108297.89,107330.0,108153.26,-0.44685529943733016,0.5810598085119498,0.005603267128378775,0.850571862496244,-0.8864048052045383,0.6024752405239219,0.7370878156649155,0.012470983925404635
2025-06-29 11:00:00,108528.5,107777.77,107948.08,-0.5486214149942193,0.589592544889993,0.002709153534449893,0.2268591903849986,-0.7944692006334261,0.5148832851117325,0.7625226744736899,0.013106693716601088
2025-06-29 15:00:00,108034.13,107316.46,107640.01,-0.5535830576014553,1.9133236332550363,-0.005124069434416567,0.4508339487445216,-0.7305323173692856,0.5633777007542776,0.7757854820181335,0.013459360668720066
2025-06-29 19:00:00,108277.23,107250.0,108079.9,-0.7595323171996787,1.8996830070488577,0.0012357995601151028,0.8079008595854079,-0.7990947720242169,0.5606152557109555,0.7883561317614943,0.014883888234139015
2025-06-29 23:00:00,108789.99,108013.28,108479.81,-0.3247682094219989,-0.6362823468350611,0.00693350472084564,0.6006488908266773,-0.4668785341650993,0.4927515597644419,0.8589714425198443,0.017637308088257826
2025-06-30 03:00:00,108580.0,107518.88,107571.72,-0.6050148609995734,-0.6293802757293954,-0.0031736630141575572,0.049796441495305696,-1.0055489134735351,0.3757190183840082,0.8264246900088581,0.01752297691016753
2025-06-30 07:00:00,107747.76,107400.0,107649.49,-0.5496955011546878,-0.08930424393771355,-0.0052976520806211624,0.7174200597907603,-0.9946461777321227,0.481668428256991,0.772268289955648,0.01756731926072602
2025-06-30 11:00:00,107964.33,106777.77,106803.32,0.005173913478757214,-0.08857819852413214,-0.0011414268429068564,0.02153283441190301,-0.2084990264989668,0.38220531454712725,0.7606616214874535,0.018432543466762506
2025-06-30 15:00:00,107807.94,106733.33,107242.01,-0.27831268339988396,0.47585110307281414,-0.0006990931288922697,0.47336242915593485,-0.07012032108609809,0.4964454942585254,0.7535609645105084,0.018069119191995973
2025-06-30 19:00:00,107794.19,106900.02,107112.75,-0.6711327700339045,0.4753362463575901,-0.000120722076823232,0.23790778039703553,-0.8095014316973727,0.42565116363369,0.7523356530966213,0.016700379319865608
2025-06-30 23:00:00,107540.0,107026.93,107101.69,-0.7941952052524239,-0.6306422026348572,-0.0010858565521399965,0.14571111154140992,-0.8301660746359243,0.4413008367132614,0.7413156985036795,0.01571325162488103
2025-07-01 03:00:00,107223.0,106740.0,106890.77,-0.6713791626405569,-0.62383722075624,-0.0027044665375495214,0.3121532091032765,-1.0164144111220936,0.45174989859677883,0.7138988758179065,0.016191794289413555
2025-07-01 07:00:00,107178.99,106301.86,106490.42,-0.4196329664146059,0.3350863268146601,-0.0024458770477496783,0.21497383511890703,-0.6604076141129829,0.4239397473435378,0.68917059029314,0.017964773367062824
2025-07-01 11:00:00,107179.99,105717.84,105925.0,0.577724688794627,0.3450014686247879,-0.002384221749189286,0.14168176999527096,0.20623707102222155,0.4585405663172077,0.6651246093646799,0.022043997080289687
2025-07-01 15:00:00,106287.95,105623.39,105749.68,-0.211331070362159,-0.5979067172568662,-0.004558249077384113,0.19003551221574227,-0.041296907717715985,0.44028539520643817,0.6192621631950026,0.025894683077544875
2025-07-01 19:00:00,106100.0,105250.85,105613.22,-0.4089615211505363,-0.5926305655096724,-0.002938847159077995,0.4267443914452457,-0.49765716224360457,0.42373922294984623,0.5898279782373651,0.029492505898250202
2025-07-01 23:00:00,105920.11,105100.19,105908.7,-0.5402450055948494,-0.3848997483282897,-0.0008134918891045118,0.9860840081838906,-0.7027753267106245,0.44618306951020137,0.581704350061627,0.03130154018831557
2025-07-02 03:00:00,107014.39,105871.07,107014.38,-0.3045994286166033,-0.3823755560528091,0.008773928628138306,0.9999912535335737,-0.8125307769083493,0.5281205449721798,0.6692505840346643,0.030909852679400582
2025-07-02 07:00:00,107860.23,106852.83,107848.95,-0.0014932148188062302,0.09203829224174186,0.00911533740881465,0.9888028588347361,-0.7531511030590063,0.47632703315009295,0.7610014072758462,0.03125527692920179
2025-07-02 11:00:00,108171.8,107186.1,108139.99,0.1277927442434951,0.09755047910791546,0.0022978560839670426,0.9677285177947904,-0.024071111533779645,0.46327668118978843,0.7843414073379456,0.032227454518809415
2025-07-02 15:00:00,109730.0,108120.0,109538.88,2.0795728087359606,0.3234072153191074,0.012778950326965965,0.8812919254603676,1.2709179268074628,0.5643577703720434,0.914439224898488,0.036494595783048436
2025-07-02 19:00:00,109681.81,109100.57,109142.0,0.9650302511476965,0.33441337766800044,0.0025392265867998365,0.07127864565288158,-0.25075063094536004,0.583247364157581,0.9406205095327186,0.039462029436800765
2025-07-02 23:00:00,109170.42,108530.4,108721.52,-0.1656173619785202,0.5693893221711794,-0.004411695488055756,0.2986156682557147,-0.5339794406075667,0.44607877521523176,0.895017196163778,0.04124705176002578
2025-07-03 03:00:00,109548.0,108566.14,109478.94,-0.5575297229672778,0.5812178970624141,0.001917925592141101,0.9296641068896846,-0.7421118908453473,0.5163909410205837,0.9147551627911639,0.044178707680237565
2025-07-03 07:00:00,110273.21,109146.2,109839.37,0.699446107419034,0.18596082206119716,0.0061638262923604525,0.6150522178098172,-0.21781385971610126,0.6227326825460555,0.9783106707124468,0.04756531922173018
2025-07-03 11:00:00,110529.18,108749.99,109718.57,0.9059912247536716,0.19247995943942492,0.00023594473431853835,0.5443937971743122,1.464729331077048,0.524672394817146,0.9807585037485176,0.050975856604912356
2025-07-03 15:00:00,109833.3,109020.8,109678.75,-0.22804370789815864,0.6516484589653917,-0.0035352809706015176,0.8097846153746452,0.21759001737936853,0.46160099971607427,0.9440727120953278,0.05375258154606655
2025-07-03 19:00:00,110000.0,109638.01,109699.17,-0.7611666174556718,0.6568054511132319,0.0036543651095728436,0.16895494350206652,-0.7473489792539881,0.5348604309741336,0.9818601826791972,0.05552629707733114
2025-07-03 23:00:00,109820.0,109103.71,109180.54,-0.7870395597918002,0.7151349767259614,-0.0027673354937175487,0.1072610255607579,-0.800164922697092,0.37509414731954976,0.9572389744432165,0.05657027549882113
2025-07-04 03:00:00,109373.08,108804.0,109025.99,-0.6436970697299593,0.7105305973907231,-0.003738574664051031,0.39008575243569216,-0.803306348175653,0.40383759656040125,0.9183804652612001,0.05684602317730641
2025-07-04 07:00:00,109144.33,108518.83,108899.74,-0.4814171619110152,0.6388029227835825,-0.002162745004428812,0.6089688249303178,-0.7116984171454083,0.43827136068962896,0.8959850711848321,0.05673315240159555
2025-07-04 11:00:00,109111.0,107505.0,107810.0,0.25553934696481767,0.6358103659853925,-0.006144197202098356,0.18991282689794575,0.16144126467987333,0.44823640446099733,0.8324990291801798,0.05637178051196551
2025-07-04 15:00:00,107939.03,107333.33,107489.23,0.8965515800776093,-0.3606911553894331,-0.004776464408243752,0.2573881459425806,0.3124290290270232,0.3349318375816337,0.7834485753889485,0.05496484876176398
2025-07-04 19:00:00,108279.33,107245.0,108254.95,-0.4939012022069685,-0.3601268245163686,0.0002738851319450397,0.9764291860336944,-0.8605086618571414,0.47189208423019774,0.7862477215639029,0.05079643087151529
2025-07-04 23:00:00,108254.96,107756.31,108067.87,-0.9353714643455944,-0.5813036179223723,0.002983248338916722,0.6248069788303302,-1.0821753867148163,0.5127931635984986,0.816745307206799,0.04574014213328139
2025-07-05 03:00:00,108420.56,108000.0,108270.82,-0.9669259051494793,-0.5756495022930752,0.0013918716679521825,0.6439509225641263,-1.0958476905945258,0.47136717789802673,0.8310167843518378,0.03849444717741084
2025-07-05 07:00:00,108270.82,107870.42,108085.23,-0.9657580971640757,0.04240486666914503,-0.0009263026623251847,0.5364885114750951,-1.1512178833664084,0.3371204061785338,0.8215057728731339,0.03116247130152477
2025-07-05 11:00:00,108232.29,107971.0,108193.23,-1.01220712007304,0.042587028794275096,0.000745351492756896,0.8505109265241542,-1.1642988962527685,0.46230227552108466,0.8291517403183313,0.02791133709767503
2025-07-05 15:00:00,108193.24,107864.75,108010.0,-0.959978035393615,0.3359670875416643,-0.0010051254300147416,0.442174799828232,-1.1608167552627573,0.5414327536736653,0.8188332737509426,0.027611948556263026
2025-07-05 19:00:00,108200.0,107953.03,108188.47,-1.083656718771223,0.33422978289424904,0.0004849621453983932,0.9533141676740822,-1.2308459458543652,0.45301425830801473,0.8238068181671824,0.027490476387290512
2025-07-05 23:00:00,108268.35,108060.02,108060.02,-0.991429899048452,-0.29958898458049965,0.0009639288714453631,0.0,-1.286378860797322,0.5937851987099735,0.8336972149324626,0.027243677080792315
2025-07-06 03:00:00,108218.0,107930.45,108121.98,-1.028204019199378,-0.29248985274059286,-0.0014061791641218901,0.6660754651133234,-1.2855492911515543,0.5018588168084243,0.8192551992681023,0.027317590519644348
2025-07-06 07:00:00,108194.59,107800.01,107990.93,-0.8041164355952645,-0.3778259317054779,-0.0004391432745333157,0.4838562522052786,-1.1969472192277864,0.4910569835527055,0.8147513664261252,0.027857630143781207
2025-07-06 11:00:00,109127.03,107949.99,108933.25,-0.21264425573816764,-0.3763676856340709,0.0060457761556025336,0.8353666825185606,-0.4527306119834721,0.5146421987429788,0.8767293341611329,0.02673813275636642
2025-07-06 15:00:00,109000.12,108266.67,108463.99,-0.5401139702565495,-0.5723106388637341,0.0010712383012001503,0.2690299270534017,-0.7151925077284039,0.46185206496703973,0.887777472466388,0.02451502296702997
2025-07-06 19:00:00,109700.0,108307.69,109228.73,-0.3304083662160111,-0.56806746780375,0.00401564980035074,0.6615193455432914,-0.017363870068957225,0.5188809296432942,0.9292369500671874,0.022911168504527676
2025-07-06 23:00:00,109499.99,108679.75,109364.52,-0.5091431877193754,-0.14347215675499878,-0.0004660115015069355,0.8348410221296831,-0.3709438645524696,0.4771083532855817,0.9244063051877937,0.021847158936373925
2025-07-07 03:00:00,109700.0,108769.23,108774.5,-0.636405726154427,-0.13702575880413118,0.0007705904637167471,0.0056619787916965866,-0.8457969627306763,0.5116885268761763,0.9323904733073382,0.019445090407848697
2025-07-07 07:00:00,109087.86,108654.94,108664.14,-0.18504489379645675,0.21330078636353725,-0.00381220892159706,0.02125103945251921,-0.7570859403227856,0.3915685961397467,0.892861341975879,0.0184656451560657
2025-07-07 11:00:00,108801.0,107970.0,108223.14,0.24165528308536027,0.22218265332710624,-0.004011874819025429,0.3046209386244924,0.2171438683682897,0.3543728252746042,0.8514204432288612,0.017746279930521733
2025-07-07 15:00:00,108621.45,107513.2,108024.53,-0.13570309882101597,0.4972060495857171,-0.002774251519677029,0.4613850665421953,0.4393963902727294,0.4015492529099562,0.8228786151889135,0.01731356221928938
2025-07-07 19:00:00,108314.72,107800.01,108019.23,-0.6358030791403901,0.5044156942171091,-0.00027643377286690196,0.42590973557098044,-0.5756645409730561,0.4617227739580293,0.8200425217356732,0.016960555808466247
2025-07-07 23:00:00,108525.0,107429.57,107766.2,-0.07534370112282214,-0.5291278419804141,-0.0012566682780650318,0.307303981082241,-0.2539127952624383,0.3751257733657593,0.8071532013698259,0.016151480406162447
2025-07-08 03:00:00,108392.05,107686.92,108299.72,-0.7867874189662244,-0.5240534649444235,0.0013630085726670238,0.8690596060177673,-0.8734507984890446,0.45061183911239855,0.8211156582831338,0.016060094378304315
2025-07-08 07:00:00,108900.0,108216.04,108832.77,-0.5035351000162896,0.6036776185112214,0.004189150283634868,0.9017047780440196,-0.8463031103388562,0.5390632925659192,0.8640871809986479,0.016297065518509388
2025-07-08 11:00:00,109216.56,108250.0,108376.0,-0.14121461955651857,0.5972668447932703,0.0028488674676734327,0.13035921204963655,-0.08765594126664847,0.46794936286375566,0.8934327526014935,0.016340394486587778
2025-07-08 15:00:00,109147.56,108096.55,109147.56,0.2697576100699809,0.28166041365683314,-0.0004458497320755095,0.9999999999904854,0.0564681072085005,0.5320720373218846,0.8888270666030008,0.017164112769362257
2025-07-08 19:00:00,109147.56,108624.0,108917.01,-0.8128680189552285,0.2797790387663602,0.0007391768339839455,0.5596493238490328,-0.8938994348027899,0.5122652998179009,0.8964594554814505,0.017505054913526212
2025-07-08 23:00:00,109136.0,108600.0,108611.53,-0.8002118033391478,0.11569750407451043,-9.441101634788396e-05,0.021511194029447244,-0.9199399356351332,0.42115407002341065,0.8954838915903187,0.01712184070321347
2025-07-09 03:00:00,108942.2,108324.53,108840.01,-0.5371392877494708,0.11723831343936933,-0.0022280818774326194,0.834555668871164,-0.845241989943578,0.4583473967075286,0.8724629445125481,0.017079229617617032
2025-07-09 07:00:00,108900.0,108553.18,108900.0,-0.6798460568769691,0.21078118062525988,0.001339489029460239,0.9999999999711666,-0.9713057472562249,0.5646891242202363,0.8862719524109542,0.0168093398318658
2025-07-09 11:00:00,109769.39,108503.0,108900.29,1.1580233428870415,0.20543517384777582,0.004628889521909985,0.3137185227274826,0.3541759750526766,0.5155029040306772,0.9340558395486537,0.016533116651496687
2025-07-09 15:00:00,109579.98,108816.52,109536.49,-0.12187938985906689,0.4892146422641817,-0.0002858752062621095,0.9430356534600091,-0.2123372207644736,0.4780515274235368,0.9310910981748245,0.017155064115524265
2025-07-09 19:00:00,111999.79,109500.0,111382.17,3.4374527064241955,0.4918699311736541,0.016376453047200146,0.7529312462216722,1.698016896229489,0.5403363328934077,0.9999999999991377,0.027419556712076583
2025-07-09 23:00:00,111581.0,110880.0,111213.91,-0.09017620708129598,2.3463517256621196,0.002455248081154382,0.47633380883771775,-0.45957112755166624,0.5067611139882603,0.9999999999991575,0.03335119302068214
2025-07-10 03:00:00,111306.49,110898.0,111233.34,-0.38191172868736584,2.3115717546240617,-0.0016299492672509075,0.8209258488378735,-0.8038603406541472,0.446125087118879,0.9847189974993024,0.0380458762621147
2025-07-10 07:00:00,111432.46,110870.33,111088.51,-0.3443652953923133,1.8201828578357746,0.0008182578050068834,0.38813085940282477,-0.6531853661002955,0.4297101709679386,0.9923777751408636,0.04144420164437399
2025-07-10 11:00:00,111319.24,110500.0,111247.57,-0.0736540105710222,1.8037907546909802,-0.0021930536635791364,0.9125164786764282,0.09751314842313089,0.5077946429082062,0.9718343060643656,0.044563188663016395
2025-07-10 15:00:00,113788.23,110969.51,113420.0,2.836398514732637,-0.29004420364896155,0.01652114859157816,0.8693626894446098,1.700781439541151,0.5327729988963001,0.9999999999992519,0.05427118142455505
2025-07-10 19:00:00,116868.0,113098.45,116008.38,4.136917699968014,-0.2847733880480995,0.023596789431250098,0.7719568648757241,2.4790311922397366,0.5456588245193891,0.999999999999376,0.07193926800126109
2025-07-10 23:00:00,116800.0,115222.22,116672.57,1.1660971793252684,2.2613748326842336,0.0047665555171967355,0.919234620790487,0.508898711016835,0.49461825716672886,0.9999999999993968,0.0867043080370077
2025-07-11 03:00:00,118404.22,116390.25,117648.33,2.187591603918142,2.229526450532651,0.012366327656744502,0.6246766337104099,1.0573406492995119,0.5725432592516803,0.9999999999994449,0.10027949050129172
2025-07-11 07:00:00,118869.98,117468.53,117983.78,2.6554145358075845,2.1953496195577147,0.004805225135964486,0.3676549288210957,0.5571787468519268,0.38306881723425484,0.9999999999994617,0.11066003250163735
2025-07-11 11:00:00,118259.24,117273.45,117858.16,1.1134846848115922,2.1623756164842263,-0.0015875924854439338,0.5931384980513803,1.1196606505304891,0.5131923041718646,0.9899174352391665,0.11849664213805981
2025-07-11 15:00:00,117960.0,116604.87,117694.01,0.6779319739918935,2.130210626672498,-0.0039533901146534545,0.8037162486196591,0.8728167896381082,0.4690766256753005,0.9648499004107877,0.12421122376079353
2025-07-11 19:00:00,118138.75,117146.8,117615.89,-0.232869045007024,2.099121084763905,0.0033056246596412375,0.47289681939136946,0.05863806577403539,0.4513344989030006,0.9857272400411764,0.126673746899372
2025-07-11 23:00:00,117800.43,117141.13,117599.99,-0.5277644760567798,2.068555070790857,-0.0014312065731021395,0.6959805854588941,-0.7329014545115644,0.4753239429223263,0.976658286318036,0.12857199551799223
2025-07-12 03:00:00,117981.57,117506.37,117847.66,-0.644574843274097,2.038971569422715,0.0015930750608912359,0.7182028619377478,-0.7781486060863786,0.49933827110314843,0.9867384850011104,0.12847248888739807
2025-07-12 07:00:00,118200.0,117625.63,118077.32,-0.3239210803704195,2.0109456076832077,0.0017034300000327018,0.786409457304772,-0.7095367825563859,0.4269978542558354,0.9975341265990907,0.1261668660034802
2025-07-12 11:00:00,118106.2,117238.88,117389.47,0.20587704572672869,1.983767485413847,-0.0033903586608151626,0.1736268044069796,-0.2215582280517616,0.46584918811738074,0.9760108210351921,0.12213385789105963
2025-07-12 15:00:00,117548.69,116900.05,117504.0,-0.3694159452422263,1.9574373592926042,-0.002559538193827704,0.931101998012282,-0.5341172706584714,0.4022731284906065,0.9598169742412018,0.11547891901750403
2025-07-12 19:00:00,117639.98,117000.01,117385.37,-0.6832805666424502,1.9318613425385756,0.0015615576843239776,0.6021532259230563,-0.8742115269400944,0.4093682197904994,0.9696714477225602,0.10641440424603792
2025-07-12 23:00:00,117817.16,117219.53,117620.0,-0.8080125909424246,1.9110681790760444,0.00012485972988285354,0.6700968826753962,-0.8917797622487761,0.508848666534012,0.9704606265610799,0.09677623011925152
2025-07-13 03:00:00,117978.97,117600.81,117888.51,-0.7820619228638064,1.8907658532363414,0.003230374695087468,0.7607890839654816,-1.097624070447968,0.45093944552847615,0.9908808346022674,0.09130155618777558
2025-07-13 07:00:00,118054.79,117689.63,117747.99,-0.7540212570173449,1.8743362032192261,0.0005563359888622887,0.15982035271772413,-1.0827234898898233,0.531472103838672,0.9944089687569672,0.08355206626274454
2025-07-13 11:00:00,119376.0,117747.99,118766.94,0.9611412260922196,1.8584346839431378,0.006543021309317831,0.6258868188731898,0.274164804524642,0.530176353522317,0.9999999999994804,0.07385234897283623
2025-07-13 15:00:00,119124.0,118382.56,118992.73,-0.16604125284374965,1.8415960557892144,0.001026828836698579,0.822952632703613,-0.3077837466083992,0.4812454489920223,0.9999999999994836,0.06031199245100261
2025-07-13 19:00:00,119488.0,118243.68,118520.01,-0.058788008060977594,1.8252577168593023,0.0007262969353147852,0.22207310016537504,-0.1057112362521963,0.4584537309995083,0.999999999999486,0.03915887295181878
2025-07-13 23:00:00,119999.0,118386.55,119647.88,0.3388745249778218,1.2675080279716642,0.004309547987545015,0.7822444106745522,0.18957077832659544,0.5756547004112496,0.9999999999994991,0.02595955780371003
2025-07-14 03:00:00,122666.0,119592.7,122130.99,3.686217882482211,1.2588868293693785,0.01665773266898185,0.8259167669904489,1.9513664787269547,0.5447164995236473,0.9999999999995445,0.03745008059672554
2025-07-14 07:00:00,123218.0,121628.47,121905.48,1.3103106807267377,1.796790319091187,0.008458695435374253,0.17427164004344195,0.6199562661714333,0.47687480586021186,0.9999999999995648,0.044919142114599936
2025-07-14 11:00:00,122120.0,120600.0,121158.89,1.5001254288232577,1.781683282835163,-0.007647961826448668,0.3676907894712648,1.6520043512867901,0.5074745345240752,0.9592692882829786,0.04914352959695947
2025-07-14 15:00:00,121176.26,119202.0,119644.94,1.927160341747633,1.7678643338792857,-0.011894855445299557,0.2243574807764732,1.4210439193703817,0.47714611520288935,0.8964054025733118,0.0501684066341783
2025-07-14 19:00:00,120447.0,119522.72,120057.01,-0.14462872312617667,1.7544996879778225,-0.00035454455336503266,0.5780607608021526,-0.14055630769598526,0.564141192509977,0.8945539353343416,0.050641625610053725
2025-07-14 23:00:00,120057.01,117827.46,118251.05,1.339847842019725,1.7343215548701543,-0.009855550556868264,0.18998901123459838,0.6861655176646551,0.4535080939071278,0.8431055084743613,0.05088963608663298
2025-07-15 03:00:00,118251.04,116250.0,117070.54,2.315296880603984,1.7146164298347608,-0.01306616448772957,0.41005677047729966,1.0931139126503198,0.4617559039745478,0.7755691114118934,0.052327148309951624
2025-07-15 07:00:00,117270.86,116300.0,117016.48,1.1283369780346186,1.6971762640218262,-0.0030036063218683573,0.7379848793776813,-0.10998663401815653,0.4859862919142289,0.7602469224119337,0.053327603736195384
2025-07-15 11:00:00,118490.71,115736.92,116008.19,2.552972484350105,1.6800950422011551,0.0033006324893976036,0.09850787460155574,1.6427843412133099,0.5032570196847336,0.777033747412329,0.05742828573629629
2025-07-15 15:00:00,117800.6,115800.0,116719.55,2.231312891502496,1.664914960232284,-0.004034719523307695,0.45963710886504244,1.0545115121202693,0.4845140320789582,0.7564456682938042,0.05882601475859505
2025-07-15 19:00:00,117868.52,116192.27,117827.74,0.31414827980706095,1.6500132079620484,0.0016661181307828787,0.9756718866459326,-0.12657707711149346,0.5705817207195529,0.7649131149297753,0.05782686774311676
2025-07-15 23:00:00,118195.0,117017.29,117317.27,-0.10961021784082957,1.6397733715970622,0.005756043903670349,0.2547146581055283,-0.4302224457732877,0.524141137073378,0.7942148784777534,0.058309738022831466
2025-07-16 03:00:00,118285.15,117211.25,118276.3,-0.3528428037686061,1.6299451486107845,0.0005499392474583864,0.9917590092095085,-0.7293365692558125,0.5661366363989369,0.7970305178387349,0.05711348295860827
2025-07-16 07:00:00,119310.75,118046.19,118736.25,0.2236686509836355,1.6165616343604838,0.008157229605042504,0.5456917821175287,-0.5154622157947695,0.493395313458413,0.8388177657258151,0.056329021896004076
2025-07-16 11:00:00,119260.0,118181.14,119056.8,0.38464866130438075,1.6035208577012618,-5.355872355239377e-05,0.8116530411655698,0.07373580172398406,0.4656999831532532,0.8385411610167127,0.055879070778467384
2025-07-16 15:00:00,119904.13,118328.48,119512.2,1.0104702251702347,1.587012384543685,0.004550822588972547,0.7512582108923188,1.188252074397776,0.4989090103310048,0.8620426833891263,0.05537264258022154
2025-07-16 19:00:00,120063.84,118592.22,118639.34,0.5494391177665687,1.5708259377920497,0.0015770360317513,0.03201913537440053,-0.22804945274211885,0.4544866010065831,0.8702239325684356,0.055797074304431926
2025-07-16 23:00:00,119158.28,117683.53,118330.57,-0.12068978294777351,1.5541684569046432,-0.008271779782661692,0.43874555009026667,-0.29448627237094155,0.45330871549428087,0.8272444357603403,0.05604670250444961
2025-07-17 03:00:00,118772.0,117761.11,118452.51,-0.29555223040286555,1.53783456810757,-0.0007760253519426552,0.6839517652693716,-0.550612444720505,0.491202871650778,0.8232456241559402,0.056010956312646236
2025-07-17 07:00:00,119192.0,117857.03,118340.01,-0.05079483920581764,1.5263785928772824,0.0010185021947508588,0.36179090166548883,-0.30412603295128454,0.4668882974220232,0.8284898314366441,0.05572844021126237
2025-07-17 11:00:00,118834.2,117453.57,118770.94,0.34568777699729447,1.5150880661828094,-0.003409549143228996,0.9541803379547475,0.050132915142101594,0.5128114458704999,0.8109163851133633,0.04853977994194708
2025-07-17 15:00:00,119780.67,118333.6,119580.0,-0.01969672938911262,1.5150880661828094,0.007837757205507723,0.8613266808042372,-0.3042011058636273,0.5134756396220214,0.8511758976577045,0.04134104115968997
2025-07-17 19:00:00,120998.71,118383.97,119766.71,0.6996599030388533,1.5150880661828094,0.008280037485475455,0.5288250457004192,0.29086152901054624,0.4908200511938573,0.8940405823767338,0.03697487932010226
2025-07-17 23:00:00,120785.49,119020.48,120096.43,0.17945196467025537,1.5086259731110232,-5.251355919477785e-05,0.6095999456059147,0.21146399147367087,0.4851693833656921,0.8937664754856005,0.03792407260668492
2025-07-18 03:00:00,120820.71,119750.0,120251.0,0.11513724173251048,1.5022191426632872,0.002931008375090194,0.4679138141936826,-0.1761177616504529,0.448795734222028,0.9090647606523657,0.03839606543525639
2025-07-18 07:00:00,120386.27,118395.0,119250.72,1.1704625307375784,1.497804673039669,-0.00953548076927968,0.4297357967506677,0.2861029856098894,0.4168077842221607,0.8591488100501681,0.03921173395507439
2025-07-18 11:00:00,119531.48,117315.69,118139.99,1.0204189167593885,1.4934164524315725,-0.004995265213468381,0.3720117881190389,0.47173868195031937,0.4708275401310085,0.8332491403524043,0.038131573366382725
2025-07-18 15:00:00,118265.96,117235.0,117310.72,0.1741054224340131,1.4878191399656082,-0.007345762207621065,0.07344610848070365,0.2583297564259632,0.42581100342730027,0.7953527637841523,0.03776370744222039
2025-07-18 19:00:00,117962.09,116812.76,117683.71,-0.037346378744217645,1.4822637193192283,-0.0023634124886241503,0.7577893207281047,-0.1726121704390313,0.4446543335789615,0.7832496156502927,0.03267426911228403
2025-07-18 23:00:00,118297.72,117455.94,118201.03,-0.6197654978775757,1.4692455910761322,0.004412375417775616,0.8851362588694744,-0.7197983303632544,0.47646071443064436,0.8057921970854385,0.029113690776655366
2025-07-19 03:00:00,118371.42,118044.19,118164.42,-0.7828435854745933,1.4564358150276213,0.0024044223196948433,0.3674174128176611,-0.9538425682855728,0.4918029345100879,0.8181304593275925,0.028638040386707597
2025-07-19 07:00:00,118479.34,117943.25,118440.38,-0.7936960591207317,1.441612290904106,0.00024813285550240316,0.9273256356036014,-1.042199278333777,0.48693881767562314,0.8194068114159024,0.02650729198292297
2025-07-19 11:00:00,118499.9,117627.71,117668.14,-0.5015075259221808,1.42704410475097,-0.0011937141148021801,0.046354578703642596,-0.689129666231342,0.3749470782566367,0.8132650308150136,0.02771827139615382
2025-07-19 15:00:00,118240.01,117661.04,117859.1,-0.8750933206487137,1.4189385844035296,-0.000933867182190129,0.3420902637383473,-0.8875666788275877,0.5174015744214977,0.8084659247334969,0.02843157514018478
2025-07-19 19:00:00,118141.0,117277.34,117792.98,-0.7737065681416749,1.4109194596035413,-0.0021027024689254104,0.5970405020425016,-0.7479908168177585,0.42100238830783837,0.7976703119754249,0.029032681461953112
2025-07-19 23:00:00,118131.2,117650.0,117970.49,-0.8901290415715786,1.3969630146552356,0.001412792330591106,0.6660224438764484,-0.9227649619598632,0.5095533975069337,0.8049085631316906,0.02844538627247045
2025-07-20 03:00:00,118165.38,117706.9,117824.48,-0.7269740220036858,1.383234272196797,0.00018111987633018245,0.2564561158555106,-0.9438730098911483,0.4299568261052867,0.8058378174064277,0.02896792754376576
2025-07-20 07:00:00,118277.17,117824.48,117888.21,-0.38672482765090205,1.3724585145890196,0.0012498300153698239,0.140780666678306,-0.9334491164379112,0.4973110954439225,0.81225136109047,0.029296716818203734
2025-07-20 11:00:00,118799.8,117723.23,118468.41,0.36558529202157375,1.361900593195742,0.0005573622921537513,0.6921797932257828,-0.3891796465186942,0.5471259772826321,0.8151150586262744,0.029152825673786208
2025-07-20 15:00:00,118856.8,117960.0,118361.79,-0.1377734582863823,1.34965376564577,0.0022368565589299116,0.4480263157844693,-0.3304569672091442,0.577281039051699,0.8266143132238873,0.029173565565317323
2025-07-20 19:00:00,118563.93,116467.02,117479.93,0.3735902280447685,1.3376038742254435,-0.00785627492121388,0.48304886714029877,0.03388459378720966,0.46015135411565355,0.7861363551321237,0.030229580757604412
2025-07-20 23:00:00,118183.93,116515.0,118183.92,0.050583891285974854,1.3253967622852691,-0.001441736055025844,0.9999940081309614,0.271491251303605,0.46754010944911917,0.778766443624825,0.02859433549448455
2025-07-21 03:00:00,119241.57,118131.75,119169.25,0.09039622066663959,1.313367455208599,0.011075702671283327,0.9348362797486486,-0.3596827013802312,0.49123503196614265,0.8353019403751215,0.026892331758557396
2025-07-21 07:00:00,119676.73,118344.0,118578.14,0.015729849872355473,1.3008251723287452,0.0035039379310888297,0.1756844972336807,-0.39882117645941534,0.47788876104336886,0.8533857531597178,0.023167759413057865
2025-07-21 11:00:00,119233.71,117778.7,118828.99,0.5647615659997322,1.2884638599282916,-0.0038641284554971067,0.7218438361198776,0.5019856258407568,0.46919120195157266,0.8333731200212746,0.01752136204585584
2025-07-21 15:00:00,119119.59,117100.0,117162.28,0.421386226808925,1.2769447583141826,-0.005210135963988338,0.03083794235448312,0.6384056331954822,0.5091133577370605,0.8064936739019617,0.01706843575209281
2025-07-21 19:00:00,117633.66,116656.88,117348.96,0.005172613110168839,1.2655833508714742,-0.00742465270155801,0.7085321157199341,-0.1240990970552554,0.5321821608358913,0.7683889557320821,0.01785786633488374
2025-07-21 23:00:00,117950.0,116128.0,117027.81,0.33849906557341103,1.2538392200803488,0.001037982093764711,0.4938583973628206,0.11440152546161135,0.46464643225452323,0.7736765236157521,0.018707816043520533
2025-07-22 03:00:00,117847.77,116552.18,117847.26,0.4548316060759902,1.2422545656145547,-0.0004444761153759025,0.999606356941621,0.205772371772918,0.5234654233476516,0.7714099747899948,0.018447170331472407
2025-07-22 07:00:00,118956.0,117488.19,118955.99,0.8068671675707997,1.2364508932553886,0.009170658585931468,0.9999931871223151,0.24587519664087304,0.5391360524303784,0.8181537838794936,0.019572325506839322
2025-07-22 11:00:00,119573.53,117550.0,119060.0,1.1605341496033574,1.2309396455924053,0.005424788044619655,0.7462207133042449,0.8065212120878348,0.4939851902377827,0.8460580730225199,0.020969885092611024
2025-07-22 15:00:00,120183.96,118368.19,119733.69,0.2712386797111611,1.2196163781519418,0.00322931284461081,0.7520225579189417,0.364284615037986,0.5226139521588546,0.8627592815056753,0.024093388378954046
2025-07-22 19:00:00,120035.29,119097.6,119844.23,-0.2806652787846254,1.208439493705936,0.003484329324961344,0.7962439612153669,-0.5915376993787511,0.5530711175143097,0.8808375647538079,0.02678703792701253
2025-07-22 23:00:00,120247.8,118983.34,119090.73,-0.3025198670241267,1.202236287779625,-0.0005229623816749296,0.08492953513685651,-0.5104022107964743,0.5079330466692702,0.878114744106911,0.027426707221761954
2025-07-23 03:00:00,119116.68,118329.04,118417.99,-0.4722725638530246,1.196084801699478,-0.007036174235897863,0.11293230409690008,-0.7683101088259857,0.4935154725348641,0.8414998323722155,0.02725257815671861
2025-07-23 07:00:00,118592.39,117844.24,118372.12,-0.4132428798340049,1.1853582234759692,-0.0043210030744714745,0.7055804317221659,-0.68074175257585,0.46689803562771126,0.8191723678087737,0.02708471946013279
2025-07-23 11:00:00,118655.0,117301.0,118204.99,0.5557365877018701,1.1747650774931508,-0.002544583938583589,0.6676440177203316,0.24896358052704712,0.465262942333017,0.8060808210525319,0.026802370132445182
2025-07-23 15:00:00,118708.24,117331.63,118379.45,0.14775938865093224,1.1655553702059573,0.00022368275708184449,0.7611596603194662,0.3195163380087521,0.5177948989652261,0.8072287108068875,0.026452579170272803
2025-07-23 19:00:00,118630.39,117381.8,118568.99,-0.1889178255982312,1.156448878243621,0.0013549098558305328,0.9508245300623083,-0.04208272205504031,0.468321288135869,0.8141833596711695,0.026430904513278758
2025-07-23 23:00:00,119138.57,118421.86,118960.6,-0.43650425886213906,1.146040993338227,0.006073608315960488,0.7516847818399124,-0.7035549287152222,0.5327947029329174,0.8454009673473241,0.026633651173830552
2025-07-24 03:00:00,119273.36,117380.03,117466.81,0.29686044650406473,1.1357533429286022,-0.006834805233950303,0.045834587736707504,0.030490257022155083,0.49851736289453347,0.810057533870719,0.027001629452311104
2025-07-24 07:00:00,118814.47,117103.1,118373.99,0.17162768577517673,1.1255089746141258,0.0019232847035082212,0.7426155653029893,-0.2510654886069626,0.46062436026358544,0.8199350480739305,0.026715327508210138
2025-07-24 11:00:00,119109.74,117832.32,119057.11,0.2878474772963912,1.1153790726904584,0.0019965700895796523,0.9587997682754359,0.0059407315770006325,0.5505192715946945,0.8302086590304876,0.026399424058225308
2025-07-24 15:00:00,119450.0,118350.0,119044.29,0.21349804815900245,1.1075270413432878,0.004257431703353909,0.6311727272669836,0.12145941239356188,0.4161656433786878,0.8521595665370997,0.026751994895607065
2025-07-24 19:00:00,119343.97,118186.57,118280.01,-0.7886982825113398,1.0997516212900251,-0.0017503518767624238,0.08073267668842313,-0.7334916485675732,0.4697076465012411,0.8430964991573948,0.026825371661521977
2025-07-24 23:00:00,118451.57,116353.66,116353.67,2.3715135641307366,1.089895823487809,-0.012093370687777938,4.766648709770022e-06,0.28643840142365384,0.3971880138985007,0.7805883880921748,0.030212459831971614
2025-07-25 03:00:00,116428.55,115115.0,115284.25,3.8462938047654793,1.0801438105027543,-0.014533024562597308,0.1288493015101908,1.7543253908533618,0.4096491525634797,0.7063786468406994,0.038294897171999395
2025-07-25 07:00:00,116487.5,114723.16,116308.48,2.866076711247593,1.0727315417018324,-0.0017734215186473445,0.8985342961056317,1.1694313577698774,0.43636084133355363,0.6974546592314443,0.039834274846217384
2025-07-25 11:00:00,116782.13,114908.0,114960.01,1.56443345496493,1.065461052031536,0.004571444670834479,0.027751543382645346,0.8491901227044939,0.5038429130180884,0.720417709767088,0.04783456450179688
2025-07-25 15:00:00,116568.73,114916.48,116491.53,0.2250278701684938,1.0563246027030446,-0.0010433284520686703,0.9532758359754699,0.06425431033091779,0.5510159642228434,0.715152956851396,0.0483278539555421
2025-07-25 19:00:00,117377.59,116405.7,117279.97,-0.3867888272831256,1.047279340700638,0.00972364269334336,0.8995565341664273,-0.7142422017663298,0.4556060511758014,0.7641683608195549,0.047542522294484975
2025-07-25 23:00:00,117750.0,117138.38,117469.0,-0.7851296336628755,1.041083348594616,0.004104681353827244,0.5405644027248818,-0.9277234900073767,0.41945706508866987,0.7850606278663009,0.04527745622969185
2025-07-26 03:00:00,117603.0,117320.0,117350.71,-1.1062905987486253,1.0349365036126108,0.00012732473998822158,0.10851590105625881,-1.1979697386111552,0.41384029913177767,0.7857113534920572,0.04236925731453669
2025-07-26 07:00:00,118217.45,117304.46,117971.93,-0.6585872666484345,1.0259585925254036,0.0015588925945722032,0.7310813919020829,-1.0456319257633797,0.5094951663559534,0.7936794869345081,0.040718847012782236
2025-07-26 11:00:00,118220.0,117772.13,118064.99,-0.8695518026295505,1.0170682743282466,0.003183912076452522,0.6538951034752599,-0.9726043242663912,0.4468855224593147,0.8099791250446654,0.040360203362462564
2025-07-26 15:00:00,118188.97,117818.2,118095.15,-0.9103481842082641,1.0083569011451146,8.489181283244385e-05,0.7469590311851673,-1.0979538714880415,0.4450878557933408,0.8104151017274526,0.040088591243643126
2025-07-26 19:00:00,118297.35,117883.86,118007.02,-0.945275885198536,0.9997300679534384,0.00043685928474124225,0.2978548453336801,-1.1364930803212008,0.4902112790686979,0.8126588590932686,0.03996525814543434
2025-07-26 23:00:00,118358.18,117825.5,118309.99,-0.9725129955800424,0.9908522649685387,9.037944498224704e-05,0.909532927819547,-1.1178540758153932,0.5664938147472355,0.813123260659126,0.039783367194696
2025-07-27 03:00:00,118438.83,118080.92,118263.4,-1.0346104287380116,0.9820523595810661,0.0012531472967654,0.5098488446673624,-1.168016767700015,0.4865386516289365,0.8195629568148837,0.03940929615873975
2025-07-27 07:00:00,118292.86,117859.98,118184.92,-1.0429936268934656,0.9736050467006481,-0.0014759667570561907,0.7506468305130576,-1.1059183117412357,0.4573491890819646,0.8119687271802867,0.038203665525310286
2025-07-27 11:00:00,118499.0,117890.0,118422.16,-0.8729435016380417,0.9652303568713148,0.0011302541918449815,0.8738259441564289,-0.9679456459516999,0.515954770621996,0.8177755930935731,0.03870910184791432
2025-07-27 15:00:00,119540.01,118236.84,119021.33,0.40461953130659,0.9611928203397887,0.007276583926438818,0.6019859266204612,-0.025919499269280152,0.6498214829150216,0.8552024882113122,0.039600810543188626
2025-07-27 19:00:00,119766.65,118713.74,119495.17,-0.754382608992749,0.9571771142634395,0.002129787668200267,0.7421621980915555,-0.8078126873597309,0.4891415300207426,0.8662366996964743,0.0405127394963746
2025-07-27 23:00:00,119800.0,118960.5,119434.14,-0.5473538479700615,0.9486636351329767,0.0005287210166324829,0.5641929720004258,-0.35078499288799003,0.44275734693844887,0.8689817830793317,0.041430052864259145
2025-07-28 03:00:00,119701.07,119128.46,119448.02,-0.5920167873885059,0.9402185239527066,0.00011580846881442675,0.5580761774932617,-0.7477510846692175,0.5521279433164836,0.8695833706383761,0.04334831963935187
2025-07-28 07:00:00,119448.03,118620.22,118764.53,-0.40775918995511873,0.9323054261455839,-0.004119767540374575,0.17432744228537322,-0.623976907518445,0.5157817146043352,0.8481800316284239,0.04289230133290883
2025-07-28 11:00:00,119093.68,117895.73,117985.93,0.48228139330547876,0.9244552550284985,-0.0031531261445569836,0.0752952961302595,0.3757438451564777,0.5554743795354204,0.8318661511388231,0.03809228124067736
2025-07-28 15:00:00,118500.0,117427.5,117776.56,-0.21633610804500927,0.9161865564098612,-0.005073149861873016,0.3254638694608327,-0.17960187511545028,0.46068817196552836,0.8057010707246586,0.03584632111489809
2025-07-28 19:00:00,118350.01,117500.09,117854.35,-0.6138039880924753,0.9079793680447635,0.0004326802980045841,0.41681570029631243,-0.46239499657961863,0.5269713809650416,0.8079213246863302,0.0261702069251292
2025-07-28 23:00:00,118450.0,117450.0,118095.6,-0.6832842051326262,0.9035656459748813,-0.00040556387494261603,0.6455999999935498,-0.40718989188672955,0.4733505724018563,0.805839315375396,0.022399228244031268
2025-07-29 03:00:00,119061.68,118095.59,118764.85,-0.26286582843999634,0.8991768172231511,0.006192515663764553,0.692751192945879,-0.523001522137471,0.5127324462256446,0.8376164217250053,0.021131469603570357
2025-07-29 07:00:00,119273.36,118300.0,118317.75,-0.28527000386727625,0.8911829329024022,0.001401607831177376,0.01823580175866856,-0.5077484298928894,0.5495700785740252,0.8448533593856945,0.020056199230314826
2025-07-29 11:00:00,119080.81,117701.0,117823.67,0.2493831469065801,0.8832457276060806,-0.0030210677767325,0.08890354469029028,0.26511807881692206,0.5554826777915975,0.8292327824844966,0.01895733734655482
2025-07-29 15:00:00,118057.05,116950.75,117606.72,0.22801949107557262,0.8832457276060802,-0.007880110287762587,0.5929404320655067,0.20404549596514782,0.4999583217713296,0.7886113833861894,0.01968970624509777
2025-07-29 19:00:00,118000.0,117094.96,117848.03,-0.41842946120155927,0.8832457276060806,-0.00039008327785783337,0.832084769724738,-0.46149844315448113,0.5619775914375265,0.7866163780056693,0.01993181647163508
2025-07-29 23:00:00,118119.0,117412.53,118024.11,-0.9899743925263546,0.8758378668460274,0.0030933335130749473,0.8656843177931743,-0.8148242949100349,0.47054559754218134,0.8023183120588842,0.019969843141580314
2025-07-30 03:00:00,118326.56,117667.33,118287.31,-0.7900079552278383,0.8684823791394222,0.0019400517479231105,0.940460840663494,-0.9128243834030006,0.4841122379811946,0.7987792695887466,0.019727796122996268
2025-07-30 07:00:00,118481.81,117928.13,118020.18,-0.48468762443099517,0.8617590392712742,0.0013475152498558796,0.16625126426514775,-0.7143082151356114,0.6114513845217648,0.8008413202409096,0.01996126857592644
2025-07-30 11:00:00,118728.15,117358.84,118714.35,0.3159354889204438,0.8551198771670798,-0.0032254123786982225,0.9899219314765192,0.5033538733047189,0.5357645508594231,0.781263441597971,0.019987507501962015
2025-07-30 15:00:00,118792.0,116509.47,116523.14,0.8226448044810626,0.8503592134487289,-0.0013605952859412351,0.0059889683815495835,0.655380728395637,0.396840741259207,0.7735273175666278,0.024911326017671376
2025-07-30 19:00:00,117497.17,115796.23,117486.49,0.451984148805944,0.8457929157513052,-0.00936281653979898,0.9937211189048819,0.20581863442752554,0.5417400385522686,0.7203642938029411,0.025466333891997813
2025-07-30 23:00:00,118542.39,117460.0,118447.52,-0.3547367221123478,-0.2783855098332979,0.013653526229402857,0.9123513705696479,-0.6697200160559686,0.5103727891678852,0.7652637940216478,0.02459070311446275
2025-07-31 03:00:00,118725.59,118287.63,118691.78,-0.6525882558663335,-0.2794242629789374,0.0025101682048338514,0.9228011690354683,-1.030001510609706,0.4769591992771142,0.7730452176132745,0.02275790496471244
2025-07-31 07:00:00,118922.45,118435.72,118505.02,-0.7014836539037946,0.8369304046892914,0.0015204912215471822,0.1423787315320192,-1.0593914376915732,0.49248163197341743,0.78350818105864,0.020754312737766137
2025-07-31 11:00:00,118702.1,117807.35,117913.18,-0.05450601928750694,0.8293812173893855,-0.003338730566527781,0.118278848839122,0.1064261409681159,0.5548081546096597,0.7604984255798277,0.018142772526126564
2025-07-31 15:00:00,118879.14,117400.0,117658.8,0.6614837409425685,0.8218864538596563,-0.0016756298508969758,0.174966534606767,0.4011819678377529,0.5399736927530959,0.7485504889914943,0.017554278035562972
2025-07-31 19:00:00,117762.05,116010.0,116010.6,0.5905770668683985,0.8144377822650001,-0.01140843223503818,0.00034245598013892025,0.29791233707904424,0.41153295819973795,0.6631049472952434,0.023593566708061193
2025-07-31 23:00:00,116362.99,114313.13,115966.12,1.8172169200134523,-2.191615605183636,-0.011681756688373457,0.8063916560115941,1.7996864884433545,0.4597806701976765,0.5820732431362605,0.02800444639817082
2025-08-01 03:00:00,116052.0,115065.55,115156.51,-0.37299679206338343,-2.180157605457197,0.0018133035510177198,0.09220943788237622,-0.03609199582479092,0.4174571790339498,0.5945044742390057,0.03500515674062885
2025-08-01 07:00:00,115340.0,114116.0,114762.58,0.6433058788913744,-1.426292941766447,-0.0065183641401102,0.5282516339826138,0.6825808073134343,0.46374208373565545,0.5497363352697878,0.041677489569876214
2025-08-01 11:00:00,116019.3,113988.47,115619.8,1.1125390211298636,-1.4487150774050472,0.003362691714894117,0.8032824017726583,2.818173721852637,0.4884549493931269,0.572680767768336,0.0425744653524526
2025-08-01 15:00:00,115695.52,113669.01,113836.93,0.40939426412861313,-0.34411672480634303,-0.0043166019287357305,0.0828616685825231,2.5758617899778735,0.46113579226621126,0.5431285406677357,0.05056560887278437
2025-08-01 19:00:00,114094.08,112722.58,113141.05,0.6485856862820754,-0.3485565767904531,-0.011004636020762293,0.30511848341009845,2.0090342175875655,0.48316668908917115,0.46811405019804786,0.05950405071675685
2025-08-01 23:00:00,113909.3,112908.54,113702.24,-0.72397907840486,-0.5912392272625691,0.00045216363330191633,0.7930972460850486,0.2276518418147674,0.49476288801903573,0.47116236185317506,0.06399495670202612
2025-08-02 03:00:00,114063.49,113469.43,113697.85,-0.7579831381866988,-0.5990330169475631,0.002778066382183253,0.3845066154869256,-0.6654440678249092,0.4942784437137759,0.48989947518016835,0.0674490222434727
2025-08-02 07:00:00,114040.29,113425.58,113550.89,-0.9568620943407778,-1.6702862237426828,-0.0005675093782792073,0.20385222299614583,-0.6304605060730465,0.43432945174074833,0.48606118386445957,0.07012105074111631
2025-08-02 11:00:00,113914.25,112939.39,113099.89,-0.7262984525558581,-1.6739439537071903,-0.002795931677661123,0.1646390250890933,-0.40677783421826885,0.41083954635103764,0.467161919104464,0.07260403111789833
2025-08-02 15:00:00,113420.0,112099.22,112327.65,0.06137127923261679,-0.7060626138964449,-0.005652189303833821,0.17295083208275694,0.8756569336703541,0.3938545232371188,0.4290624350064985,0.07669955699407391
2025-08-02 19:00:00,113058.82,112003.0,112862.14,-0.3538965210404251,-0.7072699478264669,-0.002263333792756561,0.8137182474208261,0.5914764631495412,0.43465879197131146,0.41389230419576795,0.07534702385879917
2025-08-02 23:00:00,113517.58,111920.0,113517.58,-0.18601656196245148,-0.3883011936378414,0.00188802197502147,0.9999999999937406,0.6273090265233241,0.456580625630391,0.42651824344518335,0.07583058691806785
2025-08-03 03:00:00,113740.69,113341.06,113559.34,-1.1191494918919471,-0.39701089781358617,0.006985279017307056,0.5462052398331813,-1.0055468685164215,0.48113268194897424,0.4733197241045941,0.07470072617321358
2025-08-03 07:00:00,113900.0,113551.0,113899.99,-1.1548835083653635,-0.7100357165497868,0.0015161506856409268,0.9999713466762336,-1.168062189141566,0.5941940709286563,0.4835489159407042,0.06961788287119879
2025-08-03 11:00:00,114260.31,113579.69,113792.28,-0.7585622424136833,-0.7179539201773469,0.0020531762528614994,0.31234756545043413,-0.4345979908088106,0.5010837702495268,0.4974223235550082,0.06249773744304998
2025-08-03 15:00:00,114460.15,113674.05,114380.4,-1.0375155534058451,0.10914299307305035,0.0011097053970061665,0.8985498028126365,-0.7157650250181189,0.5948342465983537,0.5049360500278346,0.053367792697544006
2025-08-03 19:00:00,114799.97,114066.56,114324.83,-0.9780532319657779,0.10342781090389416,0.0031310436894358418,0.35214954799700215,-0.5007336729826568,0.49257772762329344,0.5261596221886579,0.045001054024437305
2025-08-03 23:00:00,115000.0,114107.6,114797.9,-0.7214257482686958,-0.8364605428503402,0.0011958943904635255,0.7735320484001093,-0.15615736057165436,0.5006429075196402,0.5342912942157724,0.03544770185517291
2025-08-04 03:00:00,114799.0,114148.58,114423.76,-0.9553668218547999,-0.8403796991011875,-0.0011091710395746412,0.4230804710737108,-0.7682337156001946,0.3936652734756995,0.5267402918398543,0.032073268723262736
2025-08-04 07:00:00,114778.5,114234.58,114251.83,-0.8133457835386301,-0.4201505994118286,0.0009410949139683211,0.031714222679222887,-0.5354731309731392,0.454259647001546,0.5331399612107782,0.027958318521438784
2025-08-04 11:00:00,115466.0,114121.0,114736.78,0.05738626242247893,-0.4344319174569631,0.0028984388661039695,0.4578289962791231,0.5181367230747809,0.5095074343360863,0.5528685843032538,0.02683656740225671
2025-08-04 15:00:00,115720.0,114560.33,114957.64,-0.43832241932940424,-0.9551767491773275,0.002399682881974341,0.34260608621122585,0.3870767832137981,0.49999987074129143,0.5692496985785112,0.02721815522946514
2025-08-04 19:00:00,115325.88,114616.33,115325.88,-0.8695500977170412,-0.950701616577799,-0.0015116628774626273,0.9999999999859065,-0.22867084740425822,0.5453678573138164,0.5589057713834849,0.026041990049256992
2025-08-04 23:00:00,115340.0,114614.94,114719.27,-0.9373703407616268,-0.030559976660758815,-0.00034199116820565756,0.1438915400085002,-0.5478009377230353,0.4763575028671052,0.556569149744821,0.026916995164550817
2025-08-05 03:00:00,114737.82,114105.71,114178.63,-0.47263439028311727,-0.034062919763742656,-0.00514683018647033,0.11535966841031559,-0.5888485727357297,0.40624132246481726,0.5214159555997531,0.026240562408813665
2025-08-05 07:00:00,115096.73,113725.72,114841.27,-0.22488240636919538,0.3911639943678672,0.0004492313832256123,0.813670213923947,-0.04086051923191513,0.5098761223963155,0.5244684440520568,0.026744235417182866
2025-08-05 11:00:00,114972.0,112650.0,113037.12,0.8448495133065588,0.3841308326503757,-0.006109989844152897,0.16671834625250997,2.2583265769228866,0.44953470337716106,0.48293294006118015,0.02823723735702614
2025-08-05 15:00:00,113661.96,112692.3,113644.71,-0.3022631385123872,-0.734586611222474,-0.0048713198754559706,0.9822102592560051,1.306833548958211,0.4910948509752204,0.45002020528495124,0.02799162644174215
2025-08-05 19:00:00,113989.97,113304.0,113961.25,-0.9916403456237431,-0.733468327404849,0.005015496783236317,0.9581322798233415,-0.470678409774378,0.458505562907443,0.4837419876204998,0.026843069966064396
2025-08-05 23:00:00,114228.88,113491.76,113623.22,-0.943889552799866,-0.6134182294108734,0.0013261693207815561,0.17834273930733288,-0.44987182149280336,0.4202873034681562,0.49270323156347634,0.023090856169578296
2025-08-06 03:00:00,114417.02,113355.13,114084.93,-0.6891586937988295,-0.6074641197688758,-0.00013335602702391203,0.6872651592849695,-0.33116282365845895,0.45065691608985037,0.4918009178916023,0.020452499724193312
2025-08-06 07:00:00,114368.31,113727.57,114067.2,-0.6827608781809401,0.5935402132230032,0.002202563183850703,0.5300589942795744,-0.44637299354857857,0.5337934673875534,0.50670191551541,0.019704055694840607
2025-08-06 11:00:00,115200.0,113579.9,115187.96,-0.13990818765442245,0.5867125330012442,0.0018800067755773142,0.9925683599716566,0.8894875876071434,0.55855275005414,0.5194487366984453,0.020048088608331762
2025-08-06 15:00:00,115716.0,114832.38,115423.22,0.33289310588164683,0.2861472126575264,0.008252428878641416,0.6686584730917284,0.47624837020829036,0.5121945167907014,0.5755070438949099,0.02145478557548251
2025-08-06 19:00:00,115525.48,114793.01,115106.67,-1.0690491472201873,0.2800576437729526,-0.0007418688273685969,0.4282223162664966,-0.9485416738616504,0.4105531261434453,0.5704259807902922,0.02162460094785999
2025-08-06 23:00:00,115185.58,114404.22,114565.28,-0.8012006084277723,-0.7552537631263613,-0.002924680623339726,0.20612777720632777,-0.8198440015178265,0.474995407559678,0.5504096898662074,0.0217347020862222
2025-08-07 03:00:00,114784.0,114259.0,114650.01,-0.7787429682166616,-0.7550859208518595,-0.0026856088595267336,0.7447809523667561,-0.8211459343170708,0.4953325358391931,0.5320833437718205,0.021734290841147814
2025-08-07 07:00:00,116430.01,114640.03,116347.22,0.10895322837727292,0.05736778264194464,0.009484458464084744,0.9537480865654749,0.19418391736468985,0.6104558725080806,0.5966305943344109,0.025729109813670565
2025-08-07 11:00:00,116828.93,116035.84,116363.16,0.6417497082232204,0.048954681232450205,0.0076339659734592225,0.41271482428965345,0.9109936271524732,0.5130430066002704,0.6490769198290018,0.029188418201202163
2025-08-07 15:00:00,116791.11,115632.31,116561.05,-0.21686703247324293,-0.35117129774998557,-0.0007322760727200839,0.8014670348567383,0.7566504500018558,0.45973229461703424,0.644007684086486,0.03237336639693165
2025-08-07 19:00:00,117621.0,116488.0,117554.23,0.01904941832165886,-0.3544370620873425,0.007392505385680037,0.9410679611567391,0.21468320216228126,0.5324179981852769,0.6951453797605129,0.03845565232700218
2025-08-07 23:00:00,117630.0,116694.28,116700.0,-0.3026482783666682,-1.5480890274023291,-0.0012608456883580477,0.006112939768242666,0.5387433196232476,0.41329240500539005,0.6863589962024262,0.04109941726353688
2025-08-08 03:00:00,116980.0,116401.0,116740.01,-0.5795169086103514,-1.5547227831361055,-0.0034625289817171723,0.5855094991263207,-0.6920215082312319,0.46950647633714987,0.662260290745664,0.043160741953357736
2025-08-08 07:00:00,116973.3,116317.08,116544.39,-0.7450067764369991,-1.7622102077106423,-0.0004154152072181061,0.3463929779594242,-0.3800967972104256,0.42926695556716565,0.6395380866858883,0.04456931410306331
2025-08-08 11:00:00,117271.73,116381.32,116491.53,-0.4211174708152434,-1.7617701914224213,0.0007039088517566405,0.12377444098646183,0.44414464019190175,0.4751614636742002,0.6216024234429389,0.04496833682584297
2025-08-08 15:00:00,116900.0,115878.71,116497.99,-0.1429686504202742,0.15801707617437344,-0.0033710034470653127,0.6063703747162305,0.362617284289312,0.5017011485833925,0.5896926200359722,0.04576682513887554
2025-08-08 19:00:00,116980.0,116319.06,116888.9,-0.9160016195550529,0.15223787250594686,0.0030921394237504174,0.8621660059784139,-0.7809353308112413,0.42219561743525885,0.6141197083613329,0.04298329566525904
2025-08-08 23:00:00,116917.74,116400.0,116404.0,-1.1604642246261108,0.4142506870757986,-0.0007389241215834952,0.007725885579485264,-1.1923331555318832,0.41507862177873384,0.6082643523467013,0.04073079961269894
2025-08-09 03:00:00,116980.0,116299.13,116650.75,-0.12355464402398209,0.4085767281700164,-2.3355150547410553e-05,0.5164275118522382,-0.42491803673427486,0.47879163193331403,0.6080794190533432,0.038760882829198144
2025-08-09 07:00:00,117944.05,116633.88,117424.16,-0.11882789089161486,0.4817820410584467,0.00612762130421407,0.603188899145888,-0.23095141857595108,0.5613122267158542,0.6565986833523868,0.0360526607109985
2025-08-09 11:00:00,117471.73,116748.2,116972.87,-0.7150982918635785,0.4764108868812459,-0.0023980835259603817,0.3105192597361456,-0.6314238975639943,0.5077639435562362,0.6374940077794204,0.033349977301554
2025-08-09 15:00:00,117132.75,116555.02,116634.91,-0.776256531812958,-0.7574390750509526,-0.0023797829287285355,0.13828258875013788,-0.8130158799653563,0.5657545451616783,0.6185805915138868,0.029018147551261045
2025-08-09 19:00:00,117021.16,116359.89,116541.63,-0.3451230488759123,-0.7613742919696723,-0.0013646907765458849,0.2748347876015179,-0.6614942879614003,0.49088715856988074,0.6077604700958948,0.027696848021817284
2025-08-09 23:00:00,117318.0,116436.15,117317.99,-0.6791210800501714,0.7067557215688189,0.001274128479125114,0.9999886601916487,-0.8282454652629876,0.5522166247881787,0.6178487707930017,0.02738744322188352
2025-08-10 03:00:00,118741.77,117250.41,118074.24,1.4191827208276098,0.7002522535441366,0.012161718712855096,0.5524018345634035,1.227706759900874,0.5646505572978543,0.714265577712301,0.02765910333789852
2025-08-10 07:00:00,118441.48,117466.34,118020.0,-0.45007861580916486,0.7410172682025423,-0.001022015812786159,0.5677748836006379,0.11083303499762735,0.48090046284868126,0.7060646060123683,0.024552742381669594
2025-08-10 11:00:00,118850.0,117940.0,118779.0,-0.10946631231224521,0.7343850049637888,0.0040403250605483,0.9219780219678904,0.11274326007700769,0.5237940404176747,0.7384522921807507,0.022747323319571053
2025-08-10 15:00:00,119113.94,118433.8,118554.01,-0.34202691188463274,0.7276570403544619,0.0018119373559049023,0.1767430234925523,-0.3184039846412156,0.5566790574061027,0.753035664024579,0.02510940770380275
2025-08-10 19:00:00,119084.93,118074.99,119084.92,-0.14256260186097794,0.7209596862606603,-0.001886978334080247,0.9999900984117921,0.0403467722025758,0.6195760310120919,0.7378208066082449,0.028446539908393895
2025-08-10 23:00:00,121894.64,118861.16,121876.0,2.6043668110612788,0.7142056493838409,0.015352277864477015,0.9938552421608391,2.5704822869403894,0.579308412267341,0.8610957678198133,0.04354059966952445
2025-08-11 03:00:00,122335.16,121559.11,122300.63,1.4859935055909008,0.7074894278801507,0.013059164291741476,0.9555054442245297,1.2658807966101755,0.48604085998327495,0.9675353273491629,0.0558855385193511
2025-08-11 07:00:00,122313.0,120954.13,121184.84,0.7548636190643009,0.7012776291860564,-0.0032871324532143253,0.16978077372986,0.6600101154176704,0.4455772946768295,0.939854693780061,0.06123331492036905
2025-08-11 11:00:00,121283.29,119382.91,120243.59,2.18887657079614,0.6951276344068795,-0.010972206084602365,0.45289889390304494,2.8417785538254274,0.5136396964521949,0.8477624947741681,0.0631994666743314
2025-08-11 15:00:00,120794.05,119261.57,119773.92,0.1915729251320585,0.6881113085026902,-0.001114391727377484,0.33432736479213393,0.9570670363777529,0.4717148212159631,0.838511780586547,0.06330999497748287
2025-08-11 19:00:00,119785.72,118050.11,118886.96,0.23512588573781387,0.6811164386565626,-0.010689741031900901,0.48216477203702673,0.5189172335468353,0.447452901464978,0.7498737039382727,0.0622961735647118
2025-08-11 23:00:00,119275.46,118588.78,119054.13,-0.439928662427422,0.6741630912316476,0.0011996459098708723,0.6776810158927359,-0.4292975169958003,0.5483496793531338,0.7597146925647384,0.0604922404083005
2025-08-12 03:00:00,119158.06,118424.86,118839.97,0.26046580525166796,0.6672290705973897,-0.0004026849404712429,0.5661620294521831,-0.33820603899248,0.5586598581396435,0.7564074067524087,0.05920743031698282
2025-08-12 07:00:00,119150.0,118207.47,118449.99,0.17626010962763966,-0.004766701387855784,-0.0007894088760896922,0.25730745970677993,-0.4959443205217056,0.6083217381532667,0.7499265350247267,0.056748495990941575
2025-08-12 11:00:00,119712.6,118222.0,119437.12,1.1075688045232859,-0.01387091193855948,0.0016485014034681722,0.8151885146865951,2.2274006003224924,0.5209352972939917,0.7634496820704197,0.05401581093490627
2025-08-12 15:00:00,120192.1,119172.62,119344.9,0.2565578777193289,0.16376970083938922,0.006024213909532561,0.16898811158463842,1.0418950216915701,0.526911031929353,0.812949565856911,0.05291950950711467
2025-08-12 19:00:00,120324.43,119309.08,120099.99,-0.23816379195085097,0.154999811212959,0.0019223004360944262,0.7789530703621615,0.1251047130646408,0.5775630819017747,0.82883991695631,0.05078416477804751
2025-08-12 23:00:00,120299.99,119094.28,119549.37,-0.10472095209884585,-0.34549108307486287,-0.001715453397027722,0.37744565442454625,-0.18738749403542526,0.440131384555337,0.814632170576212,0.04714984461143975
2025-08-13 03:00:00,119820.18,118920.92,119410.01,0.15162158965936032,-0.3597814382144604,-0.002601689401566132,0.54388052398034,-0.054770012956514263,0.4656300373726675,0.7931213950715,0.0420155235823655
2025-08-13 07:00:00,120496.0,119290.01,120496.0,0.6123240842002534,0.6463245940257198,0.0046990553485914965,0.9999999999917082,-0.04106813631915165,0.5535056558289315,0.8318721179739467,0.03895388926007921
2025-08-13 11:00:00,122200.0,120106.02,120890.73,3.26957534524835,0.639811104636918,0.01042164105008303,0.3747456995750895,2.8550528726598965,0.49051216059452324,0.9182179448928797,0.038148207423209464
2025-08-13 15:00:00,121954.51,120309.73,121639.2,1.2830494567902628,0.6329350043392775,0.0011690801365689119,0.8082965502936071,2.1107527907328207,0.5567919754583186,0.9280050029180064,0.03805076676697617
2025-08-13 19:00:00,123637.68,121524.27,122954.03,1.9668483651033706,0.6260711798355684,0.01129886158442095,0.6765180442948775,1.595134646257366,0.5448219124962216,0.9999999999993245,0.0426673076579353
2025-08-13 23:00:00,124474.0,122907.05,123662.53,0.9437827324955523,0.6192094198852774,0.007645938923661388,0.48213408213100356,1.240220339681355,0.4715478155594682,0.9999999999993648,0.047886737948308486
2025-08-14 03:00:00,123849.98,121313.86,121771.27,0.7301710362977089,0.6123569794277335,-0.009564113886342707,0.18035818494322065,0.5428268672663149,0.4630938378691706,0.9248873225613731,0.048636736194645896
2025-08-14 07:00:00,122047.79,120757.01,120933.0,0.8950213547051331,0.6069666486224444,-0.007201295513466377,0.13634391608069693,0.18938993801921392,0.4928611957178552,0.8676356900116969,0.0479262108307942
2025-08-14 11:00:00,121183.06,117632.0,118799.01,5.0,0.6016904661308237,-0.020147824232133238,0.3286370830109064,5.0,0.46940838906424914,0.7019272577056711,0.047961069358602226
2025-08-14 15:00:00,118899.64,117180.0,118089.75,1.1563492777023339,0.5948842688431222,-0.010098621630344362,0.5290351468881336,1.9800319603262198,0.49233710906842393,0.6202740605577478,0.05035818763566039
2025-08-14 19:00:00,118535.0,117302.33,118285.46,-0.11708924871527839,0.5880835609173752,9.092397091858828e-05,0.7975613911201137,0.031120923609786976,0.5075582927549364,0.6209862419071843,0.05212281554885591
2025-08-14 23:00:00,118888.0,118032.32,118698.0,-0.4648360714546791,-2.455273846358888,0.004503159658180156,0.777954375458371,0.035159149635734334,0.4889205889544962,0.6562614051990319,0.052868756551390145
2025-08-15 03:00:00,119216.82,118604.41,119082.82,-0.5424931093510695,-2.43783992817619,0.004083776070407108,0.7811923384533055,-0.40963458088835764,0.42797873390308694,0.6883954144918578,0.05248015419389134
2025-08-15 07:00:00,119144.5,118600.0,118879.83,-0.8219901651477057,-0.17733728348582128,-0.0004999006405288497,0.5139210284570478,-0.4678398673088673,0.44204089442298566,0.6844457824453141,0.0527675567102306
2025-08-15 11:00:00,119130.77,117260.0,117400.0,0.570920404475375,-0.1873490473295449,-0.005583223743198307,0.07483549554421513,1.3593505208536953,0.44137995187811785,0.6368472974506172,0.05633365835622693
2025-08-15 15:00:00,117882.35,116803.99,117159.66,0.9088989348201942,-1.8208358459983864,-0.008439205085068346,0.329824919318873,2.1046486272483405,0.4612903524170956,0.5558673288907412,0.05926309238757108
2025-08-15 19:00:00,117738.57,116862.5,117702.0,-0.8166408621298041,-1.8233141576438494,-0.00027495758954576566,0.9582567602935961,-0.7307030511288062,0.48122578733823934,0.5536347931093857,0.06112582786503112
2025-08-15 23:00:00,117898.99,117036.53,117505.51,-0.5935378983270012,0.13340963312527057,0.0025925777732942468,0.5437701458555234,-0.47042892738367675,0.4626982865328436,0.5169070082427074,0.06351442561494552
2025-08-16 03:00:00,117884.0,117278.0,117394.65,-1.076625206373535,0.1262642414684286,0.0004390800584221921,0.19249174917173145,-0.8692676782583667,0.5257930212287674,0.5209657929570356,0.0657108688014786
2025-08-16 07:00:00,117703.92,117143.98,117388.0,-0.8351160983952954,-0.09636673456908883,-0.0009735948059871324,0.4357966924949907,-0.7522101051094611,0.48890562564434614,0.5119620891573238,0.06767992636324022
2025-08-16 11:00:00,117799.99,117327.63,117771.39,-0.8914771332691732,-0.0934357892922205,0.0012948207599801087,0.9394529595871786,-0.9085866059172357,0.4446082378618563,0.523924799084423,0.06859361110750306
2025-08-16 15:00:00,117825.0,117621.1,117685.79,-1.0475407193249666,0.1987088250955005,0.0010830957722265389,0.3172633643787003,-1.1864532238551646,0.5054081297493586,0.5339443613512127,0.06905050306811364
2025-08-16 19:00:00,117771.4,117219.34,117460.56,-1.1227906592206904,0.19782513978423819,-0.0016370309969365726,0.43694525956532393,-1.1797661834581552,0.36230663398245566,0.450316841511914,0.0689502003246906
2025-08-16 23:00:00,117624.55,117172.21,117606.0,-1.1122816444037917,-0.13208498034942381,-0.0013731391191739162,0.9589910244294271,-0.9661285902139414,0.4361029373363319,0.4358148578378592,0.06628373240737725
2025-08-17 03:00:00,118230.82,117505.93,117923.99,-0.8716360227296038,-0.14540653732845862,0.0046768159065944115,0.5767219853967318,-1.0189198352620161,0.5302180714524203,0.4851397779537944,0.05746087572151121
2025-08-17 07:00:00,118484.0,117843.74,118393.34,-0.8982371684505741,-1.5394692151474294,0.002338152134665039,0.8584012744688279,-0.8923616325965363,0.5429926486191317,0.5099148691396206,0.04036957431425964
2025-08-17 11:00:00,118575.0,118059.12,118150.01,-0.9568530593316567,-1.5231467108125945,0.0006237605379011413,0.1761843839618453,-0.9905251249413249,0.4269496209203077,0.5165396978379801,0.029492293335000298
2025-08-17 15:00:00,118316.01,117321.53,117542.01,-0.7500350027468461,-2.588033352700534,-0.003259054570606157,0.22170380500138745,-0.648660962658469,0.430032711094395,0.4819043781131343,0.0194922432274289
2025-08-17 19:00:00,117995.37,117468.0,117954.99,-1.0781220931471696,-2.538218974136519,-0.0016998736403582848,0.9234313669544632,-0.968726562959761,0.482433765726986,0.4638979941319616,0.018195877864766497
2025-08-17 23:00:00,117978.42,115292.67,115453.24,1.463167697542886,-2.1264911391047976,-0.010681410970387328,0.05978590710207917,1.977461062913601,0.42070859144164696,0.3509445133322567,0.026472702051340728
2025-08-18 03:00:00,115712.49,114878.71,115245.56,0.8959665307189696,-2.09501896460048,-0.00983328513116144,0.43998416848040484,1.179432830935096,0.40235527435128693,0.24807047330779952,0.032587877178184343
2025-08-18 07:00:00,115477.2,114640.14,115058.58,0.4666087956243116,-3.3279033170203203,-0.0015932303301011697,0.49989248081977944,0.6957809075466521,0.42888038573794013,0.23156628949923025,0.036968295091393724
2025-08-18 11:00:00,115736.54,114825.0,115633.73,-0.04534258507591807,-3.2341271654077417,0.0010956160407575855,0.8872128485761782,0.7202786912355107,0.46667071115165915,0.24289763248989224,0.036745389403718944
2025-08-18 15:00:00,116800.0,115402.0,116481.81,-0.12690228546851193,-1.0698303188480658,0.007980515650890085,0.7723962803950456,0.43445889685285194,0.4899021810909389,0.3255260654715899,0.03448395962894518
2025-08-18 19:00:00,116980.0,115980.32,116399.99,-0.8003929583648102,-1.0605064981569392,0.0029744525993702364,0.41980433738376594,-0.549565702588842,0.41356458522219375,0.3565686414411525,0.03490316805483495
2025-08-18 23:00:00,116725.69,115516.82,115747.08,-0.4573061662632542,-0.3947551676249497,-0.0036200489812657777,0.19047540264717538,0.4214419253900781,0.38329126619670206,0.31867598799317026,0.036602976670759756
2025-08-19 03:00:00,115771.98,114366.0,115019.99,0.20186416600528154,-0.39038104847881716,-0.009092728101181446,0.4651488641341667,1.1333157571522894,0.4508018629109803,0.22384292981032858,0.03950394979388848
2025-08-19 07:00:00,115577.6,114600.74,115400.0,-0.3338357466535398,-0.6989423024163519,0.00040749155482910915,0.8181929856804582,-0.14973385505623138,0.5278720370985809,0.2280542394981247,0.04065625625739932
2025-08-19 11:00:00,115875.84,113770.34,113882.66,0.8930680323099051,-0.6928420693471432,-0.003039803339287994,0.05334599857491025,1.193461228081015,0.47605202629806703,0.19662593227357944,0.04669356692939035
2025-08-19 15:00:00,114177.58,112837.11,113069.61,1.4786794340189837,-1.7834149181639893,-0.010037156901435917,0.17344662692806653,1.4211827397074739,0.5043499040786054,0.09316794269079379,0.05418531959923915
2025-08-19 19:00:00,113589.48,112767.06,113174.42,0.21940650920539687,-1.7617996838917667,-0.002759478871966592,0.4953186936055157,-0.2271558635472097,0.4664432436230707,0.06501010577816692,0.05846302781210414
2025-08-19 23:00:00,113500.0,112566.01,113438.29,0.544930652836137,-1.2612150511955527,-0.0019763110181291177,0.9339286287761696,0.6526774661387709,0.39353292936724427,0.04489939478656051,0.060644416237888965
2025-08-20 03:00:00,113767.44,113319.45,113653.28,-0.5541203240804219,-1.2494444546496895,0.004818188442109683,0.74517288330665,-0.755919605518604,0.4188815819516653,0.09383182261833624,0.061746387947802676
2025-08-20 07:00:00,114016.77,113401.0,113792.2,-0.0924663465922242,-2.3329486756199036,0.001828742801323724,0.6353021420232253,-0.4137826741826231,0.4884884442551767,0.11249360411137191,0.06153808027850404
2025-08-20 11:00:00,113944.0,112380.0,113465.84,0.9990196158296455,-2.2948194435512126,-0.00493954943993391,0.6942710997398043,2.184550768635568,0.4279972401938374,0.061994776602313416,0.060591508909855804
2025-08-20 15:00:00,114444.0,113229.43,113490.01,0.6130251759806777,-1.053889284655827,0.005974036055811149,0.2145450653299973,1.5245224701493643,0.5121434056484356,0.1227678587870105,0.05666054207353264
2025-08-20 19:00:00,114615.38,113472.38,114595.19,-0.34465220011563247,-1.0446509906483397,0.00276255079077381,0.9823359579966531,-0.22786967042670137,0.5312297789880155,0.15103881295823327,0.050292104333839835
2025-08-20 23:00:00,114821.76,113906.01,114038.0,-0.4995084482077776,-2.309438514218926,0.0004929866773470959,0.1441332241316559,-0.2629466883928156,0.5133186378510269,0.15609779903814672,0.04606243191959956
2025-08-21 03:00:00,114531.29,113609.88,113807.2,-0.6478965067139363,-2.2716755885762714,-0.0031209962578175876,0.21415005263439002,-0.5432401029821242,0.47710219654827013,0.12405461987316384,0.03826518760877815
2025-08-21 07:00:00,113990.0,113230.0,113329.74,-0.49878322840146755,-0.04322696432942059,-0.002619491285677289,0.13123684210354325,-0.3268747648746522,0.5114146262495998,0.09724431471801953,0.03877898047988342
2025-08-21 11:00:00,113995.11,112913.39,113281.99,-0.22901629434314247,-0.03989986007211855,-0.0023026745388852188,0.3407536146106182,0.47941681903594713,0.47034083928286136,0.0737383416169251,0.0392026898260368
2025-08-21 15:00:00,113386.31,112201.0,112602.62,0.30320121979972453,-0.15183116131693794,-0.0064149621572932025,0.3388311918372475,0.6733841053172428,0.4939611069154199,0.008404441734148844,0.04124249009717532
2025-08-21 19:00:00,112870.94,112015.67,112511.2,-0.6146552662809791,-0.1481003536134054,-0.0021156390369861944,0.5793842879958406,-0.08942903975051883,0.5253814798224693,0.0,0.0416001014817566
2025-08-21 23:00:00,113525.0,112272.04,113153.96,-0.5548772675487595,-0.18410266537757755,0.004840954302176126,0.703869237639645,-0.22698162980183492,0.6173073056214635,0.04825579093116337,0.03663839230657455
2025-08-22 03:00:00,113441.45,112708.81,112998.3,-0.6980042021070507,-0.18022236394805372,0.001483091551187421,0.39513267088345455,-0.43710616680756625,0.49524531956377454,0.06311117017508847,0.030757991913226677
2025-08-22 07:00:00,113319.3,112512.74,112534.54,-0.22659968569397315,0.735625987036762,-0.0009166407011924615,0.02702836738707367,-0.3116226209226649,0.5163302336692688,0.053916026044929774,0.0272189050287837
2025-08-22 11:00:00,116116.11,111684.79,115808.23,4.275381135889876,0.7356259870367624,0.00908680612319035,0.9305218309647443,4.500971050657997,0.5153903279639714,0.14498540844178792,0.029681017226673434
2025-08-22 15:00:00,117429.05,115808.23,116805.27,2.2643458864026433,-0.6581376169660544,0.02330184171817673,0.6151454202156023,1.6219067587461253,0.5239221374410908,0.3806421698905356,0.035969366053768666
2025-08-22 19:00:00,117174.43,116520.0,116757.18,-0.10605735325515095,-0.6520713683284586,0.0014620191628218482,0.36242226058764315,-0.4026520052321261,0.404180337178476,0.3957724329153123,0.04306632008329258
2025-08-22 23:00:00,117030.0,115500.0,115927.98,-0.0461359253090854,0.7485189899554734,-0.004489635786819823,0.27972549019424753,0.23905854986887712,0.38500393357818585,0.3492417949379745,0.04583179758677729
2025-08-23 03:00:00,116044.55,115458.2,115781.16,-0.12823347062294252,0.7485189899554734,-0.004168760161159524,0.5507973053543024,-0.4833486805521622,0.47654427155523976,0.30623069078010523,0.04748353666915454
2025-08-23 07:00:00,115928.0,115575.72,115575.72,-0.6712216942495449,0.7485189899554734,-0.0009310294458581003,0.0,-0.9261080822977493,0.49232172873720487,0.29666485667681314,0.0485907902625379
2025-08-23 11:00:00,115616.63,114620.0,114621.47,0.15920632588843173,0.7485189899554734,-0.0057413496040875645,0.001474970651080549,-0.2866118448236916,0.4052565051895288,0.23773045325292563,0.048890954179550056
2025-08-23 15:00:00,115190.74,114560.0,115145.77,-0.5905599530286717,0.6512200988491237,-0.0013692390708477387,0.9287027935293658,-0.8162389433175806,0.4397787969278092,0.22375604070898397,0.04900501783258008
2025-08-23 19:00:00,115325.82,115001.88,115317.85,-1.124885352868398,0.6518580591209471,0.0023030931215655137,0.9753966783671202,-1.297414241143074,0.43948042590890146,0.24722915507639054,0.04901325668034808
2025-08-23 23:00:00,115666.68,115000.0,115005.15,-0.3149730007420094,0.749854601999845,0.001714243447618946,0.007724845502965418,-0.7418629825522913,0.5899443043631358,0.26474095494223826,0.04876331554292641
2025-08-24 03:00:00,115283.21,114846.14,114862.4,-0.3519645365512291,0.749854601999845,-0.0027170403240061036,0.03720227881031066,-0.6212342513355943,0.33512533104292447,0.23693753495103806,0.04890844778078518
2025-08-24 07:00:00,115124.86,114600.0,114790.4,-0.21861582510535033,0.7498546019998445,-0.0018804803149374827,0.36276340356736336,-0.6620641693837283,0.4481120034168208,0.21774690079985118,0.04884284322921645
2025-08-24 11:00:00,114889.91,114350.57,114514.05,-0.2194362427805117,0.749854601999845,-0.0019057720858464133,0.3031112099917786,-0.41369095875287637,0.41854986769939684,0.1983347326289097,0.048599709412387004
2025-08-24 15:00:00,114917.1,114236.0,114626.97,0.797021527496095,0.749854601999845,-0.0007403168757321721,0.5740273087568015,0.25937662167057757,0.444691062738329,0.1908082463031483,0.04747771051926872
2025-08-24 19:00:00,114790.75,110680.0,113451.02,3.582251530665432,0.749854601999845,-0.016187902098130258,0.6740911025952109,2.7729785506195674,0.44336352306882454,0.02635457919091475,0.04767641665610659
2025-08-24 23:00:00,113692.97,112159.0,113412.36,-0.08102423259045423,0.749854601999845,0.003912120334750524,0.8170694342078587,1.0993272989372964,0.49627527736219124,0.06545463314869134,0.04581919550866617
2025-08-25 03:00:00,113667.28,111756.6,111929.87,0.16253211799906983,0.749854601999845,-0.004583411375244095,0.09068499173021297,0.7671638914962559,0.46119518962539824,0.01946608623343027,0.04844020712427241
2025-08-25 07:00:00,112165.19,110939.4,110984.03,1.3337427340966417,0.749854601999845,-0.00969162558335901,0.03640917285965808,1.4355027937688576,0.47081255029373553,0.0,0.056005400576269106
2025-08-25 11:00:00,112307.69,110588.0,112260.0,0.9770460258131702,0.749854601999845,-0.00026549573946466065,0.9722682576454332,1.9502336776147322,0.5329722981550601,0.0,0.0570322069651182
2025-08-25 15:00:00,112937.26,111828.24,112402.9,-0.02028869273271302,0.1910574859765095,0.008409412635199898,0.5181691944192285,0.9738186901036338,0.4608885620393769,0.07699810767610524,0.057272092312495144
2025-08-25 19:00:00,112430.16,109274.1,110153.23,2.70888535182183,0.19379872946142077,-0.01939265124406042,0.27855300596224575,3.6381045828047576,0.3815745240436304,0.0,0.06705375803092091
2025-08-25 23:00:00,110267.55,108666.66,109710.96,0.9055863935291063,-1.0954186573771176,-0.0061832477277598,0.6523246444124706,2.8706631849995725,0.4637791264057881,0.0,0.072853113304839
2025-08-26 03:00:00,110375.58,109432.0,109988.18,-0.5741996960693958,-1.0856562359880162,0.004297967209366815,0.5894359778652554,0.5743755154437036,0.5142101103343499,0.03339578595411578,0.07471317735513183
2025-08-26 07:00:00,110547.31,109765.93,110216.53,-0.5129960262520512,-1.2841888138056883,0.0017113448046410795,0.576672041764873,0.07797032472257483,0.530812176109367,0.04675031802628642,0.07617658158632239
2025-08-26 11:00:00,110818.6,109393.93,110358.13,0.7239848192086277,-1.2720628661630065,-0.001477086268928507,0.6767883088667798,2.291761169002979,0.5263565945342555,0.03520410388136285,0.0762377746919787
2025-08-26 15:00:00,110990.05,109450.0,110695.58,0.4389216625922712,0.785933515863999,-0.0005356782893324308,0.8087919223349317,0.8604325098581848,0.5487307767378173,0.031022953118752476,0.07470890449040202
2025-08-26 19:00:00,111945.69,110501.57,111910.01,0.006869125464959947,0.785933515863999,0.01135792053813156,0.9752929119396169,-0.02094712877470638,0.6429631541311727,0.1196278866080859,0.07237457759036796
2025-08-26 23:00:00,112371.0,111092.8,111135.37,-0.2692291036973453,-1.953270659133572,0.0033892693453936307,0.03330464715980245,-0.06418337874032962,0.4299495088403315,0.1463684185056549,0.07038233471825465
2025-08-27 03:00:00,111737.26,110918.26,111040.09,-0.6052817362217674,-1.9274321578382763,-0.0021898839014168336,0.1487545787527646,-0.1706886257803588,0.47710627417880375,0.12903219485320647,0.06660692881322196
2025-08-27 07:00:00,111267.7,110345.42,110975.12,-0.4054946450828249,-0.6901008131338507,-0.005172552131505359,0.6827644533039535,-0.239567347610395,0.4313488288078972,0.08817334012645067,0.06273319386271783
2025-08-27 11:00:00,112625.0,110975.11,111815.94,0.004946832481250618,-0.6837027933317347,0.007947902512627891,0.5096279145851577,1.1991607259961359,0.5038086168845457,0.15063040967431007,0.05730366171536462
2025-08-27 15:00:00,112600.0,111505.0,111947.21,-0.3428009511233768,-1.338629174714794,0.003126098862811011,0.4038447488547653,0.4316854594805679,0.49895591497308023,0.17539150578631324,0.05154122699782408
2025-08-27 19:00:00,112452.05,110921.79,111409.54,-0.019447982803914757,-1.3257307932813107,-0.002635166940542333,0.31873668526708515,1.3409910353909693,0.4752216443114198,0.15445371669929053,0.045913157600840186
2025-08-27 23:00:00,111761.58,110862.42,111500.0,-0.9071614501592996,-0.7225872605585645,-0.003387552215098233,0.7090840339793901,-0.12523205192943299,0.44779739577764643,0.1276087582349346,0.03765805777083539
2025-08-28 03:00:00,113284.41,111408.0,113213.78,-0.3594951200245135,-0.7159313167494572,0.01167733081372102,0.9623589727140508,-0.0813041368451551,0.5400693559957928,0.219833326172275,0.03624911678342729
2025-08-28 07:00:00,113360.0,112826.22,113127.53,-0.5756837844744256,0.7418138272523151,0.003886855869254635,0.5644834950622981,-0.9346979910464593,0.3888645410359917,0.25088918191882764,0.03526866953922545
2025-08-28 11:00:00,113485.9,112528.15,113153.06,-0.09185448920684412,0.7425370496168513,-0.0010591953406338117,0.6524771600036322,0.3404854239053605,0.4485911562298088,0.2423933503521086,0.037840760303187074
2025-08-28 15:00:00,113250.0,112215.32,112373.59,-0.39157931684709685,0.022857665265531936,-0.0031323972795346267,0.15296516797315204,-0.03758421530384397,0.43143204889725334,0.21729492797229397,0.03869259005405852
2025-08-28 19:00:00,112575.84,111872.06,112340.64,-0.9043402726087136,0.02659084103507417,-0.0041265917375482575,0.665804654854279,-0.883466733610462,0.48146955467494457,0.1843340651359208,0.03881901344236112
2025-08-28 23:00:00,112638.64,111361.35,111419.98,-0.4325514708840938,-1.0458161503375092,-0.002205537935679791,0.045901870365798986,-0.1343092824608727,0.455109940782281,0.16679018159195705,0.0383435658136468
2025-08-29 03:00:00,111850.56,110955.41,111279.45,-0.04110624677776527,-1.036522025354256,-0.00530419479442612,0.36199519633176086,-0.16959030621024745,0.45553301623259596,0.12469118372843234,0.036894464687587156
2025-08-29 07:00:00,111279.45,109414.18,110008.01,0.8196610584514765,-0.5010333884460062,-0.01086336611616645,0.31836141684411207,0.5766095479130458,0.523489057677715,0.03892679517758276,0.03640777161875697
2025-08-29 11:00:00,111517.07,108103.0,108198.67,1.9339034458150537,-0.4954659722710598,-0.004499120729086203,0.028022272536801483,2.6988290009454654,0.46893652231412775,0.0037928828444702524,0.04446444743016683
2025-08-29 15:00:00,108832.0,108101.07,108145.4,0.40877138538010993,-2.196839143184791,-0.010322619484198103,0.06064876253455342,0.9893486601022556,0.5007792280625565,0.0,0.05125615525401304
2025-08-29 19:00:00,108744.0,107463.9,108378.97,0.3934144645772912,-2.1637805075639815,-0.004677575334365636,0.7148425904170412,0.37111123286099873,0.4027762229227408,0.0,0.05613040671853168
2025-08-29 23:00:00,108549.99,107350.1,107782.01,-0.26502307590653634,0.08968566110319187,0.0005016100208929952,0.3599579961466381,-0.2276428468243546,0.4440077944195136,0.003452921463281826,0.06312455671745089
2025-08-30 03:00:00,108697.28,107769.48,108320.0,0.39884177583408376,0.09347785169917716,0.0031998576844369797,0.5933606380621564,-0.3300170778004839,0.5980482308251029,0.02549075770086269,0.06621761990641478
2025-08-30 07:00:00,108777.43,108120.0,108425.99,-0.6202333285413745,0.24652983403723588,0.001004407827017939,0.46543358227545767,-0.9244173728403451,0.5896728093345414,0.032430380074095634,0.06910805310544219
2025-08-30 11:00:00,108740.16,108190.52,108661.99,-0.665586774696939,0.24992870945803694,0.00011117911717106743,0.8577796375653589,-0.739230260791135,0.514011017396936,0.033199306808923836,0.07097542894945816
2025-08-30 15:00:00,108926.15,108551.08,108739.72,-1.0544055207124836,0.2740283785951551,0.0026651456869686285,0.5029461167114773,-1.0191734652770033,0.5685344419375795,0.05163379039392527,0.07250206157622785
2025-08-30 19:00:00,108900.0,108468.77,108531.12,-1.202202977940105,0.2773935508653595,-0.0012933158012680135,0.1445864155985112,-1.2162464844690073,0.3723341309510685,0.04266424310548345,0.07346571363390703
2025-08-30 23:00:00,109480.02,108530.15,109224.87,-0.5632355186949799,-2.7294042208085085,0.00426106483837807,0.7313842946852518,-0.7000777720652491,0.5236270383784107,0.07217783308024225,0.07218838234880096
2025-08-31 03:00:00,109378.93,108523.49,108716.65,-0.8371274329953489,-2.6742054591360063,-0.0019546039658863146,0.22580192649131872,-0.9454173630790625,0.47213417415690784,0.0585818912496913,0.07274059698077392
2025-08-31 07:00:00,109100.0,108303.21,108560.23,-0.69439269101467,-0.7481099221058293,-0.0023208389396447426,0.3225693093497231,-0.8167843938880215,0.3782838292682509,0.04247002602546095,0.07276884125873988
2025-08-31 11:00:00,108597.19,108191.29,108467.33,-0.2922702667981073,-0.7411361137518143,-0.0024738757787428067,0.6800689824912577,-0.6737372771643871,0.41987671618105615,0.02533559816708782,0.06786102176346298
2025-08-31 15:00:00,109237.51,108462.6,109146.62,-0.5492008653909176,0.946141464098078,0.0038243067126664254,0.8827089597387725,-0.7415852062715195,0.6562359458698034,0.0517577821826813,0.06065554923112075
2025-08-31 19:00:00,109230.0,108758.37,108900.46,-1.0742501750047597,0.946141464098078,0.0022254161081769475,0.3012743040031315,-1.0680580475115573,0.5165919784311456,0.06719201090555811,0.05201612433463891
2025-08-31 23:00:00,108917.36,107425.42,107617.05,0.23758811077181854,-0.7626141222773373,-0.009076457646062464,0.12844350308907862,1.0895474889274355,0.43567743770843836,0.004102740924490411,0.046843327893863675
2025-09-01 03:00:00,108128.0,107255.0,108064.75,-0.1628959901087199,-0.755529143768366,-0.004123476891308542,0.9275486826926971,0.0620946177986491,0.4546684193056324,0.0,0.03735290735926418
2025-09-01 07:00:00,109912.4,107984.79,108571.41,0.7031544555338156,0.9628833294400203,0.01422262881319325,0.30432504500234303,0.7379704567967534,0.5038606274760608,0.09524406962842057,0.029641356413525628
2025-09-01 11:00:00,109520.0,108464.0,109146.6,-0.1320494761762613,0.9628833294400203,-0.0012401880043095836,0.6464015151453995,-0.1350883379971641,0.454519941124922,0.08682083514880079,0.01982821345301113
2025-09-01 15:00:00,109373.1,108391.3,109240.0,-0.517670963700156,-0.6515269452233934,-0.0010862362949859428,0.8644326746703507,-0.3361789033518145,0.48110250344649763,0.07945237510203315,0.016651874896282764
2025-09-01 19:00:00,109329.65,107459.49,108444.96,-0.019296298613881224,-0.6450503116712337,-0.004555993147749238,0.526944218673663,-0.35858682548271986,0.4596639519392304,0.048580466314716644,0.016534279203767863
2025-09-01 23:00:00,110272.06,108428.45,110246.01,0.2025656813752947,-0.0010390148438610832,0.008808925402641332,0.9858701135219154,-0.30519467730886346,0.5578767417347913,0.10799876173022564,0.02087909568559666
2025-09-02 03:00:00,110623.97,110045.01,110376.63,-0.1016391139155099,0.0033755413311638014,0.00900209064148072,0.5727856846660881,-0.228338502074103,0.5262932581528453,0.16925489147144648,0.02489027133885841
2025-09-02 07:00:00,110711.1,110000.0,110246.0,-0.3569362722813007,0.608189646412585,0.00011946559519393496,0.34594290535302846,-0.21959853263622317,0.5068328250555505,0.17007513174586578,0.02620982777506623
2025-09-02 11:00:00,111771.52,108393.39,111360.01,2.615209749991093,0.6107734150192654,-0.0008402898416784987,0.8781840840912604,1.6449167921414012,0.4640295383505265,0.1643050863229418,0.032206511390306
2025-09-02 15:00:00,111540.3,110200.0,110646.47,0.40658700817073373,-0.17992556987254366,0.005559671844288294,0.3331119898505328,0.2316384984862608,0.4492070919104327,0.20244978516453277,0.03445302941601034
2025-09-02 19:00:00,111538.17,110441.42,111259.99,-0.4931220473046022,-0.17501689094305437,0.001987438475616221,0.7463596991042111,-0.7326356651168672,0.5010619536427445,0.21616133583195246,0.037937744514695095
2025-09-02 23:00:00,111782.21,110901.06,111372.0,-0.2692544086541808,-1.9723368994937958,0.002345436660066591,0.5344606480107281,-0.3072036616056266,0.47090189985742953,0.23237491384757933,0.0411318458541685
2025-09-03 03:00:00,111411.24,110549.8,110724.0,-0.6573401675115539,-1.9467558167555528,-0.0040128529646589195,0.20221953937357728,-0.6659880874810568,0.35086868949056366,0.20456972679193022,0.041971781853236086
2025-09-03 07:00:00,111491.74,110528.71,111449.99,-0.6443632930874531,-0.5360867724720806,0.0020124122942080103,0.9566472487777468,-0.5951920940245473,0.5172370190907286,0.2184578407022087,0.0443804356077608
2025-09-03 11:00:00,112500.0,111031.61,112261.37,0.44205801312648046,-0.530015457123183,0.005225094593236612,0.8374886780702814,1.1335380401875494,0.5261909529102614,0.25458997090697383,0.04803348867415437
2025-09-03 15:00:00,112575.27,111686.24,112000.0,-0.08390085108409225,-1.4157596777021177,0.004424592661615101,0.3529239733152604,-0.14187614535885412,0.45466027074774634,0.28534640812334655,0.04997663938615807
2025-09-03 19:00:00,112252.33,111759.5,111947.48,-1.034451968236499,-1.4020141532888333,-0.0012431525874202487,0.3814297019178641,-0.9562559365554214,0.4548555493386803,0.27666671227396167,0.05066595017031364
2025-09-03 23:00:00,112180.0,111406.79,111450.15,-0.7754618908653216,-1.558232884247938,-0.0023188256475974445,0.056077908976137715,-0.6993587303761117,0.4510224543263923,0.2604967899398465,0.05116657877161027
2025-09-04 03:00:00,111728.57,110279.68,110393.95,-0.05737961736454969,-1.542180875984819,-0.008129668667003154,0.0788672708067654,-0.24227423972741763,0.36736465176289235,0.203937433145678,0.050327669122712
2025-09-04 07:00:00,111154.93,110343.72,110628.86,-0.8435560065821346,-0.7101709578041899,-0.0014881434090016077,0.3514996116868472,-0.7739611932657113,0.5489110360665141,0.19366835872588403,0.04456579649519765
2025-09-04 11:00:00,111123.99,109705.48,109842.01,-0.0332916812048258,-0.7032360647787224,-0.00257826437439157,0.09624888086727303,0.4331280366851327,0.4943430661080668,0.17590327781283022,0.04027459460132965
2025-09-04 15:00:00,110218.39,109329.12,109977.0,0.05162859790479416,0.44271154879551994,-0.006782732260531499,0.7285526330503853,0.08201203306679991,0.6268391864181678,0.12928854015532604,0.036817506841063476
2025-09-04 19:00:00,111588.66,109713.31,111490.73,-0.6331459835919382,0.44670106810981686,0.007665791690738555,0.9477804143176021,-0.5880667957731461,0.5047689318908716,0.18161481828281356,0.03456741215550229
2025-09-04 23:00:00,111765.31,110435.75,111340.65,-0.2953579138895819,0.3191179981245402,0.005335867662095373,0.6806011011110366,-0.16700990684121886,0.4917953668851687,0.21831636751011962,0.032355076248546
2025-09-05 03:00:00,111914.53,111096.67,111911.99,-0.49380230994219365,0.32351667421369984,0.003127517123783008,0.9968943339814118,-0.8955272783584417,0.4691430288653064,0.23994306574941296,0.025923160370646865
2025-09-05 07:00:00,112999.0,111883.49,112256.36,0.6126406665398799,1.1238566335765976,0.009872618542676515,0.33425966597937673,0.16609029010946072,0.5263659948672499,0.30842547414481747,0.026635484876715482
2025-09-05 11:00:00,113384.62,110487.65,110569.99,3.7527126167260993,1.1238566335765976,-0.0025141436632525327,0.028422800374089757,2.9373954495276693,0.49809225849092936,0.29081368993195134,0.02670554976040924
2025-09-05 15:00:00,111285.35,110206.96,111198.78,0.034977538191573294,0.43791370608487884,-0.013842290119468581,0.9197229202707702,0.15058020890821638,0.5358517051002654,0.19409109068811148,0.025411070957243598
2025-09-05 19:00:00,111700.0,110375.6,110800.0,0.1771967918565033,0.4420801861780033,0.0033549907937355794,0.320446994863177,-0.3369092199969948,0.4563753590355316,0.21720948776145624,0.025667806847961074
2025-09-05 23:00:00,111216.25,110552.56,111216.15,-1.1494749153650186,-1.6819419743860302,-0.0025793667540963128,0.9998493272310803,-1.2426856401303568,0.401249489447649,0.19937608988776084,0.0251758401702143
2025-09-06 03:00:00,111307.7,110687.69,110752.83,-1.1264580302918037,-1.663797994053122,0.0010463656829806656,0.10506282156569949,-1.2666135313794529,0.3692404821416371,0.20659186246978722,0.0255353346886984
2025-09-06 07:00:00,110968.0,110677.3,110773.62,-1.2709426168030515,-0.2516436625379232,-0.0012053595942185247,0.33133814928338495,-1.4255325702349384,0.4803825543869962,0.19827096498244723,0.025677206723361167
2025-09-06 11:00:00,110999.83,110675.58,110807.77,-1.1985216237816267,-0.25159148156323624,0.00047124541726839553,0.407679259817812,-1.3067829055504239,0.5943969441113999,0.20152016828204686,0.02558286371977794
2025-09-06 15:00:00,110840.0,109977.0,110228.0,-0.5770559248749461,-0.4236310744774603,-0.0049159076083817865,0.2908458864392718,-0.6558052827323365,0.4353846231020034,0.16760936567900306,0.02663609324580005
2025-09-06 19:00:00,110260.0,110000.0,110170.55,-1.1899425160962822,-0.41765819850115665,-0.00127979084249219,0.6559615384363203,-1.3536543334816282,0.5435634472302089,0.15882454018929576,0.025674980931266543
2025-09-06 23:00:00,110692.52,110113.96,110666.24,-1.011392961966512,-1.425483491910735,0.0021254724230543864,0.9545768805144761,-1.2676173281353948,0.40343530623382695,0.17339567757237273,0.02416332806710976
2025-09-07 03:00:00,110733.12,110472.33,110504.15,-1.1167348125955998,-1.4119342124257572,0.0021227280921507496,0.12201388089563663,-1.3291652309395585,0.3298179600621574,0.1879789318077117,0.02275409919040239
2025-09-07 07:00:00,111377.19,110463.1,111225.02,-0.7074651164133348,-0.8980090422540472,0.0034658708704817798,0.8335284271698256,-0.9047735585211624,0.5293223240420443,0.2118401916268198,0.022269076077744178
2025-09-07 11:00:00,111412.0,111042.6,111145.59,-0.965282362928825,-0.9171517468391817,0.0018798302399203326,0.2788034650709374,-1.1212495192134293,0.3735738072731233,0.22482699393384595,0.022084625048971414
2025-09-07 15:00:00,111373.43,110861.2,111053.76,-0.9277002787633114,0.19346270080564607,-0.0008240632957093874,0.3759248774890966,-1.132246414020118,0.4923222269509649,0.21912325285874124,0.02204423082653814
2025-09-07 19:00:00,111371.26,111001.45,111250.01,-1.0593914642912137,0.18645548910360535,0.000751480368306634,0.672128931054536,-1.104486169441587,0.5062813503703084,0.22432032609971728,0.020256479751669665
2025-09-07 23:00:00,111600.0,110621.78,111240.0,-0.5225733793720854,0.9985931366277593,-0.0011998232777536977,0.63198462512899,-0.4583862291099533,0.532167111328867,0.2160163761604744,0.018529749039884684
2025-09-08 03:00:00,111349.24,110899.69,111113.26,-0.8082821984432921,0.9909523649450959,0.0003150284390658342,0.4750750750644874,-0.9410698027059584,0.44236434679109693,0.2181940649265813,0.01815624514738623
2025-09-08 07:00:00,112186.98,111113.25,112048.0,0.24598617879597415,0.07555258643163622,0.0057883088282308925,0.8705633632210127,-0.38693030060369227,0.508184972226621,0.25821935954259384,0.01968026187560187
2025-09-08 11:00:00,112779.5,111754.31,112645.05,0.263395428516316,0.07279788563544885,0.004030038017769577,0.8688535783526125,-0.02568608363071611,0.5081573407499288,0.28624777648180383,0.02238972641852318
2025-09-08 15:00:00,112924.37,112075.2,112477.01,-0.35839282950083834,0.2764983314233892,0.0026425173070898644,0.47317969310652364,-0.24229072333844454,0.41846139360608564,0.30470022373287764,0.023245151717258276
2025-09-08 19:00:00,112512.71,111896.0,112236.71,-0.7120320719782672,0.2689452908758692,-0.0029403294565094606,0.5524638809075225,-0.8715294971767125,0.4181910223465208,0.28411392626771026,0.02454055011822079
2025-09-08 23:00:00,112305.03,111111.0,111330.71,-0.2413390003641683,-0.9271772749310677,-0.0048760308603441604,0.18400710199757675,-0.28111403754440945,0.49199469555254555,0.25007547083264453,0.024770609582787755
2025-09-09 03:00:00,113156.65,111234.16,113022.61,-0.13891412804424838,-0.9254688051780563,0.006178206168750089,0.9302779208165988,-0.4442428897528099,0.5241910108249324,0.29299381746512576,0.028144859044459694
2025-09-09 07:00:00,113293.29,112635.38,112732.62,0.01664069613923797,1.1760500956747282,0.006015132101035325,0.1478013710059344,-0.6246330575908802,0.43143170055765356,0.33503749166838787,0.030414794416729285
2025-09-09 11:00:00,112950.0,111511.11,111767.45,0.5012203264797456,1.1660909102587507,-0.005655368419580142,0.17815121378160603,0.6493364500982322,0.4516152840617815,0.295270667579509,0.030371804667285257
2025-09-09 15:00:00,111847.23,110766.66,111131.92,0.5835593678195575,1.1555617591120915,-0.010958762523753274,0.33802530145813514,0.05830831673615234,0.5073235954988985,0.2186477905081116,0.030160682203008275
2025-09-09 19:00:00,111745.69,111090.07,111556.16,-0.4756986947310354,1.1451560426961958,0.002225256997269387,0.7109148592063859,-0.8901942614312262,0.5478791984894485,0.23403612132392992,0.02957616624262861
2025-09-09 23:00:00,111583.81,110917.45,111411.13,-0.4682806942543918,-0.2671210589475116,-0.0007874474468813064,0.7408607959550371,-0.4564069060523759,0.5243867069436919,0.22857856456384307,0.027689341886228364
2025-09-10 03:00:00,111969.57,111372.08,111792.33,-0.5981664670516519,-0.26457691052875437,0.002949054916491445,0.7033590520225655,-0.797571931700112,0.4169969227238166,0.24900146513979673,0.025126257869861852
2025-09-10 07:00:00,112859.8,111760.69,112270.01,0.6466508243518074,-0.5290426631902625,0.006957263387780355,0.46339310896576164,-0.3621292127799063,0.48007255459649417,0.29732424186678236,0.024194393206818238
2025-09-10 11:00:00,114313.13,112148.49,113899.99,2.519090341020257,-0.5307576594942554,0.009512285386379826,0.8091414738672061,1.2496800539089148,0.513080114826537,0.3638529893179099,0.027453105204441785
2025-09-10 15:00:00,114095.66,113347.39,113584.85,0.07545562297627148,1.1402333603127495,0.002494393783136317,0.31734534325421526,-0.22142759471386472,0.36344888587908875,0.38146468203704204,0.03008752884958437
2025-09-10 19:00:00,113992.39,113155.03,113881.2,-0.3652562439931735,1.1307567008911061,-0.001014705628005541,0.8672136237595844,-0.66422660603417,0.47893741264097295,0.37428247192879854,0.03261613904163756
2025-09-10 23:00:00,114176.66,113669.82,113819.02,-0.6411327491958213,-0.2695456386617475,0.0026367174343018274,0.29437297765972376,-0.7530313003574004,0.5736202777170852,0.3929265418356341,0.033956743844344085
2025-09-11 03:00:00,114459.65,113819.01,114324.64,-0.2547859100085217,-0.27292209863239403,0.0026228997045623093,0.7892576173703055,-0.6482047692441462,0.5444889630956239,0.4115218089345442,0.03634769375446208
2025-09-11 07:00:00,114326.52,113776.0,114062.32,-0.5534619280170455,-0.7936435993407414,-0.001562393357966596,0.5200900966264694,-0.6925373416931192,0.44437937656451393,0.4004160372655463,0.03725617543654631
2025-09-11 11:00:00,114715.02,113430.0,114463.73,1.6040999496403,-0.78834426337571,1.018710019518032e-05,0.8044466233925918,1.4761196059013193,0.47225103170385846,0.400488335861695,0.03798213723862176
2025-09-11 15:00:00,114699.25,113996.19,114312.35,-0.5304381749005859,-1.1003487374681187,0.0031371721761750404,0.4496913492383404,-0.3050907531480081,0.4426894076472925,0.4227533033634533,0.03953994001422555
2025-09-11 19:00:00,115266.45,114182.04,115084.0,-0.3334015248743632,-1.0906221968827379,0.002917249637777175,0.8317518281754005,-0.6045887840177078,0.5162218071704159,0.44352240107221746,0.04292514212768248
2025-09-11 23:00:00,116331.81,115084.0,115391.0,0.6915146722672589,-0.1506739750109723,0.00865987463360307,0.2460310463913098,0.5608820952140946,0.5346449262733185,0.5053554612689408,0.04653658980630725
2025-09-12 03:00:00,115656.87,115045.45,115318.0,-0.5035304032184177,-0.15281762848506594,-0.0031215826990228512,0.4457655948375029,-0.5584954262051434,0.46399522932868514,0.48287378315097484,0.049002142134308445
2025-09-12 07:00:00,115405.79,114888.01,114980.85,-0.28054480454036534,-0.9444706302082584,-0.0023384830071526697,0.17930395148174558,-0.698452996387576,0.4968784598016087,0.4660845719502431,0.048222804379928895
2025-09-12 11:00:00,115500.95,114740.99,115260.0,-0.18515487267006694,-0.9409649159864539,-0.00020255643354283315,0.6829438391404428,0.21046921552947437,0.5392568842616061,0.46463371252276164,0.04997158464175712
2025-09-12 15:00:00,116495.0,114939.53,116486.18,0.2880256353774541,0.107921342242323,0.006111079166429612,0.9943296881264504,0.2862285052940994,0.5692981294352781,0.5083969282159849,0.05379313943105875
2025-09-12 19:00:00,116665.63,115752.68,116027.46,0.5092163202726729,0.11169357270102663,0.004626518173650673,0.30098033845993766,0.11451487931550594,0.5124271847093862,0.5417312420769856,0.054257355250208646
2025-09-12 23:00:00,116298.78,115576.26,115886.17,-0.42420030304718326,-2.6682373820104774,-0.0025275537646612944,0.4289293029891386,-0.5423871666137078,0.40818023477933146,0.5234358261230433,0.05114257162383713
2025-09-13 03:00:00,116012.91,115657.81,115749.99,-0.5068941304578138,-2.6145578403162113,-0.0013728824570445886,0.2595888482044781,-0.9855200648528619,0.34634198667617283,0.5135234870708297,0.047781657505533315
2025-09-13 07:00:00,116166.71,115702.39,115937.99,-0.8035903784387137,-1.3661380586041403,0.0006583632752299451,0.5074086836555138,-1.1022615787547727,0.5086168296243394,0.5182704052422109,0.04242491930766565
2025-09-13 11:00:00,116060.0,115603.98,115797.68,-0.7117595340812857,-1.3575565288656972,-0.0005664748448169776,0.4247620718296297,-0.834542116654347,0.46809432317264127,0.5141833302473182,0.03654452041803246
2025-09-13 15:00:00,115924.6,115127.27,115633.92,-0.49383690531171626,-1.0621352771521313,-0.003019683429060449,0.6354332584922664,-0.4113194065795584,0.44483072224129816,0.4924088745920098,0.0305441677415794
2025-09-13 19:00:00,115991.29,115570.78,115871.58,-1.0484897990409032,-1.0534247003815647,0.0029303090680032895,0.7153218710443353,-1.1392162425601238,0.46891774904652805,0.5134750600974867,0.029831277016547295
2025-09-13 23:00:00,116109.0,115744.67,115852.95,-1.1304792372922488,0.5682516809627973,0.0006142408625355866,0.29720308510698074,-1.0041894005428202,0.5184435462133431,0.5179038179552171,0.02770195390789462
2025-09-14 03:00:00,115936.0,115449.59,115734.23,-0.9453840565137956,0.5651075289109222,-0.0014628696054939105,0.5851853374604665,-1.053779823766528,0.5192757088435871,0.5073498559267536,0.025790198214854645
2025-09-14 07:00:00,116165.19,115734.23,116027.26,-1.0767377732282946,-0.5340770022753973,0.0017724450152714066,0.6799470948422012,-1.2014005757727046,0.48718874049740607,0.5201185623209693,0.02329156881326568
2025-09-14 11:00:00,116100.0,115141.8,115401.75,-0.17241067201898486,-0.5392076271940787,-0.0038156783437379715,0.2712899185945366,-0.20131302150474165,0.47933405876180585,0.4925816673374622,0.021684699951134322
2025-09-14 15:00:00,115657.5,115193.9,115388.21,-0.8247403319092234,-1.0829138340041868,-0.0007392094303777519,0.41913287315750314,-0.8663179885172911,0.6044788973857845,0.4872673141703397,0.01846300569956516
2025-09-14 19:00:00,116087.35,115330.99,116009.61,-0.9880509395022674,-1.0877967487247118,0.0036617986160252247,0.8972182558451302,-0.9415656716897746,0.46226718198127065,0.5135733990097417,0.016521683024285316
2025-09-14 23:00:00,116009.62,114825.0,115362.35,-0.49529622766804504,-0.07928577858384289,-0.005427359150393496,0.45360537555964947,-0.12678276062713767,0.49567306938895966,0.47444088799800904,0.013046252120693195
2025-09-15 03:00:00,116757.99,115347.91,116129.99,0.0789740380692275,-0.076760815030335,0.00801784862628696,0.5546351979990174,-0.25090557744478176,0.536152672951141,0.5319376669426009,0.012554459686205428
2025-09-15 07:00:00,116400.0,114625.87,114769.04,1.027429366958511,0.5927578403006579,-0.007960103525399553,0.0806987086623815,0.9224094862867098,0.4686096694686885,0.4743973034677321,0.014506049803600918
2025-09-15 11:00:00,115195.86,114384.0,114679.56,0.6190374213478247,0.5939394268480149,-0.0032015023154507993,0.3640529155228204,1.0795867868246012,0.5161447082579873,0.451439155874343,0.016286468681370764
2025-09-15 15:00:00,115360.54,114404.43,115307.79,-0.3205930590816333,0.5729617657240307,-0.00025295416398374293,0.9448285239047304,0.5480737964811894,0.5748438158573222,0.4496310151368588,0.01552782334623537
2025-09-15 19:00:00,115605.07,114975.66,115288.01,-0.5664338289552527,0.5748145617365823,0.0045216987515337426,0.4962584007165869,-0.4311914714432059,0.4233592309821444,0.4819443776321369,0.01548558583261101
2025-09-15 23:00:00,115520.0,114945.01,115034.47,-1.0150174553223756,-1.7570687919995351,-0.0010006951907269857,0.15558531452451302,-0.6721851394114778,0.3669483107318586,0.47476078555840723,0.014728497532419964
2025-09-16 03:00:00,116009.62,114930.0,115770.35,-0.25293635227948924,-1.7397282515204346,0.0034112993512198653,0.7783757247848556,-0.4882833409992014,0.4634832351420547,0.4992246390759408,0.014287653089966646
2025-09-16 07:00:00,115981.17,115372.35,115372.46,-0.5880428333419111,0.1976567642491339,0.0006407089662887611,0.00018067737590548384,-0.758670546722544,0.47112192390687535,0.5038351050898537,0.014199091240361502
2025-09-16 11:00:00,115558.06,114737.11,115296.86,0.08573672281436324,0.20233760778073454,-0.004177070688894946,0.6818320238664762,0.2546675007474373,0.49463562730589483,0.47375813974145914,0.014251179480386547
2025-09-16 15:00:00,116870.76,115010.66,116418.86,0.6854142645403326,0.039300480742969206,0.007996192527434554,0.757056072250112,0.5870281803163081,0.5140790439100136,0.5310941612904939,0.015395825238305945
2025-09-16 19:00:00,116964.27,116395.6,116855.58,-0.4892921899413961,0.044564215411114334,0.005357666778335268,0.8088698190372424,-0.7053979244655777,0.4983772757040048,0.569818044634778,0.018226021869118314
2025-09-16 23:00:00,117077.16,116516.92,116686.43,-0.44471034816408495,0.2127713019668235,0.000247920410124447,0.3025667570986854,-0.6051480956270564,0.5153752935290976,0.5716195521573023,0.020033035579860227
2025-09-17 03:00:00,117286.73,116160.22,117234.27,0.1672956464814976,0.2178845717961474,0.0002358621870583999,0.9534313942978524,-0.3305231574388437,0.5098077132509247,0.5733338638079395,0.02324909349795793
2025-09-17 07:00:00,117275.0,116267.44,116359.14,-0.11886839073598497,0.7040274689932356,0.00045761299596724925,0.09101194965966015,-0.542716958921067,0.3529548222616994,0.5766607061987773,0.02390605953661226
2025-09-17 11:00:00,116516.93,115432.0,115606.61,0.3842612995407091,0.7078853181152228,-0.0074568357906307225,0.16094125888157973,0.5409385886951096,0.476232930385889,0.5224247689277856,0.024089295567274585
2025-09-17 15:00:00,116333.33,114720.81,115226.93,2.550488851113565,0.008288591586674164,-0.0034138183640882724,0.3138689752665737,2.46350501737682,0.49619144733172543,0.49778013433433255,0.024383678684675072
2025-09-17 19:00:00,116823.72,115068.33,116559.69,0.31295486592090777,0.013797023850094129,0.0027302751985400775,0.8495889802217771,1.0254213640809304,0.485849246492142,0.5174229281525731,0.02481455582282622
2025-09-17 23:00:00,116990.68,116092.76,116950.47,-0.041493904404001025,-0.43225001330218954,0.005951130987029041,0.9552187277156716,0.1751021577443761,0.48552290358820976,0.5603548639392789,0.026103338913443543
2025-09-18 03:00:00,117896.0,116888.02,117102.43,0.9384711086244609,-0.4260628633805297,0.0071758359299494145,0.2127125538183919,0.30012904945969165,0.44243243694853845,0.6124299918435078,0.027771538890917234
2025-09-18 07:00:00,117413.04,117010.59,117190.47,-0.6789461255201319,0.9091573767184852,-0.002005669907332086,0.44696235556102953,-0.46335784046400375,0.4724035315824898,0.5977703756150706,0.02905365162352294
2025-09-18 11:00:00,117843.83,116977.59,117640.54,-0.1797992177319331,0.912359466243093,0.0019325342709417548,0.7653190801536986,0.016296079402612944,0.5444997608933131,0.6118671068896241,0.031542682128206226
2025-09-18 15:00:00,117900.0,117322.41,117822.97,0.09432867834143849,-0.6643148171601699,0.0016224560773954178,0.866635502677218,-0.04571876633304711,0.5407380644592433,0.6237248665662607,0.0323765028077846
2025-09-18 19:00:00,117822.98,117027.34,117061.02,-0.794948608285254,-0.6585536825011353,-0.0019418775624928664,0.0423307023271634,-0.7124024095736458,0.44356330990334214,0.609509580884557,0.03069343637597051
2025-09-18 23:00:00,117459.99,116612.03,117112.8,-0.3812154787548793,-2.1145699899700285,-0.0026494609243646883,0.5905585169042109,-0.2965079984595332,0.42501515713261456,0.5901521774947627,0.03004439102380436
2025-09-19 03:00:00,117291.01,116633.86,116669.75,-0.5296157031492437,-2.0839096347866053,-0.0016313243999834803,0.054614623753258144,-0.4661625683610643,0.3529873496460065,0.5782650275611059,0.028750396238832326
2025-09-19 07:00:00,117090.36,116434.23,116532.68,-0.5966507139067475,-1.3009959805953801,-0.0009898556473730835,0.15004648468824155,-0.7754998920255896,0.41087873824866067,0.5710639047110941,0.02624328883211259
2025-09-19 11:00:00,116554.05,115800.0,115899.99,-0.03878046692806131,-1.2891424504390148,-0.004647075848996485,0.13260393872910126,-0.1562028596180052,0.46144758823123017,0.5372902534935007,0.026157140440580623
2025-09-19 15:00:00,116136.0,115382.98,115407.49,-0.10004335021302714,-0.25106320122000364,-0.0044624171797199574,0.032548936282812795,-0.12070667868845805,0.4909184824115905,0.5050093621049787,0.02616816386507048
2025-09-19 19:00:00,115657.28,115100.0,115613.21,-0.9009531450513789,-0.24502864524132628,-0.002970671140794412,0.9209194659610936,-0.8498529386064648,0.5552992318591834,0.48361557908673025,0.025241052105973875
2025-09-19 23:00:00,115730.41,115444.0,115606.39,-1.085613530488645,-0.7344294982628562,0.002105473343076092,0.5669843929832324,-1.1046116135338693,0.5011814861444897,0.49873345201668784,0.026362776659410527
2025-09-20 03:00:00,115724.34,115408.47,115700.46,-1.0822774029113555,-0.7272521800028764,-0.000170443774456297,0.924399278154828,-1.2520252710707829,0.5857477759078923,0.4975070424754666,0.027022309269537706
2025-09-20 07:00:00,115985.2,115664.11,115747.54,-1.0003777261010598,-1.9571554667422124,0.0018311483532986728,0.2598336914802566,-1.0487975710716184,0.4231283662611807,0.5512597987080958,0.027570796724786323
2025-09-20 11:00:00,116036.0,115747.54,115970.36,-1.0223306734116995,-1.9339143221552255,0.0007658835502006855,0.7724467863560894,-1.1289803775055598,0.4984932848110171,0.5923179045922268,0.026990300864642804
2025-09-20 15:00:00,116121.81,115700.0,115711.51,-0.8328207846832104,-2.2234529215965386,0.0005193429776733094,0.02728716720732546,-1.0010036483983418,0.42159915869116477,0.723141565717785,0.027554240348915408
2025-09-20 19:00:00,115944.7,115689.91,115776.06,-0.9216291593610866,-2.1926226508349305,-0.0015250253556794435,0.3381215903160058,-1.1756199644047314,0.5174067446763028,0.7188781024170464,0.027278817726941837
2025-09-20 23:00:00,115776.06,115441.83,115690.76,-0.885225178502246,-3.484170897431799,-0.0014446030995936,0.7447865242274726,-1.1116331196319884,0.40396378656341014,0.704175088764294,0.026299398787493808
2025-09-21 03:00:00,115787.39,115487.56,115687.2,-0.976328060555434,-3.3861007260716063,0.00026040408004912585,0.6658439782321309,-1.0854048811258494,0.4819242215861754,0.7068216245204721,0.026802785073309784
2025-09-21 07:00:00,115819.06,115329.03,115522.31,-0.8644645847478539,-0.9493459924352918,-0.00022998072899782507,0.39442483112473736,-0.9099931059913899,0.44749884102520043,0.7044836783641286,0.02708373391876836
2025-09-21 11:00:00,115747.23,115500.0,115500.01,-1.0228191582479833,-0.9510706069888446,0.0004906344124540052,4.0448165652861684e-05,-1.0483193123462315,0.4270533435818142,0.7131991785302305,0.02683390490922356
2025-09-21 15:00:00,115665.52,115209.02,115530.9,-0.8971430517770365,-0.5801799613643632,-0.0018525285684729553,0.7051040525584645,-0.7743423296089745,0.4941616360468573,0.7351438074815352,0.02599821742685893
2025-09-21 19:00:00,115545.43,115188.0,115538.9,-1.1496375295763386,-0.5745771194673883,-0.0005525840170188534,0.9817306884989613,-1.004937505212731,0.44721909523259884,0.7291738078051331,0.023124336232925712
2025-09-21 23:00:00,115538.91,114150.0,114187.81,0.8491716610024428,0.32794605203165955,-0.006572420936231227,0.027222786213451807,1.3615299750500942,0.44757266529475526,0.6582060133671224,0.022464704688529832
2025-09-22 03:00:00,114654.36,111800.0,112800.77,3.5087481085707384,0.32404309103741047,-0.01360277793937048,0.3506109951080094,1.292254151209544,0.4499959058059116,0.5122910740756786,0.03098961734627235
2025-09-22 07:00:00,112999.0,112173.52,112792.16,1.3291042951490297,-1.1929064848927249,-0.004596469813130222,0.7494306342885451,0.4977655077183789,0.4767959902077342,0.46365613197829747,0.0357072797862484
2025-09-22 11:00:00,113432.76,112380.0,112933.16,0.9452419870092178,-1.1820631738935137,0.003297239855168721,0.5254378965716325,0.4968474964816775,0.4533891232206454,0.49838364703049126,0.03896498702733619
2025-09-22 15:00:00,113024.23,112250.89,112429.13,0.04720555753875164,-0.21858981753026233,-0.002655296391704476,0.23048077171451267,0.05502237651915289,0.4270248889921375,0.47032506044094247,0.04327918395810282
2025-09-22 19:00:00,112977.41,111936.4,112643.25,0.39376353249509816,-0.21416114504616482,-0.0018594160053243547,0.6790040441429088,-0.33515162066489457,0.4054747973775732,0.4507287353462093,0.04633186237480693
2025-09-22 23:00:00,112833.09,111674.0,111811.88,-0.21664750867261598,0.4808108871188291,-0.0008326877360940177,0.11895538741496824,-0.3780482208211916,0.41175094009819324,0.4419693838674411,0.05225737293995097
2025-09-23 03:00:00,113111.89,111478.0,112974.96,0.4697869903959581,0.4845840644281211,0.0009593919112742544,0.9161938686146834,0.48292548536429947,0.4659525177123796,0.45205317996012057,0.05271823430383928
2025-09-23 07:00:00,113281.5,112828.62,112969.32,0.1937004208692553,0.4932214870321184,0.005388297791907304,0.31067832537737017,-0.1277134485942772,0.4725403565893288,0.5087418216479307,0.05329204645363218
2025-09-23 11:00:00,113290.5,112571.81,112652.91,-0.1147582263856404,0.49531007380585307,-0.001187503090852915,0.11284420264491939,0.17961418630617182,0.41677088249811983,0.4961811449877317,0.053980312176911585
2025-09-23 15:00:00,113072.89,111686.9,111780.1,0.24497357715798196,0.6145264758538275,-0.004512043071309257,0.06724435241187805,0.7039391846469144,0.4501541457159809,0.4485122053374049,0.05624110860694609
2025-09-23 19:00:00,112213.95,111458.73,112159.23,-0.3143390379285243,0.6102026937943433,-0.004722059518073807,0.927544291717279,-0.32188716823673497,0.4786187862152367,0.41377583868675133,0.05552555164087055
2025-09-23 23:00:00,112500.0,111816.86,112111.62,0.03857929490086876,0.0789284178583501,0.002714825218320449,0.431478174306409,-0.07033882574339781,0.44341016268481315,0.45205175611183496,0.054907404977937065
2025-09-24 03:00:00,112779.37,111042.66,112596.69,1.3646534980357434,0.07364904835309041,-0.001203444215616467,0.8948126054384774,0.41202282147885283,0.49940468219827877,0.4421410352786265,0.05233723570167822
2025-09-24 07:00:00,112960.0,112405.62,112941.98,-0.30505508776976503,0.21781178006919005,0.005508441378433204,0.9674952198678183,-0.6767406659119821,0.5524412115081576,0.5037182347074737,0.04906033849011345
2025-09-24 11:00:00,113890.0,112808.0,113720.64,0.4197142124072319,0.21333831895374625,0.004790538132036337,0.8434750462029249,0.27621893256070323,0.5315892201368435,0.5575651988894825,0.044966122131683856
2025-09-24 15:00:00,113940.0,113163.21,113639.8,-0.155771812558926,-0.23180664482104799,0.003901393732602676,0.613537764381448,0.2205210130416425,0.49236706171081457,0.6016280140535396,0.04115607984575289
2025-09-24 19:00:00,113682.46,113250.59,113336.33,-0.7395457824931674,-0.24187280911580464,-0.001254510161883493,0.19853196563321823,-0.7477143544184497,0.4323554724225141,0.5874041465071624,0.03657775833801203
2025-09-24 23:00:00,113510.23,112446.15,112907.38,0.6934673808578655,-1.8576218170093939,-0.004426022213895875,0.43345425155596873,0.8701839959041252,0.4402425900232839,0.5372840456438239,0.030491177070256472
2025-09-25 03:00:00,112907.39,111515.87,111533.26,1.1197132780258072,-1.8357321794396881,-0.008672416443007869,0.012497125445465676,1.1013817442195977,0.4738947215048223,0.4395126065141111,0.024055250575232667
2025-09-25 07:00:00,112246.46,111450.42,111648.19,0.27595222708202055,-1.2087041342396798,-0.0017186365551095095,0.24844228932907594,0.009142059629644388,0.45774958538589555,0.42030500580224517,0.022286784754173207
2025-09-25 11:00:00,111729.52,110629.99,111540.0,2.3802681659337854,-1.1978720209306783,-0.00420058534998069,0.8276354442277332,2.697503012521924,0.4222320530584316,0.3734396572907501,0.023851128912307267
2025-09-25 15:00:00,111672.58,108631.51,109760.2,2.9678283659713705,1.2534398913533393,-0.01229812555091081,0.3711489705913669,3.316188707222411,0.4162965192536118,0.23680753108807007,0.033134007767998803
2025-09-25 19:00:00,109973.4,109057.06,109419.97,0.19309482964553484,1.244601699713763,-0.003726976397024351,0.396042953484563,0.4420847475995031,0.4785374150960193,0.19591006277549808,0.040842917777064065
2025-09-25 23:00:00,109798.84,108765.0,109621.7,0.6906946664946775,-0.7579028046694216,-0.002107553777193294,0.8286582062908318,1.1098007048523206,0.5027654555883654,0.172869301818684,0.045911949345919245
2025-09-26 03:00:00,109635.8,109016.0,109360.0,-0.24278619134373708,-0.7578501747283976,0.000699928579518394,0.5550177476515783,-0.09158778764553291,0.4574716722217752,0.18050512064327548,0.05081902941343028
2025-09-26 07:00:00,109690.98,108697.42,108895.0,1.2353019346065968,-0.37779073573935773,-0.0017121976903898828,0.19886066266557995,0.7401030254202553,0.4964061203394098,0.1618129531468468,0.05679131306863442
2025-09-26 11:00:00,109779.73,108620.07,108836.0,1.3392498506240087,-0.37750207623277027,-0.0004946155651454065,0.1862011279151933,2.306493985002774,0.47609135163998806,0.15642245003731653,0.06067621829914678
2025-09-26 15:00:00,110300.0,108802.04,109727.99,-0.12331719817962242,0.662640374292165,0.004171081396101783,0.6181406713088643,0.6724433912441918,0.5346521569402576,0.2018579514057873,0.06071487200160156
2025-09-26 19:00:00,109727.99,109030.41,109558.25,-0.7533201065495778,0.6557315238270004,-0.002422363475885425,0.7566730697445863,-0.23196870551258617,0.49276042878091353,0.1753611360322968,0.06161234636684658
2025-09-26 23:00:00,109687.69,109324.42,109408.18,-0.9515508660201065,-1.7501031252218224,0.0014754984470088939,0.23057230158749167,-0.9909354621492658,0.5036882907577912,0.19146165338900423,0.06330219252524301
2025-09-27 03:00:00,109743.91,109384.63,109541.36,-1.0297810457728294,-1.731578005377846,0.0007011749453751381,0.4362335782554946,-1.107069634398786,0.5045633631014347,0.19912410584038448,0.06386239893772809
2025-09-27 07:00:00,109570.36,109064.4,109431.7,-0.579394859754249,-0.6733561712882342,-0.002446470974308168,0.7259467151409968,-0.8255802034713203,0.43208997010108113,0.17237028093434706,0.06441556189192357
2025-09-27 11:00:00,109477.59,109227.14,109287.89,-0.7589778937071905,-0.6787453467830542,0.0001336723618450275,0.24256338589568804,-0.9908487242336296,0.437537926794477,0.1738285029270263,0.06394171009642673
2025-09-27 15:00:00,109434.99,109193.0,109434.96,-1.1439735507266595,0.6911582961486228,9.115333974230033e-05,0.9998760278937245,-0.859107451627654,0.40617760431495614,0.1748230209474683,0.06161381356920271
2025-09-27 19:00:00,109699.98,109362.72,109605.62,-1.362718356580205,0.6910271611056678,0.0013375784500955223,0.7202158571807976,-1.2519886135542375,0.570310451156825,0.18941784690216656,0.055422451515586675
2025-09-27 23:00:00,109787.75,109325.05,109447.55,-1.0386039673738292,-0.7074356816406484,0.00046551461189348053,0.2647503782091058,-0.6196851320724818,0.4848041384148292,0.1945040475564568,0.04796087510063593
2025-09-28 03:00:00,109535.0,109260.0,109410.0,-1.2523077137921137,-0.7014691012848862,-0.0013186027750029528,0.5454545454347107,-1.2386185056450398,0.5415623316600153,0.18009032093588415,0.03940313856477842
2025-09-28 07:00:00,109585.39,109323.88,109368.44,-1.0377938722091156,-0.180850175815861,0.0007010332835963862,0.17039501356848538,-0.9242095390067447,0.47818270261974105,0.18774325362226374,0.03003675688048002
2025-09-28 11:00:00,109888.0,109189.99,109850.01,-0.5691427454787094,-0.177728359513281,4.046447192207481e-05,0.9455738456333559,-0.4803117286174018,0.42105752816845415,0.18818529963827352,0.02571541437832577
2025-09-28 15:00:00,110393.63,109712.23,110293.56,-0.5101380541552859,-0.08264684680754013,0.005999266838108364,0.853140592884448,-0.4429382346072794,0.49074315720697376,0.2537257401440025,0.020083024858778654
2025-09-28 19:00:00,112014.0,110119.71,111938.51,0.09503668766966644,-0.07636032941353021,0.009151084102651863,0.9601486572754927,-0.1986332906128189,0.5463915542513226,0.3542987361863898,0.022497897841997738
2025-09-28 23:00:00,112350.0,111632.72,111750.02,0.6830115999014292,-0.9965714994684959,0.008039646003515477,0.1635344635266113,0.6521661085980593,0.4725900046650153,0.4434652852399247,0.028317064687389495
2025-09-29 03:00:00,111904.34,111575.38,111632.83,-0.5938174723943469,-0.9894342989931295,-0.0026870068915508805,0.17464129376900564,-0.4437285750202474,0.4537645991653576,0.4134244899633254,0.03211466490852825
2025-09-29 07:00:00,112421.99,111560.65,112090.18,0.5887776084953029,-1.2938753832009655,0.002102827439223409,0.6147746534398081,-0.12756010511681193,0.5598113223799178,0.43687097569477873,0.03667870511175062
2025-09-29 11:00:00,114231.56,111901.26,114033.53,2.3118879047700758,-1.2828812679680408,0.009615440842166478,0.9150195253790719,1.5025138377796992,0.5457356410662028,0.5443084054892764,0.04785880395116252
2025-09-29 15:00:00,114151.0,113449.74,114008.79,0.7447039349197002,-1.6652562917945082,0.0072760431315106455,0.7972078829421619,0.03583231836778381,0.4286206900513141,0.6263884642682582,0.05524003958314087
2025-09-29 19:00:00,114400.0,113848.63,114189.81,-0.0556621646152299,-1.649070270573119,0.0028224621787404924,0.618785933209656,-0.4136197740095607,0.5308630066234054,0.6584599463454581,0.060796168486441364
2025-09-29 23:00:00,114792.0,114040.35,114455.96,0.4115653907313321,-0.9151877432980682,0.00202903609577465,0.5529302201749146,0.25281880732248185,0.46830725174904525,0.6815808457944363,0.0667306979311258
2025-09-30 03:00:00,114514.5,113827.24,113891.64,0.015745549060071203,-0.9071757640904065,-0.002891760290422485,0.0937054389882397,-0.3048786884300127,0.3845265166256589,0.6485623299587806,0.06985476510295915
2025-09-30 07:00:00,113994.61,112656.27,112923.49,1.0310290471930954,0.21210620432620353,-0.006937100582597444,0.19966525695862428,0.39906927007132265,0.5032959569871233,0.5695826162857796,0.07020420338164349
2025-09-30 11:00:00,113677.23,112810.62,113595.05,0.5451963870424013,0.21899948894285584,-0.0010891048150303284,0.9051707226906628,1.4990784836251516,0.5239180984874843,0.5572690458596817,0.07030870724962728
2025-09-30 15:00:00,113714.56,112800.0,113714.56,0.3280526133075948,-0.8238896605947997,0.0004059070773394513,0.9999999999890657,0.9146132692733989,0.424220144599131,0.5618532895324525,0.06997255374853033
2025-09-30 19:00:00,114754.87,113702.01,113940.39,0.6419376371148259,-0.8164859306859873,0.009203001783071763,0.22641186862236234,0.4083393663665364,0.5268514563540615,0.6658325739163913,0.06875250776100013
2025-09-30 23:00:00,114551.76,113765.42,114272.15,-0.14233721921670323,-0.5630826722998736,-0.00016747595767496737,0.6444159015102296,-0.2494811753718654,0.46630407918315653,0.6639229479056534,0.06742364963857278
2025-10-01 03:00:00,114740.0,114096.58,114256.81,0.0780893338734993,-0.5562696188191212,0.0019034134759239318,0.24902862826381847,0.2809379823267186,0.45794560093840125,0.6856227739005907,0.06560291532448843
2025-10-01 07:00:00,116591.8,114236.59,116281.64,2.655040590945171,-0.5165360837180341,0.010737146327322256,0.8683089830593935,1.5682951062755204,0.5432599930403385,0.8082643829104956,0.06602995963509892
2025-10-01 11:00:00,117441.26,116269.0,117292.74,1.8660242358202241,-0.5097323614692136,0.009583472677244798,0.8733045570020959,1.7337767535257333,0.48876016676224315,0.9189038573069352,0.0680585574718855
2025-10-01 15:00:00,118199.0,116724.56,117234.01,1.9718030974848804,1.6253311131523942,0.005958166620803285,0.3455210113646816,1.2404039437797385,0.4906804988588357,0.9883490314749119,0.06749251421942759
2025-10-01 19:00:00,118080.0,117163.25,117745.39,-0.21200921215314225,1.6253311131523944,0.0004854535227505341,0.6350040905302966,-0.24630582016762922,0.4851636582314462,0.9940409281134319,0.06732794660839245
2025-10-01 23:00:00,119456.92,117686.28,118753.73,2.247390665029449,0.9037745742107276,0.00971211252131754,0.6028611123627439,2.034837941742337,0.5328197325463002,0.9999999999990993,0.06924566243023275
2025-10-02 03:00:00,119058.82,118279.31,118649.06,-0.15217787411442443,0.9053305459424892,-0.0002740936538633276,0.4743364421178076,-0.06795122477018485,0.4523240367806571,0.9970698574662593,0.07339108187700111
2025-10-02 07:00:00,118926.49,118354.61,118619.56,-0.4264555849408146,1.6122006192032619,-0.00043053618578081654,0.46329649576023285,-0.4521831920504628,0.4321307812417353,0.9924685593548846,0.07494716665666547
2025-10-02 11:00:00,119788.0,118537.1,118814.09,1.6715553298947352,1.5951352479367211,0.00533633082712881,0.22143256854886695,1.9080158743545814,0.5528602300585812,0.9999999999991417,0.07462301944974165
2025-10-02 15:00:00,120663.96,118516.39,120506.61,2.286043347380312,1.4331220883395488,0.004872924485201713,0.9267311426359688,2.174383870393255,0.5314429763853261,0.9999999999991825,0.07776636157068256
2025-10-02 19:00:00,121022.07,120072.46,120257.49,0.7723838694302118,1.4190075970128344,0.006669331304952397,0.19484841145106963,0.4532140947865791,0.41024076936041554,0.9999999999992326,0.08302076918489898
2025-10-02 23:00:00,120680.35,119820.0,120157.82,0.11144342407335284,1.5420606995888546,-0.003184536774065161,0.392654152375287,0.28281856202415,0.36273337606672335,0.9705252209659624,0.08630541460989809
2025-10-03 03:00:00,120472.12,119746.81,119916.93,-0.4449010582630539,1.5424214050772553,-0.001261029735142527,0.23454798637499885,-0.30405836582942897,0.451760123356725,0.9588908104568632,0.08814050583068488
2025-10-03 07:00:00,120515.89,119248.3,120425.95,1.6422885424307936,1.5499082583565913,-0.0012602913751287304,0.9290464582323205,0.2605361776660667,0.36699183828832066,0.9472778748924005,0.08982821952632764
2025-10-03 11:00:00,120975.0,119881.24,120917.85,0.5082036491475067,1.533997606576735,0.0038673183838471292,0.9477490491428907,1.8771380994163012,0.5149366453967174,0.9828683099615788,0.09021339693062237
2025-10-03 15:00:00,123894.99,120641.27,122538.46,5.0,1.5196691835019398,0.017425943059750315,0.5830833630411255,5.0,0.52555252389875,0.9999999999993291,0.08948449842521268
2025-10-03 19:00:00,122961.63,121999.33,122477.0,-0.2524713559506374,1.5055895671026625,-0.0002796698692384414,0.4963836641328411,0.3762667617155972,0.46645108313849143,0.9977018606873982,0.08907973227027687
2025-10-03 23:00:00,122477.0,121684.97,121854.53,-0.39824784429705035,1.4899312102907183,-0.003593607268530863,0.21408279989123782,0.10983857983586043,0.42483169231686996,0.9681802662678196,0.08553962216114012
2025-10-04 03:00:00,122800.0,121829.54,122430.27,-0.42067789512777054,1.4745579800161468,0.0031416462874254147,0.6190157244954108,-0.21063175334316356,0.5256440763739785,0.9938962408965049,0.08069341435614938
2025-10-04 07:00:00,122539.83,122099.69,122129.53,-0.6921886529717982,1.4609196275055456,-0.0005396208835639626,0.06779661016794333,-0.7543123004714727,0.46364742174062185,0.9894652923057894,0.07422465940939932
2025-10-04 11:00:00,122509.52,121945.0,122000.01,-0.7723474661122934,1.4475068334258503,-0.0012685325785033452,0.09744561751402946,-0.4552398164186315,0.4717813338646086,0.9790547064489094,0.06398784919123064
2025-10-04 15:00:00,122144.28,121510.0,121574.66,-0.21498612496690106,0.9286696957405749,-0.003358253931697419,0.10194235983947812,-0.07930736662914116,0.38304624659894576,0.9515291688210067,0.058540090957892366
2025-10-04 19:00:00,122365.14,121574.65,122287.19,-0.9163189900212426,0.9326362247389027,0.002209306777902542,0.9013902769054505,-0.9022467592271163,0.5183332762028375,0.9695766824227036,0.05547907695951019
2025-10-04 23:00:00,124362.28,122136.0,124031.44,0.6686060100472024,1.034169210358304,0.01089558675929947,0.8513933557286099,0.3302522747735869,0.6052172414043373,0.9999999999993664,0.05468719029356687
2025-10-05 03:00:00,125708.42,123344.98,125000.01,3.2897078656475425,1.0311963631786405,0.0123514142097505,0.700263175707018,3.1145383869603376,0.5674904211889108,0.9999999999994221,0.05698341746662704
2025-10-05 07:00:00,125164.26,122520.24,123028.01,1.449425708278463,1.4363034338370972,-0.00892649115239652,0.1920446895250683,1.6753086191164361,0.4361817727891853,0.935582161956103,0.05630128286456228
2025-10-05 11:00:00,123538.46,122770.32,123034.67,0.12224940297730819,1.4222304221327455,-0.005002431946237396,0.3441429947620877,0.24058336516839762,0.5342774213069422,0.8998044615421577,0.05341357888824235
2025-10-05 15:00:00,123464.0,122301.63,122999.44,0.04610894808836533,1.2789972520598567,-0.0017998419879726724,0.600333800763954,0.25314408221672413,0.5364132061112187,0.886996275346666,0.049150455074662654
2025-10-05 19:00:00,123278.76,122473.62,123237.4,-0.6374273840973246,1.2693489883180882,-0.0009783666966455273,0.948630051904654,0.0758699312571815,0.502300085745457,0.8800464714768355,0.04430627957159727
2025-10-05 23:00:00,124358.46,123084.0,124110.61,0.5485858034503714,0.6840763221372218,0.007173049948377752,0.8055254774507951,1.7060998337365652,0.515737222360306,0.9309502048298584,0.04478571859403634
2025-10-06 03:00:00,124165.56,123294.93,123947.9,-0.3559021154314046,0.6770663921194592,0.00040947162389803893,0.7499971285075149,0.30840836831670415,0.4376854018209466,0.933876874369311,0.04388688819964203
2025-10-06 07:00:00,124142.85,123280.49,123978.0,0.15755363576994963,1.2966262513429014,0.0003148798787000473,0.8088385361008232,0.012784820855017696,0.5284003566076305,0.936128377633714,0.04176182373689371
2025-10-06 11:00:00,125330.0,123735.73,124530.0,1.4756576745598737,1.2899177398714565,0.0066795647813950865,0.49820293927315956,3.1378968985410234,0.5339075088276168,0.9839046835386814,0.03852540681675488
2025-10-06 15:00:00,126199.63,124513.35,126011.18,1.434593877103454,0.10718904898681662,0.006288458929365914,0.888245131289647,1.9085579582783645,0.5625889715678841,0.9999999999994386,0.03998721004875181
2025-10-06 19:00:00,126134.71,124511.15,125039.13,0.2549028247869604,0.11026815708142527,-0.0013536914319508542,0.3251989455251143,0.8237439580413761,0.4425558715726154,0.9904697389158496,0.039008018519476634
2025-10-06 23:00:00,125100.0,124159.22,124259.9,-0.37081129190398004,1.3819420665300983,-0.004514878781318732,0.10701758115491716,0.34700786789939764,0.4566477005610932,0.9587271084068624,0.03935814601451732
2025-10-07 03:00:00,124654.47,123800.0,123890.84,-0.1559866970687254,1.3752831498673845,-0.003509013170547415,0.1063115147388829,0.26328692980778146,0.4251956144083366,0.9341677740972346,0.038982100671886864
2025-10-07 07:00:00,124413.75,123322.9,124282.19,0.2214044042919947,0.9446065242847761,-0.0032612270781438024,0.879396800651977,0.3733171038248757,0.45526199000457046,0.9114227706405874,0.03725588610706281
2025-10-07 11:00:00,125126.0,122568.0,122725.36,1.6283989457616412,0.9384352185202361,-0.0006320882760443292,0.06151681000757835,2.7115130782256642,0.43987309407684155,0.9070287301436911,0.037279918190507154
2025-10-07 15:00:00,122865.36,120574.94,120895.37,2.832724903933222,0.18911033425576299,-0.017656144007715646,0.13990010565686392,3.4338079815264546,0.4288340243090398,0.7843674244784734,0.04153761474200856
2025-10-07 19:00:00,122292.62,120860.46,122011.17,0.10597213112181912,0.18712645122335814,0.001535888025826715,0.803478661596446,0.8068306463984407,0.5334132879986623,0.7948491988901494,0.04113415560802043
2025-10-07 23:00:00,122229.66,121258.08,122048.28,-0.10667697351023313,-0.9354252206275782,0.0002791575699299109,0.8133143951006222,1.029339672855657,0.4936614110249523,0.796757255164308,0.039969900597332964
2025-10-08 03:00:00,122048.28,121066.14,121784.29,0.12468732611960946,-0.927279681783511,-0.0021685437224905346,0.73120939987444,0.7581248091946259,0.4370250441819111,0.7819310101595038,0.04112515810375734
2025-10-08 07:00:00,123100.0,121311.91,122934.6,0.4846013448791606,1.3794480215836504,0.0057331053291045375,0.907499063241185,1.2175716525361018,0.5941183102393593,0.8210430170937383,0.04078805114902556
2025-10-08 11:00:00,123350.0,121649.68,122320.0,0.6770935231546619,1.3665129410648351,0.004064590772573817,0.3942316740355121,2.1404365843251294,0.5362666611715502,0.8420082473509598,0.04010172047167247
2025-10-08 15:00:00,124197.25,121954.34,123460.22,0.6982680771982424,-0.04776808402075039,0.004878390488175732,0.6713956422653109,2.081933824459648,0.5640298978157272,0.8771562531834889,0.039659109997271645
2025-10-08 19:00:00,123759.94,122794.4,123200.82,-0.48627043537677633,-0.04157832151831729,0.0001628717538673108,0.42092507819023567,-0.040153087672784214,0.4710947823999427,0.8783354421573278,0.039681927572614094
2025-10-08 23:00:00,123537.11,121475.98,121617.81,-0.24026738431393793,-1.2925579624367531,-0.006819650333105276,0.06881176830152068,0.3262872688914769,0.42092014909850606,0.8289532377790407,0.04218480253079207
2025-10-09 03:00:00,122264.0,121603.59,121957.32,-0.6351789270921768,-1.2828524091322993,-0.004042103810510622,0.5356218106852597,-0.15189303569250778,0.5102106669276576,0.7901885446332675,0.043231218504355844
2025-10-09 07:00:00,122340.0,121145.49,122170.27,-0.16403400866711623,-0.04331970310261746,-0.002425261529332756,0.8579082636323048,0.5828048760044481,0.507761810655689,0.7719755262169216,0.0433110885372781
2025-10-09 11:00:00,123762.94,120736.96,121315.0,2.1041778088279823,-0.04113658592454242,0.0060107019366326675,0.19102571728765033,2.717041237364713,0.4687681344311904,0.8170047006090562,0.045163864581753026
2025-10-09 15:00:00,121734.27,119651.47,120649.32,2.3745506383769097,-1.2338331650406416,-0.014643685048037924,0.47909064720338657,2.6428817528436728,0.44200380253516286,0.7066421389924233,0.047989025925674375
2025-10-09 19:00:00,121768.01,120649.32,121686.19,-0.18975136353457583,-1.2225327326018263,0.004319575896371219,0.9268608819161145,0.3215438311450127,0.49929061095116994,0.7387200298946497,0.04646564594859012
2025-10-09 23:00:00,121900.0,120900.0,121059.73,-0.3124073418092775,-1.4154133819430936,0.0026349323692680393,0.15972999999839863,0.2008726568205966,0.5040977719523345,0.7583720001208435,0.040534009285504796
2025-10-10 03:00:00,121754.34,120909.15,121378.18,-0.24069785933503687,-1.4018056152749072,-0.0009286805722856784,0.5549403092730015,0.5652086384409302,0.49160883753433865,0.7514274228151313,0.03584726292588276
2025-10-10 07:00:00,121777.07,120855.41,121496.33,-0.37922757880585667,-0.4614710805615825,-0.0005874786768262918,0.6953974350552719,0.4788118935591503,0.42027885611276006,0.7470383977987854,0.03275499143265509
2025-10-10 11:00:00,122550.0,120479.2,120493.17,0.4177843216229118,-0.46762855186524244,0.0025371418777764276,0.006746185049224302,1.8769247933470528,0.5051857782300256,0.7659821274952978,0.03222566284111553
2025-10-10 15:00:00,120626.55,117237.0,117237.7,4.22483319910878,-1.3403013628047733,-0.02345423287699111,0.0002065170892876706,5.0,0.45502640595684246,0.5904153092129082,0.04464485058381151
2025-10-10 19:00:00,117341.92,102000.0,113700.0,5.0,-1.3293557926810697,-0.05757741656646842,0.7626164130690536,5.0,0.4777411626189535,0.16952785326396544,0.07656777924612806
2025-10-10 23:00:00,114807.41,111019.43,113196.48,2.7566567583206325,1.405702668250478,0.006501354834360651,0.5747258433239483,3.92048398790875,0.4745954845608931,0.21431602781649395,0.09946997843983107
2025-10-11 03:00:00,113322.39,111700.0,112045.99,0.7108585025510238,1.3918883896989322,-0.0029750766898237746,0.21325945056236342,1.5331105378987282,0.426368409041251,0.1936873201565033,0.12160767085839477
2025-10-11 07:00:00,112271.34,110090.29,112114.64,1.2060507081915497,1.3786067620097229,-0.009398271864079266,0.9281538708377716,1.7265289868155216,0.42084522734790814,0.12871507495929926,0.1367740840779088
2025-10-11 11:00:00,112500.0,111700.0,111991.97,0.17260542405068977,1.3655386549834863,0.008262513308308517,0.3649624999954394,0.34287404806005894,0.3914938604203189,0.18529874651550696,0.14914166721636224
2025-10-11 15:00:00,112385.93,111442.91,111955.27,-0.20822129916613225,-1.5146375537277492,-0.0020950611449214174,0.543318275322446,0.13794974924031533,0.44553389816307154,0.1708327193834649,0.15681698995745666
2025-10-11 19:00:00,112025.4,109561.59,111043.27,0.3521583550986086,-1.5020384499146502,-0.01079964455189808,0.6013775412852432,1.362367906764909,0.4418540634305093,0.0964193093634422,0.1665903423897338
2025-10-11 23:00:00,111114.46,109565.06,110119.02,0.1682723660834942,-2.512372559986463,-0.004930627268182053,0.35753194784847553,1.0246172884369895,0.490564547860051,0.06281243040384961,0.17376473302299872
2025-10-12 03:00:00,112125.51,110002.2,111686.01,0.048207428814240415,-2.466469502804417,0.009860873181786634,0.7930118541296699,0.6693068901705262,0.5379606289149357,0.12969219586016453,0.17037188816244556
2025-10-12 07:00:00,112026.63,111139.87,111651.64,-0.2721957721740388,-0.7264470259995034,0.003073706260434017,0.577123460681839,0.1105466440789919,0.5551305516704804,0.15074467644312362,0.17066830641990033
2025-10-12 11:00:00,112990.9,111177.75,112338.1,0.6603243213149029,-0.7201697239278934,0.00296351955332419,0.6399635992574304,0.9078500668600317,0.5320506047266444,0.17110485381754173,0.16602711645390095
2025-10-12 15:00:00,114700.0,112078.0,113878.93,1.6061807968782391,-4.522417391177144,0.014643373810139027,0.6868535469081329,2.2025406285513265,0.5417538135098676,0.2720069168801463,0.1561558961409911
2025-10-12 19:00:00,115770.0,113826.65,115221.4,0.5550631526179202,-4.320476579790703,0.012418036592040327,0.7177039647993511,1.2898157289376793,0.4869950850768756,0.3588280112465263,0.14697662051676114
2025-10-12 23:00:00,115963.81,114733.65,115319.97,0.20986115771337552,-2.400839617021724,0.0021881860368366812,0.47662092735517264,1.2748808252857273,0.5305957834896499,0.3743167636216381,0.14009879246101858
2025-10-13 03:00:00,115613.7,114398.24,115221.22,-0.037765086038310025,-2.359612812551765,-0.003619514361679177,0.6770934460971406,0.5695341541745552,0.40158244199759036,0.3486405028812527,0.12915245310067258
2025-10-13 07:00:00,115554.83,114740.34,114810.62,-0.01019368612693119,-0.6632120966326034,0.0026904415216129074,0.08628712445718856,0.42291920489792845,0.4198571817035067,0.36765698778931966,0.11856653155870893
2025-10-13 11:00:00,115530.0,113616.5,114036.63,0.6940619791902006,-0.6654401177763767,-0.00541253543668152,0.21956101384782287,2.2169532756599994,0.4632180351935712,0.3292973662314978,0.10429747607690575
2025-10-13 15:00:00,115377.48,113968.02,115160.63,-0.03253962081349577,-1.9115224269782638,0.0009620688466127625,0.8461467512320648,1.0425208333763354,0.5256950178748282,0.3360788182625648,0.08389712099835359
2025-10-13 19:00:00,115891.3,115070.0,115507.19,-0.39310332780734075,-1.8870345756262943,0.00853059064099071,0.532314623151927,0.02205468994460243,0.5590482468765006,0.39626728285566126,0.06470771863069207
2025-10-13 23:00:00,115507.2,113647.05,113647.05,-0.1740980600995761,-2.2987036976114923,-0.00807379458080748,0.0,0.3941309275830458,0.3591949637114366,0.3388158408126977,0.05772780151658797
2025-10-14 03:00:00,113700.0,111355.01,111987.38,0.5782578848632629,-2.261732262990523,-0.015946249835457338,0.2696685273699725,1.352757138257303,0.418984983597977,0.22626178052028614,0.0592582382100887
2025-10-14 07:00:00,112194.0,110012.24,110623.58,0.41405434920556156,-1.0554560085951632,-0.01346462453999997,0.28020497213130496,1.552281083048866,0.4578285183623144,0.13273937460308177,0.06335432820252626
2025-10-14 11:00:00,112200.0,109866.0,111435.21,0.7975910689756849,-1.0526915525190388,-0.0018760138795506087,0.6723264781462225,2.384185191294721,0.5170371250059408,0.11988443225691144,0.0637186936489122
2025-10-14 15:00:00,113450.0,111062.15,112861.36,0.9055395948683231,-2.330886267994504,0.012928650924041385,0.7534853529293998,2.0971514853813624,0.5125355978820668,0.20830876432344508,0.06250562011183954
2025-10-14 19:00:00,113577.0,112021.59,113211.87,-0.07078197360687963,-2.2946432862349475,0.0028893816660429117,0.7652516056810382,0.43330900093893027,0.4703122477354613,0.2283259190678707,0.06172614664404894
2025-10-14 23:00:00,113612.35,112326.26,112809.94,-0.10123452355069888,-2.476268506949558,0.0006060644122405368,0.3760856549667928,0.5615598375881767,0.3803383631513528,0.2325367640166268,0.06128098117694898
2025-10-15 03:00:00,112866.77,111746.76,112460.47,-0.1003398175169209,-2.4313876596452118,-0.0063646656524547485,0.6372353818212589,0.43313482080274507,0.4313594868657703,0.18828921775968582,0.059264110610543985
2025-10-15 07:00:00,113520.88,112072.86,112266.71,0.03895197123818726,-0.168560048864649,0.004290212441533159,0.13387246032421277,0.24264604808688112,0.49399860856413425,0.21792520659810632,0.05415812055312424
2025-10-15 11:00:00,112600.0,110725.4,111059.76,0.4300555778959153,-0.16318793593514538,-0.009972469462172007,0.1783633841876752,1.1562938112068528,0.45722833415044545,0.14874170013169188,0.056224860561227816
2025-10-15 15:00:00,111588.69,110164.0,111444.76,0.19135830941727716,-1.0595578232802412,-0.006942351508336109,0.8989745137475542,1.1004643594688983,0.4920478308861582,0.10105978113646409,0.056460101764660674
2025-10-15 19:00:00,111557.7,110500.0,110667.97,-0.2781020441150133,-1.0505732303770259,0.002587960846187398,0.15880684503962708,0.22785612706492145,0.45396458175294335,0.11871118649534047,0.06023090514576113
2025-10-15 23:00:00,111562.24,110361.0,111510.43,-0.33275276617018457,-1.7431379989549374,-0.0017140216942052033,0.9568695681049744,0.20509779847451923,0.4171607219459856,0.10699030198575316,0.0609128392997718
2025-10-16 03:00:00,111867.17,110750.0,111666.83,-0.28969757491250225,-1.7224861176301738,0.0037048588480106392,0.8206718762514179,-0.00852004603410871,0.50421627885524,0.13228157616780165,0.05894445386823081
2025-10-16 07:00:00,111773.7,109635.15,111469.63,0.4338447540726938,-1.5855915742599545,-0.004172242587082042,0.857814874560534,0.6253036192610304,0.4199616533885439,0.10369417858896417,0.05630900833047303
2025-10-16 11:00:00,111982.45,109728.0,110529.34,0.3065394058708686,-1.5705187866276895,0.0010958851262874436,0.35544811372904395,0.959479731113942,0.4571772555345938,0.11117164257553493,0.055055264603019634
2025-10-16 15:00:00,110727.35,107577.57,108656.19,1.5300631221769059,-1.7337727093563455,-0.020828311300576496,0.34244296426943194,2.506828194078764,0.4336304380014216,0.0,0.06031497014399807
2025-10-16 19:00:00,108751.02,107427.0,107798.85,-0.0735157513978002,-1.7154220698296596,-0.005441742958716023,0.2808492318825971,0.8174468718177453,0.4211949525715614,0.0,0.0683347019492736
2025-10-16 23:00:00,109115.08,107736.56,108972.97,-0.4323330500194303,-1.0702949488547318,0.004583087384359086,0.8969111800996945,0.1564784255670755,0.5206626419887782,0.028559168556440296,0.06506665750702391
2025-10-17 03:00:00,109240.0,106639.79,106741.28,0.14942588147339944,-1.0611410054545118,-0.006015656381378021,0.03903146284323754,0.43177967596457095,0.43889922906296513,0.0,0.06821696333554898
2025-10-17 07:00:00,106901.85,103528.23,104751.99,2.385353310530503,-1.1333064359586595,-0.025410865378054148,0.36274387749550285,2.87600668906429,0.441992072524785,0.0,0.08432600309667711
2025-10-17 11:00:00,106651.22,104533.21,105163.42,1.1867287096982893,-1.1237254933402094,0.004114533301928569,0.29754817021497443,2.446351454210571,0.5168149139044277,0.021376898100860017,0.09502727721334947
2025-10-17 15:00:00,107575.6,105087.29,106647.11,0.32323588283495786,-1.0357306250511447,0.008381999280995922,0.6268591935867037,1.5296328225343543,0.5128390566004808,0.06510443123643339,0.09851582199396909
2025-10-17 19:00:00,107440.02,106233.65,107000.1,-0.5449580340727641,-1.0278451773541621,0.0042945877913853625,0.6353357593388861,0.011924904464750528,0.46939412427705723,0.08769639214559277,0.10074163613316751
2025-10-17 23:00:00,107306.06,106322.2,106597.98,-0.4686353073960374,-2.0530733232570157,-0.0011154735336635913,0.2803041083052422,-0.2382175476277494,0.41607997539422603,0.08180316968427132,0.10111383530906168
2025-10-18 03:00:00,107126.55,106439.38,106839.96,-0.43056862759361664,-2.027429609893907,-0.0003100165647885733,0.5829416301558178,-0.4962217543336498,0.39989272246474916,0.08016713031481569,0.09798291188190301
2025-10-18 07:00:00,107499.0,106605.93,106924.47,-0.23836236576687403,-2.3441489510884828,0.001340155097947049,0.3566797675394301,-0.2652198532236347,0.4159860839242351,0.08723729050828259,0.09447329949718776
2025-10-18 11:00:00,107300.0,106739.33,107028.36,-0.6536182181081298,-2.3046616155465465,0.00042022618207160356,0.5155082312141628,-0.4473532471991922,0.49032772486080484,0.08945721872338774,0.09039771300075747
2025-10-18 15:00:00,107146.18,106484.0,106843.75,-0.7415426291042241,-1.6810698645075213,-0.0013560894660161749,0.5432812830266257,-0.5531696162070169,0.44801790231524474,0.08229039653537945,0.08600470242341766
2025-10-18 19:00:00,107339.03,106762.83,107125.87,-0.7997520735053694,-1.6627245273785274,0.0024955577592802314,0.6300590072781931,-0.6288743453262167,0.508293782782694,0.09546133046825053,0.08312779469723375
2025-10-18 23:00:00,107267.2,106734.17,106847.02,-0.794914692462898,-1.1515544556692126,-0.0009427863559789973,0.21171416242592148,-0.6067542408580304,0.49298467242036853,0.09047312090180742,0.07899191504394149
2025-10-19 03:00:00,107367.16,106558.61,106777.75,-0.6450859021590036,-1.14352748187563,-0.0002380493091364011,0.2710283841411024,-0.5470139077631215,0.3559875534491253,0.08921480789004707,0.07596259295417467
2025-10-19 07:00:00,108213.04,106103.36,107882.71,-0.00024161026884407803,-0.4950419981892794,0.001278968331597241,0.8434217511620613,0.3654542326484064,0.4928892921880764,0.09597374113898956,0.0678725585802297
2025-10-19 11:00:00,108508.0,107355.02,108405.47,-0.028426820733001963,-0.4905304397647296,0.007477748058072775,0.9110739128093204,0.32345698197364753,0.42105623988920576,0.13554175844831595,0.058239095964970275
2025-10-19 15:00:00,109450.07,108240.0,109383.01,-0.39970662042463956,-0.2086135225493792,0.008873368262215742,0.9445817184051687,-0.06971423696893457,0.5612265754888855,0.18284571085077328,0.049416204043107675
2025-10-19 19:00:00,109383.01,108620.0,109146.8,-0.5106861651824138,-0.20762851710563043,0.0010183459972497033,0.6904234544673101,-0.3172359376932104,0.4194664584224075,0.1883226881591275,0.0442568591820304
2025-10-19 23:00:00,109146.8,107402.52,108767.02,-0.31997121907921633,-1.2931643368214982,-0.0070402074789085445,0.7822711949871456,0.23936171171059556,0.4647714528506128,0.15041973260837363,0.04466505715216074
2025-10-20 03:00:00,111377.34,108571.59,111298.55,0.028879744722481504,-1.280924662907165,0.02060625170887409,0.9719183818908624,0.4842661349210956,0.5570505643928674,0.2605783005840753,0.05424048546271076
2025-10-20 07:00:00,111679.25,110612.0,110731.78,-0.1464255293193212,-0.9469421776326157,0.005649617980769239,0.11223237292000611,-0.06416417916275503,0.4277475716606005,0.2914028394154609,0.05949976425539982
2025-10-20 11:00:00,111395.84,110588.23,111210.86,-0.3349456444039424,-0.9486798018517276,-0.001102608538964489,0.7709538019493254,0.18809563743294824,0.4877471242603915,0.28535297628027567,0.06567088178897719
2025-10-20 15:00:00,111705.56,109855.83,110937.92,0.011953808644963256,-0.803418183377995,-0.001332499714954083,0.5849988917269812,0.5860572611704096,0.4594808007559562,0.2780497929608977,0.06532649108286734
2025-10-20 19:00:00,111272.0,110418.25,110794.08,-0.6266753735409913,-0.8002095347644654,0.0005847246316492694,0.4402108345482865,-0.2929144707417084,0.48206571242600155,0.2812502896564726,0.06397826893268119
2025-10-20 23:00:00,110828.75,109303.86,109514.92,-0.4802932573888981,-1.9889860988043224,-0.0077501453939957665,0.13840998367004417,-0.11119621687912215,0.39476600488930236,0.23880497937854497,0.06362673775222114
2025-10-21 03:00:00,109620.31,107473.72,107909.79,0.12428828987434094,-1.9633272333027139,-0.017039357636137398,0.20314545395159844,0.586100143790383,0.48165682834945134,0.14620857456340988,0.06347295771790616
2025-10-21 07:00:00,108811.47,107484.22,108499.56,-0.24696327463995676,-0.2823665246859384,-0.001583584147693995,0.7649952910094908,-0.11217681985639175,0.5169778202627049,0.13774959099597764,0.06082967253524696
2025-10-21 11:00:00,112290.31,107922.06,112170.52,0.5059214962542197,-0.277210570012446,0.016045627742667712,0.9725771189813497,1.0961249524858403,0.538567247817547,0.22332430592235414,0.06310166686707001
2025-10-21 15:00:00,114000.0,111324.29,111990.55,2.2999061512198957,-1.287042350196962,0.02678541657473943,0.24900306834354907,1.6497179410972156,0.4200232585181797,0.36846873286217563,0.06542884897607706
2025-10-21 19:00:00,112200.0,108271.68,109066.98,0.19699904621688868,-1.2755683722442577,-0.02101669109112958,0.20245295698873234,0.5960927423218823,0.44447953418781244,0.2515333363403543,0.06462809927576729
2025-10-21 23:00:00,109423.19,107841.2,108198.85,0.20414017327990666,-1.6247986729076882,-0.016998109003404926,0.22607601817821024,0.6340692920221045,0.43813727958377885,0.1589447295756972,0.062429951558741315
2025-10-22 03:00:00,108638.99,107860.92,107980.02,-0.10585787923559078,-1.6083840400476714,-0.0018677040379426746,0.15307106044247182,-0.0868901952903305,0.47781656090633373,0.1489442840117822,0.060754050883544373
2025-10-22 07:00:00,108358.76,107610.0,107657.98,-0.38989568701493943,-0.1936650358466576,-0.0015043146058284496,0.06407927773833468,-0.17115315159912622,0.48604194957081015,0.14090461679200644,0.05882665991513724
2025-10-22 11:00:00,109014.34,106708.18,108947.5,0.9441367970599313,-0.19024306126088392,-0.0004038274600618452,0.9710167551211943,1.4887426715773542,0.520983520437048,0.13874964574074497,0.053704000976626684
2025-10-22 15:00:00,109163.88,107463.29,108023.33,0.16993974436813752,0.5046397957311255,0.002707818661913608,0.3293210003567652,1.2019232519560148,0.45536060097284436,0.15319372139869572,0.05386751186394736
2025-10-22 19:00:00,108411.61,106666.69,107196.82,-0.06778570661379091,0.5080327058620453,-0.007226130786590734,0.30381335533833476,0.2689220808481018,0.4421246784826436,0.11454364144896673,0.056989907370690006
2025-10-22 23:00:00,108500.0,107169.69,108410.29,-0.473819645525806,1.1903330843226363,0.004688736173174224,0.9325645902012824,-0.2959185495590771,0.5521496530521302,0.13944085319983343,0.05702864868582105
2025-10-23 03:00:00,110298.29,108323.59,110246.94,-0.3578899233825568,1.188734708361839,0.011383479609965885,0.9739960500279885,-0.2551785196119231,0.5783577287072779,0.20017060187327662,0.056412849894256295
2025-10-23 07:00:00,110273.48,109123.01,109439.2,-0.4250617533610959,-0.14033242145744043,0.0032535473465415965,0.274835502009834,-0.1911900843448817,0.4302191795558131,0.2177255453850776,0.05650277022060991
2025-10-23 11:00:00,109851.62,108685.72,109594.9,-0.13346958804191544,-0.14199800183867764,-0.003205738316381379,0.7798095891518995,0.3929458388616117,0.4520630779401927,0.2003722852414728,0.05431267073139347
2025-10-23 15:00:00,111293.61,109486.38,110571.66,-0.07159705792306108,0.12947460956967938,0.010496387435068089,0.600521239683934,0.4461876337184739,0.49375110842556413,0.25700904397283914,0.053580391443158085
2025-10-23 19:00:00,110619.9,109341.28,109943.94,-0.6013209965621957,0.1325637760667203,-0.004081281460170172,0.4713362844279711,-0.32909109215189347,0.4408563418128837,0.23475597827919567,0.0518989882392448
2025-10-23 23:00:00,110829.67,109839.0,110570.12,-0.6919216111036822,0.019761998095038966,0.003961250446747888,0.7380055921675397,-0.45092821718322806,0.5209109230776147,0.2562664284781218,0.050908954824429066
2025-10-24 03:00:00,111488.0,110274.85,111464.36,-0.49843066108016243,0.022726222329744344,0.006361797560644922,0.9805135391255784,-0.365254125382758,0.47569686218384744,0.290949215966974,0.05207379137742494
2025-10-24 07:00:00,111522.3,110680.01,111114.03,-0.5250663664252913,-0.31683285203479206,0.0007647231009113575,0.5152857091914269,-0.3155139274286939,0.44816227171806167,0.29514480074842103,0.05409374281374205
2025-10-24 11:00:00,112104.98,109700.01,110219.17,0.21545386142360207,-0.31224552364372166,-0.0026656453794351442,0.21586963662658767,0.6762859974942499,0.5139703116360431,0.28050879224869435,0.053216226392782624
2025-10-24 15:00:00,110639.04,109797.13,110619.39,-0.5987208871935149,0.0018949172998539395,-0.005045820890315578,0.9766602130753156,-0.2067377266129419,0.4982697565693703,0.2528780284982353,0.05286151106468789
2025-10-24 19:00:00,111138.62,110478.0,111023.01,-0.5819262234463021,0.006925192480279844,0.005214980524096857,0.8249977293932195,-0.6125188581326798,0.5339515802644937,0.2812910114313103,0.049675603226466074
2025-10-24 23:00:00,111226.67,110672.86,111025.77,-0.8662847592739594,0.39591033101794315,0.0009103539991319742,0.6372402087243505,-0.8606089742637174,0.40990029488293367,0.2862767947036174,0.04706029535585639
2025-10-25 03:00:00,111497.1,110998.21,111366.42,-0.7382346728606609,0.3974110888854945,0.0027139694587881014,0.7380584898326519,-0.857760135731966,0.5076960681530824,0.3011540641855561,0.048851483462649135
2025-10-25 07:00:00,111850.13,111366.43,111559.94,-0.6344178298985925,-0.36317104158518027,0.003170138554476898,0.4000620219061485,-0.6410832705475149,0.4888465405270055,0.31857909613409363,0.04929865716301417
2025-10-25 11:00:00,111943.19,111480.68,111591.19,-0.7542251913160253,-0.35985121726343056,0.0007371144654457762,0.23893537436513315,-0.7685324256918803,0.5189068587469263,0.3226435749948715,0.04851873652026178
2025-10-25 15:00:00,111731.78,111164.39,111719.98,-0.751252169177101,0.527699794719801,-0.0025151489779807745,0.9792030173076809,-0.8575632888709477,0.48687827052825255,0.30876471942518957,0.04589604900959068
2025-10-25 19:00:00,111720.0,111342.25,111621.69,-0.8613343315102114,0.532502060656174,0.0010411189872867599,0.7397485109003437,-0.9328141925101586,0.4167711856592225,0.3144952735337869,0.045878754328670904
2025-10-25 23:00:00,111899.56,111408.54,111448.85,-0.7732928520718587,-0.26213783970711124,0.0012520062610443805,0.08209441570443352,-0.7403818624199956,0.48668178520107025,0.32139377352899895,0.04217798640902188
2025-10-26 03:00:00,111686.65,111260.45,111635.95,-0.8332049228687292,-0.2598955502255077,-0.0016407010869894378,0.8810417644091791,-0.9229875296628798,0.4379632977051446,0.3123422635873025,0.03215508173236154
2025-10-26 07:00:00,112779.81,111620.02,112477.1,-0.4965660784020959,-0.5581730627301709,0.006741854235858158,0.7389958526911049,-0.5322596342471311,0.5714212280634413,0.349475071656915,0.028153260270565382
2025-10-26 11:00:00,114000.0,112430.56,113575.36,-0.02073769923831759,-0.5591845866508951,0.011246673313932698,0.7294321541395065,0.17467969698599964,0.5299971764181838,0.41183715838133966,0.03396133995845888
2025-10-26 15:00:00,113793.93,113290.62,113575.15,-0.6105488165941328,0.8203151638799908,0.0005503478800121808,0.5653175974932884,-0.6160427770016972,0.48854275884783344,0.4149231231420706,0.03607915031387701
2025-10-26 19:00:00,115466.8,112901.0,114681.33,-0.18433460401587998,0.8145356844889567,0.00636816194172285,0.6938693584819787,-0.20493072681312566,0.518996486074902,0.4506509590278021,0.04142971721739612
2025-10-26 23:00:00,115445.39,114362.26,114883.39,-0.2022081217266739,1.474899293584725,0.005572391392584475,0.4811333819534046,-0.07646693366635526,0.4941852787844412,0.4821133057899113,0.04771627468930822
2025-10-27 03:00:00,116129.5,114829.48,116053.49,-0.1454269693667736,1.463894411900046,0.0051695120766557245,0.9415316687363197,-0.3103402399921829,0.49856589807309126,0.5114635957317705,0.05500767066294228
2025-10-27 07:00:00,116400.0,114814.69,115447.94,0.2679649588158235,1.4510210861342119,-0.00026359464778447084,0.39944868826665225,0.0637188616821593,0.4699315076386049,0.5099592809019357,0.059463085042565055
2025-10-27 11:00:00,115528.74,114503.99,114810.05,-0.08296720961905196,1.438351365127936,-0.0033313098880061176,0.29866796779410687,0.1480269385284632,0.5406808312070924,0.49095275725925364,0.06223993450838854
2025-10-27 15:00:00,115790.0,114778.0,115342.19,-0.30065828443184406,0.8566941890164553,0.0012868962694436714,0.5574999999944934,0.005247591491547085,0.6161346762856321,0.49827058215941344,0.06449247752840497
2025-10-27 19:00:00,115342.19,114059.4,114112.51,-0.5033386712578379,0.8492941302637079,-0.005526120911343746,0.041401944199429545,-0.3618208445938304,0.48396594996955755,0.4668063319285781,0.06256479456179641
2025-10-27 23:00:00,114547.2,113569.91,113936.94,-0.4284768457201625,0.5783662232632625,-0.004767326233218294,0.37555894360552716,-0.2708618448053428,0.46745015968410397,0.4398124554135653,0.06008994274953904
2025-10-28 03:00:00,114186.01,113483.3,114115.52,-0.5066184956544376,0.5723337629737413,-0.0018224814566262237,0.8996883493774268,-0.35760294236174,0.4810866012776132,0.4295422736848184,0.057952981817982564
2025-10-28 07:00:00,114634.46,114091.51,114595.71,-0.6298841571983471,0.937842059195342,0.004244730527029672,0.9286306289542583,-0.6034463505258183,0.6291477906690756,0.4534188976179942,0.05557809598763246
2025-10-28 11:00:00,116086.0,114138.06,115068.17,-0.13975102169568784,0.930888211435424,0.0061779099872203425,0.4774839060726843,0.22056684273441343,0.5318549400833781,0.4883171703515143,0.05404666449210795
2025-10-28 15:00:00,115591.41,114516.0,115022.8,-0.4493262810512761,-0.10841930857394172,0.00044796026096705077,0.471262123278832,0.15943466183489768,0.47703658975770846,0.49086327719080863,0.05237908841990698
2025-10-28 19:00:00,115075.08,112211.0,113224.08,-0.06358904273580564,-0.10883964182517684,-0.016498305860710993,0.35371916985435603,0.49164665053833945,0.4627038119871649,0.3970485568447868,0.05026960058767478
2025-10-28 23:00:00,113224.08,112100.0,112666.75,-0.4822479319116354,-0.7569089068554099,-0.0050793148444358005,0.5041900932273123,-0.24626984589049203,0.48898071365302004,0.36864243905057104,0.048361486407813147
2025-10-29 03:00:00,113379.0,112339.77,113284.2,-0.5847728003590502,-0.7523217698625619,0.002704372059433302,0.9087786149273106,-0.44795604165301783,0.5383947603114514,0.38368984545110424,0.04455780181080383
2025-10-29 07:00:00,113624.12,112732.91,112870.01,-0.44729281351883626,0.02998995688505166,0.0019044488598831677,0.15383579627523722,-0.3189072369218669,0.5339482295128999,0.3943150532869649,0.040594486595296644
2025-10-29 11:00:00,113643.73,112234.74,112488.44,-0.2878418439186292,0.03298600157058876,-0.0020815361094832507,0.18005805576916672,0.05348169966881497,0.4801543005673099,0.38267973218467505,0.03780203938693372
2025-10-29 15:00:00,112564.31,109200.0,110806.38,1.914769540500119,0.3351423496520842,-0.016196628407029734,0.47747680802162434,1.4129877173186127,0.4848857533679295,0.2923326564040935,0.04504620344158819
2025-10-29 19:00:00,111800.0,110157.03,111028.2,-0.4006707776181166,0.33202129448174383,1.6745379416871486e-05,0.5302409660521465,0.10107227597208152,0.5101404937023832,0.2924245515942772,0.050986674265624865
2025-10-29 23:00:00,111077.76,109703.43,110985.92,-0.374513201747221,-0.5069731248267777,-0.0058667406997817695,0.933174710579462,0.07534928532663007,0.47788801053804386,0.26022854893588865,0.05614506129401362
2025-10-30 03:00:00,110985.93,107925.06,110768.01,1.094710663779027,-0.5031857878549012,-0.00839887446036125,0.9288045555645008,1.3006600661331618,0.4691849948663364,0.2144068956917812,0.060615974860811744
2025-10-30 07:00:00,111592.0,109829.54,110105.75,-0.1911125605516691,0.007409204459705928,0.011864413597710621,0.1567184503469232,-0.028227087084078954,0.5030782746895147,0.27859180821483454,0.06600620639938437
2025-10-30 11:00:00,110144.25,107400.0,108285.54,0.9602555032207706,0.010906877197618577,-0.02127946241035572,0.3226892593593028,1.2620774168069762,0.43931459302437176,0.1621069031256878,0.07476673962756944
2025-10-30 15:00:00,108350.44,106791.78,106837.09,0.08946789267943027,0.0387921380422781,-0.008524574983567734,0.029069842043618798,0.8082963537421629,0.4608997550851143,0.11643591215368315,0.08811055131336448
2025-10-30 19:00:00,107950.0,106304.34,107912.81,0.03904061754582263,0.042256457957284346,-0.0036163955490106092,0.9774011642685755,0.5866907440730076,0.5548329889972726,0.09722599110282866,0.09268701637032417
2025-10-30 23:00:00,110042.16,107600.01,108857.99,0.16582085278371303,-0.6773842978299887,0.01777062016104236,0.5151116843743647,0.4024553332934234,0.49536374838093733,0.1912803246973516,0.09143308628263519
2025-10-31 03:00:00,110215.0,108613.11,109650.0,-0.12301585601567548,-0.6708891579266594,0.00533058101976458,0.6472916367500433,-0.023477682180319436,0.5260681808069203,0.21999478679435108,0.09027485140586437
2025-10-31 07:00:00,110450.0,109214.13,109819.2,-0.3975037499162493,1.4445853215342481,0.0013044657846719154,0.4895903290759537,0.07480601708123491,0.5366010051293355,0.2270590638294627,0.0889945503682113
2025-10-31 11:00:00,111054.61,109366.91,110790.14,0.686618771243362,1.434754737047096,0.0033436074424884055,0.8432956094042576,0.9178596432591728,0.5005169408312239,0.24518984291999119,0.08527867879485908
2025-10-31 15:00:00,111190.0,108635.0,109452.35,0.4006071624206167,1.4258738248804441,-0.0032246551489616415,0.3199021526406289,0.931554842521941,0.46084294091308925,0.22764561954065624,0.08246861635745606
2025-10-31 19:00:00,110237.66,109114.52,109580.09,-0.7075920636537207,1.417095636817424,-0.000488694141917656,0.4145253485726156,-0.28285410973776964,0.5091000682155155,0.2249953790099718,0.07521584811913061
2025-10-31 23:00:00,110048.0,109394.81,109790.27,-1.0971797432053891,1.4062413252316737,-0.0006181474469358905,0.6054287420106718,-0.7302984804689653,0.4366153592576701,0.22164473761824868,0.06563852636810145
2025-11-01 03:00:00,110564.49,109789.17,110004.82,-0.8885226454691363,1.3955360333170035,0.004789334118227684,0.27814321828048466,-0.5745641482123618,0.5493341139161503,0.24758906787775067,0.06114232901325463
2025-11-01 07:00:00,110270.9,109854.72,110147.83,-0.9848666571160355,1.3817433218234576,-0.0005257593884591127,0.7042866067397824,-0.7343090541339214,0.433273552562761,0.24472733310080713,0.057612468335921124
2025-11-01 11:00:00,110238.78,109702.66,109933.85,-1.0283401707221225,1.368171467228171,-0.0012263118098241321,0.43122808325690526,-0.7317991370652375,0.3755577315594338,0.23805596566257142,0.051211925172182336
2025-11-01 15:00:00,110529.99,109910.22,110341.27,-0.7469449095268303,1.3099609573682678,0.0026537891432290017,0.6954999435162158,-0.6218727944158926,0.45045424072109985,0.2524753745099609,0.0449617860526491
2025-11-01 19:00:00,110516.17,109858.44,110092.78,-1.1054747165497103,1.2978847838570593,-0.0006359335702568192,0.35628601401249005,-0.85875084811099,0.5350744731830094,0.2490108487575288,0.039254879852211724
2025-11-01 23:00:00,110263.91,109879.39,110015.77,-1.0914422394232957,0.9693634043776488,-0.001615487533133786,0.3546759596287747,-0.8226445376977879,0.47412033633862455,0.2402153720482452,0.03833077442647842
2025-11-02 03:00:00,110784.13,109962.06,110663.89,0.09740911402206351,0.9720197153550459,0.00317004716882896,0.8537350833766691,-0.5498757172494765,0.4694524194838298,0.2574467231565537,0.037352571714244
2025-11-02 07:00:00,111045.09,110346.15,110492.0,-0.2824827188110028,0.9548810383351044,0.0032743197374665023,0.20867313359933415,-0.4775156859076627,0.5237142106304116,0.2753012871757053,0.03644235391290447
2025-11-02 11:00:00,111250.01,110173.84,110422.24,-0.6140014846960846,0.9482906084172362,3.718451392420441e-05,0.2308185509702937,-0.15767144639403072,0.492715190295503,0.27550471481935634,0.035853368276428293
2025-11-02 15:00:00,110566.86,109735.59,110331.0,-0.8483172484848406,0.42111449538437906,-0.005527774632162807,0.7162654733033045,-0.48179912510144995,0.4451076703329115,0.24526244825613897,0.03612234647258001
2025-11-02 19:00:00,110331.0,109471.34,109899.99,-0.9525802521233201,0.41978073402730903,-0.0018742353644510823,0.49862736430102683,-0.7631635631937372,0.48301727158939506,0.23506525159795016,0.03429002811518865
2025-11-02 23:00:00,110750.0,108666.66,109033.83,-0.0966778999760794,0.5185680511731919,-0.002110661698931482,0.17624103602783822,0.38608955794524324,0.45023986913832986,0.22360324742456686,0.024743039867004345
2025-11-03 03:00:00,109155.74,107006.05,107494.23,0.5080863399212822,0.5206231024510728,-0.016569606899865752,0.227093208787184,0.8410899473241998,0.4146084250515519,0.13381147986806347,0.027584564596160203
2025-11-03 07:00:00,107912.86,106726.63,106974.99,0.11208973811562986,0.6724722929738437,-0.004774058712616047,0.20936917798226967,0.23195600121886376,0.36772693157981207,0.10836921922832504,0.03589589417756881
2025-11-03 11:00:00,108333.0,106963.0,108059.99,-0.09655319540453386,0.6662678089051486,0.0038291933448406645,0.8007226277313855,0.40875034904777996,0.49974047830125756,0.12867861134814226,0.03818522584674511
2025-11-03 15:00:00,108148.81,105306.56,106961.62,2.9802517963456316,0.3451195224393959,-0.011493024124114015,0.5823062714378309,2.3153298470881905,0.46650082379606206,0.0674881441271612,0.04466755032803117
2025-11-03 19:00:00,107395.25,105755.59,106489.95,0.14151852389204847,0.3432503513848933,0.001394498910263442,0.447873339592062,0.9038047642874936,0.49091261065456315,0.07482732124370349,0.05008874248027311
2025-11-03 23:00:00,107298.74,105852.37,106482.6,0.11908815087245896,1.3163368719051876,-0.00046648390861347977,0.4357322123631221,0.6336008066883725,0.4739430266465901,0.07236881645767472,0.05539237613008648
2025-11-04 03:00:00,107299.0,104200.0,104766.14,1.644565088310209,1.3113958064749067,-0.010973347459862448,0.18268473701134966,1.015773089851704,0.458723170769474,0.014563087395380302,0.06744577436493225
2025-11-04 07:00:00,104997.64,103605.0,103816.39,1.0908814605538824,0.4350254017749798,-0.012341828944970157,0.15179084328935089,0.7683162780634561,0.43596310257667115,0.0,0.08043024463856792
2025-11-04 11:00:00,104699.07,102915.05,104500.01,1.1471921506914842,0.4325299850254534,-0.0024521695417398792,0.8884205333971055,0.8183646529543189,0.4690557152038547,0.0,0.08619726070488666
2025-11-04 15:00:00,104842.63,100010.73,101363.98,4.010614169033211,0.5415891637783633,-0.018366527666677457,0.2800658126197142,2.8201031143038695,0.43029474621820585,0.0,0.10634841027557548
2025-11-04 19:00:00,101893.09,98944.36,101295.71,3.277446467671557,0.54004822306557,-0.015758415802569203,0.7974110888389357,2.1627512262046222,0.48695410578813036,0.0,0.11945229590611499
2025-11-04 23:00:00,101922.98,98966.8,101677.93,2.3716048703049664,0.7026925004985827,0.0043739720208371136,0.9171058595859608,1.3889883118061614,0.5372076194012653,0.01754993578244744,0.12619093786357316
2025-11-05 03:00:00,102370.0,101461.98,102119.99,1.307197536660707,0.7003365444734855,0.011077544355347468,0.7246646549555733,0.46496255686681903,0.6038309659197274,0.06219140488056161,0.12936123430634008
2025-11-05 07:00:00,102203.48,101176.47,101401.97,-0.05443904246057363,-0.19353280313326027,-0.0019766319042751057,0.21956942970156618,0.2481152030536079,0.4767084848062412,0.05413752317369479,0.1341135885026339
2025-11-05 11:00:00,103470.0,101381.68,103202.3,0.7327045325666234,-0.19403735651482218,0.007999438069021148,0.8718108335845492,0.605491711068719,0.544902789817429,0.08666719157561069,0.12764781069416573
2025-11-05 15:00:00,104429.75,102829.51,104347.4,1.1665119908891786,-0.198655498256934,0.010881596726517895,0.948538969148696,0.8766193409619216,0.5279178799215586,0.13127111613563508,0.11954189424925571
2025-11-05 19:00:00,104534.74,103305.05,103706.55,-0.231178200892216,-0.20015917950453369,0.0021348951506334757,0.32650505411667513,-0.16492078965531806,0.49180824143061724,0.14011732698776502,0.11260293044745315
2025-11-05 23:00:00,104100.0,102716.26,103321.81,0.028501614567998188,0.03934036272788484,-0.0047682917038405215,0.437618338702086,-0.08115673887854537,0.44556267799353694,0.1203171197099485,0.10381570377854209
2025-11-06 03:00:00,104200.0,103006.17,103318.75,-0.34544138802701685,0.03571460691819392,0.00202353241041231,0.2618295737227101,-0.2798345635359182,0.5227313888753136,0.12867971905132455,0.0936822143250121
2025-11-06 07:00:00,103561.94,102651.63,103122.54,-0.18506995683912306,0.8491080620180442,-0.005055027309488924,0.5173072909171789,-0.138552585128582,0.4559100868803076,0.10774666704946663,0.08490971814082043
2025-11-06 11:00:00,103626.46,102044.63,102125.0,0.2298600064659112,0.8427669033661069,-0.002187580227506758,0.050808241087529744,0.30171576005087697,0.4810935240404931,0.0987336104689322,0.08200402634598754
2025-11-06 15:00:00,102932.94,100300.95,101722.13,1.8108191709032717,0.13248259566999862,-0.011988382872223147,0.5399640576121509,1.7978561442416503,0.4608100976765674,0.049448286245939235,0.07954474113033373
2025-11-06 19:00:00,101999.44,100541.17,101415.05,-0.21226709487745996,0.13383055151716472,-0.004224355194475726,0.5992580249158316,0.11521816772761022,0.48039612515133623,0.032289779408808214,0.0710301658109424
2025-11-06 23:00:00,101928.99,100749.94,101905.11,0.11069313968618771,0.17578622783998532,0.0015872371712790656,0.979746405996521,0.18501783633311958,0.47375417635537115,0.0387095925871957,0.0633343074762789
2025-11-07 03:00:00,102527.0,101582.92,101819.1,-0.17351254350974915,0.17383132934833703,0.007725901256393719,0.25016947716030996,-0.3895290824896884,0.5213719016338378,0.07000773046250128,0.05597378977089983
2025-11-07 07:00:00,102050.0,100564.43,100770.85,0.34128638290000746,0.0735284474762785,-0.00790350282927732,0.138950032646474,-0.25812445704848846,0.47842257681648015,0.03774275192706382,0.04845512364935985
2025-11-07 11:00:00,100922.78,99260.86,100806.08,2.0675246171373196,0.07271919867424721,-0.011609599756341793,0.9297800134727936,1.3990641848235261,0.4567499707859692,0.0,0.046367002372624234
2025-11-07 15:00:00,102859.99,100353.45,102609.46,1.6827470586104396,0.9824843775104973,0.01402081470528782,0.9000494705813598,1.6493962322878946,0.5324163512626864,0.055610519831503336,0.043702295558001945
2025-11-07 19:00:00,104096.36,102481.75,103633.03,-0.06438285382003713,0.9756074004732973,0.018148564498150055,0.7130390620601063,0.11752245770346982,0.5440102986287664,0.12860211484196937,0.04041012606638693
2025-11-07 23:00:00,103759.36,102539.49,102846.65,-0.5347608046302094,0.8021671745482954,-0.002548758739399193,0.2517973226634577,-0.33516504258344937,0.45939788279814964,0.1181652404696592,0.040088089714326224
2025-11-08 03:00:00,103293.21,102092.26,102215.62,-0.6300069813849737,0.8059577546515817,-0.005405123032842907,0.10271868104331755,-0.5099854734343113,0.44872104999212253,0.09608829489261489,0.039168533506839506
2025-11-08 07:00:00,102687.72,101902.64,102480.04,-0.8220240723089793,-0.1742226518857238,-0.002091479286999154,0.7354664492696773,-0.9238160194054258,0.5346860656776926,0.08759192935096222,0.03849458582061272
2025-11-08 11:00:00,102630.14,101454.0,101827.19,-0.19684607416760078,-0.17005705747022448,-0.004393157100954448,0.31730066148318187,-0.4318897760571704,0.46244473532791824,0.06978261966184322,0.03902489007747733
2025-11-08 15:00:00,102219.39,101500.0,102139.53,-0.5745462661684495,-0.019640156177993594,-0.000632871706639837,0.8889892825742775,-0.5449031635489381,0.489429832729481,0.06722830788801461,0.03785457707916346
2025-11-08 19:00:00,102426.12,101522.08,102377.46,-1.0112094475893771,-0.013837068488769377,0.002354673093386772,0.9461749480006957,-0.9205793329079929,0.43368884891027554,0.07672590857424263,0.037158430438651066
2025-11-08 23:00:00,102482.2,101568.41,101633.25,-0.792627830412354,-1.1352187037958603,-0.0011244089911078836,0.07095722211808773,-0.5286440508052381,0.41630983883151446,0.07217991294057034,0.033481937270764144
2025-11-09 03:00:00,102130.61,101400.0,101752.83,-0.7678138569215794,-1.1252664554244987,-0.0022219132288263665,0.48292522685861433,-0.6244470105667953,0.5057567371535208,0.06320679864027191,0.031033377075967202
2025-11-09 07:00:00,102127.26,101500.0,101876.36,-0.8259807588670229,0.10706103298813908,0.0003185068305449068,0.6000063769314218,-0.8376865375485962,0.4805117847850712,0.06449021868337261,0.029271010776167512
2025-11-09 11:00:00,104041.25,101876.35,103037.9,0.19477056700237513,0.11291525529953444,0.011278594444488865,0.5365374844078831,-0.30402689263276733,0.5149884473428769,0.10995167577404705,0.028108906465735575
2025-11-09 15:00:00,104591.32,102972.55,104512.65,-0.17461031986995765,1.1252502695253572,0.00804244964845613,0.9514013726412482,-0.3913256945966975,0.5375791178764333,0.1427345883794778,0.033577368801861955
2025-11-09 19:00:00,105061.08,104058.59,104732.48,-0.07016448050029718,1.1276467793409424,0.007316351413663158,0.6722161817008386,-0.205699297584975,0.5052119435609121,0.17279760544875777,0.03998073549092351
2025-11-09 23:00:00,106670.11,104265.02,106006.69,1.3317985156271195,1.1136114977329474,0.01121685098764491,0.7241600106410817,0.6050278972577141,0.5367812974766207,0.2192250564817558,0.04992438136465424
2025-11-10 03:00:00,106473.73,105843.22,106221.88,-0.35098862726074387,1.116173435093355,0.004095518125305508,0.6005614502450414,-0.32135972195531476,0.48585761297901536,0.2363668808301461,0.057687846175197725
2025-11-10 07:00:00,106599.47,105836.0,105995.26,-0.2832937289509629,0.7978335748805853,0.0014685902755124935,0.20860020694710796,-0.48850584489225657,0.45717781746967007,0.24253885166238287,0.06331717258685604
2025-11-10 11:00:00,106589.89,104681.9,104898.15,0.10910833755969379,0.8025630809926079,-0.004070686227090725,0.11333916844368473,-0.020031148407627784,0.4640804216291175,0.22540605828053692,0.06513621688799506
2025-11-10 15:00:00,106094.31,104667.0,105478.0,0.4574105804601293,0.29917388847341236,-0.005217271862411832,0.5682017221166525,0.38421455612628974,0.5484247356553592,0.20353687659574618,0.06415960386387129
2025-11-10 19:00:00,106299.22,105280.0,106062.8,-0.356905341881825,0.30524731508790903,0.0045042745077621404,0.7680383037934122,-0.2899996314561959,0.5419765317530963,0.2223188902312128,0.06349051340103312
2025-11-10 23:00:00,107500.0,105500.0,106655.02,0.4570471464148424,-0.156907732333746,0.005751160306015857,0.5775099999971145,0.6170308188977751,0.5266783096389537,0.2464082114962726,0.0673350930802792
2025-11-11 03:00:00,107100.0,104888.0,105261.27,-0.09157833162378175,-0.15195203834885757,-0.0061422449221506525,0.16874773960140896,-0.04773640025500265,0.4453206131962463,0.2205328299347455,0.06928374166117776
2025-11-11 07:00:00,105485.71,104741.2,105176.38,-0.5474939665138956,-1.3536389074085442,-0.006124115119078288,0.5845186767056949,-0.3564228990842131,0.46164533747006553,0.19489228745178058,0.06947437501226754
2025-11-11 11:00:00,105500.0,103840.91,104560.16,1.4069824199439949,-1.3409499464658823,-0.005485823951872804,0.4335207854882293,0.27994689294473085,0.3157453253991673,0.17206481207119076,0.06808335808851106
2025-11-11 15:00:00,104560.15,102840.22,103401.07,0.2846724241601699,0.5275607286339542,-0.009797401138281536,0.3260888524514063,0.6547602226280409,0.5018940695566604,0.13151975793376433,0.06755233649537049
2025-11-11 19:00:00,103453.07,102476.09,103000.01,-0.3777604573888063,0.5337591739028366,-0.005647079574464864,0.5362648160603389,-0.14525163980314623,0.4877311691914552,0.10837913934907678,0.06530331396382466
2025-11-11 23:00:00,103413.09,102687.72,103151.66,-0.30567684001105316,-0.19395793470433914,0.002246002636835831,0.6395908294988893,-0.07061497414551066,0.5629846076898672,0.11753084138958907,0.06318759443306686
2025-11-12 03:00:00,103654.38,103011.0,103366.97,-0.7072619083087515,-0.1877782134263655,0.0024898151656691514,0.5532811091337402,-0.6674412313646378,0.5278515176428108,0.1276987831712255,0.06124645099724145
2025-11-12 07:00:00,105079.31,103051.59,104899.99,0.0534376069073014,-0.5724207951628224,0.00801691058360654,0.9115656994017379,-0.06671956421289446,0.48680350077804574,0.16051986952655686,0.055364784196575326
2025-11-12 11:00:00,105333.33,103604.57,103990.4,-0.18799699288859492,-0.5663330953678861,0.004700343190364498,0.22318309076896536,0.12798471533996925,0.5163400541412995,0.17991725956713236,0.05031225970574215
2025-11-12 15:00:00,104299.98,101300.0,101542.17,1.1638534689151199,0.565256823959975,-0.02370154442427541,0.08072387149220707,1.4018241574318608,0.46277683202022285,0.08164590853727538,0.05303752669138842
2025-11-12 19:00:00,101994.12,100813.59,101978.96,-0.4895234337227209,0.571371748022431,-0.007118033572010352,0.9871583102421282,-0.1071716941635398,0.4991215049199452,0.05283261425301772,0.05605945853608029
2025-11-12 23:00:00,102604.0,101465.77,102064.41,-0.4147234845642811,-0.4716141474927709,0.005678323055084311,0.5259393971295276,-0.07925156954636231,0.5706187576835913,0.07616650474574534,0.06008625232120133
2025-11-13 03:00:00,103679.0,100922.55,103590.74,0.308433349347769,-0.4670237536186683,0.004157955189244555,0.967980554695469,0.6689404990195312,0.4893273460903637,0.0952333294554162,0.05955105856316857
2025-11-13 07:00:00,104085.01,102553.63,102991.22,0.14015879532875042,1.3768031454910246,0.00841426997739858,0.285748801732517,0.00020002782740170873,0.43954902777672805,0.13277812391843127,0.05905549253005598
2025-11-13 11:00:00,103483.83,101699.91,102873.14,0.3558261459674929,1.378741920790111,-0.007540249049214909,0.6576696264369593,0.3784451752111367,0.481427540427703,0.1021321854982268,0.057213462142125644
2025-11-13 15:00:00,102999.98,98147.4,98591.78,3.527188980807053,0.956502029215454,-0.022961036188737016,0.09157602759750251,2.6140679281491854,0.4425787751473006,0.002656270342212512,0.07466995098833194
2025-11-13 19:00:00,99937.99,98000.4,99851.82,1.2542290248516725,0.9588692267243402,-0.014957080620194962,0.9555272271174227,1.6602170262720168,0.5084575582042775,0.0,0.08023631973769058
2025-11-13 23:00:00,100501.31,98700.0,99620.0,0.9058239836901448,1.2044162497004098,0.0068341974976444675,0.5107394063181206,1.2358263131441711,0.4240049417494997,0.027407895306906842,0.08480890082088868
2025-11-14 03:00:00,99649.87,95933.75,97569.13,2.2175694406693447,1.1993804247829372,-0.0188751783823764,0.4400772849088851,1.4906302654921408,0.412291949017677,0.0,0.09568616977959922
2025-11-14 07:00:00,97742.85,96668.73,96752.2,0.6038261816603541,1.3117569033475,-0.003417681357246294,0.07771012549735905,0.7300149923665857,0.5173849859059897,0.0,0.10323479030230558
2025-11-14 11:00:00,96945.61,94560.48,96542.38,3.6090995616641224,1.3003241565265886,-0.017035835072551686,0.8309400326152854,2.1872884394117698,0.44883067687273076,0.0,0.11146327270320501
2025-11-14 15:00:00,97411.11,95000.0,95075.53,0.920402164062736,1.2922748372825579,0.00923449579585811,0.03132582088734465,1.3053247508675212,0.4761782325087023,0.031725467285041394,0.12425777741918208
2025-11-14 19:00:00,95940.0,94201.77,95179.99,0.31975590743407706,1.2948375337051843,-0.0147784950148101,0.5627678730630445,0.6401417015244407,0.43969470850639736,0.0,0.1320593473167613
2025-11-14 23:00:00,96484.5,94012.45,96482.77,0.04523826466200164,1.1623671889802405,0.001530843821212935,0.9993001759632739,0.5305746453029418,0.5053175378271003,0.005129297286478611,0.1335348107810609
2025-11-15 03:00:00,96846.68,95921.21,96121.27,-0.30341834989046257,1.156390914656075,0.01230727468808257,0.2161712427175801,-0.11867488433389982,0.43200429654466005,0.04784927597328118,0.13737792177023464
2025-11-15 07:00:00,96372.68,95642.61,95952.13,-0.5549024505308686,1.4702129429665889,-0.0031818906447680373,0.42395934635825017,-0.2708316909079461,0.41958197198482083,0.03678924767734058,0.13942625101141484
2025-11-15 11:00:00,96471.22,95565.17,96254.25,-0.8131669367515842,1.4553490298745135,0.00036105221337923155,0.7605319794629372,-0.523035373626695,0.5725608247736269,0.03805197722675493,0.1378838158073198
2025-11-15 15:00:00,96425.85,95731.32,96052.99,-0.7678648355458599,0.5642756537094544,0.0005538906421203027,0.4631477401917373,-0.3409695197565851,0.41377587681091105,0.039989831586939514,0.1303451858923685
2025-11-15 19:00:00,96152.98,95119.94,95619.62,-0.8092490041417433,0.5635586652903143,-0.005797466248601668,0.48369859830709283,-0.6213930585399075,0.4750194546143808,0.020308737864314103,0.12453561863526194
2025-11-15 23:00:00,95969.98,94841.62,95963.88,-0.8559433096797407,0.9535095995072976,-0.0016370581061929679,0.9945939239161818,-0.33738506020564185,0.4385454099009393,0.014433931232624842,0.12261189338966974
2025-11-16 03:00:00,96192.0,95630.22,95813.53,-1.0453361119671285,0.945850741055711,0.005415190455460239,0.3263021111409004,-0.8222662364354284,0.4529894950843376,0.03383526868530362,0.11909166512020762
2025-11-16 07:00:00,96635.11,95721.68,96444.71,-0.8102724900656556,1.421981261113661,0.0036252461651906653,0.7915549084134437,-0.6444885932789658,0.5264394226872263,0.046893996751690946,0.1119173688581365
2025-11-16 11:00:00,96446.94,95117.48,95531.13,-0.5780081556500978,1.4077933354303174,-0.005809797581529552,0.3111413656649281,-0.33372447682110157,0.4634505383836409,0.02589028955528086,0.0982331664796863
2025-11-16 15:00:00,95567.79,93770.48,94049.64,1.7495911535917208,0.7689689921450014,-0.012778125906432125,0.1553210075047992,0.9460902515647441,0.44272221509446424,0.0,0.08623661097125536
2025-11-16 19:00:00,94739.74,93005.55,94183.36,0.31648072542707956,0.7649090234030711,-0.006546498053436545,0.679170102464669,0.38285742824660834,0.45852484310316977,0.0,0.0650691153575127
2025-11-16 23:00:00,95487.8,93020.01,94976.18,0.5926483378944117,1.3842447775279156,0.0060352656852959985,0.7926809007217247,0.8714828391516305,0.4742364862073756,0.026019853139281086,0.06190010846768782
2025-11-17 03:00:00,95575.94,94849.37,95282.36,-0.30306414483679744,1.370717088775447,0.008101324550908284,0.5959370741897432,-0.1628142832172922,0.3849760712273535,0.06115790531402992,0.05052605356877235
2025-11-17 07:00:00,96026.71,95203.8,95651.7,-0.20586576342755225,1.2794804918587126,0.005435544379988944,0.5442879537185712,-0.25805465957757007,0.5116065245716495,0.08492460528692156,0.03530288627546228
2025-11-17 11:00:00,96043.0,93571.3,94769.32,1.0534491946657436,1.2805967433938623,-0.009271986182467162,0.48469474450586986,1.3006034661544543,0.45082110298184935,0.04416285276376147,0.03202880755187588
2025-11-17 15:00:00,95018.86,92413.31,92549.01,1.9876204417855134,0.7804520533190894,-0.014920261505438903,0.05208113450115182,3.210763132545513,0.5052250702709147,0.0,0.04245407039777106
2025-11-17 19:00:00,92653.97,91220.0,92247.63,2.080664740914821,0.7854129874293785,-0.015786014573979767,0.7166328444757126,1.785995786742119,0.46449850635908235,0.0,0.050972587640500056
2025-11-17 23:00:00,92357.51,90687.42,90866.01,1.0919602153577241,1.3727607095782703,-0.0021093477796690907,0.10693435683042683,1.8179490198508161,0.4644955075278299,0.0,0.06715842237596839
2025-11-18 03:00:00,90927.69,89253.78,89651.3,2.2023230979414756,1.3593286259379684,-0.016970518715548444,0.23747991229972248,2.640757442870545,0.4315125378337261,0.0,0.08641019259474604
2025-11-18 07:00:00,91617.17,89337.39,91585.02,1.0431828341210407,1.3475891837268963,0.006824791908836003,0.9858977620604387,1.0396435851312924,0.6007855656813123,0.024184163341541238,0.08781888188525487
2025-11-18 11:00:00,92450.23,90905.7,91359.29,0.28957455777942226,1.336046463858753,0.008964253234708286,0.2936750985717727,0.7389682889824623,0.514748511968109,0.05616646173957538,0.09135117111847614
2025-11-18 15:00:00,93836.01,91010.0,93331.08,0.9223627233965689,-0.008520516930236912,0.015352014890643417,0.8213275961485603,2.0768140567260724,0.5564540133026529,0.11142974930659266,0.08808801176894426
2025-11-18 19:00:00,93612.0,92462.72,93160.0,-0.8302558532216845,-0.009343518764789782,8.470197284227154e-05,0.6067102881751466,-0.4194265009594672,0.527293658662251,0.11173933543640112,0.08592133582265139
2025-11-18 23:00:00,93163.34,91929.86,92569.12,-0.46440238009688933,0.7975675557440995,-0.005149309547157976,0.5182572883182657,-0.10990301220196733,0.47283941776585253,0.0929169894100943,0.08469451103646257
2025-11-19 03:00:00,92636.0,90025.06,90990.87,0.16224112147175437,0.7974386799807365,-0.015223735673911554,0.36990892168962053,0.273931498930102,0.43047105582658374,0.03755599356452773,0.08810452564093431
2025-11-19 07:00:00,92028.92,90948.37,91314.75,-0.29472127198860704,0.23415956756997597,0.004093603030963511,0.3390680671848716,-0.39462854284886123,0.47686863929749096,0.052215723065721295,0.08667905947613608
2025-11-19 11:00:00,91900.0,91037.5,91713.44,-0.45548905813840335,0.22675571268043407,0.0002921284732386731,0.783698550715554,0.08314925804745411,0.5064568930493129,0.05326615597765778,0.08364691527871548
2025-11-19 15:00:00,92384.61,88792.0,89237.83,2.009175581373604,-0.008962669117685795,-0.01748858016472299,0.12409640901705465,2.4158747983657314,0.4504123059435225,0.0,0.08676032838562418
2025-11-19 19:00:00,90850.0,88608.0,90480.56,0.6611025707260613,-0.010446168307289677,-0.0015935211297406493,0.8352185548580042,0.8757527068977689,0.4778870512634988,0.0,0.08322240950114898
2025-11-19 23:00:00,92798.14,90480.56,92592.84,-0.15761036824301045,0.046474181812187536,0.024725619078384442,0.9114162186379254,0.0548380597639021,0.5424811275432799,0.08592753887964925,0.07979773192108984
2025-11-20 03:00:00,93160.0,91687.07,91974.7,-0.20809907529872157,0.0399783630840101,0.005581133278587558,0.19527744020288726,-0.3198961224850987,0.460077716549398,0.10613546195853746,0.07837049720567363
2025-11-20 07:00:00,92445.8,91440.55,91801.39,-0.44156241974234567,1.3467674461197465,-0.005879301799139536,0.35895548370694547,-0.4815381026624096,0.4824931556763066,0.08501523520108298,0.07371294049939954
2025-11-20 11:00:00,92541.92,90431.54,91103.19,-0.012525471767154385,1.337702186078178,-0.0048779019135343216,0.3182602185373367,0.7009483350366056,0.4593345949410338,0.06759536150451012,0.06745156749820663
2025-11-20 15:00:00,91171.78,86318.78,86486.27,3.84963535599249,1.0965253130049855,-0.03860709456894518,0.034512672573595735,3.845056855822441,0.4376663636726858,0.0,0.0799280204701044
2025-11-20 19:00:00,88250.0,86100.0,88065.97,0.5862586997137247,1.0867206558227698,-0.01183121293051903,0.9144046511585382,1.3242865494673648,0.4752296064515891,0.0,0.07759856843684182
2025-11-20 23:00:00,88173.09,85360.0,85444.93,0.27899810829712607,-0.011891452833731437,-0.002842913525839541,0.030190999932348847,1.2425201883510273,0.41913940455006843,0.0,0.09818644854977691
2025-11-21 03:00:00,86459.53,85404.05,85581.3,0.13381939970883885,-0.021201605362627395,-0.009759080192807024,0.1679330731025897,0.9001572833488511,0.5050107892256845,0.0,0.11064805055181658
2025-11-21 07:00:00,85769.86,81648.0,82703.61,5.0,0.027888615643101276,-0.02811560770091892,0.25610040127453126,3.2758657701080485,0.4404459746636839,0.0,0.14176503954592468
2025-11-21 11:00:00,85496.0,80600.0,84850.0,3.9138580055504417,0.017547441098869312,-0.00409316084789102,0.8680555555537826,4.064876136589141,0.489651369723308,0.0,0.14869789287031762
2025-11-21 15:00:00,85572.82,82333.0,84577.11,1.6242431052678603,-0.43384815757670964,0.010442785172961155,0.6926650245979928,2.9858126148439714,0.4894461597442472,0.026753875234872354,0.15757434382726548
2025-11-21 19:00:00,85416.66,83464.96,84284.42,-0.274299742891103,-0.4322490554278947,0.007881582585971714,0.4198698570455472,0.348653777738725,0.5051828371137442,0.04715694485247057,0.1657258712134708
2025-11-21 23:00:00,85620.0,84121.38,84528.99,-0.5352701338430742,-0.7394922188730767,0.0029205064200286124,0.27199023101071784,0.15899671312167915,0.4896829282573683,0.05477685333460119,0.16501444318696032
2025-11-22 03:00:00,84799.54,83832.91,84636.0,-0.7444529882597739,-0.741533894153759,-0.007253849627732456,0.8308142722569096,-0.08748014497021893,0.43819472659138475,0.035795522892976855,0.1621205300705805
2025-11-22 07:00:00,84672.01,83500.0,83693.25,-0.5815605176038654,0.5440287047259421,-0.0024980761053756684,0.16488767160549142,-0.121079606462153,0.39481795499916766,0.029306161237441748,0.16325391315416676
2025-11-22 11:00:00,84755.83,83592.45,84494.4,-0.6635625431507765,0.5371575804622464,0.001113005544704393,0.7752840860185328,-0.06588412695229251,0.5505756641734403,0.03219024176871259,0.16122202995786636
2025-11-22 15:00:00,84899.0,84014.39,84659.79,-0.936148642483091,0.12042365429769812,0.004265503056446018,0.7295870496520477,-0.434319976349274,0.539667845292574,0.043255547448851246,0.15759087754738366
2025-11-22 19:00:00,85260.0,84237.7,85072.88,-0.9815641714035184,0.113143993747804,0.001745796126902066,0.8169617529021184,-0.7750345363158354,0.5075485777775044,0.04780370215422618,0.14969871869452409
2025-11-22 23:00:00,86349.84,84667.57,86000.34,-0.35198435845391485,-0.20363570778926113,0.01098249757132419,0.7922450022838637,0.1297444358019691,0.5533453161780895,0.07646529666825182,0.14586078725799273
2025-11-23 03:00:00,86860.0,85820.68,85864.68,-0.6040300045949999,-0.21293400350826616,0.008424366915255055,0.04233537312817646,-0.16836364749301672,0.5169533980692216,0.0986922604885086,0.14006121212918224
2025-11-23 07:00:00,86465.24,85420.0,86066.23,-0.7707998054392056,-1.1328781615851884,-0.0035026856296648257,0.6182599211605088,-0.5945569849408254,0.49193247636356446,0.08937287319468203,0.12233902964980886
2025-11-23 11:00:00,87200.0,85814.92,86547.4,-0.43042293223989353,-1.134034571390124,0.007011421404818696,0.5288358795121629,0.023664935690143114,0.5103710798951843,0.10796240289298675,0.10378382262333505
2025-11-23 15:00:00,87500.0,86451.9,86995.02,-0.37658293470150034,-1.3961508190835614,0.004445833226813134,0.5181948287327783,-0.07986099498288225,0.5394083211069121,0.11983238040151573,0.0819026704831298
2025-11-23 19:00:00,88127.64,86938.6,88004.0,-0.4847326198931018,-1.3953051030983261,0.007124173656704924,0.8960169548468007,-0.12378514820054391,0.5778539488610186,0.13893785134616046,0.06186027374649696
2025-11-23 23:00:00,88086.96,85946.65,87518.22,0.019075035284013952,-1.1732668101872155,-0.006683077199396648,0.7342721381447807,0.8075285388063612,0.48365626283367746,0.12088762100112532,0.06496685768972513
2025-11-24 03:00:00,87837.57,86450.0,86910.78,-0.48228470166234627,-1.1740425831374983,0.0018454757903834107,0.33207694026007756,0.11478424660667197,0.49635706940061625,0.1258387296569705,0.06127810040172381
2025-11-24 07:00:00,87350.0,85696.56,86049.74,-0.3084691532111564,-1.2231481798806025,-0.00893265041182878,0.21360315463389726,-0.10148015177518407,0.433171166324096,0.10182966815553926,0.06223544227938773
2025-11-24 11:00:00,86660.01,85272.0,86171.14,-0.30121470959831276,-1.2405578007746638,-0.0037193441291695217,0.647790721964197,0.04756673009827662,0.46908671725386253,0.09192216138145741,0.06258704521482307
2025-11-24 15:00:00,88732.25,85913.44,88715.31,0.35369458118899894,0.07494990749291894,0.01624673218983763,0.9939903718200439,1.2638668333654182,0.5650869589842181,0.13503888327752572,0.061609527689141366
2025-11-24 19:00:00,89228.0,88115.16,88636.54,-0.3319519230745678,0.06284545307394607,0.01486084728339554,0.46851299377745825,-0.15273256829469853,0.5278040372518145,0.17511839724150377,0.0671263645308848
2025-11-24 23:00:00,88690.0,87457.53,87909.4,-0.6472225933156371,-2.673624399495865,-0.008198151589209113,0.3666377274873454,-0.4162431549853225,0.4717783538565744,0.15267950992948284,0.06868616966071887
2025-11-25 03:00:00,88519.99,87553.84,88003.97,-0.8168490203725136,-2.6592467871341374,-8.68557972567574e-05,0.4659007400458951,-0.7911772751692226,0.5084417651122695,0.1524437287708403,0.06809926430673104
2025-11-25 07:00:00,88069.96,86666.0,87411.01,-0.07644815630121828,-0.7453664973247488,-0.008372438980365104,0.5306490213358536,-0.3924520615841013,0.4044151390271035,0.1297176475310233,0.0665585701508547
2025-11-25 11:00:00,87792.2,86116.0,86741.55,-0.1961490063835046,-0.7530608514764999,-0.0018687597593357586,0.373195322751624,0.251175936847936,0.5093448925346772,0.1246875706097203,0.06408290909361825
2025-11-25 15:00:00,88155.65,86200.0,87239.29,-0.38731036899319754,-2.0666033549358507,0.0008986317243169228,0.5314294480068941,0.2909391530043897,0.5498041590778445,0.1271018667928939,0.05587154310546831
2025-11-25 19:00:00,87722.92,86182.49,87642.41,-0.49720006443141956,-2.0452345867950514,-0.002477733280083272,0.9477353725846209,-0.2014769434621404,0.46745240152421375,0.12043911781819143,0.050673313744686664
2025-11-25 23:00:00,88224.0,87328.89,87711.82,-0.7587696791848504,-0.19698920691657631,0.00837718103002194,0.42780216956098055,-0.46149551383952137,0.5244922091976102,0.14290996241983037,0.0450580029068143
2025-11-26 03:00:00,87892.82,86909.99,87794.0,-0.6898459486489585,-0.19855961487784088,-0.0033651507738414743,0.8994536186227513,-0.8688481299011851,0.3977688861379654,0.13380770670161246,0.040163215073427135
2025-11-26 07:00:00,87970.0,86670.36,86955.17,-0.6861904472506806,0.14791777766840003,-0.002217902894723567,0.21914530177418853,-0.9367977303780871,0.4538107636954413,0.1278287817541556,0.03855365328666952
2025-11-26 11:00:00,87693.21,86306.77,86899.73,-0.3634484505366697,0.14005121238797766,-0.0027899011648662153,0.4276852947085442,-0.18001065192692178,0.5474529456139324,0.12032456967044884,0.035822870484744584
2025-11-26 15:00:00,90418.39,86664.23,90145.69,0.6075500233995083,-1.408226997499008,0.019953077650005868,0.927360581325977,1.127994287669732,0.518811238157806,0.17384416758838714,0.04232015508332404
2025-11-26 19:00:00,90656.08,89508.85,90386.57,0.0005916264842845657,-1.4091170936536066,0.014441647649671818,0.7650776217431148,-0.16025059875792716,0.4898456742177697,0.21335351777546024,0.049706507968536935
2025-11-26 23:00:00,91950.0,90089.91,91389.21,0.18021174141888016,-1.9774263078068937,0.012018519688310025,0.698514588000054,-0.032694887633173464,0.6677256383464778,0.2467085367537637,0.060404285696161734
2025-11-27 03:00:00,91615.6,90889.11,91244.58,-0.5879157065550159,-1.9645380080489265,0.0017099932499213821,0.48929785681166377,-0.47104455114405375,0.5128444846768829,0.25151132090633344,0.06877339757428029
2025-11-27 07:00:00,91940.18,91135.88,91613.51,-0.5923108087844594,-0.6626615572378817,0.0030085426357009393,0.5938455800000728,-0.7152803528205122,0.43727658152568516,0.2599757339895625,0.07637923843937025
2025-11-27 11:00:00,91619.36,90438.43,90789.68,-0.5405988654362803,-0.6837152329923195,-0.006599278290667643,0.2974350723557056,-0.5357974086744985,0.4120265683739098,0.24135307228143246,0.07947551799067419
2025-11-27 15:00:00,91843.59,90629.98,91791.99,-0.6894892749052959,-0.08185115481666176,0.004375175678115406,0.9574822224523809,-0.2949669082463796,0.5358663049783297,0.25361800806013896,0.08080230907525537
2025-11-27 19:00:00,91791.99,91114.52,91317.65,-0.9933660936155478,-0.08488462768469521,0.00201756635225947,0.29983615510205824,-0.9125939504577677,0.42311266085487415,0.25929859981189035,0.08029599144653832
2025-11-27 23:00:00,91566.0,90652.55,91083.08,-0.8178223679340026,-0.8774775146388067,-0.004994102185726268,0.4713230061801817,-0.7443700737782064,0.42407469067521425,0.245209004735613,0.08292360274110915
2025-11-28 03:00:00,91707.79,91000.88,91300.69,-0.8902946123867096,-0.8896847675819023,0.0036470047130070515,0.4241133949099054,-1.0305770523489528,0.48701091992547313,0.25544672048631584,0.0851837162178482
2025-11-28 07:00:00,91874.86,90867.43,91850.49,-0.5031396830652096,0.27891298910328355,0.0006999168379426823,0.9758097336690854,-0.7117005384880698,0.6082921819256429,0.25741866266769925,0.08702394488611423
2025-11-28 11:00:00,93092.0,91065.13,92250.01,0.00022982905629585936,0.27015804547333855,0.00730098131077761,0.5845860859325694,0.293165162354907,0.5568551812877481,0.2780028078303951,0.08929888280340734
2025-11-28 15:00:00,92796.0,90180.63,90830.57,0.46039280276794425,-1.9188834601540252,-0.010962890424658478,0.24850785930767672,0.7997996141305802,0.3702633531171014,0.24686873553434163,0.08818664565635786
2025-11-28 19:00:00,91247.16,90705.57,91122.0,-0.9858665584956642,-1.9003310211643887,-0.0004202853814662122,0.7689026754413979,-0.9037338674344746,0.4846189104849203,0.24568823081466357,0.08255327556958597
2025-11-28 23:00:00,91195.68,90546.36,90798.89,-1.0366549345479559,-1.952604566471371,-0.002021292528931351,0.3889145567610926,-1.1813260056697004,0.3842338407985132,0.24001317616509305,0.07769332301749848
2025-11-29 03:00:00,90931.56,90311.92,90565.29,-0.9729067402094419,-1.926856100379505,-0.002289436273780976,0.40889871537651956,-1.2353453138631703,0.49467556531302975,0.2335982640304296,0.07306260277975515
2025-11-29 07:00:00,90738.17,90375.01,90552.47,-0.9912677651357441,-0.8749396917971655,-0.001055437662593639,0.48865513821764,-1.1772767825227903,0.49063364442781626,0.23064773894836338,0.06755089183139008
2025-11-29 11:00:00,90810.45,90458.17,90621.72,-1.0108357001368131,-0.8670203797809816,0.000982171833181722,0.4642613829776338,-1.2940358695633998,0.4578428200779636,0.23339054807353923,0.06120509209117865
2025-11-29 15:00:00,91165.65,90155.47,90690.84,-0.6371414303434194,-0.6285207760087524,-3.572131785845034e-05,0.5299748559610161,-0.9463106073686783,0.44986414684870685,0.2332906948876884,0.047453881078956324
2025-11-29 19:00:00,91051.87,90400.21,90753.02,-0.9437111417214681,-0.6284550118474018,0.0012276496358418765,0.5414019580679951,-1.2283593070718728,0.4043350561972732,0.2367222689646884,0.02384740658656914
2025-11-29 23:00:00,91055.5,90690.23,90795.51,-1.016126807351215,0.3278142288441032,0.0015865661586071944,0.2882251485123755,-1.1486253345843491,0.5403864957126852,0.24116254490462072,0.022100673374706892
2025-11-30 03:00:00,90970.36,90471.0,90898.68,-1.006952044361557,0.3251214047741139,-0.0016719393826395423,0.8564562640007769,-1.2611214580659917,0.4964180118333479,0.23647591356697326,0.020965874161659865
2025-11-30 07:00:00,91632.0,90860.01,91234.31,-0.6212356896810021,-0.37774582572798115,0.005578621100769121,0.484850840030508,-0.8614928902790285,0.6479592713519906,0.2520872616739168,0.020736164680738245
2025-11-30 11:00:00,92000.01,90998.34,91499.99,-0.5317844320695703,-0.37798192049530405,0.0034571039728450437,0.5008136412141738,-0.8271639312256485,0.5161327793057625,0.2618156750329294,0.020997316303796143
2025-11-30 15:00:00,91850.0,91159.42,91459.9,-0.8418695556760554,-0.2908901515169256,-0.0010285585088929405,0.4351125141122593,-1.0954846401252323,0.4240198773257114,0.2589112686171979,0.020693137374913035
2025-11-30 19:00:00,91626.75,90888.48,91225.28,-0.8917207170966691,-0.293948959796652,-0.002775724200322016,0.4562016606328837,-1.1257758049760622,0.4515451430816988,0.25108134057612674,0.020503259466933807
2025-11-30 23:00:00,91256.36,86474.34,86722.29,1.1492478973030291,-0.37457160261206013,-0.03395990226185086,0.051850473230868624,1.3551572707676607,0.4322694336298866,0.1555511305037892,0.049497232145466565
2025-12-01 03:00:00,86800.0,85604.0,86234.16,0.2310847911458002,-0.37510524928509725,-0.022394912632759834,0.526889632102621,0.21490247688476355,0.38508348830671535,0.09469296922088444,0.06893769371014681
2025-12-01 07:00:00,86938.01,86049.9,86647.73,-0.2754567637205151,-0.4953384189670657,0.004485141794816183,0.673148596450068,-0.27069111025192544,0.4915315863937963,0.10660838180245316,0.0796682338221597
2025-12-01 11:00:00,86699.99,84756.0,86067.9,0.2644135479130068,-0.49274395637633117,-0.007176721149508625,0.6748491504551166,0.8290322009426146,0.4510891216092702,0.0874568949596775,0.09122289906157259
2025-12-01 15:00:00,86137.17,83822.76,85199.48,0.6651607658111465,-0.9562267798997086,-0.012736816596634837,0.594847066852481,1.776418210601048,0.4666895180041794,0.05371190749438478,0.10358271923838865
2025-12-01 19:00:00,86860.0,84603.97,86572.65,-0.28314105968322195,-0.9562435067367226,0.012248673921135156,0.8726302398422308,0.5806003544951591,0.5122951270870546,0.0857502758941222,0.10352460204596836
2025-12-01 23:00:00,87350.0,86184.39,86554.47,-0.38529692924320263,-1.635396798368982,0.00910649694875132,0.31749899194140974,0.13970709297033043,0.4726148102357936,0.10986153447267824,0.10685972942134338
2025-12-02 03:00:00,87288.48,86214.99,87090.46,-0.6816484915120312,-1.6177643277955998,0.0028954422926721346,0.8155362415968975,-0.5271533718367093,0.5573841189264508,0.11759760553056382,0.10663870038483239
2025-12-02 07:00:00,87628.78,86296.21,87272.44,-0.45628105517421785,-0.6126419087534097,-0.0013005215946977344,0.7325919088623304,-0.5852976650553257,0.41933995057012863,0.11411279827699515,0.1063629262207915
2025-12-02 11:00:00,89275.54,86985.51,89271.99,0.3210645426722357,-0.6139548256372519,0.012691685305724842,0.9984498019633049,0.5522985639533676,0.5194162602572777,0.14807652300424065,0.10263386707881372
2025-12-02 15:00:00,92237.15,89263.06,91954.49,1.325725774453386,-0.244797582101137,0.034274751179756535,0.9049591639765311,2.100349806978179,0.49416836956149357,0.24096194790769696,0.1028804951858792
2025-12-02 19:00:00,92307.65,90720.87,91981.91,-0.02300735773498648,-0.24985966449598107,0.0071316178192564195,0.794716343785567,0.1256658304518814,0.43461820190485634,0.26095123224537337,0.10587169979965812
2025-12-02 23:00:00,93051.64,90990.23,92817.92,0.005248918978379787,-1.8180656467390788,0.00408680617499857,0.8866212931882222,0.16638603441487432,0.5201475059850645,0.27248787529485546,0.11012902861494545
2025-12-03 03:00:00,93958.58,92597.26,93431.8,-0.10837828885146521,-1.7955462575256393,0.014488240667614338,0.6130373461007504,0.3640890125133328,0.576990594180968,0.31355386808488533,0.11608149941237002
2025-12-03 07:00:00,93468.43,92682.1,92939.4,-0.2768543903723216,-0.16233762692338433,-0.0028671778378999146,0.3272163086703043,-0.2650114522405248,0.4016052285217526,0.3053092921292273,0.12120732979698985
2025-12-03 11:00:00,93700.0,91697.0,92357.54,0.23271383821274721,-0.15593265675288542,-0.003219380293389973,0.32977533699285866,0.873234606660231,0.48306773673163883,0.296356752155911,0.12458530869409455
2025-12-03 15:00:00,93500.0,91786.99,92623.86,0.12332164278435341,-1.5489293104251085,-0.0015573175367801229,0.4885377201505611,0.9884187445530727,0.462203493148509,0.29404894725575614,0.12690738666871731
2025-12-03 19:00:00,94150.0,92528.75,93781.01,-0.1953792791503396,-1.5347057981163428,0.008187680334243108,0.7724040092473529,-0.0775840734420494,0.5396349563387978,0.31760710066214853,0.13061016854014668
2025-12-03 23:00:00,94091.71,92669.82,93943.24,-0.11890322726639252,-1.3855348663081104,0.0016573263545791583,0.8955826400010148,0.24001054107610467,0.45003481199530915,0.3239247300006322,0.13577817577406948
2025-12-04 03:00:00,94080.0,92775.0,93140.74,-0.42709452574152545,-1.3718928828504582,-0.002447354555090153,0.28026053639632387,-0.4336258859518746,0.30013008959854026,0.31678030856739453,0.1401694791922832
2025-12-04 07:00:00,93621.31,92888.0,93260.0,-0.7101852285398793,0.774431109080913,0.0007666021244476795,0.5072888682752564,-0.5729375169690415,0.41309350877607626,0.3190127291421044,0.13997860258551895
2025-12-04 11:00:00,93318.17,91801.0,91894.01,-0.2987033574544308,0.7719834503981751,-0.006766092485767761,0.06130492957241563,0.13176607172708382,0.43011681179442457,0.2992940994412812,0.1370665796895354
2025-12-04 15:00:00,93257.0,91756.57,92127.52,0.011961542763379246,-0.18409462725125758,-0.0019707594796467554,0.24722912764842514,0.9859878394740215,0.45190976540587763,0.29358951565690494,0.13190400849713435
2025-12-04 19:00:00,92718.53,90889.0,92348.78,-0.2505178148181259,-0.1796455782624606,-0.006582673084821411,0.7978989139243526,0.2202733960933025,0.4504901041508503,0.27457278341379115,0.12350248491131613
2025-12-04 23:00:00,92692.36,92058.82,92518.4,-0.8558732714568701,0.06790929112068769,0.005690370696588731,0.7254159168998606,-0.9108087003990953,0.4301975422801703,0.30924702263307635,0.10867198328105131
2025-12-05 03:00:00,92665.56,91813.37,92275.26,-0.8094601150682501,0.06567286570335083,-0.0027786045830933137,0.5420035438042903,-0.9105846833890126,0.4144571809962632,0.3012751940272976,0.09741045731508842
2025-12-05 07:00:00,92497.51,90956.25,91272.85,-0.5699897482772669,0.08931655979507497,-0.005611101307658406,0.20541634766227163,-0.5875922908560547,0.38001688980223775,0.2840753489653691,0.08335295230054432
2025-12-05 11:00:00,91563.7,89874.7,90287.67,-0.16048368818182893,0.08349407760164636,-0.010588005686205215,0.24450562462851164,0.24407704975055433,0.4271166411231501,0.2518017901423572,0.07011653892771247
2025-12-05 15:00:00,91478.67,88056.0,88936.04,0.8127447992199478,-1.1706030862638437,-0.012229918228992998,0.25712090268633053,1.952065507742235,0.5147583473264477,0.21661536281969157,0.0603786000573296
2025-12-05 19:00:00,89800.0,88814.88,89232.47,-0.3521320765063487,-1.1633153744953721,-0.0021360907384625483,0.42389759622762657,-0.24034742889887264,0.3313607982470591,0.22391811013729,0.06037945060480472
2025-12-05 23:00:00,89500.0,88940.2,89390.9,-0.9415775572588592,-0.252089688482161,-0.001003336629684437,0.8051089674739972,-1.0400245887972592,0.4539409750645492,0.22071587905479018,0.06633055650801667
2025-12-06 03:00:00,89806.43,89390.9,89688.65,-0.8542765962384846,-0.25045018001640573,0.0043835604166233555,0.716554761371827,-1.0662996528014839,0.6042679298717456,0.23706317408854552,0.07011251101042942
2025-12-06 07:00:00,89720.0,89217.59,89506.0,-0.8459776077532478,-0.7406636341339089,-0.0014440770975224781,0.5740530642189864,-1.1376982446699742,0.3810921712696108,0.2323920091207173,0.07349420797513863
2025-12-06 11:00:00,90289.97,89500.0,90004.76,-0.5791704303514246,-0.7423198667237,0.003382882493603745,0.6389609731934179,-1.0047482904314589,0.5507016092608242,0.24331883768964083,0.07281273789436032
2025-12-06 15:00:00,90042.54,89490.98,89646.71,-0.8096725842694973,-1.7559780283343205,-0.000823787890351646,0.2823446225201024,-0.9262030603347527,0.5284211561157728,0.2411927348219431,0.0740465119426334
2025-12-06 19:00:00,89744.62,89077.6,89285.94,-0.8141549152859477,-1.7379675312043183,-0.0038777577935731333,0.3123444574328751,-1.117248926316694,0.38695572940544,0.22860704917987326,0.07655306150430095
2025-12-06 23:00:00,89695.65,88908.01,89621.96,-0.8274624306694299,-0.10168229005189622,-0.0014799643758457437,0.9064420293420189,-1.0666447145867606,0.4667104706504828,0.22382228983024333,0.0765144060160828
2025-12-07 03:00:00,89799.96,89427.0,89709.99,-0.9357551874091173,-0.1024627912282493,0.0038397442525310854,0.7587676962473527,-1.3915654328968023,0.4646027566824842,0.23621790031459974,0.07220292850690464
2025-12-07 07:00:00,89733.33,89050.01,89240.18,-0.8773336765460157,-0.793420787634352,-0.00363044492492659,0.27830299127380037,-1.1617614457407568,0.4593087855702518,0.2244529564105393,0.06684263462345194
2025-12-07 11:00:00,89585.12,87719.28,88220.53,-0.30192758655611734,-0.7965964646461458,-0.008787141150268019,0.2686457574054123,-0.4140085317126602,0.45681341242605855,0.1960804266972088,0.06655020201268647
2025-12-07 15:00:00,91760.0,88169.08,91363.78,0.2548571314093462,0.17905864033550475,0.01916856327128169,0.8896605883704182,0.759249683533793,0.5205530053551015,0.2574293502693977,0.05821323277852224
2025-12-07 19:00:00,91545.95,88995.33,89597.03,-0.3310680550873952,0.18584994754464226,-0.0005925497210390596,0.23590342740103942,-0.05151708362928289,0.4381524660138565,0.2554965445526443,0.05740350053592431
2025-12-07 23:00:00,91700.0,89522.08,91364.18,-0.3762050706060972,-1.389275670735965,0.006308794575401233,0.8458070085180056,0.10556215980633345,0.5511738198712798,0.27606266488011727,0.0541296936158739
2025-12-08 03:00:00,91649.87,90988.91,91464.54,-0.6958091747842643,-1.377586361911389,0.00642612150058075,0.7196048172246429,-0.7277927195078119,0.4188386300797153,0.29714342114336395,0.05110288614971188
2025-12-08 07:00:00,92287.15,91360.0,92133.4,-0.4768633022790098,0.5876065311928292,0.006260259113508582,0.8341692282712154,-0.623754069972912,0.4751695192759441,0.3178120403350191,0.04904443620186176
2025-12-08 11:00:00,92188.31,90790.0,90852.56,-0.07508110299186156,0.5946321997605428,-0.0038775841322501448,0.044739721520657354,0.2360272997104855,0.38653185600726364,0.30492982052642265,0.04518732530565375
2025-12-08 15:00:00,90998.95,89612.0,89921.68,0.14275991922121825,-0.2774154058835461,-0.014900655374365024,0.2232813006941569,1.1370529020300828,0.4811957379281715,0.2556183948065867,0.04379876871816866
2025-12-08 19:00:00,91374.0,89860.07,90833.86,-0.545445254511214,-0.2706171578823667,0.006239539586944565,0.6432199639306745,-0.30958653474001185,0.48999539289312116,0.2759595101986878,0.04409031104835631
2025-12-08 23:00:00,91026.52,89966.0,90068.2,-0.625201751587068,-0.9795910421779002,-0.002918448228429793,0.09636781955930396,-0.5430794486468583,0.48976154834536395,0.26638590329275996,0.04304984003986285
2025-12-09 03:00:00,90500.0,89500.0,90166.84,-0.3048984921341099,-0.9715009066111129,-0.005151707283418516,0.6668399999933281,-0.685393451277527,0.4404663672478031,0.24953568787581726,0.042136386711968385
2025-12-09 07:00:00,90600.0,89912.48,90298.45,-0.6213124863490729,0.6007067802354762,0.003857444942731547,0.5613945776041205,-0.7932547077043419,0.48614139773947646,0.26208762842819683,0.04144178428181148
2025-12-09 11:00:00,90850.0,90004.73,90357.59,-0.43785349637127324,0.6042278253034051,0.0007388021844023651,0.41745241165050734,-0.17570214574906404,0.46523749352004334,0.2645009286491881,0.04117562590172965
2025-12-09 15:00:00,94588.99,90288.1,93920.48,1.8683485170106537,0.3418057485714411,0.03033576939682936,0.8445647296237627,2.3079622055866977,0.5343103346042084,0.36366604718949824,0.052593476120995686
2025-12-09 19:00:00,94225.0,92254.92,92884.0,-0.04123694027012017,0.3461357341036974,0.00017501671779251993,0.3193169820498701,0.32920478047718454,0.45951875347148435,0.3725010181824867,0.058074671635482016
2025-12-09 23:00:00,92977.98,91976.0,92495.68,-0.43016487462588227,-0.41375606338893767,-0.007873487063997264,0.5186530669223024,-0.6798555078670192,0.4612365135166697,0.3480338626809846,0.06045458903661646
2025-12-10 03:00:00,92757.58,92348.66,92700.0,-0.9640574861499217,-0.41009791500706244,0.001332305151165336,0.8591900616047298,-1.0788533330330563,0.5275726125262438,0.35569758773790944,0.06151625261299256
2025-12-10 07:00:00,93291.5,92135.09,92272.66,-0.5942203731543337,-0.6283833662681889,0.0015396618380365545,0.11896299755174804,-0.6144815847986616,0.4592387756838848,0.3875286591032398,0.06188718970085254
2025-12-10 11:00:00,92438.98,91600.81,91831.24,-0.1904665927444529,-0.6230136374491263,-0.00723243327720946,0.2749203622144181,-0.1933308158410756,0.38205705170443466,0.36199970635283596,0.06123833887225187
2025-12-10 15:00:00,93056.0,91563.15,92503.48,-0.05881193393125349,-0.2725654892074435,0.002805072996554303,0.6298891382213211,0.5039611609087652,0.46226980443957355,0.3724574984998764,0.05913792342051164
2025-12-10 19:00:00,94476.0,91684.39,92509.94,2.4947141952472354,-0.26821569555925134,0.006982811278901435,0.2957254057683722,2.500642420754016,0.5306394361888336,0.41697817409062726,0.05146701798009355
2025-12-10 23:00:00,92593.96,89876.81,90074.0,0.08551093570064826,-0.4410998770667153,-0.021309232238415743,0.07257236442569456,0.2804476228336383,0.45474959695447165,0.3330480492936766,0.054666249713647315
2025-12-11 03:00:00,90480.14,89389.63,90301.35,-0.09818805456970338,-0.43752023670378665,-0.010367255166013667,0.8360491879869466,-0.31821139966960277,0.4771549579872565,0.293704443441659,0.052516094213230946
2025-12-11 07:00:00,90504.19,89971.11,90320.15,-0.817380538274358,-1.6188286111859589,0.0023476924762961815,0.6547610114681565,-0.9186270839029919,0.4541121307684394,0.30596176147140597,0.05368135905463547
2025-12-11 11:00:00,90482.01,89260.63,89545.24,-0.2781218604532603,-1.6051888094456948,-0.002036209747237838,0.23302330150949965,-0.374992297716759,0.4150067095757368,0.29807475917005155,0.057196826934129315
2025-12-11 15:00:00,91197.7,89333.0,90710.5,0.42900208118748595,0.5992192461050463,0.0015617398770055857,0.7387247278342978,1.1589418381490644,0.45441367573354313,0.30411164467122337,0.056053146874220104
2025-12-11 19:00:00,93555.0,90592.14,92352.0,0.9750543032177484,0.5987195242995885,0.023118942691253475,0.5939733905733179,1.0355067335413544,0.4709918653751708,0.3936171880855089,0.0559541038246515
2025-12-11 23:00:00,92800.0,91448.31,92588.79,-0.30025796240622565,0.8312121855292351,0.00021817109620436703,0.8437437578080452,-0.23355770511228507,0.4874428232767716,0.394481370261311,0.05526942586644588
2025-12-12 03:00:00,92754.0,92078.91,92513.34,-0.8912023544843315,0.8300162235489639,0.0010012432686645756,0.6435141980973798,-0.9774153090834293,0.47507006250675493,0.39844818976882784,0.05589368508997318
2025-12-12 07:00:00,92650.01,92044.8,92492.32,-0.7393967595703577,0.19798501341484118,5.352748792875062e-06,0.7394458121852178,-1.0109652073533504,0.445161519183378,0.3984694180245204,0.05460636703232991
2025-12-12 11:00:00,92660.74,91903.34,92444.0,-0.4630081277354456,0.20145358227289678,-0.0005076786006590339,0.713836810130524,-0.5670620195061528,0.528654357769301,0.39645602467305335,0.05299451425204929
2025-12-12 15:00:00,92445.94,89480.0,90372.0,2.292052500102745,-0.17768953605774382,-0.020365885531720362,0.30074782362319935,2.123233195144209,0.47725147167834686,0.31572833328254224,0.05401019249526789
2025-12-12 19:00:00,90399.99,89898.61,90335.92,-0.8389958474113279,-0.17843151701294785,-0.002744068405132749,0.8722126929500009,-0.49489776654996404,0.4521438614499986,0.30507272937710367,0.05409017560659593
2025-12-12 23:00:00,90444.28,90120.0,90232.77,-1.2390783944001802,-1.1111681479202546,0.0012559356307360048,0.347755026509581,-1.4284792009153533,0.38708752081784265,0.3099363214793524,0.05117937780606752
2025-12-13 03:00:00,90469.71,90205.52,90351.45,-1.3239462956657782,-1.104946623330436,0.0003973107428270062,0.5523676141961015,-1.5076941542719358,0.47461581784899687,0.3114768337955106,0.05056192630439873
2025-12-13 07:00:00,90634.55,90318.56,90595.13,-1.0352414281227573,0.5815987504672679,0.0016145144753396679,0.8752492167196744,-1.3776355269043703,0.5111893048986988,0.3177393566744052,0.049859790874520436
2025-12-13 11:00:00,90612.32,89932.99,90079.7,-0.487409465862018,0.5785619933840972,-0.001894279237680374,0.21596278686033568,-1.125218440259998,0.26662492659227777,0.3103797942929437,0.04958313735022725
2025-12-13 15:00:00,90289.6,89981.0,90119.89,-1.0021437709919254,0.5881704388194701,-0.0022429735955618035,0.45006480879940425,-1.3347109906412278,0.4011532538052275,0.3016820087049729,0.04943116601143882
2025-12-13 19:00:00,90250.0,89766.39,90140.1,-1.181662955627009,0.5917940091994276,-0.0004618183656360797,0.7727507702327877,-1.2995534180700077,0.42044801809375854,0.2998951898307205,0.04972313614569032
2025-12-13 23:00:00,90472.4,90051.02,90290.17,-1.12626777369295,1.7103413471707063,0.0024748846253863643,0.5675399876461256,-1.287905349917896,0.477040707497998,0.30946633002253376,0.04765223107041674
2025-12-14 03:00:00,90329.24,90050.74,90145.26,-1.127367192347147,1.6923798937124834,-0.001153755535904133,0.33938958706138467,-1.4138993556336212,0.31975633051802393,0.3049933596809405,0.04526078725826658
2025-12-14 07:00:00,90280.01,89785.0,89853.69,-1.072071780079615,-0.3183564452810877,-0.0016021070616950572,0.13876487343410315,-1.2736642926380481,0.3995706552933065,0.2987893510053962,0.04582618537813804
2025-12-14 11:00:00,89853.7,88687.27,89118.04,-0.06325488533865989,-0.31602581009714037,-0.008777790408600716,0.3693063449982417,-0.05193541348868382,0.4248482650149406,0.26485264201685904,0.04897258335632237
2025-12-14 15:00:00,89398.71,88531.34,88997.28,-0.5944597183539759,-0.06750263603388462,-0.003871969264646613,0.5371871289007288,-0.508072313726752,0.49489826007031174,0.25001422940983925,0.051931456972866885
2025-12-14 19:00:00,88997.28,88017.0,88415.29,-0.5458813818372041,-0.0669281953986673,-0.004684292018034664,0.4063022809767934,-0.47021635290347635,0.416911479677573,0.2321322881383682,0.05599542603938678
2025-12-14 23:00:00,90052.64,87577.36,89321.85,0.2479416482522842,-1.0729318625097781,0.0028179430440391506,0.7047647134841143,0.5280055490265041,0.4752110455914141,0.24283918877224592,0.056879640539732414
2025-12-15 03:00:00,89918.48,89225.91,89735.88,-0.8363089745195023,-1.0637250758059522,0.008875435864347248,0.7363443406336446,-0.8131250034657543,0.40928839231226144,0.27665683272005975,0.0537853035967796
2025-12-15 07:00:00,89986.68,89516.0,89858.95,-0.7044723513191732,-1.3584250073422792,0.0028488754648607895,0.7286266677843034,-0.8334756901379399,0.5678214218988434,0.28760810735300535,0.048795947845301946
2025-12-15 11:00:00,89900.0,87840.0,88050.01,0.12105271235535779,-1.3456180481942606,-0.006635315398550667,0.10194660194125015,0.08690459950554154,0.4420299675977927,0.2620288301611843,0.04859015818427543
2025-12-15 15:00:00,88184.28,85146.64,86185.39,2.497834216824851,-0.21973906558114023,-0.029314797505740287,0.341959547542362,3.205406020376069,0.4883328913979548,0.14976953480056587,0.0570276894142262
2025-12-15 19:00:00,86560.4,85530.01,86259.31,0.044081588930439876,-0.21978420251011865,-0.0060975390733082335,0.7077902541687375,0.5455596844120202,0.4835239979519466,0.12710387247375282,0.059689026802927474
2025-12-15 23:00:00,86535.22,85651.92,85944.01,-0.2748053037954617,1.015812318377187,0.0010579086700919227,0.33068040303032803,-0.2815449404886998,0.4909261281171668,0.13101233331127807,0.06895149714137147
2025-12-16 03:00:00,86611.69,85266.0,86508.0,-0.3326360669988845,1.0087922637858646,-0.0025282275439212354,0.9229465924475685,-0.5564940081937384,0.46809932037533825,0.12166187393322841,0.07267490338156109
2025-12-16 07:00:00,87327.7,85850.0,86980.01,-0.08554025865528055,-0.7232240288542329,0.005955658229933158,0.7647086688721324,-0.43643177158348795,0.4941055291138075,0.1436327397248751,0.07387779941903952
2025-12-16 11:00:00,87786.88,86107.43,87297.99,1.2578961361291578,-0.7301969504075847,0.007797525116600479,0.708898746609256,1.3064600362737244,0.4487268446957651,0.1725697077135003,0.07336266597379207
2025-12-16 15:00:00,88175.98,86839.35,87781.35,0.9458077438010507,0.0491433252457526,0.005253540296803916,0.7047574871078455,1.6802982080107438,0.5605386149735262,0.1922178546296965,0.0705424522369725
2025-12-16 19:00:00,87931.48,87294.11,87783.34,-0.7201719035861681,0.04926817913063475,0.0010564627886955336,0.7675761331602111,-0.603870459030784,0.46882497273471707,0.19618976413399006,0.06897664880352315
2025-12-16 23:00:00,87950.0,87188.37,87483.04,-0.8756877433257657,0.6616827931229879,-0.0007028465889713509,0.38689389860710255,-0.8243181423965635,0.41902986447848256,0.1935445291633912,0.06739498854113973
2025-12-17 03:00:00,87615.27,86209.11,86777.98,-0.5629473594161462,0.6676175320224503,-0.008625657502140838,0.4045556693377343,-0.7079376554234845,0.44052111250142234,0.16110380247718536,0.0666258068710474
2025-12-17 07:00:00,87169.37,86238.91,86624.49,-0.5146809601953697,1.459857117045183,-0.001745020691751753,0.41439717988506886,-0.6163103661218223,0.4797950443670615,0.15459746448657094,0.06416945254278894
2025-12-17 11:00:00,89685.17,86565.23,89675.85,0.8212070640967308,1.4593909057836805,0.01301081031055018,0.9970127630627632,0.5129682474444093,0.5188084162169293,0.20302382931261923,0.06040664138718968
2025-12-17 15:00:00,90365.85,85662.46,85829.22,2.461130663608608,0.582629767198949,0.001416492897086119,0.03545527800153511,2.5950483562700986,0.4506753491052514,0.20836462550535978,0.06304476722059224
2025-12-17 19:00:00,86431.14,85314.0,86339.09,-0.19017082295702584,0.5853273096097608,-0.023463950922670618,0.9176020910457249,-0.1771453233463093,0.4644694439092597,0.11976997777283609,0.06233758850638225
2025-12-17 23:00:00,86863.75,85863.93,86699.64,-0.7808388556091279,0.6731119030734359,0.0046184579672197135,0.8358604548735192,-0.6886834403532215,0.49420688681035685,0.13679907478139053,0.06076461034187823
2025-12-18 03:00:00,86901.4,86270.59,86645.93,-0.6361369108793387,0.6709764117404495,0.00376451403610667,0.5950127613608658,-0.9288215381949603,0.4471423706217042,0.1507436310170905,0.06048381294520454
2025-12-18 07:00:00,87453.63,86593.07,87341.95,-0.3758383069759073,-1.3547067937278745,0.005104129933613644,0.8702240401497744,-0.7340240161370167,0.4982727733858614,0.1746204127323424,0.05627128786532008
2025-12-18 11:00:00,89477.61,87067.26,88345.2,1.301390098061735,-1.344772686504508,0.014353050926583677,0.5301885618249206,1.2012434649610664,0.4686143909854526,0.23657441862135903,0.05058864053992151
2025-12-18 15:00:00,89362.79,85481.22,85970.0,1.9287650198731112,1.2713998003138793,-0.01229711839788128,0.12592327331433945,2.4885684123206078,0.48903353320618487,0.19047667364283863,0.0447375106756731
2025-12-18 19:00:00,86010.0,84450.01,85582.88,2.0212307424637808,1.2630952496866759,-0.022479721905841576,0.7262033730938943,0.9102293291678143,0.5450356628697232,0.09977003637045868,0.045864301077679866
2025-12-18 23:00:00,85929.06,85110.24,85643.44,-0.7434416659465825,0.4410188819371685,0.0024580775853730863,0.6511809677261061,-0.5001694373166695,0.44403124646720515,0.10946552038055621,0.04713663844566979
2025-12-19 03:00:00,87568.99,85610.47,87483.41,0.4110263272475528,0.4415370095578012,0.016918686261262694,0.9563037395535585,0.5431309737658401,0.540786194794238,0.17636253920927045,0.04604333443603439
2025-12-19 07:00:00,88449.06,87473.53,88267.09,0.0528088783300343,1.716684902948685,0.013204966504334115,0.8134655007963506,-0.1681366856075366,0.5591430633896924,0.22945876593911982,0.046239255164692475
2025-12-19 11:00:00,88552.17,87514.59,88180.01,0.303421671096406,1.696697402751432,7.585664327103281e-05,0.6413192235717574,0.2682267708085794,0.46421716440874733,0.2297678077827729,0.04724982807684991
2025-12-19 15:00:00,89399.97,86846.16,87155.44,1.391178102574838,1.6775719365391684,-0.00037323337726991035,0.1211053289002659,1.5275034429160743,0.48488487630529725,0.2282471304140634,0.0477754695288196
2025-12-19 19:00:00,88426.85,87134.6,88344.78,-0.16403474616441083,1.6588711751647585,-0.001386959501852969,0.9364906171333939,-0.22380634502201216,0.5689011394327491,0.23738342710695223,0.04866463103852248
2025-12-19 23:00:00,88360.0,87961.6,88204.04,-0.9900296660104424,1.644306314947511,0.0029562856624585354,0.6085341365308885,-1.2629832124153126,0.562648644119129,0.2502057485506184,0.0494731025779032
2025-12-20 03:00:00,88573.07,88123.07,88305.81,-1.121319985779095,1.6299994044150778,0.0019530703139505334,0.406088888879844,-1.3499657997468162,0.5018051130708977,0.2587018589363751,0.05033542402382486
2025-12-20 07:00:00,88428.0,88129.27,88163.99,-1.0777478960720084,-0.8096655051814113,-0.0007929544146856315,0.11622535399470887,-1.3339651573743114,0.36910562657823004,0.2552456668680801,0.051231475247152755
2025-12-20 11:00:00,88343.73,87795.76,88260.88,-0.8880394382380824,-0.8099925762543523,-0.0012430207657641024,0.8488055915315087,-1.179471249367328,0.45217827835079294,0.24983209982599253,0.051808285762807965
2025-12-20 15:00:00,88418.73,88025.96,88313.21,-1.0317111812365856,0.8480143993043447,0.0003699746000320747,0.7313440435692498,-1.3722767883744207,0.45245000040143685,0.26149719589099646,0.052035687581099575
2025-12-20 19:00:00,88443.44,88154.06,88279.35,-1.1571407597699628,0.8534268559726,0.000878930314653914,0.43296012162442643,-1.3808372668432192,0.5455732496850355,0.3019724102780497,0.047270284297033324
2025-12-20 23:00:00,88433.64,87869.35,87943.76,-0.9531937051760655,1.5486271745188687,-0.001384831415489507,0.13186482127748345,-1.2858404901098044,0.5207022121672927,0.309741702982078,0.0447840268011554
2025-12-21 03:00:00,88201.59,87934.48,88090.72,-1.1363477495599936,1.5405299727860697,-0.00047983161309173017,0.5849275579130531,-1.370022059869747,0.4902709845771584,0.3071482088190955,0.04340468358364925
2025-12-21 07:00:00,89081.77,88054.61,88669.78,-0.7228612542074063,1.3144621889501005,0.006205777393067935,0.5989037735055952,-0.8957101643549572,0.5394528170162817,0.38496424693317,0.04348368478048734
2025-12-21 11:00:00,88920.01,87600.04,88065.18,-0.3991811651394242,1.3134516845056199,-0.0055389143525245155,0.3523867966669509,-0.49173740282122935,0.4269733769704281,0.35923745018156217,0.04257043743789909
2025-12-21 15:00:00,88494.97,87813.0,88445.09,-0.7337788852830885,-0.041042921126938275,0.0004182633354987697,0.926858952726259,-1.0063993694858113,0.4588349488012548,0.3828585695851553,0.04276522490562116
2025-12-21 19:00:00,88600.0,88091.96,88483.63,-1.0111128271448402,-0.0347796681943432,0.0017723196803456354,0.7709432328011451,-1.17961117613936,0.4607317737824668,0.39458920249271445,0.04296382897160937
2025-12-21 23:00:00,89627.24,87900.0,88458.27,-0.009665911466852759,0.08697823112790412,0.005144614627433874,0.32321507144158906,0.061723421960117354,0.5274513407554645,0.4322233553987317,0.038779000197546695
2025-12-22 03:00:00,89034.44,88283.4,88909.26,-0.8227671120991757,0.09328808555991162,0.0004545359895780088,0.8333244567421982,-0.7962412804751444,0.4682426040918547,0.4352775678109714,0.03088897481575081
2025-12-22 07:00:00,89908.71,88891.63,89778.94,-0.1839521791604286,0.13698596479919983,0.007552110518213029,0.8724092500012507,-0.5691839694695054,0.4778060254793529,0.4860463395381905,0.022908420087461277
2025-12-22 11:00:00,90588.23,89440.5,90126.43,0.4817353529143429,0.14254350023438372,0.0056502436596721495,0.5976405600568244,0.2008186622930261,0.5210901407205646,0.5270260651580956,0.02768858844565715
2025-12-22 15:00:00,90454.74,89092.09,89150.04,0.10205864399723431,0.7575660846905498,-0.004874424361229424,0.04252742817273067,0.5419576339175954,0.450793279311088,0.49365235377118966,0.028861362242933584
2025-12-22 19:00:00,89150.04,87911.79,88660.07,-0.16040627808494912,0.765932024810909,-0.013137065914004209,0.6043044619373877,-0.2259706687362306,0.5194431707377017,0.40414526387085753,0.028917198014014288
2025-12-22 23:00:00,88940.0,88091.21,88206.8,-0.6678253660723761,-0.387692978383366,0.0015516077579709187,0.13618209450940227,-0.757656606631664,0.5064349488174508,0.4145779907555431,0.02558614817364872
2025-12-23 03:00:00,88368.1,87051.52,87400.01,-0.32143903991453726,-0.3836065060689516,-0.008835011925161673,0.26469337221995115,-0.38654603785896113,0.43259400089768146,0.35508081260649643,0.028311897799851212
2025-12-23 07:00:00,87699.99,87297.69,87615.93,-0.5992828779339735,0.36905858309995415,-0.0023312203918459673,0.7910514541190103,-0.852149788908703,0.48502856173513337,0.3395204929572452,0.0295178455770955
2025-12-23 11:00:00,87963.03,86601.9,86874.0,0.10850147482753059,0.3731925919670035,-0.000866981945485068,0.19990742985461038,-0.06166282344364999,0.43786288367726484,0.33374709337542635,0.03398320863536329
2025-12-23 15:00:00,88275.4,86720.0,87975.01,0.6164035568441935,-0.6146952489155444,0.00208427521343979,0.806872830134969,0.6184708798975671,0.48048523482673283,0.3628382910225446,0.033753742105794314
2025-12-23 19:00:00,88372.35,87250.0,87399.45,-0.1434346919222728,-0.6078528987766257,0.0011672686079928773,0.13315810575904552,-0.22960087650920508,0.4341336462770354,0.37096163734914234,0.03543615925719719
2025-12-23 23:00:00,87839.66,86940.76,87134.39,-0.41769852275237446,1.784041361429487,-0.0038077811048693455,0.21540772054494237,-0.6231747224491188,0.4756513188264427,0.3444312995131871,0.03764820670827891
2025-12-24 03:00:00,87458.54,86796.65,87019.21,-0.663646859064048,1.7710228926976774,-0.0037549579338119754,0.3362492256970946,-0.8670446645797009,0.522405856576551,0.31836862219404216,0.03987498173444613
2025-12-24 07:00:00,87196.0,86724.05,87077.66,-0.7187628672753147,1.3289756302998394,-0.00138591364790841,0.7492530988293468,-1.0095746989471182,0.5566738262664158,0.30878529545042716,0.041475567586199406
2025-12-24 11:00:00,87478.59,86420.0,86994.7,-0.29097449982185025,1.3351745292220445,0.0014971774880701005,0.5428919600549506,-0.5418390891233471,0.46356740596264284,0.3191236423421309,0.04326118202180786
2025-12-24 15:00:00,87670.0,86580.0,87470.65,-0.1663468080575726,0.6052342722966552,0.0013888313877086222,0.8171100917356175,-0.0013058169442294245,0.5013240832997055,0.3536362365145383,0.043093215969773314
2025-12-24 19:00:00,88049.89,87329.9,88009.81,-0.864796222325104,0.6133707073230444,0.005439400323649979,0.9443325601613289,-1.1813728765903755,0.4939493200147863,0.44502941083594416,0.04283250382378793
2025-12-24 23:00:00,88023.57,87508.52,87892.66,-0.9381791490147287,0.6235336200401335,0.0003029929172306822,0.745830501878534,-1.0943884080305732,0.4508045347269506,0.44759186156112724,0.0427162377438317
2025-12-25 03:00:00,87925.08,87661.17,87836.42,-1.0318663695854917,0.6260329953807363,0.0005896309130763999,0.6640521389616049,-1.2535507133493906,0.4680234493859209,0.45257995820267133,0.04250433748615274
2025-12-25 07:00:00,87888.0,87251.6,87414.14,-0.695832858876102,1.2256435409966564,-0.002822163489100915,0.2554054054013844,-1.0260946449257897,0.5262728488230625,0.42869124362535577,0.04280971345752796
2025-12-25 11:00:00,87759.33,87398.78,87718.21,-0.830419868562802,1.2335213699641416,0.000522081625215165,0.8859520177261003,-1.0588700905845114,0.49145539836496605,0.43309802634858835,0.041432942943107225
2025-12-25 15:00:00,88592.74,87714.0,88241.26,-0.2334445427067194,1.3507103744499949,0.007327518994484805,0.60001820788173,-0.574133578008061,0.41940243500183566,0.49498038530116206,0.03619825183635198
2025-12-25 19:00:00,88249.51,87311.0,87650.0,-0.8092023630734242,1.3578677770243965,-0.004786094245040617,0.36121085550115584,-0.9157342028479701,0.49962078378730285,0.45426469029378885,0.02663711522432375
2025-12-25 23:00:00,89440.0,86891.7,89199.99,1.0174244370155179,0.1715863648315851,0.005956190323681332,0.9058156417968636,0.49503864076681636,0.5472589305106148,0.504691977869281,0.02647283605758638
2025-12-26 03:00:00,89289.99,88516.73,89124.24,0.08183199324515866,0.17069927705617638,0.0073199042430263095,0.7856477769342077,-0.430776336786351,0.5869603196233479,0.5670340895969818,0.028622086044878373
2025-12-26 07:00:00,89567.75,88347.45,88748.34,0.18219899331242775,0.4898091759447708,-0.001082702797114532,0.3285175776421481,-0.4537459021632825,0.464745585632726,0.5577454356434275,0.030218850182850587
2025-12-26 11:00:00,89050.0,87345.88,87380.43,0.054558924561530664,0.49369990919314427,-0.005946455634472492,0.020274393821905566,-0.19431671028716044,0.40306003986170647,0.5067852218489686,0.030716468207663907
2025-12-26 15:00:00,87463.77,86655.08,87277.77,1.350897178106661,1.8534751875434279,-0.01453834756297867,0.7699983924523619,0.8632509018894686,0.42592567125432906,0.38293468779925566,0.03109534342976079
2025-12-26 19:00:00,87792.7,87246.0,87550.0,-0.6789719284440808,1.8333026369824776,0.005132717544759968,0.5560636546450356,-0.9163882821546703,0.49004848818597035,0.42602403663652955,0.029709686702942335
2025-12-26 23:00:00,87550.09,87253.05,87446.02,-0.9665639231366885,-0.5995238296970549,-0.0010790585781964568,0.6496431456824296,-1.2164912960682732,0.4130771843840189,0.416918805037959,0.0298075748670202
2025-12-27 03:00:00,87566.0,87386.97,87469.02,-1.0432355101351405,-0.59616854832869,0.0007555637390885828,0.45830307767089545,-1.3072415924166052,0.4369457365867175,0.42328746703451214,0.029723380328555163
2025-12-27 07:00:00,87702.0,87370.73,87503.01,-0.7619317121417721,-0.3034563702016919,0.0011709702846298686,0.3993117396564859,-1.1393156819539523,0.4834721542729963,0.4331650566961645,0.029128574224885056
2025-12-27 11:00:00,87549.97,87308.05,87544.9,-0.8865106375791358,-0.30145700343825726,-0.0013661741476492795,0.97904265868966,-1.1798174507726926,0.36916838375674266,0.4216273520407856,0.028141605401113802
2025-12-27 15:00:00,87589.99,87442.08,87500.01,-0.986374716511414,0.6171859579587613,0.0007628673949140463,0.3916570887436622,-1.229419136308769,0.49406766805738833,0.42806116869659244,0.027320038299035992
2025-12-27 19:00:00,87955.0,87499.99,87565.99,-0.8988564481231779,0.6270635821824594,0.0015418217068452478,0.14505175710105325,-1.1878920574620377,0.5275471439941521,0.44107439450040214,0.026046858323526205
2025-12-27 23:00:00,87984.0,87565.99,87810.78,-0.8797475787420002,-1.1353301832451024,0.0017151228790597273,0.5856079997945997,-1.1093117997230952,0.49319104938011626,0.45557262964629436,0.02569395931396249
2025-12-28 03:00:00,87845.45,87614.79,87732.0,-0.9647833630595876,-1.1263858316469453,-0.0007394238602093095,0.5081505245596251,-1.2141667853717977,0.4870638462545952,0.4493114294541532,0.025677170604500955
2025-12-28 07:00:00,88010.0,87675.87,87856.91,-0.9141380746435943,1.2823904953853233,0.0011225714254878838,0.5418250381426013,-1.1178197227173279,0.5303865891542661,0.458809969676504,0.0256337545419263
2025-12-28 11:00:00,88088.75,87794.86,87910.0,-0.9014906079395592,1.272847386098445,0.000796631006080073,0.3917792371162062,-1.1255930040579445,0.49733438356825704,0.4655581602954899,0.02563169631741955
2025-12-28 15:00:00,88006.0,87500.26,87598.49,-0.7523046388514711,1.7084999151997982,-0.001564733397598439,0.19423023687678878,-1.0173782868555283,0.47665903731985343,0.4522928833027375,0.025461625190918605
2025-12-28 19:00:00,87992.7,87435.0,87900.09,-0.8482863884453005,1.6911269543005034,-0.0017800982676390298,0.8339429800818711,-1.05182728432338,0.5304297542630846,0.3858394430289302,0.02534552346086304
2025-12-28 23:00:00,89383.74,87634.92,89163.25,0.5196178724787587,1.8269428358063633,0.011549838048553251,0.8739207008104073,0.28767120247713723,0.521967698684998,0.4878774818099457,0.028039162578330737
2025-12-29 03:00:00,90406.08,89101.79,89777.26,1.1277140413159017,1.8043647865823451,0.015019127884564165,0.5178832928220091,-0.002975453429411779,0.47888105445505347,0.6291966733416472,0.03339213606115706
2025-12-29 07:00:00,89846.71,87653.69,87780.01,1.5279756317810946,1.7822999448951757,-0.011928899176234187,0.0576009338717459,0.31458615447984756,0.514055182389418,0.5152685290537348,0.03168845625379287
2025-12-29 11:00:00,88190.71,86806.5,87429.96,0.763761314365159,1.7607815260705508,-0.01635462833886947,0.45040853627375865,0.5100711793606728,0.4871262238516629,0.3609352683508238,0.0294541827412008
2025-12-29 15:00:00,87996.22,87222.41,87464.77,-0.08156081015724488,0.2687635911997654,0.0024816159242193603,0.31320349956303134,0.27877076809550366,0.5480993591248514,0.3777922109466792,0.02800899836037627
2025-12-29 19:00:00,87668.23,87071.49,87351.05,-0.4423832464509488,0.27159672152715,-0.0037954835227144157,0.4684787344493703,-0.6130061371799376,0.5275138725324947,0.31579217345752664,0.028093582283136267
2025-12-29 23:00:00,87395.07,86986.82,87111.0,-0.6488627463932904,1.7522956838284658,-0.001377845221735008,0.304176362515496,-0.8040712125359151,0.40325112007679975,0.29070812409874097,0.02855144217992904
2025-12-30 03:00:00,87527.42,86845.66,87443.17,-0.5759906787886108,1.7345004668287556,0.0008096615017427755,0.8764227880650597,-0.8519295157002953,0.5190985839804211,0.28313950811395977,0.02855608676164115
2025-12-30 07:00:00,88224.76,87369.98,87949.51,0.026492940113937182,0.19346753112465756,0.006544021612110651,0.6779873183663864,-0.4626578196709107,0.5336658253229193,0.34933017138588823,0.028231556854870787
2025-12-30 11:00:00,89010.12,87735.09,88875.83,0.5398250231689433,0.19242986123761935,0.003960216360739288,0.8946769879854275,0.02574390009991234,0.5264873052857043,0.3896486090948007,0.02972773964178281
2025-12-30 15:00:00,89400.0,88129.91,88304.0,0.9442507913709932,1.247590822794917,0.005982830153260066,0.13706902660333228,0.8404852166727468,0.4585625077337501,0.4508002280247884,0.029978247326088867
2025-12-30 19:00:00,88470.0,87886.46,88430.19,-0.5275231639922655,1.236205095418426,-0.006107194174813202,0.9317784556168971,-0.6948172744593981,0.5405181333962291,0.38800399650603173,0.030132156412689674
2025-12-30 23:00:00,88784.0,88172.15,88673.6,-0.6332905433307582,-0.31749187362446596,0.003921648641989739,0.8195636185205708,-0.7482593280333509,0.5688102945407775,0.42808144653756575,0.030505049050089172
2025-12-31 03:00:00,88819.8,88325.06,88512.92,-0.7322518387085887,-0.3237506753339651,-0.00027959370382524273,0.3797145975587206,-1.0310006706239023,0.42699604884951115,0.42521292174776243,0.03059167912678829
2025-12-31 07:00:00,88897.99,88393.52,88847.26,-0.46871047815238404,-0.7497377435950077,0.0016840261882420382,0.8994390151862256,-0.9553506502208375,0.4219631212382764,0.4424855576348318,0.03136823714083472
2025-12-31 11:00:00,89200.0,88278.35,88479.99,0.24379444742072023,-0.7529817872319583,0.0020684094552141374,0.21878153311757487,-0.24653211181805826,0.42889865896680784,0.46373644354289845,0.031451744597231525
2025-12-31 15:00:00,88487.68,87400.41,87684.07,0.8385800668449115,-0.09485548803222883,-0.011059503454041941,0.2608919587567001,0.6091897809519731,0.4985504792627872,0.349875828624086,0.03195607921949346
2025-12-31 19:00:00,87879.04,87250.0,87728.29,-0.12044969156303638,-0.10021461142425844,-0.002434036453208277,0.7603491033835607,-0.6342602037106171,0.4912656426671541,0.32509389805769906,0.03213275538803017
2025-12-31 23:00:00,88088.1,87619.67,87914.0,-0.8050079069073327,1.6996998198093676,0.0024121317067755665,0.6283329419416213,-1.0633942129361242,0.5557861437706478,0.3495930300719065,0.0316582498593266
2026-01-01 03:00:00,88015.7,87550.43,87658.0,-0.70347659822541,1.6827460931992988,-0.0017557396189955554,0.2311990886962281,-1.053041880949598,0.45125367290037344,0.33171761628179774,0.032046733115038924
2026-01-01 07:00:00,87965.25,87596.0,87863.76,-0.8122644255925423,1.68050581827612,0.0008457756368849267,0.7251455653154862,-1.1261286134007502,0.45914474364200264,0.34031344963492655,0.03006569119819596
2026-01-01 11:00:00,88036.42,87810.66,87967.05,-0.7586534097561738,1.6790806492160881,0.0019291590854235707,0.6927267894803144,-1.0318384988894287,0.48358847198878574,0.3599365678180641,0.023781553075798604
2026-01-01 15:00:00,88500.0,87879.03,88193.94,-0.6169099046787029,-0.7516060382261232,0.0026595023611613033,0.5071259481052734,-0.7299792036525922,0.505989738982717,0.38704081648698324,0.02372642685393423
2026-01-01 19:00:00,88699.99,88062.32,88645.57,-0.7334809343214902,-0.7510332451258505,0.0028158818605021896,0.9146580519561137,-0.9721954579000701,0.5257354824700593,0.415815125090466,0.023678592131642286
2026-01-01 23:00:00,88919.45,88379.88,88637.03,-0.4108264853833984,0.38394953520095093,0.0031820215187572387,0.4765832051360008,-0.6936001847174884,0.49201472320433415,0.4484224208424011,0.02350349491594595
2026-01-02 03:00:00,89120.01,88573.64,88935.04,-0.44292795988493255,0.3764422767157343,0.0019562034928990446,0.661456522124902,-0.5867425330598841,0.5481380507865469,0.46853211384759397,0.023352153953514768
2026-01-02 07:00:00,89942.44,88758.94,89666.29,0.5411528209123444,-0.03941613611418017,0.005891313240907525,0.7666666666601814,-0.2886496658699127,0.4953464249488476,0.5292130488436734,0.024640395290781297
2026-01-02 11:00:00,90135.0,88459.96,89580.0,0.8437315700528931,-0.03965856176671193,-5.7029223105353744e-05,0.6686646289003912,0.4467390733472129,0.47288423799524043,0.5286221833036263,0.025885713409160762
2026-01-02 15:00:00,90961.81,88800.0,89773.1,2.335276833098898,0.1388757777376259,0.007404754783549405,0.4501320652580502,2.886370723184195,0.521717652250865,0.6053366233887347,0.0285518222873662
2026-01-02 19:00:00,90400.0,89636.77,90195.37,-0.29434704916397003,0.13966830707713368,-0.0008251081404156979,0.7318894697439505,-0.20711298057301827,0.5933326663894872,0.596725073799431,0.03280903489044049
2026-01-02 23:00:00,90418.32,89902.16,90340.0,-0.6896664446403085,-0.3764212115282712,0.0017376376934130633,0.8482641041373041,-0.8718367439273039,0.5631154668413558,0.6148456154813864,0.036898257454410645
2026-01-03 03:00:00,90480.62,89850.1,89871.05,-0.6763495785515563,-0.3828167691782162,-8.962354483443846e-05,0.0332265431701852,-0.918584014399265,0.4650584021793571,0.613909373618732,0.03878684183776974
2026-01-03 07:00:00,89982.11,89314.01,89754.47,-0.11204094651524096,-1.0160612680447214,-0.004952258991030245,0.659272563977563,-0.4961842957184688,0.5329555464271626,0.5621808166863214,0.04006499578831501
2026-01-03 11:00:00,90249.99,89664.93,90126.02,-0.6521731987933466,-1.0291355691318305,0.0030730891723464993,0.7881072026665988,-0.8661250550968009,0.5583811799564341,0.5941216391221299,0.041810535163870954
2026-01-03 15:00:00,90219.67,89918.59,90138.87,-0.9741394886737162,0.768594906619525,0.001384147059431573,0.7316327886032988,-0.9994997090685901,0.4720010734639285,0.6085522842092318,0.043584757305596654
2026-01-03 19:00:00,90741.16,90017.23,90590.04,-0.6453726259180333,0.7620578657454785,0.004438598854066944,0.7912505352618059,-0.9388546288674307,0.5469337486154685,0.6548916536299633,0.04591251446054275
2026-01-03 23:00:00,91610.17,90469.39,91124.0,0.3417201979021166,1.5286611262149725,0.007554175378879924,0.5738266799858545,-0.22521369332045058,0.5364119212892687,0.7341079766284127,0.04755210697703552
2026-01-04 03:00:00,91810.0,91080.06,91237.55,-0.2568869323910243,1.5141701477323601,0.0032331935363587583,0.21575745951427125,-0.6700227589016907,0.5548913943218502,0.7682687524664608,0.048674905298850935
2026-01-04 07:00:00,91620.5,91174.46,91600.62,0.3754193534988624,0.3948231874721141,-0.0006024090005707361,0.9554300062560326,-0.5609586063076218,0.49591966848309504,0.7618833339292802,0.050387446643627556
2026-01-04 11:00:00,91600.62,91014.1,91336.39,-0.46188995118615617,0.3898204646742905,-0.0015580040713023546,0.549495328368179,-0.7727347516237082,0.4596480186632241,0.7453787415382812,0.0491199093004441
2026-01-04 15:00:00,91455.9,91000.0,91205.39,-0.6422868823448395,-0.02660389570572176,0.0001214500887636305,0.45051546390764835,-0.8005770781411453,0.4724783604648092,0.7466633089236933,0.046882182910710744
2026-01-04 19:00:00,91421.96,90863.47,91220.01,-0.8137778167057355,-0.02448237669306767,-0.001133156940306801,0.638399971339874,-0.9815715973929001,0.5349144657317451,0.7346765475500507,0.04372292374269982
2026-01-04 23:00:00,93388.0,91220.0,93033.11,2.0113035400861503,1.3225890236209499,0.014129085758588955,0.8363053505496484,0.3290914670258456,0.5846174487443051,0.8839674883686581,0.04689894069829534
2026-01-05 03:00:00,93204.7,92155.0,92491.81,-0.1181566980760737,1.3139332764136393,0.002553651650963218,0.32086310374086885,-0.6099533972416336,0.491908978386105,0.9113311547219446,0.04814292618659404
2026-01-05 07:00:00,93151.0,92320.17,93080.0,0.28052342492913385,0.18170908540586,-0.00037243381184326463,0.9145432880262565,-0.3754283017659557,0.4338900938862662,0.9073301472937035,0.04965158919249892
2026-01-05 11:00:00,93666.0,92407.13,93428.0,0.5503295035268756,0.17337803098744098,0.003758088988937258,0.8109415586930261,0.6543594286484914,0.5095531219842988,0.9476877665943617,0.05206436354750179
2026-01-05 15:00:00,94500.0,93170.95,94449.62,2.1620510404592546,0.9443879812715751,0.00914529511839568,0.9620932244764114,2.038011931054226,0.5450690143327916,0.9999999999988921,0.05923839213428648
2026-01-05 19:00:00,94789.08,93800.0,94171.22,0.4283685248886202,0.9360054062849769,0.00479177793612795,0.37531847777353433,0.441295794495983,0.5295678982861121,0.9999999999989447,0.0631972387755106
2026-01-05 23:00:00,94194.01,93529.18,93620.6,-0.29618316713326526,-1.8890370427687737,-0.00507981493038645,0.13750883684345994,-0.12081240241691313,0.4186945534294816,0.949451503629732,0.06439127409990979
2026-01-06 03:00:00,94000.0,93538.83,93780.01,-0.3968277204735527,-1.8703305816487952,-0.0006155909468803511,0.5229741743711954,-0.5494148109694815,0.4778588558232756,0.9433569652327713,0.06558934612207681
2026-01-06 07:00:00,93782.6,93137.98,93579.56,-0.13236463331378365,-0.5737122522118556,-0.0037424053954122627,0.6850237349029579,-0.4749513715950009,0.43721070966305536,0.9063288169910463,0.06596096551199034
2026-01-06 11:00:00,94444.44,93531.28,93836.81,0.5944391510549619,-0.5690447092932065,0.005782381855786722,0.3345853957648734,0.26823332900956987,0.5200319257196886,0.9633268116626916,0.06439839938804255
2026-01-06 15:00:00,94311.22,91262.94,92034.09,3.5003088865817493,-0.6060117854471905,-0.01357339537089175,0.252978728987319,2.0818178104983107,0.390804089092805,0.8287577166629022,0.06081091760402009
2026-01-06 19:00:00,93845.03,91902.0,93362.68,1.5124328320946137,-0.6044823229514228,0.0028057187972025943,0.7517537042621454,0.3113740126738072,0.4375918913676314,0.8561965568923292,0.05650445002301122
2026-01-06 23:00:00,93792.17,92236.07,92949.77,0.5293531002624594,0.5884770513063345,-0.0002152145279886719,0.4586466165384067,0.17581511271813666,0.42795135366859666,0.8540859371505984,0.05174578354206012
2026-01-07 03:00:00,93108.69,92500.0,92614.84,-0.6553354419984401,0.5843957595806214,-0.0016691723131134761,0.18866746619479438,-0.7000610897596329,0.4737070875923127,0.8377198029907978,0.04772514586899539
2026-01-07 07:00:00,92961.53,91600.0,91975.31,0.2803973336194367,1.616598041253243,-0.006604918732469711,0.27565312552587273,-0.3390735491045842,0.43097608779932595,0.7730670689704431,0.0459300963450777
2026-01-07 11:00:00,92299.4,91353.39,91959.04,0.5960531973778336,1.5989924046829,-0.0028383878273249286,0.6402152197054951,0.12322061414491603,0.5310921361625036,0.7454668099700178,0.0440702004430877
2026-01-07 15:00:00,92000.0,90733.14,90901.39,1.1421308634618446,-0.5622767013849588,-0.006108009586936025,0.13280867656936982,1.0388965728335786,0.44810186626517495,0.6862415899256495,0.046946563267773744
2026-01-07 19:00:00,91383.14,90675.52,91180.85,-0.24109239036181604,-0.561806335178549,-0.003279871396045242,0.7141262259303918,-0.26022764152807537,0.5118936067902567,0.6546331559853322,0.047301229072882915
2026-01-07 23:00:00,91687.99,90764.0,90956.49,-0.08007070470454636,1.1911828659804236,0.0024073658996313085,0.20832476541728903,-0.3073341405685806,0.5193433151478914,0.663028184222983,0.04829487963738798
2026-01-08 03:00:00,91188.0,89897.01,89898.01,0.4296958788608839,1.1803441117886695,-0.006996421748294512,0.0007745993384861618,-0.13469954117476568,0.39482793317022374,0.5925832425046265,0.05456190110066223
2026-01-08 07:00:00,90917.22,89641.84,90410.1,0.7331976158362551,1.563962293079763,-0.003918150843116086,0.6023773306731977,0.3141837035568675,0.5033952681137039,0.5534085317824522,0.058462676864989994
2026-01-08 11:00:00,90487.31,89311.0,90024.01,1.1164508815312948,1.5517083338084354,-0.003890697131169407,0.606141238273869,0.5676865266626732,0.5371536805869239,0.514660727484156,0.06379710712773246
2026-01-08 15:00:00,91469.0,89820.89,91117.35,1.22358999536241,0.4630096300051022,0.009490462862439264,0.7866343872630709,1.2302937211638034,0.5436252713846809,0.6088093701053474,0.06385643379128701
2026-01-08 19:00:00,91493.0,90568.11,91231.9,-0.11237047305134039,0.4581339168763872,0.003394370082416831,0.7176961584543211,-0.1958614696180268,0.5560342014588293,0.6428022594244363,0.06352364327631779
2026-01-08 23:00:00,91632.1,90850.0,91038.38,-0.5286515959340958,-2.320328739565146,0.0017960924215132401,0.24086433959544126,-0.45334698776255,0.528613786558529,0.6608502655445251,0.06015037657365689
2026-01-09 03:00:00,91271.73,90882.71,91137.58,-0.6357418447367739,-2.284238527844657,-0.0018274095170633942,0.6551591177663117,-0.7684655580758094,0.526250657046688,0.6424545889899362,0.056398248265026055
2026-01-09 07:00:00,91137.58,89694.66,90485.87,0.4814997111358727,0.7032272003529866,-0.0064982577547576525,0.548339478276349,-0.24056728941544958,0.4358317434642994,0.5771592085866234,0.055360550271425404
2026-01-09 11:00:00,90938.62,89940.0,90150.0,0.5292007377234355,0.6966894603362807,-0.0002481357838436393,0.21029020047455296,0.26469357013931616,0.5544965010417591,0.5746821085006136,0.05327172610367854
2026-01-09 15:00:00,92082.55,89850.0,90820.31,2.7379940258724127,-1.4173736403681614,0.009390185302973642,0.43461960538202965,1.5341994411476196,0.5932940310514545,0.6683995752709964,0.04885391869191229
2026-01-09 19:00:00,90820.3,90113.87,90630.08,-0.3442475362945484,-1.4058732054982783,-0.008959298437969054,0.7307305748519932,-0.26406995243252795,0.5865691673777088,0.5781428734758834,0.042412219864827023
2026-01-09 23:00:00,90782.23,90527.99,90697.17,-1.1338888548259676,0.210556427356815,0.0020858449931433487,0.6654342353419795,-1.1162046251731592,0.44010190140675515,0.598967584245326,0.04187681494595364
2026-01-10 03:00:00,90697.18,90408.23,90505.47,-1.214555806144212,0.20317284243708247,-0.0013401825680207091,0.33652881120138756,-1.1499944686255221,0.41963335706450045,0.58555952750166,0.03569890807156058
2026-01-10 07:00:00,90832.0,90505.47,90828.0,-0.9812299033890497,0.8070053393358436,0.0016287127667067303,0.987749977000957,-1.0654031716109444,0.6501329358469367,0.6018323898553062,0.029532648327878344
2026-01-10 11:00:00,90828.0,90538.46,90591.01,-1.2151944311524439,0.7998039235260581,-8.937166780720318e-05,0.18149478482480683,-1.1364979089013834,0.4291883300072639,0.6009380016189039,0.023988662331438388
2026-01-10 15:00:00,90746.0,90504.55,90595.62,-1.0949988616330717,0.36630823310877,-0.0006616755282139453,0.3771795402618419,-1.1635447051486794,0.4741570234919626,0.5943168661564111,0.020876057753430467
2026-01-10 19:00:00,90659.03,90404.0,90427.76,-1.1258068344194339,0.36828515020294783,-0.0009051080748370133,0.09316550993633382,-1.129842283465958,0.4864058295547276,0.5852657865884741,0.01697095343277811
2026-01-10 23:00:00,90731.9,90427.75,90699.0,-1.1674862664014423,1.1284745824848035,0.0006538165604939028,0.8918296892687387,-1.0834949923792552,0.5241471466474548,0.5917980335949994,0.016767819672219113
2026-01-11 03:00:00,90850.0,90585.34,90744.0,-1.022926818290144,1.11902758023861,0.0014479913393274924,0.5994861331293226,-1.1151991103729004,0.48375434698404624,0.606274297852084,0.015933882664031427
2026-01-11 07:00:00,90816.0,90610.27,90736.67,-0.9416981697692229,-0.12416115750737451,1.194362012846284e-05,0.6143975112713397,-1.0632596579205564,0.5388733738116579,0.606393876852814,0.015646600033366834
2026-01-11 11:00:00,91191.5,90695.05,91127.16,-0.8543550207140662,-0.12393082704564226,0.001926331953596483,0.8703998388383505,-0.9960296493060943,0.5992484345356577,0.6256804582080849,0.014272140258693784
2026-01-11 15:00:00,91283.89,90708.25,90886.68,-0.4765651828627147,-1.0334742647108046,0.000814371659474844,0.3099680355723951,-0.7231955988433235,0.5201917885790538,0.6338497153612442,0.01409301613107335
2026-01-11 19:00:00,90922.08,90370.85,90526.02,-0.5954721865124185,-1.02657781539306,-0.0038656026451043823,0.2814977414095467,-0.7342143981233699,0.47169175184487583,0.5950408756652266,0.012353629158721
2026-01-11 23:00:00,92384.4,90236.0,92203.56,1.0915978560517505,-0.9864540308378698,0.008011923303575585,0.9158257307721304,0.61782660084039,0.541223946357466,0.6751658989605682,0.01836957923081741
2026-01-12 03:00:00,92519.95,91741.82,91836.34,0.1355953317590187,-0.9907048761501678,0.008378193985881577,0.12147070540754888,-0.44899446793550823,0.5274265420394771,0.7596251967730305,0.02065325240762682
2026-01-12 07:00:00,91970.0,90370.0,90433.46,0.5802237219680425,-0.6569261199735499,-0.012323151608777838,0.039662499999756115,-0.03476481112335543,0.45843428744215453,0.6343565771366012,0.021216626154931948
2026-01-12 11:00:00,91131.39,90128.44,90908.95,0.23379955715653725,-0.655469353157836,-0.0038491019865948273,0.7782142679019043,-0.14488367902170493,0.49195461438092875,0.5957114453595372,0.020854825519322665
2026-01-12 15:00:00,92332.0,90705.91,91691.8,1.6203839259875166,-0.12664022541449396,0.011689968968312536,0.6062948545246196,1.1317156091135063,0.49322093184789517,0.7126274223843291,0.022181917859080618
2026-01-12 19:00:00,92046.23,90938.2,91244.99,-0.4384709121213062,-0.13063077492361522,-0.0022807053106815856,0.2768787848679546,-0.458134389867127,0.48138578626367573,0.6895505407380876,0.021367985204347892
2026-01-12 23:00:00,91546.08,91042.66,91118.3,-0.484236015343139,-0.8795888443407477,-0.0023327701352766628,0.15025227443982592,-0.6863522392111353,0.44402806258315775,0.6660006841557603,0.021475457255575967
2026-01-13 03:00:00,92275.38,91118.29,92184.36,0.0528193110603869,-0.8928131655987517,0.006238609774115833,0.921337147491365,-0.4656747680229067,0.53070571284858,0.7288339811282014,0.024253073080758577
2026-01-13 07:00:00,92672.11,91905.33,92128.62,0.5576520620605718,1.4562026464466944,0.003879701261648938,0.2912047784202534,-0.3389787261576475,0.5461544753257308,0.7681528749054932,0.02638622283430159
2026-01-13 11:00:00,92915.12,91787.61,92462.03,0.8760432246749925,1.441874092445786,0.001004730271645382,0.5981499055387712,0.2201136657254292,0.5347785122728108,0.7783748346118805,0.028835785666442803
2026-01-13 15:00:00,93871.29,92132.66,93633.71,2.123941820859971,-0.533611736185068,0.010810140753941822,0.8633521795847179,1.7003706149858016,0.5198377563797716,0.8884659205987085,0.03668093790236781
2026-01-13 19:00:00,96495.0,93475.07,95757.21,3.458741190041158,-0.5371398950774585,0.015754837426550372,0.7556930127494504,1.4658841376437861,0.577442352490142,0.9999999999989497,0.05416400681019825
2026-01-13 23:00:00,96107.97,95055.01,95347.46,0.761196780711179,-1.5486156165103988,0.0071008619886470115,0.2777408448537765,0.203440833620255,0.4967760751827969,0.999999999999019,0.06395778911811002
2026-01-14 03:00:00,95799.22,94559.28,95028.87,0.1602998066714587,-1.5334410677360766,-0.0031807627373570124,0.37871993805846127,-0.2552754794889895,0.48495706038077696,0.9702237099504698,0.0693668674547602
2026-01-14 07:00:00,95315.15,94850.0,95091.75,0.10455792779796648,-0.8164431433527023,-0.0008275341818673176,0.5197248199393868,-0.33553944943705755,0.44024775785817394,0.9625014989580313,0.07361740060307594
2026-01-14 11:00:00,96827.0,94680.67,96493.15,1.0014329384611222,-0.8250799117565191,0.00666562929361425,0.8444554192465977,0.5403198517495906,0.5452891117693115,0.9999999999990427,0.08082220237904005
2026-01-14 15:00:00,97777.0,96188.25,96806.55,3.918977756902473,-0.3327110764943718,0.014111972597405043,0.38917387883311483,2.392795301452131,0.5656776060268519,0.9999999999991522,0.08755418267064703
2026-01-14 19:00:00,97924.49,96688.36,96878.34,0.9641413243269059,-0.32935498376796185,0.0032976704834770665,0.15368933688079597,0.4768634144590215,0.5048143270750625,0.9999999999991745,0.09327528234819302
2026-01-14 23:00:00,97371.33,96095.8,96339.91,0.1459177397860133,-1.690728174931869,-0.007208663690085215,0.19137926979223305,-0.24915385393277523,0.47263961747340255,0.9420765335272138,0.0955932147598457
2026-01-15 03:00:00,96588.45,95777.0,96243.78,-0.05057747961102044,-1.6759275420713617,-0.004575947829145721,0.5752418510003674,-0.35186249312514645,0.4867435221266991,0.9055726707666518,0.09479463148824577
2026-01-15 07:00:00,97193.34,96191.79,96818.68,0.3916804828089113,-1.0306231761171842,0.004983802551500771,0.6259198242661259,-0.17664216337685285,0.5200342146442162,0.9451481986982837,0.09728027746318087
2026-01-15 11:00:00,97165.03,95592.69,96063.43,0.48350169760084666,-1.0333422684975135,-0.0014967495669150344,0.2993881730395448,0.21764634702088306,0.4602639994991594,0.9332035304458518,0.09773692825957316
2026-01-15 15:00:00,97163.0,95435.91,95835.0,3.867382830241248,-1.0926010465153984,-0.0017952435822623514,0.23107655072850086,1.676849258733201,0.5478959785001102,0.9188982025452189,0.09205581546499383
2026-01-15 19:00:00,95920.31,95134.48,95583.87,0.05534055845201148,-1.0834673771181362,-0.008664785677818032,0.5718666887167451,0.05166838025662308,0.4000652317502156,0.8499771511502002,0.08614334468933012
2026-01-15 23:00:00,95855.12,95378.58,95504.4,-0.6698383413857281,0.6905670762499175,0.0005130626382923165,0.26402820329322585,-0.5651481171727284,0.4416102725115634,0.8540227702653174,0.0814501738576747
2026-01-16 03:00:00,95816.83,95133.03,95741.21,-0.17584189239301962,0.6872677708070424,-0.0015718579901963237,0.8894121087907442,-0.6043910929948371,0.4062688446316165,0.841621942582643,0.07352220630931824
2026-01-16 07:00:00,95871.47,95280.51,95307.35,-0.4171489956260949,0.6801945203216482,0.0016151322510009614,0.04541762555766311,-0.761934367328589,0.42552831352405207,0.8543441440455037,0.06280279836004742
2026-01-16 11:00:00,95809.08,95192.35,95192.36,-0.5548481678619812,0.6740616453111086,-0.0015908496163270502,1.6214550929254668e-05,-0.32676681276010916,0.48942475943805724,0.84179297485075,0.05506024428299443
2026-01-16 15:00:00,95663.15,94293.46,95001.19,0.6596394749654895,-0.8045100171826578,-0.006195688663355625,0.5167081602368676,0.7879552220132986,0.45032538286481755,0.7929892246792689,0.0448857449647517
2026-01-16 19:00:00,95600.0,94682.0,95514.0,-0.7118449851920977,-0.8056752221850095,0.004548337568215821,0.9063180827787982,-0.37298746073446193,0.5165381770892737,0.8285947317674713,0.0326560991611096
2026-01-16 23:00:00,95578.2,95200.0,95371.35,-1.1113431946596288,-1.609431238020416,0.0016654151932586903,0.4530671602207204,-0.9904990686730719,0.43270589296079615,0.8416913101721987,0.02583441780796065
2026-01-17 03:00:00,95384.87,95186.29,95240.07,-1.114488617977857,-1.5968134268074838,-0.0014214244762814632,0.2708228421659013,-1.099560256895638,0.5180790637141632,0.83049482282969,0.026392593968493534
2026-01-17 07:00:00,95290.08,95021.67,95116.48,-1.0399203307084228,-0.6344167412880926,-0.0013104526926066562,0.3532282701705009,-0.9772566161909696,0.46034797704132313,0.8201871269749264,0.026856520988316625
2026-01-17 11:00:00,95544.07,95073.57,95471.18,-0.8349897998444257,-0.635230764536124,0.0016507400736411881,0.8450797024262173,-0.887281865337184,0.5494097518346922,0.8331544236424498,0.025951011803885083
2026-01-17 15:00:00,95639.45,95212.25,95428.25,-0.5942984535484555,-0.6562078789174264,0.0014409530468382226,0.5056179775162577,-0.8302421369083063,0.4768956025647256,0.8444924352761177,0.02532058750175556
2026-01-17 19:00:00,95428.25,95050.0,95170.97,-1.1133472089733862,-0.6680719276119196,-0.002241280671012036,0.31981493720238735,-1.0208543342735963,0.40791264712212283,0.8268317048337888,0.02505966239594567
2026-01-17 23:00:00,95250.0,94876.33,95022.01,-0.9617979345358508,-0.5021055176036953,-0.002182026755675026,0.38986271307863907,-0.8402562089510692,0.39756823437178257,0.8096764165927296,0.023542251426485954
2026-01-18 03:00:00,95260.0,95022.01,95171.43,-1.016588223604766,-0.4983583503237796,0.000902007935852156,0.6278415059192258,-1.0093653687249138,0.5622841588246368,0.816752608927814,0.02043260827076969
2026-01-18 07:00:00,95295.39,95021.44,95180.66,-0.6947848441525778,1.3731965164621467,0.00011212011723671367,0.5812009490570937,-0.9427659114282091,0.45985000522356156,0.8176329771827509,0.019165610606452704
2026-01-18 11:00:00,95376.24,94910.0,94955.79,-0.6421766662680548,1.364657099958085,-0.0002498268952391136,0.09821122168627953,-0.8505802887947105,0.4171688202617074,0.8156711140231282,0.018358661718652726
2026-01-18 15:00:00,95521.71,94915.21,95439.6,-0.8223927481475282,0.43202942134150996,0.0013417433898865738,0.8646166529123713,-0.7863011489712276,0.6250234335976509,0.8262050451285105,0.012153520160969324
2026-01-18 19:00:00,95531.12,95284.23,95498.61,-0.8909938780009524,0.4293174058909257,0.0020020033368284285,0.8683219247086635,-0.9200100605600959,0.5004147824180979,0.84194371867947,0.010134806313533454
2026-01-18 23:00:00,95498.6,91910.2,92566.8,3.018038409376216,-0.5162265103479265,-0.02437967313401146,0.18297848623291005,1.9046142646990962,0.45799823517347044,0.6499001362418729,0.028050588942847777
2026-01-19 03:00:00,92811.11,92385.07,92583.27,-0.24385259008791768,-0.5163828387769549,-0.00531594936809654,0.4652145338356678,-0.5408886141483057,0.5355122830144833,0.6090462292118344,0.03721757807048303
2026-01-19 07:00:00,93368.44,92562.0,93064.88,-0.13389686555475588,-0.9889406164466015,0.0038573188002533065,0.6235801795468571,-0.3662830039502431,0.5326300499216766,0.6385327443589409,0.04114104354885521
2026-01-19 11:00:00,93317.29,92700.0,92812.43,-0.3558187093843969,-0.9945934824759801,0.0003977717322773966,0.18213481507585225,-0.37028567487512437,0.41870220094197635,0.6415851610591397,0.04491992549457067
2026-01-19 15:00:00,93420.0,92812.43,93065.84,-0.472954746856709,-0.8194039403849748,0.0011374387189255764,0.41708774296925405,-0.32693462361735187,0.4744500934199296,0.6503170987450754,0.04722648092136625
2026-01-19 19:00:00,93342.36,92565.78,92565.78,-0.7429411738980997,-0.8134866856283075,-0.0010238233279900033,0.0,-0.5963883056947937,0.3971685255760628,0.6424484285381851,0.051138922376814895
2026-01-19 23:00:00,92870.0,92158.48,92552.16,-0.3170543923102999,1.418855649161105,-0.0049824679138446015,0.5532943557376776,0.15589271540541053,0.4525326017131872,0.6041945068313139,0.054227003293494364
2026-01-20 03:00:00,92650.0,90771.78,90929.98,1.0276105573402492,1.4076146055674583,-0.011224157223290065,0.0842286846051872,0.758463673423176,0.38683353491105044,0.5184481003131058,0.0634794867386385
2026-01-20 07:00:00,91319.05,90693.0,91269.58,0.27810678214366025,0.4445603691492762,-0.0050909705152881735,0.9209807523213629,0.40671899718997795,0.5435775170304485,0.47999240959251094,0.06790595139885625
2026-01-20 11:00:00,91442.88,90272.53,90531.15,0.6402340593907331,0.4511603491527051,-0.0015496753332698843,0.22097663092048048,0.7377533305063226,0.40420207174085054,0.468346212723577,0.07488601930326098
2026-01-20 15:00:00,90974.49,89395.07,89501.0,1.6882084793907286,0.14915478456863296,-0.008909616672856613,0.06706892403497641,2.1208753550683044,0.4381230928830434,0.40149198307892214,0.08507669653969133
2026-01-20 19:00:00,89854.2,87900.0,88509.18,0.953430101983448,0.145536030846708,-0.011498106519319706,0.311728584585445,0.9049826225966052,0.42616562858078993,0.3159834493665705,0.09648473576975539
2026-01-20 23:00:00,89381.86,87895.98,89048.57,0.8340624381197879,1.465281842663776,-0.004515874752365923,0.7756952109135667,0.425975263089693,0.5195906615208761,0.28278616753638763,0.10067759293162536
2026-01-21 03:00:00,90120.44,89046.0,89649.62,-0.34923236350333475,1.4504926765494253,0.010456837775310479,0.5617996351535461,-0.45825680730162477,0.543519319574362,0.35930975936125104,0.10128819190058251
2026-01-21 07:00:00,89767.29,89000.0,89248.99,-0.09058352685705211,0.24327781496661557,-0.003342789225299958,0.32450572794740223,-0.07099690938222258,0.5468768456996231,0.3345912807642645,0.10303098377596119
2026-01-21 11:00:00,89993.88,88196.72,89805.43,1.1024919062776457,0.2365234774189999,-0.0030852271180631385,0.8951401099462694,1.4598948915572922,0.4715385742104708,0.31185362452355064,0.10009421827893979
2026-01-21 15:00:00,90574.0,87263.53,88485.43,1.8936799703924547,-0.8946592251123776,-0.004890683953834296,0.36910166834204894,3.392993781044513,0.4456505401036235,0.27592122774186756,0.1011508050532428
2026-01-21 19:00:00,90450.0,88280.55,89763.51,0.7457924266269381,-0.9050843180087571,0.014123701409680667,0.683564958857387,1.17548435381532,0.5257662990569156,0.3791821281299544,0.09477038547037546
2026-01-21 23:00:00,90359.99,89344.98,89938.3,-0.41652142880609666,0.31958314383792596,0.0010217932999503354,0.5845459650586261,-0.1403541466279815,0.5802720627748037,0.38675815250925766,0.08514183270847267
2026-01-22 03:00:00,90215.79,89702.84,90172.11,-0.7056747811492126,0.3153048422549981,0.000667990641405547,0.9148455014930467,-0.5785256947218869,0.5231840123138943,0.3917159892730245,0.07152917549122986
2026-01-22 07:00:00,90196.99,89760.0,90078.77,-0.7089716879494622,-0.07000009972143453,-0.0001594372607576222,0.7294674935186287,-0.6474158691329773,0.4548919350377501,0.3905318530196632,0.06947361674009948
2026-01-22 11:00:00,90340.0,89039.78,89088.59,0.04671116816631156,-0.0667793711969861,-0.003072129801308776,0.03753980095647062,0.2992667488783498,0.5126658776384517,0.3677188653191768,0.06894312740980586
2026-01-22 15:00:00,89797.5,88515.37,89333.94,0.4002337439273334,1.2690997579606098,-0.006473785552315814,0.6384453994474972,1.4983996154219554,0.5104912589623041,0.31979358613425346,0.06407919817970621
2026-01-22 19:00:00,89946.13,89114.48,89346.99,-0.6023869749186688,1.257807361084216,0.0046178718196518975,0.27957674502159696,-0.22737611884109232,0.4462991889673001,0.35375826766989477,0.05902829991983713
2026-01-22 23:00:00,89979.97,89170.74,89663.48,-0.7717475610278979,-0.09697442918552396,0.0015993479751488238,0.6088998183383021,-0.5068958363500243,0.5146830540211867,0.365575874519654,0.05029207050353909
2026-01-23 03:00:00,90088.94,89400.0,89509.59,-0.5324161743935159,-0.09840708668580894,0.0012311935967137533,0.15907045606062273,-0.2641612674719133,0.44834721165764096,0.3746877327522267,0.042492721139400225
2026-01-23 07:00:00,89686.4,88860.44,89046.49,-0.25347895733808484,-0.6258320690037263,-0.005716012515767477,0.22525303888536033,0.004587141360603942,0.4796196017864218,0.3323323950499575,0.03210856202911421
2026-01-23 11:00:00,89733.71,88663.65,89017.85,-0.12273216557851802,-0.6214340021491489,-0.0007614984789385826,0.33100947610105746,0.1872396261213778,0.48935533722132385,0.32672198681645137,0.02964698140118364
2026-01-23 15:00:00,91224.99,88578.36,90530.45,1.1309771326802194,0.5002717877754377,0.010690130833203693,0.7375757094843697,2.078301577075918,0.5190052411308674,0.40542250700148885,0.02533817371542246
2026-01-23 19:00:00,90534.59,89200.68,89624.61,0.17420166858764904,0.5042643782109184,-0.004431043312281058,0.31781004715222794,0.6532869234358194,0.4998058322446808,0.37245253315973886,0.02331261362101795
2026-01-23 23:00:00,89722.57,89424.39,89702.85,-1.092630633611787,-1.1921923766094578,-0.002142650921015621,0.9338654503677667,-0.8982845269053166,0.4755963759954336,0.3565803971802609,0.023408740566670097
2026-01-24 03:00:00,89957.39,89602.22,89649.32,-0.7784469955895984,-1.1824122129783496,0.0022378266490572507,0.13261255173207176,-0.9349812335781164,0.4272327357911543,0.3731220482332712,0.021130207663121497
2026-01-24 07:00:00,89692.31,89572.81,89626.8,-1.0018350692976914,1.1120910522574807,-0.001580357320045911,0.45179916314215274,-1.09052345326864,0.389154060578728,0.36141416193454046,0.020518450463378888
2026-01-24 11:00:00,89676.26,89171.75,89450.03,-0.9057214634784172,1.1055089856737983,-0.0014844046659181487,0.5515847059413805,-0.9850652710677926,0.42783537626750157,0.35043450852390445,0.020568540915958555
2026-01-24 15:00:00,89492.14,89162.08,89395.23,-0.9030135382824823,-0.45859430424112363,-0.0014008227436702603,0.7063867175450886,-0.9202465784246613,0.43559793620898835,0.3400884636681365,0.020403890089101345
2026-01-24 19:00:00,89489.84,89270.0,89430.0,-1.1238543144778548,-0.4690545797334513,-7.869092593193461e-05,0.7278020378126115,-1.072480231809831,0.4965180666834863,0.3395080908925733,0.020268392598065163
2026-01-24 23:00:00,89474.65,89102.58,89139.04,-0.9839364216289049,-1.26586655741197,-0.001347460477253204,0.09799231327173023,-0.9493255660452412,0.3872365119838863,0.32957088619878333,0.017607619376859687
2026-01-25 03:00:00,89176.72,88649.98,88831.36,-0.4157799010280511,-1.2540636009517339,-0.003670316723481948,0.3443444583600247,-0.6918613135881049,0.3326813950186786,0.2902660580641557,0.019048481474449118
2026-01-25 07:00:00,88831.36,88136.0,88659.51,-0.5453794206739273,0.8515382307251489,-0.004404981252038698,0.7528618269564912,-0.5467106654971141,0.5177819499350622,0.15474369811391034,0.020456800874115052
2026-01-25 11:00:00,88971.89,88450.0,88710.1,-0.6941930410607137,0.8465865589013771,0.0023623885938324207,0.4983808848512566,-0.5434034911495064,0.5471743089710296,0.16854048899139396,0.020346915530630057
2026-01-25 15:00:00,88760.35,86827.1,87420.01,1.3786370116407087,-0.12877256112200164,-0.010918602606570627,0.30669080563658196,1.3655083158593901,0.4016125992615382,0.07524056179925034,0.02763592296670897
2026-01-25 19:00:00,87508.15,86194.85,86521.39,1.114244248117095,-0.12222263601367052,-0.013253266028697364,0.24864082844552662,1.3892459878116035,0.4530608951318332,0.0,0.039778324275753334
2026-01-25 23:00:00,87973.11,86074.72,87563.38,1.0166301377584848,-0.3845086675138917,0.0063310424098939055,0.7841697438314373,1.4814486830499953,0.5294456975026026,0.05092648165738949,0.042341810675152455
2026-01-26 03:00:00,88031.73,87062.76,87937.44,0.9043479085808939,-0.37789261890557446,0.006222887905783958,0.902690485764244,0.1962107863430296,0.6662409535548954,0.10129988550503673,0.04346836834523013
2026-01-26 07:00:00,88424.45,87600.69,87897.55,0.02296422686662732,-0.760234519972053,0.0029562899184201186,0.36037195299164654,0.023833186978832414,0.44112158827603537,0.12537955569079,0.04413298322259456
2026-01-26 11:00:00,88508.41,87450.08,88178.1,0.3463521979268848,-0.7530346154468932,-4.8626257402539785e-05,0.6878950799780068,0.2817590036375563,0.4752860171367917,0.12498231259034011,0.04401228995982151
2026-01-26 15:00:00,88860.0,87035.51,88403.72,0.7287612974989006,0.1291957795036215,-0.00029876720050747707,0.7499136745021915,2.070508509444786,0.48410823285683163,0.12254170859855648,0.044018761479058095
2026-01-26 19:00:00,88537.95,87542.05,88140.01,-0.38334497471262624,0.123344750287438,0.0016908522991965214,0.6004217290832323,-0.15142019377167762,0.48440582514534547,0.13635001132074673,0.04454432857800842
2026-01-26 23:00:00,88858.96,88021.86,88831.6,-0.4200842573593061,-0.30681034896937975,0.004934515576466847,0.9673157328757932,-0.49214755957567896,0.5263633769016709,0.1767157457994063,0.039962646486914874
2026-01-27 03:00:00,89010.0,88278.03,88332.67,-0.3924896579922388,-0.3028169957747733,0.0016262000696249945,0.07464786808100449,-0.5081052931082232,0.5382630397571686,0.19008416553994653,0.0389360202706069
2026-01-27 07:00:00,88555.14,87743.84,87786.53,-0.4629710079457583,0.27551826705390803,-0.005605921909771827,0.05261925305001354,-0.5790326461873765,0.4070743368321736,0.14392490769342783,0.03808553479235713
2026-01-27 11:00:00,88474.23,87659.23,87745.02,-0.15984044765018338,0.28216056939325385,-0.0015469374985643825,0.10526380367970001,0.00228563289683458,0.5347979226186267,0.1312588030940051,0.03671389516397219
2026-01-27 15:00:00,88819.89,87304.33,88285.05,0.9965271407038474,0.7690922385894768,0.00019927733241598133,0.6471007416357859,2.018078841325398,0.5150556336438349,0.13288793353029676,0.03406696689387877
2026-01-27 19:00:00,89523.16,88049.89,89243.63,0.09059042184478544,0.772653199083227,0.011114776439443474,0.8102655996469753,0.3199785304072936,0.5486158047854458,0.22377147140679945,0.03303452959620084
2026-01-27 23:00:00,89515.78,89100.01,89285.77,-0.6576129247096787,0.35278939341096544,0.003704706663498092,0.44678548234730653,-0.5380196585251433,0.4530913172250546,0.25440089165881324,0.03265956223124746
2026-01-28 03:00:00,89400.0,88840.0,89317.47,-0.5499326865582269,0.34949355900231227,-0.002734326223108985,0.8526249999847766,-0.5485186539352919,0.43611513494082993,0.23171053939184882,0.032260200458732256
2026-01-28 07:00:00,89703.87,88833.65,89403.77,-0.10882157630575533,0.3261100573592463,0.001999615163587487,0.6551446760514096,-0.22813532370317496,0.44132117110026853,0.24825864192023836,0.03304375306057803
2026-01-28 11:00:00,90488.0,89313.13,89617.27,1.3178111804123562,0.32346140894787373,0.008103415911489664,0.2588711942575876,1.027544415200484,0.5274960382536028,0.3154537204982776,0.035095879558735804
2026-01-28 15:00:00,90600.0,88904.61,89546.24,0.6557856962024567,-0.44660258931081387,-0.003794125821128369,0.3784556945577244,1.433692911767399,0.5061573484201729,0.2837371550785032,0.03697514475754219
2026-01-28 19:00:00,89896.0,88878.01,89396.15,-0.17251112426740994,-0.44543221325115434,-0.0033516348991058376,0.5089833888298577,0.9322797266710937,0.47070087613587025,0.2558258447921345,0.03824266079650072
2026-01-28 23:00:00,89471.41,87704.0,87907.06,0.034314607637943056,0.6647882272630973,-0.008067487186680045,0.11489128159218764,0.408479845614713,0.39244218760303845,0.18886764577738524,0.03779515356439564
2026-01-29 03:00:00,88408.08,87771.3,88319.35,-0.3701608708449957,0.6636609395760882,-0.005395694235631798,0.8606583121194091,-0.41960719914341554,0.5574459330035405,0.14444597020005728,0.031486689925378994
2026-01-29 07:00:00,88500.0,87832.18,87946.46,-0.03446255902422358,0.21447407112249267,-0.00030498299387471395,0.17112395555434243,-0.5308350165330152,0.45623889396602024,0.14194865383340755,0.030530979078128823
2026-01-29 11:00:00,88182.29,87008.0,87014.4,0.011754961582927114,0.21005845103883758,-0.003580918910212283,0.005450101763567529,-0.15535365764619755,0.44367800290851156,0.11263567503100697,0.03425431374837796
2026-01-29 15:00:00,87039.51,83415.0,83477.02,5.0,-0.39196655876313535,-0.031561482909299055,0.017111278490011907,4.651863936676887,0.3603432613145936,0.0,0.06476029702877133
2026-01-29 19:00:00,84706.32,83383.33,84570.05,0.6490357757420873,-0.3900566376304782,-0.011033587182752935,0.896998465590085,0.7148952337548754,0.5125015512978413,0.0,0.07518927468999269
2026-01-29 23:00:00,84737.69,81118.0,82164.88,3.788787683247592,-0.24485425380162074,-0.018576129051248835,0.2892181374640126,2.4861017619693255,0.3880402229126909,0.0,0.10086235477953792
2026-01-30 03:00:00,83332.2,82036.35,82602.81,0.8440917590558435,-0.24949315209256515,0.0021236434292846162,0.43713392753453284,0.6970752278426864,0.4500798614011009,0.011823426017211263,0.11497105358653881
2026-01-30 07:00:00,83100.0,82160.0,82833.92,0.6749567722052062,-1.155323043563323,-0.0008587876867522937,0.7169361702051371,0.8201793825589215,0.615072207097846,0.007031955087548794,0.12424500527670618
2026-01-30 11:00:00,83797.99,82421.64,83098.0,0.48114697349150876,-1.1462440788030932,0.004616823994157304,0.4914157009445879,1.328165378427693,0.5473422037489138,0.03276867759687506,0.1308361697886676
2026-01-30 15:00:00,84160.0,81871.37,83931.13,1.2986575259884714,-1.5965902037125574,-0.0002595129079373537,0.8999969413976944,4.217085310161509,0.4796746431463089,0.03131533054939561,0.13312683720108526
2026-01-30 19:00:00,84621.16,83539.2,84219.99,1.1736702901837661,-1.5799512563675258,0.013440980504054068,0.6292191947888203,2.293060900877254,0.5058915896086819,0.10656915917260916,0.13490571181925576
2026-01-30 23:00:00,84298.96,83815.02,84130.01,-0.4472686706798535,1.511609605615056,-0.00043052727593007045,0.6508864735163042,-0.4288477360995255,0.46724215523336643,0.10412630927657412,0.1361350706914705
2026-01-31 03:00:00,84232.0,83638.4,83786.09,-0.6551270248774669,1.4986855334520113,-0.0010864905155731908,0.24880390835160518,-0.6469212164073493,0.5192124686978774,0.09796411999245809,0.13549111631045196
2026-01-31 07:00:00,83805.02,82560.75,83160.0,-0.060904453723762325,-0.5108107421664818,-0.009786370973504765,0.4816076896454805,0.16810897881630527,0.4482940609402362,0.042519596401777264,0.13515127028893467
2026-01-31 11:00:00,83160.0,80825.76,81479.99,1.1624766671052578,-0.5070883119579098,-0.015863858291302324,0.28027537870879016,1.2282181343336842,0.4109060456183781,0.0,0.13956743137867025
2026-01-31 15:00:00,82200.0,75719.9,78038.38,5.0,0.4897731372977236,-0.03301826889610027,0.3577846020889231,4.589341111272629,0.43093630820667,0.0,0.1603561903037249
2026-01-31 19:00:00,78576.3,77092.34,78155.17,1.0487526984523285,0.4924838189210693,-0.01582183321647823,0.7162120272735351,2.009533854856941,0.5456876997260047,0.0,0.1667796087623705
2026-01-31 23:00:00,79424.0,78078.67,78900.01,0.7471019506489925,-2.6870249356112392,0.011575062164619787,0.6105119190041777,1.6125919420401078,0.4964161946992413,0.04631182150555636,0.16344863925706937
2026-02-01 03:00:00,79119.3,78266.63,78300.0,-0.22533741199046325,-2.634926004825008,-0.0003848073917925854,0.03913589078964201,0.21304858641446017,0.5098246168686754,0.0447543860733908,0.16125096183508794
2026-02-01 07:00:00,79220.72,77967.69,78279.73,-0.09220088447170095,-0.4968611454895742,-0.0025848453276144934,0.24902835526484093,0.7473579606401451,0.48211085775686147,0.03429673724652795,0.1602034698843519
2026-02-01 11:00:00,78877.89,77236.68,78211.12,0.11934472504239217,-0.4952640205158934,-0.0042385974673291305,0.5937326728414165,1.203263413898373,0.4585627605876495,0.017192739527241662,0.153265948692744
2026-02-01 15:00:00,78443.1,76761.98,78029.28,0.5180120213919983,-1.029795530094348,-0.00938190517635451,0.7538426763065439,2.2980938523397274,0.45349227261511427,0.0,0.1442207130971631
2026-02-01 19:00:00,78106.1,76359.87,77249.31,0.36424412571619097,-1.0221671385935003,-0.005521479404547502,0.5093487112206889,1.4621811755345588,0.4907704348901037,0.0,0.13932467625592834
2026-02-01 23:00:00,78231.26,75700.0,76491.17,2.1562743417683756,-1.5343018312003716,-0.001683562237283942,0.3125597528491243,3.1962982061948035,0.5000671350001791,0.0,0.1481687139364232
2026-02-02 03:00:00,76834.71,74604.0,76549.32,3.664166381991095,-1.5213101014750015,-0.017899211569141427,0.872063154776408,3.8817065500784746,0.44430759698098093,0.0,0.1489978911298684
2026-02-02 07:00:00,77876.69,76327.9,77504.54,1.013717581378965,-2.474362286647369,0.021146458030839144,0.7597156489855927,1.6274880864049435,0.5940003513590127,0.07328609629236504,0.1494928915708468
2026-02-02 11:00:00,78885.0,77451.11,77844.79,0.675401631422953,-2.4392200256588756,0.011838702013142965,0.27455383606639816,1.6054702497114854,0.5421297315333689,0.11518243564963311,0.14841572803368694
2026-02-02 15:00:00,79360.0,77564.62,78569.84,1.3963183881191672,-3.184558441337915,0.008857408269006717,0.5598926132598111,1.9258024295633487,0.5286566736925222,0.1468992777061567,0.1438512564118636
2026-02-02 19:00:00,78853.35,77888.0,78795.2,-0.06891671611979105,-3.1058639313704055,-0.0042482890461755796,0.9397627803289936,0.06893408744681337,0.5010044626846498,0.13155214949052996,0.13822770796065442
2026-02-02 23:00:00,79186.81,77800.0,77808.01,0.1467305506149737,-2.032771067161482,0.0034883380975507805,0.005775845285177506,0.47744298432305854,0.4492882534981898,0.144100386011054,0.13091798791818027
2026-02-03 03:00:00,78999.99,77644.09,78594.17,0.015573527596599718,-2.004320340066938,-0.003533195772876585,0.700700641635068,0.5117009094584085,0.510495504001281,0.13134645225543984,0.11537906509221596
2026-02-03 07:00:00,79084.29,77950.0,78120.36,-0.03969270350217924,-0.7104700347556308,0.001655570096430914,0.15019086829514466,0.5337753826404786,0.4892254043516265,0.13730152215553168,0.09843891481673264
2026-02-03 11:00:00,78458.89,77156.24,77201.22,0.25167066290937024,-0.7157003024954376,-0.006200081907783872,0.03452961271227946,1.02003748497352,0.4840377486563798,0.11496296454602234,0.07915798063224744
2026-02-03 15:00:00,78196.83,73137.66,73139.13,4.142362577028773,-1.4966107135627829,-0.03512951165423839,0.0002905614952646895,4.128125830419492,0.3905399363816247,0.0,0.08287176490399754
2026-02-03 19:00:00,76960.0,72945.5,75708.83,1.2801632465706,-1.481381913968602,-0.0008808057828512128,0.6883372773678212,2.0589355226705273,0.48603715063710384,0.0,0.07017500627438263
2026-02-03 23:00:00,76798.12,75428.16,75963.35,-0.01146221333799777,-1.299524637543166,0.011144383566310978,0.3906610411954356,0.6063633772295397,0.4347319680748495,0.03794188354139772,0.0721635016653255
2026-02-04 03:00:00,76971.52,75906.05,76652.68,-0.031053190364288785,-1.2884759717934429,0.005624585102918411,0.700751780897615,0.0930737696409778,0.429113472892718,0.057304609622811274,0.07160253434625395
2026-02-04 07:00:00,76657.31,75967.1,76302.1,-0.28444745418017714,-0.2772184771923201,-0.0026003131384492173,0.4853595282524889,0.11887031979989858,0.4664927761903868,0.04830264002256012,0.07050482055864248
2026-02-04 11:00:00,76302.1,74256.0,74359.53,0.8717744070153569,-0.27030495934314075,-0.010566698182208012,0.05059869996554057,1.7276393273104873,0.44462020102983546,0.011817129961004733,0.0789884071646971
2026-02-04 15:00:00,75328.28,72169.0,73425.96,3.4344389904212127,0.05298391920964582,-0.02756457672412005,0.39786280418197445,5.0,0.45330811482949884,0.0,0.08976848437374241
2026-02-04 19:00:00,74144.0,71888.0,72543.38,0.7896245683922479,0.06051410918450804,-0.004733231414718597,0.29050531914765054,1.972128427293183,0.4583820782008827,0.0,0.10308492252310127
2026-02-04 23:00:00,73520.59,71305.55,71454.44,0.9485460350673316,1.4133902386577415,-0.007639739342441221,0.06721774776045926,2.3815640142783834,0.4705514253248563,0.0,0.12042367899291467
2026-02-05 03:00:00,71884.47,70140.0,70951.51,2.5243827868706017,1.4014035098336108,-0.021681861351456555,0.4651900003985981,2.7456247010273445,0.42774086950270085,0.0,0.13722052241234392
2026-02-05 07:00:00,71978.58,70644.73,70858.13,1.0851858074513885,-1.2252087602137263,0.004724761627589835,0.15998800464700524,0.774271793615377,0.5147578946423235,0.012697472143794478,0.15104974221989242
2026-02-05 11:00:00,71063.94,69163.0,69404.76,2.970915997759329,-1.215875768626297,-0.019546802007421205,0.12717918503410033,2.3959184725975313,0.47398762143941225,0.0,0.17300535578522996
2026-02-05 15:00:00,69616.29,65385.0,66347.0,5.0,-2.726122700404757,-0.036969416103093344,0.22735383299129294,4.076552379584244,0.48048465420940134,0.0,0.21400147547298357
2026-02-05 19:00:00,66637.46,62345.0,63907.86,4.618414047670239,-2.6697041514632436,-0.04808262894027149,0.36409424898458165,3.5673522441465573,0.4251679651654838,0.0,0.2633340043342947
2026-02-05 23:00:00,66010.0,60000.0,64990.1,4.471356390505607,-1.6805223500835103,-0.017238033656901575,0.830299500830565,4.017445929287855,0.4979574159225961,0.0,0.2779686970564193
2026-02-06 03:00:00,66826.5,63770.17,64988.26,1.2585636034092897,-1.6625708443605942,0.03560732266407429,0.39854662290918114,1.6669502156834688,0.4973914345963516,0.06520831529836882,0.28856454019940275
2026-02-06 07:00:00,66220.0,64500.0,65967.51,1.0681988870026302,-4.8370748557348335,0.0012151486608311668,0.8532034883671296,1.1497000274426383,0.5686110862419412,0.06751287617730237,0.2879031016539737
2026-02-06 11:00:00,68647.45,65772.17,68194.89,1.5396399006622545,-4.58435779230513,0.027866911884725898,0.842603155168045,2.118345881884356,0.5219721197158778,0.12042741665686303,0.26738863537240426
2026-02-06 15:00:00,71500.0,67772.0,69776.68,2.6997594377950107,-4.32308661243253,0.036394743755894465,0.5377360515007016,2.4168235917610885,0.5924664998747402,0.19146067499907155,0.24635786142710833
2026-02-06 19:00:00,71577.09,69662.22,71354.46,0.18045127732993757,-4.140599136469844,0.013441304840398294,0.8837362327422603,0.41658312561884653,0.5466940372616937,0.21864945389496276,0.22720539144893542
2026-02-06 23:00:00,71751.33,69718.0,70361.37,-0.006658816934444975,-4.329962418503859,-0.0010332371160585163,0.3164119941164645,0.3437656782260882,0.47858321613769905,0.2165313518883773,0.22834167398939292
2026-02-07 03:00:00,71690.07,68757.68,68769.65,0.3993575007840053,-4.140895322367757,-0.0009395057726591105,0.004081994550506681,0.6072760015578901,0.4229631350500237,0.21460738601309384,0.22425159832437264
2026-02-07 07:00:00,69084.55,67300.0,67987.0,1.4245712978731901,-2.5943551403555603,-0.031076493680724293,0.3849710010905546,1.1859893980362985,0.3641226195614339,0.1510272123229887,0.2146821315844119
2026-02-07 11:00:00,69999.99,67700.0,68645.99,0.38298532723042317,-2.549477170951125,0.01044936794449347,0.4113017882668577,0.6716444996544555,0.42171495031867534,0.17174146225329845,0.19197070062798194
2026-02-07 15:00:00,69898.0,68531.5,69514.11,0.4947097405644226,-1.3767117702835234,0.00558006151941548,0.719070618362832,0.6312927701462403,0.4679839560381195,0.18291865483061387,0.16596162165430722
2026-02-07 19:00:00,69728.83,69252.72,69399.34,-0.6236892157919628,-1.364565623497296,0.0030876108619060094,0.3079540442269972,-0.6978402911869643,0.5624092155143022,0.18913783244935645,0.15084641034940152
2026-02-07 23:00:00,69696.57,68787.34,69370.7,-0.54049266920628,-1.4593177307703291,-0.003920151127508653,0.6415978355241004,-0.34455387232354007,0.5007808635789215,0.18121734196026448,0.13836017030160436
2026-02-08 03:00:00,69518.56,68952.01,69361.18,-0.5240728609203673,-1.4480097201380944,0.0012195759976572074,0.722213396863073,-0.5576557446846667,0.5882994313372447,0.1836717812224805,0.12882134141555368
2026-02-08 07:00:00,70796.99,69215.69,70266.41,-0.09310967173664034,-1.4632955177505478,0.011541103521289564,0.6644659457366436,0.14418778472806273,0.5757994932583526,0.20692698181648542,0.12342618504106145
2026-02-08 11:00:00,71554.95,70210.26,71262.19,-0.2360829425801947,-1.4484935655585909,0.014040599977541701,0.7822843926794897,0.0772545232768741,0.5709423999760249,0.2355451580999418,0.12278805371731488
2026-02-08 15:00:00,71465.93,70251.33,71147.25,-0.3874190653231348,-1.706156434827123,-0.0016349992496902388,0.7376255557324457,0.0459735162327736,0.48184719195987963,0.23216583910484187,0.12394439980151295
2026-02-08 19:00:00,71538.05,70524.14,71066.09,-0.5063627018003477,-1.6869045382318824,0.0005725814313757294,0.534514897766715,-0.48134831534409367,0.46019997584099287,0.23334735138374962,0.12770126420898276
2026-02-08 23:00:00,72271.41,70000.0,70629.99,0.024869829795928198,-1.303227514210765,-0.002698965219821714,0.2773563557425699,0.7883020924779203,0.5051500605354471,0.22777489259437775,0.12706112339993894
2026-02-09 03:00:00,71453.53,70311.7,70667.95,-0.40700655891335047,-1.2913775763699127,0.0018253755726416188,0.31199915924163796,-0.12218517534423633,0.49242725345925004,0.2315335096611568,0.11038573910689507
2026-02-09 07:00:00,70902.51,68420.58,68727.88,0.04083236071026953,-0.2751163069643536,-0.017777574768681026,0.12381493434495157,0.521162222158551,0.4442912397228088,0.1948610205140987,0.09826872644026646
2026-02-09 11:00:00,69755.59,68308.0,69272.0,0.05897199144313167,-0.27390639179932236,-0.010300939330728509,0.6659344151267577,0.7523629933316474,0.49867807278351584,0.17398947787170052,0.07728222257498929
2026-02-09 15:00:00,71012.0,68780.0,70418.68,0.34396768102044567,-1.5255931389270765,0.01518325107514329,0.7341756272368509,0.6698860018874435,0.49682079882996305,0.2044365581271156,0.05919354165848305
2026-02-09 19:00:00,71126.0,69823.52,70372.96,-0.3606267850283265,-1.513467101931652,0.007789191103063642,0.4218414102295511,-0.2903628276138486,0.40661009218721006,0.2202934360006018,0.05548557163952935
2026-02-09 23:00:00,70572.84,69743.8,70102.89,-0.6119439643292129,-2.3928469307402476,-0.005210427782669891,0.4331395348784955,-0.5254641953369902,0.4541984013568993,0.20960366506209313,0.055712409285328904
2026-02-10 03:00:00,70166.22,68682.0,68921.35,-0.4054812532065176,-2.352095760665968,-0.011308230274189812,0.1612631550567928,-0.2593123856846272,0.3910050564986119,0.18652445786520344,0.05462239698456839
2026-02-10 07:00:00,69417.7,68725.81,68921.68,-0.3906741493759731,-1.5446692292169102,-0.004343162970607439,0.2830941334564231,-0.498352446381831,0.4211031605786471,0.17776064112791076,0.05525271056034787
2026-02-10 11:00:00,69591.2,67800.0,68460.4,-0.063193773813698,-1.5297464916895909,-0.00541881117721188,0.3686913800783321,0.15385340285466045,0.5041452901511144,0.16687382570980136,0.05673128846270108
2026-02-10 15:00:00,69993.65,68300.9,68894.36,-0.14067235606957743,-2.284605640203001,0.00865624510927776,0.3505892778003252,0.5682109596418635,0.4828774275190303,0.18417066012924932,0.05250670099261214
2026-02-10 19:00:00,69303.99,68362.0,68707.18,-0.6356392392499517,-2.247547548929139,-0.006861372662173459,0.36643701100470993,-0.6347881922803825,0.37859158598042464,0.1703416443471944,0.052422004042026245
2026-02-10 23:00:00,69292.88,68506.2,68677.33,-0.7286307536725571,-0.2558961844421269,0.0019527657023050704,0.21753444856590692,-0.6027597110009253,0.46546421579181146,0.17425041579128914,0.054285761369341747
2026-02-11 03:00:00,68751.91,66557.99,66820.32,-0.17912787834689384,-0.25328459245981855,-0.021104370802775718,0.11957136085126452,0.2096654351457822,0.4178179503088847,0.13192416553686442,0.06803498378286091
2026-02-11 07:00:00,67254.6,66369.49,66531.99,-0.25662218118755903,-2.1348125949252594,-0.009731095335191009,0.18359299973807094,-0.08746449541318778,0.46299068185255465,0.11281967312896457,0.07985430774044538
2026-02-11 11:00:00,68834.34,66435.62,66584.6,0.268751908285527,-2.1055775474672735,0.007834779616559207,0.06210812433272301,0.9287980445024892,0.5476383013371663,0.1280515599034725,0.08867677770175543
2026-02-11 15:00:00,67305.28,65756.0,67275.34,0.1297534588698774,-0.7076591689704849,-0.013624544511914527,0.9806748941380454,1.3421839980730568,0.501298715191231,0.10135604809912974,0.09074067498968645
2026-02-11 19:00:00,68369.77,67105.79,67433.14,-0.29667920293284733,-0.7018247670998402,0.019588230910405624,0.25898352821833676,0.027376091959853764,0.5635068373387849,0.13921370503051197,0.0883859702864163
2026-02-11 23:00:00,68047.48,66787.7,67439.14,-0.5929059229025844,-0.7354786182520576,-0.004628368106268876,0.5171061613891568,-0.19592940420505975,0.45994512423726597,0.13009336096596152,0.08517989279475754
2026-02-12 03:00:00,67682.69,66670.45,67125.57,-0.5702038168748094,-0.7284881423922631,-0.0032914569237952884,0.4496166916892351,-0.17815655503609673,0.5267001710652043,0.12363746140612955,0.08208061844783013
2026-02-12 07:00:00,68026.6,66891.6,68014.01,-0.5135129964445458,0.20588525603813512,0.0021333770287479403,0.9889074889780617,-0.23542680343703046,0.5210682148049564,0.1278081175433733,0.07623447537750251
2026-02-12 11:00:00,68410.52,67493.78,67577.02,-0.2245219819612801,0.20192161321221486,0.008750737571358469,0.09080000872558933,0.4436297255454493,0.5242479569821659,0.14495191222646525,0.07108748347534655
2026-02-12 15:00:00,68000.0,65118.0,65590.95,0.4291524600959829,-0.8003046677712269,-0.025227104813601353,0.16410478834085915,1.8909309177217632,0.47746880695229005,0.09509635508301177,0.08176512248639309
2026-02-12 19:00:00,66399.94,65215.06,66288.0,-0.49120378623003813,-0.7952756533008492,-0.007537161689918581,0.9055262980140968,-0.06424783982708475,0.5160098272636047,0.08057666191505333,0.08301559359475408
2026-02-12 23:00:00,66759.61,65872.46,66663.08,-0.5346860313697428,0.6545124258869811,0.008613553262720508,0.8911908921727877,-0.1266062882748013,0.48071755566754126,0.09704486463765596,0.07695412102992666
2026-02-13 03:00:00,66814.0,66002.98,66359.28,-0.6729589121358388,0.6511997697911466,0.0011354620347137079,0.4393233212443687,-0.4191463143045738,0.43905260354910786,0.0992344469612462,0.07059746558606689
2026-02-13 07:00:00,67116.0,66050.21,66977.66,-0.5915256162628556,-0.3257614203941669,0.0031686321805690643,0.8701995702636549,-0.1540093126954859,0.49877359970387863,0.105351656180242,0.06099357096756154
2026-02-13 11:00:00,68028.45,66783.38,67733.51,-0.3061259845530672,-0.3211223175774384,0.010974771174374842,0.7631137205075738,0.8266701084406431,0.5063800654329862,0.12660615768031597,0.05698955016927318
2026-02-13 15:00:00,69482.97,67692.0,69129.99,0.14523517215213363,-0.6966421572911112,0.02245749423112664,0.8029112715411064,1.6494786120571547,0.563086349720708,0.17057621829974529,0.05689129255804582
2026-02-13 19:00:00,69236.33,68683.32,68995.28,-0.6713458941593184,-0.689599123184877,0.0013392425488201187,0.5641127646775893,-0.4949570458727642,0.46753955735441727,0.173257239627332,0.05912143597124009
2026-02-13 23:00:00,69137.5,68768.56,68884.21,-0.8075765360675707,-0.19130069466143743,0.00043936884405670895,0.3134656041548039,-0.7995791304927159,0.5140471096223811,0.1741379873403513,0.05917268103705338
2026-02-14 03:00:00,69027.14,68730.13,68936.98,-0.7713815642036058,-0.18991266661108985,-0.001335028437054353,0.6964411972426198,-0.8900169746785114,0.57708819830145,0.1714606471539388,0.06006751658204047
2026-02-14 07:00:00,69900.0,68884.56,69671.86,-0.5009893228967708,0.18022675091089718,0.009063712149297576,0.7753289214451349,-0.4337571104556976,0.5730971682978947,0.189613252332412,0.06417370176218781
2026-02-14 11:00:00,70560.01,69064.6,69701.66,0.2850142980981735,0.1856590071138983,0.0026650086471153855,0.42601025805347187,0.45107308284918995,0.3385151190205419,0.1949990504254237,0.0692915563249246
2026-02-14 15:00:00,70048.39,69283.02,69772.31,-0.5764856283990618,-1.0283954011320586,0.0004960640505673464,0.6392855742890415,-0.22792346167408878,0.36737701454449917,0.19600423325146749,0.07258495954500578
2026-02-14 19:00:00,70250.46,69619.52,69959.75,-0.7509027463155656,-1.0199873782674929,0.0033936753306773593,0.5392430341943801,-0.6420921969791055,0.5524006326772907,0.20288430521229267,0.0753781226136564
2026-02-14 23:00:00,70020.0,69341.27,69480.01,-0.8015374518895423,-0.6164287881761255,-0.004044638751656837,0.20441117970024517,-0.6825261576399647,0.3965799371191718,0.19465669351512518,0.07763259857156193
2026-02-15 03:00:00,70540.99,69251.5,70405.12,-0.3562249100879961,-0.6103498517295671,0.006106861521464113,0.8946327617825997,-0.31761092490454496,0.4426058661823943,0.20702903773409354,0.08145591147362942
2026-02-15 07:00:00,70983.0,70182.31,70427.02,-0.5224841863599923,0.5101332671944673,0.007478347669603647,0.305623899382969,-0.1145951815072157,0.5866351656909322,0.22227250227130707,0.08522400082875946
2026-02-15 11:00:00,70543.14,68772.2,69170.51,-0.3836981584981106,0.5043267953158003,-0.0157064956939722,0.2249144522105481,0.11155283762113795,0.3316945043171563,0.19001779878382746,0.08557026951747625
2026-02-15 15:00:00,69255.6,68203.6,68451.44,-0.06138047333441336,-0.8741750208241162,-0.012110268115473999,0.23558935360992456,-0.07412719937323711,0.318631586870746,0.16553888562438163,0.08622779065622102
2026-02-15 19:00:00,69078.49,68000.0,68999.96,-0.37374622867756374,-0.866284569463298,-0.0047940622686794,0.92718523119429,-0.4370239916302266,0.3798529701045757,0.1559658314771851,0.08478616369721026
2026-02-15 23:00:00,69065.5,68243.68,68320.48,-0.7495277888556438,0.12417067486746533,0.004167868152649135,0.09345112068222694,-0.41015164287316785,0.4030450859879127,0.16424856663938364,0.07526975263166975
2026-02-16 03:00:00,68900.0,68143.22,68450.8,-0.7967943933076598,0.12205082857407458,-0.0018982645470713155,0.4064325167101904,-0.6914246243588112,0.48142312377650504,0.16046045420776522,0.06748895834898684
2026-02-16 07:00:00,69060.77,68380.0,68798.22,-0.798712873024068,-1.040675984000707,0.004084058578510019,0.6143337691053591,-0.7297627546841206,0.5666746506322234,0.16859499229765876,0.06030951325321524
2026-02-16 11:00:00,70126.67,68225.0,68427.64,-0.21174537079340217,-1.0315448398415397,0.0027562476139550984,0.10655897185049668,1.0344071168546298,0.5737817105244899,0.17410724650107195,0.04994147219963243
2026-02-16 15:00:00,68607.22,67294.11,67860.13,-0.3460340348813678,-1.185239867232737,-0.01638629274944503,0.4310529963184298,0.6454737387057865,0.4874504793859308,0.1412457685167693,0.04480416240301521
2026-02-16 19:00:00,68933.85,67824.91,68591.02,-0.7508049479720876,-1.1746327400681567,0.008806400307485474,0.6908489187810797,-0.3988561700552095,0.5671760638298157,0.15861695082921518,0.04095013375617639
2026-02-16 23:00:00,69241.5,68387.2,68838.48,-0.7258586461768292,0.7930882324624218,0.006181705475763133,0.5282453470615882,-0.2936360811294789,0.5067088956670553,0.1709181398979998,0.04096789052190459
2026-02-17 03:00:00,68860.68,67892.0,68400.0,-0.7912728718748471,0.7936017965753843,-0.006849609642874843,0.524424990703596,-0.4792169131187405,0.44066549700380475,0.15720360693315574,0.04224357599604663
2026-02-17 07:00:00,68480.0,67704.96,67845.3,-0.7870387055621219,0.1673129552720066,-0.0037354585440102506,0.1810745251834575,-0.4761152192959967,0.4615678959749627,0.149775568546092,0.04555038965346523
2026-02-17 11:00:00,68360.5,66734.3,66875.06,-0.3229194458674206,0.17339344842129575,-0.006236237348808071,0.08655761898851891,0.41587283763825156,0.4304000941156646,0.13742100157954415,0.05444882426909646
2026-02-17 15:00:00,68227.41,66621.06,68098.62,-0.03988235664070125,0.6504135509768001,-0.005161996324386187,0.9198244467213211,1.5984591851559948,0.45773868848425464,0.12725838035533005,0.05345858741075841
2026-02-17 19:00:00,68235.39,67484.16,67527.72,-0.7439879524816554,0.6499092837241325,0.006926466682861898,0.05798490475542518,-0.42640762703436724,0.5012903511055894,0.14082439135965485,0.05519573687008559
2026-02-17 23:00:00,67627.97,66892.03,67335.04,-0.8185180983495312,0.27894331647515985,-0.00788671673488095,0.601964834081547,-0.6526815116622966,0.4804346999190073,0.1252706664196537,0.056329474432149126
2026-02-18 03:00:00,67976.51,67326.98,67850.52,-0.8252973544477215,0.27752434932095876,0.006244259411748221,0.8060289747847655,-0.827477072744047,0.5524539968138135,0.13748811087424062,0.05346922542926075
2026-02-18 07:00:00,68476.22,67702.7,67801.26,-0.7045812270582987,-0.3864409648892021,0.005867174183398882,0.12741751990733657,-0.6520527853129514,0.5088980916996717,0.14903943668495986,0.052492972743613434
2026-02-18 11:00:00,67805.08,66717.3,67223.76,-0.4528789350609664,-0.3845827010937274,-0.012272427798013075,0.4655904686566553,-0.04432806470034515,0.5176125132998958,0.12473564841539,0.04738660000183285
2026-02-18 15:00:00,68347.72,66200.0,66359.99,-0.18643672229307845,0.35723745695228376,-0.00015746727159038354,0.07449295066361547,0.5291770750909365,0.517553867333455,0.12442763405340257,0.04411056584364757
2026-02-18 19:00:00,66619.0,65870.0,66408.82,-0.4578018298006297,0.3565522888608169,-0.014411595598116889,0.7193858477874675,-0.17608009907653024,0.477366117998835,0.0962422252079337,0.046438659676724336
2026-02-18 23:00:00,66958.9,66275.71,66835.2,-0.7777187757850469,-1.143071667809386,0.004925559906976185,0.8189376308081373,-0.7788873601981466,0.5614240175904507,0.10573653640965701,0.04769759881574157
2026-02-19 03:00:00,67290.4,66679.76,67150.12,-0.7734823238619106,-1.1329657504938249,0.005041571683271462,0.7702738110708409,-0.795965192057348,0.4850152231236524,0.115502333496612,0.04539912498238368
2026-02-19 07:00:00,67320.0,66741.77,66843.08,-0.677474781644496,0.1887079786544756,0.0010248307377729304,0.17520709751871455,-0.5902411726842834,0.45262412743251934,0.11749749436549926,0.04640174163806982
2026-02-19 11:00:00,66936.42,65631.83,66421.2,-0.31761340765127316,0.18830886388523962,-0.011294869417805775,0.6050713250860016,0.25722323473591396,0.47196038935328916,0.09548588279459569,0.04824137342232393
2026-02-19 15:00:00,67073.13,65899.25,67030.49,-0.32728766861770525,-0.9360227633480693,0.0032854513024194176,0.9636760145759056,0.6386554132853164,0.5231933547309319,0.10181630167883558,0.04506299854332235
2026-02-19 19:00:00,67198.1,66652.34,66915.14,-0.5994949539274211,-0.9283117096251082,0.006809607305255039,0.48153034299908953,-0.4501560408233879,0.4565216229075082,0.11498018415283044,0.04371266521188302
2026-02-19 23:00:00,67486.62,66814.76,67242.03,-0.744631312974893,0.7429684772085744,0.004045727635696883,0.6359509421511091,-0.7082878282801777,0.5244309583341205,0.12285437472808244,0.04308538730586059
2026-02-20 03:00:00,68006.0,67115.38,67847.47,-0.592025835329762,0.7405675675804992,0.006249643611641709,0.8220004042035665,-0.696767530999058,0.5174320168473782,0.13506725288286142,0.03987357688023968
2026-02-20 07:00:00,68318.39,67747.33,67948.99,-0.5701145773060833,-0.06687175600696496,0.0064051127196853574,0.35313277063088466,-0.6983690848107721,0.5150517082777556,0.14766216926668047,0.03516868574418617
2026-02-20 11:00:00,67983.91,66280.2,67069.65,1.551093326339973,-0.06792430690769814,-0.01702095820833971,0.46337111362576994,0.24689761296987944,0.3282453600704028,0.11397803798100781,0.03217655944124793
2026-02-20 15:00:00,68083.98,66536.64,67924.21,1.088736472851415,-0.45666415735198385,0.006916550129871357,0.8967453823923913,1.3032924794915777,0.43939954795289266,0.12743277250944937,0.03206563800188134
2026-02-20 19:00:00,68116.6,67520.3,68078.13,-0.5197921748366331,-0.4536770941702217,0.006252220288388566,0.9354854938632302,-0.6065450516251804,0.6249933352537576,0.139679311085112,0.033404372163765066
2026-02-20 23:00:00,68233.99,67787.19,68001.05,-0.7007850511384867,0.5630197285027908,0.0029215413167138493,0.47864816471623256,-0.9920233126037947,0.5938253444833076,0.14543765988230606,0.03303773912463162
2026-02-21 03:00:00,68001.04,67534.69,67793.38,-0.7683237172876345,0.562583384910054,-0.0030419882533632148,0.5547121260736787,-1.0423838060838462,0.47788613651287554,0.14217225334913064,0.03366822680662483
2026-02-21 07:00:00,68314.54,67749.59,68215.54,-0.7468411859714527,0.16922342489373154,0.004934495061462485,0.8247632533706556,-1.057597966067439,0.5319973167487821,0.15208852836981795,0.03553515658699579
2026-02-21 11:00:00,68644.0,67915.0,68450.01,-0.6649842452396588,0.16674632565092926,0.0030719189088803667,0.7338957475893769,-0.9026768036633519,0.4994847110208374,0.15829226490479376,0.037732785191813556
2026-02-21 15:00:00,68698.7,68101.78,68574.0,-0.6697554614287754,0.31418407539980947,0.0015428008447706532,0.7910942839779059,-0.8781644500852259,0.512781548559854,0.16211327744748974,0.040464256902329854
2026-02-21 19:00:00,68658.5,67900.0,67972.0,-0.7498534194577472,0.312799297906638,-0.001083135556877446,0.09492419248391662,-1.0020704714971542,0.40317548531671576,0.16073605369247398,0.04136214548409798
2026-02-21 23:00:00,68222.16,67809.78,67909.68,-0.7604895062524409,-0.1833342877289184,-0.00482363824698695,0.24225229156983977,-0.9524912366695903,0.5079739086518558,0.1544845805538067,0.03887668817758022
2026-02-22 03:00:00,68178.79,67824.9,68038.13,-0.7765300426285746,-0.1826160592206335,-0.00018726179623695938,0.6025318601655472,-0.9583528765961087,0.47495840529684996,0.15409416279158134,0.03604098201949381
2026-02-22 07:00:00,68153.2,67912.02,68129.56,-0.7811034040216688,-0.3134261661174019,0.0005005031079052813,0.9019819221783733,-1.0193105942565124,0.36016005119990085,0.1551374546714684,0.03491326300617212
2026-02-22 11:00:00,68245.0,67353.75,67443.89,-0.5537093943964703,-0.3077809155536273,-0.00439334162905225,0.10113884992873833,-0.6075922803299559,0.4165862575106094,0.14597501062353563,0.03466467103854519
2026-02-22 15:00:00,67813.2,67190.0,67422.62,-0.5586648305361319,0.6785847121879381,-0.003954603168477955,0.3732670089798841,-0.6483193667472082,0.49004574662410993,0.1382697546030438,0.032850346340647006
2026-02-22 19:00:00,67751.44,67350.0,67666.16,-0.7154083155488591,0.6820185071171149,0.0007224703093151597,0.7875647668197638,-0.9141894229457831,0.6300689902085916,0.13976942341543067,0.027327680606445
2026-02-22 23:00:00,67730.98,64290.71,64783.56,0.9160727013406211,1.070459411059422,-0.03144107672823282,0.14325910466288008,1.6561114819855056,0.515741387519129,0.07445841072405478,0.04955986503266641
2026-02-23 03:00:00,65802.09,64685.64,65757.32,-0.17533092334436348,1.0638494079960332,-0.0049044153084270015,0.9598996820192678,-0.22308800297157444,0.5477479305647083,0.06459102073053354,0.05452505602087488
2026-02-23 07:00:00,66600.0,65565.78,66319.69,-0.24819844020061402,-2.144991812159345,0.01422731765616514,0.7289648237248487,-0.16201960713855937,0.4815631074682663,0.0930751456322741,0.05664504850249295
2026-02-23 11:00:00,66511.51,65529.73,65923.53,-0.3542830720975945,-2.1158542730132956,0.0022840205796674784,0.4011081912403878,0.18300701510954004,0.42413168978377874,0.09771297930936854,0.060990120588793065
2026-02-23 15:00:00,66250.0,64152.04,64635.49,0.22777589324681946,0.14283856387796437,-0.015240104364017126,0.23043813990623888,1.5198443994996826,0.5212620095172869,0.06669639963872002,0.07303103748956083
2026-02-23 19:00:00,65035.98,63888.79,64725.56,0.10232139157948068,0.1435180502995096,-0.010480967511733774,0.7294083804711522,0.362098894728603,0.4498792225881894,0.04569067384324288,0.08117950261475661
2026-02-23 23:00:00,65026.75,63433.84,64109.81,-0.19609609802653755,0.8146588446957698,-0.0026911789314825185,0.4243617027928484,0.5388569609001053,0.4751170893720806,0.04039197981451264,0.09164524683417552
2026-02-24 03:00:00,64109.8,62700.8,63082.79,0.09898507094988605,0.8112231799845898,-0.01562539743944691,0.27110716820247477,0.8928781279794603,0.4417950660120901,0.009458125514854697,0.10680025924610957
2026-02-24 07:00:00,63444.66,62866.42,63284.5,-0.40146691922303723,-0.5280485556372693,-0.0012961243443057047,0.7230215827213056,-0.25288134211211627,0.5058750320279165,0.00693226112077275,0.11528827362910307
2026-02-24 11:00:00,63834.21,62510.28,63453.99,0.12287226651078571,-0.5238192588843786,-0.0029822942404211794,0.7128095896254869,0.39936059796487333,0.5071628611900798,0.0011279512716938448,0.12097816184261836
2026-02-24 15:00:00,64520.0,63300.0,64435.06,0.07365974531287672,-0.3202702120831047,0.01692433098786017,0.9303770491727,0.9433574299553991,0.5060356047320321,0.033968808099293805,0.11832944588417868
2026-02-24 19:00:00,64743.11,63820.5,64120.95,-0.6229427174512624,-0.31344753364267325,0.0036902946731829367,0.32565222574732594,-0.4037542839746928,0.46811534315294673,0.04125084128885712,0.11674305858618193
2026-02-24 23:00:00,66310.0,63853.99,65884.83,0.24634252968791262,0.19382763434596517,0.019417509281217438,0.8268858840117643,0.4283860922674661,0.5250503121170778,0.0797086782352866,0.10696110439689395
2026-02-25 03:00:00,65955.87,64755.26,64898.22,-0.36867694894275144,0.19797016281866262,-0.003741646209151961,0.11907280465664055,-0.23542935918940883,0.4568356572855329,0.07771081940944764,0.1042147398668226
2026-02-25 07:00:00,65692.62,64781.18,65400.87,-0.5715827060331538,-0.2619864792417732,-0.00038692247496519006,0.6799021328811624,-0.4772599098102623,0.56059580912171,0.07687259674157848,0.09793484671389546
2026-02-25 11:00:00,67009.78,65200.8,66973.2,0.8124346851590385,-0.25901308775198917,0.014484876648735101,0.9797786597918167,0.17315519214494365,0.5940855865737764,0.10824026053526652,0.09123520686458828
2026-02-25 15:00:00,69550.0,66715.13,69328.07,2.062403818064004,-0.454203102165101,0.02895594150083114,0.9217142232239184,1.0853255288013677,0.5611615890254167,0.17185395828226444,0.09562391725317769
2026-02-25 19:00:00,69988.83,68055.91,68432.13,0.6472190275734396,-0.45144182465608734,0.012377525251169974,0.19463816402026735,0.1753409017992449,0.4565248882781915,0.19983369030818182,0.10123675647755824
2026-02-25 23:00:00,68700.0,67600.0,68257.45,-0.009189816640704746,-0.6504549338378774,-0.012085601947943836,0.5976818181763821,-0.07076212145806846,0.5186254127974943,0.17272189773636923,0.10484109861820035
2026-02-26 03:00:00,68860.0,68042.9,68176.75,-0.6208069147261005,-0.6459692959469132,0.0030109501847086495,0.1638110390385103,-0.46064442253803534,0.4913560793569823,0.18236324348180386,0.10700326050762675
2026-02-26 07:00:00,68722.64,67792.0,68301.62,-0.06298252384041313,-0.4674796860224545,-0.002029907538215081,0.5476016504712022,-0.48277885847832974,0.4932712198230458,0.18413836825515995,0.11177825059293023
2026-02-26 11:00:00,68404.25,67264.22,67697.74,0.1213034109172493,-0.4605879972874843,-0.003981976028731071,0.38027069462751145,-0.013808759858640373,0.45846302526744664,0.17751967038082808,0.11559783009318828
2026-02-26 15:00:00,67743.36,66500.0,67310.53,1.07276370634023,0.5680856940676765,-0.013871347004404733,0.651886822797484,0.7944517181300055,0.4897678057563469,0.14468254328950247,0.11770832824369398
2026-02-26 19:00:00,67903.12,67150.14,67572.3,-0.49702579797863095,0.571541847900008,0.007896856113159156,0.5606523413562103,-0.6907802609976126,0.4868796291070343,0.1682096658657458,0.1192708769079431
2026-02-26 23:00:00,67656.11,66885.0,67266.58,-0.6427898569001855,-0.424902354640544,-0.003618208736471895,0.4948450934303186,-0.584531673262009,0.48685946617082265,0.15921883092952696,0.11932628889476302
2026-02-27 03:00:00,68216.8,67099.71,67658.14,-0.42868693166465416,-0.4195641953147483,0.0065396056968498595,0.499897053948201,-0.6911761962991384,0.5052011637558727,0.17541020670954305,0.1185578680463519
2026-02-27 07:00:00,68149.93,66574.0,66604.91,0.3611216163205473,-1.8362484748826429,-0.003518758820719725,0.01961381533431529,-0.5776589620910497,0.4124602760775177,0.16664115647438976,0.11648514856293764
2026-02-27 11:00:00,66778.68,65649.34,65887.59,1.0010576206967179,-1.8197741616881904,-0.021328664084464655,0.21096392583091994,-0.34840235171400746,0.49728059085223847,0.1136753195542844,0.10815859407915858
2026-02-27 15:00:00,66311.11,65113.72,65314.76,0.17448616283682228,-0.3141959749564171,-0.005545621365376507,0.1678985125968331,-0.2256545013771245,0.4872936021021456,0.10019751148783372,0.10031010673766458
2026-02-27 19:00:00,65749.94,64914.46,65637.99,-0.5437944955162146,-0.308846332420789,-0.004460433603642899,0.8660051706699661,-0.8759156283715652,0.48066400562589034,0.08941720777134114,0.0901185476129343
2026-02-27 23:00:00,66025.52,65551.67,65961.13,-1.0208133492778977,0.6370839623834771,0.007186932112676514,0.8641131159467347,-1.0815918273987222,0.5457475931354809,0.10670963613528436,0.08424934571265089
2026-02-28 03:00:00,65982.34,63030.0,63216.01,0.2223357768105823,0.6351737175241646,-0.02115800568269044,0.06300426102663387,-0.27655502621597766,0.39672777611125,0.0554356295959034,0.09448039457755826
2026-02-28 07:00:00,64327.22,63038.0,64010.39,0.9220086007373665,-0.9218963185522981,-0.011283544690649627,0.7542467538453144,0.1061211820103979,0.521445381004505,0.028669802290167676,0.10044430279546042
2026-02-28 11:00:00,65360.51,63791.25,64435.61,0.5622897787926711,-0.9136466328380815,0.01025899711672551,0.41061391993416874,-0.28934133258855993,0.5590204950117302,0.05273069786081146,0.1016602592861574
2026-02-28 15:00:00,66157.61,64200.0,65911.84,-0.3682932254746153,-1.0211807052473478,0.011330346173110017,0.8744540536630133,-0.24280175031068338,0.5430946396244603,0.07957689569328735,0.09835291724953385
2026-02-28 19:00:00,67760.0,65602.65,67103.64,0.2780026282905019,-1.012121767078221,0.02429832532159204,0.6957563677627847,0.3762253194791053,0.5394170185619933,0.1378018275069542,0.09669127700760137
2026-02-28 23:00:00,68199.99,66042.72,67620.65,0.4365548222931748,-0.2756379029854544,0.008494501056565795,0.7314476166602584,0.1446831804063769,0.5171865972564147,0.15865139179673013,0.0898150001551254
2026-03-01 03:00:00,67813.33,66749.35,66926.68,-0.27688593554550284,-0.2683485692632354,-0.0003281127476081336,0.16666666666508884,-0.6689380630199102,0.4346755612178367,0.15783920533306262,0.08725404415607825
2026-03-01 07:00:00,67292.3,66215.71,66467.06,0.1539502966011347,0.8058904214288898,-0.007743389453184868,0.233468637083437,-0.3780832880971211,0.4170501159388691,0.13867807058113316,0.08443704916248383
2026-03-01 11:00:00,67360.57,66132.27,66847.8,-0.24204864579154564,0.8067069365316837,0.0005412973094269802,0.5825368395295708,-0.26221799043648186,0.5268724133639643,0.14000714711989223,0.08063481370041056
2026-03-01 15:00:00,67243.69,65699.98,66316.83,0.37351505127724677,0.47679441626391733,-0.0042680833975052845,0.39958930109671337,-0.08255118750836635,0.5046091287509504,0.12952181867190168,0.07660491553095367
2026-03-01 19:00:00,66491.43,65056.0,65268.71,0.32048262755183715,0.47729931613702353,-0.012965729427333761,0.1481855611200256,-0.23506933017218723,0.4782995202183702,0.09780507994873525,0.07624234883390017
2026-03-01 23:00:00,67079.0,65125.67,66276.77,-0.11263708242227283,-0.18133239726718936,0.009283953332001715,0.5893013469276117,0.5251838185619584,0.5077147281098973,0.12095538927965521,0.07334011452645607
2026-03-02 03:00:00,67037.22,66062.83,66204.9,-0.290137963777416,-0.17533588763802413,0.006223931275566086,0.14580404150138496,-0.2662733489663413,0.4369187003024103,0.13621511798612912,0.07047103685075265
2026-03-02 07:00:00,66720.84,65542.6,66316.4,0.5171997824102551,-0.5135973639319338,-0.007947323865417855,0.6567422596359206,0.07644199056208865,0.4241038407291289,0.11660873067149398,0.06833662792375207
2026-03-02 11:00:00,67220.81,65259.21,67177.06,1.2875104376056894,-0.5101376727919774,-0.0004887241841877721,0.9776967781353095,0.9235723490140725,0.4716483234874545,0.11541260935696816,0.06553022772559088
2026-03-02 15:00:00,70096.0,66975.29,68877.67,3.3052737610395444,-0.32318996956341794,0.0442083775061306,0.609598456759489,2.176666757681102,0.5328701287301558,0.22355691914056355,0.07391748012109146
2026-03-02 19:00:00,69539.77,68576.18,69440.49,0.047423732953786935,-0.3160535761230304,0.0018167505589008481,0.8969686277265565,-0.22331198019629322,0.4276487901922936,0.22819759860792196,0.08497020165297609
2026-03-02 23:00:00,69479.58,68210.71,68512.17,-0.43366565200258417,-0.12511457415855803,-0.004672042180072,0.23758147012508543,-0.33853665315517883,0.44706430628391824,0.21624172503129185,0.08981818485116035
2026-03-03 03:00:00,68617.42,67800.0,68106.73,-0.3889731520541062,-0.12144241178585427,-0.009395570635099992,0.37524161385364213,-0.4683743701756037,0.43776646985175616,0.1923105554587348,0.09223875030977204
2026-03-03 07:00:00,68311.83,66340.14,66860.3,1.0455393674566227,0.21808963733559644,-0.013282554627236487,0.2638142912919195,0.6283560366955554,0.49611178165813774,0.1587968353358803,0.09366635000236286
2026-03-03 11:00:00,67973.2,66158.0,66568.95,0.6284344941795508,0.2179909984307026,-0.0028089274129808883,0.22639378580747788,0.9938457770848854,0.4793258951052587,0.1518036610662296,0.08108095266494082
2026-03-03 15:00:00,68999.0,66471.79,68628.49,1.1275175030923985,0.23466696073303694,0.013069897051992907,0.8533916848981574,1.3506155905453179,0.5370865075995439,0.18425139581148192,0.07254712170498367
2026-03-03 19:00:00,68888.88,67832.3,68327.2,-0.4030157145810226,0.24223887521887694,0.0063001454032511894,0.4683980389514371,-0.3675023759524825,0.48058417793768676,0.2000967590628657,0.0656794103927456
2026-03-03 23:00:00,68909.34,67857.61,68323.33,-0.06530033157784383,-1.20103613622266,-0.000975815438952643,0.4428132695611753,-0.2300647192115238,0.48244506689522093,0.1976270440175051,0.06481158442947882
2026-03-04 03:00:00,68678.76,67400.0,68508.02,0.16531187531189473,-1.1900688185357426,-0.004311580416704208,0.8664800275198973,-0.22059567480829792,0.5225625652852268,0.18672540857393669,0.06641399916256066
2026-03-04 07:00:00,71893.0,68349.49,71348.92,3.757679022634787,0.48250958539435856,0.03641036582664192,0.8464573262080629,1.3769736996890694,0.5452436337004468,0.2783904338938524,0.08092744610070263
2026-03-04 11:00:00,72633.0,70588.0,71621.04,1.8535481401855773,0.4844293465948248,0.014624417565021641,0.5051540342273556,0.9541193425005097,0.5514618034654293,0.31654872765443526,0.09461627157083168
2026-03-04 15:00:00,73759.99,71580.62,73693.5,2.473212525513889,0.939185111084532,0.020711878074866075,0.9694911832274007,1.3554033223293507,0.5543327432792444,0.37138086296709244,0.1147231262966032
2026-03-04 19:00:00,74050.0,72638.29,72705.86,0.5725335168741522,0.9362411996064169,0.006434352347503447,0.04786393806059888,-0.31553830207894357,0.42275121268260507,0.3887678242087191,0.12752800331595707
2026-03-04 23:00:00,73306.82,72313.04,72506.19,-0.06607642984916444,0.7038641126314535,-0.010353617539206272,0.19435891243339828,-0.24005881660342548,0.48206825350929294,0.36061017352704533,0.133957266455343
2026-03-05 03:00:00,73081.08,72037.56,72553.62,-0.08249892766192417,0.7070479566596117,-0.002797278395417102,0.4945377184865171,-0.4965810727180593,0.4894778384276056,0.35308147284511265,0.1335682112797347
2026-03-05 07:00:00,73558.15,71757.17,73388.92,0.707119439059632,1.0018861113418296,-0.000113467916167731,0.9060344923269239,0.058552548665153824,0.4372588641087065,0.3527769352776466,0.13641507828271032
2026-03-05 11:00:00,73449.96,71944.18,72609.29,0.6010283570272964,1.0006116447494513,0.003015114090523241,0.44170463148373446,0.4633387168337231,0.42645131555623794,0.3608683090665414,0.13611383342403346
2026-03-05 15:00:00,72770.0,70645.47,70990.65,0.829975818951579,-0.0074352121977889155,-0.020003462179058573,0.16247358239157295,0.9366710115740386,0.4784468560685975,0.30702507214219166,0.13191753799011846
2026-03-05 19:00:00,71572.3,70840.0,71208.54,-0.5310868245868299,-0.0018942264739829353,-0.0007388159611531053,0.503263689737757,-0.5094239662550026,0.5203294760114328,0.30507618449925417,0.12660945861272613
2026-03-05 23:00:00,71419.98,70344.03,71252.43,-0.12440059435801691,0.32805969652433126,-0.002807447693019993,0.8442771504173557,-0.5126285389871692,0.49415972350400933,0.2976760225552014,0.1258030546367131
2026-03-06 03:00:00,71305.42,70143.19,70597.23,-0.39260523746576215,0.3354073496035707,-0.005530866418688385,0.3906627775879891,-0.3852827642027323,0.45781749574983277,0.28313812024569573,0.12640320163524615
2026-03-06 07:00:00,71192.76,70300.0,70527.93,-0.5358677366275515,-0.6801734104374471,0.0017991344508820895,0.25530937765742334,-0.6069974048249291,0.46751971407742515,0.2878409959913204,0.12394992172810537
2026-03-06 11:00:00,70643.27,68176.47,68409.89,1.5548348296764272,-0.6732024864687172,-0.017555090417797237,0.09462461488529744,0.09282591676997068,0.41412688555496224,0.24187003235687815,0.12681668560831222
2026-03-06 15:00:00,69100.0,67744.78,68181.2,0.09657625917982474,-0.4751423590782191,-0.015758955063689184,0.3220288956750768,0.1341202883399951,0.46535238750276187,0.20132700628350245,0.12138328404461722
2026-03-06 19:00:00,68485.01,67777.0,68319.89,-0.6585159995825492,-0.46870851279975256,-0.0038014499615610653,0.7667829550321826,-0.7767538857456631,0.5526422459496786,0.1941547938587405,0.11249160763869208
2026-03-06 23:00:00,68394.09,68060.6,68350.04,-0.7767194579194209,0.1441285405291418,0.001249259016278259,0.8679120812957412,-1.1924519953035235,0.4816804328024305,0.19959459516263445,0.11341485648223486
2026-03-07 03:00:00,68551.04,67612.21,67690.86,-0.704511747895102,0.14748968353849282,-0.0030275200181603124,0.08377448526267536,-1.08264911555827,0.42351984653644975,0.19714987034823148,0.11719053112205542
2026-03-07 07:00:00,68102.73,67446.41,67880.31,-0.7601524547418852,0.7901569044495202,-0.0030298794445771104,0.6611104339245918,-1.0960191557640855,0.4904880929582639,0.1927073747116428,0.11860094511516263
2026-03-07 11:00:00,68232.27,67609.44,68016.7,-0.899209875483443,0.7972421707947173,0.0023015410713713713,0.6538862931995163,-1.1110073404175753,0.559612663835705,0.1991202769817751,0.1201200945217293
2026-03-07 15:00:00,68034.67,67480.0,67568.13,-0.5907325336956173,-0.9029530009647619,-0.0034881622921226763,0.15888726629963051,-1.1534206041776132,0.36360032089405636,0.192101946899897,0.1267716009184812
2026-03-07 19:00:00,67572.35,66915.26,67258.65,-0.23989151697604816,-0.8949394258273123,-0.006667265279101997,0.5225920345687314,-1.0307479839454339,0.4839101645141031,0.19576020277825604,0.13269303633363375
2026-03-07 23:00:00,67481.96,66833.58,66925.44,-0.6203856341372963,-0.9482632066900164,-0.0006920233672487175,0.14167617754801684,-1.1101334472636495,0.5298636302013077,0.20208193341274877,0.13052616826492083
2026-03-08 03:00:00,67250.24,66547.15,67161.52,-0.3914533606632342,-0.9398344807957061,-0.00396674404807551,0.8738141631814733,-0.9978765459802384,0.5172619825412968,0.1894651527754819,0.1282626003112798
2026-03-08 07:00:00,68200.0,67154.91,67904.14,-0.025995859397946346,-0.18564377174146912,0.008646954804524709,0.7169047641761278,-0.9211586840704243,0.5821226318691513,0.21685889732263605,0.12178725918334145
2026-03-08 11:00:00,67904.15,66761.68,67339.76,0.10023387107141703,-0.1805395485815956,-0.0055571846460198415,0.5059914045838764,-0.7734283698999497,0.4880117307170424,0.19910138104960817,0.11685073632551524
2026-03-08 15:00:00,67369.36,66745.54,66804.0,-0.45576597275388636,-0.5661226531130863,-0.001649506460484007,0.09371293001036937,-1.042700569317483,0.48618122631794664,0.19385981298797395,0.10457814580037482
2026-03-08 19:00:00,67609.08,65618.49,66236.8,0.6455889411356335,-0.5614312675235512,-0.006776300997978768,0.31061645039756686,-0.48849178429179985,0.5369741683646114,0.1723625616370376,0.09533151253217226
2026-03-08 23:00:00,66773.0,65821.97,66537.32,0.2780562887778096,-1.19733461216262,-0.0039900570487311215,0.7521844736680071,-0.14510822373623564,0.4530267630263947,0.15979021275060376,0.09085041128393644
2026-03-09 03:00:00,68069.29,66512.88,67267.18,-0.047491301330629745,-1.1875849561502212,0.016505314196603837,0.48464093651103973,-0.4181699555459181,0.5320039985810878,0.21195266880255254,0.08013159760571391
2026-03-09 07:00:00,68460.09,66853.48,67608.13,0.32886136476041095,-0.9187709470949997,0.003587379145735037,0.4697157368591702,-0.4454334973649698,0.509434670148429,0.2243877695794525,0.06579476306303012
2026-03-09 11:00:00,69480.0,67344.45,69151.5,0.948038272182506,-0.9134825567196115,0.015153065736974725,0.8461754583088847,0.08483642940877595,0.49955068271031855,0.2843165345877106,0.055480809710448054
2026-03-09 15:00:00,69254.87,68179.12,68356.37,0.5171591273177949,-0.6482915500405155,0.0010213055008363447,0.16476876597569354,-0.3610808149580433,0.4369362280519494,0.30790991489691494,0.04229204938507037
2026-03-09 19:00:00,69516.65,68356.37,68635.88,-0.035289591010786145,-0.6419081456340411,0.0020430205996830875,0.24089874857586155,-0.616991828037066,0.49392322054037424,0.36805699348693754,0.042945050205444646
2026-03-09 23:00:00,70578.29,68384.69,70272.01,0.32713992565539257,-0.40086265471751925,0.0057494042047563365,0.860375638216355,-0.5443951580326493,0.5512447491843221,0.4012623347061313,0.05328676273381582
2026-03-10 03:00:00,70370.86,69390.0,69910.91,0.06283593550366605,-0.3940108787310079,0.009215622164811865,0.5310747711138107,-0.67311068712306,0.46643224038609377,0.44164324753053064,0.05989878487380494
2026-03-10 07:00:00,71300.0,69805.7,70774.04,1.191071951875052,0.42942943400904077,0.010601801158704127,0.6480224854403497,-0.5008216207253047,0.5323042710892669,0.4894642944007622,0.06965593742464818
2026-03-10 11:00:00,71527.54,69266.06,71467.81,0.6805877591790951,0.42501143300995925,-0.004665255334608376,0.9735880927491148,0.12356921895768545,0.49638747862227356,0.4686486954166075,0.08155464441799552
2026-03-10 15:00:00,71777.0,69901.0,70013.87,0.9658113775045474,0.5435557922089427,0.008060160767482838,0.06016524520223545,0.47487462516482465,0.4987636184025258,0.5045764294725995,0.08644459956392142
2026-03-10 19:00:00,70417.3,69452.42,69721.58,-0.29810986839890574,0.545971292952908,-0.014278552092961694,0.2789569687393382,-0.7466330138924099,0.4879242326550625,0.44041755378371256,0.08871182629579209
2026-03-10 23:00:00,70173.25,69614.0,69810.72,0.10037318027954738,-2.344419546118776,3.9420156774827575e-05,0.3517568171595594,-0.7761480257780292,0.5275396819693919,0.44059215414094416,0.08984764852129146
2026-03-11 03:00:00,70281.87,69420.0,69950.01,-0.4648443305330764,-2.3049996363453884,-0.0026702242622121952,0.6149535312678804,-0.8857707056346216,0.5509758053422463,0.42876469005242435,0.09007674141348465
2026-03-11 07:00:00,70018.49,69384.5,69604.9,-0.09860072274029662,-0.9987727839489797,-0.001997808833276049,0.347639552668837,-0.8723223125306352,0.5389679593206272,0.419939245012829,0.08847166020967469
2026-03-11 11:00:00,71091.18,68977.91,70578.7,1.2574526416128102,-0.991345382468741,0.007102736110865093,0.7574943097627973,0.6073529606112333,0.5105346615121745,0.4512533396717827,0.08763585568382759
2026-03-11 15:00:00,71321.0,69702.25,70617.64,1.276824172974414,-1.1136109345551486,0.006931079033849041,0.5654918918883982,0.5015553251283006,0.49332540559430765,0.48202768390909984,0.08912143068217449
2026-03-11 19:00:00,70950.0,70241.53,70373.01,-0.6477479422658359,-1.1083829669829068,-0.0007887295135829975,0.18558301692116796,-0.8490994516644338,0.4546428255988921,0.4785014120280053,0.08796350544230443
2026-03-11 23:00:00,70505.0,69226.52,69286.56,-0.6123738346366103,-1.5411501356134152,-0.007758454416178728,0.04696201739528516,-0.6628515792394569,0.43736915156672235,0.4455642588544408,0.08328124452965432
2026-03-12 03:00:00,69676.88,69205.91,69501.44,-0.8442189954290107,-1.5349253093272173,-0.007925442449609688,0.6274921969418926,-0.9131351648088334,0.49379578125789175,0.4102973150722914,0.07184263701362967
2026-03-12 07:00:00,70511.0,69408.88,70412.11,0.04710618881615225,-0.9977054271579725,0.0069740701339851,0.9102729285294683,-0.6899097149849368,0.5716701703059264,0.44528182238802744,0.059904324300785725
2026-03-12 11:00:00,70800.0,69355.34,69590.09,0.6123334732304226,-0.9925545004952856,0.003903510055340842,0.1624949815170175,0.16051574825094178,0.4503318094233746,0.4627994397150183,0.051259210394148824
2026-03-12 15:00:00,70569.15,69476.14,69819.64,0.18549489064563326,-1.415494079449755,0.00023595080549410063,0.3142697688007054,0.13361267476441385,0.4750708550504189,0.47883224079690273,0.04185701248714604
2026-03-12 19:00:00,70555.2,69770.85,70175.64,-0.9707417556428642,-1.4013648548243278,0.0006332398391022398,0.5160833811370399,-0.8322326052464593,0.38161982661559246,0.5366088664753029,0.04056043136327318
2026-03-12 23:00:00,72000.0,70159.35,71143.8,0.680686171522883,-0.3962266944483681,0.014988763337168143,0.5348382364896378,-0.09742534610560866,0.5183706309429396,0.6143158546442699,0.03683080941636368
2026-03-13 03:00:00,71637.54,70964.43,71342.0,-0.16518171147727262,-0.3938351733946604,0.0005895208378012828,0.5609335769701792,-0.7860682480529998,0.49645841736286994,0.6174179466116799,0.03470094968952508
2026-03-13 07:00:00,72575.98,71236.08,72458.12,0.566366040263177,1.1378721293582752,0.008191480782172578,0.9120382118000437,-0.3528156975731594,0.5402115495204287,0.6605473921853305,0.04396827743401961
2026-03-13 11:00:00,73913.74,72207.41,72382.72,2.5081212885218234,1.1307185102780106,0.01613752312896577,0.10274097038613286,0.6174350954499852,0.5619568375068097,0.7573321127880526,0.05038900520011029
2026-03-13 15:00:00,72829.12,70841.23,71055.45,1.8672304118647172,0.07133098580815876,-0.016687019801448044,0.10776250194876155,0.46012086399081126,0.46103990982653537,0.7088001801861036,0.05174597156883898
2026-03-13 19:00:00,71491.03,70559.02,70814.0,-0.873668377319032,0.07556152115996116,-0.010822134242431392,0.27358075556835393,-0.8962812958890208,0.46127867520041815,0.7724324744113935,0.05043798036982489
2026-03-13 23:00:00,71005.3,70481.7,70783.27,-0.3406798485060272,0.13732956827533604,-0.0038719772396862417,0.5759549274145227,-1.1227495817146864,0.4376578055553595,0.746227491798312,0.05032318606534766
2026-03-14 03:00:00,71307.92,70317.0,70622.08,-0.6099364698354687,0.14268842965832818,0.0025498836219550736,0.30787550962431226,-1.0323467435495586,0.4764765685204106,0.763417916140009,0.0494586228932825
2026-03-14 07:00:00,70743.88,70389.08,70570.44,-0.7845059230648881,-0.6430057783388078,-0.005834249949625447,0.5111612175729636,-1.175959027959585,0.4551044188386297,0.7239851484817512,0.04859243097495303
2026-03-14 11:00:00,70941.17,70562.66,70599.22,-1.021073371380828,-0.6368711556195301,0.0025145265817054785,0.09658925787702381,-1.1923290811870104,0.4821519918361435,0.7408812790498267,0.04790023021805344
2026-03-14 15:00:00,70733.02,70500.0,70668.23,-1.3574525005068265,-0.8240973615011733,-0.0017675405785412268,0.7219551969477874,-1.1290818696611908,0.5183407034516584,0.728974587770947,0.04603321056472795
2026-03-14 19:00:00,70856.4,70595.14,70710.91,-1.817675200868108,-0.8179155096801614,0.0015135122891549724,0.44312179436413984,-1.3490482653155038,0.4671684725470595,0.7391520462567527,0.0460062928440273
2026-03-14 23:00:00,71634.08,70710.9,71450.53,-0.8967756840793594,-0.1576315066125668,0.0062340456486429385,0.8011763686301554,-0.9906880806789888,0.5304294535419642,0.781135694929366,0.04662416121827933
2026-03-15 03:00:00,71800.68,71240.68,71458.41,-0.6378179598926716,-0.16095479699048354,0.004807080273043107,0.38880357142164723,-1.1104199436438942,0.5641062154611739,0.8137111568670605,0.04738302985689028
2026-03-15 07:00:00,71940.49,71411.88,71783.09,-1.0389023781160247,-1.1791400817771156,0.002983090871527372,0.702237944785322,-1.1793961670534074,0.5226996570302852,0.8334426270494714,0.044774032716906914
2026-03-15 11:00:00,71888.0,71263.99,71622.03,-0.8807584113935134,-1.1706772007705963,-0.0024463177443485584,0.5737728561950272,-1.0571278144023195,0.4161994112539215,0.8166771687197666,0.042002972832642184
2026-03-15 15:00:00,71989.93,71320.08,71390.53,-1.3857995476744065,0.8595274562260145,0.00020906532822362323,0.1051727998789972,-1.08934480161937,0.5678124472692233,0.8181064603671265,0.0417683702071258
2026-03-15 19:00:00,73081.77,71338.67,72749.44,-0.8186635529805203,0.8573540856112039,0.008568340290547205,0.8093454190763043,-0.5835974001979658,0.5873475604911785,0.8766968429260447,0.04182309980172135
2026-03-15 23:00:00,73199.0,72270.41,72514.69,-0.4251162560497487,0.8213212835329249,0.006953925389007409,0.2630655079177776,-0.16677134872128838,0.4696057027154027,0.9246552760366278,0.041125371896630035
2026-03-16 03:00:00,74451.03,72436.02,73714.36,1.7274047178593264,0.8193315537525802,0.015252169632575363,0.6344087622362449,0.32031291706812415,0.5647579424305048,0.9999999999990729,0.0472330108469292
2026-03-16 07:00:00,73924.83,72888.8,73783.42,-0.03827840478965068,1.9346471159601628,-0.005275440760960315,0.8635078134719664,-0.40340317111507873,0.48423928466652133,0.9639091010742218,0.05446653194387406
2026-03-16 11:00:00,74509.52,72990.52,73565.54,0.576904820248934,1.9482212521441715,0.0055191012040234355,0.37855167873351153,0.6363730682793677,0.5280796169503293,0.9999999999990742,0.05933095849643659
2026-03-16 15:00:00,74356.32,73160.66,73913.6,-0.06676067709545179,0.6713984655714046,-0.000394974735267839,0.6297275145055475,0.40346940482989313,0.5542293903192861,0.9973012388121255,0.06420153868740328
2026-03-16 19:00:00,74899.99,73781.54,74772.66,-0.1603306445262859,0.6647013964709443,0.008096548735703202,0.8861549465699299,-0.17221890150837904,0.5347127279540846,0.9999999999991205,0.07251909466764
2026-03-16 23:00:00,76000.0,74250.21,75198.02,1.0041926465640298,0.21522747401362893,0.011432615488508713,0.5416707147683919,0.5828676830529923,0.5464030539098098,0.9999999999991817,0.08094477720493155
2026-03-17 03:00:00,75326.15,73784.0,74085.45,0.7696015195750288,0.2118288372162731,-0.011751753608297277,0.19547385143990112,-0.14828471957597292,0.4111139858309563,0.9276596796347998,0.08357595523295543
2026-03-17 07:00:00,74457.72,73560.98,73729.45,-0.5002809859618594,-0.4808459827902447,-0.0037768093964574145,0.18786939357909926,-0.5858820863506026,0.4634252235499194,0.904683973347762,0.08335167709123806
2026-03-17 11:00:00,74425.31,73399.19,74381.7,-0.20642920063625605,-0.4821468022336395,-0.001899666485297935,0.9575000974451569,0.10162444145459122,0.5378099940550026,0.8931712568335102,0.08236267752700353
2026-03-17 15:00:00,74893.94,73669.91,74683.04,-0.2768774749609997,-0.17108302762224611,0.004856825044057711,0.8277003014564301,0.20560035568801144,0.5326514143273336,0.9225495871863594,0.0811998580698234
2026-03-17 19:00:00,74800.0,73934.0,74307.08,-0.895798417907864,-0.17386605415161382,0.0034613714735942658,0.43080831408278714,-0.7970680381896349,0.3985688462836659,0.9435886818435132,0.07822655765888578
2026-03-17 23:00:00,74476.0,73535.36,74338.93,-0.9108154921507704,-1.5096344932506809,-0.006676862353857116,0.8542800646277535,-0.7154462342754098,0.5126802674649983,0.9028645420653688,0.07368295104022803
2026-03-18 03:00:00,74672.34,73830.76,73954.03,-0.9116454244680887,-1.5039708379397574,0.00202820565446582,0.14647448846044234,-1.080010192710846,0.5101705549272091,0.915152565673886,0.06731141989014276
2026-03-18 07:00:00,74281.33,73700.01,73946.35,-0.9847323420454932,-1.0587760508397095,-0.002437733870239822,0.42375971925234035,-1.0064243263489019,0.5741346285277764,0.9003534322409237,0.06298972573180668
2026-03-18 11:00:00,74074.84,71100.0,71193.23,1.6164426293320762,-1.0550967703048855,-0.021801950103745416,0.031339500611690926,1.4548995356777987,0.4392836762427959,0.768319563467726,0.0668657724697693
2026-03-18 15:00:00,72000.5,70857.21,71096.74,0.828460776306026,0.7559908075492499,-0.014146691390346744,0.2095093983135557,0.7315531471106999,0.5293117459976105,0.684514225907341,0.07032850349253071
2026-03-18 19:00:00,71486.14,70500.0,71153.66,-0.6260691099289266,0.7550194213369006,-0.0044276571520450725,0.6628470602484184,-0.3812464178283603,0.5036949082669754,0.6586557405268741,0.07250654998523293
2026-03-18 23:00:00,71365.4,70902.37,71055.44,-0.7908986355442317,-0.09814142539341458,0.0011403297817704772,0.3305833315264703,-0.7461954817468369,0.44842936397796085,0.665286028457118,0.07427510529062144
2026-03-19 03:00:00,71613.79,70505.0,70583.22,-0.8680382366751932,-0.10204413683297853,-0.0030581900768984482,0.07054536927578367,-0.6748783458004198,0.4592922016742994,0.6474843335591083,0.08261836379456372
2026-03-19 07:00:00,70600.04,69478.51,70133.72,0.6609724172081448,-0.6262721248039045,-0.010924358649412436,0.5842108548092027,0.11249897417245658,0.4360815240531105,0.5840882194808863,0.09205776633026828
2026-03-19 11:00:00,70259.37,69081.51,69482.25,0.5187378810102771,-0.6385746214948577,-0.008729436300204174,0.3402271916837339,0.8643451490827844,0.4456604671844267,0.5339830661977906,0.10398338813803894
2026-03-19 15:00:00,69954.18,68793.35,69821.21,-0.1262859712621469,0.4345584754290474,-0.001976160789278314,0.8854526502512491,0.4421024419816937,0.5457774086290684,0.5227393290970324,0.11030736552161943
2026-03-19 19:00:00,70695.6,69805.33,70183.99,-0.7334095072859066,0.42867042137992833,0.013745891870570626,0.4253316409580784,-0.3549971501562713,0.5281622599865924,0.6007946013856346,0.11392679094114695
2026-03-19 23:00:00,70588.5,69718.23,70415.47,-0.8848082265327607,0.2715188567308541,-0.0026059200223537138,0.8011766463189472,-0.7008857174022517,0.5600530203791642,0.5857936256076466,0.11536225949063529
2026-03-20 03:00:00,70969.71,70346.49,70502.9,-0.8435015512945946,0.2633665932331135,0.00676606848265604,0.25097076473392854,-0.9917435675970387,0.5117232890415796,0.624640993848966,0.11320040679519269
2026-03-20 07:00:00,71367.0,70160.06,70611.68,-0.3500794178504757,0.297816344864042,0.0017641918585944438,0.3741859578738402,-0.6242533234178039,0.43787830166525443,0.6348386319780448,0.10735146934972055
2026-03-20 11:00:00,70810.81,69589.38,69731.21,-0.03490606330204628,0.29866207800930683,-0.008788080754409844,0.11611799284350424,0.5568852742148598,0.4344892693775406,0.5839508729713211,0.10846939148894269
2026-03-20 15:00:00,70100.0,69388.0,69770.0,-0.2107627975745816,0.03299992757695636,-0.005076409881422217,0.5365168539250489,0.6594342841839931,0.49917055847208036,0.5548140306725472,0.10788056159226593
2026-03-20 19:00:00,70923.75,69673.76,70767.85,-0.8603096245175027,0.023537135392043412,0.007704512939510133,0.8752790022250209,-0.46263244860579045,0.5068710516209943,0.5988107931377541,0.09989043524734907
2026-03-20 23:00:00,70826.0,70430.0,70737.6,-1.2965707598782654,-0.31658875724594765,0.0036989951393457954,0.7767676767480761,-1.1008256145947466,0.5220745898068425,0.6200967165422829,0.08998764419975919
2026-03-21 03:00:00,70834.46,70617.05,70774.65,-0.7452776339036796,-0.31616732500853534,0.0022077541249816424,0.7248976587679489,-1.2331756503322107,0.4999443294562447,0.6328482650889161,0.07986965936538515
2026-03-21 07:00:00,70879.76,70492.02,70605.64,-0.9341471762995863,-0.11454626291824477,-0.0012612165500801575,0.29303141279483097,-1.2948477210961717,0.4290300375346176,0.6255476467772281,0.06671651588424003
2026-03-21 11:00:00,71100.94,70567.79,70629.1,-1.1648975133459747,-0.1153338820362495,0.001955104226214699,0.11499577979717014,-1.2851801511117762,0.5842725592369556,0.6368505969153495,0.052054594485552316
2026-03-21 15:00:00,70760.0,70210.0,70389.19,-1.2146779839303954,0.3793415990581735,-0.004547724546547172,0.3257999999940806,-1.2376123715891987,0.4339335088235042,0.610507652767214,0.02823567524018204
2026-03-21 19:00:00,70516.82,70265.55,70277.22,-0.8655040669937394,0.38301053960605963,-0.0011809214988990346,0.04644406415224111,-1.3778152530712022,0.5255001767070387,0.6036982090903862,0.026711859743767052
2026-03-21 23:00:00,70293.82,68228.5,69278.12,0.93688614969012,0.30271858310912947,-0.019011378305709203,0.5082118025269254,0.16583851643226397,0.4605019487536509,0.4942040289402313,0.02939315683147567
2026-03-22 03:00:00,69588.79,69059.87,69164.06,-0.9486086343642456,0.29970883156869854,0.0035913110606751175,0.19698631172584286,-0.9935809557885757,0.5085313826903625,0.5144946072581448,0.031024192723759277
2026-03-22 07:00:00,69250.08,68523.96,68648.17,-0.8228786522070982,-1.100636977625695,-0.006980741008842051,0.17105987990729088,-0.8494535048650139,0.43549396221718456,0.4749124171316724,0.03555482998648947
2026-03-22 11:00:00,68957.24,68110.55,68711.66,-0.8333879640399895,-1.0922300854013862,-0.003586343160374428,0.7099528753060735,-0.614075888121194,0.5379395660275702,0.45471909333516924,0.039365603945347626
2026-03-22 15:00:00,69005.71,68344.57,68618.58,-1.2718125000121996,-1.7260041281657563,0.0024446587218216465,0.41445079710174926,-1.045339404691867,0.4623001082514657,0.4684346638470151,0.0434586657428078
2026-03-22 19:00:00,68626.07,67360.66,68339.37,-0.35090314906587206,-1.705994059928492,-0.011043251904790163,0.7734331165331828,-0.06446692633466412,0.4686424045821217,0.40632588038520867,0.048198859947690076
2026-03-22 23:00:00,68474.0,67445.18,68320.72,-0.6430974793592571,-0.43085958730807555,0.0003096590633944185,0.851013782772003,0.16089929204530384,0.5192090130070295,0.4080482134452652,0.05246266109659186
2026-03-23 03:00:00,68915.4,67698.86,67874.19,-0.26769956153340724,-0.42976363488346775,0.00637833283425393,0.1441218537808551,-0.2384763420492818,0.5365880298925784,0.44353567886227396,0.05840398904865346
2026-03-23 07:00:00,68714.28,67502.48,68551.02,0.1830488747704021,-0.6343427436561898,-0.001978474553834486,0.865274797814287,0.18024843745548932,0.5459577212339409,0.43245772501882745,0.058849702705933586
2026-03-23 11:00:00,71817.09,68544.15,71446.46,4.361672467888431,-0.6291431118030054,0.035543140578378374,0.8867593050869074,3.540966352700812,0.5174824466495295,0.6310785538881523,0.060034763331323106
2026-03-23 15:00:00,71660.01,70103.21,71076.22,0.4489355371035195,0.1831625345441076,-0.0006205258918871026,0.6250064234286691,0.81719817985846,0.4616993352844789,0.6274877052889165,0.06183057915654986
2026-03-23 19:00:00,71246.01,70520.22,70780.22,-1.1539749938100377,0.1871675115775386,0.0025839779903704674,0.3582303421050441,-0.9009417343139549,0.5414055680920568,0.6424313461766084,0.06361514207831748
2026-03-23 23:00:00,71099.96,70278.46,70453.37,-0.7576201233286941,1.2677731235699152,-0.002951406626595099,0.21291539865838074,-0.5208502800371707,0.46735447334187474,0.6253186901721048,0.06455391306646595
2026-03-24 03:00:00,70741.64,70119.06,70541.38,-0.7031586720058168,1.2558980151527828,-0.003752405905221079,0.6783385267647891,-0.8248359478969808,0.4225358048489211,0.6036259453191835,0.0639432671790359
2026-03-24 07:00:00,71400.0,70488.0,71272.87,-0.03592943751552821,1.0992837468789083,0.009305967995207887,0.860603070165997,-0.5619569672205366,0.4899652450802829,0.6572220883709821,0.06499007064383659
2026-03-24 11:00:00,71327.26,69507.34,69869.93,0.5080740660636064,1.090773617428789,-0.00986202888971266,0.19923403226405806,0.45475054498316925,0.41906957570317027,0.5998948402731966,0.06496986600147187
2026-03-24 15:00:00,70255.37,68923.07,69430.24,0.3443731753456097,0.9302088394940903,-0.010747045952376855,0.38067252120107786,0.373065818938887,0.4787834016161241,0.5380391516963827,0.0644164881825992
2026-03-24 19:00:00,70586.86,69277.04,70316.96,-0.40870077921143244,0.9341779722435705,0.006237470798998945,0.7939411522133331,-0.49861547799660655,0.5298996710997382,0.5735537102904271,0.06293431193357633
2026-03-24 23:00:00,71100.28,70270.0,70531.09,-0.5159871189756509,0.729026574412751,0.010055544939330918,0.3144601821034498,-0.7532848921349717,0.5328802416480213,0.6311645218062135,0.06304443061119915
2026-03-25 03:00:00,71345.0,70408.0,70991.83,-0.4047845978187276,0.7230394111146866,0.0037483785145611126,0.6230843116262229,-0.8841052516908745,0.5132067137167228,0.6528558966107865,0.0644052071632512
2026-03-25 07:00:00,71641.91,70800.0,71501.39,-0.5105876806524509,0.3958343101851693,0.003954840897159251,0.8330937986146566,-0.7606381563316038,0.519079827152018,0.6758278280788379,0.06742160232292203
2026-03-25 11:00:00,72026.09,71105.43,71234.28,0.09387964652268688,0.39818289795913586,0.005012310767064987,0.1399539460806441,0.08751756733435682,0.4661205316563741,0.7050572794148472,0.0693068234403315
2026-03-25 15:00:00,71752.88,70530.47,70810.34,0.07887351580273129,1.3593650756931928,-0.008125417690732939,0.22894937050392672,-0.07985899987551048,0.47001444979424745,0.6574361434958691,0.06840572535881155
2026-03-25 19:00:00,71594.11,70646.34,71369.08,-0.9152489224844129,1.346137837532531,-0.0005563350103060527,0.7625689776975177,-0.9667337684729458,0.5224727832061712,0.6542020899404499,0.06748280664199206
2026-03-25 23:00:00,71511.83,70672.37,70893.01,-0.8863196779137009,0.7350907432477445,0.002754528803406764,0.2628356324272382,-0.963135170647138,0.5503011656017254,0.6702056444706849,0.06526056504909841
2026-03-26 03:00:00,70968.66,69855.73,70097.18,-0.2646363427472997,0.7281059941579053,-0.01101958543800774,0.21694985308853745,-0.7615539282267925,0.4869577811234855,0.6060065319472457,0.06074450057352767
2026-03-26 07:00:00,70167.6,69409.67,69517.68,-0.2697613906408347,0.4513167136127217,-0.008858826243304252,0.14250656392881747,-0.5472664699050823,0.48321641082920513,0.5549645367133633,0.055989208955719266
2026-03-26 11:00:00,69877.45,69192.96,69479.92,-0.02446914195182136,0.45933619223820693,-0.004165077267940687,0.41923183683589743,-0.05136175165639734,0.4936085330637491,0.5311791597053497,0.046204446019655364
2026-03-26 15:00:00,69497.73,68153.0,68497.25,0.8028040676634002,-0.4733256235303877,-0.010487326401712349,0.2559993455916363,0.11007793476140974,0.4375984348596668,0.4715389565252937,0.047273816562022654
2026-03-26 19:00:00,69478.42,68358.8,68892.67,-0.23374305956432828,-0.4680464314416,0.0026763202578772294,0.4768314249434891,-0.5107775842799291,0.5345408679880708,0.4865992616818153,0.049556429042082364
2026-03-26 23:00:00,69179.05,68531.37,68903.59,-0.653848857797345,0.8943621351960825,-0.0011941382979899773,0.5746973814140468,-0.9210586718439888,0.5287152070866773,0.47986157089516607,0.05207872552142743
2026-03-27 03:00:00,68924.0,68304.14,68656.15,-0.467239436956848,0.8997577480754535,-0.003074555374219745,0.5678862968965824,-0.9202852407484754,0.5173990187823715,0.46253471152203346,0.05576445597436086
2026-03-27 07:00:00,68955.53,66326.38,66502.41,1.818992438168398,-1.5878275757531741,-0.01382518283388956,0.0669531978013159,0.15060201952142954,0.4890040730695304,0.3848615298123665,0.07550622322976776
2026-03-27 11:00:00,66848.05,65730.17,66205.06,1.9229440019826822,-1.5709956744820035,-0.019909595055988882,0.42481303896281297,0.6870460160550489,0.4875212743983018,0.27455110751366424,0.09069139187426216
2026-03-27 15:00:00,66638.25,65548.25,65836.69,0.8872388704502745,-1.4342153755209328,-0.004678923198295104,0.2646238532085836,0.3618346042060027,0.5289961416522626,0.24914335945694785,0.10272269718068644
2026-03-27 19:00:00,66186.01,65700.0,66020.79,-0.5654296065861938,-1.420908317168441,-0.0005977574606980118,0.6600481471438788,-0.7484206354178697,0.5584406848679342,0.24591257143718273,0.11237362767499354
2026-03-27 23:00:00,66520.46,65932.09,66053.2,-0.8573671125265314,-1.9948358653682996,0.003341599696012665,0.2058398626679473,-1.0355433861703958,0.44262532517948505,0.263962612774057,0.12048402330838343
2026-03-28 03:00:00,66500.0,66053.19,66382.0,-0.7345970066528773,-1.9690721370991935,0.0007782856481444167,0.7359056422028163,-1.2221038589823094,0.5233305970697786,0.2681806617596124,0.12400446508297017
2026-03-28 07:00:00,66573.61,66124.4,66221.38,-0.6880098570483639,-1.8265173907497292,0.0018670270367828756,0.21589011820273413,-1.2124248449251738,0.4669746328707758,0.27830720165069445,0.12716710876145737
2026-03-28 11:00:00,67163.99,66201.91,66742.1,-0.7843709793380089,-1.8119801889194647,0.004493970553837379,0.5614813736845029,-0.9378085039913753,0.5739266706899684,0.3027274893838734,0.1244444710589632
2026-03-28 15:00:00,67288.94,66704.0,66908.03,-1.0326147968924104,0.1307262762132516,0.004215338913870159,0.34880500563563777,-1.0023783159868975,0.5142571695560308,0.32573662936647246,0.11822676115102938
2026-03-28 19:00:00,67010.0,66588.22,66755.88,-1.3535556499702521,0.13429049296495005,-0.0023849426677883256,0.397505808706029,-1.28458524796897,0.5131760707378449,0.31266370698358614,0.1122926181353714
2026-03-28 23:00:00,66843.66,66281.4,66818.0,-1.2209662195153193,-0.782838764654437,-0.0046596986845464095,0.9543627503120501,-1.0236620787560797,0.5116990740431159,0.2871827597172334,0.10614029830107131
2026-03-29 03:00:00,67130.5,66597.1,66738.5,-0.9690458471828104,-0.7817017158525987,0.0041292857686969775,0.26509186351208247,-1.1502612947619573,0.4684595943763726,0.3096579958445879,0.09465945076260891
2026-03-29 07:00:00,66773.02,66418.0,66502.79,-1.2420365608600328,0.18504453634648446,-0.002664759118317095,0.23883161511352685,-1.1790541064911524,0.47077783675581836,0.29509412179889233,0.08375650951901034
2026-03-29 11:00:00,66988.01,66461.0,66589.64,-1.1425240061305284,0.1924547056756233,0.0011574607882745003,0.2440940399566607,-0.970331335851651,0.5024107879183579,0.30140320725122016,0.07486844537567257
2026-03-29 15:00:00,66730.6,66158.26,66427.26,-1.1364124540063132,0.9011350963446739,-0.0036252113734195346,0.470000349434418,-0.9845989939737462,0.5011439885754786,0.28162003900515087,0.06814400910658001
2026-03-29 19:00:00,66793.83,65000.0,65860.31,-0.23262524697236428,0.8984617361897028,-0.008916220013769127,0.4795939414522006,-0.5701061173816417,0.41482149925449185,0.23313965880215187,0.06111101891479215
2026-03-29 23:00:00,67450.0,65800.59,67121.01,0.3558121690848645,0.26992064069066257,0.01091612930084529,0.8005407994325183,0.6412100936779148,0.5584227237341869,0.29196497637344193,0.05565644364175791
2026-03-30 03:00:00,67800.0,66977.62,67305.14,-0.41344380948610093,0.26873314797407843,0.012596693309656404,0.3982587125124877,-0.44904203460401876,0.5135555055286308,0.36058759565605514,0.04790294236426338
2026-03-30 07:00:00,67946.02,67227.88,67488.53,-0.11376270730172813,0.3253509372744448,0.003403592336543637,0.3629515136273775,-0.7620289547717437,0.45991175861441574,0.37936280452031707,0.03866907721290538
2026-03-30 11:00:00,68169.65,67088.73,67799.54,0.3125182813552285,0.33137175862995505,0.0008313576939118494,0.6575972319814815,0.13164849388730865,0.46456947063465726,0.38396442515425466,0.03133360309782779
2026-03-30 15:00:00,67896.89,66508.25,66653.46,-0.1920380392183981,0.40469593216403105,-0.006823179263942714,0.10456993893230843,-0.15776120113555342,0.4741173416774798,0.3461662722953334,0.031836640306095586
2026-03-30 19:00:00,66994.17,66233.13,66784.98,-0.9531390927742585,0.40728344026019986,-0.009080224191040154,0.7251261431629673,-0.7020721987991956,0.5343307341081311,0.29620805391657073,0.031284493827932976
2026-03-30 23:00:00,68408.37,66419.79,67943.43,-0.07414131736979579,0.24038827624699366,0.012389445531969301,0.766194973293675,-0.1448728410013415,0.5684463211855524,0.36375422522362844,0.0330046616601111
2026-03-31 03:00:00,68009.99,67333.33,67492.85,-0.3487045230415652,0.2447141470598443,0.0025820115207175753,0.235746164983368,-0.6571468080412852,0.42750494750976503,0.37800553075579335,0.03293063897473895
2026-03-31 07:00:00,67524.65,65998.05,66363.38,0.7392196933828991,-0.29802775378421853,-0.011599500358661308,0.2393095768358514,-0.17805520425880617,0.4041515139990674,0.31381726144583993,0.03235828473370091
2026-03-31 11:00:00,67767.87,66240.14,66587.45,0.37548143401729667,-0.29491105628544884,0.001878457222408647,0.2273372912738018,0.5027643500458503,0.479715357577795,0.32409152374927586,0.031804306305148154
2026-03-31 15:00:00,68589.49,66587.46,67854.05,0.8443029835029059,-0.5170203471308858,0.010094681969780916,0.6326528573466286,1.2820063864863518,0.5430619344999515,0.3794083199741322,0.03253829048059873
2026-03-31 19:00:00,68410.3,67716.35,68172.87,-0.5191459549125809,-0.513423671197594,0.006392133306223569,0.6578571943128653,-0.5204938730487965,0.4843172744237447,0.41478949778497654,0.03605936439895967
2026-03-31 23:00:00,68378.64,67578.75,67668.89,-0.0580561398752498,-0.6901233223751305,-0.0013747995836237425,0.1126904949416452,-0.6034911879577844,0.5232806974677501,0.40713118521421027,0.037319994217688106
2026-04-01 03:00:00,69236.78,67668.9,69102.85,0.01981335711945841,-0.6831234114867649,0.007843768956468766,0.9145789218504361,-0.4273601970111278,0.5610926144138079,0.45076478160002764,0.04492111583282659
2026-04-01 07:00:00,69310.0,68389.21,68585.55,0.5908968377567727,0.13464477448724257,0.0028027143880304806,0.21322994385024335,-0.500362660822522,0.49103509938720863,0.4664781131957191,0.048590010715655454
2026-04-01 11:00:00,68786.0,67918.83,68593.55,0.45755846754668045,0.14519513572318749,-0.0040023778368195595,0.7780711971034766,0.09213177401633295,0.5203450050653795,0.44397601486111704,0.05103415171734354
2026-04-01 15:00:00,69171.77,67939.28,68084.76,-0.15732344558596537,0.4243107817095696,0.002006752754218022,0.11803746886288323,0.004251505036634215,0.4952361818941624,0.4552131887805097,0.050906313269175295
2026-04-01 19:00:00,68534.0,67964.48,68122.99,-1.126177713225771,0.41698321842677094,-0.005280137992691336,0.2783220957950993,-0.7915395330049791,0.46117751393595274,0.42558677010887896,0.05029474573861316
2026-04-01 23:00:00,68653.38,66624.64,66852.99,0.4277298490519738,1.2450043998105278,-0.009185396225063869,0.11255754803418855,0.4425632869451166,0.4893228842415051,0.3743204000689835,0.04986803186456699
2026-04-02 03:00:00,66969.54,66217.07,66681.49,-0.08348060824637127,1.2412834923051048,-0.015224640232689879,0.61719404095025,-0.581295201852013,0.5101330405635282,0.29012776334436297,0.0458706457709619
2026-04-02 07:00:00,66961.26,66180.0,66457.28,-0.5241244026585489,0.49753557624139855,0.00022775799659702223,0.35491385709808715,-0.8135538295855579,0.5172260681820766,0.2913680951477287,0.04806248194638316
2026-04-02 11:00:00,67104.86,65712.12,66868.18,1.1456046095394243,0.507437113645654,-0.003431706672418655,0.830061605175189,0.6493939798307002,0.5468456608781008,0.27267534042173586,0.048506059130063166
2026-04-02 15:00:00,67430.99,66596.8,66981.99,0.4673579178768459,-1.8260316545340447,0.009094558859407798,0.46175331758398414,0.24046093658153653,0.42215299988158017,0.3220440586851744,0.048931518790629965
2026-04-02 19:00:00,67109.09,66731.08,66982.48,-1.1415996871650758,-1.804806550088538,0.00020576530881832866,0.6650617708350229,-0.9331005759721119,0.48956975892235755,0.2793791183131313,0.0491537707937619
2026-04-02 23:00:00,67096.68,66282.0,66533.81,-0.7213290948785012,0.044554402182711034,-0.0036455195072692126,0.3090906859096933,-0.8317089717186599,0.459343041261491,0.25811345841320504,0.049872456364983914
2026-04-03 03:00:00,66808.5,66416.68,66796.79,-0.4332959691476614,0.04537512582081216,-0.0013920439957489927,0.9701138277532864,-0.852321624568692,0.4231829811964416,0.2500227550784401,0.049647149010970434
2026-04-03 07:00:00,67288.0,66674.72,66883.08,-0.7102195785108307,0.11466224886534912,0.005548851736871363,0.33974693451050664,-0.8931846979965319,0.48485280810109427,0.2822283597918908,0.049569478105915554
2026-04-03 11:00:00,67370.42,66508.1,66929.81,-0.7069540282387128,0.11864736276034199,-0.0021307359726050468,0.48904119119944467,-0.6790799603203383,0.5629979284524074,0.2697929199813598,0.04987124496480744
2026-04-03 15:00:00,67069.0,66751.86,66812.03,-1.1080717375387914,0.3867444497856897,0.0009215804072373324,0.18972693447089958,-1.174915218421656,0.5089454718945213,0.2751600039600836,0.04862199908605943
2026-04-03 19:00:00,66970.18,66774.02,66888.76,-1.2773105902163522,0.3862900088782662,-0.0005116977793164779,0.5849306688119282,-1.3919127377391833,0.45937458117407787,0.2721772409900814,0.04780465204635273
2026-04-03 23:00:00,66968.28,66814.0,66844.83,-1.170059965143647,1.3385832173944998,3.0577275923260316e-05,0.199831475226884,-1.3194776731652538,0.48674758737357304,0.27235538930487885,0.047907742750409175
2026-04-04 03:00:00,67049.94,66775.91,67013.24,-1.2027522325367,1.3273426970785143,0.0002850057916508053,0.866073057662818,-1.2813729613858897,0.4933780404188555,0.27401593140571495,0.04649672491053052
2026-04-04 07:00:00,67167.0,66918.0,67167.0,-0.8930776240805822,1.4128039055006245,0.0015174616158246668,0.9999999999598393,-1.2583477038496198,0.5141861880426724,0.2828597062813465,0.04609404229315702
2026-04-04 11:00:00,67267.0,67029.07,67215.24,-1.118073055689951,1.3992478184582409,0.0022438974300571513,0.7824570251426014,-1.1798979777877072,0.49018676801953465,0.2959569977127703,0.03814690714559741
2026-04-04 15:00:00,67562.93,67177.39,67295.47,-1.062841584563875,0.7101146330431733,0.0032904791005099465,0.3062717227705063,-0.953267049666382,0.5290588684855961,0.3152061251326026,0.032620115305338516
2026-04-04 19:00:00,67543.6,67186.62,67399.92,-1.2706745306994356,0.705882665207675,-0.00020381937364932767,0.5975124656676046,-1.168277154387627,0.5525715193790481,0.3140098693112445,0.025512001535016524
2026-04-04 23:00:00,67399.99,66955.72,67170.16,-0.9417293196767571,0.9196123745842645,-0.0022686595558556455,0.4826794516739225,-1.2747074308404684,0.43847070774453695,0.3006973759649899,0.021146142321406967
2026-04-05 03:00:00,67188.51,66611.66,66802.24,-0.9260223426890448,0.9237058159798962,-0.00404653366988883,0.330380514859497,-1.2058472264341646,0.42357354950025,0.27700618749700084,0.014229848068831487
2026-04-05 07:00:00,67150.0,66715.43,67046.01,-0.9267226993095781,1.3041401606872909,-0.0004569824970025449,0.7607059852092629,-1.1645304692683518,0.5258107113794361,0.27434152442633425,0.014218438187236457
2026-04-05 11:00:00,67087.22,66680.57,66918.03,-0.8648444594101778,1.2932921959490982,-0.0005278730684303845,0.5839419648202528,-0.9628382031492382,0.4241907677045594,0.27126490532753156,0.013786583218646111
2026-04-05 15:00:00,67856.16,66829.02,67413.78,-0.4581855582624017,0.7551743035343752,0.007808168057607645,0.5693089549567751,-0.649560818301572,0.47998337356337756,0.3167494724349228,0.013174465384520778
2026-04-05 19:00:00,68374.75,67276.67,68338.43,-0.45862912958852636,0.7487960795229266,0.004818719208282252,0.9669240856680059,-0.455578342724697,0.5538233446146245,0.3450389161572588,0.021686005266194228
2026-04-05 23:00:00,69588.0,68266.13,69207.99,1.586212195325284,2.1720769231669577,0.019837300765474852,0.7125208984188148,0.8306751403552061,0.5335188171520525,0.46205972147364127,0.0348707667950174
2026-04-06 03:00:00,69354.26,68806.53,68976.67,-0.1334573283810259,2.140067266542258,0.0009424654436949176,0.3106274989445428,-0.5293135337551792,0.5339865251500004,0.4677296401815381,0.04184853572300376
2026-04-06 07:00:00,70283.32,68821.07,69770.88,0.7925184541374459,1.7128549747347201,0.007330741155923137,0.6495537698707486,-0.00999525625222647,0.5091522737726958,0.5118733061382327,0.05094137851004935
2026-04-06 11:00:00,69809.99,69163.86,69654.38,0.0559181660254872,1.706271124439086,-0.0018973511258645326,0.7591661120709592,0.46304680912055934,0.5031911560208231,0.5003642340927311,0.057512105510774895
2026-04-06 15:00:00,70351.46,69282.02,69888.97,0.36157930896448925,0.3008330864104352,0.004379397701300469,0.5675400209402308,0.7682923210902015,0.4971826015297681,0.4982921660324713,0.06352426565901378
2026-04-06 19:00:00,69974.08,68811.0,68811.0,-0.7404490791718491,0.29616648612974694,-0.0034805457379710747,0.0,-0.510075748004823,0.42864453518721135,0.43795834888440954,0.06496220880836986
2026-04-06 23:00:00,69128.2,68273.34,68674.0,0.059901160564666774,0.08905971004828209,-0.0124424094206248,0.4686849308603939,0.5369696074740984,0.4581647308376414,0.31878986477733756,0.06439709349382755
2026-04-07 03:00:00,68981.83,68443.0,68568.35,-0.5881545156954898,0.08435490986302849,-3.87524839532416e-05,0.23263366924202267,-0.7524821565085935,0.4544490963687235,0.31851255773409204,0.063375137556602
2026-04-07 07:00:00,69247.9,68200.0,68237.93,-0.5666716817847296,1.1822743993180436,0.0010234768997885446,0.036196201927312974,-0.3996722508567308,0.5591601530688971,0.3258361232280056,0.061662884132540084
2026-04-07 11:00:00,68633.87,67763.64,67860.48,0.40995849543844454,1.173237688016972,-0.007916987249337093,0.11128092573099543,0.24292217069911792,0.47966060624103,0.2691275483439386,0.06032701217914449
2026-04-07 15:00:00,69000.0,67732.01,68442.53,0.3790368652339777,2.1666475849151134,0.0020478307942670693,0.5603514223254108,0.025947104284101033,0.4952099056184365,0.2836798225898486,0.05846479917604582
2026-04-07 19:00:00,71528.0,68358.1,71514.09,2.4949201052146925,2.1500350172819167,0.022938226207745105,0.9956118489510838,1.1780826022189534,0.5786389708164366,0.44701701442374553,0.06818530628127993
2026-04-07 23:00:00,72761.0,71194.9,71364.94,2.160584840387301,1.766055404615165,0.027385096075669413,0.108575442180526,0.8457799084290831,0.496605155444056,0.646492224193415,0.07605383425483608
2026-04-08 03:00:00,71941.42,71277.18,71732.69,-0.10243890053544466,1.7536053170898054,-0.002938581629747361,0.6857611706508914,-0.8210587283469059,0.43500365127441637,0.6153933902056958,0.08329158944248094
2026-04-08 07:00:00,71955.0,71457.61,71476.98,-0.3427983645763258,0.5576036758659286,0.0009761859399495254,0.0389432839413859,-0.7863545968433979,0.4515424493856686,0.6228539352947283,0.08688937353696856
2026-04-08 11:00:00,72857.0,70707.23,70912.88,2.17121623034508,0.5549984806775865,0.0016373766790780397,0.09566139633498083,1.0994274174882337,0.5326561038333979,0.6353798761612962,0.08534960837431085
2026-04-08 15:00:00,71963.94,70833.3,71099.63,0.004373152150826496,1.2086994404940752,-0.005576351340908281,0.23555685275387953,0.400349700354522,0.4662994014640842,0.5926509077801922,0.0829635454040042
2026-04-08 19:00:00,71748.0,71019.0,71064.84,-0.9080410801755512,1.1980776204226802,-0.0008091683177344766,0.06288065843534664,-0.683234659656737,0.504840133258313,0.5864852049005842,0.07824012838846679
2026-04-08 23:00:00,71204.0,70466.0,71060.64,-0.3774836787744064,0.08183739868010563,-0.006230046947253598,0.8057452574416558,-0.2479078800087126,0.46983848664322525,0.539051889374312,0.07421963265776285
2026-04-09 03:00:00,71124.05,70689.38,71031.84,-0.5026619306921293,0.08073046560660363,0.0005145211562904706,0.7878620562544335,-0.823230321042501,0.5294054399652649,0.5429448612078366,0.07293571395185738
2026-04-09 07:00:00,71575.0,70865.42,71276.45,-0.41740658137107584,1.4985378827688698,0.003319215990983615,0.5792581527018874,-0.811752319688127,0.6152830368250236,0.5680716468573388,0.07372945908248782
2026-04-09 11:00:00,71355.24,70522.77,71123.71,-0.36159959983187945,1.48471888556055,-0.0025302285724458917,0.721875863385807,-0.11090896414744315,0.4805257690918501,0.5488539956622134,0.0735265580625471
2026-04-09 15:00:00,72550.0,70929.44,71888.69,1.4390363545969258,-0.41287025559847024,0.015006747988407954,0.5919250135719024,1.2592008202607372,0.5273404884520415,0.6625452043038028,0.07552992469463803
2026-04-09 19:00:00,73145.0,71750.0,71946.01,0.11841402468883384,-0.40891332254521895,0.004809753881130252,0.14050896057246573,-0.188468556393939,0.5608605075781589,0.6995307539647734,0.07770245749345511
2026-04-09 23:00:00,72387.0,71573.35,71965.36,-0.04111085716885149,0.22350660755734253,-0.006789186406174319,0.48179192526907105,-0.07312261986505134,0.5055077759405059,0.6470728662988878,0.07972531171420723
2026-04-10 03:00:00,72267.89,71792.01,71805.38,-0.527445567225275,0.22486854093191067,0.0007637883689508573,0.028095318146862256,-0.8121445448668649,0.399916740878978,0.652934349784112,0.07823715430949542
2026-04-10 07:00:00,71928.29,71426.15,71910.09,-0.7024164895397119,0.7569762307604624,-0.004326775947327222,0.9637551280327505,-0.8007773212931616,0.423190000443311,0.6197043380728552,0.07508787010737059
2026-04-10 11:00:00,73155.58,71899.51,72909.0,0.6782488801494139,0.7497047084436134,0.012325432840034178,0.803689284826453,0.37778551021953444,0.5675368167049257,0.7139551489426683,0.07233034097400906
2026-04-10 15:00:00,73289.96,72355.87,73107.07,0.036397579684355,-0.47551815564546734,0.004180671398252844,0.8042051622348604,0.10080343298167072,0.5244905590441452,0.7463181730505365,0.0668296425690038
2026-04-10 19:00:00,73434.0,72700.6,72877.0,-0.0035057778394796597,-0.4703455202752696,0.0035015785595053917,0.24052358876137217,-0.590781639611868,0.5187638835313119,0.773537588586181,0.053420814839754464
2026-04-10 23:00:00,73094.89,72670.0,72966.57,-0.43122582408440785,-1.7873925393531418,-0.0030670401299099925,0.697992421551525,-1.1980652418146076,0.5110626162208147,0.7496125614137333,0.03885947302514543
2026-04-11 03:00:00,73075.34,72612.16,72762.0,-1.1011333938568224,-1.7682062860063368,-0.0014694592292635589,0.32350274190760336,-1.3069023324487121,0.5343582348531724,0.7381849233560361,0.04073759111607191
2026-04-11 07:00:00,72915.95,72617.75,72843.71,-1.231616776260798,-1.4525277894436255,-0.00010408369266812212,0.7577464788478576,-1.34260368183308,0.6012897343869149,0.7373766784426363,0.042127256126070906
2026-04-11 11:00:00,72982.4,72513.09,72704.67,-1.3067663265896716,-1.4382930569950565,-0.0003377674043084644,0.40821631756391413,-1.2280324069590147,0.4417960090538474,0.7347540738373867,0.04331714563571203
2026-04-11 15:00:00,73726.13,72678.0,73547.89,-0.5940024438056053,-1.599528799575667,0.005848393933476803,0.8299447587529183,-0.7803611271648598,0.5710958893893608,0.7801487566363374,0.04659924093012003
2026-04-11 19:00:00,73790.0,73200.48,73376.01,-0.7544912170253348,-1.5845978106136305,0.004287462651646035,0.2977507124389675,-0.8689562425899793,0.480036051553029,0.8136222658709238,0.04705923193831498
2026-04-11 23:00:00,73376.01,71310.0,71761.35,0.5531955126937693,-1.9139009159740177,-0.017868302747008014,0.21846457664668725,0.10451328164526866,0.4227393250584261,0.6735209423920325,0.04640228389266686
2026-04-12 03:00:00,71861.33,71417.22,71668.01,-0.29096572227575174,-1.8891620205357915,-0.007136666533752667,0.5647024385723047,-1.0765694652104194,0.47811110941700613,0.6185638094636379,0.044627854408831165
2026-04-12 07:00:00,71805.85,71357.76,71452.89,-0.6673719355948348,-0.7429259713269948,-0.0001839929345722746,0.2123011002206684,-1.3249633391445148,0.42953027738000116,0.6171570518251439,0.043323180651816805
2026-04-12 11:00:00,71556.12,70700.0,70748.34,-0.5310660371569785,-0.736521165309612,-0.007467928432943638,0.05646404709553816,-0.7868316852292899,0.4008278673545135,0.5600699009441313,0.04520124373076732
2026-04-12 15:00:00,71214.08,70604.07,71137.64,-1.0767042235722915,0.12545478684248876,-0.002639678347194696,0.8746905788286259,-1.1219542595862106,0.5473882899013769,0.5400420762969763,0.0454757280192657
2026-04-12 19:00:00,71452.0,70505.88,70912.73,-0.5618024529146224,0.12240281854867388,0.0012620425152278791,0.4300194478456148,-0.6124759819406288,0.5471237239832315,0.5495921965979464,0.046541241650666164
2026-04-12 23:00:00,71271.78,70571.66,71073.14,-0.5235238006302806,0.1462764903671878,-0.0005746619989732693,0.716277209610976,-0.5380814156213524,0.5811750883498968,0.5452381297889931,0.048479440995895545
2026-04-13 03:00:00,71155.42,70672.72,71017.66,-0.43411297209171024,0.14407169596657332,0.0001149904395694179,0.7146053449199469,-0.9247649621040165,0.5882121966924362,0.5461088822272385,0.050608626253681455
2026-04-13 07:00:00,71067.91,70566.99,70755.88,-0.793099130486565,0.15820936623579493,-0.002899043586750305,0.37708616145538054,-0.9438465882358603,0.48411460355871794,0.524153669626717,0.053664484018103316
2026-04-13 11:00:00,72401.0,70736.29,72400.15,1.0743887035327906,0.15917327267402878,0.010076354501525442,0.9994894005502456,0.4440954771603664,0.5317241749331181,0.6002432997543309,0.05248404387646007
2026-04-13 15:00:00,72600.0,71652.65,72424.86,1.791475199323609,-1.1807730515666175,0.009643731758841145,0.8151264052270548,0.6904645302872728,0.44193721135304903,0.6737998514129068,0.05255744205812014
2026-04-13 19:00:00,74746.61,72298.93,74627.04,2.945388019105406,-1.1702079514810633,0.01882904158929355,0.9511496600823972,0.9445242809306852,0.5737843966884876,0.8188013889635702,0.05860364766891584
2026-04-13 23:00:00,74900.0,73954.86,74330.98,1.1167563601107866,-1.2806631628189367,0.012179067963152379,0.39795162620989066,0.03503656870525133,0.41939071411571627,0.9143577852009196,0.06335643156298044
2026-04-14 03:00:00,74550.0,74150.6,74522.73,-0.1826226225481278,-1.2762009409466133,-0.0008541797118009065,0.9317225838524744,-0.8943471973026769,0.5103482265898738,0.9075743088943607,0.06846012552928267
2026-04-14 07:00:00,74924.64,74333.46,74350.01,0.4249882450869564,0.9243469944078675,0.0033966613976363913,0.02799485774164993,-0.37447198808655086,0.44712362951234996,0.9345258865219513,0.07242051032238817
2026-04-14 11:00:00,76038.0,74277.19,75013.62,3.603770454603603,0.9161186404000544,0.008182242662848838,0.4182336538273929,1.4486229407706748,0.5951303799774281,0.999670264760719,0.07812174425665272
2026-04-14 15:00:00,75688.0,73795.47,74093.19,1.578639868084635,-1.1254622163060473,-0.00651397537291265,0.15731322620958624,1.1689163592894531,0.46340942942660973,0.9473837439823942,0.08125275217089982
2026-04-14 19:00:00,74434.33,73806.09,74023.15,-0.25089703160544224,-1.1175993394821577,-0.0076348586644067185,0.3455049025794932,-0.0448232048812408,0.46790741899989796,0.8864992927456903,0.08314072067703016
2026-04-14 23:00:00,74786.72,74001.08,74322.0,-0.22126877807948284,-2.1328571318294056,0.0031415032611481486,0.40848225649905,-0.39758004980511763,0.4731867985673521,0.9113600532324082,0.08457432952524138
2026-04-15 03:00:00,74434.51,73855.49,73891.62,-0.5803922192003005,-2.1054257977658244,-0.0030629734881105763,0.0623985354553673,-0.8671082747255471,0.41223802409085264,0.8870446021139191,0.08592300708301594
2026-04-15 07:00:00,74250.0,73514.0,73864.75,0.05996794719040615,-1.0461045769991506,-0.004008712293772532,0.47656249999352496,-0.495363980153268,0.49217905506584125,0.8553188659933066,0.08608302117206183
2026-04-15 11:00:00,74506.84,73817.23,74151.81,-0.2362989394571469,-1.0477885599311672,0.004125351168518199,0.48517277880997917,0.19118299284161427,0.5211165119255238,0.8878368252657083,0.08582203138789206
2026-04-15 15:00:00,74399.75,73580.85,74390.29,-0.3397537724945824,-1.5586589705791953,-0.002075391706382601,0.9884479179266199,0.1928370980830439,0.4323935700125033,0.8714101236678276,0.08498306492716484
2026-04-15 19:00:00,75425.0,74355.46,74964.0,-0.06232681722065426,-1.5502610656266707,0.011525409274009801,0.5689735774204869,-0.0026547575368070634,0.5277606562812427,0.9624442816750525,0.08165487853149737
2026-04-15 23:00:00,75267.85,74451.49,74887.24,-0.6770170623161906,-0.6185417913415333,-0.001169429258274346,0.5337718653469817,-0.42873350536864663,0.5120054894456402,0.9531010143404931,0.07897326650725549
2026-04-16 03:00:00,75174.38,74728.0,75045.01,-0.5632782223478302,-0.6185618587473395,0.002777741355830976,0.7101796675319003,-0.5607715466115624,0.49408926409190823,0.9752680924106283,0.07374191830412473
2026-04-16 07:00:00,75082.78,74277.34,74313.0,-0.3873600208201068,-0.4739454446491952,-0.004385871532408325,0.04427393722631189,-0.6106195969721376,0.42128893419480645,0.9401705071334584,0.06680718377751288
2026-04-16 11:00:00,75030.39,73309.85,73973.33,1.3361220270664285,-0.47334851974288067,-0.006308986952879514,0.3856231183210749,0.628082519413304,0.5258155563442944,0.8899047751077208,0.05645498066579377
2026-04-16 15:00:00,75089.0,73912.23,75026.71,0.6295618776638343,-0.31594945660792434,0.0033627479300881724,0.9470669714477222,0.9304526257140073,0.5054028375849449,0.9165278404732149,0.03902680070327548
2026-04-16 19:00:00,75534.76,74717.97,74867.92,-0.2147639009913518,-0.3122410384025573,0.008941025205695174,0.18358451988658336,-0.12075956165810624,0.525599023888969,0.9875524797136634,0.03226967600851401
2026-04-16 23:00:00,75177.76,74529.4,74700.0,-0.8089588305134882,1.0633472890534514,-0.002988211891084336,0.2631254241430292,-0.8984521808162578,0.44746184102818404,0.9636028452990679,0.021523996743527236
2026-04-17 03:00:00,74950.0,74555.12,74938.52,-0.9514196669300423,1.060009081663703,-0.0023086735825569304,0.9709278767987615,-0.9830008587092314,0.5039496072891931,0.9451548013128648,0.022113868790942588
2026-04-17 07:00:00,76370.25,74930.0,75278.77,1.4901837383313559,0.9276751471375269,0.011230712698649503,0.2421593473338535,0.5125666762477197,0.5615628011838155,0.9999999999989687,0.02384253021485416
2026-04-17 11:00:00,78052.49,75246.65,77886.77,4.412052474465232,0.9240877171460129,0.018299739327513276,0.9409374732666831,3.374119511684499,0.6045285632754276,0.9999999999990974,0.04489785914607577
2026-04-17 15:00:00,78333.0,77088.23,77159.89,1.3185356075758754,-2.506435296995538,0.010016716044930485,0.05756886814385595,1.9539108059426267,0.534749690791136,0.9999999999991561,0.053267466104405255
2026-04-17 19:00:00,77611.68,77000.0,77301.25,-0.7110212637673685,-2.4723844293805475,-0.0045486742633013,0.4924960763717605,-0.2886810483236178,0.5261874659304174,0.9701721736611906,0.06033159843339643
2026-04-17 23:00:00,77420.08,76911.0,77292.52,-0.8911128567300352,-1.7910743607522328,-0.002458852812608381,0.749430344921247,-0.8660686103149552,0.49915005369004023,0.9541216454141345,0.06507707654570624
2026-04-18 03:00:00,77296.95,76884.1,77136.01,-1.0810380838305684,-1.781752178843219,-0.0008327836142618672,0.6101731863725143,-1.1094300089151166,0.47609135334571145,0.9486988928555417,0.06777875768320485
2026-04-18 07:00:00,77136.01,76132.32,76189.56,-0.4715593766447384,-1.5327983621549868,-0.006534642248058997,0.05702956091962766,-0.6110455544416983,0.39107662650155134,0.9061833617457393,0.06838152650153198
2026-04-18 11:00:00,76300.0,75763.76,76249.99,-0.42644967605774786,-1.5355928768986504,-0.00657854428157445,0.9067395196011829,-0.3737645398752436,0.5070624126663029,0.8636618865929505,0.06654894080348545
2026-04-18 15:00:00,76363.75,75445.16,75651.78,-0.7664102790145254,-0.9172729574096545,-0.0028911387620265128,0.22493168878144418,-0.6091613510200801,0.435596640286462,0.8450974833946977,0.06399671469811433
2026-04-18 19:00:00,75873.1,75574.22,75813.53,-1.1061604684771864,-0.9190087287478239,-0.002035661244224607,0.8006892398018839,-1.1047460961906588,0.542311340887742,0.832064010890149,0.061415003275561
2026-04-18 23:00:00,75891.64,75407.84,75496.0,-1.121229996900781,-1.8621742470900686,-0.0008774912661954071,0.18222405952497048,-1.0805869621647115,0.4350220278759843,0.8264572445592047,0.05968697184942669
2026-04-19 03:00:00,75782.63,75280.92,75400.09,-1.0685348865992916,-1.8574122997878815,-0.0017755025969076188,0.23752765541372797,-1.027440759257364,0.49821822404066013,0.8151225529340846,0.05917914136430259
2026-04-19 07:00:00,75400.09,74867.72,75222.45,-0.6363962747493399,-1.5532415655715455,-0.005344036769536764,0.666322294632184,-0.6983268478831335,0.5096541571841584,0.7810671472214383,0.05874089456077139
2026-04-19 11:00:00,76240.66,75216.96,76024.01,-0.3410313629675514,-1.5407981232234282,0.008937784669179605,0.78836573214038,-0.4185151895266066,0.5590225966992465,0.8377196888955356,0.057536676081964756
2026-04-19 15:00:00,76155.3,74608.0,74770.11,0.008956906528472476,-2.727332703970898,-0.0055468821130029156,0.10476959865504594,0.5271176463791257,0.4532686794848068,0.8022462874119048,0.056992084463059305
2026-04-19 19:00:00,75071.61,73762.9,74047.34,-0.3076842759766044,-2.6752846021379155,-0.012998029003354894,0.2173437965613677,0.1131494533768844,0.4385200083267615,0.7195824211665119,0.057189661540798006
2026-04-19 23:00:00,74746.93,73724.31,74410.01,-0.09277807047851043,-0.8375686310939582,-0.0014843832207633856,0.6705325536301802,-0.31416794103183077,0.481705695756381,0.7102648596570359,0.05867806895313345
2026-04-20 03:00:00,74894.11,74095.18,74786.59,-0.7009679365881537,-0.8320523365846101,0.002296495211865146,0.8654199992381595,-0.7931255921038645,0.5429173641861172,0.7246586985623308,0.05858413884511862
2026-04-20 07:00:00,75572.0,74619.41,75027.26,-0.13355679627901573,-0.8648334226492896,0.007754100421510923,0.4281485213950506,0.03369794811124074,0.577324914607664,0.7733710087370752,0.057609289551928525
2026-04-20 11:00:00,75766.74,74859.11,75034.79,0.016376775630026777,-0.8587931468102878,0.003152191613746913,0.19355904939023227,0.9163879379681727,0.48742156801190917,0.7933270543749114,0.05739820069285172
2026-04-20 15:00:00,76453.19,74702.0,76423.69,0.7372526607539249,-0.3772228698055998,0.006413266787449912,0.9831543122049399,0.9628697296953677,0.5411526052509897,0.8340564543514677,0.05639509512764519
2026-04-20 19:00:00,76558.62,75784.05,75974.24,0.4464389046560208,-0.3788066198712961,0.0064428870186614695,0.24554268819803085,-0.4425306842197666,0.4824863446073562,0.8752363815314679,0.05096588647408384
2026-04-20 23:00:00,76263.4,75580.0,75581.33,-0.6631376202801178,-1.604578492591618,-0.004719555682442977,0.001946151594940439,-0.61483597880618,0.5381319342911254,0.8448768330819451,0.048238624993071695
2026-04-21 03:00:00,76129.95,75474.77,75974.11,-0.8920972161004889,-1.594854246849127,-0.0009152580116578157,0.7621417015055105,-0.9172802988137355,0.5002598959990711,0.8390170275482094,0.0438607778277248
2026-04-21 07:00:00,76927.57,75814.26,76746.41,0.3239456436400162,-1.089055303378521,0.007152457932388723,0.8372780267774707,-0.30673449995079943,0.5787064587542201,0.8847676811708809,0.040809315034651086
2026-04-21 11:00:00,76750.68,75625.28,75675.05,0.331773804704026,-1.0821113265762192,-0.002629862451889342,0.04422427581265514,0.7390589569312005,0.4477398780565511,0.8678254640810119,0.03674526460153578
2026-04-21 15:00:00,76190.72,75052.64,75610.21,0.07008651191965198,-0.7145554789128271,-0.006598338259155123,0.4899216223772555,1.0682128321492008,0.4977352533751917,0.8254291457659165,0.03586168634038327
2026-04-21 19:00:00,75919.5,74821.57,75650.04,-0.21858456546596666,-0.7185329263530892,-0.0030721605547424646,0.7545745174942358,0.07608161885180731,0.5024432608420568,0.8058198336342612,0.03466826414011269
2026-04-21 23:00:00,77645.35,75622.0,77604.71,0.11270431614172598,-0.2407949926663841,0.017201717304069497,0.9799144982282856,0.22693676338254729,0.6307483848946894,0.9152794649062498,0.041835634248188286
2026-04-22 03:00:00,78452.18,77364.25,78010.72,1.0100785687452216,-0.23604685705055944,0.015433019825132455,0.5942202163687582,0.2495297281698901,0.518858126601043,0.9999999999991687,0.05018615571339281
2026-04-22 07:00:00,78219.41,77825.0,78157.41,-0.09453151173049551,1.133942480624013,0.0019615770033805102,0.8428031743403375,-0.6009790852766088,0.5087369337046449,0.9999999999991791,0.057503180724835665
2026-04-22 11:00:00,79174.68,78102.0,79045.75,1.0758055236290414,1.1315695060433952,0.0072566296499021465,0.8798057202438828,1.0379183464183799,0.5684144276987575,0.9999999999992155,0.06734254756956745
2026-04-22 15:00:00,79472.82,78632.37,79022.39,0.2447193744360098,0.12315342266358445,0.005475869349981899,0.46406091973985136,0.33214348710008207,0.5157757556763353,0.9999999999992412,0.07484751429433753
2026-04-22 19:00:00,79067.6,78410.0,78607.95,-0.7609427994295934,0.1327448321325158,-0.004135860657523804,0.30101885644310394,-0.5988527438741358,0.4363410815073185,0.975197537912662,0.08010474688930942
2026-04-22 23:00:00,78607.95,77582.17,77939.92,0.43720698999598157,-1.5626852908762758,-0.006870880898518172,0.3487589931530278,0.21982425883792625,0.4261931643878056,0.9341637688071989,0.08061581257658146
2026-04-23 03:00:00,78339.35,77453.43,78211.43,-0.5118984171258206,-1.545995304898113,-0.0034109943658204855,0.8556077298079205,-0.5152793886803602,0.48274860827755695,0.9139328453096195,0.0771233590044258
2026-04-23 07:00:00,78248.39,77174.01,77403.63,0.26843161202212035,-0.5119967904226266,-0.003368116880127836,0.2137232636477519,-0.31229236458938464,0.42326270318520814,0.8940243722657728,0.07323683068040192
2026-04-23 11:00:00,78201.53,77365.57,78180.77,-0.13738457292160233,-0.5078387344351848,0.0008836315204145961,0.9751662758867091,0.27486945787156486,0.5351835483009365,0.8992298042160959,0.06971030447887047
2026-04-23 15:00:00,78662.5,76960.0,77678.65,0.7358278590888643,-1.2485657449011838,0.0025394795541773263,0.42211453744245114,1.2691660109476992,0.4560173671904236,0.9142029785604607,0.06632511679576461
2026-04-23 19:00:00,78331.0,77592.92,78235.3,-0.7543868118541525,-1.239982172071842,-0.0007197258607434254,0.8703392586051644,-0.6367798009053368,0.33449320074066907,0.9099485841189402,0.06191311103694367
2026-04-23 23:00:00,78581.93,77952.16,78125.65,-0.7968610248375927,-0.5578466110173366,0.005556063712629511,0.2754815249968064,-0.7209309206348166,0.5553776346582653,0.9427675714720274,0.06179300558218236
2026-04-24 03:00:00,78178.4,77457.0,77789.75,-0.6089747427225704,-0.5547504441283142,-0.006870957886695006,0.46125589131603845,-0.7405351297913434,0.49702213228479597,0.9019561675171223,0.05984143580880882
2026-04-24 07:00:00,78000.0,77402.01,77752.36,-0.31412548344043195,-1.5051591259458934,-0.0011009715597007919,0.5858793625213531,-0.7402115352128055,0.4955548598398727,0.8954616628815801,0.05541065813402907
2026-04-24 11:00:00,78479.37,77681.74,78037.64,0.26275711943095104,-1.5010125681446258,0.005863485360096288,0.44619685818679916,0.5155634022205954,0.4494231353750653,0.9300116083755101,0.05192224666360474
2026-04-24 15:00:00,78233.18,77363.63,77618.24,-0.5441793963913808,-0.3925928911941743,-0.004857449438173456,0.29280662411255926,-0.049743860466018905,0.45305187022531396,0.9012217947877512,0.05098937878566026
2026-04-24 19:00:00,77757.14,77264.08,77328.91,-1.0419506267010525,-0.3947509836764286,-0.0021158428055787493,0.13148501196342677,-0.9603254723387861,0.4835798249908357,0.8887422351849252,0.045097315558303694
2026-04-24 23:00:00,77644.04,77309.92,77607.8,-1.1391955993046032,0.09908565015645276,-0.0014766189512345207,0.8915359750721101,-1.3326490806862719,0.559573586511072,0.8800513417234146,0.0364099711725424
2026-04-25 03:00:00,77711.87,77485.51,77503.63,-1.2280534580091564,0.10297341132297164,0.0015715442877650698,0.08004947870299237,-1.4079649268742829,0.5208470123092864,0.8892872763691873,0.024844804054898532
2026-04-25 07:00:00,77885.35,77450.0,77787.77,-1.2775606981494911,-1.110984207952396,0.0012019844872634966,0.7758585046336074,-1.3854815363647353,0.6099714104385277,0.8963624168388268,0.02444181931583281
2026-04-25 11:00:00,77787.77,77550.61,77656.75,-1.2833936655591631,-1.1024461278976831,-4.473437370411393e-05,0.4475459605140934,-1.3629120852356968,0.5280560379498631,0.8960987841450581,0.02480337372718987
2026-04-25 15:00:00,77722.7,77140.23,77313.0,-0.8323444493446204,-0.9714493050148422,-0.003748468222639967,0.296616134731467,-1.152494966449574,0.3957520038537954,0.8740089573324822,0.025980797764011066
2026-04-25 19:00:00,77634.77,77193.79,77557.01,-1.2207923730618757,-0.9668359520449556,0.0006871956108995825,0.823665472338328,-1.3964146244706404,0.5772740219932072,0.878043440023867,0.02248540749239394
2026-04-25 23:00:00,77650.0,77445.94,77512.67,-1.1402031019331338,0.42949646474580505,0.0016051587285423885,0.32701166322026154,-1.376028977201025,0.5453426550059032,0.8874737030712234,0.01791889495183067
2026-04-26 03:00:00,78200.0,77326.51,77999.04,-0.8322729829651524,0.430745553862528,0.004386962086728063,0.7699344010719017,-0.9723555512982226,0.5403299829162035,0.9132883539638774,0.015112328276947369
2026-04-26 07:00:00,78210.0,77926.59,78002.43,-1.1786127120222516,0.4106454565220454,0.0018260035455535117,0.2675981793067273,-1.2732939158684937,0.5308223235727709,0.9240804315288472,0.015230071146465836
2026-04-26 11:00:00,78173.15,77770.0,78095.66,-0.9802021881236288,0.4112364904008422,-0.0006757639933524517,0.807788664248866,-1.1385031386509186,0.49849333422851066,0.9200792266537349,0.014794974579357873
2026-04-26 15:00:00,78346.89,77850.0,78283.96,-0.9198888779476236,0.42182311772819314,0.0010165553715155706,0.8733522509836652,-1.1325432611959445,0.4193591910235416,0.9260941929948752,0.015262672947695233
2026-04-26 19:00:00,78961.0,77843.75,78313.52,-0.1651614929004556,0.4225306246384972,0.003689148319935054,0.4204699037778469,-0.13577041049727245,0.510464108495993,0.9479451034938654,0.015774376487688885
2026-04-26 23:00:00,79485.66,78041.05,79130.01,0.420188865125491,0.4346622913930668,0.007066532557358007,0.7538089865032455,0.4936165157237924,0.5739188430356281,0.9899547488183595,0.021484372028480376
2026-04-27 03:00:00,79316.5,77465.05,77700.12,0.4191949561355747,0.4340845256267142,-0.00819930084995113,0.1269653514805818,0.09574032478618866,0.4222275320201914,0.9408664890580365,0.021540941040677216
2026-04-27 07:00:00,77980.0,77553.23,77850.01,-0.32644473912384525,-1.6441389774092265,-0.006550637182703656,0.6954097054456543,-0.8862341471060848,0.5272759991843929,0.9019701461427183,0.021250543533873935
2026-04-27 11:00:00,78265.34,77571.79,77815.25,-0.2816033803667426,-1.6268764526161443,0.0010058485698065667,0.35103453247277777,-0.14545325148852808,0.4586644239660602,0.9079035452589655,0.021253337543019307
2026-04-27 15:00:00,77827.17,76546.0,76834.06,0.8397361097731374,-0.9271329381424005,-0.012019021932376694,0.22484135594632224,0.6387168566125582,0.4553378193115655,0.8369332352226962,0.024523697446648715
2026-04-27 19:00:00,77082.78,76459.64,77066.42,-0.7209309486707645,-0.9203549354783059,-0.00066734634052934,0.9737458676866546,-0.7386973559688652,0.44028730772154673,0.8330400287106001,0.025664650101105156
2026-04-27 23:00:00,77478.0,76672.56,76890.93,-0.645253022360968,-0.51534779747176,0.004431474510427469,0.271118891534172,-0.6887019467758666,0.4670271240283265,0.858875387182367,0.027573817784826725
2026-04-28 03:00:00,77154.0,76588.0,76720.0,-0.6894667809742631,-0.510322271005929,-0.004092261333197178,0.2332155476990598,-0.7968525273109192,0.4923771553217565,0.8349119059377689,0.029680403022848453
2026-04-28 07:00:00,77013.63,76424.9,76618.35,0.5635445915978732,-0.33322388472386144,-0.0010781089296616475,0.32858865693394645,-0.47798521079520806,0.5230922891929867,0.8286245463450609,0.03221407443033929
2026-04-28 11:00:00,76649.86,75666.6,75949.99,1.0531226957824018,-0.3292563594383465,-0.008463982854136631,0.28821471431474766,0.5385888736184957,0.4804800691325734,0.7793171623032124,0.0380699873786086
2026-04-28 15:00:00,76280.91,75836.88,76242.18,-0.5756743101060788,1.6122285466161292,-0.0007517765355059547,0.9127761637521375,-0.37191173502738806,0.48600452448873455,0.774974716089689,0.04077617870714822
2026-04-28 19:00:00,76481.3,76066.35,76242.17,-1.0396067591761997,1.594443744636472,0.0035535530783945557,0.42371370043561035,-1.0342493799314871,0.5375673625138158,0.7954854817664836,0.043181616932241394
2026-04-28 23:00:00,76668.02,76187.75,76531.29,-0.686058251262015,0.6830893579034998,0.0011154565851303477,0.7153059737082008,-0.8840956870156066,0.5611015163457692,0.8019466684739319,0.044217058931830186
2026-04-29 03:00:00,77455.71,76519.94,77031.06,0.03443344151157882,0.6761911879688169,0.008699215257957915,0.5462025925115478,-0.4236668630649284,0.5773509633660042,0.8523923348419911,0.04403297608940021
2026-04-29 07:00:00,77904.93,76972.32,77619.61,0.34862549093025136,-0.2792768669325376,0.0031478252715382293,0.6940628987390899,-0.46413457837125915,0.5708521436938151,0.8708049758812922,0.04377496954417404
2026-04-29 11:00:00,77694.61,76425.62,76570.0,1.3391724495007071,-0.2784513004754511,-0.0038927267070562044,0.11377552226484552,0.5545945203045275,0.4861562114970994,0.8479634917168949,0.04449769897491806
2026-04-29 15:00:00,76634.61,74937.52,75513.91,1.2956259511283053,1.1899648368811848,-0.017246672400362262,0.33963431520815296,0.9358096736206083,0.5056520910730666,0.7471585483260424,0.04868484797332792
2026-04-29 19:00:00,76088.9,75302.31,75927.38,-0.585949870699652,1.1798668068048812,-0.00011909436081358749,0.7946579539430493,-0.44971703178011285,0.5453069630406105,0.7464744599091725,0.04897386274390504
2026-04-29 23:00:00,76473.26,75494.7,75704.74,-0.5681719411676023,-0.6015922877821986,0.003926674406170116,0.21464192282319144,-0.16011475863571648,0.5190412310952537,0.7690269346809151,0.04899181361688049
2026-04-30 03:00:00,75994.26,75323.65,75753.53,-0.7244290575260232,-0.5968495215033556,-0.004584997003037272,0.6410283174924233,-0.4546327536790431,0.5673426069287674,0.7425900446997065,0.04752769590136893
2026-04-30 07:00:00,76339.38,75718.5,76028.66,-0.5907354531676634,-0.044975364233450985,0.005524545270627401,0.4995490271791742,-0.6637479521874555,0.5820340995020248,0.7742982766516022,0.03814721574821882
2026-04-30 11:00:00,76669.14,75876.29,76301.24,0.6790368555817522,-0.0389070845493617,0.0033131446769127937,0.5359778015950668,0.5852667892701718,0.5476527440027094,0.79341918707743,0.035789200752738975
2026-04-30 15:00:00,76653.6,76111.0,76350.0,-1.0171185585225664,-0.2794475853206508,0.00029943079687955176,0.44047180242460876,-0.3824815148992442,0.4706116868083907,0.7951529956036513,0.03208089300549441
2026-04-30 19:00:00,76568.9,76206.02,76237.06,-1.0427919811833253,-0.27355307932812395,0.0011228322718441763,0.0855379188688797,-0.9053902293830667,0.4827224029085639,0.8016565320183147,0.027693955168537114
2026-04-30 23:00:00,76776.21,76217.96,76592.54,-0.7592161634103567,-0.4633008161030916,0.0013503435065200797,0.6709896999431747,-1.071014361441492,0.49088064693173844,0.8094866141326276,0.027169277458231857
2026-05-01 03:00:00,77453.74,76555.06,76993.48,0.12126592450569366,-0.45730793011198073,0.00757328388542966,0.48784884496719194,-0.532369346047877,0.4274881827419945,0.8534602467807544,0.02678239191769863
2026-05-01 07:00:00,77500.0,76957.04,77304.34,-0.3632590161130787,-0.0008442232046826026,0.0015105906349734965,0.6396419625637292,-0.9441726208058506,0.5127075970550585,0.8622977897576127,0.02815452523874252
2026-05-01 11:00:00,78914.12,77263.66,78358.75,2.277377834001624,0.003467735752219519,0.01304003220778105,0.663505931675634,0.7307659697520786,0.5192012979369538,0.9387022938208908,0.035496801272106956
2026-05-01 15:00:00,78735.92,78131.02,78423.9,0.037659821909967035,-0.30500308237316803,0.0024426549076934645,0.4841792031660624,2.1528949033691312e-05,0.4808452935204809,0.9532009923586368,0.04175761880107987
2026-05-01 19:00:00,78540.0,77752.0,78153.38,-0.2954067748502959,-0.3008407899108389,-0.0029659865185842627,0.5093654822270444,-0.7858639276766166,0.4128657906738719,0.9355529874696198,0.04479507491273473
2026-05-01 23:00:00,78513.7,78043.28,78353.93,-0.9650076080195636,0.25156529483516193,0.001470423492931916,0.6603673313068995,-1.0771362519575123,0.4666363342494271,0.9442762481312352,0.04812191095932413
2026-05-02 03:00:00,78514.82,78040.0,78327.8,-0.6205295563684347,0.2587942052060166,-0.000771118066105192,0.6061244260855428,-1.2349920701486512,0.4757251881869161,0.9396948775475137,0.05064918998751674
2026-05-02 07:00:00,78394.0,78165.3,78249.3,-1.1236024605346984,-0.7505505040618847,0.0006197187168925922,0.36729339744787115,-1.4521014240544197,0.5963012313653074,0.9433739143851105,0.052726459172123034
2026-05-02 11:00:00,78484.42,78094.43,78423.98,-1.0643774918072795,-0.7434410321787988,-0.00033968564762187903,0.8450216672005648,-1.3265147249454279,0.6334738831581419,0.9413560787943499,0.055098524077608964
2026-05-02 15:00:00,78596.61,78310.54,78466.62,-1.1852452544199386,-0.12945478445909003,0.0023419678184573023,0.5456007270756875,-1.2584361432327973,0.49637150184525747,0.9552633509886956,0.05705759413517109
2026-05-02 19:00:00,79199.48,78418.32,78832.98,-0.7884514549276426,-0.12546355215067004,0.004030791628139463,0.5308259511427704,-1.0204103117911025,0.5772744392997682,0.9792553974716729,0.059653236935661706
2026-05-02 23:00:00,78832.98,78108.75,78171.85,-0.9558980459590086,1.02027007379004,-0.004641443864819239,0.08712701765894108,-1.0209820665074427,0.36644302030488046,0.9515172737725528,0.057426209264136996
2026-05-03 03:00:00,78337.26,78084.08,78288.3,-1.1692313882374195,1.0132506294084715,-0.002868469178038957,0.8066197961605995,-1.3226442673443524,0.39437100058789165,0.934454339416292,0.05562387648580714
2026-05-03 07:00:00,78604.67,78288.29,78408.01,-1.0601588698457496,0.1421165045108295,0.0035340902889908765,0.3784057146349812,-1.2304942313273421,0.6779609791905505,0.9554163831376604,0.052261890729626094
2026-05-03 11:00:00,78878.77,78380.0,78741.0,-0.7096306161069513,0.14716417225605274,0.0031197435561143294,0.7237805000155567,-1.0131187330792513,0.4949805164130709,0.9739861738148898,0.04858595874312506
2026-05-03 15:00:00,78822.83,78558.65,78739.67,-0.9889014930003264,0.642784039705204,-9.705984874885942e-05,0.6852146263651553,-1.1210128671019406,0.3642503129166904,0.9734066377060234,0.045178345034127064
2026-05-03 19:00:00,79447.0,78650.0,79177.29,-0.07559184058877595,0.6362543913452278,0.00437700268591712,0.6615934755249406,-0.33909428990553925,0.47303348564176134,0.9995388121608478,0.043008397596378596
2026-05-03 23:00:00,80420.9,78288.88,80173.3,1.687756178969817,1.4841194524415184,0.005691490436496194,0.8838660050051917,1.030888165185317,0.5708812381743122,0.9999999999992659,0.04405281918341328
2026-05-04 03:00:00,80635.51,79500.0,79877.9,1.3176058460519933,1.469046260882162,0.008436777114110505,0.3328020008601139,0.09029217031726833,0.47969567408211183,0.9999999999993003,0.04135850846996171
2026-05-04 07:00:00,79946.33,78202.0,78940.26,2.2731795498778267,0.39914574359658656,-0.014901021691997696,0.4232341357402336,0.47366109014085206,0.5253116183941097,0.9164441547004669,0.036197762323452384
2026-05-04 11:00:00,80545.17,78500.0,80216.16,1.204526761862372,0.39252716970796114,0.004881730691834729,0.8391282876199112,0.6505135914122567,0.552005335348491,0.9434100271576787,0.03566875700517256
2026-05-04 15:00:00,80776.99,79320.28,80114.91,2.170729879726354,-0.3357599339530845,0.009166909050753125,0.5454963582281622,1.4175324833863707,0.4670048479633947,0.994293709409647,0.035276726093429994
2026-05-04 19:00:00,80397.19,79900.0,80067.23,-0.5435117110357544,-0.3419954603244767,0.00022770859475707006,0.33635028861528116,-0.6947939579955111,0.47150235290481485,0.995569261015975,0.037446880424954455
2026-05-04 23:00:00,80900.0,79744.91,80554.68,-0.05757067179873378,0.3318885588403643,0.0017226063937316738,0.7010449402150323,-0.637837067488828,0.5117334474324212,0.999999999999304,0.04095976094366522
2026-05-05 03:00:00,81323.52,80457.93,80976.0,0.1486801334604425,0.3321431169568869,0.008900039936559745,0.5985166187155757,-0.34229308742065073,0.4929698165902466,0.999999999999337,0.044815516597169563
2026-05-05 07:00:00,81136.59,80527.76,80823.61,0.3538305695004814,-0.695827475334848,-0.0015479862538504419,0.4859320335646168,-0.7807722623049631,0.4512722070094746,0.9916927675404251,0.04746428471140813
2026-05-05 11:00:00,81712.32,80780.0,81336.59,1.2593574543984014,-0.6943888912226085,0.005876372486496084,0.596994594124359,0.4590232678144871,0.5397118530381401,0.999999999999352,0.05090186556731045
2026-05-05 15:00:00,81689.2,81050.04,81515.0,-0.055776074334258914,-1.5533681834910742,0.0016077345298091128,0.7274547843931556,-0.273849132349348,0.5057118262505483,0.9999999999993574,0.05373266894564036
2026-05-05 19:00:00,81791.48,80817.72,81111.27,0.14721053781352,-1.5369146798521442,0.00045421288077984734,0.30146031876128604,-0.3139918612721878,0.5195889626255779,0.999999999999359,0.054684836056979144
2026-05-05 23:00:00,81534.23,80731.14,81363.54,0.26578048180274105,-1.7359993236862385,-0.0038674696548716136,0.7874584417588594,-0.423267652556015,0.6451913360929589,0.9798052808495616,0.055294015276568236
2026-05-06 03:00:00,81760.84,81060.0,81476.71,0.06704346216206226,-1.716509440024345,0.00337233614347765,0.5945864961960827,-0.5064562346962457,0.5097283571363507,0.9972616497665198,0.05652143418498902
2026-05-06 07:00:00,82390.0,81307.81,82290.04,1.6351906321868748,-0.993485765617127,0.005698244653543849,0.9076317467273931,0.0573323324766179,0.5261399235921637,0.9999999999993564,0.05708919385725648
2026-05-06 11:00:00,82850.0,81136.0,81526.73,2.1694659449886218,-0.9851303736137457,0.0021344194656054416,0.22796382730321837,1.08149847084001,0.48655282238247355,0.9999999999993636,0.054828696791178404
2026-05-06 15:00:00,81907.51,81271.06,81353.14,0.2556715311563509,-0.4128988720475043,-0.0056269658813409285,0.12896535469983889,-0.14561743426051924,0.5396970970141399,0.9706172587163336,0.050950159933507835
2026-05-06 19:00:00,81700.0,81200.0,81342.39,-0.673970469744795,-0.40857095821802786,-0.002022705407952352,0.28477999999430326,-0.7588692063673007,0.5049789744862736,0.9601145818634146,0.04730380186785611
2026-05-06 23:00:00,81490.03,80830.23,81113.34,-0.14794706503299998,-0.8993781910517327,-0.004155303154401491,0.42908457107564185,-0.2871592983478907,0.488412310951186,0.9385822660017796,0.04213494991338792
2026-05-07 03:00:00,81443.21,80725.09,81438.61,-0.5065734573395909,-0.891675360684429,-0.0005586901256187105,0.9935943853256535,-0.8127109827557699,0.5173713534743478,0.9356992261947608,0.03827322334434803
2026-05-07 07:00:00,81708.32,80572.4,80850.75,0.2508379215974107,-0.5813416121904472,0.0018164441628618633,0.24504366504467945,-0.46115420362956805,0.4905184959811985,0.9450674874099614,0.03766875276504484
2026-05-07 11:00:00,81180.0,80046.0,80171.38,0.9135662113706692,-0.5763175324475517,-0.007356901450275566,0.11056437389673636,0.25167465729691374,0.4598359602783781,0.9070555475106745,0.037068763498651
2026-05-07 15:00:00,80271.42,79500.0,80200.59,1.6413098553658898,-0.2068951013116911,-0.00857453782162021,0.9081823131250373,0.5098998352885713,0.44033236519746527,0.8630782089254949,0.030237628332053266
2026-05-07 19:00:00,80371.23,79582.95,79919.01,-0.5308264861054046,-0.2057205777532984,0.000630309546288732,0.42632059673686373,-0.582349028496191,0.4719221143659182,0.8662832394944379,0.03150603329263081
2026-05-07 23:00:00,80142.84,79316.99,79488.46,0.2971965169082857,-1.2371565943848435,-0.0024825056361322817,0.20762850396310067,-0.702818572720232,0.5033103885632887,0.8536521099800162,0.03459916244263112
2026-05-08 03:00:00,79778.95,79181.48,79525.76,-0.374604495984266,-1.2281241838264794,-0.002541202612319049,0.5762297688490399,-0.7631004318208191,0.4791684064668215,0.8407544251800714,0.036875133119806995
2026-05-08 07:00:00,80278.92,79248.58,80212.56,0.25717712686098704,1.0742546041586927,0.0026788262506622917,0.935594075732907,-0.5855926625911124,0.5538588136658419,0.8543160578609714,0.03719891030838349
2026-05-08 11:00:00,80500.0,79549.54,80150.97,0.8416828419899921,1.065593345825755,0.0034916613128115337,0.6327778128418615,0.4637730990489664,0.5249246502706146,0.8720400433647341,0.03813916196495136
2026-05-08 15:00:00,80299.99,79625.0,80078.4,0.7843525717744008,0.14001096365993954,6.844861258259449e-05,0.6717136550071461,0.19415101468775595,0.5600520685129456,0.8723887078340267,0.039162984269018916
2026-05-08 19:00:00,80409.09,79954.54,80262.0,-0.865721870073317,0.14118440990203865,0.0017770684193885167,0.6764052359327695,-0.9346693980608907,0.5133451352738196,0.8814413826036867,0.039062979593545925
2026-05-08 23:00:00,80477.47,80111.02,80417.87,-0.9923289266659453,0.9316911640720136,0.000989795585301989,0.837358439054769,-1.1223094863839713,0.4733835824488547,0.8864925221580252,0.038156386424301726
2026-05-09 03:00:00,80666.66,80201.6,80263.92,-0.766333086172593,0.9294049045683851,0.0017949895838882401,0.13400421450705866,-1.084762891647461,0.523447340298859,0.8956618064462727,0.038246654292687296
2026-05-09 07:00:00,80452.44,80135.0,80264.02,-0.9307764632145136,-0.3816826503872681,-0.0017148510741401557,0.40643901208398037,-1.2525933796574424,0.5060211573987993,0.8868861670268354,0.03760632962213409
2026-05-09 11:00:00,80426.9,80254.71,80332.22,-0.8387834853739715,-0.37541060085373806,0.0008363701608902208,0.4501422846593811,-1.243802608309254,0.631956052294923,0.8911588975283028,0.03629771584249299
2026-05-09 15:00:00,81080.0,80234.0,80907.65,-0.4938513319303927,-0.3708486443151851,0.004230600506695659,0.7962765957352617,-0.8189499030457188,0.5633107871863389,0.9127896718887428,0.03028382297721165
2026-05-09 19:00:00,80958.0,80670.01,80782.38,-1.27744243340631,-0.3662879742092814,0.0016060572416325414,0.39018715926284236,-1.1861483467806637,0.46347921857545915,0.919602743920216,0.028087483304567677
2026-05-09 23:00:00,80850.0,80610.64,80680.04,-1.15464258267823,-0.37121299916697065,-0.0012014780685322135,0.28993983956005437,-1.3964738248300197,0.3836227290053325,0.9133116120875446,0.026267075225448633
