Open Time,High,Low,Close,volume_zscore,funding_z,r1,candle_pos,trades_z,taker_buy_ratio,distance_hl_position,bb_width
2024-05-12 03:00:00,0.5088,0.5059,0.5063,-1.0104242209151506,-1.5629707623429916,0.0021928371153601134,0.13793055886012603,-0.9477209578559844,0.4261504203530737,0.3003036533181668,0.05544216801145765
2024-05-12 07:00:00,0.5069,0.5031,0.5053,-0.5887889462963606,0.7219685726747741,-0.004518995857494934,0.5789458448793464,-0.5197900891598899,0.46361223170336296,0.18727394343925252,0.05201082785624574
2024-05-12 11:00:00,0.506,0.5033,0.5039,-0.7481852484639024,0.6975471534276902,-0.001270085074366878,0.22222139918001674,-0.7174934934476973,0.46879100596111006,0.15564996835159228,0.049299248106209545
2024-05-12 15:00:00,0.5063,0.5015,0.5019,-0.59133524982855,0.6754761934632696,-0.0009562966002455431,0.0833331597225974,-0.46219727466135097,0.44704419735443984,0.13186928571346093,0.05077776366371646
2024-05-12 19:00:00,0.5022,0.4957,0.4994,-0.4108328351992908,0.65539878959191,-0.00817518359343039,0.5692298934924767,-0.354060271185517,0.5062672416415327,0.0,0.05266249351405246
2024-05-12 23:00:00,0.503,0.4891,0.492,0.7893603340399848,-2.5957413101056654,-0.007529595291247859,0.20863294342953773,1.0415170189355303,0.4666674232934928,0.0,0.05628970779365181
2024-05-13 03:00:00,0.4986,0.4866,0.4979,0.6883402743211593,-2.260474128966265,-0.007708647501289079,0.9416658819451003,0.8146943624677774,0.49122394385655704,0.0,0.05004976533170042
2024-05-13 07:00:00,0.506,0.4969,0.5044,1.6922364284057998,-0.2464927995640294,0.020349975498799022,0.8241749184890955,1.2839540430890128,0.45021592942213784,0.3416798336855098,0.04305615749660523
2024-05-13 11:00:00,0.511,0.5042,0.5067,0.35421326272146725,-0.24194485094714088,0.009274213512113771,0.36764651816689203,0.5815995706615976,0.5044815640394973,0.5005643970427178,0.03582966013491413
2024-05-13 15:00:00,0.5121,0.5044,0.5064,-0.12420404743554962,0.723170516104756,0.0031762260437930845,0.25973992241568405,0.1832545221409002,0.4970064812576723,0.5554837225219015,0.02968939656234909
2024-05-13 19:00:00,0.5084,0.5026,0.5043,-0.6539394315693217,0.7051017033972885,-0.005370071440825797,0.29310294292595157,-0.5727023766717271,0.45331494357820634,0.4623362474875995,0.029388171697688203
2024-05-13 23:00:00,0.5096,0.5033,0.5058,-0.2819606127918356,0.6883350034662661,0.00023637146819632804,0.3968247669448183,-0.29234784214994153,0.48449555263579397,0.4664142510363128,0.029276209088036728
2024-05-14 03:00:00,0.508,0.4972,0.5035,0.9462534951541196,0.6727203706417767,-0.0057938584622965195,0.5833327932103723,0.3733146699152709,0.4366626724209924,0.3664319630397091,0.029188525270539962
2024-05-14 07:00:00,0.5095,0.5032,0.5077,0.7632173516322345,0.6581309727742973,0.005610105238013752,0.7142845805006784,0.38192349479782145,0.4829428202236151,0.46268238430392905,0.029780181576670006
2024-05-14 11:00:00,0.5081,0.4977,0.5037,0.7045129012488269,0.6444587610824976,-0.002957976712157917,0.5769225221898873,0.6329308899708899,0.4430108295204756,0.41164880722449765,0.02978589887738604
2024-05-14 15:00:00,0.5132,0.5021,0.5051,0.8124639067284553,0.6316110323585309,0.004582521262836092,0.27027002678375994,0.8566909970242261,0.4621809358776587,0.49047657197314365,0.02968455462774637
2024-05-14 19:00:00,0.5064,0.4988,0.5006,-0.5229432112287885,0.6195077309540554,-0.008363693944742012,0.23684179362922392,-0.5652893184994716,0.4853328806971981,0.3459464155128038,0.03050739845193941
2024-05-14 23:00:00,0.5018,0.4967,0.5007,-0.06767854055225811,-0.9462586985826206,-0.004968203096856194,0.7843121876231656,-0.6043100939195823,0.5405920594021626,0.26081063915192526,0.03046066920044632
2024-05-15 03:00:00,0.5027,0.4985,0.4989,-0.4597755330076651,-0.9229569089308519,0.0014102497923542678,0.0952378684812674,-0.7657126256424762,0.5022838145266711,0.28485680084732146,0.03123349751438968
2024-05-15 07:00:00,0.5036,0.498,0.5017,1.2555883305265922,-0.9967024989538478,-0.0005798958080276417,0.6607131058694545,0.284149978448442,0.5136755179866462,0.2749550562460543,0.03010967707165443
2024-05-15 11:00:00,0.5116,0.4987,0.511,1.844232112268803,-0.9721765534125361,0.010689572546261017,0.9534876329553201,1.4886740686990716,0.4960741940146399,0.45737409854923916,0.032363084007189145
2024-05-15 15:00:00,0.5173,0.5099,0.517,0.6085781843560317,0.7105262463540969,0.015318577951738188,0.9594581628943787,0.48341871667932773,0.5153390369270009,0.7215821622597189,0.039989478970430356
2024-05-15 19:00:00,0.5195,0.5152,0.5179,-0.4125770185394309,0.6979391276107755,0.008407114945751415,0.6279055164988114,-0.18685095206050054,0.4778732877571271,0.868805593563762,0.04692477459965742
2024-05-15 23:00:00,0.5196,0.5153,0.5162,0.5136436610508697,0.4867419188090999,-0.00019412479572866737,0.20930183883293715,-0.16010529866850903,0.46336194076391374,0.8653775458097919,0.05109565731371899
2024-05-16 03:00:00,0.5198,0.5156,0.5189,-0.2699794720246505,0.4799879275478016,0.000860354942992192,0.7857124149704424,-0.5554190011535923,0.4593766895960597,0.8805675954851542,0.05499913505617665
2024-05-16 07:00:00,0.5228,0.5161,0.5179,1.4505483242771413,0.67673813297811,0.0010845123806517698,0.2686563154383371,0.786992103910533,0.5072130408135702,0.8997317444013281,0.052509791394799936
2024-05-16 11:00:00,0.5191,0.5123,0.5148,0.829107260840228,0.6661244348227303,-0.00504305221647694,0.36764651816689203,0.7982572552787942,0.46594920102494475,0.8105205754323915,0.05139618081287155
2024-05-16 15:00:00,0.5215,0.5142,0.5187,0.8761577231817912,0.6559978335205104,0.00480560108619299,0.6164375117294464,0.620858720968906,0.45843212497274,0.8951025406149342,0.05360457732551855
2024-05-16 19:00:00,0.5196,0.513,0.5153,-0.7487342027942582,0.6463220436104803,-0.003475250563553689,0.3484843204783008,-0.7374355918503811,0.4228663530707307,0.833641738484457,0.05491520802135253
2024-05-16 23:00:00,0.5178,0.5135,0.5168,-0.4714602191498112,0.6370644627354852,-0.0024420138389307233,0.7674400757207583,-0.8204742393527776,0.5742242303506038,0.7906041120563526,0.05596122742537337
2024-05-17 03:00:00,0.5184,0.5148,0.5179,-0.06140775562473075,0.6281957038797992,0.002032203322726689,0.8611087191424597,-0.4231836354195975,0.5006448059250704,0.8263318481402558,0.056552775357300814
2024-05-17 07:00:00,0.523,0.5179,0.5223,1.4384246112020205,-0.050303794910258506,0.00786108595819357,0.8627434063854709,0.6460171530365683,0.5047502119253335,0.9648167937633222,0.058852879100269845
2024-05-17 11:00:00,0.5243,0.5196,0.5233,0.7289757736434455,-0.049826097847124634,0.0027129665679428427,0.7872323675907088,0.3289451226411784,0.4649235424148251,0.9999996632521183,0.0603509133698675
2024-05-17 15:00:00,0.5292,0.5215,0.5236,0.30661873857710015,0.6343560136095556,0.0070680969088179335,0.2727269185364668,0.5913302589535839,0.4962463538019777,0.9999997004612438,0.06264582438114402
2024-05-17 19:00:00,0.5247,0.5216,0.5241,-1.1178966115467002,0.6261932039588844,-0.004209114541241732,0.8064490114547936,-0.9770912263386631,0.4946425191672179,0.9337335599109786,0.06286026272285651
2024-05-17 23:00:00,0.5244,0.5216,0.5227,-1.1979861015693498,-2.7614587754072732,-0.0005541641975767009,0.39285573980096183,-0.9493934385799646,0.4645230317647817,0.9250458053288261,0.06244497372419904
2024-05-18 03:00:00,0.5244,0.522,0.5221,-1.2022340586185374,-2.565039568113889,0.00046125726658274857,0.04166649305627508,-1.137128267980275,0.40499254398858264,0.9322730301336929,0.05787991013843853
2024-05-18 07:00:00,0.5256,0.5218,0.5247,-0.9050186303891674,-0.49470007056586407,0.0009962011020014927,0.7631558864318986,-0.7769200961733648,0.472638289180544,0.947889239964493,0.05226043778328543
2024-05-18 11:00:00,0.5252,0.5186,0.5209,-0.6762656514576858,-0.489442444770548,-0.003967128264014352,0.34848432047831174,-0.4983376482917314,0.4602062624034485,0.8856395361327195,0.041071804214405316
2024-05-18 15:00:00,0.5227,0.5205,0.5208,-1.195326752304749,-0.6397962398638436,-0.00043664424113321054,0.13636301653177285,-1.11429323873101,0.4016093292534505,0.8788151678552844,0.02800176867027378
2024-05-18 19:00:00,0.522,0.5201,0.5204,-1.3058542569016764,-0.6323429108023999,-0.0012978218609220882,0.15789390582152987,-1.2323680136773822,0.4473362685206062,0.8585402020444753,0.02363228472899106
2024-05-18 23:00:00,0.5236,0.5201,0.523,-1.2839126970723196,0.3179313242442912,0.0014377726664702717,0.8285690612312699,-1.2432696023697267,0.48894218399745587,0.8809723708947057,0.023542279235764355
2024-05-19 03:00:00,0.5232,0.5193,0.52,-0.8597698193664808,0.3151382522100735,0.00022891488576992636,0.17948671926483042,-0.9645720267455866,0.4124079706304954,0.8845490423219599,0.023339397555838665
2024-05-19 07:00:00,0.5211,0.5187,0.5193,-1.0157913395080107,0.6949501047429658,-0.0036195728143654238,0.24999895833765046,-0.952662644442998,0.4561442870032089,0.8279822264167823,0.022290706482000332
2024-05-19 11:00:00,0.5195,0.5124,0.5143,-0.44871030558342084,0.6869575558609274,-0.008837244026045799,0.2676052568940064,-0.013784778924191861,0.4365941453074624,0.6903733493456972,0.024774696709613887
2024-05-19 15:00:00,0.5144,0.5094,0.5095,-0.6743362989384337,-1.9462889668326602,-0.0072730448062200415,0.01999996000007778,-0.43245510885336813,0.37644689418995064,0.5781221884689405,0.03106775336462169
2024-05-19 19:00:00,0.5106,0.5063,0.5099,-0.792795542417048,-1.8777629615627405,-0.004906490668023511,0.837207355331727,-0.658171557044516,0.49994037217567017,0.5029468539272447,0.03455277284525392
2024-05-19 23:00:00,0.5132,0.5064,0.5129,-0.14994429637496495,-2.7331867666995016,0.0019068335401122294,0.9558809472339062,-0.23186944045199967,0.5036865677885954,0.5320192661595853,0.036210956749090056
2024-05-20 03:00:00,0.5182,0.5064,0.509,0.34150644117659074,-2.5736028986554116,0.004386581366591535,0.2203387963230573,0.19701257663672656,0.46633783651938887,0.5990265191352445,0.040165570914756414
2024-05-20 07:00:00,0.5148,0.5083,0.5128,0.7921049390741017,-1.4793572314170438,0.0011567332124915453,0.6923066272205761,0.39307697888370147,0.5039967330027163,0.6167737145667221,0.041125261126524815
2024-05-20 11:00:00,0.5164,0.5104,0.5154,0.2088603974172866,-1.446146874407467,-0.0003114917164863673,0.8333319444467593,-0.1545158152421483,0.5155248624374221,0.6119891204615927,0.04129616516127099
2024-05-20 15:00:00,0.5254,0.5149,0.5235,0.5789936525050988,0.7484950667966542,0.013322525000578178,0.8190468390030085,0.7614448877198737,0.5118567052892425,0.816562840509696,0.04104712539028015
2024-05-20 19:00:00,0.5367,0.5229,0.5349,3.5236498578981172,0.7404365785677628,0.023547501732254172,0.8695645872720438,4.1808891461541675,0.5145783120962413,0.9999997467895089,0.048065536569496574
2024-05-20 23:00:00,0.5431,0.5331,0.535,2.3646450323837476,0.7326339438242861,0.010337759974341942,0.18999981000019112,2.330481814768749,0.48466569875665244,0.9999997777254828,0.05448388868858709
2024-05-21 03:00:00,0.539,0.533,0.5369,0.721140559622385,0.725073873170818,-0.0019198955865488143,0.6499989166684741,0.5144176355071184,0.46634347558020794,0.9770752790925679,0.061047440590537225
2024-05-21 07:00:00,0.5467,0.5347,0.5427,2.3637000243084048,0.7177440251653942,0.009404333922421237,0.666666111111574,1.6276883185482038,0.4817807746352295,0.999999795919708,0.07069021284786313
2024-05-21 11:00:00,0.55,0.5408,0.5497,1.4798286254083288,0.7106329210562962,0.006277214605004522,0.9673902528366736,1.9307498571589234,0.4797368428735534,0.9999998091515356,0.08363673588089611
2024-05-21 15:00:00,0.5571,0.5406,0.542,1.6567434834359294,0.7037298687117942,0.005255962450966711,0.0848484334251956,2.5933375650024195,0.49032964844971205,0.9999998190373108,0.09055800530296707
2024-05-21 19:00:00,0.5426,0.5319,0.5382,0.17861024136987783,0.6970248945937552,-0.019916652692156034,0.5887844964630886,0.6865677264032763,0.45254058035165035,0.8026835876465236,0.09416710821208173
2024-05-21 23:00:00,0.5382,0.5328,0.5361,-0.38184881540697746,0.6905086827886673,-0.0015347914407685126,0.6111099794259629,-0.36718958852072225,0.5219902278211209,0.7877810975932529,0.0962081838960769
2024-05-22 03:00:00,0.5368,0.5286,0.5338,0.03417017449351718,0.6841725202466203,-0.004051252275517614,0.6341455681151648,0.14898918559708166,0.43184362411153837,0.7485046955830466,0.09723149149805693
2024-05-22 07:00:00,0.5383,0.5295,0.5356,1.0104513833235893,0.678008247494638,0.00091715591884034,0.6931810304760987,1.0823551341084168,0.4665087634543552,0.7573603889728406,0.09805819671064403
2024-05-22 11:00:00,0.5358,0.5263,0.5332,0.9948769867073421,0.6720082141890058,-0.005818151966781815,0.7263150249315496,0.980246442483356,0.4370278230514568,0.7011310999455328,0.09837842750810721
2024-05-22 15:00:00,0.5379,0.5266,0.5285,0.05667662424491437,0.6661652389548395,0.0030231930159205778,0.16814144412261564,0.5473437586647383,0.43610623912035873,0.7301786318059815,0.09825199127036494
2024-05-22 19:00:00,0.5303,0.5224,0.527,-0.45861701244299413,0.6604725730324837,-0.010866437258229888,0.5822777439522276,-0.15747281835506613,0.44925449386631927,0.6254557672500302,0.09561097056878999
2024-05-22 23:00:00,0.5293,0.5254,0.528,-0.3341354099440063,0.6549238673114046,0.001744624151877927,0.6666649572693498,-0.7113261048651408,0.5054108762952407,0.6420864912143328,0.08935590721588112
2024-05-23 03:00:00,0.5298,0.5249,0.5261,-0.5599255013576954,0.6495131423846582,-0.0011431401027034438,0.24489745939293492,-0.6661353669804644,0.4678059313745496,0.6311704351906717,0.08302317890229544
2024-05-23 07:00:00,0.5308,0.5224,0.5252,0.9048563187918468,0.6442347613021158,0.0015400646640311155,0.3333329365084089,0.749654798327703,0.5140302743116866,0.6458599857458793,0.07788548424821432
2024-05-23 11:00:00,0.5488,0.5113,0.5326,5.0,0.6390834047395771,0.00445500979653346,0.5679998485333736,5.0,0.5054343198507518,0.6884185082636465,0.06657083394879104
2024-05-23 15:00:00,0.5359,0.5163,0.5201,1.0622478510012432,0.6340540483345519,-0.01010629796906537,0.19387745210334145,1.579814977522413,0.49255779969466146,0.5914433567564312,0.06275793223752825
2024-05-23 19:00:00,0.5302,0.5027,0.5267,2.0073499480784482,0.6291419419687178,-0.014573660039084446,0.872726955372014,2.7279434260349227,0.49772086783552444,0.4530148405398008,0.05526700183251502
2024-05-23 23:00:00,0.5351,0.526,0.5315,-0.12824004286222906,0.6243425908024227,0.02421795651469938,0.604394940225335,-0.10671638344291635,0.5263120829927168,0.6796976522937341,0.05232276058381314
2024-05-24 03:00:00,0.5318,0.5188,0.5189,0.2650487142336161,0.6196517378887338,-0.008522296336651691,0.007692301775151626,0.1787385660963436,0.415620390458631,0.5979961367113752,0.058836315205804034
2024-05-24 07:00:00,0.527,0.5168,0.5266,0.5581216819743892,0.6150653482138323,-0.005892420252359587,0.9607833717810015,0.27438578764202765,0.4919277722832732,0.5419881260575806,0.05858003413139236
2024-05-24 11:00:00,0.5375,0.5264,0.5342,0.9394831002372478,0.6105795940274504,0.01872528501565829,0.7027020696377778,1.068341747390487,0.4570829418765484,0.7189249615517074,0.05724115225295903
2024-05-24 15:00:00,0.5373,0.53,0.5323,0.020703259485338823,0.6061908413418639,0.001896505085262401,0.31506806155059747,0.17294800423962178,0.4414637836368536,0.7371807635197127,0.0541637222518156
2024-05-24 19:00:00,0.5359,0.5313,0.5355,-0.7221849254555237,0.6018956374909695,0.0004081996355942419,0.9130414933880442,-0.4374710314840022,0.4961272702690219,0.7411175546978346,0.043908725371834476
2024-05-24 23:00:00,0.5364,0.534,0.5343,-0.856232569894438,0.5976906996524226,0.003663012345233252,0.12499947916882523,-0.5521523830871589,0.4199008305861876,0.776459088293046,0.03981397370924759
2024-05-25 03:00:00,0.5377,0.5333,0.5344,-0.8368414931267061,0.5935729042459319,0.0012396968714860623,0.24999943181947315,-0.5207769750576264,0.49376291598649497,0.7884637640278583,0.038028619547709384
2024-05-25 07:00:00,0.5406,0.5341,0.5404,-0.7681368414509432,0.589539277129724,0.0017723292237792343,0.9692292781088061,-0.3619452188935577,0.48791179474076085,0.8056474919229583,0.04019232015215712
2024-05-25 11:00:00,0.5418,0.5318,0.5383,-0.4963901783015544,0.5855869845250915,-0.0004487063814906378,0.6499993500006517,-0.10426479098964174,0.4496935776075027,0.801289320927603,0.04215377145038723
2024-05-25 15:00:00,0.5425,0.5375,0.5388,-0.6753570247641949,0.5817133246059607,0.006353937115808117,0.25999948000103335,-0.34337840129308933,0.4726490569687942,0.8629758050372525,0.043555713651465454
2024-05-25 19:00:00,0.5426,0.5383,0.5415,-0.8549174745946554,0.5779157196966112,0.00046550301112535664,0.7441843158504289,-0.5717810447334821,0.5292775773695124,0.8675238039279168,0.046783575416444255
2024-05-25 23:00:00,0.5423,0.5385,0.5395,-0.95565096419801,0.5741917090262522,0.0008204628178669626,0.26315720221788735,-0.7623501390127972,0.45961902274016747,0.8755435178803287,0.04873957003972107
2024-05-26 03:00:00,0.5404,0.5377,0.5381,-1.0510942755113848,0.5705389419940542,-0.003533191364985977,0.1481475994533582,-0.8232937732446486,0.41466986728359073,0.8409795724659301,0.049311918536133065
2024-05-26 07:00:00,0.54,0.5341,0.5365,-0.7936118066398197,0.5669551719026694,-0.0029929871815305154,0.40677897156105686,-0.5460413619128606,0.44223930487175417,0.8118037005043416,0.04940238301724774
2024-05-26 11:00:00,0.5369,0.5328,0.5349,-0.7206992021957965,0.5634382501221893,-0.004520640781383367,0.5121938726978702,-0.519220853637099,0.46290144729424043,0.7678680360051046,0.04833565817641341
2024-05-26 15:00:00,0.5355,0.5294,0.5307,-0.7077187746982392,0.5599861206500181,-0.006090292008148257,0.213114404730479,-0.40310024309834547,0.45930710219274723,0.7089446661657673,0.046929234124583746
2024-05-26 19:00:00,0.5316,0.5255,0.5296,-0.7429685169653261,0.5565968150352933,-0.0041368039408414825,0.6721300456884491,-0.5425507783465365,0.4674644824277983,0.6691649819426317,0.04743007361568935
2024-05-26 23:00:00,0.5337,0.5275,0.5322,-0.7336900197011832,0.5532684476393267,0.002065318276720962,0.758063293446309,-0.519039203587732,0.5210278261973705,0.6889430134143805,0.04126727922696138
2024-05-27 03:00:00,0.5327,0.5248,0.5252,-0.2606541340512666,0.5499992112060663,-0.003104400332616497,0.05063284730018831,-0.18435828542276333,0.3944237173286049,0.659153059730258,0.04265836275155625
2024-05-27 07:00:00,0.5324,0.5236,0.5285,0.6606380091299637,0.5467873727189005,-0.00033728671204014127,0.5568175490709668,0.350345847978261,0.5472899318512127,0.6559264902800824,0.04315221426354978
2024-05-27 11:00:00,0.5369,0.5267,0.535,0.10220949373295543,0.5436312695221672,0.007058482680061706,0.8137246924267727,0.36475398541772364,0.5062337819687143,0.7234269347651109,0.03400874371410665
2024-05-27 15:00:00,0.5409,0.5348,0.5366,-0.17611223633906134,1.0545801567901545,0.011702764360514761,0.29508148347296387,0.15438643110888872,0.44381052613345195,0.8361307016484679,0.031236108753358898
2024-05-27 19:00:00,0.5371,0.5286,0.5355,-0.5170826629692538,1.0448561874040851,-0.008567012885088543,0.8117637508661715,-0.15985015684524367,0.49274587171906015,0.7526603336933976,0.03129935779447864
2024-05-27 23:00:00,0.5358,0.526,0.5309,0.24574740925795735,0.5215343257624336,-0.004181350723712174,0.499999489796439,0.17537157385095223,0.4883072885858601,0.7122694951564297,0.03199890470517367
2024-05-28 03:00:00,0.5311,0.5211,0.5256,0.0526037559074245,0.5186880081417131,-0.01217552812422118,0.44999955000044445,0.2340712619266636,0.4577542946631483,0.5951486126608899,0.035881280329997156
2024-05-28 07:00:00,0.5332,0.5229,0.5305,0.5255334462206069,0.5158878761685701,0.005243429651787146,0.7378633612977034,0.11083479660004589,0.5154302132722945,0.644972975609333,0.036130438257394086
2024-05-28 11:00:00,0.5336,0.5258,0.5281,0.5232054299517782,0.5131326924338122,0.004843725011522082,0.29487141683151596,0.31941859985577015,0.501974384306326,0.6912405819075723,0.03769708264395527
2024-05-28 15:00:00,0.5309,0.5224,0.5248,-0.24704619830302432,3.311380200573489,-0.005646478974287383,0.2823526089969366,0.0497216558463085,0.4231446110504903,0.6370437635157111,0.03896379307264209
2024-05-28 19:00:00,0.53,0.5247,0.5296,-0.7932169083259272,3.1554824493631135,0.00024818105661106316,0.9245265574970483,-0.4940613892849541,0.5113862497862837,0.6394124387646061,0.03784017995013037
2024-05-28 23:00:00,0.53,0.5249,0.5274,-0.4680470955070685,0.41591147644480503,-0.0013169339401184477,0.49019511726446613,-0.34737540426872704,0.5416053975991288,0.6268403148313385,0.037282820875712504
2024-05-29 03:00:00,0.532,0.5261,0.5291,-0.17800081761175465,0.41392176756059756,0.0049216441235158115,0.5084737144513305,-0.2961616247415949,0.4600710697877508,0.6737629675336692,0.03338253447171495
2024-05-29 07:00:00,0.5334,0.5215,0.5306,1.9422820162200687,1.3606575739996623,-0.003152088793287988,0.7647052397434944,1.5103684657455068,0.47948095384522027,0.6435632422657461,0.03004533106138022
2024-05-29 11:00:00,0.5334,0.5275,0.5294,0.7496377109193173,1.3451185154924115,0.00420658190051082,0.3220333524858445,0.6168970045577523,0.4443535442849588,0.6837388820291261,0.027388050294030474
2024-05-29 15:00:00,0.5308,0.5244,0.5252,-0.21421712700076437,3.1377657704685498,-0.004911901123487938,0.12499980468780734,-0.15390882665747024,0.4562519963904141,0.6366296383543355,0.026850049070875123
2024-05-29 19:00:00,0.5264,0.52,0.5247,-0.46330429436177645,3.009121703840487,-0.007980756586629334,0.7343738525408657,-0.31225034985997807,0.49086766330961284,0.5604634691633237,0.026776778932245473
2024-05-29 23:00:00,0.5276,0.5228,0.5268,-0.3758176526134211,0.6750579820488458,0.0037894658281576454,0.8333315972258546,-0.5167460529488795,0.5640779705205179,0.5963404707669594,0.02694044967111825
2024-05-30 03:00:00,0.5283,0.5161,0.5184,0.5522129875238073,0.6712334417624121,-0.006365069444372762,0.18852443563570612,0.27332302846129847,0.3966066639252635,0.5358504233608764,0.033157258915911314
2024-05-30 07:00:00,0.5211,0.5127,0.5203,2.065619792372194,0.30301417168396094,-0.008747514020286062,0.9047608276656782,1.3088012108034162,0.4565028953140735,0.4532480974642184,0.03537116058382517
2024-05-30 11:00:00,0.5244,0.5195,0.5223,0.5983139878629455,0.30174817517100017,0.009055803673475138,0.5714274052501966,0.16266464945116263,0.4432357281470679,0.5380135562855983,0.03630867504062501
2024-05-30 15:00:00,0.5262,0.5209,0.5254,0.046175601290577864,2.325446183733082,0.0033076785637802253,0.8490550017830104,-0.0927685796438768,0.4010287549971103,0.5692549501335528,0.03633924260302127
2024-05-30 19:00:00,0.5256,0.5167,0.5197,-0.5498254335773087,2.2703003083110502,-0.00717850374584883,0.33707827294576453,-0.4937723161463154,0.4624313496427315,0.5012289132028729,0.0368383021872751
2024-05-30 23:00:00,0.5214,0.5176,0.5212,-0.46434852614435207,0.25572596490756366,-0.0006061882158269194,0.9473659279844062,-0.7125432031635955,0.502680535352404,0.495525696147032,0.03369551037029067
2024-05-31 03:00:00,0.5221,0.5167,0.5173,-0.4656249946234876,0.25471455877607213,-0.0010617479345063074,0.11111090535016385,-0.3990648675604319,0.4125458592553657,0.485542479595262,0.03295655529191538
2024-05-31 07:00:00,0.5234,0.5159,0.5202,1.0214567522793256,0.44384816048669756,0.0007922897039469579,0.5733325688899079,0.4052793928580257,0.45343136007358326,0.49298417213670714,0.03230981717598944
2024-05-31 11:00:00,0.5246,0.5171,0.5227,0.9783656207624029,0.4419031551945797,0.0034154745404266773,0.74666567111245,0.527179905740206,0.48337108638457116,0.5250899143210205,0.03232371309664859
2024-05-31 15:00:00,0.5259,0.5119,0.5168,0.238929424106145,0.24868690334156898,-0.007997086895183192,0.34999975000017935,0.27773465052787827,0.44792000073206817,0.4496598859742279,0.03359525386108504
2024-05-31 19:00:00,0.5199,0.5162,0.5191,-1.0158340652007938,0.24773491091347943,0.0023690742732425107,0.7837816654549542,-0.8467453261192046,0.5350729827205558,0.47182674095067334,0.033593241434415964
2024-05-31 23:00:00,0.5196,0.517,0.5193,-0.9492098009179402,0.24679377343663958,0.0003462670113996147,0.8846119822616165,-0.9092101408530735,0.4638549754695541,0.4750743532767809,0.03427007723328566
2024-06-01 03:00:00,0.5201,0.5182,0.5193,-1.0254337772412694,0.24586328609028205,0.0013339417250375352,0.5789443213456679,-0.9862565991481482,0.4173770439416267,0.4875896247812934,0.03289816094008144
2024-06-01 07:00:00,0.5213,0.5183,0.5205,-0.9746368743805761,3.974716080227476,0.0012390672130770941,0.7333308888970296,-0.8010790077788688,0.4327307287591911,0.49923027450170343,0.03191959098582328
2024-06-01 11:00:00,0.5219,0.519,0.5209,-0.8936988188654209,3.755952168920081,0.0015452743780286493,0.6551701545856752,-0.7702818539259415,0.3763873399072276,0.5137656329590379,0.02958530792639478
2024-06-01 15:00:00,0.5215,0.5184,0.5188,-1.036000359244863,3.417102923216872,-0.0014880463287676449,0.12903184183279023,-0.9135198936830506,0.4729749214709775,0.499746951046972,0.025721895935776652
2024-06-01 19:00:00,0.5206,0.5183,0.52,-1.070239508397666,3.2742386756249062,-6.0302533378076006e-05,0.73912722118602,-0.9779999681681065,0.5075324732640553,0.49917969445036603,0.0212714430555604
2024-06-01 23:00:00,0.5201,0.518,0.5187,-0.9818890780092903,0.48452578765440985,-0.0014940171693926807,0.3333317460393222,-0.9343077432096266,0.45896917308871654,0.48512655370407953,0.020180206724155467
2024-06-02 03:00:00,0.5194,0.5177,0.5186,-1.0238953367701844,0.4824846320183704,-0.0007474776725279186,0.5294086505373152,-0.9948070813031189,0.43890425317014364,0.47810607536934946,0.019032250010675947
2024-06-02 07:00:00,0.5189,0.5128,0.5147,-0.46508812206551847,0.6735686481734509,-0.0063779025530372735,0.3114748992214791,-0.37103288805558715,0.4705126735332868,0.41824815675376364,0.017635297779344028
2024-06-02 11:00:00,0.5209,0.5135,0.5188,-0.7432654352929206,0.6702711483611145,0.0037294418737776613,0.7162152483577765,-0.6801427771889692,0.5303975475807212,0.4530264941235981,0.017415630534442773
2024-06-02 15:00:00,0.5192,0.508,0.5128,-0.31086280277359074,0.12883830412112254,-0.007692879630929905,0.4285710459187118,-0.04479161262961249,0.4483648904896548,0.38102018115099673,0.021311717554565953
2024-06-02 19:00:00,0.515,0.5101,0.5139,-0.7959473697832289,0.12840386355650604,-0.0014820322051757318,0.7755086214109795,-0.7864548001213083,0.48515209608714077,0.3672548905133242,0.022543895845891355
2024-06-02 23:00:00,0.5192,0.5118,0.5171,-0.632485302857815,0.09280576495858206,0.00651990846467676,0.7162152483577723,-0.6192725470692084,0.4390967233772469,0.4277228240463293,0.01923754964487683
2024-06-03 03:00:00,0.5212,0.5151,0.5201,-0.040221638004634776,0.09249936879275641,0.004131937834767063,0.8196707874249402,-0.32483563789824743,0.48637758052812025,0.4662937244152117,0.019215572143838875
2024-06-03 07:00:00,0.5232,0.5169,0.5197,0.8212972444260637,2.4756033435937814,0.004456130375068312,0.444443738978198,0.2155910986174267,0.4729740583604229,0.5080627811014663,0.01875074771718332
2024-06-03 11:00:00,0.523,0.5165,0.518,-0.00413925477052575,2.419618482013678,-0.0001208572015970466,0.23076887574019775,0.0022895406741543097,0.5241369729988901,0.5069248910868881,0.018714814209087948
2024-06-03 15:00:00,0.5223,0.5171,0.5195,-0.3619741037681207,1.5968129058734022,-0.0006214334132144117,0.4615375739661973,-0.3268903901862215,0.43858731262856676,0.5010747025554084,0.01850002180380316
2024-06-03 19:00:00,0.5226,0.5192,0.5211,-0.8463952197569244,1.578786381887706,0.00245210685660302,0.5588218858179934,-0.7300264205641928,0.516346432258955,0.5241445479558768,0.01748334686785977
2024-06-03 23:00:00,0.5221,0.5182,0.5209,-0.5846669420157177,0.03639380272316441,-0.0016403123802496422,0.6923059171643215,-0.7359146987431611,0.44318525249324986,0.5086743636363268,0.017751829888124616
2024-06-04 03:00:00,0.5222,0.5184,0.5185,-0.7224577884774517,0.036279032305133664,0.00014523239048713776,0.026315720221785816,-0.679720360151468,0.35762991221015844,0.5100418388010161,0.01781027143078795
2024-06-04 07:00:00,0.5257,0.5182,0.5244,1.3080449913985512,0.03616534084479238,0.0004451212923937131,0.8266655644459172,0.5263207540526921,0.4804024939797122,0.5142336083671605,0.020220998920678322
2024-06-04 11:00:00,0.5287,0.5219,0.5267,0.197319645999544,0.03605271154264251,0.008616643911493416,0.7058813148804155,0.03128840460467948,0.5015482180431104,0.5954138701465552,0.02418741492325516
2024-06-04 15:00:00,0.5303,0.5254,0.5262,-0.05247670071999835,0.035941127963102795,0.005237835022892989,0.16326497292863085,0.08750640098691875,0.4341994735983996,0.6451864609250985,0.026937120949470903
2024-06-04 19:00:00,0.5283,0.5243,0.5254,-0.5527039095775567,0.035830574024436145,-0.0036465525619537864,0.274999312501716,-0.47391059042716166,0.4924428942873729,0.6103535526468026,0.02873616568894463
2024-06-04 23:00:00,0.5278,0.5244,0.5254,-0.20838446605537075,0.035721033989014286,-6.278513084556625e-05,0.2941167820094589,-0.587297659118279,0.545211781166908,0.6097559981901749,0.03026495595859638
2024-06-05 03:00:00,0.5271,0.524,0.5262,-0.2504846581612492,0.035612492453909385,-0.0006972593926799497,0.709675130080221,-0.48660934168700287,0.5019361636098245,0.6031202821781664,0.031989143250799476
2024-06-05 07:00:00,0.5326,0.5251,0.5272,1.1126077416804505,1.0800786831024174,0.0036440072709678084,0.27999962666716505,0.830459472303591,0.4851673630181822,0.6377755876510813,0.0338108265516199
2024-06-05 11:00:00,0.5312,0.5258,0.528,0.05535701154270336,1.0730535155469143,0.001502535706737751,0.40740665295064193,-0.1649068966967835,0.4728990547986061,0.6521171014056413,0.03564557107733278
2024-06-05 15:00:00,0.5304,0.5258,0.5264,-0.39012164132177224,1.6383614953828909,0.00047395756390433696,0.13043449905542426,-0.03345447637549645,0.44958271964533847,0.6566477638255415,0.03477333610567833
2024-06-05 19:00:00,0.5277,0.5252,0.5256,-0.9330117827489285,1.620535232313233,-0.00384329478131884,0.15999936000254578,-0.7727017519148663,0.47354993850520133,0.6198914686879561,0.034953995771276274
2024-06-05 23:00:00,0.5273,0.524,0.5268,-0.26309283989631277,0.02464237746727579,-0.0016348042795064632,0.8484822773264477,-0.4808016136947265,0.5184234242692956,0.6043167051280973,0.03140693299236542
2024-06-06 03:00:00,0.5268,0.5221,0.5229,0.4373687681034642,0.024570178835098037,-0.0021252633365274054,0.1702124038033997,0.3490375542916532,0.41512498534990516,0.5841024436494512,0.027234498512474056
2024-06-06 07:00:00,0.5252,0.5216,0.5251,0.570557315754895,1.9176204888678272,-0.001299792839299263,0.9722195216124434,0.20033174824151803,0.5004427528223881,0.571765848953931,0.024859490994821223
2024-06-06 11:00:00,0.5278,0.525,0.5276,0.3928962401602129,1.8918365451845485,0.005106915260499889,0.9285681122567108,0.12178577504726397,0.4781037915520621,0.6201736046635049,0.024702690861603146
2024-06-06 15:00:00,0.5281,0.5231,0.5237,-0.22942895738598867,3.474671920300614,-0.0007488041108708599,0.11999976000048888,-0.2310174110224032,0.43217334389420425,0.6130395443347528,0.02363107779858851
2024-06-06 19:00:00,0.5238,0.5164,0.5219,-0.3868107565215013,3.3498094192956356,-0.011189886776368563,0.7432422388618402,-0.27305191925839184,0.4915134993987021,0.5065102803417099,0.021342855986937408
2024-06-06 23:00:00,0.5226,0.5198,0.5219,-0.30389784742134124,-0.0573805785527784,0.0021557620197123484,0.7499973214381576,-0.7078501345190554,0.5372187264591459,0.5268037800758165,0.019965125058417486
2024-06-07 03:00:00,0.5279,0.5212,0.523,-0.1664423936862347,-0.0572177289315813,0.004938490927439476,0.2686563154383371,-0.3780582169301303,0.5372465238279319,0.5733930196524347,0.019146846675808835
2024-06-07 07:00:00,0.5272,0.5224,0.5266,0.651339723264189,0.8630031810363928,0.0006461623218079193,0.8749981770871224,-0.03925315293903986,0.542566147967602,0.5795189559019014,0.018003661593718318
2024-06-07 11:00:00,0.528,0.5217,0.5269,0.6875054180426016,0.8587843847493162,0.0027650513815309363,0.8253955152452147,0.33818389019621187,0.4781741409797704,0.6057499399079492,0.014040306284770918
2024-06-07 15:00:00,0.5274,0.4508,0.4905,5.0,3.694696936034155,-0.06945760543687407,0.518276694741946,5.0,0.470123113649331,0.0,0.06545914943539385
2024-06-07 19:00:00,0.5031,0.4863,0.5008,0.6367153041349988,3.5515380697729784,0.013737731137436704,0.86309472434838,1.153139616874456,0.49365409617019035,0.11526926296464872,0.07568629070106991
2024-06-07 23:00:00,0.5008,0.4969,0.5003,-0.6312466439790761,-0.10206778472049267,0.006246163867867027,0.8717926364291235,-0.5560069568043003,0.5219011999928397,0.1683989782601215,0.08498538071340982
2024-06-08 03:00:00,0.5005,0.4984,0.4994,-0.921426084847656,-0.10178561620605436,0.0012504746205697082,0.4761882086275931,-0.7420247714627326,0.48909546850993424,0.17910192179961124,0.09307920080265406
2024-06-08 07:00:00,0.5008,0.4964,0.4974,-0.85264627691851,-0.1015057750872522,-0.001754629794525564,0.227272210744975,-0.6718466700800417,0.45015124551322455,0.16406508150155627,0.10101061003228981
2024-06-08 11:00:00,0.4975,0.4905,0.4955,0.00492370005869537,-0.10122822954301379,-0.01042961931748243,0.7142846938790087,-0.10420060004483267,0.48002343107338835,0.07484207586183177,0.10822202140568969
2024-06-08 15:00:00,0.4957,0.4897,0.4931,-0.4558203433155864,-0.10095294835807295,-0.000537124115477905,0.5666657222237942,-0.45348820253847866,0.46320002748732464,0.07029502584410854,0.11494946334580664
2024-06-08 19:00:00,0.4947,0.4913,0.4934,-0.6875466939223233,-0.10067990090822256,-0.0002148274841993203,0.6176452422198806,-0.6603185328139988,0.4850996490839633,0.06847737028174228,0.11857593998418657
2024-06-08 23:00:00,0.4944,0.4909,0.4921,-0.80897276171567,-0.10040905714600147,-0.0002860592078273161,0.3428561632680986,-0.7559678711489392,0.4748118943293151,0.06605754299040204,0.12218680173339759
2024-06-09 03:00:00,0.4943,0.4919,0.4941,-0.8698032814838644,-0.10014038758680328,0.00040142241127938405,0.9166628472381231,-0.8112994120889092,0.5186232355742346,0.06945227740004019,0.12265936284489694
2024-06-09 07:00:00,0.4951,0.4935,0.4946,-0.8832183836752592,-0.09987386329539223,0.002227635855331256,0.6874957031518532,-0.8447081091430871,0.4472251340830443,0.08829842930164211,0.12130345009064851
2024-06-09 11:00:00,0.4971,0.4931,0.495,-0.5042899522995263,-0.0996094558728126,0.0020289074644661564,0.47499881250297155,-0.5328509336077949,0.4736865218897949,0.10550154466226909,0.12032608046359262
2024-06-09 15:00:00,0.497,0.4946,0.4969,-0.9166872064511938,-0.09934713744367374,0.0006173462187477607,0.9583293402944203,-0.8379879916958697,0.5200584410022037,0.11074664625842175,0.11614950883199616
2024-06-09 19:00:00,0.4992,0.4968,0.4983,-0.8593444795466346,-0.09908688064380833,0.004939328608740912,0.6249973958441956,-0.8080799300379498,0.5446019508479938,0.15273811448800814,0.10879124154527615
2024-06-09 23:00:00,0.5008,0.4967,0.4989,-0.5305905821570233,-0.09882865860827765,0.002159112175759148,0.5365840571120581,-0.7081745130517282,0.6179073461854357,0.17118436868018727,0.10258327104655111
2024-06-10 03:00:00,0.5013,0.4947,0.4964,-0.18729031082614664,-0.09857244495972232,-0.002539449120891324,0.25757536731005504,-0.4587415749607549,0.47517010660621944,0.14944188373183348,0.09722049557945801
2024-06-10 07:00:00,0.5,0.4933,0.498,0.7417517870615116,-0.0983182137970438,-0.0038373169307686084,0.7014914903112075,0.03499042876055684,0.5285609752837583,0.11667062969889909,0.08924185631073404
2024-06-10 11:00:00,0.5033,0.4961,0.5029,-0.08502823301320399,-0.0980659396844044,0.0043315861147519286,0.9444431327178773,-0.2137507877208347,0.5041437202945337,0.15352106414429323,0.07799977358510696
2024-06-10 15:00:00,0.506,0.4977,0.499,0.13096763805253725,-0.09781559764053471,0.007894195907902857,0.15662631731769225,0.2005638833500825,0.4624787346028675,0.22097086640323474,0.05981647995688029
2024-06-10 19:00:00,0.4993,0.4946,0.4967,-0.40349379562068927,-0.09756716312834508,-0.011006086645443114,0.4468075599839094,-0.2595133898299802,0.495751109827781,0.12619000474248052,0.02542776817122136
2024-06-10 23:00:00,0.4971,0.4815,0.4894,0.9651014535655753,-0.09732061204481933,-0.014725313413237795,0.5064099317885064,1.0529714408695723,0.46085038768049763,0.0007760418897080095,0.026790520089700023
2024-06-11 03:00:00,0.4913,0.4795,0.4845,0.911030144559444,-0.09707592071119299,-0.0055250441408210005,0.4237284544674107,0.8022014541026483,0.45230792550192905,0.0,0.03387896376846438
2024-06-11 07:00:00,0.4879,0.4834,0.4863,1.3592406383342341,-0.09683306586339882,-0.0013540990825091637,0.6444430123488639,0.8303922110438344,0.49074420371736416,0.0,0.03678545559853566
2024-06-11 11:00:00,0.4864,0.4786,0.483,0.778777750291567,-0.09659202464277539,-0.0066809542938871536,0.5641018408950725,0.38370935337815776,0.4753716224473514,0.0,0.04224147202244473
2024-06-11 15:00:00,0.4834,0.4707,0.4815,1.931808952733956,-0.09635277458702894,-0.011590401294095276,0.8503930311865885,1.394896297560785,0.47579602023209366,0.0,0.048029940610108936
2024-06-11 19:00:00,0.482,0.4777,0.4803,-0.5462800868246194,-0.09611529362144058,0.0063687797579567995,0.6046497566284751,-0.5493865904034216,0.5371729705904589,0.04311962201583302,0.05380959927627688
2024-06-11 23:00:00,0.4811,0.4742,0.4808,0.15076310376233434,-0.09587956005030852,-0.003679136620932888,0.9565203528690507,-0.13629922598229297,0.47114126802748996,0.018051500851439778,0.05812887966729062
2024-06-12 03:00:00,0.4832,0.4802,0.4805,-0.6869996474972688,-0.0956455525486229,0.006652455544328362,0.09999966666776668,-0.6289592036399219,0.4358802104036626,0.06321182761801748,0.061951074637519
2024-06-12 07:00:00,0.4849,0.4779,0.4848,1.019063744984488,-0.09541325015396199,-2.6758281153171914e-05,0.9857128775530336,0.3612163055141056,0.5289445578446398,0.06302897008152045,0.06259444923524426
2024-06-12 11:00:00,0.4982,0.4812,0.4967,1.8900860303746976,-0.0951826322586027,0.01939729496051057,0.9117641695504881,1.7768163109492154,0.5013971168559673,0.19558033393119983,0.06170763405035911
2024-06-12 15:00:00,0.4976,0.4864,0.4911,0.41914162334984784,-0.09495367860184221,0.005631013177540334,0.4196424824620681,0.7813025185657999,0.46775785856466195,0.23480624607487757,0.06207505687571526
2024-06-12 19:00:00,0.4937,0.4817,0.4912,0.019725683144766998,-0.09472636926251955,-0.011976078662818357,0.7916660069449942,0.20065132156271534,0.4843872659236644,0.1509105260129829,0.061602327507805796
2024-06-12 23:00:00,0.4918,0.4862,0.4866,-0.10851381298768119,-0.0945006846517353,0.0034136964307553974,0.071428443877771,-0.3619989539950675,0.5344139275083705,0.17453801250468093,0.061504989326899205
2024-06-13 03:00:00,0.4884,0.4827,0.4845,-0.41652330687619143,-0.09427660550575875,-0.0067229377204729435,0.3157889196685574,-0.2795110000922001,0.429877594263051,0.12784716701165827,0.06063918361680244
2024-06-13 07:00:00,0.4893,0.4832,0.4879,1.0263088580684183,-0.09405411287912206,0.00020093677923105346,0.7704905401794401,0.41518828563670623,0.5380479334657335,0.12923329232122646,0.05756020992138419
2024-06-13 11:00:00,0.489,0.4828,0.4863,0.678968951652429,-0.09383318813788918,7.672441775352645e-05,0.5645152185238431,0.2980386539231697,0.45739529272257784,0.12976266791525534,0.05617268481093885
2024-06-13 15:00:00,0.4864,0.479,0.4833,0.25707706763193144,-0.09361381295310342,-0.006901587589833613,0.5810802958374401,0.22763935997709298,0.4762851289760786,0.08214011889877837,0.05420724228043022
2024-06-13 19:00:00,0.4834,0.4756,0.4793,-0.5813119087197164,-0.09339596929439639,-0.006982248694238247,0.474358366207222,-0.338640332220687,0.45195119986446114,0.034293502105440674,0.048227355481229646
2024-06-13 23:00:00,0.4801,0.4747,0.4797,0.33878396859266974,-0.09317963942376478,-0.003949413828658654,0.9259242112514587,-0.07845400107398474,0.49831638024355673,0.007418681399368954,0.04332885626640791
2024-06-14 03:00:00,0.4814,0.4776,0.4782,-0.3624987795192185,-0.09296480588950187,0.004709914165875961,0.1578943213307318,-0.43039951372754726,0.47748803814319585,0.03934194771813734,0.03988043923016712
2024-06-14 07:00:00,0.4801,0.4764,0.4774,0.805728570371432,-0.0927514515202841,-0.0030256336400706907,0.27026953981205215,0.13817101196396284,0.4857961368717228,0.018737956486523065,0.04114469569697469
2024-06-14 11:00:00,0.4808,0.4755,0.478,0.5076292576456447,-0.09253955941940552,-0.000272703775249572,0.4716972232127844,-0.0970731739795392,0.45087548995179766,0.016886514285671048,0.042684386165046724
2024-06-14 15:00:00,0.4784,0.4601,0.468,2.706915653144592,-0.09232911295915697,-0.0204571798571086,0.43169375317281383,2.174525351120749,0.4472090591572583,0.0,0.05274380442545172
2024-06-14 19:00:00,0.4789,0.4666,0.4748,-0.31573657817047496,-0.09212009577534419,0.007958395819440911,0.6666661246616873,-0.030805030327324956,0.5189492334180994,0.04715966835967253,0.0542093435548959
2024-06-14 23:00:00,0.4766,0.4729,0.4756,-0.8508396900292015,-0.09191249176194297,0.0055884172544433675,0.7297277574925498,-0.6742225513054293,0.43926537295865714,0.08053892329274502,0.05565785783272049
2024-06-15 03:00:00,0.4793,0.4755,0.4787,-0.8977876157363722,-0.09170628506588584,0.0062889361749816075,0.8421030470972484,-0.7153347467992405,0.4989672008031198,0.11831225244890647,0.05558483126033538
2024-06-15 07:00:00,0.4807,0.4784,0.4803,-0.8937599960316208,-0.09170628506588584,0.0033369382328534147,0.8260833648549323,-0.6880591344953517,0.46863804821139016,0.13848100053707746,0.05545259979402107
2024-06-15 11:00:00,0.4839,0.4792,0.4834,-0.7724159241305484,-0.09170628506588584,0.004266399412192534,0.8936151199678294,-0.5264071249720699,0.5061571691138766,0.16435354165340718,0.055046224368506584
2024-06-15 15:00:00,0.4878,0.4829,0.4877,-0.6537041894015929,-0.09170628506588557,0.008412935767669882,0.9795898375717624,-0.302808708284353,0.4729881689403956,0.21558940757077616,0.05528760427863682
2024-06-15 19:00:00,0.5053,0.4865,0.4923,1.080133897383236,-0.09170628506588557,0.01904189518986299,0.30851047419655797,1.6942750793058392,0.529938965236639,0.3325326377977054,0.05126004759852036
2024-06-15 23:00:00,0.493,0.4878,0.4901,-0.40392373982731294,-0.09170628506588557,-0.010321625919515798,0.4423068417176076,-0.3371384632254978,0.5036600383843198,0.26793672050296385,0.05091430476276424
2024-06-16 03:00:00,0.4917,0.4881,0.4891,-0.7195958527116383,-0.09170628506588584,0.0007199046992145686,0.2777770061749794,-0.5754461183262415,0.457762526034347,0.27239560316214245,0.049840177074088825
2024-06-16 07:00:00,0.4997,0.4883,0.4982,-0.292439526439368,-0.09864181832351133,0.008501673895381812,0.8684202908593934,-0.08147191054766327,0.5215782894858806,0.3250904341176611,0.05643751067632837
2024-06-16 11:00:00,0.4985,0.4891,0.4894,-0.15567742053809078,-0.10565850867093336,-0.0014218295841771367,0.03191485966504523,0.03864660404450496,0.43679947339408337,0.3162027677568428,0.058694582552947544
2024-06-16 15:00:00,0.4913,0.4878,0.4892,-0.8910208596516617,-0.10565850867093336,-0.007715217321131451,0.3999988571461256,-0.6525711275556737,0.43996800858338186,0.26804454755637275,0.05915574713408774
2024-06-16 19:00:00,0.4914,0.488,0.4893,-0.6809908207313757,-0.10565850867093336,3.226642839804228e-06,0.3823518166123094,-0.561715108819792,0.5212376626416841,0.26806453280204556,0.05998953535607465
2024-06-16 23:00:00,0.4912,0.4842,0.4869,-0.10821607822497757,-0.10870835741695786,-0.004567437821092035,0.3857137346946616,-0.11442072272788877,0.46626294944538393,0.23977455277866655,0.060689026240382554
2024-06-17 03:00:00,0.4946,0.4858,0.4862,0.2815548588884464,-0.11176709841771539,0.004351679870008951,0.04545449380171302,0.09627953701769455,0.45037217246219396,0.2666050535928612,0.06049161846288078
2024-06-17 07:00:00,0.5043,0.4838,0.4987,3.833490121534657,-0.11774292950560936,0.012928510092507395,0.726828913741993,4.046813827898667,0.46029848782651994,0.34666331034043396,0.06429855326466283
2024-06-17 11:00:00,0.5213,0.4965,0.5143,2.960987435138255,-0.1237733623774042,0.023619172353769313,0.7177416460719165,3.6942154754324115,0.4985455115635414,0.49481312781608816,0.07977159699980246
2024-06-17 15:00:00,0.5203,0.4945,0.5173,1.6637688117651612,-0.7761306518304826,0.008412923551361695,0.8837205877051983,3.5119103486552934,0.46808558037821635,0.5488290505697627,0.09377752857349426
2024-06-17 19:00:00,0.5192,0.5055,0.5069,-0.058852612149418816,-0.7721908086876552,0.0023425432275210323,0.10218970643087583,0.7342647264145971,0.46932840446067553,0.5639960920207598,0.09896389209037174
2024-06-17 23:00:00,0.5081,0.469,0.4907,3.4127630336671246,-0.11760299477365802,-0.04338397049115961,0.5549870703357886,4.940118298326717,0.4967781799599384,0.28244402518156675,0.0932667406927269
2024-06-18 03:00:00,0.4952,0.4871,0.4891,0.5827792841324912,-0.11760299477365802,0.0007222349875157796,0.2469132754157097,0.6636828549197348,0.4822353992097981,0.28692781865929584,0.08839166869595214
2024-06-18 07:00:00,0.5096,0.4891,0.4978,2.2083991155224805,-0.3039421728896837,0.016856947869714922,0.42439003688290927,2.4526969615889027,0.473820393823372,0.3916550375836168,0.08190695557910851
2024-06-18 11:00:00,0.4982,0.4821,0.4834,1.4471572363471927,-0.31168573674082706,-0.015298540496122559,0.08074529146255331,2.66334678108536,0.4429556647971585,0.2950075679941554,0.08193327064807288
2024-06-18 15:00:00,0.4878,0.4772,0.4799,0.18725336138885637,-0.13090519914696122,-0.019678611000913726,0.2547167408332615,1.024329179438287,0.5034007831218481,0.17259119443227341,0.08275920949474674
2024-06-18 19:00:00,0.4916,0.4763,0.4912,-0.12192860519638872,-0.13090519914696122,0.0032860226495750045,0.9738555726434194,0.5769669995943679,0.4996590407447102,0.19263056609097892,0.07884727962477017
2024-06-18 23:00:00,0.4971,0.4892,0.4948,-0.09764245404140226,-2.6845145653015057,0.02074196013265217,0.7088598622027087,0.11738709314015844,0.4859583792560608,0.3195383044211632,0.07754876459672524
2024-06-19 03:00:00,0.4976,0.4904,0.4913,-0.05842653960941961,-2.6311278734177246,-0.00010228489606156632,0.12499982638913194,-0.03129716542288773,0.4625603358729523,0.31889950312989584,0.07818671471002138
2024-06-19 07:00:00,0.496,0.4868,0.4937,0.6735271449988792,-0.11598132260874655,-0.004403561584149562,0.7499991847834978,0.5493795802528135,0.49744461982445626,0.29140069140954394,0.0775055195178107
2024-06-19 11:00:00,0.4959,0.4902,0.4915,-0.2520627478914864,-0.12813108510271695,0.0031818542229360425,0.2280697753161787,0.018097408901144932,0.4266347955897393,0.31118284028606547,0.07746136912367993
2024-06-19 15:00:00,0.4996,0.4912,0.4968,-0.5927388447964713,-0.13174772737799664,0.0040565771798233285,0.66666587301682,-0.3710488282169778,0.46190689020712733,0.336483543871091,0.07641370691479196
2024-06-19 19:00:00,0.498,0.492,0.4932,-0.5186515269563531,-0.13537894359727362,-0.0005912510749138677,0.19999966666722777,-0.3420699528565246,0.4167407872158465,0.3327809763764838,0.07650603631784508
2024-06-19 23:00:00,0.4981,0.4914,0.493,0.03974186540896379,-0.13537894359727362,-0.0015678827446132804,0.23880561372296372,-0.12990098965519953,0.5002845953825698,0.3229682933964471,0.07600106771535245
2024-06-20 03:00:00,0.4972,0.4923,0.4937,-0.3018715176969617,-0.13537894359727362,0.001078174465209747,0.28571370262510154,-0.28334592209008996,0.4705047405828298,0.32970552958291466,0.07530816852348943
2024-06-20 07:00:00,0.5023,0.4937,0.4996,1.4213715562681386,-2.3380069025640977,0.0066715851141887494,0.6860457139003329,0.8754285310847492,0.5134326363611532,0.37143950487017435,0.07349911659340598
2024-06-20 11:00:00,0.5022,0.492,0.4949,0.5252070069646128,-2.300289570632452,-0.0007056507474114682,0.2843134467515245,0.5257080274860078,0.4608455114584628,0.36699587027181685,0.07222678914345998
2024-06-20 15:00:00,0.4976,0.4883,0.4918,-0.08113207076746727,-0.11257577250183991,-0.010641688951213868,0.37634368135088164,0.13362327558338724,0.45528579556480986,0.3000301528449046,0.07273740443819252
2024-06-20 19:00:00,0.4924,0.4889,0.4892,-0.9078544563081548,-0.11257577250184017,-0.0035791135622229575,0.08571404081703259,-0.6542946375878096,0.5009015948622207,0.27774728677033483,0.06393128663496438
2024-06-20 23:00:00,0.491,0.4866,0.4888,-0.5164331389130123,-1.5985406487532239,-0.0030462754605531384,0.4999988636389526,-0.4808354986583322,0.5144180662932314,0.258849647002607,0.04615854525475793
2024-06-21 03:00:00,0.4913,0.4876,0.4911,-0.5344900976187366,-1.5829051117979236,0.001667397599402154,0.9459433893421825,-0.41436146041515665,0.597815269471274,0.26916187641788564,0.03683900979785969
2024-06-21 07:00:00,0.4937,0.4844,0.4913,1.504170401214301,-2.1079385741945575,-0.0007235885514865759,0.7419346860917349,1.2100624439957692,0.4857951432707007,0.2646792905284321,0.03677907821598237
2024-06-21 11:00:00,0.4959,0.4831,0.4919,0.6561554883258721,-2.089763946371944,0.00052497402617524,0.6874994628910451,0.6058411397345559,0.4826052671268281,0.2679291185955956,0.036367631227533975
2024-06-21 15:00:00,0.493,0.4797,0.4844,0.2018273107346744,-1.3369754125717497,-0.009753446963675638,0.35338319294496695,0.4524238306942352,0.49487334559899904,0.20751914738160743,0.03758896570957595
2024-06-21 19:00:00,0.4928,0.4834,0.4901,-0.68226725157361,-1.3358929236415789,0.006523638216697103,0.7127651991859552,-0.23744598765130157,0.493672697324112,0.24753054387982928,0.03405595359128134
2024-06-21 23:00:00,0.4904,0.4877,0.488,-0.980583316773718,-1.0392155711108149,0.0017388794815937914,0.1111106995899901,-0.6903409916672694,0.39904346647099154,0.25826517939761096,0.026821768145226327
2024-06-22 03:00:00,0.4887,0.4867,0.4874,-0.9297875570902272,-1.0324761795074964,-0.002710329213426066,0.34999825000873885,-0.6304726141326376,0.3789266161850627,0.24150439281264158,0.028138304631154704
2024-06-22 07:00:00,0.4875,0.4841,0.4856,-0.8411479520295896,-0.07940595014951152,-0.0036214974763638663,0.44117517301419557,-0.5273637627554975,0.4657298856650499,0.21916960361066157,0.02982128918451804
2024-06-22 11:00:00,0.4879,0.4852,0.4868,-0.9891970532536635,-0.08002578281245148,0.0016583340765636834,0.5925903978133422,-0.7231858704127082,0.496673151900922,0.22935997576496955,0.030909075643751404
2024-06-22 15:00:00,0.4877,0.485,0.4874,-1.000467461997077,-0.09140926091449751,-0.0005700208682901664,0.8888855967200053,-0.7599726259825366,0.4544478785910279,0.2258514199968191,0.031182331324703067
2024-06-22 19:00:00,0.488,0.4865,0.4873,-1.1112255955537966,-0.09135781103807383,0.002250194870087263,0.5333297778014962,-0.843650168757868,0.46864264732728084,0.23969377972889908,0.03181286058948602
2024-06-22 23:00:00,0.4885,0.4861,0.4881,-1.043574063652121,-0.07992298285770434,0.00012595489410660576,0.8333298611255748,-0.8210332349795705,0.4683665750270955,0.2404703507811993,0.029707034076477203
2024-06-23 03:00:00,0.4892,0.4874,0.4881,-1.0253822854717334,-0.07992298285770434,0.0017881235050201116,0.3888867284070473,-0.8609052882157867,0.4724767769172209,0.25149636023781724,0.029342219301228323
2024-06-23 07:00:00,0.4887,0.4844,0.4856,-0.958334115574601,-0.17971029871274616,-0.001934841451696756,0.279069118443904,-0.7323389647068831,0.4020131956476914,0.23954431824543576,0.029884929316215315
2024-06-23 11:00:00,0.4864,0.4818,0.4832,-0.8240396481670638,-0.17925237763344004,-0.0053624989267803125,0.3043471644626891,-0.5690576104765502,0.4727342842494068,0.2064827963978553,0.031077562367973925
2024-06-23 15:00:00,0.484,0.4801,0.4826,-0.772792014743043,-2.305839544728155,-0.005446574386980152,0.6410239973743588,-0.5291497360824293,0.4430999761067683,0.17308299447264508,0.025719613917868065
2024-06-23 19:00:00,0.4826,0.4742,0.4799,-0.559808565169459,-2.2721534244107042,-0.0057203608617295565,0.678570620749262,-0.23807207521772417,0.46112507811568404,0.13819532203799287,0.02670934836577216
2024-06-23 23:00:00,0.4806,0.4722,0.4753,0.021866793492622005,-1.1811458139351454,-0.003722501297786396,0.36904717970573664,0.17995346051392225,0.4500469626106257,0.11562218213140203,0.033967719500349644
2024-06-24 03:00:00,0.4786,0.4679,0.4748,0.152407282079283,-1.1724842699715807,-0.010181092497310584,0.6448592104119519,0.44657421560428495,0.45522825650327925,0.0541141517338602,0.04016118312772458
2024-06-24 07:00:00,0.4786,0.4635,0.4772,1.6537895407784775,-2.096599612300534,0.0021882941750857032,0.9072841673614778,1.490534282222524,0.4457834389961712,0.0671999098095781,0.04265408831801859
2024-06-24 11:00:00,0.4825,0.4747,0.48,-0.09850120203038688,-2.099968333081282,0.010176278612413325,0.6794863083508854,-0.0179318134500776,0.4669861009775571,0.12818609907902384,0.041902402441331824
2024-06-24 15:00:00,0.4804,0.4691,0.4719,0.35581361805099143,-0.055790587128052155,-0.009909606456454556,0.2477873913385895,0.5626392595330497,0.46213049323925265,0.06819372039447519,0.0469853291904362
2024-06-24 19:00:00,0.4736,0.462,0.4723,-0.02479568810180801,-0.059372711549764576,-0.011812585404481935,0.8879302690256281,0.3054299082314954,0.48900597265037615,0.0,0.04878509064450472
2024-06-24 23:00:00,0.4765,0.4721,0.4754,-0.7196773266003393,-0.06346971849005678,0.013427378039473803,0.7499982954584195,-0.5039551730807653,0.486768695978955,0.0793254936934842,0.05028375851249161
2024-06-25 03:00:00,0.4794,0.4752,0.4757,-0.5268939430043597,-0.06758469018651722,0.006376041231192842,0.11904733560158254,-0.3500701607589598,0.4748424816087587,0.11749928692337325,0.04927209350065008
2024-06-25 07:00:00,0.4793,0.4731,0.4747,0.9421762072324311,-0.06874097577734577,-0.004833253809516491,0.2580640998966122,0.5383274970195056,0.4457425936709312,0.08837776346054542,0.04932301403079373
2024-06-25 11:00:00,0.4802,0.4742,0.4784,-0.21291802431611379,-0.06989787589355038,0.00270482680925177,0.6999988333352741,-0.18574045800546293,0.47125211353976654,0.10459623066044955,0.04745753226809534
2024-06-25 15:00:00,0.4791,0.4739,0.4784,-0.41585048501928396,-0.06989787589355038,0.0009121239158951244,0.8653829511866268,-0.18840772449899992,0.4661886287039072,0.11008022872847813,0.04651879887854355
2024-06-25 19:00:00,0.4794,0.4754,0.4757,-0.9017878483876869,-0.0698978758935509,0.0009601888514301216,0.0749998125004743,-0.6884343065896086,0.47454698756037395,0.11585847515021133,0.045554866420725204
2024-06-25 23:00:00,0.4783,0.4742,0.4757,-0.31273451325308455,-0.07840064507623681,-0.0032829799170963625,0.36585276621276636,-0.42842245957596053,0.5548890236274076,0.09608311368348743,0.04335862174666045
2024-06-26 03:00:00,0.4762,0.4729,0.4737,-0.687462461615777,-0.08704628415024251,-0.0028288146468937736,0.2424235078075572,-0.6207868126399767,0.4962036379097424,0.07909940347381271,0.04134715931048003
2024-06-26 07:00:00,0.478,0.4708,0.4712,0.6515211290350149,-0.49758042431138666,-0.0026399123902360877,0.05555547839517061,0.006361244539813058,0.43520187437171853,0.06329466500328455,0.03879480576392782
2024-06-26 11:00:00,0.4761,0.469,0.4718,0.4129076922724996,-0.5152245693031432,0.0007115412938281107,0.39436564173853345,0.07780499209092874,0.4590797672970501,0.06754330460781659,0.03387570144533915
2024-06-26 15:00:00,0.472,0.4652,0.4692,-0.38305006245217765,-0.11821788277422605,-0.010393140845901594,0.588234429067019,-0.0777502389557122,0.5183919653086653,0.005441316263508933,0.03190475159550376
2024-06-26 19:00:00,0.4726,0.4688,0.4713,-0.8829546864915874,-0.12721223843685706,0.004858549369055609,0.6578930055447184,-0.6259485391405113,0.4500677133421035,0.034170812409412804,0.029260021171632164
2024-06-26 23:00:00,0.4713,0.4675,0.4694,-0.4972157541765582,-0.12721223843685706,-0.0033896198271911038,0.49999868421398164,-0.3610297584417377,0.47435567309817234,0.014029984783330134,0.027479674673269377
2024-06-27 03:00:00,0.4706,0.4662,0.4664,-0.8129671750069201,-0.12721223843685706,-0.0028737895628254684,0.04545444214898996,-0.6377144142580539,0.4726004142273181,0.0,0.029684344580582365
2024-06-27 07:00:00,0.471,0.4657,0.4685,0.8167697004102296,-0.9341339188736965,2.9426699870604978e-05,0.5283008899983282,0.25837180603359094,0.4844051897783171,0.00017323981327237216,0.031145922650679725
2024-06-27 11:00:00,0.4771,0.4684,0.4728,0.7285327129908707,-0.9287367371208775,0.011289191364558304,0.505746545118913,0.5805090563580457,0.4856921631526471,0.06663651851888557,0.030797897681746678
2024-06-27 15:00:00,0.475,0.4715,0.474,-0.5600786636276096,-0.11949872194014033,-0.0006904021262233995,0.7142836734752187,-0.3603959602068,0.4494527058236654,0.06252600186084392,0.029850642671334415
2024-06-27 19:00:00,0.4759,0.4731,0.4758,-1.0073087303560253,-0.11949872194014033,0.0037664634724872137,0.9642822704204663,-0.6544159259682979,0.5025822279918667,0.08493529258529475,0.02716798856003663
2024-06-27 23:00:00,0.4781,0.4743,0.4744,-0.46469047756064563,-0.11949872194014033,0.002236404151046978,0.026315720221785816,-0.3495894485885244,0.46725387342272384,0.10760082256665708,0.027238721388251688
2024-06-28 03:00:00,0.4779,0.474,0.4768,-0.6083794445015815,-0.11949872194014007,0.0015140543121110461,0.7179468770592933,-0.35606805393962887,0.4877321916292394,0.11752144866291853,0.027828392537178587
2024-06-28 07:00:00,0.481,0.4747,0.4804,0.7613145028303184,-0.11949872194014033,0.002117476877740998,0.904760468634178,0.5937790289031741,0.4770887528590358,0.13141692221527576,0.030333534463478286
2024-06-28 11:00:00,0.4811,0.4768,0.4791,0.12563481590038966,-0.11949872194014033,0.00381304622672185,0.5348824770174977,0.4060792875505933,0.4481716869910167,0.15649217858577702,0.031858022602438654
2024-06-28 15:00:00,0.4792,0.4703,0.4739,0.061006201128505216,-0.11949872194014033,-0.010012687920446295,0.40449392753491115,0.3674808341614241,0.45823103628696277,0.09039592749780877,0.03216705330432187
2024-06-28 19:00:00,0.4758,0.4692,0.4717,-0.7823785265509523,-0.11949872194014033,-0.004043196937328797,0.37878730486772055,-0.4326274854682975,0.4247280734346067,0.06397301591320148,0.031221576421103472
2024-06-28 23:00:00,0.4748,0.4712,0.4742,-1.0701761936930654,-0.11949872194014033,0.0008881552779460566,0.8333310185249512,-0.7496517191144785,0.49360667742475806,0.06975377911143053,0.0295544681538213
2024-06-29 03:00:00,0.4752,0.4739,0.4744,-1.1896655938596052,-0.11949872194014007,0.0031654048786609046,0.3846124260582545,-0.9024148162284253,0.4421626570880321,0.09037484431831116,0.029247034591240475
2024-06-29 07:00:00,0.4768,0.4743,0.4765,-1.1237059184294103,-0.11949872194014033,0.0029049277158736952,0.879996480014071,-0.8114429425014092,0.4672726457875033,0.10935893086168545,0.029406610672555233
2024-06-29 11:00:00,0.4768,0.4745,0.475,-1.005050611120761,-0.11949872194014033,-0.0005320444705487759,0.21739035917234933,-0.6998850343220356,0.41523231157151397,0.1058718495524823,0.02967044666709729
2024-06-29 15:00:00,0.4755,0.4735,0.475,-1.110247779600644,-0.11949872194014033,-0.002522489923762361,0.7499962500187499,-0.7906029265690544,0.4619459663304753,0.08934795348462644,0.0295098782232383
2024-06-29 19:00:00,0.4751,0.472,0.4722,-1.0845213679838146,-0.11949872194014033,-0.0015999619086484174,0.06451592091639397,-0.8176522478967038,0.4661486414677079,0.07889363394416651,0.02960638709921728
2024-06-29 23:00:00,0.4739,0.4701,0.4708,-0.9598233329435468,-0.11949872194014033,-0.003373931198846214,0.184210041552518,-0.7083470306886654,0.43553805137568086,0.056883284469158794,0.028950192123215618
2024-06-30 03:00:00,0.473,0.4706,0.4729,-1.0094524090517707,-0.11949872194014033,-0.0014295378550857052,0.9583293402944193,-0.8468689916788649,0.5447212367086384,0.047588943108673565,0.028491550688046992
2024-06-30 07:00:00,0.4754,0.4717,0.4724,-0.7834432370253938,-1.1317273058121267,0.006240874109668004,0.18918867786843332,-0.5223739595301955,0.43771334118347655,0.08810685879667005,0.02735266242197188
2024-06-30 11:00:00,0.474,0.472,0.4724,-0.9755072607353372,-1.1240079830427736,-0.0030770717169154027,0.19999900000500553,-0.7369437694066742,0.48241657065888494,0.06800476720975003,0.023225353585116515
2024-06-30 15:00:00,0.475,0.4722,0.4748,-0.9918170691312034,-0.10976558626156839,0.001220539518391961,0.9285681122567491,-0.7726758568682581,0.48075871616137433,0.07595385070785908,0.020209568514804845
2024-06-30 19:00:00,0.4784,0.4737,0.4769,-0.7355290076602348,-0.10976558626156839,0.0050071420274449,0.6808496152135831,-0.5007673068761096,0.45043812168496117,0.10860397764635121,0.020325136381732414
2024-06-30 23:00:00,0.4798,0.4755,0.478,-0.27327228318935426,-0.10976558626156839,0.003379935407229917,0.5813939967581441,-0.15957839404423743,0.5025753278031115,0.13075391552373294,0.021146717490731885
2024-07-01 03:00:00,0.4794,0.4768,0.4785,-0.6126665036418948,-0.10976558626156813,0.0013291302902040947,0.653843639062921,-0.5604393058706828,0.5076773924647572,0.13949362667694454,0.022135784548313747
2024-07-01 07:00:00,0.4823,0.4779,0.4797,0.17644723156142103,-0.10976558626156839,0.004039165335816275,0.4090899793409601,0.43788388942745765,0.4729932319046899,0.16608850485243787,0.02369271434644355
2024-07-01 11:00:00,0.4849,0.479,0.4805,0.47494771488605525,-0.10976558626156839,0.002310233799904138,0.25423685722566525,0.5627024330243963,0.44989681130516346,0.18136110431688224,0.02545463624219225
2024-07-01 15:00:00,0.4827,0.477,0.4777,-0.45668907880425985,-0.10976558626156839,-0.0038834312382135527,0.12280680209333479,-0.04839985217656322,0.39925658223729377,0.15562902905001708,0.024140666602680518
2024-07-01 19:00:00,0.479,0.4754,0.4775,-0.7556393410530795,-0.10976558626156839,-0.004086467910273228,0.5833317129674627,-0.5020501414142259,0.5053579274657798,0.12865676204998247,0.023402687768180403
2024-07-01 23:00:00,0.4785,0.476,0.4776,-0.6314868630135727,-0.4579758515768452,-0.0006710535667964201,0.6399974400102577,-0.5900301039029311,0.4906067697979326,0.12424564908596036,0.02363448923284227
2024-07-02 03:00:00,0.4808,0.4774,0.4795,-0.593077597496246,-0.4562121754320475,0.004745727208867789,0.6176452422198706,-0.5536655312835563,0.5093990436427716,0.15542034519898418,0.023504403452322825
2024-07-02 07:00:00,0.4889,0.4781,0.4863,1.3154201834758132,-0.1065461289362612,0.005844200497707508,0.7592585562420778,0.8879589588599007,0.4966973417954255,0.19923370058624557,0.029872473098201645
2024-07-02 11:00:00,0.4889,0.483,0.4844,0.21240592295021085,-0.1065461289362612,0.00859822399215493,0.2372877334106228,0.12336811413508518,0.4467938742768554,0.2588381151208209,0.033084943018291416
2024-07-02 15:00:00,0.4858,0.4809,0.4835,-0.39806209553590194,-0.1065461289362612,-0.006205017758501352,0.5306111620180333,-0.2550856445344751,0.444178207771165,0.2160056498789484,0.03528018391379612
2024-07-02 19:00:00,0.486,0.4828,0.4849,-0.8603552240975565,-0.1065461289362612,0.0019009759195103282,0.6562479492251597,-0.6686176708090573,0.5251298651917643,0.22904642654986532,0.03754066716407492
2024-07-02 23:00:00,0.487,0.4823,0.4836,0.0029572383852384306,-0.1065461289362612,0.0016276102524916958,0.276595156180513,0.0016647355232690846,0.5132443807361061,0.24023312827470464,0.03870427645741549
2024-07-03 03:00:00,0.4836,0.4771,0.4798,-0.4105231856298497,-0.1065461289362612,-0.01006672830301003,0.41538397633234425,-0.20461428306618873,0.4011641800251043,0.17093104716290747,0.0372649571887632
2024-07-03 07:00:00,0.4875,0.4791,0.484,1.6123500865468674,-0.1065461289362612,0.005783614155662642,0.5833326388897134,1.1049392781594143,0.4999999747250139,0.21034619522430895,0.03494141779686755
2024-07-03 11:00:00,0.4841,0.4727,0.4728,0.7638206853715217,-0.1065461289362612,-0.009773138885768362,0.008771922129891929,0.7374888994761404,0.39654236276086097,0.1433573522366736,0.0358363946147313
2024-07-03 15:00:00,0.4744,0.4657,0.4671,0.17742084577932446,-0.1065461289362612,-0.018503728817354292,0.1609193552651106,0.7214084166266544,0.44751279620398543,0.017765240109020565,0.04121428453341724
2024-07-03 19:00:00,0.4677,0.4611,0.4669,-0.4344125720657234,-0.10654612893626146,-0.010397272702401983,0.8787865472931066,0.19198149103274384,0.48887625146516955,0.0,0.045721677043404095
2024-07-03 23:00:00,0.4697,0.445,0.4589,1.5046230218370589,-1.4954616157695548,-0.012074176711105333,0.5627528086021004,1.721790254645522,0.4955928071682964,0.0,0.06016906415874634
2024-07-04 03:00:00,0.4605,0.4553,0.4574,-0.19621278675956474,-1.4804721406050305,-0.0014902217458112599,0.4038453772204237,-0.25787770897154494,0.42210797144027196,0.0,0.072497388032257
2024-07-04 07:00:00,0.4596,0.4481,0.4534,1.533110449152535,-0.8614318234260047,-0.012971633446012043,0.46086916446159804,1.029321430337162,0.4653956639344351,0.0,0.08653554091637689
2024-07-04 11:00:00,0.4541,0.438,0.4456,1.639824633657704,-0.8565666250732253,-0.012714230711435404,0.4720493962426106,1.6624586397939118,0.47160822758676174,0.0,0.1064543712383523
2024-07-04 15:00:00,0.4461,0.4368,0.4397,0.27439259084880596,-0.08265832340786072,-0.010304581716809702,0.3118276216907257,0.7237968303248676,0.4663404465204313,0.0,0.12764121670577364
2024-07-04 19:00:00,0.4472,0.4392,0.4444,-0.5832412595294204,-0.08265832340786072,0.0038846057261849865,0.6499991875010198,-0.22170451965157978,0.5175824041104152,0.0194521058163033,0.13648681822041298
2024-07-04 23:00:00,0.4446,0.392,0.3982,3.7370301127575765,-2.737619292053277,-0.04626359758424248,0.11787070002458147,5.0,0.4722181285289915,0.0,0.22090430270512432
2024-07-05 03:00:00,0.4073,0.3823,0.3994,4.432104676056481,-2.695335894320149,-0.0595232409307197,0.683999726400109,5.0,0.49318369247622995,0.0,0.2642721898415569
2024-07-05 07:00:00,0.4123,0.3969,0.412,2.066623754410776,-3.257321188517917,0.015251215405642338,0.9805188438189312,1.6490734668422258,0.47508675184648663,0.04589135422090295,0.2756845854325171
2024-07-05 11:00:00,0.423,0.411,0.4195,1.1262844087426338,-3.1687095822613958,0.03174399103022174,0.7083327430560474,1.372781925616612,0.4762149396112139,0.14286672849262355,0.2792027739120083
2024-07-05 15:00:00,0.4277,0.4185,0.4271,0.2925146646801788,-3.030229442771027,0.017279097787301412,0.9347815926286991,0.8510014684670134,0.4734886172026549,0.19732864841628817,0.27214372378708607
2024-07-05 19:00:00,0.4273,0.4229,0.425,-0.6350483484686009,-2.956735347497333,0.0032748354083775855,0.477271642564445,-0.34518001670525283,0.44450135735741053,0.2102094079325223,0.27037725854728406
2024-07-05 23:00:00,0.432,0.4235,0.427,-0.26217387294967,-0.5845318692428189,0.004082313810058968,0.4117642214538571,0.1510637558577823,0.4543702635669168,0.22349204882981782,0.26272986802567605
2024-07-06 03:00:00,0.4331,0.426,0.4315,-0.6173324864759495,-0.5777911618845332,0.0034442891878951887,0.7746467962721192,-0.2972916816977306,0.4648204494032814,0.23474449569889064,0.2483984107067959
2024-07-06 07:00:00,0.4346,0.4304,0.4342,-0.6166076111704221,-0.34358351427010014,0.010459887100797038,0.9047597505720193,-0.3768682920597185,0.49376774588612493,0.2690345067647089,0.23261497790505764
2024-07-06 11:00:00,0.4373,0.4332,0.4357,-0.522621843151751,-0.34061782203161406,0.005060484009091093,0.6097546103546023,-0.2932996664067825,0.47708127137744094,0.2857975074530212,0.2173027133510595
2024-07-06 15:00:00,0.4476,0.4357,0.4472,-0.031245375762244957,-1.191198653536141,0.017837530839409643,0.9663857425329886,0.13300949415752014,0.518856372923778,0.3451838584945327,0.19131410524891024
2024-07-06 19:00:00,0.4497,0.4457,0.4491,-0.6790399548363996,-1.1818946460865232,0.01203157768599783,0.8499978750053153,-0.3728361180154483,0.48244913192141536,0.3859550068915349,0.1779396936024641
2024-07-06 23:00:00,0.4496,0.4435,0.4464,-0.5749627638009536,-0.6850793213284948,-0.003421635283359925,0.4754090567064671,-0.4072365766591978,0.4364064253330772,0.3742206810370897,0.16880387778700867
2024-07-07 03:00:00,0.4465,0.4388,0.4411,-0.4810086718978143,-0.6780930887879033,-0.010406113487912316,0.2987009107780345,-0.22762185635306853,0.3669187873952899,0.33865554771906686,0.1581266700058142
2024-07-07 07:00:00,0.4413,0.433,0.4338,-0.21089414073502216,0.08438173949588475,-0.012208952450140753,0.09638542604165778,0.08878759796720313,0.4927528951088547,0.29736303711157863,0.15192478823254688
2024-07-07 11:00:00,0.4359,0.4217,0.4254,-0.2352973154219171,0.08438173949588475,-0.0167612409625445,0.26056319678648,0.3008846445021802,0.48090327899714963,0.2413661168572002,0.14620669828448535
2024-07-07 15:00:00,0.4334,0.4248,0.4304,-0.3568047115145197,-2.2326341879030873,-0.00013263016277687,0.6511620335325187,0.017398672093747108,0.5367240106516177,0.24093044524263948,0.1365547840516823
2024-07-07 19:00:00,0.4314,0.4201,0.4206,-0.5225446460719556,-2.197592396743388,-0.007600860641856388,0.044247748453319864,-0.19779331971595707,0.46946635803980896,0.2159659880140779,0.13707968055739564
2024-07-07 23:00:00,0.4234,0.4032,0.4149,1.7535466443208099,-1.2243316121555121,-0.0330899594181967,0.5792076340556261,2.2112347822838205,0.4633062118952548,0.1081105686868254,0.14023608118505348
2024-07-08 03:00:00,0.4232,0.4119,0.421,0.7285099754138626,-1.2143548233821726,0.01693020709393367,0.8053090218504205,0.6547614454756157,0.44625717459538583,0.16146789725200208,0.134005527355781
2024-07-08 07:00:00,0.44,0.4195,0.4321,1.946912838513589,-3.0085378045699245,0.025944529463269417,0.6146338465200742,1.6214925705543823,0.45764656263208786,0.24461914177448488,0.11476745363292659
2024-07-08 11:00:00,0.4438,0.4209,0.4306,2.395469871859068,-2.9359363249262183,0.008861529983844596,0.4235806010565059,2.4289530028107875,0.4796796192730915,0.27375686048693015,0.09575142851492459
2024-07-08 15:00:00,0.4347,0.4208,0.4303,0.6413550599610263,0.15344312663651322,-0.013759465352920386,0.6834527457174513,0.9938712410335407,0.5041320076240615,0.22811325363979335,0.08714086957451797
2024-07-08 19:00:00,0.4326,0.4271,0.4314,-0.39636930090188804,0.1691840793270133,0.005847098164757369,0.781816760333167,-0.272579634232703,0.47960031544991305,0.24724266604819928,0.0831234760439879
2024-07-08 23:00:00,0.4341,0.427,0.4339,0.02020186313501532,0.18468790284270786,0.00042592019577591955,0.9718296171413874,-0.06977914581226351,0.478094783846512,0.2486442575183867,0.08212398380199888
2024-07-09 03:00:00,0.4368,0.4313,0.4345,-0.03481746077891372,0.20089971916144944,0.009586312810188513,0.5818171239688614,-0.2113530289044014,0.48767972202798926,0.2802037306368645,0.08067303821027483
2024-07-09 07:00:00,0.4398,0.4315,0.4356,1.2806350487429907,-1.9034001556478413,0.0006863794998543948,0.49397530846348114,0.29883860679304736,0.460220474638467,0.28248504905016025,0.07976904134421628
2024-07-09 11:00:00,0.436,0.4306,0.4309,0.17634755028816562,-1.8786238366179877,-0.002811912804754124,0.055555452675091634,-0.03161061191801971,0.45592739411190947,0.27313268422336523,0.08069882225734486
2024-07-09 15:00:00,0.4364,0.4277,0.435,-0.24177451321745488,0.22206222541347614,-0.0023698991667057134,0.8390794953109233,-0.11856639197403228,0.4478215725187429,0.2652726119328786,0.08001055298529623
2024-07-09 19:00:00,0.4376,0.434,0.4355,-0.6396344082203513,0.2245292897936682,0.007945105989774603,0.4166655092624756,-0.600487634390697,0.509153257845785,0.2915611183059725,0.07988968621076736
2024-07-09 23:00:00,0.4366,0.4317,0.4347,-0.005577012758414158,-0.7167605416338071,-0.004944928786913327,0.6122436484823487,-0.38055790150402263,0.4874277293794442,0.27506950516728085,0.07405182420153379
2024-07-10 03:00:00,0.4413,0.4341,0.4399,0.22713540911525712,-0.7116986695635662,0.011323103195463258,0.8055544367299483,0.07129064880281143,0.45544570404358603,0.31264594924566474,0.06606296090978028
2024-07-10 07:00:00,0.4426,0.4366,0.442,0.9621413770534448,0.23278396409402868,0.0016090342414130099,0.8999985000025018,0.010036295992400439,0.5161213749575209,0.31804609434460546,0.06206615573862668
2024-07-10 11:00:00,0.4426,0.431,0.4329,0.5274731106283941,0.23278396409402868,-0.0038213186359719042,0.16379296224744747,0.42307275093205793,0.45021377664728035,0.30520057615773355,0.06007247715816708
2024-07-10 15:00:00,0.4366,0.4312,0.4361,-0.2506531757999722,0.24506350517182107,-0.010113948125511252,0.9074057270264306,-0.09500718013944733,0.44354585163860266,0.2713320466303206,0.06024716491178645
2024-07-10 19:00:00,0.4389,0.435,0.4383,-0.758257893641616,0.2577098957956835,0.00896056552352209,0.846151676534166,-0.6618746196292993,0.46850677109184435,0.301034768198217,0.060079034315290276
2024-07-10 23:00:00,0.4434,0.4373,0.441,-0.10690996889995605,-2.122358621727005,0.005622375841116245,0.6065563826944521,-0.3175303777088754,0.49483852671038253,0.31983896944440393,0.06227354277408561
2024-07-11 03:00:00,0.4464,0.4363,0.4447,0.1325014549890494,-2.097786036512421,0.006677899537112841,0.831682344868962,0.06584698556934225,0.533041719811814,0.342298973281232,0.06089779505151204
2024-07-11 07:00:00,0.4472,0.4442,0.4455,0.4038434651198567,0.2895957909300218,0.00676516422774931,0.4333318888937111,-0.033679886744983144,0.5233367656051678,0.3652044229979805,0.050703665137050394
2024-07-11 11:00:00,0.4573,0.4452,0.4482,1.4532346931740554,0.2895957909300218,0.009762160848516332,0.24793367939365363,1.2851370082766667,0.5157462500792798,0.39848069136435477,0.047184935295569386
2024-07-11 15:00:00,0.4503,0.4386,0.4498,0.4611398229523302,0.289595790930022,-0.01313785654059929,0.9572641390904794,0.6648794874809445,0.49813570760438525,0.3532605134744687,0.05270908307480443
2024-07-11 19:00:00,0.4499,0.4448,0.4477,-0.5995886058018012,0.2895957909300218,0.006782980954815221,0.5686263360267894,-0.2773757642939082,0.4692039001448313,0.37630063886998116,0.05453698084477128
2024-07-11 23:00:00,0.4531,0.4445,0.452,0.18898513193514355,0.2895957909300218,0.005454416848699628,0.8720920091953392,0.31073437968939494,0.541176969217126,0.394953627762722,0.057565171969443746
2024-07-12 03:00:00,0.46,0.4483,0.4572,0.2261668981271084,0.2895957909300218,0.01177258758716504,0.7606831105272548,0.32729715551386473,0.5647081647907121,0.43543306095292117,0.0640833844181667
2024-07-12 07:00:00,0.478,0.454,0.4709,3.3384781227417615,-0.4934182471615104,0.021938895624964427,0.7041663732640109,3.9190096623552675,0.5047285390064439,0.5117568922870809,0.08294302943252119
2024-07-12 11:00:00,0.4743,0.4623,0.4632,0.9339043780767365,-0.4897374339982113,0.008601259831936714,0.07499993750005302,1.5552961874081461,0.46625215460868197,0.5423365343336849,0.09138971652819808
2024-07-12 15:00:00,0.4703,0.4589,0.4694,0.1526677131180918,0.30152921136108607,-0.010394521752685515,0.9210518236387503,0.7323473154191353,0.5118631317816623,0.5050635343724784,0.10048107420934432
2024-07-12 19:00:00,0.4776,0.4665,0.4744,-0.30611114774286124,0.3066895335655936,0.016933747043282432,0.7117110705305638,0.2518318342777556,0.5377927197306115,0.565153920569401,0.10852896316643139
2024-07-12 23:00:00,0.4859,0.473,0.4856,-0.2241746793026283,-2.3488015971381984,0.013930614730345736,0.9767434288810611,0.15363307719779,0.5135711105838309,0.6250637563643257,0.12352509482705948
2024-07-13 03:00:00,0.5133,0.4837,0.5107,2.8212683902496747,-2.318485917797556,0.0470035633038246,0.9121618539993757,4.522993556312776,0.536292426081936,0.7997396855808684,0.1545362596743985
2024-07-13 07:00:00,0.5184,0.5065,0.5162,1.4308412302684028,-0.6063448521414643,0.024509153876037804,0.8151253654408714,2.5704591214759676,0.5002074850030254,0.8951024336645232,0.18239263311720086
2024-07-13 11:00:00,0.5228,0.5096,0.5216,0.7138636393369963,-0.6017022165540565,0.0069493544467196244,0.9090902203861898,1.8675581370192311,0.5356686301084861,0.92280440946136,0.2071489331878308
2024-07-13 15:00:00,0.5422,0.5213,0.5394,2.4038016860109006,0.3593984619975298,0.034991576603845775,0.8660282937663656,4.603897060671419,0.5340162442691888,0.9999999269150373,0.2339342178443258
2024-07-13 19:00:00,0.5661,0.5232,0.5236,2.929189083654046,0.37071300908285043,0.01311284854182726,0.009324007150580045,5.0,0.496769764488217,0.9999999304770594,0.2508964711776555
2024-07-13 23:00:00,0.5332,0.5136,0.5155,0.8422280515803118,0.3979233769892801,-0.03407069136529772,0.09693872605167073,2.2894188872841204,0.4923968036278653,0.8717047613986478,0.25684504591567553
2024-07-14 03:00:00,0.5297,0.5154,0.5256,-0.004589684562495522,0.4275084368881644,-0.00410881314866085,0.7132862144851648,0.7269112373052952,0.5425168633610231,0.8567599274939778,0.256123568901256
2024-07-14 07:00:00,0.54,0.5237,0.5325,0.9619526100721549,0.12708731643576282,0.018684663955553793,0.5398769694006279,2.105115331080231,0.5001252989486145,0.9244417245542628,0.257440724827313
2024-07-14 11:00:00,0.5336,0.5215,0.5305,-0.20577696167382803,0.1284837125463361,-0.005752147521214779,0.7438010381809609,0.7494604062752683,0.4927994241315265,0.903216300601723,0.25917515582653866
2024-07-14 15:00:00,0.5347,0.5253,0.5324,-0.4762449131763907,0.43653212392271895,0.0035262868554972737,0.7553183454060179,0.224154534576333,0.4816381613632477,0.9161534519193513,0.25604396257507606
2024-07-14 19:00:00,0.5348,0.5257,0.5281,-0.36661937463802957,0.44259991497747314,-0.0003511883926375914,0.2637359739165166,0.27413127940440596,0.4696803553159807,0.9148604775201299,0.2513404820455454
2024-07-14 23:00:00,0.5312,0.5194,0.5269,0.16456654390525005,0.48370869567037317,-0.006814529316723883,0.6355926817011207,0.8167061789180472,0.49929367232086797,0.8897801565049804,0.24158926305155304
2024-07-15 03:00:00,0.5344,0.524,0.5291,0.49088277556527693,0.5307539186387461,0.006200337448425186,0.49038414386140117,0.6156814753016328,0.47093577085289023,0.9124444878393054,0.22501278400003746
2024-07-15 07:00:00,0.5372,0.5267,0.5358,0.9755730550072791,0.5307539186387459,0.003864030524910911,0.8666658412706323,1.0283186908330186,0.4806494415608385,0.926656402518145,0.20680288086856266
2024-07-15 11:00:00,0.5404,0.5256,0.5296,0.8242643242546633,0.5307539186387459,0.0010572458098325743,0.27027008765534577,1.5395220967125718,0.49296853140469094,0.9305599809417677,0.1897859746205594
2024-07-15 15:00:00,0.5347,0.5225,0.5333,0.0969320451941367,-1.8562887501093623,-0.0035556264314937636,0.8852451760285477,0.8640047773623198,0.48277366381198944,0.9174179654231442,0.17577817148799482
2024-07-15 19:00:00,0.5381,0.5292,0.5356,-0.0039128375055810455,-1.8327792687596234,0.008613268396138851,0.719100315617617,0.6729870225618754,0.4600078874071299,0.9491404276822786,0.15078291946665634
2024-07-15 23:00:00,0.5609,0.5331,0.5573,1.6571128921228042,0.5445180913499706,0.025961344269813447,0.8705032839916264,3.3334207118963572,0.5083934517192408,0.9999999335077157,0.1299318525299615
2024-07-16 03:00:00,0.5706,0.5356,0.5383,1.9482983370302165,0.5445180913499706,0.008144223382249072,0.07714283510204806,3.3773445345665065,0.4621291416108229,0.9999999354246796,0.10429642270798058
2024-07-16 07:00:00,0.5475,0.5309,0.5451,1.1244531430572573,-0.7267022300318038,-0.021831710062294563,0.8554211714330313,1.9210267289711525,0.47449195691729973,0.9220880989992604,0.07777641269767298
2024-07-16 11:00:00,0.5813,0.5425,0.5787,3.049919755481575,-0.7206501689484326,0.04205773105878352,0.9329894502604498,5.0,0.5195035981413963,0.9999999395873947,0.09844507162952343
2024-07-16 15:00:00,0.5945,0.5756,0.5765,2.5165768324958715,0.5553602634688836,0.03755891333953798,0.047619022423798216,5.0,0.4788896570425268,0.9999999464341256,0.1146890667669265
2024-07-16 19:00:00,0.585,0.5736,0.5767,-0.05746879269357362,0.5553602634688839,-0.007563192897909299,0.271929586026679,1.049454826451207,0.48935329783947973,0.976321095827067,0.1273360426870132
2024-07-16 23:00:00,0.5885,0.5739,0.5871,0.28389839032386205,0.5553602634688839,0.00382706752965567,0.9041089697883726,0.9190383514634507,0.48346048792923874,0.9882122614675276,0.1445572692792243
2024-07-17 03:00:00,0.6117,0.5816,0.6111,1.4279074541508876,0.5553602634688839,0.03187998302459083,0.9800661195793607,3.0866031062573955,0.5304278480008052,0.9999999507506536,0.16871151157566602
2024-07-17 07:00:00,0.6195,0.6007,0.6132,2.1015081838826233,-0.40692230574317145,0.017988631800694987,0.6648932633546434,3.858988724328064,0.46850813545713343,0.9999999532397059,0.18736463036996118
2024-07-17 11:00:00,0.6346,0.6045,0.6068,2.6092439768891933,-0.4027436389215253,0.011709474109912854,0.07641193474686445,5.0,0.49618053615814367,0.9999999547549643,0.20168874494568403
2024-07-17 15:00:00,0.6187,0.596,0.6177,0.6653920692071411,-0.03376376496112515,-0.018812242511388133,0.9559467154419756,2.30287530016627,0.5058959454216915,0.9473293331731291,0.21430598369671297
2024-07-17 19:00:00,0.6378,0.6132,0.6333,1.109438767489047,-0.031102265356716167,0.031088936617317264,0.8170728385882751,2.783617669963737,0.5036801531444262,0.9999999561891086,0.22859788208799944
2024-07-17 23:00:00,0.6369,0.6,0.6029,1.5261250251898242,0.5705479875544598,-0.008625615198263215,0.07859076460954915,3.0065689412364622,0.4669710567186901,0.9763419927750966,0.24097828032271756
2024-07-18 03:00:00,0.6143,0.578,0.5896,1.2749348454198548,0.5705479875544596,-0.04113053841277414,0.31955914061731816,3.1785381540267585,0.484088940081091,0.8645039999479117,0.23976932947951143
2024-07-18 07:00:00,0.5905,0.5669,0.5759,1.7750462427165752,0.5705479875544596,-0.031640456844322706,0.38135577061196085,2.910044991750542,0.43501984709778024,0.782009080600192,0.23455918990756244
2024-07-18 11:00:00,0.5878,0.5713,0.5744,0.8646812727632995,0.5705479875544596,0.005515190197959763,0.18787867401292477,2.174535369116231,0.47189414440586164,0.7959336440313136,0.22354581846055138
2024-07-18 15:00:00,0.5745,0.5575,0.5652,0.3130437088431657,0.5705479875544598,-0.02171255957253504,0.4529409100347607,1.6164340206335193,0.45482019155836706,0.7408121789136495,0.2180707598640685
2024-07-18 19:00:00,0.5729,0.5642,0.5691,-0.7552395204642446,0.5705479875544598,0.0028864567507478345,0.5632177434278874,0.16464390499178924,0.5077481783998831,0.7479808930417761,0.2023306911354476
2024-07-18 23:00:00,0.5722,0.5405,0.5482,0.8149909742232415,0.5705479875544596,-0.027467583439889642,0.24290213157661542,1.8257411413295026,0.44054718774650553,0.6795663506479118,0.2021410734020777
2024-07-19 03:00:00,0.5614,0.5474,0.5542,-0.30305671470313517,0.5705479875544596,0.004788421196946668,0.4857139387757596,0.5365677625305778,0.47157195342459507,0.6911654536424383,0.19063013063401144
2024-07-19 07:00:00,0.557,0.54,0.5477,0.8185749549841224,0.17092366033554432,-0.01291861340180811,0.4529409100347542,1.4284919544643757,0.4593065515982373,0.6597225544163663,0.19681008089180607
2024-07-19 11:00:00,0.5693,0.5469,0.5662,0.36039773478620457,0.1728335149955962,0.016040442920906006,0.8616067582112689,1.444696400012172,0.5285999330520048,0.6982593856078887,0.17885444331028746
2024-07-19 15:00:00,0.5867,0.5584,0.5774,0.549220506932967,-1.4587425868592914,0.03164631127910833,0.6713778546368012,2.218899503055637,0.4944118095296663,0.7755085401794077,0.16506252314275183
2024-07-19 19:00:00,0.5837,0.5691,0.5706,-0.4739399059880073,-1.4439113534988761,0.0034603458872142223,0.10273965565776677,0.6957585929419043,0.4395662294264084,0.7842226089121779,0.16812259734973659
2024-07-19 23:00:00,0.5821,0.5688,0.5765,-0.42813496320660926,0.5884533557967163,-0.0009072277879288437,0.5789469331226106,0.6253799638970408,0.47668045031544665,0.7819300630725252,0.16640200184729514
2024-07-20 03:00:00,0.6047,0.5757,0.6013,-0.07972986733862207,0.5884533557967163,0.02409071400660001,0.8827583162902334,1.1458713567623482,0.534537146936569,0.8427515696012529,0.16139382290583654
2024-07-20 07:00:00,0.6028,0.5878,0.5925,-0.3667566080434614,0.2935887080177882,0.007973512947514916,0.31333312444458594,0.6670186342849197,0.4591349440034778,0.8633671531864822,0.1642051721495523
2024-07-20 11:00:00,0.5968,0.5857,0.5922,-0.5629900634800358,0.29508620958612547,-0.006868593875781204,0.5855850580314749,0.3957822480982226,0.48591142501832113,0.8454667469164451,0.1594001014829324
2024-07-20 15:00:00,0.5987,0.587,0.5939,-0.6432778170345633,0.5917944445931257,0.002587088668526194,0.5897430856896696,0.3735955805474814,0.5030505216767478,0.8521627104421573,0.15294937495859565
2024-07-20 19:00:00,0.5978,0.5894,0.5963,-1.0965220736748418,0.5917944445931257,0.001791186660829558,0.8214275935385847,-0.26561693488109955,0.44482022110825187,0.8568106954584696,0.14919454678359312
2024-07-20 23:00:00,0.5973,0.589,0.5933,-0.9294839233286388,0.5917944445931257,0.000810446606900328,0.5180716649739021,-0.05486386599077674,0.4858334661567372,0.8589175060255644,0.1403557580726133
2024-07-21 03:00:00,0.608,0.5909,0.5927,-0.40362118205264985,0.5917944445931257,0.007282570900552621,0.10526309633737192,0.6724167209612611,0.4832105619146685,0.8778643828195299,0.11541279972089508
2024-07-21 07:00:00,0.595,0.5873,0.5902,-0.9156998885181507,0.5917944445931254,-0.012554307149141852,0.3766228875027343,-0.05847767126880072,0.4729814422275662,0.8449643009476482,0.11106914874030571
2024-07-21 11:00:00,0.5915,0.5743,0.5843,-0.360648551321707,0.5917944445931257,-0.014114091847571175,0.5813950108168549,0.5653860679014134,0.48858103940666664,0.8084409692030611,0.11117082852361483
2024-07-21 15:00:00,0.5918,0.5721,0.5838,-0.2975224517919512,-0.7146726664886676,0.0038406574144633776,0.5939083279653141,1.1711044324891744,0.500501465655345,0.8182392454093114,0.11153718841070295
2024-07-21 19:00:00,0.6029,0.581,0.5976,-0.5210098544377952,-0.7085828893482063,0.01892062547650819,0.7579905214655169,0.6955575718916959,0.49934703149747994,0.8666948903533539,0.1123821295916244
2024-07-21 23:00:00,0.6002,0.5907,0.5984,-0.8038961301047702,0.6030977857440734,0.00019350543319873736,0.8105254626047844,0.07490486644018021,0.49264262419503924,0.8671998334118554,0.11313954716930968
2024-07-22 03:00:00,0.5998,0.5855,0.5894,-0.5256958539781443,0.6030977857440734,-0.005637722846197235,0.27272708200903495,0.16078971485138438,0.40313626100317146,0.8524856218912508,0.11375760987593465
2024-07-22 07:00:00,0.6066,0.5878,0.6016,0.6645654575825987,0.6030977857440734,0.010786731367882663,0.7340421627435307,1.3511010383946664,0.4733752884294187,0.8804798035460676,0.10120243865491518
2024-07-22 11:00:00,0.6192,0.599,0.6111,0.5892397109609746,0.6030977857440736,0.019664681085989955,0.599009604450691,2.1857586061812415,0.5147455256554965,0.9320649126082142,0.09463933784471537
2024-07-22 15:00:00,0.6229,0.6067,0.622,-0.3258114657570095,0.6030977857440736,0.003695636558254556,0.9444438614544056,0.9691055367983471,0.5231140666778775,0.9419500811102675,0.08410881774934079
2024-07-22 19:00:00,0.6229,0.6072,0.6074,-0.8335704063666013,0.6030977857440736,0.004118792122686399,0.012738845389276082,0.47497284421135,0.4596242506258865,0.9530078302115585,0.07955212953194118
2024-07-22 23:00:00,0.6123,0.5985,0.6095,-0.7176254396217611,0.6030977857440734,-0.014750355010423544,0.7971008716660402,0.42906632198348543,0.5259335908713855,0.913244346511359,0.07837570467533017
2024-07-23 03:00:00,0.617,0.5945,0.5986,-0.024905142779699598,0.6030977857440734,-0.003380245923399028,0.18222214123460384,0.947890308716722,0.4708500194834874,0.9042664098345576,0.06983825852655978
2024-07-23 07:00:00,0.6079,0.5947,0.6,0.05551816855985327,0.6030977857440734,-0.00536198320575243,0.401514847337235,0.6591716350103987,0.4336149479848273,0.8900731164270699,0.06219925433197848
2024-07-23 11:00:00,0.6032,0.5874,0.6024,-0.1488777299826344,0.6030977857440736,-0.009443306209551361,0.9493664877427345,1.2093724754464539,0.456666443769245,0.8652104983656967,0.06211676438660557
2024-07-23 15:00:00,0.6032,0.5797,0.5933,-0.29257428992458967,-0.06830538061874403,-0.0060485826905173345,0.5787231579901487,1.324189681963613,0.45555079775905377,0.849435993171655,0.06291820764255326
2024-07-23 19:00:00,0.6056,0.5922,0.5988,-0.8537502738058391,-0.0653459629686965,0.008802218638156889,0.4925369458679517,0.07983998560665044,0.47038910174186405,0.872253039922699,0.06169923381790015
2024-07-23 23:00:00,0.6015,0.5915,0.5971,-0.7493843633235359,0.610112000037252,0.000647006330309452,0.5599994400005534,0.043171166633374974,0.4708405030995196,0.8739449677718927,0.06153068717531984
2024-07-24 03:00:00,0.6057,0.5956,0.5993,-0.7299698479661487,0.610112000037252,0.006134032315542104,0.36633627095419086,-0.0335151848383492,0.45404639955660375,0.889995900301869,0.06122846331260127
2024-07-24 07:00:00,0.6305,0.5986,0.6262,1.0661300031974263,0.6101120000372522,0.02161230745997056,0.8652034905318218,1.7263114738534462,0.5062996484462918,0.9468957587532798,0.07001134580191108
2024-07-24 11:00:00,0.6327,0.6233,0.6287,0.39691958571203156,0.6101120000372522,0.024503861974064067,0.5744674739707754,1.304836961603008,0.46406458995462174,0.9999999567429151,0.07960891626564807
2024-07-24 15:00:00,0.6293,0.6163,0.6181,-0.14333979711608758,0.610112000037252,-0.010401171752795313,0.13846143195274635,1.1103849680821438,0.48569850386831637,0.9717012106147451,0.08208110157462468
2024-07-24 19:00:00,0.6282,0.6083,0.6097,-0.4994115801181659,0.610112000037252,-0.004807340890832457,0.07035172344134831,0.7732519070807816,0.4687000732167798,0.9587577914181714,0.07821091516903549
2024-07-24 23:00:00,0.6221,0.5942,0.6024,0.4057299544621601,-0.7010742766573882,-0.01946162279578012,0.29390670469294045,2.3636368665941814,0.4718207292500286,0.9066106733143928,0.07231111038475019
2024-07-25 03:00:00,0.6129,0.596,0.6112,-0.548236615168348,-0.6975970831020719,-0.006552534912318664,0.8994077518297307,0.5580796482944476,0.48726832589776553,0.8893949528955716,0.070613108671413
2024-07-25 07:00:00,0.6152,0.5995,0.6043,0.3265081497034118,-0.9515441974712088,0.007250168874811447,0.3057322893424867,0.8803485086096283,0.42997003719753224,0.9083187762755609,0.0704493348754662
2024-07-25 11:00:00,0.629,0.601,0.6195,0.6353994791065667,-0.9434491915906474,0.009447779642941967,0.6607140497449842,2.1716293670163243,0.4860836403749235,0.9331574194050954,0.06591730933185518
2024-07-25 15:00:00,0.6265,0.602,0.6025,-0.10368623953709509,0.6256839098297433,0.0041428036034183435,0.020408154935449275,1.5455096327831899,0.4749127852978403,0.94415194044812,0.0675911345289539
2024-07-25 19:00:00,0.6044,0.5844,0.5965,0.025053880482438104,0.6245468892110402,-0.03417133467649269,0.6049996975001506,1.9391857630731046,0.4754421558775822,0.8530894776653922,0.07023686049944053
2024-07-25 23:00:00,0.6072,0.595,0.6056,-0.8410165794529877,-1.3916653149021152,0.012391648608405248,0.8688517468428357,0.24023221746933035,0.5238590938232703,0.8849833043688391,0.06535526512882055
2024-07-26 03:00:00,0.6093,0.6003,0.6069,-0.966207724168877,-1.3779462327394538,0.005200868810416148,0.7333325185194288,0.04032030041731053,0.4779877512597813,0.8985352606990635,0.06520462234766478
2024-07-26 07:00:00,0.6073,0.5964,0.6005,-0.5215809047225441,-1.1153083040933525,-0.007141250572858193,0.37614644390234747,0.2343008760142499,0.505949584958816,0.8798304541182655,0.06631446149916496
2024-07-26 11:00:00,0.6024,0.586,0.5886,-0.43842790782678104,-1.128075654531597,-0.010082868070916184,0.15853648869726503,0.6745567459766106,0.4681060956009414,0.8536093785703347,0.07191497721384058
2024-07-26 15:00:00,0.5994,0.5872,0.5984,-0.744744454157749,-3.5230163276966024,-0.002576023900005442,0.9180320343999716,0.20795371710755203,0.5440602538907529,0.8469778270875977,0.07107366930534431
2024-07-26 19:00:00,0.6055,0.5971,0.6031,-1.125041765714915,-3.4143294228615795,0.01274589939457349,0.7142848639465849,-0.18919700598764122,0.4885888720859875,0.8797055317419726,0.07045615781734794
2024-07-26 23:00:00,0.6044,0.5946,0.5966,-1.2317511157701704,0.641300802305171,-0.003777571397622692,0.20408142440670932,-0.33557876659842806,0.42510591155626165,0.8698822130026544,0.07004465373020374
2024-07-27 03:00:00,0.6001,0.5951,0.599,-1.4485376633377791,0.6413008023051707,-0.0014325509239829781,0.7799984400031222,-0.6754965637058484,0.4916688836388159,0.8661710336895924,0.06971820563213658
2024-07-27 07:00:00,0.6041,0.5987,0.6,-1.3547944921963229,0.641300802305171,0.00503030536951643,0.24074029492537558,-0.5298687433619269,0.47957435377166324,0.8791839196748602,0.0688935008666486
2024-07-27 11:00:00,0.6091,0.5974,0.602,-0.9833269843134915,0.641300802305171,0.003586238146760623,0.3931620571264438,-0.2160498943634932,0.466242333229297,0.8885078186203705,0.06818116798676957
2024-07-27 15:00:00,0.603,0.5921,0.5934,-1.0766871869287482,0.6343953951203832,-0.009809977412360782,0.11926594562757983,-0.09196211644885034,0.4839404825874002,0.8629112861001348,0.06370263075317299
2024-07-27 19:00:00,0.6016,0.5833,0.6008,-0.4352726875099318,0.6275016229145902,-0.004614808074402954,0.9562836304461022,1.0617975076707482,0.502932891479979,0.8509882922705593,0.0501399579408117
2024-07-27 23:00:00,0.6017,0.591,0.6011,-1.370634797480101,0.6275016229145906,0.0037880801586984703,0.9439243514725647,-0.4140549827856988,0.4732850518424984,0.8607301551267285,0.04417318527774949
2024-07-28 03:00:00,0.6047,0.5957,0.6003,-1.1302780136095818,0.6275016229145902,0.007054578365332631,0.5111105432105002,-0.15942888559344834,0.47833656775532685,0.878941245404111,0.04264932959137745
2024-07-28 07:00:00,0.6161,0.6,0.6053,-0.20769785342834668,0.6211924733650772,0.01138632870326406,0.3291923421165558,0.367572150748761,0.474751103003986,0.9085419201120527,0.042633318156948444
2024-07-28 11:00:00,0.6074,0.5966,0.6003,-0.8237245966484129,0.6149002332782791,-0.00810212522074305,0.3425922753775149,-0.19342864284745429,0.4918755875736591,0.8872392558282434,0.04039650481808041
2024-07-28 15:00:00,0.6056,0.5994,0.604,-1.2706727047136581,0.6080327158393918,9.478839773335856e-05,0.7419342872027544,-0.531545700505564,0.4949864154054737,0.8874864607505498,0.040098603848865655
2024-07-28 19:00:00,0.6042,0.5978,0.5988,-1.315592376218099,0.601171924664848,-0.004586150404296552,0.15624975585975756,-0.6289072186575401,0.5562129994310212,0.8755248025213175,0.028541015675004847
2024-07-28 23:00:00,0.6072,0.5985,0.6059,-1.006189705185209,-0.4125422406971513,0.004306938414637473,0.8505737349727209,-0.4146131865990412,0.5226437148047041,0.8867066982155556,0.029273047452702976
2024-07-29 03:00:00,0.6111,0.6056,0.6061,-0.9926359625420357,-0.4144606810869369,0.007976275133818822,0.09090892562012606,-0.49444993169813695,0.4314850216621268,0.907504305066887,0.029788838545728807
2024-07-29 07:00:00,0.6124,0.6033,0.609,-0.15148786543219916,0.594308156217585,0.0016229031596299848,0.6263729380517132,-0.15425450174399558,0.4576271397262418,0.911769669606395,0.03126418937246202
2024-07-29 11:00:00,0.6113,0.599,0.6006,-0.705061723295567,0.5894566537280638,-0.003107882030862319,0.13008119505594296,-0.057564824038450695,0.4565355668878191,0.9035881811803452,0.030324997161262635
2024-07-29 15:00:00,0.6044,0.5921,0.6037,-0.6651520816944362,-0.05597088956019258,-0.013506471616722915,0.9430886641555553,0.39911877869416523,0.4783635362597088,0.8681429455829395,0.030493493484917075
2024-07-29 19:00:00,0.6096,0.6015,0.6025,-1.1808781407223012,-0.05311626333963498,0.011133992789733815,0.12345663770785485,-0.4063876706779727,0.45393131355937394,0.8969674024913277,0.023861047962661325
2024-07-29 23:00:00,0.6047,0.5953,0.5995,-1.0889502848474364,0.5960996206077096,-0.007842984680064058,0.4468080353106005,-0.18851599847791034,0.4444929395033704,0.8764368670856022,0.023696912976225334
2024-07-30 03:00:00,0.6023,0.5969,0.5976,-1.2283742661135508,0.5960239786938643,-0.002978820470864396,0.12962938957521172,-0.7032689342428731,0.4376154653272531,0.8687003828340513,0.024371627036688014
2024-07-30 07:00:00,0.6379,0.5972,0.6236,1.447026293784225,0.1766798738116526,0.030042771968268767,0.6486484892755565,2.371290134278111,0.5079602503161348,0.9464939527509374,0.03863495662912299
2024-07-30 11:00:00,0.6373,0.6135,0.6146,1.1280464701064374,0.17869359414880712,0.016817171942751896,0.046218467975433324,2.5053237212180655,0.47582244378791927,0.9913490624986883,0.042385002090539865
2024-07-30 15:00:00,0.6363,0.6115,0.6328,0.23473709534932047,0.6000135824536497,0.0012059561586761358,0.8588706214231382,1.5010620914103983,0.5153452124320296,0.994619707069182,0.05802878865811135
2024-07-30 19:00:00,0.6339,0.6191,0.6303,-0.7873075990304339,0.5993620225763994,-0.003310208891297961,0.7567562454349667,0.5620207095516302,0.4820244067578098,0.9856313429698097,0.06808479599963334
2024-07-30 23:00:00,0.6586,0.6246,0.6531,0.8991708537766855,0.5925638433771201,0.02689265802592722,0.8382350475779282,2.0747447580157066,0.5066755536205351,0.999999959130223,0.0889482748939364
2024-07-31 03:00:00,0.656,0.6379,0.6445,0.21600737516329888,0.5857717846360225,0.005290255254585485,0.3646406825189564,1.2400698496877718,0.45804891998845343,0.9999999596901649,0.10129989098685381
2024-07-31 07:00:00,0.652,0.6432,0.6456,-0.227157042732354,0.5713827237320995,0.0027875972390560833,0.2727269628102638,0.15758890378127824,0.4281571090694215,0.9999999599806046,0.11011421789349901
2024-07-31 11:00:00,0.6557,0.6441,0.653,0.09999147618055394,0.5659113980188452,0.00490521772949748,0.7672407178959382,1.4445040487742773,0.4709258049753744,0.9999999604830236,0.11929184162611679
2024-07-31 15:00:00,0.6572,0.6307,0.6429,0.15933131374470488,0.5679646423374809,-0.013180617090068791,0.4603771847633266,1.655051545228308,0.47499839312360914,0.9661000896212388,0.12528150411506064
2024-07-31 19:00:00,0.6446,0.6217,0.6341,-0.4496045208832193,0.5611062041207592,-0.01711519105277437,0.5414844797011009,1.052603670830383,0.4608789726104007,0.9226608991757572,0.1258640515839115
2024-07-31 23:00:00,0.6347,0.6104,0.6125,0.023179422790596416,0.5611062041207592,-0.01483747567418614,0.08641971752274964,1.1442029512290013,0.41916405134534146,0.8856471894893961,0.12852279531280242
2024-08-01 03:00:00,0.6143,0.5965,0.6079,0.004580287637965044,0.5611062041207595,-0.023688499470432833,0.6404490783993948,1.1434753636563095,0.43435063369957383,0.8274304298570223,0.1266762763105575
2024-08-01 07:00:00,0.6111,0.6015,0.6091,-0.1386040987839844,-1.5398103207062925,-0.00019182520683158621,0.7916658420147464,0.061787788951235524,0.4189824537362679,0.8269701684534556,0.1256446752121697
2024-08-01 11:00:00,0.614,0.5931,0.5944,-0.3085457200752319,-1.5234868462074633,-0.0005451462971496346,0.06220092717659355,0.338297440652317,0.451082077671422,0.8256624066989161,0.13314057909491506
2024-08-01 15:00:00,0.5958,0.568,0.5769,0.9182627909379667,0.057949680363616335,-0.03821669329574895,0.32014376973245706,3.252835642566322,0.4772098763153294,0.7340336372532699,0.15222899488615985
2024-08-01 19:00:00,0.5999,0.5764,0.5984,-0.5959165156553725,0.060313704081241315,0.00826152824061177,0.9361698143958258,0.6040058917557214,0.5166803185075471,0.7530845757009459,0.1474420403759666
2024-08-01 23:00:00,0.6,0.5797,0.5814,-0.5370663473914494,-2.898143562847706,0.0020089980710640276,0.08374380111142979,0.3667837286775489,0.4110450536876931,0.7577555631268357,0.16090143947657998
2024-08-02 03:00:00,0.5886,0.5573,0.5659,0.08277298807749997,-2.8322216940995055,-0.03286783623402012,0.27476029560373755,1.173728293254935,0.4242179123264733,0.6811832239535709,0.18331881389486626
2024-08-02 07:00:00,0.5789,0.5616,0.5767,0.10986703221837943,0.49751648644311813,0.0022647191142421974,0.8728318654151076,0.908265584075879,0.44353178419139266,0.6862859349561224,0.18842355839093472
2024-08-02 11:00:00,0.581,0.5583,0.5604,0.3483596391942389,0.49804581817799143,0.00082319996548752,0.09251097246212649,1.691449833467152,0.44242131191472595,0.6881449136542036,0.211064896906869
2024-08-02 15:00:00,0.5664,0.5464,0.5629,0.19906906306602598,0.047332362876922204,-0.02578291411147504,0.8249995875002034,2.211204908881744,0.4858435627842759,0.6298731133614064,0.22361911075646773
2024-08-02 19:00:00,0.5729,0.5587,0.5609,-0.6258532859372268,0.04786237008191123,0.01528328352167585,0.154929468359528,0.9917850214909557,0.4986145411627838,0.6635241808544994,0.2373515515374844
2024-08-02 23:00:00,0.5648,0.5432,0.5606,-0.3222164678834392,0.592378823631551,-0.016817022825836636,0.8055551826133418,1.4663023813880873,0.46685086090649053,0.6259301818896614,0.24444750721742178
2024-08-03 03:00:00,0.5755,0.5589,0.5726,-0.8681176646234576,0.5923788236315508,0.021764941092184298,0.8253007076501758,-0.1989561297009545,0.5472412424048342,0.6737668869301106,0.23974686370372983
2024-08-03 07:00:00,0.5777,0.5646,0.5681,-0.962054227067321,-2.9864546522052584,0.0044942635606310954,0.2671753685684254,-0.049097981897707685,0.4853243905385756,0.6838597247938734,0.23033529492747024
2024-08-03 11:00:00,0.575,0.5662,0.568,-1.0870394029792325,-2.915380556126574,-0.0004401819541682839,0.20454522210769413,-0.22945045731487132,0.5148243178830326,0.6828667586201057,0.21998084075747243
2024-08-03 15:00:00,0.5683,0.5451,0.5494,0.4322739796201205,-1.6300891630463112,-0.02257074146237026,0.18534474769622816,2.515177874183227,0.45642557868940364,0.6319739011858663,0.2186561984376611
2024-08-03 19:00:00,0.5574,0.5406,0.5552,-0.9983432363509589,-1.6142872091882534,-0.014961261989613672,0.869047101757679,0.5405698448233961,0.4956951729792829,0.5990004372990064,0.19184073285552133
2024-08-03 23:00:00,0.559,0.5504,0.5562,-1.2218312589322409,-1.687023724452196,0.010509159117325861,0.6744178204443939,-0.35911869629050447,0.4503645427171579,0.6218152875315646,0.16672022705242023
2024-08-04 03:00:00,0.559,0.5537,0.5547,-1.4514827746247068,-1.6676325885092738,0.0016212320787418744,0.18867888928511178,-0.7251017190889777,0.4821963316891409,0.625371888129635,0.14215456262024515
2024-08-04 07:00:00,0.5552,0.544,0.5495,-1.2417744548768708,-0.6191504166038752,-0.01352980949363769,0.4910709901151834,-0.36891915063897907,0.4350982499554251,0.5956425587727481,0.13339149499257855
2024-08-04 11:00:00,0.5507,0.527,0.5309,-0.1936352284296051,-0.6136117616691472,-0.01850508531566497,0.16455689259202944,0.6439713967635328,0.43798755045127646,0.5555310970484132,0.13828961058249295
2024-08-04 15:00:00,0.5336,0.5136,0.53,0.7385300129691879,-2.073228046754734,-0.0254035140965575,0.8199995900002083,2.3848687380158116,0.488986342277097,0.5014856332771968,0.13164758928592465
2024-08-04 19:00:00,0.5402,0.5264,0.5282,-0.67639891468559,-2.0435220992784444,0.014180739521937546,0.13043468809080713,0.4103065601942002,0.46059786923850127,0.5308884658956787,0.13315085976274021
2024-08-04 23:00:00,0.5293,0.452,0.4778,5.0,0.10680346549109862,-0.09262785089488368,0.33376451050911893,5.0,0.47112179890848266,0.33610717567754506,0.20970950522729684
2024-08-05 03:00:00,0.4809,0.435,0.4559,4.938880262790505,0.10932050731127149,-0.04613833541730972,0.4553375914297193,5.0,0.48030273980435295,0.24807265231613213,0.27712811456500414
2024-08-05 07:00:00,0.4753,0.4479,0.4515,2.7436641462168416,-2.3765863487890315,0.004028839167067533,0.13138681336247668,2.9658294823677047,0.4866661476674659,0.2554052257452592,0.330096141429359
2024-08-05 11:00:00,0.4866,0.4319,0.4826,4.886481693228464,-2.3360905967708363,-0.017108609317401546,0.9268736879572781,5.0,0.4792445460608302,0.2241417408354081,0.3235295240427687
2024-08-05 15:00:00,0.4986,0.4741,0.4747,0.7482333589360826,-1.6715680213869217,0.07407239101198382,0.024489785922535957,2.325377731972209,0.48024231915495413,0.3571824564684275,0.33958222426625595
2024-08-05 19:00:00,0.4983,0.4727,0.496,-0.18627760227976173,-1.6525377137395156,-0.003187782481908097,0.9101558944703527,0.8194366747101762,0.5365085423737512,0.3510328058675723,0.32682220044584065
2024-08-05 23:00:00,0.5162,0.4877,0.5108,0.2058537002187366,-0.7027383752406847,0.040539069836899255,0.8105260313943761,0.9942676028823003,0.4912486661954411,0.4289886886366384,0.3126189751985265
2024-08-06 03:00:00,0.5183,0.5056,0.5145,-0.18492754662055752,-0.6965231203589217,0.011438950649113044,0.7007868497741304,0.22989976824206895,0.4735354506945857,0.4518773130179775,0.3045230158273607
2024-08-06 07:00:00,0.5188,0.4976,0.4999,0.6764273812830417,-2.3513467892750906,-0.010057692119742279,0.10849051486296556,0.48022454238550843,0.45283015514880787,0.43152229377550444,0.30854464607251914
2024-08-06 11:00:00,0.5179,0.4943,0.5123,0.5901101526285933,-2.311948601335703,-0.003682356886349103,0.7627115412239212,1.1698285256916898,0.4552859247267596,0.4241447984552792,0.2861628607853745
2024-08-06 15:00:00,0.5177,0.5038,0.5144,-0.3341167859694959,0.09614435334120443,0.014020674709900316,0.7625893794320957,0.4793257743936733,0.48962825087932016,0.45213137650533525,0.2700411816481356
2024-08-06 19:00:00,0.5172,0.5049,0.5076,-0.5873006334610449,0.09470954273214136,-0.003721296312389377,0.21951201665690034,0.18586360375810618,0.44947392648901285,0.4445991746698,0.25600390148688623
2024-08-06 23:00:00,0.5158,0.5,0.5113,-0.19427440976779423,-0.2749029908196016,-0.0066485091553187825,0.7151894207661862,0.4832126005585323,0.47834244489777594,0.431192137464864,0.24495618295444266
2024-08-07 03:00:00,0.519,0.5102,0.5114,-0.14905408343521442,-0.27079528307358347,0.014689922797114896,0.1363634814051319,0.014979457500950493,0.4102702302158474,0.46061812215657516,0.23086043408569304
2024-08-07 07:00:00,0.5195,0.5095,0.5148,-0.06746078549633368,-1.3655378730498118,0.0013485063403981812,0.5299994700005378,-0.24330649467631327,0.41850769056114684,0.4633590514437076,0.21265350542653633
2024-08-07 11:00:00,0.5185,0.4922,0.4986,0.1822644264681235,-1.3522108518685585,-0.012761027959510618,0.24334591507759795,0.589605384748685,0.42878897419462264,0.43738643194118226,0.19998434914395208
2024-08-07 15:00:00,0.5066,0.4968,0.5,-0.22787472811493573,-1.5595459537113219,-0.015255895742667502,0.3265302790507327,0.48948998636941854,0.4706437800584879,0.4067322242017444,0.17976684423526748
2024-08-07 19:00:00,0.6434,0.4999,0.6136,5.0,-1.542848522152811,0.18763015398117067,0.7923344395585761,5.0,0.5178040494283913,0.777992436278714,0.21677670507257574
2024-08-07 23:00:00,0.62,0.5785,0.6185,1.4973740398831392,-1.1313935330098115,0.0064113285434044265,0.9638551894324857,2.2582769431229877,0.4973791991875752,0.7930586811520477,0.2688044986547845
2024-08-08 03:00:00,0.6239,0.5946,0.6054,0.6048111453255527,-1.1212361356694347,0.01635494595999254,0.36860055679162,1.1142640200135772,0.44838075903897245,0.831738249552977,0.3081906421352827
2024-08-08 07:00:00,0.6231,0.5965,0.6158,0.6646399819783052,0.2667488755151574,0.006676640907451015,0.725563637006152,1.192185771973616,0.49993609837932956,0.8477868043679619,0.3317328129472528
2024-08-08 11:00:00,0.6211,0.6005,0.6104,0.4349091674759641,0.26757978142690353,-0.0015120113145865588,0.48058229097947247,1.1095778378962005,0.4542494759863178,0.8441281368620087,0.34373449146802654
2024-08-08 15:00:00,0.6288,0.6072,0.6266,0.3063881291309149,-0.03414669187434446,0.011005409172910152,0.898147732339014,1.1126497895744674,0.5293009812008039,0.8707180513727104,0.34202445564113715
2024-08-08 19:00:00,0.6424,0.6039,0.6116,0.43274422260671214,-0.03065461275022672,0.002458347905651914,0.1999999480519627,1.0881639243134178,0.4828012111267305,0.8767229761383859,0.3560978131179972
2024-08-08 23:00:00,0.6259,0.6077,0.6164,0.10812473233390633,0.36567202709734037,-0.00667681052792346,0.4780217153726801,0.5462441438603582,0.49126231037711615,0.8603736591128189,0.35207598257372896
2024-08-09 03:00:00,0.6188,0.5976,0.6015,0.09797066684885827,0.36782209055488485,-0.01361657963503382,0.18396217737633214,0.2997225149785644,0.4068572510333871,0.8272537476062561,0.3578022913206001
2024-08-09 07:00:00,0.605,0.5826,0.5879,0.45601323720597187,0.7665420511577652,-0.022108892227648558,0.2366070372290002,0.4061689648991509,0.4404108094031866,0.7742100386012081,0.3617705778672139
2024-08-09 11:00:00,0.5892,0.5656,0.5786,0.5396576997711249,0.7665420511577653,-0.026119720864974938,0.5508472242172794,0.9517699494377316,0.448855667981623,0.7129290264659317,0.36108987292548966
2024-08-09 15:00:00,0.5844,0.5713,0.5797,-0.2461949156224403,-0.18311451221712333,-0.0013198655506081458,0.6412208845642074,0.12927640870928664,0.4781097015704529,0.7099132950280993,0.34624138202448534
2024-08-09 19:00:00,0.583,0.5735,0.5814,-0.5527942121658227,-0.17907913482344784,0.0021651825238349076,0.8315780720230881,-0.17355406810223584,0.4789741273334731,0.714853942806037,0.3342346743175856
2024-08-09 23:00:00,0.5873,0.577,0.5839,-0.6346505562816315,-2.1469637620974216,0.005222396369428894,0.6699022622308094,-0.2858055216587564,0.48453191940194695,0.7267965327809998,0.32079434277571284
2024-08-10 03:00:00,0.5944,0.5823,0.5885,-0.47989594650360423,-2.1151948363462076,0.0107916250703739,0.5123962707468823,-0.16945169061004464,0.5065694596982419,0.7516037297869577,0.3006660132859057
2024-08-10 07:00:00,0.5908,0.5842,0.5872,-0.6935460549487995,-0.7029859683156539,-0.001671299313324992,0.45454476584126846,-0.45214526714441927,0.5208467634772147,0.747720378156793,0.281983338619928
2024-08-10 11:00:00,0.6022,0.5867,0.5969,-0.26380899601987134,-0.7014572354654848,0.01727066635755614,0.6580640915715548,0.02397910314238758,0.5252264049949721,0.7877826093800621,0.2549452292816903
2024-08-10 15:00:00,0.602,0.5879,0.5939,-0.4644669661929627,-0.927596130722444,-0.0029925295955649522,0.4255316130981471,-0.1620922080080771,0.4882343192360019,0.7807210435100153,0.2302287574189474
2024-08-10 19:00:00,0.5956,0.5853,0.587,-0.6366151078094548,-0.9212740195196715,-0.008033746840227174,0.1650483834481644,-0.38692478110326695,0.41249726615705035,0.761820290152673,0.18162329786999357
2024-08-10 23:00:00,0.5935,0.5813,0.5905,-0.5908687461684459,0.094896634004056,-0.005655805272629322,0.7540977425428336,-0.38172542176995994,0.482307296323465,0.7486209470245856,0.10096245969098525
2024-08-11 03:00:00,0.5933,0.5861,0.5906,-0.6907671060398342,0.0981873309782348,0.004999146697820089,0.62499913194565,-0.497257993923348,0.48903527552750115,0.7602218152614916,0.09877116191692403
2024-08-11 07:00:00,0.5927,0.576,0.5804,-0.45058256114218725,0.7977760768576715,-0.008496675510283547,0.26347289612401775,-0.27844065483601754,0.45166262774518195,0.740406118905553,0.09782979112053002
2024-08-11 11:00:00,0.5815,0.5641,0.5675,-0.3036355207884148,0.7905928819022633,-0.020193557129360773,0.19540218655046543,0.009849285765245052,0.45090252958389454,0.6861880818567353,0.10797341587540432
2024-08-11 15:00:00,0.5711,0.5628,0.5689,-0.582534508177252,-1.3647871612269131,-0.008764392998245718,0.734938873567614,-0.24738821126859623,0.4633759900671099,0.654565772896978,0.1080385923569144
2024-08-11 19:00:00,0.569,0.5452,0.5521,0.15560194287955484,-1.3794355145289885,-0.023179228185488898,0.2899158445731761,0.3950215927361523,0.467005246336957,0.5994311556326095,0.12335379799217815
2024-08-11 23:00:00,0.5617,0.5481,0.5609,-0.24866014081680024,-0.5054780118310448,0.0025209458856301215,0.9411757785472198,-0.24133247007194758,0.49880499272334994,0.6052885410639665,0.11107474504186518
2024-08-12 03:00:00,0.5663,0.5588,0.5624,-0.38231570424495565,-0.5192627630986557,0.011807062286050884,0.4799993600008557,-0.42910235931033996,0.4314067645707834,0.6327912573616622,0.10722130804319699
2024-08-12 07:00:00,0.5769,0.557,0.5735,0.26914312940477725,-1.2228446219026532,0.01100234251452381,0.8291453119872817,0.0672637175247905,0.4716092294087712,0.6587220983425521,0.09029505018591749
2024-08-12 11:00:00,0.5795,0.5551,0.5752,0.04653958425617999,-1.2127068874330997,0.0021863335731124867,0.8237701541925607,0.3470100850452743,0.48749030159681195,0.6639316461361734,0.08359535532837714
2024-08-12 15:00:00,0.5789,0.561,0.5624,-0.15768840358222705,0.7234095366562006,0.0022556993345226317,0.07821224680879861,0.03872131021093359,0.4914039317724496,0.6693182283216164,0.08828152332305875
2024-08-12 19:00:00,0.571,0.5599,0.5658,-0.5551133219316966,0.7213763550642237,-0.01008990385218933,0.5315310526747289,-0.38670441028120695,0.46584091124212945,0.6451693122912301,0.08985723134955773
2024-08-12 23:00:00,0.5725,0.5653,0.5702,-0.557466488414563,0.18692276665977153,0.006172075200122862,0.6805546103408227,-0.374055590458697,0.4730361705062277,0.6597923491974719,0.08978191866764713
2024-08-13 03:00:00,0.5722,0.5626,0.5693,-0.5976701657754038,0.18401476464608008,-0.00458112469156724,0.6979159396708964,-0.4581058389818608,0.45602323719769877,0.6488716425803278,0.09037982411275639
2024-08-13 07:00:00,0.5792,0.5653,0.5756,-0.11120967331076374,-0.7366337444296853,0.00603035461345125,0.741006661146284,-0.18147276321501693,0.4547294371786501,0.6631812378473051,0.0885363378584123
2024-08-13 11:00:00,0.5787,0.5666,0.5734,-0.18715343874928753,-0.7323676535974141,0.004514636745551526,0.5619830066256167,0.09376342401617627,0.4603844922968985,0.6739587468841088,0.08649987293170847
2024-08-13 15:00:00,0.5834,0.5715,0.5812,-0.2896539306657647,-0.40717942721288786,0.009083589211518861,0.8151253654408714,-0.01805289307773342,0.5094522870408915,0.6957413279338992,0.08371719883542242
2024-08-13 19:00:00,0.5818,0.5728,0.576,-0.5159638950904676,-0.4022093525215878,-0.00148317308311674,0.35555516049426367,-0.35352578512199684,0.48116193653001277,0.6921523496434167,0.07650655344957992
2024-08-13 23:00:00,0.5811,0.5711,0.5798,-0.3929058510494833,0.0576457224616335,-0.0033164105637008,0.8699991300008719,-0.42702894987603984,0.4875990788798554,0.6841392106879759,0.06951859262245051
2024-08-14 03:00:00,0.5812,0.5752,0.5782,-0.49713962805570694,0.0505315008818455,0.0053663700293944405,0.49999916666805555,-0.4672908742111141,0.4541707963196437,0.6970624773895713,0.06656018147469245
2024-08-14 07:00:00,0.5828,0.5742,0.58,-0.23605075279289123,0.2332777071898702,-0.001711136567378202,0.6744178204443897,-0.4571830190537144,0.44028111725759883,0.6836868674529367,0.061065531873596854
2024-08-14 11:00:00,0.5825,0.5641,0.5738,-0.010666372309074136,0.2296851881548585,-0.005228296530489174,0.5271736265360696,0.26876598972868,0.4641191041967961,0.6578200882926789,0.053962660439152946
2024-08-14 15:00:00,0.5756,0.5681,0.5701,-0.4347926072179208,-0.8378672505403605,-0.0035539018575990733,0.2666663111115872,-0.23268719368729174,0.48919187040050227,0.648674959313658,0.0522199048881207
2024-08-14 19:00:00,0.5725,0.5652,0.5685,-0.6506976420802506,-0.8581387475700996,-0.0066288803270334595,0.45205417526825054,-0.5207490709869307,0.4700332897106239,0.63167771980577,0.052225374543647764
2024-08-14 23:00:00,0.5742,0.5672,0.5724,-0.5023642954983795,0.16685930892481113,0.003816243729543478,0.7428560816341659,-0.46727084481768977,0.5029059670797341,0.6373364017395826,0.05181705232992602
2024-08-15 03:00:00,0.5726,0.5624,0.5652,-0.5073941406794862,0.16996958117770145,-0.007299379668844419,0.2745095347945765,-0.4793832003989535,0.3954962088676685,0.6181447464613358,0.04330710705368298
2024-08-15 07:00:00,0.5678,0.5626,0.5671,-0.28714040307129574,0.43498615597422086,-0.002590304900458862,0.8653829511866468,-0.42059538507211436,0.38236074367265366,0.6076236474034569,0.04010084421539216
2024-08-15 11:00:00,0.5722,0.566,0.57,-0.3665279173150952,0.43715735649848364,0.007330931077495162,0.6451602497415234,-0.3902753807277151,0.43174230381758466,0.6265954120878272,0.036818107002507254
2024-08-15 15:00:00,0.5732,0.5521,0.5616,-0.23051589009344772,0.10728804348641352,-0.010454837724624189,0.4502367534422945,-0.09047618407629436,0.4731300560816407,0.5993409221526785,0.04104592765544128
2024-08-15 19:00:00,0.5622,0.5504,0.5606,-0.23872653242585865,0.10082126509325823,-0.01212077410181156,0.8644060471135159,-0.16603897260152223,0.4774125922289772,0.5680738842881177,0.044346241531056964
2024-08-15 23:00:00,0.5668,0.558,0.5666,-0.5225873117559885,-2.0269418630587817,0.008439824564029141,0.9772716167368015,-0.5852938479314475,0.4898657977560464,0.5880877501166754,0.042169930292733575
2024-08-16 03:00:00,0.5693,0.5589,0.5691,-0.6499246677020412,-1.9990480875492036,0.00823584552526957,0.9807682877228026,-0.6000431654797534,0.45578931802490397,0.6093297923034888,0.04117941446858357
2024-08-16 07:00:00,0.5723,0.5662,0.5687,-0.34920622007299285,0.5044222811905232,0.004264643388140366,0.40983539371246097,-0.596468157731258,0.3713197340685978,0.6204198276306487,0.041392546170324736
2024-08-16 11:00:00,0.5688,0.5556,0.5577,-0.05116145698141298,0.5010979068426968,-0.01164848041611688,0.15909078856758385,-0.007030015351322297,0.41374447892036503,0.58999923605237,0.04750889581099461
2024-08-16 15:00:00,0.5679,0.5535,0.567,-0.3148218291468139,0.2941343172177277,-0.0020398141587504304,0.9374993489587845,-0.14764941075461735,0.4979919386886643,0.5847342112933888,0.04637397758390378
2024-08-16 19:00:00,0.5687,0.5627,0.5642,-0.7061455701507101,0.29688372612712316,0.009569920376662155,0.24999958333403702,-0.5914781074397781,0.42590542437110707,0.6093850304391005,0.04728844378377015
2024-08-16 23:00:00,0.5653,0.5611,0.5636,-0.8092249835646351,0.8253758296384897,-0.004213665251306731,0.5952366780078995,-0.7177972706152337,0.44647787064359823,0.5911324555755286,0.044335894642057776
2024-08-17 03:00:00,0.5661,0.5618,0.5647,-0.8194931484586011,0.8253758296384897,0.0012503472048226438,0.674417036239441,-0.7791130630474133,0.5158712897468098,0.5897106354640725,0.043141486781137724
2024-08-17 07:00:00,0.565,0.5625,0.5631,-0.7787278852105919,-0.8860266173300868,-0.0008229584681567204,0.23999904000386307,-0.740813158996438,0.4054378941842126,0.5817001286312472,0.0396003948705159
2024-08-17 11:00:00,0.5688,0.5625,0.5684,-0.7419706301724129,-0.8938334767181282,0.003993365198933896,0.9365064499897686,-0.6938439900958094,0.5269069924103799,0.5896842890380797,0.03515506516854277
2024-08-17 15:00:00,0.571,0.5667,0.5689,-0.7360407228624668,-0.5597747955453317,0.004307391874118105,0.5116267171471682,-0.6967496110035878,0.46655903803013843,0.6014677372257984,0.028182928042473493
2024-08-17 19:00:00,0.5689,0.5645,0.5656,-0.8233476050189417,-0.554041253947848,-0.0035275490980839486,0.24999943181947315,-0.7859841924944644,0.4439254406331027,0.5917760868539773,0.0256784346249602
2024-08-17 23:00:00,0.5695,0.5649,0.5689,-0.7987165348220578,-0.35841324859332213,-6.51210434531313e-05,0.8695633270362372,-0.7737109864360682,0.4948200778175825,0.5855653182303197,0.02511332117339839
2024-08-18 03:00:00,0.5696,0.5642,0.5656,-0.7715429246419901,-0.3535066757378117,-0.0004005596680447532,0.2592587791504029,-0.7582320828308345,0.4337799020977941,0.5794231588959142,0.02494738753674342
2024-08-18 07:00:00,0.5705,0.5646,0.5672,-0.6017294220863935,0.7849277571380987,0.0021901893295668273,0.4406772191911606,-0.6818514723455117,0.4641886419767371,0.5748154455435301,0.022594699951448985
2024-08-18 11:00:00,0.5845,0.5662,0.5716,-0.3164334624597148,0.7854298590366988,0.012742215076300134,0.29508180596622435,-0.36172360818756666,0.5106963775119507,0.611637744031946,0.024224314544178095
2024-08-18 15:00:00,0.5755,0.5685,0.5716,-0.6781542794307805,-2.000236822590141,-0.003863024782689295,0.44285651020498384,-0.6930728407582935,0.5060360744672847,0.6003321764448479,0.025723228009599308
2024-08-18 19:00:00,0.5741,0.5694,0.5714,-0.696051230332238,-1.973655403883699,-0.00023376851734546733,0.4255310095084874,-0.7398630601588101,0.47936140899953633,0.5996506700120791,0.026346540641536027
2024-08-18 23:00:00,0.572,0.5608,0.5672,-0.3663012630996204,-0.09412409159528885,-0.012527073208524642,0.5714280612249524,-0.4599667815736554,0.4804020919032179,0.5631389732071393,0.02538712229059505
2024-08-19 03:00:00,0.5735,0.565,0.5705,-0.41075399562936504,-0.09000411169074264,0.004022723453005472,0.6470580622846349,-0.6457379230604738,0.4458128256108781,0.5747168194028873,0.023903337162091722
2024-08-19 07:00:00,0.5899,0.5694,0.5861,0.5706880485442104,-0.8384240885806808,0.022970460671581705,0.8146337489591452,0.20487417699543095,0.488630023239999,0.6410943123950322,0.037162114633549494
2024-08-19 11:00:00,0.5873,0.5748,0.5808,-0.10020275949416779,-0.8493990921806229,-5.480836720617166e-05,0.47999961600030505,-0.16443853922671475,0.480384353921695,0.6409322952041601,0.042332393363218514
2024-08-19 15:00:00,0.6079,0.5781,0.6045,0.361532506342424,-0.2549004268475233,0.021025214341247267,0.8859057429846515,0.32179603434179493,0.5230142859634507,0.7030808253819133,0.06685815461822249
2024-08-19 19:00:00,0.6091,0.5941,0.597,-0.16643477065996437,-0.25439580316688837,0.013240958956962423,0.19333320444453111,-0.1482081041790018,0.4984819158720733,0.743042744513968,0.07540355372738673
2024-08-19 23:00:00,0.6097,0.5956,0.6087,-0.3279046118230792,0.510529998756712,0.005026459543873374,0.929077355264287,-0.33388300163000934,0.5238252574782305,0.7584137340153662,0.09056006751257648
2024-08-20 03:00:00,0.6137,0.6037,0.6092,-0.336170380302459,0.5127286509242341,0.00896095958119325,0.5499994500005444,-0.3564445527095999,0.45258172404935726,0.7859542231053787,0.10224207652702898
2024-08-20 07:00:00,0.615,0.6065,0.6069,-0.09323032310833311,-0.022984958054871562,0.0016866398559354234,0.047058768166150185,-0.31521986770653143,0.41993314910121105,0.791184369569428,0.10956914564025431
2024-08-20 11:00:00,0.6098,0.5927,0.5935,-0.006514231998732785,-0.018979774569394064,-0.012945923949408855,0.046783598372166016,-0.019235388280661625,0.436234229678449,0.7509723000162518,0.11172606621389163
2024-08-20 15:00:00,0.6012,0.5875,0.5993,-0.256977717998308,0.652186752824424,-0.014360866488227986,0.8613132399173496,-0.07947346391222686,0.4956886834398721,0.7069426772534751,0.11061409759901332
2024-08-20 19:00:00,0.6031,0.592,0.5948,-0.49940169187154027,0.6517837937321237,0.006821668108687007,0.25225202499817795,-0.45253726412865525,0.4545239778706261,0.727557179089278,0.11076946300399673
2024-08-20 23:00:00,0.6022,0.5923,0.5987,-0.3928319863385246,-1.2588393431354956,-0.0031156621130594697,0.6464639934707157,-0.5526105783767181,0.5146792466371597,0.7180776848942337,0.10978675305355791
2024-08-21 03:00:00,0.5999,0.5926,0.5974,-0.38621883541354524,-1.2470921025291641,0.00254194956034004,0.6575333458447378,-0.5739387695819789,0.41976669336388084,0.7257875452710242,0.10708804555433936
2024-08-21 07:00:00,0.5999,0.5935,0.5991,-0.3047472030908888,-0.27984036053275524,0.0005391899340534412,0.8749986328146319,-0.47484801450810316,0.401354872262766,0.7274270924353576,0.10457156519578745
2024-08-21 11:00:00,0.5998,0.584,0.5905,0.21476857474142347,-0.27499781130185214,-0.007295723316946168,0.4113921446885189,0.3017898138393989,0.4331244952739882,0.7052305873840232,0.09988936732933783
2024-08-21 15:00:00,0.6045,0.5893,0.604,-0.22103193332054802,-0.33547446073604176,0.0064459342938452124,0.967104626904847,-0.0008978189764832458,0.5249952631524847,0.7246986175139701,0.09355181838345951
2024-08-21 19:00:00,0.6056,0.5994,0.6006,-0.3679661507432353,-0.3304091377564059,0.009184576959233803,0.1935480749224569,-0.21472997247872766,0.5047645982110819,0.7526167100749155,0.08983720125393738
2024-08-21 23:00:00,0.6013,0.5923,0.5952,-0.4174424349967334,-0.22248317965555858,-0.005695438180589596,0.32222186419792154,-0.4401418949532728,0.4808167055023375,0.7351454458297171,0.08438330239622295
2024-08-22 03:00:00,0.6042,0.5942,0.5997,-0.397349914833288,-0.22767967829992375,0.0013887916899675279,0.5499994500005555,-0.47832476663794116,0.38806185959359585,0.7393814241731076,0.07636044889235687
2024-08-22 07:00:00,0.6049,0.5983,0.603,-0.36883092972703685,0.4140408451816255,0.0024318687377915538,0.7121201331513088,-0.4867986909672842,0.47827916534674003,0.7468092117972372,0.06282145546657798
2024-08-22 11:00:00,0.6041,0.5958,0.5986,-0.03729247201433053,0.4170017579153321,-0.0031090561388538163,0.3373489911457978,-0.21504262741830033,0.4431143833575716,0.7372899608237585,0.04765414293196348
2024-08-22 15:00:00,0.6003,0.5944,0.5976,-0.5209912200217087,0.928095110431583,-0.0030592725981789526,0.5423719620814256,-0.5071193033785033,0.5029525704667985,0.727952258164267,0.04368961369620095
2024-08-22 19:00:00,0.6002,0.593,0.5977,-0.5784500732989312,0.9212610745892406,-0.000664893078771045,0.6527768711432411,-0.5641590550566864,0.4621129314332449,0.7259290386075371,0.03318501734071537
2024-08-22 23:00:00,0.6061,0.5965,0.6,-0.40330387983848687,-1.105051031699928,0.0038231786545799284,0.3645829535594201,-0.5426136436627667,0.5756246583655071,0.7375549481489988,0.032231526653180326
2024-08-23 03:00:00,0.6017,0.5955,0.6015,-0.37576945008676904,-1.0951369018159713,4.108342152520095e-05,0.9677403746123024,-0.5086339681797943,0.43391382817201596,0.73768035641752,0.032008307086372874
2024-08-23 07:00:00,0.6021,0.5986,0.5988,-0.30716176585259447,0.8035733062856701,0.0007733663285030001,0.05714269387801205,-0.51628252307686,0.38241815335266727,0.7400411752862457,0.02895861383683312
2024-08-23 11:00:00,0.6042,0.5909,0.5961,0.11590539899132961,0.8046042075557963,-0.00305449263471258,0.3909771496412402,0.005468071039242958,0.45346639318698845,0.730709658765105,0.024863340766177158
2024-08-23 15:00:00,0.6095,0.5952,0.6054,0.07508668301695827,-0.22941951093255764,0.007733834139976192,0.713286214485167,-0.06011382974444528,0.4804938214968445,0.7542644587937051,0.02339622711678661
2024-08-23 19:00:00,0.616,0.605,0.6109,-0.21859645971428432,-0.2280821704549238,0.012381451940241872,0.5363631487607748,-0.25903360840832607,0.5021307291640532,0.7922660676830294,0.028072491249080886
2024-08-23 23:00:00,0.6125,0.6043,0.6081,-0.5141372417704075,-1.3502845041530203,-0.0028714776294482824,0.4634140690072306,-0.5137935918217114,0.470772854674072,0.7833437018806187,0.03093641964499898
2024-08-24 03:00:00,0.6126,0.6062,0.611,-0.5869756203806393,-1.3375241056027434,0.0006804157903879116,0.7499988281268267,-0.5795875373738241,0.529103531976021,0.785451845092533,0.03374538101814445
2024-08-24 07:00:00,0.6125,0.6075,0.611,-0.5164873596393882,0.4891292199369775,0.0024139406199481517,0.6999986000027889,-0.5366214205946989,0.4682070410946779,0.7929360851614715,0.0367729607638013
2024-08-24 11:00:00,0.631,0.6097,0.6248,0.6200484674159984,0.4919506969931882,0.019459616692400816,0.7089198549672048,0.4378092054471687,0.5120097257306159,0.8534147933576098,0.04867755445246207
2024-08-24 15:00:00,0.6261,0.6175,0.6197,-0.18743959339494348,0.9582174159466079,-0.00031431849036744897,0.25581365603063194,0.030690755901668296,0.44813599617587957,0.8524189106722819,0.05449084325396318
2024-08-24 19:00:00,0.6245,0.6049,0.6097,-0.16804644035787622,0.9582174159466078,-0.011760386585417781,0.24489783423579942,-0.0034660068810863174,0.467255244211601,0.8151691641740163,0.052073654211440897
2024-08-24 23:00:00,0.614,0.6043,0.6088,-0.43444057459570595,0.7661209892657791,-0.008506873967673578,0.46391704750820256,-0.31916260948811764,0.4934107954556795,0.7885414442293068,0.05248624140120587
2024-08-25 03:00:00,0.6096,0.6043,0.6049,-0.3801103759761935,0.7675614131726666,-0.004263656760197132,0.11320733357107546,-0.33448546711332233,0.48300665779630925,0.775309126368152,0.05239812246292901
2024-08-25 07:00:00,0.605,0.595,0.6003,-0.04409981100498736,-2.6058788371588113,-0.011822189714465248,0.5299994700005267,0.07515587492888186,0.489514653017405,0.7387752316737111,0.051078115789054544
2024-08-25 11:00:00,0.6061,0.6001,0.604,-0.47347759105364734,-2.556882531767807,0.005281242108608364,0.6499989166684741,-0.4397512958802865,0.5060569485301953,0.7549028123528273,0.0500489573568026
2024-08-25 15:00:00,0.6058,0.5995,0.6013,-0.5901203623373933,-1.2842544289210212,-0.001311110360789569,0.28571383220025376,-0.4412232684311042,0.4234745675243083,0.7508778671313361,0.05054095284798305
2024-08-25 19:00:00,0.6044,0.599,0.603,-0.5240207552139923,-1.2721948532633927,-0.0006489493765228227,0.7407393690011594,-0.49759861797403604,0.47772612363032896,0.748888285499969,0.04941428388420209
2024-08-25 23:00:00,0.6047,0.5915,0.5966,-0.3306745689917144,-3.4907177660904933,-0.005192442821550292,0.3863633436641334,-0.18392430410542343,0.46132660766776323,0.7329793639812987,0.050350351549081726
2024-08-26 03:00:00,0.5983,0.5931,0.5946,-0.36183793867233177,-3.3918607875056583,-0.0036998367121690023,0.2884609837288832,-0.4932884638552752,0.39919389609781547,0.7217024400795851,0.051882861600593556
2024-08-26 07:00:00,0.6008,0.5919,0.5959,-0.16792303847574988,-0.48322430773361474,9.36497050663121e-05,0.44943769726101374,-0.3401007154183254,0.4651493500188976,0.7219868237844727,0.053154591287826645
2024-08-26 11:00:00,0.5972,0.586,0.5923,0.5211447429282687,-0.4775254420438628,-0.008061406007293659,0.5624994977683136,0.16833324734897148,0.40935288323565916,0.6975046623048835,0.05675905856695939
2024-08-26 15:00:00,0.5945,0.5782,0.5822,0.07724055759491075,0.22173485958722133,-0.008714256741276571,0.24539862245483332,0.03504853052537426,0.4694670753596117,0.6712531635956128,0.0669667850924064
2024-08-26 19:00:00,0.5894,0.5793,0.5888,-0.7244767297658303,0.2242164402221626,-0.0035191748540194245,0.9405931281256112,-0.32825171829345506,0.5174335056842903,0.6607441136187027,0.0692009689962912
2024-08-26 23:00:00,0.5957,0.5867,0.5921,-0.8691639940981636,-3.838536429059155,0.010532926449275948,0.5999993333340692,-0.4679604600249124,0.4637430064998782,0.6920871169853132,0.07091076289254411
2024-08-27 03:00:00,0.5944,0.5894,0.5903,-1.0055213966217316,-3.7049949205808863,0.0031337494245318176,0.17999964000072222,-0.5642302867013084,0.47382142954516304,0.7015104880741466,0.07243434092742272
2024-08-27 07:00:00,0.5926,0.5838,0.5851,0.8912273920378607,-0.5035055651648983,-0.0072730019681511715,0.1477271048555585,-0.2708047567519224,0.4336126355301118,0.6795716019578006,0.076700544536469
2024-08-27 11:00:00,0.5955,0.5843,0.5937,0.5568590977801052,-0.4977131370010536,0.005075471074907911,0.8392849649241362,0.06818152808819783,0.5020969329983186,0.6947703235161293,0.0745087112051071
2024-08-27 15:00:00,0.6003,0.5914,0.5947,0.18227141712121286,0.9749192669958644,0.009532410227975685,0.37078610024033726,-0.0845874732909428,0.5029331303476459,0.7234604260136178,0.07263983124575853
2024-08-27 19:00:00,0.596,0.5528,0.5665,3.156048269098753,0.9749192669958645,-0.042323146029194625,0.31712955622001104,1.080982164442266,0.43776314671443795,0.594864389035729,0.08022973591575697
2024-08-27 23:00:00,0.57,0.5601,0.5676,0.7762647963808685,-1.368963933835515,-0.010171943500635217,0.7575749923484946,0.10673908106766329,0.5007203143711981,0.5652656934334938,0.08220990633773133
2024-08-28 03:00:00,0.5751,0.5666,0.5705,-0.25231213343258935,-1.3574476225189092,0.007696300871616435,0.4588229896200165,-0.38280350883776254,0.5094263844687195,0.5874328725247643,0.08488325878588925
2024-08-28 07:00:00,0.5798,0.565,0.5776,1.8917435432577467,-3.5604544735750543,0.005382885333139464,0.8513507761143422,0.21586772184402472,0.4400543141495798,0.603056187396602,0.08163153484076204
2024-08-28 11:00:00,0.5845,0.5676,0.5703,0.9150573963386351,-3.451293219243679,0.008926516215070457,0.15976321907502014,0.18139223079512012,0.4626733218855392,0.6291040170631014,0.08442948059611316
2024-08-28 15:00:00,0.575,0.5558,0.5748,0.7399036486096127,0.8889703540436239,-0.021388044080169255,0.9895828179256168,0.7107493884527603,0.4718432409593753,0.5661359804840733,0.08390997613534106
2024-08-28 19:00:00,0.5779,0.5656,0.5703,-0.795025917256085,0.8896190149657927,0.011668081140855602,0.3821135104768245,0.06882308611580827,0.4702159216328414,0.5997529870589199,0.08364097921599414
2024-08-28 23:00:00,0.5718,0.5679,0.5714,-0.588481699502808,0.5198891956170562,-0.004249295643575679,0.8974335963241237,-0.46643392578058784,0.5138476611950913,0.5873674570908956,0.08190622722849884
2024-08-29 03:00:00,0.5758,0.5703,0.5757,-0.7128904606175986,0.5227032461440876,0.005806790722936439,0.9818163966974623,-0.5621569434089174,0.4691628407729445,0.6042207373552354,0.0758954232882056
2024-08-29 07:00:00,0.577,0.5712,0.5741,0.03403433398757124,-0.3430028376700473,0.0012138116344029282,0.49999913793253037,-0.4733303539024126,0.45826011635318464,0.6077640879708714,0.0735232126444609
2024-08-29 11:00:00,0.5763,0.5707,0.5747,-0.24562088924085132,-0.3377300364674001,0.00020817391100136362,0.7142844387777822,-0.3237678440941474,0.41083150139457214,0.608372525460248,0.07082819908314703
2024-08-29 15:00:00,0.577,0.5599,0.5621,0.3461840770549553,0.24930623457334672,-0.005897434134728652,0.12865489552345818,0.019315029461807205,0.43140410956622816,0.591132291200201,0.07314000215780704
2024-08-29 19:00:00,0.5653,0.5573,0.5605,-0.7537364030244464,0.2531752395996208,-0.015463487161248679,0.39999950000062223,-0.17880704996757538,0.4906531750158688,0.5461937783326398,0.07512280252300009
2024-08-29 23:00:00,0.5652,0.5593,0.5645,-0.5801054721575587,-0.9854438977932822,0.0023760487123067886,0.8813544383823024,-0.46693654641150756,0.5322150836169092,0.5529920485902996,0.07666703091212154
2024-08-30 03:00:00,0.5645,0.5574,0.5634,-0.70514588311021,-0.9772543888982451,-0.0028106747971733403,0.8450692322968573,-0.47419347719887933,0.4637852412079203,0.5449311331434842,0.07640331020384168
2024-08-30 07:00:00,0.5661,0.5614,0.5646,0.4825077377327019,0.02001802630328177,0.0030730609714444412,0.6808496152135751,-0.42353649353515277,0.43958344240584046,0.5537197911301087,0.07228642892058021
2024-08-30 11:00:00,0.5678,0.5556,0.5558,0.5255160153262043,0.024536469040058993,-0.0011359827979722237,0.016393429185711992,0.09686081655068256,0.4491490623406673,0.5504610061273016,0.07305535822002994
2024-08-30 15:00:00,0.5624,0.5462,0.5619,1.7549525884527193,-0.5031813787591464,-0.01746111761464575,0.9691352042375246,0.7986012586832693,0.5054820884817888,0.5004273360830965,0.07036638709007137
2024-08-30 19:00:00,0.5673,0.5584,0.5663,-1.0033563801830065,-0.49723943502162166,0.019099973401965675,0.8876394520905034,-0.36111003007776443,0.5166841234735312,0.5542013965113707,0.05867710661117906
2024-08-30 23:00:00,0.5682,0.5653,0.566,-1.3663715392653881,0.5013847051222905,0.005815406774883236,0.24137847800522055,-0.5782333610426846,0.4447301297912979,0.5708868093534555,0.04099908107143378
2024-08-31 03:00:00,0.5687,0.5645,0.5675,-1.4629917699824477,0.5047865473374583,-0.0001338246366680007,0.7142840136094952,-0.6020784702896663,0.4696585866931133,0.5705006102908141,0.04082959984246933
2024-08-31 07:00:00,0.5721,0.5625,0.5704,-1.0956893623173767,1.0455066300352205,0.0019703789318119558,0.8229158094626958,-0.5231590457630281,0.4293146191238803,0.5761860855550383,0.040791147411491674
2024-08-31 11:00:00,0.5705,0.5655,0.5663,-1.2116850165234625,1.0385388875515482,0.0007955782286175328,0.15999968000064443,-0.5154967134059127,0.3999773466083909,0.5784862283163403,0.04098300036184645
2024-08-31 15:00:00,0.5678,0.5624,0.5668,-1.2313628949226825,1.0308009015983537,-0.005093488013697689,0.8148133059012839,-0.4314002489501487,0.47568440999133155,0.563748431380695,0.03766248422886928
2024-08-31 19:00:00,0.5686,0.5658,0.5674,-1.4868859922713122,1.023133474251715,0.0035204021163413035,0.5714265306195448,-0.6193870001789339,0.4746971016181143,0.5738826863529408,0.037308327824968825
2024-08-31 23:00:00,0.5673,0.559,0.56,-1.2997104480478192,1.0231334742517153,-0.008003972295968054,0.1204817825520697,-0.5068967034162057,0.42420896053003315,0.5507603701267003,0.037223938452317494
2024-09-01 03:00:00,0.5608,0.553,0.5582,-1.018826122074534,1.0231334742517153,-0.008604952690916767,0.6666658119669124,-0.42665161607035285,0.49861168128007427,0.5261008750558323,0.03899954962083938
2024-09-01 07:00:00,0.5603,0.5555,0.5567,-1.1530642430341218,-0.42369420292948995,0.000731305638328017,0.24999947916774595,-0.4250765891634622,0.4733961009151922,0.5281785679743066,0.04057099541681925
2024-09-01 11:00:00,0.5589,0.5515,0.5547,-0.8436130795505513,-0.4241627361423926,-0.004494904363305241,0.4324318480650698,-0.22989378774487484,0.5027376658228819,0.515398876199706,0.03989018762070172
2024-09-01 15:00:00,0.5607,0.5522,0.5592,-0.8569460511892145,-0.10011782951861795,0.001237670368551269,0.8235284429077196,-0.21239426466557024,0.49164841513397206,0.5189019428831433,0.03647994784385221
2024-09-01 19:00:00,0.5619,0.5434,0.5454,-0.3120975885670672,-0.10104332822405639,-0.007235481904148355,0.10810804967132481,0.0025484507449427428,0.4695570661333102,0.4983974962227875,0.04271907004383975
2024-09-01 23:00:00,0.5508,0.5435,0.547,0.133000913471503,-0.591353807364862,-0.008230589032831914,0.4794513980117933,0.16981828166445606,0.47958769665357176,0.47524180465744126,0.049047105071516495
2024-09-02 03:00:00,0.5511,0.5447,0.5499,-0.5690919870856365,-0.6048793048960258,0.0021522589898563815,0.8124987304707391,-0.4049429865193081,0.4569045155878537,0.4812470683028384,0.052103408365484175
2024-09-02 07:00:00,0.5576,0.5443,0.5569,0.33242648609098296,-1.4394838122689557,0.004454012711674338,0.947367708746081,-0.05309670052138267,0.48483508321159025,0.4937014654416515,0.05133203948318145
2024-09-02 11:00:00,0.5577,0.5509,0.5573,-0.29361377247077725,-1.4253323504789868,0.006348933637017495,0.9411750865072325,-0.3192787399197754,0.4494686429330269,0.5115335495387666,0.05120402735627945
2024-09-02 15:00:00,0.5622,0.5555,0.5618,-0.8070730536255779,0.5948550679584113,0.00728632425953224,0.9402971040341634,-0.31524278747941825,0.49607286928970135,0.5321283885433377,0.050298015597856384
2024-09-02 19:00:00,0.5688,0.5607,0.5678,-0.5501143037064448,0.5978855487519764,0.01235280042333109,0.8765421277257681,-0.2854083945138287,0.5266448271919986,0.5672980565977436,0.050841351850862894
2024-09-02 23:00:00,0.5724,0.5656,0.5667,-0.6421128134380661,0.2123404998246913,0.0038448663683101625,0.16176446799342725,-0.40787320620130946,0.495271926614132,0.5783800014117875,0.05187166766297536
2024-09-03 03:00:00,0.5681,0.5649,0.5661,-0.7973544040852706,0.21664599916506824,-0.0025606750664767253,0.37499882812867946,-0.5156610707775033,0.46057665432528466,0.5709710660116113,0.0518700388121239
2024-09-03 07:00:00,0.5724,0.5656,0.5695,0.2762983835927598,0.07704751142859016,0.0035525977954793397,0.5735285683403405,-0.38537452855796517,0.4872784529132978,0.5812236624725351,0.05278960360886532
2024-09-03 11:00:00,0.5723,0.5571,0.5616,0.4611752847518303,0.08170297852881174,-0.006879807823074069,0.2960524368076041,0.09755689037557333,0.46182900379881076,0.5612983900175628,0.05236669370625066
2024-09-03 15:00:00,0.5648,0.5586,0.5628,-0.3636511810441944,0.8535859325043814,-0.005918562542105321,0.6774182622286081,-0.13911674488516199,0.4851979541362661,0.5442750013493702,0.04975737458698717
2024-09-03 19:00:00,0.5677,0.5623,0.563,-0.8639237280082918,0.855454322530913,0.006796124824868466,0.12962938957519116,-0.4185944635479,0.516216033800684,0.5637068037197913,0.048917243516964526
2024-09-03 23:00:00,0.563,0.5326,0.5499,2.4427841842896734,0.8636079269856219,-0.03209951506185582,0.5690787601714639,0.6205907721017182,0.4829439820138298,0.4713025966681705,0.051167938841633336
2024-09-04 03:00:00,0.5549,0.5497,0.551,-0.116259005963833,0.8654439715923251,0.009082663819005132,0.2499995192317098,-0.44751529638843124,0.45202482393478344,0.49660939593815856,0.050604950719019555
2024-09-04 07:00:00,0.557,0.549,0.5494,0.00816924833036057,0.09821513686969442,0.0025840087784194665,0.049999937500072575,-0.3385763601873234,0.39912599801949505,0.5038745480278891,0.052645718106868515
2024-09-04 11:00:00,0.5595,0.5472,0.5591,0.8952184944241879,0.09903567512880845,-0.002281475318159365,0.9674788882285497,0.1780280191884623,0.4752660835115392,0.49744341824810695,0.05177369482261063
2024-09-04 15:00:00,0.5648,0.557,0.5572,-0.14031054530679204,-0.008959301571577443,0.015225544573448602,0.025640992767955437,0.0498412911169996,0.4680467107433805,0.5402639809294575,0.05192797885646071
2024-09-04 19:00:00,0.5612,0.5558,0.5598,-0.7798289102832747,-0.00402853020689971,-0.0038046488542086143,0.7407393690011594,-0.43588276439170887,0.5029848929966882,0.5294008090339059,0.051502855068293815
2024-09-04 23:00:00,0.5605,0.5565,0.5568,-0.6430045158333083,-0.6432704042783557,-0.00023791032772080278,0.07499981250046042,-0.5395074907354589,0.5226933356516908,0.5287241032671851,0.051781607845716275
2024-09-05 03:00:00,0.5569,0.5499,0.5518,-0.3231719548812372,-0.6376812641681894,-0.010107014796461034,0.27142818367401333,-0.36446904253068807,0.44690812564089305,0.4999828204451258,0.04892326720252786
2024-09-05 07:00:00,0.5547,0.5485,0.5508,0.4627245661938271,-0.8369682019683441,-0.002717299894980263,0.3709671436013772,-0.3770698644793147,0.47114018536174174,0.49233374286998927,0.04693095945567392
2024-09-05 11:00:00,0.5555,0.5497,0.55,0.11149906939314705,-0.8292924200152902,0.001639607500763418,0.05172404875165328,-0.19011568059516346,0.4488591447272747,0.496936623109097,0.04694877506017063
2024-09-05 15:00:00,0.5509,0.5399,0.5468,0.2695081599322202,0.1434727092839041,-0.011675913965169427,0.627272157025309,0.11933808401134191,0.4585222192988931,0.4641050150614871,0.05091213102406243
2024-09-05 19:00:00,0.5476,0.54,0.5448,-0.5513919085662577,0.14661695519535972,-0.0038910443533759498,0.6315781163445776,-0.28283073011092025,0.44372611555613006,0.4532915015060665,0.05548940663860961
2024-09-05 23:00:00,0.5473,0.5405,0.5463,-0.3246556774344158,-0.3706451719706517,0.00030549270330970657,0.8529399221471738,-0.3505251493863928,0.5167743891292741,0.4541371859344615,0.057581567363288504
2024-09-06 03:00:00,0.5472,0.5422,0.5435,-1.0739684048232545,-0.3648204945071839,0.001850476959216918,0.25999948000103335,-0.4954558504842416,0.46268658299981813,0.4592613594549978,0.05823915299862362
2024-09-06 07:00:00,0.5435,0.5323,0.5374,2.0706250537295814,-0.3392049924447521,-0.015473773876866437,0.4553567362886282,0.13401325182394766,0.4602305034896862,0.41633349329348973,0.06250674734421906
2024-09-06 11:00:00,0.5453,0.5268,0.53,2.37745920742189,-0.33339757229899986,0.0006506632141392021,0.17297287947411852,0.8806401180714881,0.4673566442496106,0.41811065357684923,0.07129868220858528
2024-09-06 15:00:00,0.532,0.5131,0.5132,1.6144759177874413,-0.42772349997295667,-0.026771731008681465,0.005291002491532483,1.1222274781094597,0.44028383485962347,0.34494128874705626,0.09368189877270225
2024-09-06 19:00:00,0.5215,0.5026,0.5201,1.6782519677060712,-0.4216813704568561,-0.018302606384578035,0.9259254360182897,1.065887726422463,0.48411040136330324,0.3097938771906877,0.1022249319706754
2024-09-06 23:00:00,0.5241,0.5197,0.52,-1.1152288026808876,-2.6918155667495056,0.01736499105367839,0.06818166322348579,-0.5331864067300708,0.4297629248325033,0.3794236108709483,0.10821690267037931
2024-09-07 03:00:00,0.529,0.5197,0.5286,-1.1198032975114003,-2.640766037968814,0.006499525705479403,0.9569882182922311,-0.48833189313632136,0.4987909134492193,0.420508739124385,0.10487169284584577
2024-09-07 07:00:00,0.5307,0.5265,0.5272,-1.1854193392045835,-1.0695522397110215,0.006380841403390125,0.16666626984222346,-0.5218471342143239,0.43739672997752616,0.44050060394326523,0.10786712739241974
2024-09-07 11:00:00,0.5311,0.5263,0.5306,-1.12609944330053,-1.0602083107839544,0.0009102020794689025,0.895831467017766,-0.5204665984983315,0.4890810412876076,0.4433705619358283,0.10767577771720344
2024-09-07 15:00:00,0.5329,0.5259,0.5292,-1.1394814444748045,-0.28634158222598666,0.002070211883123285,0.471427897960141,-0.4799062337153203,0.42296470594092656,0.449904088026666,0.10872589388977592
2024-09-07 19:00:00,0.5311,0.5228,0.5245,-0.9675295704436567,-0.28697548300542064,-0.006144267280835614,0.20481903033850912,-0.5284770253498517,0.452070332608625,0.4304728225873871,0.10725438027579673
2024-09-07 23:00:00,0.5278,0.5233,0.5272,-1.2237111430820404,0.6454291413767972,-0.0022871578270790005,0.8666647407450123,-0.5908536671172997,0.5076650916130234,0.4232841208243256,0.10278273708807399
2024-09-08 03:00:00,0.5303,0.5267,0.5277,-1.320569814419633,0.646619827059398,0.006106336544934532,0.2777770061749794,-0.6377865076325646,0.4238694881442017,0.44243287970828776,0.09520718131660513
2024-09-08 07:00:00,0.5316,0.5276,0.5307,-1.186239897551973,0.7628342151055127,0.0019991715368501417,0.7749980625048409,-0.5810931563889169,0.5287014870165715,0.44874033002723984,0.08686442418102197
2024-09-08 11:00:00,0.5311,0.5242,0.5256,-1.071872987761026,0.7556565251573975,-0.004874015752714178,0.20289825666918648,-0.48550579875213573,0.429323704290799,0.43333191138904975,0.08270675738647693
2024-09-08 15:00:00,0.527,0.5208,0.5264,-1.05668233698504,0.06589641297211941,-0.006306168343659158,0.9032243496381382,-0.4267996455900309,0.5037477549773403,0.41349314024297834,0.07652223558369722
2024-09-08 19:00:00,0.5314,0.524,0.5267,-0.9404689826668146,0.07097986285724475,0.0070185156822444306,0.36486437180489467,-0.38973495197740754,0.5116390397781962,0.43543366831270797,0.06925451052721841
2024-09-08 23:00:00,0.5311,0.5261,0.5302,-0.6831546408212441,-0.1663778335121693,0.0033951232814648513,0.8199983600032777,-0.3636483465551008,0.5311867470259518,0.4461216279732501,0.06227968364140871
2024-09-09 03:00:00,0.5307,0.5269,0.5286,-0.5165450351426043,-0.16229614563389017,-0.0012990599502731293,0.44736724377040116,-0.4755469171052414,0.4808716216799243,0.44201826025975627,0.05620662744509058
2024-09-09 07:00:00,0.5342,0.5286,0.5323,-0.06259649569651014,0.33461557627040034,0.004894092497357727,0.6607131058694545,-0.43295502194272123,0.49499990563763424,0.45745724987307956,0.046935547946234786
2024-09-09 11:00:00,0.5335,0.528,0.5282,-0.22696733179529666,0.33989165270772675,-0.0005440468104462859,0.036363570248050425,-0.2535351968470703,0.4331742878221096,0.45573259077603395,0.03841258054548864
2024-09-09 15:00:00,0.5379,0.5278,0.5358,0.03684175567335268,-0.09175191721456681,0.005680649079740974,0.7920784236847299,-0.05364520214295339,0.5149159432364484,0.4737307718116754,0.03668163040267965
2024-09-09 19:00:00,0.5431,0.5352,0.5393,-0.46608849299012683,-0.10008351656132895,0.010174091501725435,0.5189866848269791,-0.2379323908431113,0.5011296687822888,0.5061487844352004,0.04147356712561794
2024-09-09 23:00:00,0.5413,0.5339,0.535,-0.8956758881764074,0.705107536051539,-0.005364160612266522,0.14864844777236727,-0.46947799235027693,0.4769048666562153,0.48888290331022305,0.03504710739328671
2024-09-10 03:00:00,0.5384,0.5337,0.5365,-0.4624581452357311,0.6988212228067154,-0.00017327332689298647,0.5957434133118871,-0.5256517701149187,0.46231515737474393,0.48832817185629057,0.033825896334738266
2024-09-10 07:00:00,0.5417,0.5359,0.5389,-0.16607568518368712,-0.8199803838102872,0.0034669490419978466,0.5172404875164087,-0.40005548466225255,0.4926335081070881,0.49942562391971523,0.032788845195941135
2024-09-10 11:00:00,0.5405,0.5355,0.5375,-0.3513808468467772,-0.819799321123858,-0.0005518756493102517,0.3999992000016,-0.3731297730220136,0.46802319681146426,0.497652985637906,0.03469222478399331
2024-09-10 15:00:00,0.5416,0.5354,0.5385,-0.4234047939271421,0.14274521581348298,0.00036204463102751383,0.4999991935496878,-0.2601594320587486,0.4735306343377608,0.49881524020366996,0.036168974584503806
2024-09-10 19:00:00,0.5428,0.5371,0.5419,-0.9041573851096661,0.14274125343445512,0.004856566236396187,0.8421037857828474,-0.4451256487531521,0.5613738881956954,0.5144116871143077,0.03979082417111737
2024-09-10 23:00:00,0.5421,0.5319,0.5342,-0.1915771168500107,0.40080972552354005,-0.006282539722294311,0.22548997500982565,-0.34768181638386986,0.5165856369041919,0.4941378630714891,0.04019587382130503
2024-09-11 03:00:00,0.5353,0.5305,0.5323,0.2930597565668797,0.39478870946040034,-0.009237681395067532,0.3749992187516305,-0.21097824617717548,0.44831010008299976,0.46451504782353237,0.037922279133257325
2024-09-11 07:00:00,0.5349,0.5314,0.5328,-0.3980988070436559,-0.15687381014883436,0.0016130219858676575,0.39999885714613514,-0.43488801893317225,0.4422184383498182,0.46963980294667856,0.036631611436662354
2024-09-11 11:00:00,0.5352,0.5231,0.5265,0.70736410732571,-0.1529643533569851,-0.006080254310619204,0.28099150331280376,0.28620392144143847,0.4620418499497855,0.4502909805700646,0.0376384085442617
2024-09-11 15:00:00,0.5378,0.5257,0.5376,-0.11575401994500079,-0.3354661437166075,0.006668511344908978,0.983470261594827,-0.013611794029593753,0.49784514057806967,0.4713827495797021,0.03744703319720205
2024-09-11 19:00:00,0.5383,0.5345,0.5355,-0.987012077730744,-0.34282274635689775,0.004890703997582513,0.26315720221788735,-0.5336582823374993,0.4560861010456272,0.36532487833285976,0.03524910082495035
2024-09-11 23:00:00,0.5398,0.5334,0.537,-0.10502328794916614,0.7554608166410476,7.110744096161525e-05,0.5624991210951341,-0.403339238054974,0.5696345976961773,0.3656063276532154,0.033063224461901415
2024-09-12 03:00:00,0.5389,0.5351,0.5372,0.034182251576353295,0.7483874582696645,0.001158591838294143,0.5526301246575606,-0.42718132773864986,0.5076685828877989,0.29703896730939766,0.03056821287724973
2024-09-12 07:00:00,0.5421,0.5368,0.5383,-0.03315363323129099,-0.7001397810006628,0.0028412161729496344,0.2830183339276631,-0.47739927606160903,0.5088476764332601,0.3096064005640971,0.02992731274385921
2024-09-12 11:00:00,0.5884,0.5356,0.5604,5.0,-0.6966108645152965,0.05061905294297864,0.46969688073922733,3.461236622101152,0.49813712897721524,0.5341437023990959,0.04772519414133278
2024-09-12 15:00:00,0.5647,0.5541,0.5617,0.7212674139932231,-0.4883086703071708,-0.010494092550654144,0.7169804556788136,0.2415759874463726,0.47639490708385673,0.48523742051900154,0.06127771741483532
2024-09-12 19:00:00,0.5668,0.5602,0.5633,-0.5446160255440852,-0.49687947134730714,0.007423504272906278,0.46969625803597576,-0.363638255609764,0.45927873289477544,0.5194705900463651,0.07047360897297876
2024-09-12 23:00:00,0.564,0.5556,0.5579,-0.16731310757102677,-0.11497534285629961,-0.008268429371423691,0.2738091978461905,-0.30271691616766483,0.5350699254861295,0.4810580303530253,0.07625632940127576
2024-09-13 03:00:00,0.5736,0.5579,0.5664,0.6167217640839042,-0.11159956594751184,0.015683703924819437,0.5414009290439966,0.00116912837543022,0.5340613896486051,0.5533172057150851,0.08494101526672354
2024-09-13 07:00:00,0.5688,0.5597,0.5659,0.6699594368893848,-0.4423252739705763,-0.006402861217352451,0.6813179326176548,0.034833339499670636,0.4948107935734997,0.5233547821671903,0.09164611059219084
2024-09-13 11:00:00,0.5713,0.5621,0.5693,0.7632142584531271,-0.4389103853220636,0.006053113939469723,0.7826078449914723,0.1249517840675981,0.5114835617648652,0.5514991845563837,0.09835465154998121
2024-09-13 15:00:00,0.5726,0.5664,0.5686,0.4901187008295132,0.3298566213941865,0.003204689931328941,0.35483813735784064,-0.034726058380566,0.4801548579386997,0.5664898222559425,0.10409145011394884
2024-09-13 19:00:00,0.5745,0.5663,0.5724,-0.2308377839450946,0.32518322307431785,0.002783766561858636,0.7439015318274009,-0.3216957885866891,0.5510400555275822,0.5795532293168524,0.1092530730426012
2024-09-13 23:00:00,0.577,0.5701,0.5763,-0.5389399104664623,-1.560808590971771,0.003228008695603579,0.8985494223921513,-0.4445359729535576,0.5192717679573379,0.5504339244410104,0.11500562174998064
2024-09-14 03:00:00,0.5804,0.5741,0.5761,-0.34097724842068805,-1.5536858605939863,0.008858280055619616,0.3174598135558356,-0.4651544956445858,0.5135733828087536,0.5968259722037252,0.12047633644778599
2024-09-14 07:00:00,0.588,0.575,0.5814,0.19133192315966988,0.8834677581622032,0.007310525241974064,0.4923073136097639,0.07877475195539728,0.5032848505446564,0.6354513624398683,0.12338382772791055
2024-09-14 11:00:00,0.5925,0.5805,0.5846,1.2556553170112248,0.8759798758897955,0.008661739389957512,0.3416663819446808,2.0045093753588876,0.49592919790752815,0.6815504982243615,0.12509803528703103
2024-09-14 15:00:00,0.5945,0.5833,0.5901,-0.16532041968168673,0.6437543617842048,0.0034983390192000474,0.6071423150514977,0.0659785227897254,0.45630186279642443,0.7003304776680236,0.12675939066649689
2024-09-14 19:00:00,0.598,0.5889,0.5958,0.22540990260603505,0.6445351159448196,0.00734230520050172,0.7582409250099746,0.4261204505227971,0.49868983148577073,0.7398837399841603,0.12435267170671346
2024-09-14 23:00:00,0.5992,0.5902,0.5914,-0.43943679128704055,0.39344615674592737,0.0004938882585932003,0.13333318518535967,-0.014800414205632375,0.46951354396778094,0.7425638686968228,0.12461954593832347
2024-09-15 03:00:00,0.5918,0.5854,0.5885,-0.6305852735827997,0.39377916305382593,-0.00962886157265963,0.4843742431652467,-0.26130406591491817,0.47870494902512617,0.6902861854498601,0.11911042598869567
2024-09-15 07:00:00,0.5906,0.5836,0.584,-0.5834099487216585,-0.03496387604011469,-0.0013522601859503602,0.05714277551031435,-0.23028960729526787,0.47284616132628804,0.6830150936657018,0.11014113625237139
2024-09-15 11:00:00,0.588,0.5809,0.5878,-0.5300255703321631,-0.031022003080897947,-0.004201974127468255,0.9718296171413874,0.029798072427276532,0.4608117199441956,0.6604516666353395,0.09719958731983074
2024-09-15 15:00:00,0.5897,0.5818,0.5847,-0.6461277103831732,-0.4416514278401415,0.002066155169593298,0.36708814292640224,-0.049921521639519455,0.42758574800912236,0.6714997230696346,0.08014640854175041
2024-09-15 19:00:00,0.5864,0.5744,0.5763,-0.5575344788524534,-0.4353929537633227,-0.01090513842164842,0.15833320138899976,-0.07260396550195851,0.4477960597563402,0.6130677533580571,0.07704925239759121
2024-09-15 23:00:00,0.5765,0.5598,0.5608,0.5906550131256461,-0.21661832276629645,-0.02100686573210342,0.059880203664548576,0.7275023183001857,0.4428891836474512,0.5017361280939623,0.07965984473867416
2024-09-16 03:00:00,0.5752,0.5603,0.5697,0.09714321687999848,-0.21422568196466837,0.004091576718815437,0.630872059817406,-0.23088389707012044,0.5706241595736663,0.5229650350898178,0.07610705483749153
2024-09-16 07:00:00,0.5746,0.5679,0.5713,0.2983977198955973,0.05832325464514627,0.001412938569124389,0.5074619291613072,-0.12121914371076849,0.5300822472226531,0.5303259795293626,0.06965371930026179
2024-09-16 11:00:00,0.5741,0.5646,0.5663,0.25162792074340706,0.05074564961983789,-0.0011781814653629707,0.1789471800556024,0.4808541145093658,0.4494257646358179,0.5241793697292237,0.07031248233539897
2024-09-16 15:00:00,0.582,0.5656,0.5803,0.6329192216102447,0.45961627776345637,0.009988742784673432,0.8963409168652989,0.8193960900052522,0.5414761127851276,0.5762295584306544,0.06576222814314651
2024-09-16 19:00:00,0.5916,0.5784,0.5817,0.49862854484492314,0.4562392516617471,0.014657223108044404,0.249999810606202,0.8788669338888834,0.5252712879853835,0.6533695718690955,0.06389052088593158
2024-09-16 23:00:00,0.5873,0.5789,0.585,-0.17084230278831436,0.6411187258509744,-0.0020165035856671842,0.7261896116790266,-0.0844430456793514,0.5583968193425355,0.6426012913274004,0.061585176397093024
2024-09-17 03:00:00,0.5906,0.5841,0.5879,-0.2076101682027765,0.6357552282356546,0.006974884977373197,0.5846144852084827,-0.2065680212989234,0.525757853677608,0.6797725932459556,0.060995703100049654
2024-09-17 07:00:00,0.5886,0.5834,0.5868,-0.16918709650070834,0.7263102066813757,-0.0023265170691250114,0.6538448964521165,-0.22972623255188085,0.4893435255361837,0.6672873903476203,0.06123073426989892
2024-09-17 11:00:00,0.5932,0.5803,0.5895,0.2825987866728659,0.7250879831693213,0.0005852710012326234,0.7131777417226847,0.6489548940892824,0.4525702389414156,0.6704209271304957,0.06144903754533792
2024-09-17 15:00:00,0.5934,0.5843,0.5892,-0.14189988082302113,-0.19788846163002474,0.005541328859782313,0.538460946746202,0.6071300298447687,0.4903864862672745,0.7001065264383658,0.062369451121523645
2024-09-17 19:00:00,0.5908,0.5833,0.5855,-0.4581718041038091,-0.19196313056289319,-0.0031580397289843187,0.2933329422227429,-0.1864943447622462,0.5030145047151714,0.6830947600282314,0.0628495651413043
2024-09-17 23:00:00,0.5855,0.5757,0.5806,-0.18161623213183173,-1.0550697993650762,-0.012189927120506816,0.499999489796439,-0.11138444885954409,0.5427663028841145,0.6176372861370536,0.0622627292219938
2024-09-18 03:00:00,0.5823,0.5778,0.5782,-0.6512769580544316,-1.053930383954629,-0.000683355270824193,0.08888869135847735,-0.4434733166789412,0.4413709833695223,0.6140125355319779,0.05865408344835758
2024-09-18 07:00:00,0.579,0.5696,0.571,0.19698343055869283,0.29722148587882924,-0.008978934091165791,0.14893601177019622,0.07263003408843745,0.43464207513406883,0.566417737603702,0.05900651899731666
2024-09-18 11:00:00,0.5744,0.5665,0.5685,0.151145171969929,0.2957388777317709,-0.007881425356564442,0.2531642365009661,0.23400524934046213,0.4418723830752008,0.5250156388725937,0.06035941897100636
2024-09-18 15:00:00,0.5816,0.562,0.5771,1.1185854604810288,-0.3854549959724724,0.0033900226329892647,0.7704077702001135,2.426257513925552,0.5071462324641159,0.5426834915095992,0.05902777356717744
2024-09-18 19:00:00,0.5816,0.5713,0.5814,-0.3590369788646101,-0.38738770482937074,0.008428805947427787,0.9805815722509028,0.7222547735904731,0.4905080526514053,0.5867609965908809,0.05697705892548832
2024-09-18 23:00:00,0.5899,0.581,0.5865,0.41797011025257236,0.42393777300436364,0.014430627046500222,0.6179768337339001,0.5860305421046642,0.5793686114715442,0.6628604249279755,0.05702241375553677
2024-09-19 03:00:00,0.5885,0.5823,0.5831,-0.3029702198942718,0.42876635671978913,0.000318963366619629,0.12903204994829268,-0.2765901118807029,0.4807143454430557,0.6645667404871699,0.05760396117490546
2024-09-19 07:00:00,0.5873,0.5813,0.5839,0.43663505244719053,1.3016268672067337,-0.0024943840715100363,0.4333326111123037,-0.014497205856158405,0.5088087585251954,0.6512186122339111,0.04982071004236912
2024-09-19 11:00:00,0.593,0.5833,0.5884,0.5973737523608986,1.2953129057550832,0.005756420283294261,0.525772653842628,0.9132398110587282,0.5168458050131668,0.6819459468972,0.04795221482960722
2024-09-19 15:00:00,0.5945,0.5855,0.5917,0.34387832293052933,1.2837846517026261,0.00527107563302498,0.6888881234576382,0.8155594336988123,0.42251615728728387,0.710244514751307,0.04756113831723253
2024-09-19 19:00:00,0.5934,0.585,0.5896,-0.43885218173300417,1.2724150215923344,-0.0019032265409834048,0.547618395692387,-0.14291198127333388,0.45798844646548537,0.6999728962319806,0.041720356447460666
2024-09-19 23:00:00,0.5903,0.577,0.5823,-0.008642024037401469,1.262427911978215,-0.011996191030398506,0.398495940980499,0.16002978323859235,0.5223401390617636,0.6353532731028146,0.042002238131990145
2024-09-20 03:00:00,0.593,0.5821,0.5896,0.5152798308050206,1.2525649600323274,0.01065894501007758,0.6880727632360014,0.8035289771330301,0.47977707901539135,0.6920808049667132,0.04242077621779311
2024-09-20 07:00:00,0.5916,0.5855,0.5868,0.16032573561820523,1.245594400913754,0.00024945683470245505,0.213114404730479,0.15986646302493943,0.46236485061566224,0.6934225799743183,0.04283593354919455
2024-09-20 11:00:00,0.5879,0.579,0.5815,0.3125680539003692,1.2386885107120755,-0.008848751426195345,0.28089856078813985,0.8398644057715272,0.48546276844116604,0.6458151639028958,0.042863485634925
2024-09-20 15:00:00,0.5827,0.5763,0.5827,0.019943029775759055,1.2332486053496927,-0.007087675674823268,0.9999984375024414,0.2701828629315335,0.5278498479036078,0.6080199868673007,0.04246684726675888
2024-09-20 19:00:00,0.5882,0.5816,0.5873,-0.6632104923141997,1.227849146435374,0.010866870697658237,0.8636350550984151,-0.5701973202120014,0.5322660909646758,0.6655570841748674,0.041478996950159525
2024-09-20 23:00:00,0.5873,0.5802,0.583,-0.8350110852297317,0.5435863240354363,-0.0036802070778730878,0.3943656417385209,-0.517692976354682,0.40610096384887423,0.6458596495088924,0.04066333664785435
2024-09-21 03:00:00,0.5835,0.58,0.5819,-1.0787148333060348,0.5393871077235816,-0.0024398425546520164,0.5428555918411607,-0.8924017952867869,0.4260042414674995,0.6328490301177044,0.04055187473101085
2024-09-21 07:00:00,0.5855,0.5818,0.5834,-0.9974776065967192,1.2131867756092225,0.0030991562591295985,0.4324312636992954,-0.9202972096036698,0.45142253039699165,0.6493351608532342,0.040306059306918315
2024-09-21 11:00:00,0.5878,0.5831,0.5867,-0.7652475821935242,1.2075037289783905,0.003033826711110743,0.7659558171152868,-0.7334369749715559,0.5418873648794421,0.6655237835590642,0.039736749815751767
2024-09-21 15:00:00,0.6128,0.584,0.599,1.6161373555463174,1.203924109079191,0.02713634180699942,0.5208331524884883,2.698043586145943,0.48876960849116646,0.8107637069824392,0.040541717703916035
2024-09-21 19:00:00,0.6038,0.5947,0.5986,-0.468248503715977,1.2003625314162412,-0.0038287358082860212,0.42857095761433406,-0.08796736768770784,0.4790516083014162,0.7897153497528061,0.03706529994322157
2024-09-21 23:00:00,0.6053,0.5952,0.5972,-0.010966952953061668,1.194359814641368,0.0013383296636517716,0.19801960592118248,0.9191502646271523,0.5003441815018198,0.7970446062343297,0.037688042571734505
2024-09-22 03:00:00,0.6001,0.5931,0.5945,-0.8633599196889035,1.188405677945458,-0.0037051701845662866,0.19999971428613197,-0.3423321557947721,0.48170202191234496,0.7767263788198958,0.038181431742400324
2024-09-22 07:00:00,0.597,0.5905,0.592,-0.807416415114333,1.1785391147700155,-0.006158269264449956,0.2307688757401846,-0.2802467057625534,0.3979221930728399,0.7430810941669032,0.03876344433208173
2024-09-22 11:00:00,0.5938,0.5842,0.5862,-0.5370206019869,1.1688075777968527,-0.007882478387391534,0.20833311631967194,0.16744557811819433,0.4659492152659979,0.7002809186451276,0.03844448202166036
2024-09-22 15:00:00,0.5929,0.5854,0.5909,-0.8709250820662076,0.20031650409683516,0.00017928551240964374,0.7333323555568573,-0.23141417788888227,0.48727102352567936,0.7012467272665641,0.0376531047519385
2024-09-22 19:00:00,0.5921,0.5778,0.5895,-0.334381983007096,0.2036625062950042,-0.007057343417868678,0.818181246027105,0.6318644019310206,0.4883382004805424,0.6632220980392889,0.03776070852406658
2024-09-22 23:00:00,0.591,0.5787,0.5906,-0.22680237497135325,0.5358902857968005,0.002608304990117105,0.9674788882285497,0.6766412319778684,0.4775383667493843,0.6771763409049452,0.03751682407658925
2024-09-23 03:00:00,0.596,0.5894,0.592,-0.15945503951033407,0.5367640798305071,0.009806811918771752,0.3939387970624226,0.12146285121552163,0.4538120491976437,0.729778921329334,0.03774645666147233
2024-09-23 07:00:00,0.5921,0.5847,0.5866,-0.22248779034806473,1.180920475663257,-0.006472024001328958,0.25675640978863845,-0.04469054743306074,0.41969889857798715,0.6947233041146308,0.036846283945379296
2024-09-23 11:00:00,0.5903,0.5837,0.5877,0.34048012135138156,1.180920475663257,-0.0037125279431291514,0.6060596877883477,0.8052555127062785,0.4785628029090898,0.6747445992841508,0.03681540145764166
2024-09-23 15:00:00,0.5893,0.5842,0.5875,-0.4995082886840955,0.6822876120998329,0.0005402214202809841,0.6470575547891031,-0.028016261986690213,0.5518203383527973,0.6776409694746435,0.03674564512621346
2024-09-23 19:00:00,0.5879,0.583,0.5855,-0.7789001490656928,0.6769194241451284,-0.0012517361014758865,0.5102030404019685,-0.6978564909373638,0.49574617388426534,0.6709262233308144,0.0353639888338369
2024-09-23 23:00:00,0.5863,0.5814,0.5847,-0.5843007661501227,0.14160133056019597,-0.0037628019228809206,0.6734680133305767,-0.4608712581239986,0.4861729885612864,0.6507665163586452,0.03464021281887772
2024-09-24 03:00:00,0.5872,0.5834,0.5843,-0.46813964361721266,0.14040628497382748,0.002156590932301139,0.23684148199610155,-0.7176495440795975,0.4995380972000732,0.6622772601228767,0.03537496292507959
2024-09-24 07:00:00,0.5909,0.5842,0.5883,0.19267581568064485,1.1586221352110961,0.005555678376988338,0.6119393851651023,-0.17297133890139746,0.45979201602430925,0.6919944880139659,0.03379776846464766
2024-09-24 11:00:00,0.591,0.5814,0.5851,0.43476494771707774,1.1502130419757026,-0.0024684625200708243,0.385416265191385,0.35962102476342017,0.46567715234426554,0.6787173686727224,0.03257888286991726
2024-09-24 15:00:00,0.5895,0.5822,0.5881,-0.21809763488071388,0.7400427133381591,-0.002729607007916024,0.8082180709341394,-0.09208224966478311,0.5294794633948535,0.6640718727943405,0.03101166289368568
2024-09-24 19:00:00,0.5927,0.5879,0.5924,-0.46545171896915544,0.7426769845214604,0.008601618283095469,0.9374980468790762,-0.38577807966967836,0.5073286551211152,0.7100972173221631,0.030634019945119422
2024-09-24 23:00:00,0.5957,0.5897,0.5926,0.27550487551528396,1.1472362669317893,0.0033959183255389824,0.4833325277791222,-0.22049977740050944,0.48329712045322215,0.7284243185886692,0.027494510008260597
2024-09-25 03:00:00,0.594,0.5852,0.5854,-0.04729100119321479,1.1379400157697337,-0.0058911872817545285,0.022727246900853502,-0.43929920346433077,0.47585770868526023,0.6965227746386384,0.024597041191444662
2024-09-25 07:00:00,0.5898,0.5851,0.5879,0.19394157897094957,0.7484093466280601,-0.0024070322571527747,0.5957434133118871,-0.5923638671290802,0.40663259993921913,0.6835651705201927,0.020759487742694895
2024-09-25 11:00:00,0.5922,0.5863,0.5901,0.15406729196347535,0.7452736348594193,0.004056320489596921,0.6440667049716824,-0.32223317788142697,0.45642935795921585,0.7053487094989166,0.018613286996882753
2024-09-25 15:00:00,0.5911,0.5829,0.5861,-0.11061173641869865,1.1210296558247197,-0.006006951819506723,0.390243426532405,-0.22038029368220702,0.5202442572851615,0.6729588996199144,0.018090394114739384
2024-09-25 19:00:00,0.5875,0.5836,0.585,-0.8573856288409109,1.11138479319263,-0.0008665693643591377,0.35897343852963237,-0.7165379068551049,0.4672549160101958,0.6683143786429984,0.018518463759230497
2024-09-25 23:00:00,0.5851,0.5739,0.5826,0.6735010256385143,-0.07928587372876396,-0.010651075063510818,0.7767850207276645,0.42550619440664506,0.5065660033802919,0.6112776598880297,0.01973112522327296
2024-09-26 03:00:00,0.5859,0.5814,0.5851,-0.2595498488368203,-0.07859457389446466,0.007255371623825724,0.8222203950657816,-0.6729307538736004,0.4308324856064211,0.6497164966113056,0.01975121076270399
2024-09-26 07:00:00,0.5912,0.584,0.5904,0.8591741073438667,1.1097042326624866,0.006182177225561469,0.8888876543227143,-0.15667019253101347,0.46818674985257674,0.6827072031801178,0.01949661284761576
2024-09-26 11:00:00,0.5929,0.5878,0.5894,0.45702679585454753,1.1066574136855052,0.004542293829273403,0.313724875049274,-0.024920664147688832,0.45816754257333825,0.7070966533945877,0.018401473544518453
2024-09-26 15:00:00,0.5964,0.5882,0.5937,0.4619017477317879,1.100144907532393,0.004546399360943143,0.6707308893525735,0.04936014212474254,0.502222489749979,0.7316190320838514,0.020650114834236788
2024-09-26 19:00:00,0.5948,0.5886,0.5908,-0.5902158815453802,1.0936875381993403,-0.002016800242068295,0.35483813735784064,-0.514469465116373,0.4743512348572349,0.7206913538443991,0.02131244414540661
2024-09-26 23:00:00,0.5911,0.5835,0.5837,0.399672951714758,1.0917065274083577,-0.0061012253657583004,0.026315754847688298,-0.05137672288512328,0.46608559895607,0.6876996069620886,0.022448603175662586
2024-09-27 03:00:00,0.5927,0.5824,0.588,-0.009977299908989216,1.0897311977426636,0.0006659371844726092,0.5436887925351481,-0.039196867338766324,0.5473398627377766,0.6912786231710449,0.022044744073417364
2024-09-27 07:00:00,0.5922,0.5856,0.5872,0.20105715007178585,0.9112536357907027,0.000280953145195717,0.2424238751153499,-0.2603521539939323,0.4501761929540953,0.6927895847268698,0.02157187711710864
2024-09-27 11:00:00,0.5972,0.5858,0.5925,0.7488276653045258,0.9031768578854033,0.0034822919616681602,0.5877187827028274,-0.029358034149859845,0.4622829245959459,0.7115225572381746,0.021730251092389324
2024-09-27 15:00:00,0.5939,0.5859,0.5886,0.4748068630392976,1.0659062613385235,-0.0013166511111162293,0.3374995781255315,-0.28573793511356077,0.42003030630621485,0.704414974261019,0.021881649401811386
2024-09-27 19:00:00,0.5894,0.584,0.5881,-0.6152753989576873,1.0584147551593817,-0.005419407395396814,0.7592578532261863,-0.811129637187793,0.5200399386545371,0.6751982960623221,0.02132228871251638
2024-09-27 23:00:00,0.593,0.5874,0.5927,-0.8848532062765733,0.8537581641608181,0.005427969348582806,0.9464268813805743,-0.9899856714725364,0.4974318549146758,0.7043025455484587,0.022124933488495643
2024-09-28 03:00:00,0.5928,0.5856,0.5874,-0.6491031820710825,0.8482248935054278,-0.001585738511040602,0.2499996527782639,-0.8327846398144302,0.42366105319159797,0.6957538164682288,0.021540043803865778
2024-09-28 07:00:00,0.6193,0.5873,0.6191,5.0,1.0395363059843488,0.02983192360659559,0.9937496894532226,5.0,0.5129616827943655,0.8563229317834274,0.04875008678690563
2024-09-28 11:00:00,0.6246,0.6113,0.6191,2.696566925480907,1.0324659944077896,0.01996218514961079,0.5864657244618595,2.1441087865273256,0.47808107788636717,0.966973891742476,0.06412278319630958
2024-09-28 15:00:00,0.6259,0.6156,0.6233,1.0113565986493143,1.028728761252569,0.005482290729754924,0.7475720897358301,0.47128406042340937,0.43977359778917535,0.9979690058922036,0.0781262440200553
2024-09-28 19:00:00,0.6241,0.6122,0.6158,0.1338547412457272,1.0250108241202218,-0.005265612813071474,0.3025207541842436,-0.23661523553883343,0.40310194350334166,0.9680357109457047,0.08543494727813232
2024-09-28 23:00:00,0.6166,0.6091,0.6107,-0.20839326217608947,1.0250108241202218,-0.010317933341516317,0.2133330488892725,-0.20508924563057515,0.43002497052995564,0.9096904680085985,0.08828509449495368
2024-09-29 03:00:00,0.6297,0.6076,0.6245,0.6336387174098511,1.0250108241202218,0.013203952298360466,0.7647055363323373,0.8187782576527212,0.5265805015135386,0.9835850134884785,0.09399850971733685
2024-09-29 07:00:00,0.6327,0.621,0.6274,0.8704829836311819,1.015983039364104,0.011407368543628227,0.5470080794802686,0.9661128833116825,0.4859933684168569,0.9999999127929916,0.09975616244986928
2024-09-29 11:00:00,0.6433,0.6211,0.6429,1.56834224237773,1.0070388690096759,0.007567488724578464,0.981981539647957,1.320491846599791,0.49498126688126176,0.9999999162599146,0.11164091645693613
2024-09-29 15:00:00,0.6649,0.64,0.6552,4.157459102082803,1.0059935363746761,0.033257637144019414,0.6104415219110342,4.32870272590059,0.4823630049960825,0.9999999287947485,0.1291578042316536
2024-09-29 19:00:00,0.6553,0.6382,0.6404,0.4296990931239139,1.0049498111938335,-0.011333585835312188,0.1286548955234517,0.40480401089297213,0.41809885955969067,0.9472927516727043,0.13804942965021724
2024-09-29 23:00:00,0.6516,0.635,0.639,1.4152744509067885,0.9980940252661393,-0.004657923529428065,0.2409637102628261,1.9623356762168631,0.45748329375481644,0.9258764461288184,0.14278001114735667
2024-09-30 03:00:00,0.654,0.6352,0.6443,1.2686639522137066,0.9912948944685132,0.004411822602602866,0.48404229572218194,0.95411000388953,0.4045683050898504,0.9460667383565424,0.1456797833230383
2024-09-30 07:00:00,0.6548,0.6252,0.629,1.7882953971242144,0.9824842792749618,-0.008628276393781276,0.1283783350073198,1.9477250524316791,0.4269849776649666,0.9064060335154464,0.14377547741125862
2024-09-30 11:00:00,0.6369,0.6213,0.6231,0.9668776759733682,0.9737496130870816,-0.018663283955865584,0.11538454142016685,1.0069862376584668,0.49182345558838864,0.8213586473026887,0.1391995545842271
2024-09-30 15:00:00,0.6244,0.6168,0.6221,0.15872575417476523,0.9705392830199135,-0.01273737630542826,0.6973675034638129,0.529327450830575,0.4496077161527091,0.7643985221839427,0.1317285262125683
2024-09-30 19:00:00,0.625,0.6185,0.6191,-0.5724118022647647,0.9673431971425824,0.004062930717142477,0.092307550296067,-0.42749343466779016,0.5461848192240778,0.7823360698132333,0.12597615307676496
2024-09-30 23:00:00,0.6229,0.6088,0.6225,0.22769490763707426,0.9673431971425824,-0.009121983126351041,0.9716305165741048,0.7674887494079466,0.5199657057910113,0.7418995427421508,0.1155692833658256
2024-10-01 03:00:00,0.6252,0.618,0.6233,-0.4390870362274041,0.9673431971425824,0.008141403865706387,0.7361100887359855,-0.39638954847716223,0.49891151282390833,0.7776600834421942,0.10323224727811474
2024-10-01 07:00:00,0.6342,0.6206,0.6325,0.6208819728440033,0.9659322876920996,0.008854545019805427,0.8749993566181171,0.06169355005893705,0.46361382262467593,0.8168696895440857,0.09091063647786651
2024-10-01 11:00:00,0.633,0.606,0.6109,2.610588728758521,0.9645242707815893,-0.010777159185071161,0.18148141426614325,2.086892612027154,0.3878902979789069,0.7687238148046075,0.07711013159725387
2024-10-01 15:00:00,0.6209,0.5778,0.6204,4.865763164485709,0.9589977770319157,-0.032692629130818496,0.9883988425988751,5.0,0.5005097541737088,0.6242467974722506,0.07564818487628208
2024-10-01 19:00:00,0.6274,0.5883,0.5951,3.66582798909369,0.9536500117779492,0.015302882010076901,0.17391299899923127,5.0,0.4922601351843499,0.6896631983650962,0.091944619695222
2024-10-01 23:00:00,0.6069,0.5923,0.6047,0.410573875241294,0.8264061239539434,-0.013064342274962448,0.8493144867709003,0.047459053214949025,0.5152384484060573,0.6329614323468221,0.09582355890508955
2024-10-02 03:00:00,0.6054,0.5952,0.5991,-0.2036083854431292,0.8187933558475146,-0.0010687247857951165,0.38235256632101117,-0.29595755927658085,0.46927199458179464,0.6283835591667551,0.10348208027604205
2024-10-02 07:00:00,0.6043,0.5865,0.5897,0.9740932625371551,-0.5991244203860423,-0.009224591295642903,0.17977517990158395,0.21465766265564565,0.4897119699870314,0.5889123328403961,0.1159803022860467
2024-10-02 11:00:00,0.5928,0.5762,0.5805,2.7898171279099695,-0.627523848648898,-0.01858082537470973,0.259035988532536,1.8306567338540565,0.5159944796887029,0.5101400000953262,0.13492443571053228
2024-10-02 15:00:00,0.59,0.5583,0.5694,1.1096433942797346,-0.16014001811808348,-0.010738083872402937,0.35015761824680863,1.1727128768139725,0.5029003430610852,0.4654623795166252,0.1590965753486982
2024-10-02 19:00:00,0.5782,0.5267,0.5451,4.740802512403746,-0.16183123586536685,-0.0456701769023099,0.3572814840230137,4.798889912645586,0.4617039108319934,0.2774842915271602,0.1991392477793756
2024-10-02 23:00:00,0.5481,0.5232,0.5408,2.401212679313089,0.703146824571378,-0.028018449100629894,0.7068270253706695,2.609280416918571,0.4999426161719388,0.16742743046388348,0.2201481327241863
2024-10-03 03:00:00,0.542,0.531,0.5322,0.6902074660145078,0.7001353690417266,-0.0006688579545813811,0.10909080991744351,0.37321236693911136,0.4812883453410758,0.1648737594436439,0.2489494783778139
2024-10-03 07:00:00,0.5341,0.5068,0.5241,2.7113285256633883,-0.13852367310568237,-0.0294995326323908,0.6336994015753102,2.390844922104274,0.5165209308276282,0.05232113955939319,0.276384713259867
2024-10-03 11:00:00,0.528,0.5131,0.5173,1.281228498704715,-0.16395778857342574,0.0012070321798915984,0.28187900545033023,1.8395487547848581,0.5113588758604795,0.056790599722087394,0.29721611270491666
2024-10-03 15:00:00,0.5243,0.5117,0.5232,0.7513549469816602,-0.612805345745935,-0.004277366083754397,0.9126976883351684,1.3250545978564043,0.5116662991547969,0.04093303346157912,0.3061242370747717
2024-10-03 19:00:00,0.53,0.5211,0.5249,-0.14807569466852524,-0.6135653765163894,0.013570401201112636,0.42696581239796555,-0.2684698363531347,0.5692403767264999,0.09102766424589158,0.313190600626877
2024-10-03 23:00:00,0.5289,0.51,0.523,0.28167583519197004,-0.6816603709017751,-0.00866670643941403,0.6878303238992991,0.17139941568446518,0.5141743208986648,0.058600684642121856,0.3189701169833849
2024-10-04 03:00:00,0.53,0.5199,0.5209,-0.1518435363452061,-0.6749768840985025,0.0080911292375212,0.09900980296059124,-0.3973633080517843,0.535287084794526,0.0886117382246695,0.32256495540978686
2024-10-04 07:00:00,0.5278,0.5204,0.5237,-0.04823405541882952,-0.010628017038460965,-0.002255836245741105,0.4459453433171101,-0.34980511013168525,0.5343661566856128,0.08017684736186129,0.31551063251701084
2024-10-04 11:00:00,0.528,0.5155,0.5203,0.8712839461028773,-0.018662341027804383,-0.0013577643726399025,0.3839996928002458,0.41811208749638956,0.52231195434967,0.07511142687982524,0.30801024685858447
2024-10-04 15:00:00,0.539,0.5164,0.5388,0.5882868647850734,-0.7360953854993796,0.00807597522838499,0.9911500039159234,0.22422909664007684,0.5154529298351417,0.10519961261142295,0.2705378741357892
2024-10-04 19:00:00,0.5388,0.5317,0.5343,-0.41461453712395563,-0.7966678512366052,0.014430685516655162,0.3661966673286444,-0.46568625271109204,0.52764817503492,0.15939736170962487,0.2563247027840304
2024-10-04 23:00:00,0.5352,0.5276,0.5282,-0.6941148441256987,-1.7649524399168566,-0.004636206879108817,0.07894726454307835,-0.6416802552517367,0.437300526945897,0.1417337514958724,0.23062102434668996
2024-10-05 03:00:00,0.5346,0.5266,0.5343,-0.743047832994829,-1.744417485243393,-0.0032043649680856268,0.9624987968765081,-0.6628269439802902,0.5136920566395556,0.12958195523062763,0.21213222204388224
2024-10-05 07:00:00,0.5352,0.531,0.5315,-0.8367188087628517,1.0915935290936385,0.00392384960394665,0.11904733560156931,-0.842297343380403,0.43075818689640666,0.14441454498843842,0.18449707739784632
2024-10-05 11:00:00,0.5329,0.5289,0.5307,-0.8426917744144771,1.086416942626485,-0.0031187303019870605,0.4499988750027903,-0.7633874637295966,0.4730156905335802,0.1325791372687023,0.1525915910426169
2024-10-05 15:00:00,0.5325,0.526,0.531,-0.6719774680612252,0.21939517136213565,-0.0035882428025119095,0.7692295858006438,-0.5531880405842501,0.5028445302476905,0.11900442408737397,0.12013214308892575
2024-10-05 19:00:00,0.5352,0.5268,0.5322,-0.7951105234125453,0.21531909267019045,0.0034132588761901506,0.6428563775519296,-0.5749919969546436,0.49296315311372796,0.131870820014307,0.08670395129726668
2024-10-05 23:00:00,0.533,0.5279,0.5314,-0.9917450907774278,1.0728761595841911,-0.0011868395003246102,0.686273164170257,-0.8578966003339691,0.4805015144382712,0.12738171762980063,0.054726215718717365
2024-10-06 03:00:00,0.5325,0.5285,0.5306,-0.9337005066013488,1.0655591153712065,-4.330243322392402e-05,0.5249986875032785,-0.8676801518559405,0.4733769605241463,0.12721812487140569,0.047319639632031965
2024-10-06 07:00:00,0.532,0.5284,0.53,-0.8824199876760459,1.0573343421504955,-0.00018666768029773628,0.44444320987997943,-0.8466091435355477,0.4401952672749542,0.12651294144169073,0.04231951181463254
2024-10-06 11:00:00,0.5356,0.5297,0.5353,-0.6380877641210059,1.0492213578452922,0.003769779969494902,0.9491509336424911,-0.6851053323274626,0.5485769410704471,0.1407515612665229,0.04308874968872678
2024-10-06 15:00:00,0.5372,0.5317,0.5331,-0.5898763703947382,0.8683511600201365,0.0036821394847406097,0.2545449917363882,-0.5557766726485381,0.46217066545920077,0.15471158782453742,0.0433220060464529
2024-10-06 19:00:00,0.5351,0.5295,0.5327,-0.8572707247045359,0.8617549786543045,-0.004386689799431909,0.5714275510222219,-0.8076056807716157,0.5325096474081209,0.13801917453019258,0.03876909909743647
2024-10-06 23:00:00,0.5445,0.5323,0.541,-0.21243334324059418,-0.5249008970935775,0.011961203902239204,0.7131141695785536,-0.25034180365324016,0.6045428974938148,0.18333478052832614,0.040957287110905315
2024-10-07 03:00:00,0.5434,0.5384,0.542,-0.4008258946767365,-0.5284088933562068,0.005373583465095422,0.7199985600028889,-0.6385359860752231,0.4756749496542956,0.20393637149532348,0.04391935297287823
2024-10-07 07:00:00,0.5424,0.5307,0.5336,-0.24591272354836002,0.4161887676277285,-0.007671438507715012,0.24786303601449938,-0.35537542169550584,0.43925566350535317,0.17436707178078853,0.042291085937931
2024-10-07 11:00:00,0.545,0.5308,0.5411,0.36548052440521217,0.4155172795878619,0.004150811550269751,0.7253516018650679,0.12202283488208487,0.5133119350821819,0.19024349762414414,0.03987463646118156
2024-10-07 15:00:00,0.5459,0.5346,0.5359,-0.11217625979085973,0.6054159959924239,0.0032847349109879076,0.11504414597863796,0.10012875876510278,0.49243573246738176,0.20285941954588352,0.03721890256055956
2024-10-07 19:00:00,0.5407,0.5316,0.5316,-0.6715313518851213,0.6083086445443254,-0.007264334125685945,0.0,-0.5235777121641978,0.45665648580234014,0.17486711321240261,0.0297825899012706
2024-10-07 23:00:00,0.5337,0.5286,0.5333,-0.4754483245494497,1.0401995559428225,-0.011261638098751359,0.9215668204572234,-0.28640809443747683,0.4670154155814062,0.131786878325955,0.02844240086069499
2024-10-08 03:00:00,0.5345,0.5275,0.5299,-0.6146120423392434,1.0401995559428225,-0.00046591958632391517,0.3428566530619337,-0.5790620492154961,0.4490477188681062,0.13002462293421996,0.029299212120804698
2024-10-08 07:00:00,0.5317,0.5247,0.5311,-0.09979938752663375,0.5150219308550745,-0.005118642651123384,0.9142844081651393,-0.5187778212224907,0.44418552708948655,0.11067331615381874,0.028056502728105327
2024-10-08 11:00:00,0.5323,0.5264,0.5284,-0.4199920829116389,0.5183475917089342,0.0025799648648074935,0.338982476300887,-0.421934093349274,0.512618685786281,0.12037708787469269,0.02950581799554629
2024-10-08 15:00:00,0.5308,0.5209,0.5283,-0.5509685072596076,1.0394529756104558,-0.005133991696787965,0.7474739924505074,-0.4063459554307113,0.5119631066430583,0.10101728355770724,0.030584615937823256
2024-10-08 19:00:00,0.5358,0.5269,0.5296,-0.5941919832954369,1.0302014896169664,0.009315030171697325,0.30337044565117555,-0.5813479932649863,0.4958805822930604,0.13596305722427346,0.030830705278974295
2024-10-08 23:00:00,0.5346,0.5289,0.5324,-0.45292637309022976,1.0214808636724373,0.0003438982681551739,0.614034010466647,-0.7497596488009128,0.49466288688909726,0.1372652255378331,0.03047264120351352
2024-10-09 03:00:00,0.5344,0.531,0.5317,-0.8108987869234806,1.0128421750637138,0.001726205101941991,0.20588174740660511,-0.8686851901495606,0.41046773269649733,0.1438037365234828,0.030571885983030594
2024-10-09 07:00:00,0.5345,0.529,0.533,-0.3266822296866889,1.0039445672741039,-0.0032984504357049804,0.7272714049610892,-0.7365599502774163,0.5204262090537108,0.13128831563177773,0.03034297069207872
2024-10-09 11:00:00,0.5336,0.5261,0.528,-0.26211762044724346,0.9951284103533785,-0.0021427497842639864,0.2533329955560093,-0.5128029551622083,0.4864423556499215,0.12318482582008422,0.03160576870429811
2024-10-09 15:00:00,0.5338,0.5279,0.5291,-0.4792180448642526,0.9905742920204162,0.0024739149025039264,0.20338948578052843,-0.49761955278179454,0.4847082580562824,0.132520674509404,0.0318414080803227
2024-10-09 19:00:00,0.5306,0.521,0.5261,-0.5263091741665756,0.9862710332054107,-0.010853753567966695,0.5312494466151623,-0.36229813459335614,0.46815480041016055,0.09146037763153746,0.033829464656476266
2024-10-09 23:00:00,0.5286,0.5228,0.5279,-0.5629230693024256,0.9815910422544718,-0.0004382545533776483,0.879308828777893,-0.8186594820162534,0.5048632783893099,0.08982043342606913,0.0346178376096322
2024-10-10 03:00:00,0.5291,0.5255,0.5262,-0.7256510300698346,0.976939938034932,0.004162088404265685,0.19444390432249484,-0.95698328419797,0.42052337943780344,0.10538810148914596,0.036246256007607974
2024-10-10 07:00:00,0.5277,0.5231,0.5272,-0.3735139731277466,0.9697414279252836,-0.0024370573985603716,0.8913024102121622,-0.7495497073448922,0.4799712657037391,0.09623471413782649,0.03324440222506035
2024-10-10 11:00:00,0.545,0.5267,0.5326,1.399458967669163,0.9626022902651346,0.016876505381175022,0.3224041954075427,1.3417867198277404,0.5172948637229939,0.1594670045223626,0.027129798040131065
2024-10-10 15:00:00,0.5399,0.5243,0.5278,0.3125011048411753,-0.1983477917899321,-0.00322154925810314,0.22435883053921413,0.5184765566075389,0.500937709184452,0.14719291235341542,0.027379728024570046
2024-10-10 19:00:00,0.531,0.5249,0.5289,-0.5999284064600955,-0.19930461118129708,-0.010420379921610934,0.6557366299399521,-0.612830180566825,0.44253950097472994,0.1076191995331453,0.01994994800959244
2024-10-10 23:00:00,0.5359,0.5289,0.5348,-0.3917938794455141,0.9588511449582985,0.010594903514440146,0.8428559387772319,-0.710496465284206,0.5260705587029478,0.14743642488532716,0.01881782982967773
2024-10-11 03:00:00,0.5372,0.533,0.536,-0.7635235581162787,0.9563914936992588,0.0029249057433287096,0.7142840136094952,-0.8230872225050123,0.460919934947923,0.15854511791876566,0.021222990504598367
2024-10-11 07:00:00,0.5412,0.5358,0.538,-0.13542958506109457,0.536094426901184,0.007252467196137369,0.40740665295064193,-0.6072683934420988,0.3752294182383067,0.18617030833575848,0.024397375377098462
2024-10-11 11:00:00,0.5383,0.5338,0.5365,0.03163949045125733,0.5367952028347308,-0.005076705754292532,0.5999986666696198,-0.22433250788673395,0.5030714892522997,0.16669251114926437,0.026500131459090064
2024-10-11 15:00:00,0.5404,0.536,0.539,-0.3900401668625648,0.15321766213785604,0.0037163566443629836,0.6818166322349336,-0.6805096520293887,0.5343532507322081,0.18087867040601696,0.029780018925439588
2024-10-11 19:00:00,0.5419,0.5389,0.5394,-0.7510386078535743,0.15083754729262436,0.0050709208552686125,0.16666611111294447,-0.8037938007828686,0.5068065686291613,0.20030743919304045,0.03237136516329379
2024-10-11 23:00:00,0.5401,0.5365,0.5367,-0.8928630047950787,0.9457928512641562,-0.004339164299440368,0.05555540123498972,-0.8320380732361883,0.4675356950875882,0.1835980240046814,0.033032357411047104
2024-10-12 03:00:00,0.5386,0.5353,0.5385,-0.937583361557101,0.9378886797123961,-0.002545778531098719,0.9696940312302115,-0.8824129647897795,0.4877635911397912,0.1738371838708207,0.03429276209834394
2024-10-12 07:00:00,0.5406,0.5373,0.5403,-0.819293306509605,0.9297968646097005,0.003811374962479519,0.9090881542783296,-0.8664044148689314,0.5219078196610053,0.18841328019198694,0.03653901660519121
2024-10-12 11:00:00,0.5426,0.5387,0.5415,-0.7276774174372703,0.9217727451224237,0.003720110600134996,0.7179468770592933,-0.7231950510740456,0.4891528431212146,0.2026945727953823,0.03904500829766311
2024-10-12 15:00:00,0.5432,0.537,0.5381,-0.7121428109843039,0.9144198807074189,-0.0016089170552516796,0.17741906867892032,-0.7555561166049933,0.48052696884790047,0.19649505448917767,0.0400571772040495
2024-10-12 19:00:00,0.5401,0.5371,0.5396,-0.9451510071631359,0.907147110298476,-0.0028837086825793667,0.8333305555647963,-0.8998654940792412,0.5223645510852083,0.18540135570219923,0.0398449136187609
2024-10-12 23:00:00,0.5402,0.5358,0.5363,-0.8923386694765925,0.6449534085215303,-0.0021597263701517155,0.11363610537247633,-0.8543226957664515,0.41404583748083795,0.1771167941719514,0.039191362017174707
2024-10-13 03:00:00,0.538,0.5355,0.537,-0.9873113696072141,0.6397406321067981,-0.0013503999221032847,0.5999976000096089,-0.9572479936192174,0.5165871273686407,0.17194794059738533,0.0363642248722506
2024-10-13 07:00:00,0.5376,0.5314,0.5315,-0.7252008882097757,0.8884042303745725,-0.0041144892131371735,0.016129006243536585,-0.7940638424882932,0.4209934514880645,0.1562203974344951,0.03509575197065683
2024-10-13 11:00:00,0.5333,0.5279,0.5286,-0.54450207794098,0.8804007604930613,-0.006207540254008936,0.12962938957519116,-0.6274600319832457,0.4652102450885845,0.13258984275168026,0.03361822987672754
2024-10-13 15:00:00,0.5308,0.5252,0.5258,-0.7190294224952727,-1.7138327408238418,-0.006561514310005068,0.10714266581667527,-0.5914511097790129,0.5138887616280691,0.10776684950709835,0.03489970376771864
2024-10-13 19:00:00,0.5315,0.5258,0.5312,-0.8581636832510977,-1.7053275524473903,0.002189811786581508,0.9473667590056911,-0.7481394111893042,0.5160113083434054,0.11599681166488848,0.03495492038879646
2024-10-13 23:00:00,0.5324,0.5282,0.5301,-0.7736892088237933,0.5757513577593407,0.002813399448703402,0.45237987528601625,-0.7240684486299743,0.48953602234358523,0.12659355537424613,0.0337481769642426
2024-10-14 03:00:00,0.54,0.53,0.5375,-0.27634300942471673,0.5691305285438987,0.013130253782339008,0.7499992500007444,-0.3798521723732366,0.4782566864940591,0.14102780514696436,0.03142007254868415
2024-10-14 07:00:00,0.542,0.536,0.5402,0.075853464431285,0.8824137441088001,0.0024350467843936574,0.6999988333352741,-0.5148523369830912,0.5433500348817463,0.15074374510486707,0.03202387430021441
2024-10-14 11:00:00,0.5453,0.5378,0.5425,-0.10807322915306455,0.9012542615386709,0.003991764806441589,0.626665831112225,-0.27955588993843966,0.5146813540313857,0.16670983974974138,0.03359091894572999
2024-10-14 15:00:00,0.5524,0.5423,0.5477,0.043184722751695694,0.8975325251423674,0.012387017493991737,0.5346529359871883,-0.11467818760586537,0.4981551540705614,0.21645268878682658,0.03800359579307194
2024-10-14 19:00:00,0.5494,0.544,0.5493,-0.6430637953246443,0.8940978175675901,-0.000874112388637549,0.9814796639265502,-0.6835744991572975,0.4784513137015929,0.2128990134534519,0.042914958742372764
2024-10-14 23:00:00,0.5556,0.5464,0.5515,-0.28905301218108587,0.8862887578130167,0.005919815711515453,0.5543472235356267,-0.21713699484765744,0.5049220020249795,0.2369447935532866,0.04836388426305057
2024-10-15 03:00:00,0.5516,0.5422,0.546,-0.381587040697873,0.8785387425174179,-0.0067562998099045535,0.4042548890905478,-0.4091988837067978,0.46231342263862824,0.2093388267970638,0.05049128588665982
2024-10-15 07:00:00,0.5477,0.5431,0.5449,-0.03497071649672973,0.8729463603655822,-0.0022509536718520184,0.391303497166321,-0.5684160073386014,0.45832384588024366,0.2002036612219286,0.05154950114283989
2024-10-15 11:00:00,0.5491,0.5343,0.5391,1.2301649476690826,0.8673901598799,-0.007800465624693609,0.3243241051864164,1.2587479380623992,0.4500589956820131,0.1686178732733876,0.052100101199662796
2024-10-15 15:00:00,0.546,0.5315,0.5436,-0.0357363586537634,0.862756975680917,-0.0020500602585367123,0.8344821831157319,0.34993139500981385,0.45134546676446596,0.16038148458155665,0.05219982181502158
2024-10-15 19:00:00,0.5445,0.5367,0.5403,-0.6205574472543777,0.8581500518773963,0.0009585952904147543,0.4615378698232482,-0.5084396253553166,0.46824598115117744,0.16422487279731818,0.0523978858933601
2024-10-15 23:00:00,0.545,0.539,0.5446,-0.5171596266527559,0.8504417773220504,0.0018377172687629173,0.9333317777803593,-0.6507745208003917,0.5011831817848972,0.1716000723025394,0.05274106387606207
2024-10-16 03:00:00,0.545,0.5397,0.5401,-0.5613552455806297,0.8427826727337819,0.0011840268128566755,0.07547155571405728,-0.7011644967641145,0.47667515128506227,0.17636058789313003,0.0531933142247889
2024-10-16 07:00:00,0.545,0.5375,0.5435,-0.2009640687515357,0.8350974740093143,-0.0026039890181199787,0.7999989333347496,-0.5210521678405239,0.4765226629391298,0.16587855507833113,0.05298853443728822
2024-10-16 11:00:00,0.5525,0.5422,0.5476,0.4386605181287275,0.8274586269195381,0.011255204589711632,0.5242713356588948,0.2637035163752277,0.5005386091709149,0.21106699908164134,0.053869616728647624
2024-10-16 15:00:00,0.5507,0.5455,0.5483,-0.315440709803349,0.820536642548495,0.002864445722577491,0.5384605029605778,-0.3142869690504128,0.4628036631515813,0.22269688248633118,0.053096486721850925
2024-10-16 19:00:00,0.5538,0.5484,0.5507,-0.4988566174513918,0.813657854772814,0.004649205557130109,0.4259251371756692,-0.5573931368964636,0.47022863501288653,0.2416271061943568,0.0504627745982661
2024-10-16 23:00:00,0.5507,0.5456,0.547,-0.46154160178393666,0.8061079115189776,-0.005111794204808562,0.2745092656681202,-0.675260603821172,0.5157422851913552,0.22071658756443077,0.042693113394368994
2024-10-17 03:00:00,0.5666,0.5467,0.5567,0.9781339849711179,0.7985987537515925,0.018833568655513444,0.5025123102953212,0.904275554134809,0.5215407804838108,0.2973641495242731,0.04199462218624926
2024-10-17 07:00:00,0.5591,0.5512,0.558,0.4695382567275038,0.7937048005472752,-0.00547077799325868,0.8607584041032875,-0.00869640030470145,0.4564616427271535,0.27468023184303486,0.03966246151252618
2024-10-17 11:00:00,0.5585,0.5474,0.5519,0.339105272591739,0.788837447765284,-0.004441904829617482,0.4054050401756349,0.15763477707827003,0.4672921529554653,0.25636317179950696,0.03846409172329396
2024-10-17 15:00:00,0.5544,0.5419,0.543,0.05889484043294764,0.7834673105266075,-0.007651773232841719,0.08799992960005583,0.11217088001536483,0.4418607671935464,0.22494975196136147,0.0380275418878892
2024-10-17 19:00:00,0.5482,0.5419,0.5464,-0.7851595793721774,0.7782321654690613,-0.005846375244814683,0.7142845805006608,-0.6956295233223448,0.46455537288932225,0.20113182755459733,0.03706718291901594
2024-10-17 23:00:00,0.5469,0.5397,0.5459,-0.10068530196854453,0.7710720368477026,-0.0036239061105408643,0.8611099151251196,-0.28787294933221136,0.48355796786479927,0.18645447712306323,0.03712374742882621
2024-10-18 03:00:00,0.5489,0.5422,0.5487,-0.47712913948195107,0.7639481627310755,0.0038422586226711797,0.9701478057495305,-0.6079414255575617,0.49015684746558064,0.20195979302795508,0.03683899075863705
2024-10-18 07:00:00,0.5532,0.5478,0.5496,-0.08543057780981347,0.7576287203679754,0.008292967431767773,0.33333271605052583,-0.445461976592085,0.46092341564337735,0.23555439183725654,0.03624076778063551
2024-10-18 11:00:00,0.5509,0.5428,0.5462,0.3068460268997751,0.7513431758020621,-0.00777263703008757,0.4197525682067147,-0.3234238577022383,0.4815980627191186,0.2038065195446964,0.03645552190350498
2024-10-18 15:00:00,0.5489,0.5434,0.5488,-0.21347606040554248,0.7441060718936983,0.0007632877756880152,0.9818163966974426,-0.463828305200415,0.5062687723338556,0.20689998837159093,0.03626702811925178
2024-10-18 19:00:00,0.5489,0.5446,0.5452,-0.8130774139662627,0.7368993568878182,-0.0001230763123964973,0.13953455922196312,-0.7897600770725591,0.4336982897241412,0.20640080135915997,0.03405616062998135
2024-10-18 23:00:00,0.55,0.545,0.5485,-0.66864002400363,0.7299137637758434,0.0018328236723779145,0.6999986000027889,-0.7792988123764276,0.46435174270522384,0.21383366273041768,0.0332884686428794
2024-10-19 03:00:00,0.5499,0.546,0.5472,-0.7306139243167157,0.7229616377584243,0.0007695299252978849,0.307691518739689,-0.8137757801849788,0.4352396426414006,0.21696014605990482,0.030971235924777175
2024-10-19 07:00:00,0.5479,0.5443,0.5447,-0.7902521760813442,0.7186789498054662,-0.002192617475106462,0.11111080246997944,-0.8146379090989223,0.40999964976872144,0.20804501875164974,0.03108374527111292
2024-10-19 11:00:00,0.5456,0.543,0.5454,-0.7834436212272691,0.7144156270748844,-0.0039048841111691823,0.9230733727947266,-0.7882299846462619,0.47529622035236263,0.19220267106076472,0.028376074415487493
2024-10-19 15:00:00,0.5455,0.5406,0.5418,-0.6270067899829662,0.7085620718976633,-0.003698811722107176,0.24489745939293492,-0.7579698354256645,0.40108252274866624,0.17725496920193734,0.02948413752336945
2024-10-19 19:00:00,0.544,0.5409,0.5436,-0.9033287416056297,0.7027944117590397,0.0007134837848588038,0.870964932371164,-0.9284213464335216,0.49241532456950693,0.18012764726172245,0.030295646167832247
2024-10-19 23:00:00,0.5449,0.5423,0.5429,-0.9089584604427793,0.6962858727913505,0.0016432428839607827,0.23076834319869316,-0.9165946444728623,0.40762602268947307,0.18674850660801362,0.03140672394347335
2024-10-20 03:00:00,0.5437,0.5404,0.5425,-0.8327832859981183,0.6898217252735498,-0.002547194467306335,0.6363617079948273,-0.8801887270592389,0.48836620236877526,0.17646863312048175,0.03202518702315058
2024-10-20 07:00:00,0.5428,0.5366,0.5397,-0.3912467621078615,0.6827963402600399,-0.0047548935158394645,0.4999991935496878,-0.6199236895404489,0.42747200531357815,0.1573278889392895,0.03451212734932093
2024-10-20 11:00:00,0.545,0.5371,0.5444,-0.3470075540661512,0.6757908663770349,0.0034628481114660215,0.9240494632285221,-0.5425282163568151,0.48429808782060396,0.17120124450317134,0.029823556631808298
2024-10-20 15:00:00,0.5457,0.541,0.5448,-0.6201380249301126,0.6692790391331267,0.004315969481390125,0.8085089180661262,-0.7580373553456219,0.44732659295157473,0.18855237344921028,0.02180427380843363
2024-10-20 19:00:00,0.549,0.5423,0.5483,-0.4366795489934532,0.6628048253110684,0.0030119718515944083,0.8955210514611128,-0.6028416160683397,0.5284937678808536,0.20071341155884806,0.01939067679463181
2024-10-20 23:00:00,0.5506,0.5453,0.5456,-0.2609481761785362,0.6564870943110146,0.005274206119804337,0.05660366678552844,-0.42859217524820775,0.4621546189278895,0.22207251188518595,0.019049558349664434
2024-10-21 03:00:00,0.5547,0.5455,0.5483,0.47800716978524377,0.6501911985057854,0.003200840301734287,0.3043474952744648,-0.336733369485826,0.472258937439358,0.23510341162376075,0.019452513893470465
2024-10-21 07:00:00,0.5608,0.5471,0.5587,1.656056575168471,0.6519525937070416,0.005943494183602294,0.8467147104272186,0.6765870991829661,0.4906138780471815,0.2593773433433742,0.02836765880704633
2024-10-21 11:00:00,0.5591,0.5422,0.5463,1.0394063227932275,0.6550155330768304,-0.006613364888612638,0.24260340674354547,0.409901619623105,0.4497730994204655,0.23220704823606778,0.02870295930326385
2024-10-21 15:00:00,0.5482,0.5409,0.546,-0.009750621823500167,0.6514853387840691,-0.008515361308561897,0.6986291799600292,-0.33099414674291316,0.43197561808835144,0.19745397121730943,0.028086802080670062
2024-10-21 19:00:00,0.5482,0.5454,0.5463,-0.8872276598674017,0.6479679593219981,0.0034652683522471417,0.321427423473489,-0.7731426354730957,0.41854467856763994,0.21147607073771293,0.02807441872631362
2024-10-21 23:00:00,0.5465,0.5394,0.5425,-0.31285867969142234,0.6429056788159547,-0.006672448972509626,0.43661910335337467,-0.3097592242549509,0.4442008465654423,0.18438265385260408,0.028361785018334255
2024-10-22 03:00:00,0.5452,0.5424,0.5444,-0.7745905693521474,0.6378634134322795,0.001187479498734323,0.7142831632744112,-0.7993937974869925,0.4856603431460547,0.18917223041626688,0.028328272729703535
2024-10-22 07:00:00,0.5498,0.5308,0.5359,2.691556043383816,0.6316861974301948,-0.00880902226628777,0.268420911357416,0.31218741565287195,0.5026940254405358,0.15359975260441996,0.0324921253005475
2024-10-22 11:00:00,0.5367,0.5291,0.5352,1.4289264232691208,0.625528097851105,-0.010478274695089773,0.8026305228545808,0.039632772491256005,0.5018262547863037,0.11165925979171294,0.036096878576307244
2024-10-22 15:00:00,0.5362,0.5304,0.533,-0.3054390122111104,0.5778574199985819,-0.0008219388064786282,0.44827508918088665,-0.4822844557604041,0.48638087878494285,0.10840382823653488,0.04093911823681757
2024-10-22 19:00:00,0.5367,0.5322,0.535,-0.2141497005052017,0.5710110771511578,0.0037536608023907014,0.6222208395092581,-0.7130948801177301,0.544162471787171,0.12325863471497897,0.04320502513978414
2024-10-22 23:00:00,0.535,0.5316,0.5321,-0.43491252721134827,0.6061766814299607,-0.003808101652839291,0.1470583910047458,-0.8457793912679901,0.5633595032669839,0.10813181439795483,0.04729879676431725
2024-10-23 03:00:00,0.5332,0.5283,0.5301,-0.6121742300856073,0.6001452122500874,-0.004249495066699249,0.36734618908941374,-0.6819168768939331,0.4392697405812321,0.09131594018001203,0.052021021071668345
2024-10-23 07:00:00,0.5303,0.5227,0.5256,0.9824690226727151,0.5935205233604046,-0.007569603237787881,0.3815784452915095,-0.26724723937018263,0.47482903674242066,0.06148920127292497,0.05945630824781521
2024-10-23 11:00:00,0.529,0.5255,0.527,0.14520479343004322,0.5869110512385155,0.000685190069362962,0.42857020408514024,-0.5076516977022733,0.5008793858798607,0.06416863965210796,0.0639486726067155
2024-10-23 15:00:00,0.5272,0.5117,0.5174,1.5869768901070573,0.5800576240718968,-0.016378512662968303,0.3677416982311587,0.5349419445060661,0.4924113694450644,7.651820948573545e-05,0.07638923631968592
2024-10-23 19:00:00,0.5263,0.517,0.5254,-0.7553846557423051,0.5732052179520901,0.007146954095783142,0.9032248352421111,-0.6136013272583619,0.5082666887238888,0.027585795828854214,0.07822518819459139
2024-10-23 23:00:00,0.5305,0.525,0.5291,-0.023884711134338914,0.5671934044917583,0.010863520195570464,0.7454531900851145,-0.5607859155523837,0.5361055147989234,0.06969932265139837,0.07831544700001308
2024-10-24 03:00:00,0.5335,0.5282,0.5314,-0.2978796955983944,0.5611931924107764,0.005294510159430166,0.6037724457123662,-0.7010786826490721,0.45432587045114636,0.09044699339125531,0.07623624199871844
2024-10-24 07:00:00,0.5324,0.5241,0.5264,1.296681617644628,0.5560721653295161,-0.004019390742132756,0.2771080998697563,-0.2297221557660873,0.4400412711569021,0.07461275788484106,0.07717614742052616
2024-10-24 11:00:00,0.5315,0.5262,0.5297,0.5886280586047768,0.550964851049357,0.001285237183733745,0.6603761124978946,-0.43118942124472737,0.5102630666367923,0.07965554967596163,0.07398341496506669
2024-10-24 15:00:00,0.5326,0.5279,0.5314,-0.5253455868860629,0.5463952678248003,0.0022935798782774963,0.7446792666398587,-0.6825676978929266,0.43603284385540503,0.0886662685075803,0.06058654593195377
2024-10-24 19:00:00,0.5338,0.5311,0.5318,-1.0052068771305895,0.5418385328777419,0.003830273856273214,0.259258299043346,-0.7931471403390618,0.46390362239440525,0.10374866463921899,0.056174037550934974
2024-10-24 23:00:00,0.5322,0.528,0.5293,-0.7594682900965156,0.5350676047220724,-0.004022854831308598,0.30952307256410666,-0.7317134328284131,0.36524432848892213,0.08784727179405367,0.051527356468317284
2024-10-25 03:00:00,0.5305,0.522,0.5221,-0.1550197229566236,0.5282932768407803,-0.008602643788790387,0.011764692041537546,-0.6205027065423819,0.40179248543488516,0.053979851360572005,0.047978308321607814
2024-10-25 07:00:00,0.5265,0.5202,0.5258,0.5459924814706475,0.5259735460991871,-0.0038751364708571323,0.888887477956396,-0.4457439094775465,0.48540208485021,0.038855215169358484,0.04336177441080006
2024-10-25 11:00:00,0.5279,0.5231,0.5258,0.3261057271603815,0.5243389235829092,0.003924626807578324,0.5624988281274458,-0.4466112135131647,0.4847311487175676,0.054113653318142975,0.035198139507727176
2024-10-25 15:00:00,0.5265,0.5096,0.5157,1.5554688771407175,0.5176850148409186,-0.014143222006452905,0.36094653198430204,0.4681271573986202,0.48536965803927895,0.0,0.040366701463992
2024-10-25 19:00:00,0.5185,0.5117,0.5119,-0.2638978266934387,0.5110251992200504,-0.005809102721346493,0.029411721453347923,-0.2654457900024417,0.5104627223631651,0.0,0.0471984057925913
2024-10-25 23:00:00,0.5122,0.486,0.5085,5.0,-2.207660345771542,-0.029780395029917806,0.8587782981762206,1.7950986949225294,0.4954362824036123,0.0,0.05590437936051593
2024-10-26 03:00:00,0.5153,0.5082,0.5137,-0.5929269601727414,-2.2263037441753117,0.02531289009100024,0.774646796272127,-0.6674476035408232,0.41990738456536514,0.0826050778734046,0.05618262930174694
2024-10-26 07:00:00,0.5154,0.5127,0.5139,-0.8516213383507213,0.506323678383052,0.0030810576917748023,0.44444279836001066,-0.7462806927374319,0.4061442518382987,0.09291418990528508,0.0572405678178685
2024-10-26 11:00:00,0.5149,0.5064,0.5067,-0.5568599421126504,0.4999619963168239,-0.00516461734107132,0.035294076124625234,-0.5427904087607305,0.4318492048577387,0.07558031702988684,0.06386442619785
2024-10-26 15:00:00,0.5131,0.5057,0.5121,-0.760006486845007,0.4999619963168239,-0.002814397367853272,0.8648636961301396,-0.5888513285463389,0.49803414793085615,0.06618321164919155,0.06537756973535676
2024-10-26 19:00:00,0.5151,0.512,0.5123,-1.1222281258571285,0.4999619963168239,0.006141806169051245,0.09677388137456581,-0.8416955527833055,0.4742739924908672,0.08663262186729466,0.06659424963205396
2024-10-26 23:00:00,0.5149,0.5118,0.5144,-1.0844233552524665,0.4999619963168239,0.00012776918933665726,0.8387069719129754,-0.8582151236304092,0.4769481680332988,0.0870606477334363,0.06704470115106323
2024-10-27 03:00:00,0.5168,0.5136,0.5147,-1.0471761006819895,0.4999619963168234,0.003688017773771479,0.3437489257846286,-0.8514203210473592,0.4367846893140926,0.09941705934085612,0.06728549351283276
2024-10-27 07:00:00,0.5155,0.5109,0.5111,-0.8019855722922761,0.4999619963168239,-0.004202076485146478,0.04347816635180808,-0.8051869174142705,0.38590352477273304,0.08528641212722143,0.06757505906413605
2024-10-27 11:00:00,0.5158,0.5108,0.5153,-0.8129009927402184,0.4999619963168239,0.001745921321724131,0.8999982000035889,-0.7628158044080728,0.5666060733319032,0.09113288563269731,0.06365029703961299
2024-10-27 15:00:00,0.5179,0.5145,0.515,-0.9459793910270909,0.4999619963168239,0.004497920352967144,0.1470583910047458,-0.7595784405685009,0.5029567507204006,0.10622112832152875,0.062334581569540776
2024-10-27 19:00:00,0.5175,0.5134,0.5166,-0.8084298034411381,0.4999619963168239,-0.001850788490407762,0.780485901253896,-0.7578193632516813,0.5157686553634763,0.09998474599594885,0.05842681399620975
2024-10-27 23:00:00,0.518,0.514,0.5147,-0.7563370212909017,-0.17788778292827698,0.0008370556572512289,0.17499956250110207,-0.6603535792119164,0.44134810241409017,0.10280005290378305,0.05287043229068744
2024-10-28 03:00:00,0.5153,0.5115,0.515,-0.6684931158190863,-0.17493475345614795,-0.0039387475239316405,0.9210502077626204,-0.6855347939405023,0.5080927038960842,0.0895415975730833,0.04492863626442744
2024-10-28 07:00:00,0.5199,0.515,0.5185,0.3626006681497186,0.5008948415395178,0.008041702051089894,0.7142842565627288,-0.43133391304524554,0.4330096435138584,0.11650463477329062,0.03768798825239379
2024-10-28 11:00:00,0.5217,0.5161,0.5169,0.18194106498692106,0.4952521571614643,0.0029984302825980524,0.1428568877555604,-0.3544145810637522,0.45130834696496036,0.12663892382168218,0.03582813967436592
2024-10-28 15:00:00,0.5171,0.5113,0.5148,-0.42905404631556804,0.4952521571614643,-0.009305433178817935,0.6034472354358082,-0.32243143648543704,0.4824601194137442,0.09509351357095953,0.02999220822061438
2024-10-28 19:00:00,0.5214,0.5147,0.5198,-0.26138686243068937,0.4952521571614643,0.00800862280102721,0.7611928937419569,-0.3512621696789883,0.4966413483806359,0.1219901024954757,0.0237021069486123
2024-10-28 23:00:00,0.5265,0.5185,0.5237,0.10444221644856733,0.4952521571614643,0.007630760046370089,0.6499991875010267,-0.2991984861671841,0.5281681762864714,0.14782289826747635,0.028630798874661904
2024-10-29 03:00:00,0.5251,0.5228,0.524,-0.2992664137915147,0.4952521571614643,0.0022537789195562485,0.5217368620136413,-0.645677620293337,0.4976512681046102,0.15551095080759877,0.03246344372794513
2024-10-29 07:00:00,0.5284,0.5231,0.5243,0.32322210558792747,0.4952521571614643,0.0030165559312216317,0.2264146671421347,-0.5020882247062824,0.46757831402949795,0.1658241668322279,0.03378948438435663
2024-10-29 11:00:00,0.5293,0.5236,0.5256,0.3439048766761456,0.4952521571614643,0.00040893855642631927,0.3508765774095113,-0.41938343829729136,0.49890720054612997,0.1672264925337445,0.03726094803146419
2024-10-29 15:00:00,0.5305,0.5237,0.5304,0.40413714599258493,0.4952521571614643,0.0039708589166065345,0.9852926686872534,-0.3383733893787155,0.485396979120251,0.18084886826015215,0.04340151704230296
2024-10-29 19:00:00,0.5305,0.5214,0.5275,0.20349663525184816,0.4952521571614643,-0.001189697722291716,0.6703289337044681,-0.28760509271866247,0.49374446457202975,0.1767513005857839,0.04259629170445068
2024-10-29 23:00:00,0.5285,0.5227,0.5251,-0.0940680236069102,0.4885185257620118,-0.002480088495106836,0.41379239001311935,-0.5770126260202662,0.49119963737747646,0.16821951965055268,0.04273527381664035
2024-10-30 03:00:00,0.5266,0.524,0.5243,-0.3000789244692476,0.48177143785963933,-0.0005861830699404047,0.11538417159933015,-0.544821027361205,0.5018599481059801,0.1662079857202941,0.041945940475208124
2024-10-30 07:00:00,0.5256,0.5216,0.5236,-0.015046954230158288,0.4762887841556132,-0.002889773520886041,0.499998750003125,-0.5311456982393742,0.5087067574270082,0.15629731041156394,0.041450060786544424
2024-10-30 11:00:00,0.526,0.5194,0.5256,0.522670588841599,0.47081088203908383,-0.002584737729594777,0.9393925160719356,-0.287499957485031,0.4885935481071301,0.14745839264218005,0.041157334727851845
2024-10-30 15:00:00,0.5258,0.5202,0.5234,-0.0843043822551207,0.47081088203908433,0.0005029164254177765,0.5714275510222219,-0.3114791100890804,0.41581361750408746,0.14917374933263539,0.037846716734507624
2024-10-30 19:00:00,0.5255,0.5207,0.5241,-0.7040843607647256,0.47081088203908383,0.0015483817234873687,0.7083318576419672,-0.557316084556928,0.451569281829236,0.1544576545185396,0.03654413563354023
2024-10-30 23:00:00,0.5245,0.5191,0.5227,-0.6312457970317178,0.4662708079813906,-0.002824695462216531,0.6666654321010653,-0.6429646129312497,0.4141029636183456,0.14480335995613053,0.03465303452500922
2024-10-31 03:00:00,0.5228,0.5175,0.5184,-0.6119700242376956,0.46173857575952476,-0.003070332445202495,0.1698110003566027,-0.6720428043703348,0.4515079731620853,0.13433916482327993,0.034193963013363936
2024-10-31 07:00:00,0.5209,0.5152,0.5206,0.3163051107577327,0.4548352518805459,-0.004693591604719827,0.9473667590056727,-0.504133632265562,0.47031490187623975,0.11839175164562657,0.031465375114174056
2024-10-31 11:00:00,0.5208,0.5076,0.5103,0.757893992782231,0.4479066565050567,-0.006110790781732378,0.20454529958688872,-0.07631620086642654,0.4328086827885205,0.09772657304085171,0.036382745015097716
2024-10-31 15:00:00,0.5123,0.5031,0.5068,0.7077557376727638,0.4479066565050561,-0.012231527940739007,0.40217347589840036,0.11932933874017566,0.48990777303934946,0.05661534636012488,0.04528523104966761
2024-10-31 19:00:00,0.5109,0.5059,0.5108,-0.6997287777883259,0.4479066565050561,-0.0005834304904028809,0.9799980400039222,-0.5304977439519352,0.5449842091317492,0.05467837140351634,0.048142673043017004
2024-10-31 23:00:00,0.5123,0.5025,0.5108,0.09112816787144827,0.4439292757820671,0.0010783905115314685,0.8469379112878517,-0.17603976445925112,0.5511380635661759,0.05825651270744053,0.050342287770810144
2024-11-01 03:00:00,0.5216,0.5102,0.5132,0.2684953122053938,0.4399589006455583,0.014590691357797558,0.2631576638967871,0.055155107040724606,0.5066226934818141,0.10672119685816864,0.05193703768927971
2024-11-01 07:00:00,0.5244,0.5093,0.5194,1.1772969279946206,0.4399589006455588,0.001108654250100205,0.6688737292226956,0.2481189164364329,0.47162033344319454,0.11045745191337125,0.05108178479525063
2024-11-01 11:00:00,0.5206,0.5166,0.52,0.879124267911082,0.4399589006455588,0.003836852239587518,0.8499978750053292,-0.20981611178832826,0.46759377694377935,0.1234022916972843,0.050641769464266836
2024-11-01 15:00:00,0.5237,0.5116,0.514,1.2082012080147322,0.4362246425297306,-0.0013843431813018725,0.19834694351491922,0.5924057838349073,0.4814895477098158,0.11871385014596283,0.05183019492736156
2024-11-01 19:00:00,0.5171,0.5077,0.5114,-0.5869117315217222,0.43249698986128726,-0.011286342589096332,0.39361660253552283,-0.4568900073913979,0.453372872742539,0.08054260384195482,0.052942549431082696
2024-11-01 23:00:00,0.516,0.5111,0.515,-1.0868381201163133,0.43249698986128726,0.004064811007927327,0.7959167430270555,-0.673359315424673,0.4302180616046412,0.09413493673688943,0.048745456079680935
2024-11-02 03:00:00,0.5155,0.5113,0.5131,-1.0193750063824387,0.43249698986128726,-0.0017546587526536817,0.4285704081657024,-0.7248872173420711,0.4474952340883597,0.08824367852184585,0.04670066259041935
2024-11-02 07:00:00,0.5133,0.5104,0.5118,-1.064618176286753,0.42525114840531325,-0.0030038499642938143,0.48275695601051766,-0.7169337000822785,0.4501683552683745,0.07817596335434428,0.0457546525293611
2024-11-02 11:00:00,0.5129,0.5077,0.5099,-0.5857145490283364,0.4179588748126222,-0.0030155728455174557,0.4230761094690178,-0.36352874401962876,0.46260123446839857,0.06809931766123245,0.045419657233465464
2024-11-02 15:00:00,0.5116,0.5063,0.5093,-0.8289430322881892,0.4179588748126222,-0.0010831792367980153,0.5660366678553354,-0.4802039828480295,0.4755972987832452,0.06449074989187883,0.044895214492225125
2024-11-02 19:00:00,0.5104,0.5078,0.5099,-1.1679264118477386,0.4179588748126222,-0.0012128318037089025,0.8076892011953964,-0.7625611670849678,0.4305546605891365,0.060454626431264175,0.04177493593565715
2024-11-02 23:00:00,0.5111,0.4977,0.5005,-0.026831707814559444,0.4179588748126222,-0.012101788939259617,0.20895506794397647,0.027849139713169536,0.43075158549009007,0.02023052102257447,0.046405832435368326
2024-11-03 03:00:00,0.5062,0.4987,0.5057,-0.6221658990664298,0.4179588748126222,-0.0009403820567661647,0.9333320888905555,-0.41444924516282916,0.4566429596620416,0.01714269123406242,0.04354498311571341
2024-11-03 07:00:00,0.5072,0.5014,0.5034,-0.6554746245746423,0.4179588748126222,0.003048507423109248,0.3448269916775992,-0.6244809498198791,0.46692394261058684,0.027143328625850713,0.04247565561886203
2024-11-03 11:00:00,0.5043,0.4929,0.4971,0.5177510831750968,0.4179588748126222,-0.012238853128303417,0.3684207294555,0.24847099431704284,0.5086734944580557,0.0,0.04846143826486947
2024-11-03 15:00:00,0.5009,0.4917,0.4948,0.5172017817363975,-1.54829035401658,-0.003965402245881933,0.3369561554824393,0.3033769470180444,0.46995188229845747,0.0,0.05272090053576978
2024-11-03 19:00:00,0.5047,0.4946,0.5034,-0.684017197429827,-1.5330001564819535,0.01060364403657954,0.8712862660531948,-0.3968927575667293,0.5004243297726922,0.0334571735537303,0.052844392597224794
2024-11-03 23:00:00,0.5078,0.5005,0.5073,-0.478957961148492,0.4276552527868542,0.006579995690390694,0.9315055732800297,-0.285128020009069,0.4866408576696474,0.054438868966072744,0.05237640264439358
2024-11-04 03:00:00,0.5087,0.5039,0.5067,-0.3484774292714907,0.4276552527868542,0.002815156395620466,0.5833321180580893,-0.5596862840116855,0.41427048934154986,0.06347465193851627,0.05248648516637997
2024-11-04 07:00:00,0.5142,0.5041,0.5132,0.7151613453231553,0.42551696901322605,0.004433048389868466,0.9009892069413792,-0.251947794086498,0.4496861912018363,0.07774342482163692,0.052279473442812925
2024-11-04 11:00:00,0.5147,0.5084,0.5097,-0.09270879645400959,0.4233821367287606,0.006307295497099297,0.20634887881131328,-0.27216464150293357,0.4139537737625615,0.0981348849834771,0.05207889225363221
2024-11-04 15:00:00,0.5138,0.5068,0.5087,0.07080373804350377,0.4233821367287606,-0.0031380394644758836,0.27142818367402494,-0.14871531526088488,0.4188000009658536,0.0879256272134548,0.048345166936805524
2024-11-04 19:00:00,0.5109,0.4957,0.5033,0.8029751766044791,0.4233821367287617,-0.014055125403462654,0.49999967105284615,0.29914420170899536,0.41847452437445404,0.042342352992485115,0.04430854922511289
2024-11-04 23:00:00,0.506,0.5017,0.5048,-0.5095411639176901,0.4233821367287617,0.0022380308732199428,0.7209285559801054,-0.2706574229358759,0.4873619882522504,0.04949866882430211,0.0426216888949652
2024-11-05 03:00:00,0.5102,0.5044,0.5102,-0.680960764474437,0.4233821367287617,0.007361382068375555,0.9999982758650416,-0.6191759404546063,0.4978980912825251,0.07309006605545788,0.04181187030351042
2024-11-05 07:00:00,0.5191,0.5098,0.5115,0.9513568941358749,0.4233821367287617,0.01203178126957516,0.18279550237041986,-0.18056527056217564,0.4868319480838074,0.1119327767637096,0.03992607170847649
2024-11-05 11:00:00,0.5145,0.5058,0.5126,0.42097758894869913,0.4233821367287606,-0.00805456389367587,0.7816082970019542,-0.22630348142886125,0.5218479312141154,0.0856170248085876,0.03959236123944306
2024-11-05 15:00:00,0.5148,0.5081,0.5139,0.20512790563313302,0.4233821367287606,0.005118880397388281,0.8656703497457456,-0.21140697442032727,0.44800276477100265,0.10220664790255796,0.04051454522076946
2024-11-05 19:00:00,0.5143,0.5066,0.5139,-0.28010021548162234,0.4233821367287617,-0.001628296445100319,0.9480507168172562,-0.21415629879463235,0.4690284973790472,0.09690253887509273,0.042060701254468216
2024-11-05 23:00:00,0.5314,0.5125,0.5295,1.1396270063559581,0.4233821367287617,0.02084851328664672,0.8994704235606219,0.650062793099333,0.5107591933606294,0.172845085621739,0.05577079607497522
2024-11-06 03:00:00,0.5426,0.5287,0.5356,4.393578349501945,0.4233821367287617,0.024459859167546227,0.49640252057372664,2.4107788511737067,0.5077624990301455,0.25836108266356167,0.0718874339602038
2024-11-06 07:00:00,0.5428,0.5264,0.5355,2.9132037074387043,0.4233821367287617,-0.0005865046257842454,0.5548777104404212,1.3164400457283734,0.4762482305981173,0.2562652897785662,0.08234270711862635
2024-11-06 11:00:00,0.536,0.5272,0.5283,0.6912097162341846,0.4233821367287606,-0.002650683717819624,0.12499985795470529,0.16060296413780856,0.4660253578996468,0.25634290058661713,0.08776190342364064
2024-11-06 15:00:00,0.5355,0.5276,0.535,0.28397570387012155,0.4233821367287617,-0.0011127766919670767,0.936707675053583,0.07753657414797921,0.48655921072730035,0.275033152464525,0.09311669942156076
2024-11-06 19:00:00,0.5469,0.5332,0.5457,0.9023896011760517,0.4233821367287617,0.015353516714961213,0.9124080931327725,0.2621772278469475,0.4990426980102231,0.33851686214576326,0.10051270012064611
2024-11-06 23:00:00,0.5522,0.5377,0.552,0.8065197996284188,0.4233821367287617,0.006726921704263589,0.9862062164095076,0.47094917647913875,0.4377240298438611,0.3661716353979885,0.10818552869868067
2024-11-07 03:00:00,0.5785,0.55,0.5558,3.1721127433268888,0.4233821367287617,0.034483879959667174,0.20350870052326026,2.7007675681030108,0.542470129806348,0.5088905506865717,0.11911011378690245
2024-11-07 07:00:00,0.5588,0.5468,0.5505,0.5418499879268893,0.4233821367287606,-0.01659396159674764,0.3083330763891058,0.1853336910445894,0.3909303626892177,0.4378446180209139,0.1262562369567443
2024-11-07 11:00:00,0.5518,0.5404,0.5441,0.7468522803427552,0.4233821367287606,-0.012576438616779928,0.3245611188060403,0.14547041668895455,0.45455597669657966,0.3848929451189379,0.1282773730721353
2024-11-07 15:00:00,0.5552,0.5423,0.5551,0.5261630826497666,0.4233821367287617,0.006794214331265591,0.9922472928315568,0.29136700537493226,0.5139455497399483,0.43554127630100264,0.13231394225144857
2024-11-07 19:00:00,0.5581,0.5503,0.5532,-0.2994547194889037,0.4233821367287617,0.008540545997958837,0.3717943951353912,0.0720591788239261,0.501494117863357,0.5194826878519581,0.13507217656047207
2024-11-07 23:00:00,0.56,0.5481,0.5487,-0.14215205596578676,0.4233821367287617,-0.0003770029912876227,0.05042012569736772,0.18948743429514267,0.4396627058307388,0.5176409069204133,0.1343103545350859
2024-11-08 03:00:00,0.5528,0.5476,0.5509,-0.15988611474181555,0.4233821367287617,-0.008163414530129143,0.6346141642035267,-0.33832772171980824,0.42566121868653417,0.5137924830033795,0.12766106215522063
2024-11-08 07:00:00,0.5517,0.546,0.5511,0.42537360987090844,0.4220527433959568,-0.002696389758830131,0.8947352723942692,0.009689032354772061,0.45410919130870536,0.5028079156139023,0.11978176920026751
2024-11-08 11:00:00,0.5579,0.5491,0.5507,0.5429569104349337,0.42072490818926467,0.006209082405050692,0.18181797520684062,0.29218623974038244,0.4475595922362131,0.5650962654224063,0.1128945884200499
2024-11-08 15:00:00,0.555,0.5413,0.5485,1.0574856598994777,0.41367503928553834,-0.0058666716031134936,0.5255470616444776,1.5157532913935785,0.4708039343702665,0.5991787274557085,0.10420240641562574
2024-11-08 19:00:00,0.5545,0.5463,0.5534,-0.1666759604720687,0.4066034801967509,0.002976849634323875,0.8658526026187783,0.023885683463621573,0.5079555626176777,0.6648663947152694,0.09353227406577543
2024-11-08 23:00:00,0.5544,0.5465,0.549,-0.16932124719534133,0.39929810726865506,0.000739830164161015,0.31645529562621466,-0.04436355727010398,0.39804407186890006,0.8221161407666301,0.08084507473347705
2024-11-09 03:00:00,0.5557,0.5454,0.5525,0.3553419762147139,0.3919399588273998,-0.0003834759635000795,0.68931971910707,-0.0945051695078927,0.442540185625824,0.8189580691071847,0.06227815835629149
2024-11-09 07:00:00,0.5568,0.5509,0.5513,0.32741403265076024,0.38932017789771506,0.005471306655276287,0.06779649526018869,0.023073416094401777,0.45036407879715806,0.8639990994087642,0.05587785296175524
2024-11-09 11:00:00,0.5535,0.5446,0.547,-0.20573850947844666,0.3867043197656444,-0.008454840425524135,0.26966261835661576,0.11505427542048142,0.4792155066269388,0.7940161315258429,0.052587319221680376
2024-11-09 15:00:00,0.5511,0.5436,0.5504,-0.20671411025643519,0.3793679324135639,-0.002597773013579552,0.9066654577793859,0.12299883552004574,0.459874206493309,0.7726954717081689,0.04784581344971446
2024-11-09 19:00:00,0.5555,0.5488,0.555,-0.30688102943729983,0.3719747685505877,0.0075966275901631075,0.9253717531764964,-0.03648657491460375,0.4821391626256154,0.8348811835345246,0.03362435404902438
2024-11-09 23:00:00,0.5733,0.5545,0.5699,2.506260585133254,0.364266894558807,0.022719057429772427,0.8191485004529219,3.574819801226179,0.5289701569905678,0.9999998537767882,0.036859843329777445
2024-11-10 03:00:00,0.5924,0.5685,0.5807,3.5204008751242837,0.3564799738591662,0.027011405759898688,0.5104600374644183,4.701907846740122,0.5232625239796153,0.999999880428316,0.05620428280183094
2024-11-10 07:00:00,0.5879,0.5797,0.5863,0.89627935783543,5.0,0.008055952564461455,0.8048770672230964,1.4519803501341224,0.4829771236839339,0.9999998867507748,0.0747428596801383
2024-11-10 11:00:00,0.6187,0.582,0.5989,5.0,5.0,0.03251580929916087,0.46049033774105225,5.0,0.5071208626256939,0.9999999068014547,0.09806895182075717
2024-11-10 15:00:00,0.6118,0.597,0.6081,1.3305778412063374,5.0,0.003308861903652538,0.7499994932435837,2.929089214267794,0.5045623630936131,0.9999999085035308,0.12127133043469712
2024-11-10 19:00:00,0.6163,0.5624,0.5899,3.0447277609796735,5.0,-0.025762311254327264,0.5102039869751415,5.0,0.48892029051625574,0.8573371297487938,0.12989569291396125
2024-11-10 23:00:00,0.5989,0.5847,0.5961,0.723442778036495,1.0451913008111704,0.0034465001949126606,0.8028163360448319,1.9515872043385343,0.4824320119304299,0.8759309697551507,0.13734789701124722
2024-11-11 03:00:00,0.5961,0.5703,0.5754,1.0799834349434252,1.0406236392417778,-0.016099850002559535,0.1976743419866894,2.717141634908061,0.4567719844108686,0.7887730543012149,0.14195724122747705
2024-11-11 07:00:00,0.5875,0.5715,0.5867,0.7961733723926749,3.188424535748818,-0.00434745427208949,0.9499994062503696,1.502643389987219,0.460274325704231,0.7656166536932424,0.13992911934266908
2024-11-11 11:00:00,0.5885,0.5758,0.5823,0.8814830192394166,3.1879245954382536,0.005051640850863848,0.5118106206215616,1.8339957901473496,0.44021553713122646,0.7924068753403813,0.1400012143100913
2024-11-11 15:00:00,0.5962,0.581,0.5955,2.1329813481262927,0.015442820217436364,0.014215181897482942,0.9539467408245177,3.297743809173903,0.4868048200132392,0.8681746685648121,0.13921198270470464
2024-11-11 19:00:00,0.633,0.5922,0.618,5.0,0.015442820217436771,0.04043220631570432,0.6323527861880428,5.0,0.5004238001471235,0.9999999158068151,0.14609724351108494
2024-11-11 23:00:00,0.6228,0.5968,0.6041,3.277027023833148,5.0,-0.008748182116761427,0.28076912278110533,4.37572504159477,0.4453691177761731,0.954724074346041,0.14960043146057928
2024-11-12 03:00:00,0.6105,0.597,0.6076,1.6105051474886711,5.0,-0.008175452032949226,0.7851846035669604,2.5420067678797458,0.4809754077525561,0.9127825233479416,0.15007918327788916
2024-11-12 07:00:00,0.6989,0.6062,0.6321,5.0,5.0,0.07812263019535526,0.27939587061533255,5.0,0.5079716818372825,0.9999999357445822,0.15393853339030433
2024-11-12 11:00:00,0.6714,0.6252,0.6667,3.1433762191696193,5.0,-0.008045443394899987,0.8982682038380503,5.0,0.5066742158926977,0.9663163340485765,0.1759960180672923
2024-11-12 15:00:00,0.7051,0.6589,0.6968,4.080771400251471,5.0,0.05610225951442227,0.8203461427822204,5.0,0.5089812562888715,0.9999999464229321,0.2089387751490404
2024-11-12 19:00:00,0.7398,0.6807,0.7154,2.891652260781965,5.0,0.047752479405027026,0.5871403405853914,5.0,0.530717619049155,0.9999999543883284,0.2404714986843754
2024-11-12 23:00:00,0.7407,0.6796,0.688,2.5042666074409823,2.6840267945004506,-0.011999694717585663,0.13747951923412052,4.8278237863006055,0.475131290725988,0.960856295388187,0.25962094496844507
2024-11-13 03:00:00,0.6908,0.64,0.6484,1.7428734558213703,2.6293753498457537,-0.06356691886817856,0.16535429815860214,3.28184962501595,0.4749341822975657,0.7559857789467193,0.2662845172623946
2024-11-13 07:00:00,0.676,0.6478,0.6694,1.248318611670704,-0.08333735528213296,-0.0007503341059725832,0.7659571751924893,2.377762025444809,0.5280893549830349,0.7537212403049768,0.2577984659265712
2024-11-13 11:00:00,0.7171,0.664,0.712,2.4386747296326527,-0.08775682007655528,0.04663413116836046,0.9039546320236097,3.8571754550439263,0.5025302293223949,0.8943593271754006,0.26037576837532084
2024-11-13 15:00:00,0.748,0.6968,0.7061,1.7810390697208365,-0.1786016710625348,0.03775896966466008,0.1816405895233218,3.0024787579812515,0.4986194850817795,0.9999999549977628,0.273364917655247
2024-11-13 19:00:00,0.7085,0.6687,0.6912,0.8933805728711176,-0.18020932723627592,-0.044535978907232265,0.5653264911239982,1.5343566067675265,0.5000716707184569,0.856067223196891,0.28380420348189134
2024-11-13 23:00:00,0.7048,0.6822,0.6992,0.6851834863369873,0.15290104009026517,0.010919507860621458,0.75221205654334,1.4751302130397919,0.489043655137879,0.8897855463701272,0.2871262334192599
2024-11-14 03:00:00,0.708,0.6865,0.6868,0.21603118611408684,0.15039899994285555,0.004239487985674417,0.013953481882099937,0.6270483671389881,0.45172365043009804,0.903019599982783,0.2874660317163445
2024-11-14 07:00:00,0.7159,0.6829,0.7094,0.6332041284922487,-0.030674521372774342,0.008151751036362231,0.8030300596878623,1.1700809739199376,0.48443636256250205,0.9285741173191508,0.27900704240376006
2024-11-14 11:00:00,0.7548,0.6981,0.7069,2.498912451701085,-0.03137098768184489,0.029068134939506995,0.15520279449686028,3.9673643226236717,0.4889627441944785,0.9999999558992366,0.26645503570841966
2024-11-14 15:00:00,0.777,0.7013,0.7736,2.4440659823281194,1.0748118941847153,0.024606539043069198,0.9550857390903903,3.9241460915852535,0.5061335453887857,0.9999999591062878,0.2585143309792882
2024-11-14 19:00:00,0.8473,0.7632,0.7932,3.25903681988719,1.065684366048264,0.08663933054611705,0.3567181502118728,5.0,0.5247813989229092,0.9999999676050979,0.26522411171712235
2024-11-14 23:00:00,0.8312,0.7553,0.8277,2.0412035930081833,0.2081288166994337,-0.011989314362995884,0.9538865673403726,4.064458350630668,0.49928315626116043,0.9687487982586956,0.28061439217435197
2024-11-15 03:00:00,0.8398,0.7876,0.7978,1.047471660698005,0.20629797357638768,0.01829040775539914,0.19540226141719094,2.1158946370173233,0.4790656733125704,0.9999999681106319,0.2998063589844804
2024-11-15 07:00:00,0.8263,0.7731,0.8138,0.6817693828643985,-0.20361762255042096,-0.010679274683823792,0.7650374501809293,1.3113154859097738,0.5213396819111772,0.9724312724025748,0.2957996688216225
2024-11-15 11:00:00,0.916,0.8107,0.9093,3.273591853531415,-0.20361762255042096,0.08413742350694409,0.9363721807813691,4.934206223785442,0.5145408161067222,0.9999999731415808,0.30647948225796784
2024-11-15 15:00:00,0.9093,0.8585,0.8826,1.6058114972286086,-0.20361762255042096,0.009651264185078778,0.47440935543122986,2.8189098959063457,0.5037522198072377,0.9999999737327733,0.3356210364489322
2024-11-15 19:00:00,0.9279,0.8672,0.8987,1.2005292504286877,-0.20361762255042096,0.024358593379079085,0.5189455487733873,2.0608807946185697,0.5094104385598373,0.9999999751278593,0.3558530416771411
2024-11-15 23:00:00,0.9031,0.8778,0.8915,0.4065561641539516,-0.20361762255042096,-0.010217237428370107,0.5415017622522655,1.468245772265175,0.514878456910182,0.9771797433583773,0.3799343512097984
2024-11-16 03:00:00,0.9842,0.8886,0.9607,1.6970037319329452,-0.20361762255042096,0.06984876416976338,0.7541840215288685,4.261648762590615,0.5101222339313094,0.9999999780202462,0.39500140355560814
2024-11-16 07:00:00,1.0739,0.9567,1.0678,2.5725134494094504,-0.20361762255042096,0.06759912772452936,0.9479521375467461,5.0,0.5352514268929892,0.9999999807412419,0.4238437783544162
2024-11-16 11:00:00,1.1999,1.0136,1.1942,4.685690011223763,-0.20361762255042096,0.08225081472965612,0.9694041347609158,5.0,0.5325348599478853,0.9999999834092037,0.46688278029722824
2024-11-16 15:00:00,1.2698,1.018,1.1741,4.480743395069999,1.6449648893070732,0.04034824895772027,0.6199364328857647,5.0,0.48920776765582613,0.9999999845458097,0.5298279610716786
2024-11-16 19:00:00,1.2133,1.1034,1.1061,1.35473909701191,1.6270557866667135,0.01783212020795033,0.024567786663533007,2.593746841198939,0.48717212899735646,0.9999999850177392,0.5880386665698826
2024-11-16 23:00:00,1.1603,1.0367,1.0657,1.3691908415712442,0.22934338642967775,-0.05870533880844364,0.23462781273237843,2.633001581497455,0.47060001569958243,0.8976750102311855,0.615713347627279
2024-11-17 03:00:00,1.0711,1.0026,1.0652,1.1357986630030523,0.22490555358481837,-0.05221411030370826,0.9138684797272291,1.8864251702431385,0.4857148588380332,0.8120072277647514,0.6098137957345828
2024-11-17 07:00:00,1.1018,1.0503,1.0614,0.9998871238103613,1.0260482942781226,0.03624331609218978,0.21553393873127236,1.5021342153308257,0.5204427399118564,0.8683668156038175,0.598591730513168
2024-11-17 11:00:00,1.1476,1.035,1.1074,1.0500795832568512,1.0181668866877156,0.011386835070734014,0.6429839571062205,1.6855452969366893,0.5140384037260363,0.8867154883219,0.5570015693593616
2024-11-17 15:00:00,1.1078,1.0447,1.0491,0.025773041769838648,1.1369757172110533,-0.011557885801643741,0.06973057532003504,0.714172259279487,0.446452339883285,0.8678791136934637,0.5563384048240929
2024-11-17 19:00:00,1.0717,1.0315,1.0668,-0.06463444470249416,1.1271306491587,-0.025453165080511986,0.8781092343011824,0.5903043882273863,0.5020859641020917,0.8268764609218648,0.5069426458769364
2024-11-17 23:00:00,1.14,1.0515,1.1153,0.23036858997256213,0.3340350282749449,0.04639922666409513,0.7209038733441951,1.0457338747462792,0.5182338933746707,0.8997187556526054,0.4657085241314647
2024-11-18 03:00:00,1.1865,1.1107,1.1623,0.5461163024343846,0.32977225149566125,0.04954917621402455,0.6807386964724679,1.5991970732694094,0.5228494217884707,0.9811154419803322,0.43439864331070926
2024-11-18 07:00:00,1.175,1.1173,1.1467,0.17625894490009722,0.6802082413175635,-0.0005234253335973937,0.5095319740845807,1.2253409369388082,0.4655567230452359,0.9802129822805086,0.4253698937525642
2024-11-18 11:00:00,1.1527,1.1045,1.1413,0.2531493354772639,0.6754018311756567,-0.01758922308635047,0.763485318778978,1.3660846702829565,0.48824843914142646,0.9499025342715218,0.3916674562285971
2024-11-18 15:00:00,1.1758,1.096,1.1006,0.34155574019956686,1.1698785280095578,0.00895777537250475,0.05764410305211672,1.4048057622382732,0.4915831773005504,0.9650674144842017,0.3570531308437055
2024-11-18 19:00:00,1.14,1.0747,1.1249,0.04226799229324883,1.1600961248924955,-0.03135223126313502,0.7687594534824741,1.0117902380641275,0.4881400522764127,0.91151485135084,0.32963265081178056
2024-11-18 23:00:00,1.148,1.1098,1.132,-0.3753043427591839,0.4472630592783183,0.020741282880892387,0.581151680326785,0.5650443653587636,0.4792168238951597,0.9458321666561584,0.29153210979483346
2024-11-19 03:00:00,1.1409,1.0978,1.1068,-0.33270075186509473,0.44388549882029665,-0.010987201120088663,0.2088166568870846,0.39704759231105435,0.4150988478141712,0.9272763341212258,0.25467625959998574
2024-11-19 07:00:00,1.119,1.0816,1.1026,-0.30305880972839055,2.3160136373061886,-0.015158165773060284,0.5614971760702757,0.46401805857048417,0.5129563783376195,0.9019576031440815,0.189855727283516
2024-11-19 11:00:00,1.123,1.0688,1.0828,-0.026400369517084844,2.2776282698018835,-0.0042649062869151155,0.25830253536853603,0.24117286136905963,0.46638109706654074,0.8949418990522676,0.15055974449249726
2024-11-19 15:00:00,1.1083,1.08,1.0987,-0.3395227112569784,-0.02568762155289646,0.0005813657973334774,0.660777151668849,0.005150685624526643,0.47350841761606494,0.8958941579995066,0.1445279566340347
2024-11-19 19:00:00,1.1172,1.071,1.0906,-0.1807993516422112,-0.026941248879561067,0.001612306622118087,0.4242423324150807,0.26073359012620145,0.5170467571810584,0.8985366010258775,0.1268705149952673
2024-11-19 23:00:00,1.1149,1.0836,1.093,-0.3936765817381438,0.7469245863202711,0.004750987117723149,0.30031939286920495,0.3649622240526955,0.45462270384650666,0.9063356473397132,0.11194527420777407
2024-11-20 03:00:00,1.094,1.0556,1.0844,-0.4161054036132717,0.7398538128153026,-0.02098644922035342,0.7499998046875493,0.3108517025431408,0.4888189287533159,0.8717213872295094,0.11354321767667575
2024-11-20 07:00:00,1.1207,1.0759,1.1166,-0.32886366485545665,-0.3316617190794105,0.019591500081200364,0.9084819400709956,0.30113945102976164,0.5276830146952948,0.9033567254094509,0.10710503046026297
2024-11-20 11:00:00,1.151,1.1093,1.1363,0.3603659247487982,-0.33243406564211125,0.028049156017489363,0.6474818591170622,0.8079986029441163,0.5143659922957325,0.9495363922588443,0.10371585953208522
2024-11-20 15:00:00,1.1386,1.0732,1.086,-0.08700936601882413,0.10622526625031678,-0.026488121125135877,0.19571862450785743,0.2437734168219658,0.46507618977804455,0.9047035748452233,0.10305788743143526
2024-11-20 19:00:00,1.119,1.065,1.1112,-0.4525299078009798,0.1042815757451093,-0.006465019996146015,0.8555553971193705,-0.11513097282901325,0.5235000761835913,0.8940509653738061,0.1007720406292111
2024-11-20 23:00:00,1.1307,1.0774,1.0922,-0.32091319914589733,-0.33651978011592554,0.01162196193762255,0.27767349386989065,0.6700793106636106,0.4849430202281046,0.9130770202223397,0.09060652469309602
2024-11-21 03:00:00,1.1318,1.0851,1.1106,-0.21164454836131294,-0.33651978011592554,0.0018210569484076178,0.5460384269725016,0.9329456326248579,0.5036059444405439,0.9160928794927921,0.08140637235071768
2024-11-21 07:00:00,1.1358,1.0986,1.1226,-0.37599293715383075,-0.33651978011592554,0.012119880878489031,0.6451611168921751,0.552359992784939,0.5031362636747784,0.9362012117148601,0.08096040757247039
2024-11-21 11:00:00,1.1577,1.1067,1.1257,0.20583436419531637,-0.3365197801159252,0.007186664388584063,0.3725489465590287,0.9065931771365395,0.4797745762224393,0.9482692594776579,0.07016238192800428
2024-11-21 15:00:00,1.2248,1.0953,1.2077,1.5143789805766061,-0.3365197801159252,0.02488881358273587,0.8679536009302232,1.1366379129277104,0.4996940531353422,0.9903636104669707,0.09425110459268296
2024-11-21 19:00:00,1.2388,1.16,1.2048,0.7839351209082221,-0.3365197801159252,0.03192494117042366,0.5685278466335244,0.6494881564405721,0.4846113807187675,0.9999999856725333,0.11493126832696712
2024-11-21 23:00:00,1.4095,1.1976,1.3589,2.1436130759092036,0.5937994038531123,0.10209368989601364,0.7612080811133516,3.3836540682724947,0.5176083302741802,0.9999999878026397,0.18852222186180007
2024-11-22 03:00:00,1.4332,1.359,1.4009,0.8667197904248621,0.5893209138284873,0.06060546907783815,0.5646899508504113,2.355647460343717,0.4865945340625391,0.9999999888838671,0.2518396459591566
2024-11-22 07:00:00,1.4136,1.3608,1.4114,0.13484317845965918,3.309138500777846,-0.005688593661380081,0.9583331518308428,1.2698201163243534,0.4863465350604398,0.991175325350417,0.3019652149359379
2024-11-22 11:00:00,1.5,1.35,1.4397,2.3471175876730785,3.2160719068429184,0.03470620603531249,0.5979999601333357,2.5597170302108756,0.507848145802732,0.999999989359584,0.34172561751369707
2024-11-22 15:00:00,1.4915,1.4116,1.4217,0.4552829820695887,-0.36008828959843875,0.013103365892635832,0.12640799419174026,0.8506926920722931,0.4798312111263151,0.9999999895684036,0.3756505036306565
2024-11-22 19:00:00,1.4913,1.402,1.466,-0.21172042017237155,-0.36008828959843875,-0.004465243555525356,0.7166852500912368,0.31336968829488293,0.4937860777592897,0.9932246873151795,0.39401166393845666
2024-11-22 23:00:00,1.63,1.4476,1.548,1.7904601782644776,0.8931702502559346,0.08124831910886066,0.5504385663136757,2.9086846446167463,0.5275539467414834,0.9999999906523206,0.4145025272671728
2024-11-23 03:00:00,1.5769,1.4899,1.5505,0.3469014745052209,0.8862474476964213,-0.019054920723627577,0.6965516440745239,1.61366048915543,0.4667227851892261,0.9721114634443611,0.44302709196954754
2024-11-23 07:00:00,1.5777,1.5077,1.5359,-0.22049549996115594,0.7346258257207358,0.006215482837393038,0.4028570853061304,0.9172262466710254,0.48351597105294153,0.9810350203623173,0.46422650466077275
2024-11-23 11:00:00,1.5759,1.5227,1.5643,-0.38605355425523835,0.7290295965813638,0.0022469150687578487,0.7819547402340709,0.5488648879160833,0.48854676058025204,0.984280962538309,0.4685894617803331
2024-11-23 15:00:00,1.5954,1.4033,1.497,1.1651020971807364,1.8123467827390933,-0.03129503380383192,0.48776676273988817,1.3683795118943445,0.49642611224237637,0.9389698969919281,0.48870303635677603
2024-11-23 19:00:00,1.5055,1.4206,1.483,-0.395602071062326,1.7900767294038322,-0.0213524154305611,0.7349822455851305,0.1468978565329398,0.479038937602458,0.9090219271618694,0.4882890536683569
2024-11-23 23:00:00,1.513,1.4403,1.4901,-0.39103393538647807,-0.39367002935850753,0.005699957079339901,0.6850067833553266,0.6801201346389261,0.4283183101824497,0.9168457370780514,0.4669989796258621
2024-11-24 03:00:00,1.4954,1.4362,1.4601,-0.6420696898808018,-0.3936700293585078,-0.009038510594445825,0.40371614802092054,0.4938154792512297,0.4471168642584753,0.9043686844182668,0.45281456851782104
2024-11-24 07:00:00,1.4765,1.4228,1.4344,-0.7423091542933751,1.36934514365005,-0.011092898038713606,0.21601485735291043,0.33094843647079586,0.47677129390182027,0.8891940954895472,0.4229582928171583
2024-11-24 11:00:00,1.4396,1.2775,1.3656,1.4265357923835091,1.3562828990017473,-0.060186421065842044,0.5434916382793554,1.7733828967609804,0.46593613875220563,0.807775064569248,0.4006739232945544
2024-11-24 15:00:00,1.4,1.2984,1.3962,0.23498675942843192,1.0211595959523943,-0.009468280269345986,0.9625983304529222,0.5168981727865428,0.49871522152608083,0.7957374556322786,0.34305059788212616
2024-11-24 19:00:00,1.4607,1.3728,1.443,-0.19415162905506544,1.012801807068631,0.049450367471048695,0.7986347214294967,0.16699053146730827,0.5098963174482216,0.8580114948971632,0.2716855871080318
2024-11-24 23:00:00,1.4572,1.355,1.3865,-0.47349125598827446,-0.4175751279586748,-0.007930323679009144,0.30821914792376304,0.4338710191521836,0.45634182550619456,0.8475307939185492,0.24044205577603336
2024-11-25 03:00:00,1.4763,1.3826,1.458,-0.4213656744741512,-0.4175751279586748,0.02969958777309256,0.8046957519001332,0.5411219320543847,0.505788189650907,0.8864704412104611,0.16924460687752999
2024-11-25 07:00:00,1.5393,1.4459,1.4909,-0.05781429373474057,-0.41757512795867446,0.03914287689761142,0.4817986636189864,1.0127795086439513,0.500141260927859,0.9393155593218558,0.15490945021413968
2024-11-25 11:00:00,1.4937,1.386,1.3869,-0.1575271832641194,-0.41757512795867446,-0.03871353415720902,0.00835654518509443,0.6277038448264929,0.4629020804907784,0.8850042571321063,0.16900674167936436
2024-11-25 15:00:00,1.5243,1.3732,1.469,0.7008340735379208,0.23621867855006357,0.0066750390669032544,0.6340171651874815,0.652451574056731,0.5007845601379046,0.8940061540517811,0.15633078635519312
2024-11-25 19:00:00,1.4858,1.382,1.4203,-0.4126978422067966,0.2333507555867658,-0.008722565001025528,0.36897876984790234,-0.08010840302494618,0.4343306274626064,0.882164462665905,0.1633780223166465
2024-11-25 23:00:00,1.4587,1.399,1.4499,-0.6359848668246683,-0.4236682361885758,-0.005322329017404814,0.8525961720944414,0.3940573061907655,0.4902280528197429,0.8750019325251328,0.15803427504053924
2024-11-26 03:00:00,1.4588,1.427,1.4295,-0.9065463295465002,-0.4236682361885758,0.007693016626787008,0.07861632747914049,0.25999060460580437,0.4709487213653187,0.8852997166654409,0.16179492781787747
2024-11-26 07:00:00,1.433,1.3265,1.3298,0.06055689391185061,-0.4236682361885758,-0.04120904396167702,0.030985912583483134,1.6531111038682018,0.48209086864745077,0.8297133995187067,0.18470348962970076
2024-11-26 11:00:00,1.385,1.2833,1.3694,0.5590987603777372,-0.4236682361885758,-0.03793945906784446,0.8466075863709348,1.711839420996353,0.5108821265989811,0.7806462956294077,0.17363375069421907
2024-11-26 15:00:00,1.3957,1.3327,1.3456,-0.5380465266910284,-0.4236682361885758,0.0264273824019452,0.20476187226001907,-0.11209793667835528,0.49418065663578065,0.8135281152007343,0.17543938825623803
2024-11-26 19:00:00,1.4282,1.3376,1.3899,-0.6231300952708535,-0.4236682361885758,0.016691876292717067,0.577262629441211,-0.23491519748172324,0.5068594472048074,0.8348455566962659,0.14680695660975002
2024-11-26 23:00:00,1.4199,1.3626,1.3763,-0.7846156954349509,-0.4236682361885758,-2.6743685445751453e-05,0.2390924539105677,-0.016709850895166575,0.4837101043715673,0.8348108318340407,0.14275829244527688
2024-11-27 03:00:00,1.3909,1.3524,1.378,-0.9996854724068696,-0.4236682361885758,-0.011619948716212192,0.6649348922246996,-0.1759242897601148,0.4819126087207497,0.8197235198049493,0.13779748345440873
2024-11-27 07:00:00,1.4667,1.3747,1.4447,-0.2724436513258997,-0.4236682361885758,0.04230544701924366,0.7608694825141885,0.369197800996475,0.495555207149784,0.8740145297547873,0.1235232492942104
2024-11-27 11:00:00,1.4571,1.4104,1.4499,-0.7453391438203946,-0.4236682361885758,0.0017283475650884395,0.8458242300162226,0.11985322230816609,0.48782967731337096,0.8763263694785691,0.12160894000008235
2024-11-27 15:00:00,1.5067,1.4331,1.4803,-0.43094159096479445,-0.4236682361885758,0.03245305824220179,0.6413042606923557,0.41039066328248247,0.501553428846151,0.9198106443954467,0.12567087184130246
2024-11-27 19:00:00,1.5217,1.4743,1.4764,-0.7315100654315421,-0.4236682361885758,0.010033646164573362,0.04430378812156339,0.20479504798556453,0.4620159932176931,0.9336911632461617,0.12777223322363632
2024-11-27 23:00:00,1.4844,1.4475,1.4645,-0.8124031270767085,1.6993457689602085,-0.01952148439218515,0.4607044821939055,0.07377105197511458,0.48377604851710504,0.9064142264301029,0.130899867858838
2024-11-28 03:00:00,1.4923,1.44,1.4832,-0.9969846217915279,1.679765690965364,0.003520180044783494,0.826003666156089,-0.028433659050534417,0.4525155789732189,0.9112368761393622,0.13394504089789916
2024-11-28 07:00:00,1.4879,1.4363,1.4498,-0.995351424141195,1.2454334250298007,-0.006860980620827073,0.26162785627367213,-0.054854664714508,0.449634806079563,0.9018042386421349,0.1356576631206237
2024-11-28 11:00:00,1.4776,1.4399,1.4663,-0.9743327952133802,1.2341860441391974,0.0006899480468496311,0.7002650662426861,0.13893327904182512,0.468643251291933,0.9027462874116318,0.13497258875003956
2024-11-28 15:00:00,1.4829,1.4292,1.4764,-0.9113570044159924,-0.2174572120999542,-0.001521750261882171,0.8789570057808153,0.1875018541339695,0.4810124093733347,0.9006670699224258,0.13166774441733856
2024-11-28 19:00:00,1.5099,1.465,1.5083,-0.9846473422683093,-0.2185767278212365,0.017720212919396516,0.9643650413440877,-0.11825970821595347,0.5181003787735,0.9248419361278364,0.13493337314800172
2024-11-28 23:00:00,1.58,1.5083,1.5665,-0.07696412201287874,1.97044233909311,0.03989124181492998,0.8117153679615938,0.8869014926122475,0.5234160964733066,0.9802280761772927,0.14965219051007625
2024-11-29 03:00:00,1.6187,1.5393,1.6135,-0.5197232619679963,1.9437677421492034,0.02118626164804005,0.9345086984245962,0.42136272605026126,0.5332353620884227,0.9999999907523535,0.17435333966754793
2024-11-29 07:00:00,1.6833,1.5872,1.6634,0.2758683165769112,0.9921355006855808,0.03477774547810597,0.792923954950681,1.406332512556502,0.5181267543844142,0.9999999911988173,0.20519616420660516
2024-11-29 11:00:00,1.7465,1.642,1.7421,0.1154369659366378,0.9839409637508757,0.030802448923823667,0.9578946451775464,1.6655253438950388,0.5065284211245419,0.9999999915717442,0.24328357510238544
2024-11-29 15:00:00,1.7745,1.6739,1.7123,0.3881981980173226,0.5199780240767189,0.021182580667958195,0.38170970360738515,1.7035492584575769,0.46079844316398477,0.9999999918175186,0.2637504259038829
2024-11-29 19:00:00,1.7775,1.7044,1.7539,-0.5526609204289108,0.5154646633282793,0.014931124401305063,0.6771544901293446,0.07535882886144632,0.5040415826178151,0.9999999919857394,0.28065183641059005
2024-11-29 23:00:00,1.8672,1.7539,1.8008,0.79323859743814,-0.31768365974822105,0.03863623105766423,0.4139452414876218,2.060260217840167,0.5201943839474918,0.999999992396283,0.29407273930258426
2024-11-30 03:00:00,1.9448,1.7748,1.8981,0.43194360763639955,-0.31854098162399674,0.034393898970040304,0.7252940749827006,1.839959930929736,0.5252698508620341,0.9999999927401372,0.3174245632187138
2024-11-30 07:00:00,1.95,1.847,1.875,0.38356059351691396,-0.4886903103817456,0.014750717209990105,0.27184463380149215,1.725649824216256,0.46844263934832153,0.9999999928829174,0.3404496831557539
2024-11-30 11:00:00,1.9101,1.8185,1.8479,-0.3367639842125517,-0.4886903103817456,-0.020632321284511645,0.32096066365058395,1.1012061072161725,0.4950962258453697,0.9720852270146428,0.3507794932588386
2024-11-30 15:00:00,1.9074,1.835,1.891,-0.5539953930414935,0.3775537090524753,0.009927523291362261,0.7734805561490949,0.6674277588376137,0.5037852197555546,0.9852396735312801,0.35720686571744725
2024-11-30 19:00:00,1.9575,1.8792,1.9122,-0.5199348880197734,0.3737555338115508,0.019656249183831465,0.4214558848715333,0.29521276566173604,0.51705453187988,0.9999999929641374,0.36466965427851306
2024-11-30 23:00:00,1.9568,1.8475,1.8627,-0.0811520537470645,-0.496681679988818,-0.007125430515558251,0.1390667759316772,1.0359177521608605,0.4652060528135715,0.990388250908445,0.37630039719973274
2024-12-01 03:00:00,1.9019,1.8549,1.878,-0.9728725441680518,-0.49668167998881835,-0.013217489287265294,0.49148925712994385,0.0583547818648827,0.475623692805475,0.9726857611272527,0.37167582453567477
2024-12-01 07:00:00,1.95,1.8688,1.9279,-0.5892737498847945,-0.496681679988818,0.019348191437680073,0.7278324226807359,0.5880912454235124,0.5105212024116116,0.9982567312457349,0.35952981243971954
2024-12-01 11:00:00,1.9345,1.8917,1.918,-0.8438425373312433,-0.49668167998881835,-0.0028558261366193882,0.6144858377369511,0.3035196868762083,0.5071674900198775,0.9944093860916792,0.3539457645958116
2024-12-01 15:00:00,1.9774,1.881,1.9699,-0.4766721730808035,-0.49668167998881835,0.008346244938217895,0.9221990744606764,0.6367086408375732,0.5373107729817899,0.9999999930034669,0.3307983664730787
2024-12-01 19:00:00,2.2,1.9695,2.1701,2.8293186535858887,-0.49668167998881835,0.09754530561828378,0.870281957905338,4.422734450404077,0.5277171688481448,0.9999999938159957,0.3151655687243638
2024-12-01 23:00:00,2.4977,2.1451,2.394,3.4152939220665735,2.416455445496504,0.1123910893243516,0.7058990157147192,5.0,0.5270950444855913,0.9999999946078826,0.3347406410225525
2024-12-02 03:00:00,2.485,2.3189,2.4405,1.0001622622106665,2.374070760735334,0.030040959295082104,0.7320890588748319,2.5738483999119643,0.49278387870306717,0.999999994805654,0.3683952137679721
2024-12-02 07:00:00,2.4579,2.2011,2.2492,1.5403816418511176,1.5503191445553457,-0.03836874976521487,0.187305288656337,2.5700360814734324,0.47874902259789587,0.9517471795700531,0.3994131486466122
2024-12-02 11:00:00,2.6689,2.2239,2.6177,1.9702899196041095,1.5351574430658952,0.05171520124650453,0.8849438003383422,2.1206106864398375,0.534512822880866,0.9999999948788314,0.3979589543138956
2024-12-02 15:00:00,2.8723,2.5806,2.7186,3.7027569073128084,-0.2766992912219785,0.10605064192646996,0.47308877363425483,3.9032539908576527,0.5033403774047681,0.9999999954799332,0.43832920952757964
2024-12-02 19:00:00,2.7998,2.6349,2.7531,0.13607497920622943,-0.27798314394457224,0.004825751048477933,0.7167980159613089,0.8833908204005843,0.48153700027493274,0.9999999955064789,0.4803942281371689
2024-12-02 23:00:00,2.7898,2.6449,2.6898,0.19381823359179523,-0.536372263150067,-0.0022777952960872927,0.30986885370125294,0.7996963875559665,0.49079689654209524,0.9972145920731169,0.5136690893854652
2024-12-03 03:00:00,2.7838,2.6085,2.622,-0.0461690234593553,-0.5363722631500676,0.0012624312062070597,0.07701083416937664,0.875457780320775,0.48224206329698577,0.9987548405001214,0.5345303268301078
2024-12-03 07:00:00,2.7036,2.5102,2.5782,0.3488705394808443,-0.4414542362456003,-0.04253581918361027,0.3516028773731696,1.622752347627699,0.5209586108023642,0.9467928505186941,0.5432922919736961
2024-12-03 11:00:00,2.9092,2.25,2.4802,4.009175329816507,-0.4419729790789237,-0.01202106298384531,0.34921115975104433,5.0,0.494134224528795,0.9327324924083681,0.559642833334788
2024-12-03 15:00:00,2.6075,2.4,2.5459,1.145067509871188,1.5996021168194152,-0.020701101433758362,0.7031324962345792,2.3802427619503947,0.5040534605964596,0.9088106486966465,0.5377761136798781
2024-12-03 19:00:00,2.6889,2.4921,2.6058,-0.0475381523148257,1.5820981631361195,0.031756378084459636,0.5777438730821197,0.9294633559666348,0.507234332584284,0.9447481125554089,0.5135735041889954
2024-12-03 23:00:00,2.6091,2.5,2.532,0.03684922685880274,-0.5510695941019756,-0.02064225050591373,0.2933088640413504,0.7220766226501237,0.4720900828236307,0.9206462465423785,0.5097677120984171
2024-12-04 03:00:00,2.6584,2.5319,2.6068,-0.582874730078094,-0.5510695941019754,0.018356224474507243,0.5920948148541644,0.20365724982124445,0.48057662075707314,0.9416365321420231,0.47723136685990347
2024-12-04 07:00:00,2.68,2.6033,2.6544,-0.5849111723199247,-0.5521867957341353,0.01844511020841355,0.666231986149673,0.1954824142327103,0.5027696247155141,0.9631156264331511,0.43965901701207066
2024-12-04 11:00:00,2.655,2.5277,2.5673,-0.33026483150847713,-0.5533057228668977,-0.023007087850453578,0.31107617352111827,0.7633687870074557,0.5120625123505553,0.9358299962729666,0.41141763060529096
2024-12-04 15:00:00,2.5863,2.32,2.4266,0.8560895896895266,-0.15028439216653527,-0.05617104786650606,0.4003003980360353,2.0497039906800687,0.4879317259985336,0.8707456905939005,0.3853358673179074
2024-12-04 19:00:00,2.4579,2.28,2.3708,0.19886245354701682,-0.15219111027358456,-0.019640881515040065,0.5103990719281024,1.1058734446330265,0.4711843012391467,0.8492664945705454,0.32998800424119334
2024-12-04 23:00:00,2.3943,2.1743,2.362,0.9402234231544313,2.021903629421862,-0.03910075614033792,0.8531817794008291,1.8667706781815077,0.47217300870302986,0.807345903800704,0.26276596749957004
2024-12-05 03:00:00,2.3773,2.2302,2.3153,0.1628625421135655,1.9937099777287235,0.002435647868257007,0.5785179756276031,1.058750968905514,0.4921096438943947,0.8098550998250394,0.24305919268373977
2024-12-05 07:00:00,2.4942,2.3152,2.3866,-0.032761204539735016,4.666317495712909,0.04898023531415463,0.3988826592802985,0.6140296273572726,0.5038451529426683,0.8604372701437146,0.2364280524754733
2024-12-05 11:00:00,2.4184,2.3204,2.346,-0.5077614715687166,4.435649949125188,-0.01548446563349104,0.2612244631403631,-0.0990639902613045,0.4704768040033287,0.8436631356736162,0.24824252047452783
2024-12-05 15:00:00,2.44,2.3069,2.3923,-0.4531329822676472,4.350092058706323,0.005009024656519312,0.6416227917638779,-0.1286985446534057,0.5218542069496782,0.8490053294900487,0.22508013729404824
2024-12-05 19:00:00,2.3986,2.21,2.2852,-0.2864853917728233,4.159078416774558,-0.030907687953325103,0.3987274443940916,0.11448273245357081,0.48199345858364084,0.8158767395457529,0.25079795192184295
2024-12-05 23:00:00,2.3393,2.2186,2.3111,-0.42552783029316443,1.686737384127698,-0.012159611930143366,0.7663628196882507,-0.027413115440953845,0.5188379586754994,0.8032462176666197,0.24457184153736186
2024-12-06 03:00:00,2.4,2.2912,2.3534,-0.6945270616350135,1.6673525327516296,0.02891687634774498,0.5716911239254505,-0.18915026416256672,0.4900594861806459,0.8329177337219824,0.2212984283143872
2024-12-06 07:00:00,2.3537,2.2422,2.2729,-0.6460633010466733,1.9249943365071371,-0.02447574546309972,0.2753362981761165,-0.0866278429749808,0.4588220862064249,0.8070770156529395,0.22306865131135006
2024-12-06 11:00:00,2.3366,2.2512,2.3349,-0.5537560721003912,1.8996335633429047,0.0002864038865781904,0.980093562049939,0.3693427928199304,0.4926022877350926,0.8073719909374174,0.20989952625129274
2024-12-06 15:00:00,2.415,2.3174,2.3515,-0.25005890482045373,-0.04868271709660223,0.03321206008183819,0.34938521010397494,0.20894379210301373,0.48369615317879766,0.84158780697025,0.2026848590739982
2024-12-06 19:00:00,2.4637,2.3325,2.4473,-0.6024603585872635,-0.05114072248611243,0.010238138455378243,0.8749999333079319,-0.18659834127177724,0.5417566576647254,0.8524856752034629,0.1938096932258823
2024-12-06 23:00:00,2.5,2.3781,2.4451,-0.4617701682550829,1.2094789040048757,0.02122592201147455,0.5496307998662191,0.28221942078406975,0.5177381535673865,0.8753106800405142,0.18844368452149557
2024-12-07 03:00:00,2.4533,2.4021,2.4376,-1.0075807049312342,1.1984804053738176,-0.008169286877109605,0.6933592395782777,-0.4921433853392479,0.48672696437726204,0.8663394851511094,0.17493664354730667
2024-12-07 07:00:00,2.4496,2.384,2.4242,-0.8990930697983399,0.6358545099465249,-0.0011973595082868105,0.6128047846334141,-0.19344569422214183,0.4781543413549416,0.8650353329942286,0.16956866717281166
2024-12-07 11:00:00,2.4798,2.4053,2.4689,-0.787034980072397,0.6302516622948459,0.01194516523155853,0.853691160578369,0.11867298074802038,0.49866768674502215,0.8780303107366294,0.15003975331268363
2024-12-07 15:00:00,2.57,2.4661,2.4971,-0.21197187531322834,1.0135884637736743,0.02771645093469388,0.29836378264063856,0.8211981652473833,0.49518932598033416,0.9085428236898578,0.1194706038726293
2024-12-07 19:00:00,2.571,2.4952,2.5435,-0.7444043233823183,1.004868523080675,0.005047836242495718,0.6372030821631782,0.2962200983138646,0.47800899617751186,0.9142539126380962,0.11281624345046114
2024-12-07 23:00:00,2.6196,2.5377,2.5928,-0.5475730625548559,1.2321650891258304,0.022093190041847066,0.6727715906261779,0.6539929793625627,0.5020847768099264,0.9393761796944567,0.13083128644115016
2024-12-08 03:00:00,2.595,2.5273,2.5533,-0.8235751594960521,1.2208218136109144,-0.008814015648172635,0.3840472106281835,0.1317613760271359,0.5183544661496406,0.9291322942880345,0.14319871715336774
2024-12-08 07:00:00,2.5745,2.4843,2.5167,-0.8306428444206634,-0.6438230302403812,-0.013567914172065376,0.359201734013112,0.16366835100726576,0.4927990066251475,0.9135022886603497,0.14939001783297284
2024-12-08 11:00:00,2.568,2.505,2.531,-0.9410452725700907,-0.6438230302403812,0.007575746699924002,0.4126983471907414,-0.1287784898348967,0.488341623557068,0.9221110106361643,0.14930233733961742
2024-12-08 15:00:00,2.6469,2.5101,2.5974,-0.5780221362227237,-0.6438230302403812,0.015545478759228182,0.638157848087876,0.38626550563055306,0.5073045446600868,0.9399099877107754,0.15632402109628518
2024-12-08 19:00:00,2.6278,2.555,2.594,-0.8323486216265866,-0.6438230302403812,-0.002713253290898998,0.5357142121271647,-0.04201467774324949,0.4865268239859237,0.9367551236015963,0.1621178536636944
2024-12-08 23:00:00,2.6216,2.4432,2.4859,-0.3143357215996837,-0.6438230302403812,-0.023378980962092677,0.23934976236828678,0.7661176221833913,0.4966665613623311,0.9096447224488351,0.16835511443217105
2024-12-09 03:00:00,2.498,2.432,2.4547,-0.8099870037300111,-0.6438230302403812,-0.020979339334349367,0.3439393418273701,-0.13165458237347522,0.4902900819999677,0.8858857178718725,0.1580236411475074
2024-12-09 07:00:00,2.4627,2.3531,2.4095,-0.208164589052835,-0.6438230302403815,-0.02596139417590959,0.5145984931935685,0.8260170292366367,0.5035136830731521,0.8571013761569557,0.1515979931716697
2024-12-09 11:00:00,2.4656,2.3427,2.4609,-0.557240825386283,-0.6438230302403812,0.001778705576508166,0.9617574481889815,0.13395605194233023,0.5129634512669626,0.859022292836693,0.14214292238686063
2024-12-09 15:00:00,2.464,2.373,2.4138,-0.7573772388620879,-0.6438230302403812,-0.0014319412999199699,0.44835159908224254,-0.16564177778805025,0.488661707298027,0.8574731142978769,0.1251394894608223
2024-12-09 19:00:00,2.4418,2.0012,2.2161,1.8996998955970805,-0.6438230302403812,-0.07113928453470542,0.4877439744043581,2.4137492388683337,0.4744827735268586,0.7806196551018041,0.163425472309005
2024-12-09 23:00:00,2.2792,2.1288,2.1325,-0.18797951364214727,-0.6438230302403812,-0.008828899058526907,0.0246010621940771,1.3409554326596158,0.488246921044228,0.7717601171271583,0.21693079915542746
2024-12-10 03:00:00,2.2243,2.0403,2.2139,0.3111721189310543,-0.6438230302403815,-0.03573135767962832,0.9434782095935771,1.297559880244074,0.49331449290407914,0.7362213242869373,0.2316496988324855
2024-12-10 07:00:00,2.2568,2.1742,2.2411,-0.6286012262289299,-0.6438230302403812,0.03990216050938966,0.8099272627206677,-0.007987458573909348,0.5152835653036988,0.7744903678859013,0.243501212044018
2024-12-10 11:00:00,2.2423,2.1177,2.1928,-0.3525813480100336,-0.6438230302403812,-0.019833879540334,0.6027286835691259,0.28867326537035887,0.48081985089821266,0.7547092264053025,0.26841227929325207
2024-12-10 15:00:00,2.2045,1.9,2.0174,1.7192965591569933,-0.6438230302403812,-0.06825675667423337,0.38555006944006326,2.2938017531013295,0.4813525893280009,0.6879841602302134,0.34368367391401505
2024-12-10 19:00:00,2.42,2.0129,2.334,1.4232252317452718,-0.6438230302403812,0.11429335786038064,0.7887496735752969,2.3296653485842747,0.5137626601257986,0.7920865284054233,0.29719334144051923
2024-12-10 23:00:00,2.4084,2.2303,2.3035,0.017305249039938676,-1.354897987632137,0.023930745116219176,0.41100503026361457,1.074215521569622,0.47863080373684486,0.815939791584145,0.3005953077162283
2024-12-11 03:00:00,2.3557,2.2868,2.3266,-0.6804148239619091,-1.351271954539155,0.004523853244269738,0.5776486824893052,-0.2896050016136418,0.4922531366169616,0.8205393436151479,0.2918599120548915
2024-12-11 07:00:00,2.3845,2.2851,2.3793,-0.5324861804566876,-0.6389275208298955,0.004299286653608014,0.9476860213595566,-0.2973313386616598,0.4955361463659098,0.8250409460301235,0.2726481427180953
2024-12-11 11:00:00,2.4331,2.327,2.4214,-0.23290952725968678,-0.6389275208298955,0.01875687712218621,0.889726589092689,0.3169666102622039,0.5024677929769384,0.8447649199739768,0.25914259219334385
2024-12-11 15:00:00,2.4703,2.38,2.4308,-0.2503942130802496,-1.2306879253933718,0.020941326971418484,0.5625691514319894,0.3130533451080133,0.5056985849751376,0.867199019284763,0.2526872461479063
2024-12-11 19:00:00,2.444,2.3953,2.433,-0.8152952650718,-1.2249816395299062,-0.0008169033180707164,0.7741271511032507,-0.5566434158898553,0.4699048340608714,0.8663055576997724,0.2453668463232099
2024-12-11 23:00:00,2.445,2.3502,2.4015,-0.8024478526638448,-0.6304415713534575,-0.015780010903325148,0.541139183424137,-0.4345816306595568,0.4598869773690239,0.849060779942945,0.230504164078154
2024-12-12 03:00:00,2.484,2.3909,2.4334,-0.41710129326736295,-0.6304415713534572,0.023260289892063524,0.4564983397960956,-0.10252629363684944,0.5176936097441729,0.8740152003417221,0.2092215283211723
2024-12-12 07:00:00,2.4547,2.3901,2.3988,-0.7665725934661693,-0.6304415713534572,-0.006526987792631056,0.13467490175311356,-0.558530503038705,0.4803754269814408,0.8666049230396913,0.20556260207416063
2024-12-12 11:00:00,2.4528,2.3803,2.4266,-0.6210422293745973,-0.6304415713534575,-0.0037057843856209693,0.6386206015695742,-0.0906836292641682,0.4864967259208708,0.8624217655800495,0.20100843873485155
2024-12-12 15:00:00,2.4457,2.3946,2.4077,-0.7453476104047438,-0.6304415713534572,-5.1985100011919805e-05,0.2563600281095861,-0.5431677549483176,0.49043844202392217,0.8623649608388456,0.20248393974501364
2024-12-12 19:00:00,2.4358,2.308,2.3506,-0.41326101903350054,-0.6304415713534575,-0.02046248378930582,0.3333333072509161,-0.14676461119338816,0.4674394261995823,0.8398781159762436,0.20087626094127084
2024-12-12 23:00:00,2.3687,2.309,2.3435,-0.8644003738412406,-0.6304415713534572,-0.01077352129755682,0.5778893504372956,-0.6889227579620352,0.47835443587032767,0.828337997022203,0.19843000819674161
2024-12-13 03:00:00,2.3572,2.3041,2.3049,-0.8924654531805066,-0.6304415713534575,-0.002201424669035945,0.015065910533725128,-0.8700586793875217,0.5134005679696798,0.825162301703255,0.19738402884086775
2024-12-13 07:00:00,2.3388,2.284,2.3206,-0.822660668351199,-0.6758203370555819,-0.009597284872129852,0.6678830898023611,-0.7131109344411871,0.5106495776422418,0.8140835563214097,0.17996252355137526
2024-12-13 11:00:00,2.4657,2.3179,2.4519,-0.29284212314432,-0.6755261543124289,0.039155742846392894,0.9066305205256766,0.05172424920602641,0.493701199972834,0.8554801054056497,0.168926126461872
2024-12-13 15:00:00,2.4788,2.384,2.4213,-0.31110063946096483,-0.6298653002054666,0.011348622842455303,0.3934598741076085,0.13403669352792907,0.4813079567977558,0.8679479814604455,0.16811915528963023
2024-12-13 19:00:00,2.4435,2.406,2.4155,-0.9368323050833731,-0.6298653002054664,-0.002700999910573376,0.2533332657777999,-0.7546991228219111,0.4960206114591519,0.8649469208238825,0.1573991506557473
2024-12-13 23:00:00,2.4591,2.3976,2.4426,-0.8359942357025159,-0.6298653002054666,0.0019366167172170101,0.7317071980963934,-0.6051791313379671,0.4799464574735983,0.8665948513479076,0.08132776266974763
2024-12-14 03:00:00,2.5319,2.4385,2.4782,-0.5675440475469846,-0.6298653002054664,0.022813606637518635,0.4250534876816429,-0.4365069118838731,0.528215958374966,0.8918379776607959,0.08380606797095419
2024-12-14 07:00:00,2.5045,2.4372,2.444,-0.8493185351835636,-0.6298653002054664,-0.006186880409895901,0.10104010385734123,-0.7010134410482431,0.510481494159332,0.8846438740276739,0.07910023605335716
2024-12-14 11:00:00,2.4442,2.3648,2.4077,-0.699034966457785,-0.6298653002054666,-0.02636347572811537,0.5403021989543869,-0.3997070771930269,0.4768997251271796,0.854696429866483,0.07474767393195174
2024-12-14 15:00:00,2.4155,2.3677,2.3785,-0.8692762129839584,-0.6298653002054664,-0.004935403029874941,0.22594137532606548,-0.6599258683097888,0.44742866350866056,0.849237888850688,0.0757074045115475
2024-12-14 19:00:00,2.41,2.3548,2.3997,-0.9355400870756071,-0.6298653002054666,-0.003984713253511463,0.8134056497453542,-0.8872447554868719,0.5005768702881463,0.8447744513621951,0.07480699961775521
2024-12-14 23:00:00,2.4381,2.3844,2.4219,-0.9690835050187029,-1.2219405941414518,0.01096750372587496,0.6983238923046762,-0.9309468098726821,0.4901996599691399,0.8568025674172868,0.07374050526259181
2024-12-15 03:00:00,2.449,2.4066,2.421,-0.9335242425606172,-1.2162821090728113,0.008283319004407819,0.3396225614097691,-0.9306038251362327,0.46904361560115737,0.865986557418753,0.07322356908922534
2024-12-15 07:00:00,2.4353,2.3863,2.4133,-0.8449228846228246,-0.6214501377457932,-0.008075740215242821,0.5510202957101472,-0.7708830937350022,0.5142960823691816,0.8569585493753888,0.07354100133595333
2024-12-15 11:00:00,2.4312,2.3901,2.4297,-0.8149838852756861,-0.6214501377457929,0.0008648605490886307,0.9635034152059804,-0.7312364277678326,0.47095252637742196,0.857917583800223,0.07284522202906979
2024-12-15 15:00:00,2.4399,2.4078,2.413,-0.9663101314861973,-0.6214501377457932,0.004198838803348703,0.16199371900506673,-0.9721336883133208,0.4637012463966735,0.8625776571591249,0.07339541657402703
2024-12-15 19:00:00,2.424,2.3677,2.4013,-0.7987040316469063,-0.6214501377457929,-0.01168524388477965,0.596802735914256,-0.7877770292122411,0.4816037653749844,0.8495543570891546,0.07325172665552257
2024-12-15 23:00:00,2.473,2.398,2.4123,-0.4312558989046651,-1.604140716562064,0.019993825492699013,0.19066664124444824,-0.1797087984849611,0.4803733262305993,0.871577253860904,0.07297738143502179
2024-12-16 03:00:00,2.4197,2.3903,2.4035,-0.8644272570965794,-1.5919156117474034,-0.014865516627244335,0.4489794391226459,-0.9196575172272116,0.5324156937310819,0.8548757301027647,0.07025155413583875
2024-12-16 07:00:00,2.4143,2.3775,2.39,-0.8117507314280963,-0.6065613956236291,-0.004825367849425666,0.3396738207408149,-0.8344842982465699,0.4661045055458334,0.8495349827219653,0.06658904079237593
2024-12-16 11:00:00,2.3996,2.3333,2.3775,-0.5985156835688968,-0.6065613956236291,-0.010321574355343754,0.6666665661136402,-0.4792528720582897,0.4653536259379006,0.8381661244517966,0.05463328437934555
2024-12-16 15:00:00,2.5872,2.3654,2.4802,1.0825188976490683,-1.673035926658809,0.05163225364804269,0.5175833851405137,2.0347196225320108,0.5067805100731693,0.8944502718193358,0.045319257235224696
2024-12-16 19:00:00,2.5289,2.4455,2.5049,-0.6096055895294248,-1.6592016350142909,-0.002983695958256871,0.7122301304280422,-0.36979498496811125,0.5012892979553243,0.891029820030978,0.05313464443466474
2024-12-16 23:00:00,2.5119,2.4401,2.4817,-0.6614817203529835,-0.5904150911532945,-0.0054704237287208635,0.5793871059349445,-0.3983277477492388,0.4678318659466874,0.8845564040198604,0.05766578008613117
2024-12-17 03:00:00,2.5299,2.4601,2.5147,-0.7570235640336253,-0.590415091153294,0.010108498009838929,0.7822348449520261,-0.7371010604309425,0.49084307042806324,0.8954648248581343,0.06489044087742896
2024-12-17 07:00:00,2.687,2.5042,2.6433,0.26098819798699274,-0.5904150911532945,0.04252318601482519,0.7609408774102371,0.8026229504797587,0.5561271950204251,0.9442739970484161,0.09484004321003096
2024-12-17 11:00:00,2.7281,2.6137,2.6422,0.31970477414007403,-0.590415091153294,0.028698730526741878,0.24912585234913695,1.872512633050128,0.5067038385175081,0.9791388959017588,0.11646095238738383
2024-12-17 15:00:00,2.658,2.5503,2.6035,-0.09965048618994408,-0.5854162702732965,-0.026472271662154045,0.4939646709410701,0.6206716246817744,0.49097048773751684,0.9460547569703515,0.1295106655318949
2024-12-17 19:00:00,2.6295,2.5238,2.5538,-0.6270414280561372,-0.5804333754616505,-0.006535734979837726,0.28382211127510554,-0.32832989011355423,0.4866845722458813,0.9381028482862306,0.13487273152303877
2024-12-17 23:00:00,2.5921,2.5228,2.5627,-0.42300013965379185,-0.5738587026544886,-0.011731263513392376,0.5757574926756865,-0.1094284757313714,0.49418387228763816,0.9239229214168952,0.13470186596552078
2024-12-18 03:00:00,2.5711,2.4683,2.5134,-0.39143478744535326,-0.5672901113148872,-0.019871019847247928,0.438715910630746,-0.2169722422134753,0.5012171533561975,0.9001859987562877,0.13514104286800502
2024-12-18 07:00:00,2.5475,2.4919,2.5407,-0.622074405163224,-0.8986781659802393,0.00510006747195324,0.8776976838673287,-0.7571812317430123,0.5146823176571964,0.9061572233959969,0.13358862931685994
2024-12-18 11:00:00,2.5917,2.4661,2.4723,-0.2725566322671341,-0.8946380751021217,0.0075182862966800545,0.049363053394663015,-0.3155824727375152,0.5032540227755573,0.915004623137248,0.135221736583216
2024-12-18 15:00:00,2.5157,2.4238,2.5138,-0.3707511553680469,-0.5563188543224558,-0.029738137153136668,0.9793252470810394,-0.4649677058380838,0.5016937288916777,0.879581525839401,0.13027664540954378
2024-12-18 19:00:00,2.5139,2.2478,2.3484,0.7757189572246178,-0.5523941443860194,-0.03929204618020332,0.378053349190028,1.2760944651211084,0.4716843314119686,0.8336751712264556,0.1482244528230371
2024-12-18 23:00:00,2.353,2.1736,2.2937,0.2134251072835905,-2.1807537095960896,-0.03519619180150091,0.6694536973548648,0.19444643373481005,0.46264143059381013,0.7932598447519781,0.16758470772895595
2024-12-19 03:00:00,2.3741,2.2921,2.3559,-0.3570845953135644,-2.1520480243592246,0.02532182269711236,0.7780486856038212,-0.7051411894764376,0.5078475921856038,0.8205753677478211,0.1674504949069074
2024-12-19 07:00:00,2.4317,2.3474,2.4142,-0.5669569832998703,-2.235451618351973,0.01775519354518118,0.7924079724308454,-0.8502362230797034,0.5110648112206251,0.8402134994505872,0.16329379736454985
2024-12-19 11:00:00,2.4264,2.3255,2.3302,-0.5248842155564477,-2.2250040863062,-0.0010310382812597219,0.04658076842608974,-0.7202995419636582,0.4753027144492523,0.8357974196281168,0.1765352754665955
2024-12-19 15:00:00,2.3469,2.2,2.2929,0.6543241665010585,-0.4810934006737404,-0.044679749396365764,0.6324029521849572,0.8732394422348927,0.4842289896044938,0.7845375433096248,0.1905867539211098
2024-12-19 19:00:00,2.301,2.1595,2.2839,0.06854875141477056,-0.47415459887230466,-0.018839953310882285,0.8791518813320219,0.19802705470603027,0.4870300415144162,0.7621855614408398,0.20201422588067594
2024-12-19 23:00:00,2.355,2.2237,2.335,-0.26400145196043356,-0.47021644723016265,0.02686896027680641,0.8476770108395268,-0.4148488751577728,0.4964697246912236,0.791287906153876,0.20385998330981445
2024-12-20 03:00:00,2.342,2.2504,2.2785,-0.6011686382241147,-0.46673880659496025,0.004483522528429651,0.30676852546195355,-0.7586597924944849,0.4730887639576916,0.7962745861766329,0.2196603151055153
2024-12-20 07:00:00,2.3294,2.0505,2.0634,0.8447145612447693,-0.46013399827498924,-0.05897575138556943,0.046253135666793725,1.2664655059804997,0.46813266083555233,0.730386264464936,0.2936978998875473
2024-12-20 11:00:00,2.202,1.9601,2.1543,2.0809129931274923,-0.4535143887117361,-0.03734390369059304,0.8028110457705238,2.2974111423157138,0.5051976393163946,0.6911257947119887,0.30026679326512223
2024-12-20 15:00:00,2.266,2.1532,2.231,-0.14254910273686375,-0.4531859481463804,0.06919102432327495,0.6897162509116787,-0.15010179222743447,0.497375731705031,0.7582197181770616,0.28073916494776385
2024-12-20 19:00:00,2.3122,2.2068,2.2862,-0.29986820516983304,-0.45285762504182414,0.01408722097136006,0.7533206116394124,-0.5385359838781444,0.4876854791348445,0.7736504208825562,0.25579055864732486
2024-12-20 23:00:00,2.3165,2.2514,2.2864,-0.6260331584613658,-0.45285762504182414,0.007237254324638842,0.5376343260162335,-0.8644412600373584,0.47481723792332026,0.7816895595798504,0.23894028687750515
2024-12-21 03:00:00,2.3774,2.2694,2.3589,-0.6236696881528265,-0.45285762504182414,0.02140559244204243,0.8287036269718869,-0.841599074634219,0.5060471127299065,0.8049207795089216,0.21772068364527927
2024-12-21 07:00:00,2.3858,2.2962,2.3264,-0.5204260377256437,-0.4516650988627787,0.0040073448410664625,0.3370535338109908,-0.7691466146544987,0.489858171034052,0.8092405915054836,0.20258158824304426
2024-12-21 11:00:00,2.3287,2.1915,2.2322,-0.17746530226188642,-0.45047394461597634,-0.035004757167386824,0.2966472086991844,-0.373228680358129,0.4543842775033605,0.7682202790144255,0.20054349789427367
2024-12-21 15:00:00,2.2666,2.2176,2.2269,-0.6249839726346973,-0.44990956385600944,-0.0035582775816334067,0.18979587963349595,-0.7894427075801242,0.49922309654306396,0.7618412063907736,0.18101067463875692
2024-12-21 19:00:00,2.2645,2.2005,2.2353,-0.6767132894553831,-0.4493455178562874,-0.006372058371361122,0.5437499150390779,-0.9705721695360598,0.501283836222904,0.7524803928962125,0.16758692156537688
2024-12-21 23:00:00,2.2578,2.2153,2.227,-0.8559907711200342,-0.44541862638648533,0.0028624345030598963,0.27529405287198344,-1.0689997331647552,0.4901054020760933,0.7487919456439417,0.14141278986366312
2024-12-22 03:00:00,2.247,2.1761,2.2308,-0.8711064087312518,-0.44149880665084323,-0.010530647561213358,0.7715090590255206,-1.018724582111442,0.4752856142158772,0.7365608847835242,0.13911221473533847
2024-12-22 07:00:00,2.2938,2.2192,2.2755,-0.8545091318545006,-0.44006500298191176,0.0208069954107708,0.7546915878429516,-1.042458085158576,0.49046226540132926,0.7597378638617129,0.13609922311760672
2024-12-22 11:00:00,2.281,2.1975,2.2104,-0.7129858101390179,-0.43863305803778396,-0.00887441905975106,0.15449099946215672,-0.9401668987200812,0.4648810958383742,0.749294844045799,0.13729745881981875
2024-12-22 15:00:00,2.2622,2.2038,2.2427,-0.8939186281470163,-0.43863305803778396,-0.002751358324601827,0.6660957763534643,-1.0387097960581955,0.5173072212179893,0.73685291880857,0.11984318813105599
2024-12-22 19:00:00,2.2471,2.1604,2.2104,-0.6029547664365709,-0.43863305803778396,-0.01653487676492016,0.5767012022259262,-0.8824746953064518,0.5087557922323214,0.7156359245315415,0.11851582176805928
2024-12-22 23:00:00,2.2275,2.1308,2.1644,-0.5078407656670921,-0.6647735539603771,-0.010876333242234248,0.34746635496728717,-0.7497691678307791,0.4712586664857364,0.7007079339462142,0.12433750281803349
2024-12-23 03:00:00,2.2356,2.1556,2.1654,-0.6806691946930732,-0.6633860210711345,0.012913108599560408,0.1224999846875001,-0.9178097702797343,0.48548054030573085,0.716019352932933,0.12688433804250646
2024-12-23 07:00:00,2.2251,2.156,2.2138,-0.819556470203342,-0.4658606261087026,-0.0013585397400426302,0.8364687646210195,-1.0722717682818697,0.5223974406750755,0.7043724333404168,0.11713972750615909
2024-12-23 11:00:00,2.2244,2.1421,2.1648,-0.6002465326909994,-0.4656989429266578,-0.004923069029793559,0.2758201365953653,-0.9883664643479286,0.4603271860159784,0.6868926330369969,0.12089512402663255
2024-12-23 15:00:00,2.2046,2.1334,2.1589,-0.556257503942129,-1.1238054563186102,-0.009228453502106215,0.3581460171143238,-0.8971413264873855,0.49210711406275187,0.6706744715516476,0.10331343747340546
2024-12-23 19:00:00,2.2789,2.1582,2.258,-0.4431404682867713,-1.1180252008320917,0.029466805261937568,0.8268433449177006,-0.9038460561705236,0.49994824388748743,0.7086046446580647,0.09406709998527403
2024-12-23 23:00:00,2.2656,2.2138,2.2305,-0.8656790719192534,-0.42232626927549033,0.007271609198088891,0.3223937601556474,-1.1374236978770436,0.45724408281819623,0.718240597138825,0.09523086612583671
2024-12-24 03:00:00,2.2665,2.2304,2.2363,-1.015671242575369,-0.417126734703083,0.0016962807172880012,0.16343485777427696,-1.234047883656337,0.4733975974224978,0.7205047640417085,0.09254166997288232
2024-12-24 07:00:00,2.26,2.2232,2.2282,-1.0331636924598615,-0.41556935939357986,-0.00404654002183269,0.1358695282963332,-1.2308317599364693,0.4622070984602404,0.7150943486014761,0.09007176825131964
2024-12-24 11:00:00,2.3294,2.2244,2.3123,-0.5504132647104018,-0.4140139975094828,0.019982813836050717,0.8371427774149724,-1.0125328210914053,0.5114310805807083,0.7401724186099236,0.07722672415824751
2024-12-24 15:00:00,2.3507,2.299,2.3413,-0.6100792973444705,-0.41014231996881,0.016857591689823703,0.8181816599261803,-1.0107481440577453,0.4676817702794995,0.7632049732764197,0.07938671338136585
2024-12-24 19:00:00,2.3414,2.2784,2.3262,-0.7900606405603888,-0.4062760999785556,-0.005657734153011296,0.7587300382968184,-1.1074825237296064,0.4657616293796588,0.7553444899230516,0.0883520236270887
2024-12-24 23:00:00,2.3333,2.2928,2.3026,-0.9709280836358148,-0.477780851958785,0.00011234071840049431,0.241975248894997,-1.2180707157786819,0.4290187948928034,0.7554996856688615,0.09319854937393705
2024-12-25 03:00:00,2.3145,2.2825,2.2916,-1.0328191934052584,-0.473226135264528,-0.006953924389374477,0.2843749111328335,-1.2449315434112094,0.49120295500033345,0.7412642901751401,0.09605428309788537
2024-12-25 07:00:00,2.3325,2.2789,2.3035,-0.8900327874013918,-0.3951413554603551,0.001661129205632772,0.45895513825463863,-1.190184777275831,0.45817143965239915,0.7435849001373738,0.09853337367912407
2024-12-25 11:00:00,2.3139,2.2621,2.294,-0.8144695554310885,-0.3931585548272424,-0.0069538558154546015,0.615829996944017,-1.006649911293619,0.4591881100085691,0.73385417420755,0.1007082930561318
2024-12-25 15:00:00,2.2984,2.2615,2.2951,-0.9875304997378205,-0.6784277276192113,-0.0018756104428910847,0.9105688589244326,-1.1355097115684436,0.4701481531854685,0.7312478308386975,0.10184435682102973
2024-12-25 19:00:00,2.3173,2.2887,2.2955,-0.9350009700943659,-0.6736040824162645,0.010415741264309109,0.23776215462862246,-1.116088334248627,0.46055363443409236,0.745694370676083,0.10226674442545564
2024-12-25 23:00:00,2.3164,2.2667,2.2691,-0.8524437577247135,-0.3796805671670065,-0.007095156684480464,0.04828972871433534,-1.0453260828780364,0.5036902587861541,0.7357509514439784,0.10360108624209023
2024-12-26 03:00:00,2.2797,2.2371,2.249,-0.8577070064246627,-0.3753725719348695,-0.014097632977428276,0.27934265743130554,-1.0931699828033452,0.47385817016281095,0.7161341774385085,0.10301841887464974
2024-12-26 07:00:00,2.2549,2.1601,2.179,-0.39598905266915324,-0.9568619708265107,-0.026250279788468722,0.19936706757731223,-0.7800225356524022,0.46497893474678265,0.68012201213213,0.10426982348080255
2024-12-26 11:00:00,2.2047,2.1523,2.1666,-0.5831481368121731,-0.9500532121133779,-0.009423514834871138,0.2729007112784898,-0.8336115114768133,0.4407102669766989,0.6675334663757988,0.10468211044625228
2024-12-26 15:00:00,2.1867,2.1277,2.1631,-0.5958249138084518,-1.7875711235572738,-0.0058406660110071895,0.5999998983051019,-0.7347199017303039,0.47171780439275357,0.6598046492576639,0.11045398131117762
2024-12-26 19:00:00,2.179,2.13,2.1683,-0.7835130238254515,-1.769368096185274,-0.0023249320572177323,0.7816324935443901,-0.91715221856514,0.47853628709041407,0.6567460898623861,0.10969405061416485
2024-12-26 23:00:00,2.1905,2.1325,2.1683,-0.6737488666269809,-1.295592298026447,0.0020221170678023093,0.6172412728894338,-0.8923504411939235,0.42384556897621034,0.6594000968808471,0.10830245664203893
2024-12-27 03:00:00,2.1882,2.1468,2.1882,-0.874806839486348,-1.2856114570978001,0.004402755973665684,0.9999997584541646,-1.0651200876804146,0.43929782171814336,0.6651903519399373,0.11059389313482035
2024-12-27 07:00:00,2.2379,2.1278,2.1988,-0.30507071731507635,-1.0553804486193359,0.00870269082767372,0.6448682429729113,-0.7286725935360154,0.4753134094833254,0.6766860283501882,0.11180244307681099
2024-12-27 11:00:00,2.2163,2.1475,2.1651,-0.6443372974168154,-1.0465732146695885,-0.001117186700486772,0.2558139163061146,-0.9597904863754595,0.4980479247388293,0.6722252078634994,0.11865131465519214
2024-12-27 15:00:00,2.1811,2.1149,2.1721,-0.5614770635062556,-0.30570199349773153,-0.018339115138557016,0.864048207847704,-0.8950367870991457,0.5099308426762516,0.6475935750820578,0.12191570804455304
2024-12-27 19:00:00,2.1815,2.1351,2.1421,-0.8947513070129329,-0.30570199349773153,0.005547196685351974,0.15086203645214913,-1.1106669319865432,0.40540474897994805,0.6549074895204623,0.12637931205755257
2024-12-27 23:00:00,2.1582,2.1334,2.1389,-0.912410988603815,-0.30426067762944303,-0.006101768568386845,0.22177410412334814,-1.0952447159787186,0.43943717809733696,0.6468177506784518,0.12323205999076735
2024-12-28 03:00:00,2.1714,2.1382,2.1573,-0.9532540710647059,-0.3028205528276144,0.005095839089274357,0.5753010315358381,-1.1592787241735076,0.4837973918485339,0.6508099270734707,0.11651740598077474
2024-12-28 07:00:00,2.1761,2.1532,2.1595,-0.9474348619300994,-0.3028205528276144,0.004344973467990787,0.2751090501707202,-1.1469510303324946,0.4423202814722559,0.6561814737106382,0.11205124516316803
2024-12-28 11:00:00,2.1951,2.1592,2.1724,-0.9044898443923491,-0.3028205528276144,0.0034632717124540857,0.36768791986409544,-1.0979483873534523,0.45639597366674667,0.6579861424360595,0.10615998382809186
2024-12-28 15:00:00,2.204,2.1694,2.1876,-0.8944139307473781,-0.3028205528276144,0.006446157796848873,0.5260114086672263,-1.0749744002792625,0.4743160017215541,0.6650560133957328,0.09607994121939993
2024-12-28 19:00:00,2.2076,2.1852,2.1972,-0.9243979010555944,-0.3028205528276144,0.003187926419747855,0.5357140465562356,-1.154438907219855,0.5154645892535173,0.6634991542260615,0.0860873262618384
2024-12-28 23:00:00,2.198,2.1695,2.1833,-0.9434066087094213,-0.3028205528276144,-0.005908496891387394,0.4842103564174165,-1.119236239977953,0.4727231208072916,0.646871762501553,0.07427917028720811
2024-12-29 03:00:00,2.1895,2.1763,2.1872,-1.013440165371793,-0.3028205528276144,0.0004488445796082541,0.8257569501841294,-1.186307525496629,0.4353363331714622,0.6169458031166413,0.05733035608232151
2024-12-29 07:00:00,2.1976,2.1772,2.1845,-0.9886830765519482,-0.2999223919003686,0.0019851132490604773,0.357842961841679,-1.1383343853004646,0.4646952262644421,0.615854530594498,0.04305747382427554
2024-12-29 11:00:00,2.1866,2.1506,2.163,-0.853352444149076,-0.2970263404446022,-0.008087586393960566,0.34444434876545743,-1.0227903706876527,0.47233788783231917,0.603130788737138,0.03014668540515393
2024-12-29 15:00:00,2.172,2.1361,2.1439,-0.8534454136728308,-0.3658104123392717,-0.009045559409021409,0.2172701344651428,-1.0155624702238646,0.45026082083511615,0.5890150155263043,0.032420665262079755
2024-12-29 19:00:00,2.1477,2.0711,2.0905,-0.44373829644706886,-0.3580507671477898,-0.018936472438548124,0.2532636745086598,-0.8801731581876163,0.41250691213201857,0.559731581118265,0.04770932734089336
2024-12-29 23:00:00,2.1526,2.0804,2.1213,-0.5806586542799979,-1.1804035905421002,0.0007106050370873085,0.5664819159997365,-0.8072956012854668,0.4663626059113169,0.5608096545471031,0.05074837609149304
2024-12-30 03:00:00,2.1296,2.0511,2.0853,-0.48542674046303663,-1.1729097301980573,-0.010430529920063991,0.43566873430971825,-0.8115152566420095,0.41150419209173356,0.5449740394943408,0.061721245482990884
2024-12-30 07:00:00,2.0874,2.0468,2.069,-0.49234842897918785,-1.0835856172817886,-0.009433124369656265,0.5467978948773606,-0.8237613270688519,0.4799970985244629,0.5308020633949923,0.07349120757667377
2024-12-30 11:00:00,2.096,2.0037,2.0087,-0.01046133749125809,-1.074031497054589,-0.011493255538040592,0.05417117506271476,-0.5836120688216399,0.4571362003072067,0.5136979047985788,0.09827452949393879
2024-12-30 15:00:00,2.1081,1.9954,2.0937,0.11984502551563149,-0.24981074399252468,-3.541776990678702e-05,0.8722270743365527,-0.38238703146343206,0.5042068870115671,0.5136458021859549,0.09374951739981785
2024-12-30 19:00:00,2.1404,2.0411,2.0649,-0.3234469939515086,-0.24624802023105127,0.021665054704292253,0.23967772007273774,-0.6845665827466613,0.4848968357971507,0.5455158486601978,0.0998544189612492
2024-12-30 23:00:00,2.0667,2.0209,2.0273,-0.7167760269689859,-0.566924451341812,-0.023136996301184043,0.13973796075589856,-0.9003730822516962,0.4141840674121531,0.5107431479256903,0.11086235036826717
2024-12-31 03:00:00,2.0364,2.0126,2.0276,-0.7273136527572599,-0.5601986253632361,-0.007906201964858806,0.6302518360286443,-0.9208247325348436,0.45352542307769134,0.4991357997431423,0.11923869488163105
2024-12-31 07:00:00,2.1014,2.0262,2.0764,-0.43247369848667466,-1.220016263119583,0.019845855167740734,0.6675531027190043,-0.7441024336664714,0.4695025571924889,0.5280417772308529,0.11788902076127271
2024-12-31 11:00:00,2.1491,2.0733,2.1312,-0.3010469668824255,-1.211686541154759,0.02422153052392817,0.7638521419720173,-0.6933158877821908,0.538975407620129,0.5640211808032289,0.1138049960184643
2024-12-31 15:00:00,2.1385,2.0616,2.0876,-0.4684690153565465,-0.21445561686826228,-0.0056044784095332645,0.33810138646276094,-0.7070910830150157,0.43327037860449075,0.5554944710655814,0.11538719599506515
2024-12-31 19:00:00,2.1052,2.0736,2.0788,-0.8779382999335479,-0.20898301345626136,-0.0044256822850404776,0.16455690995035455,-0.972069276720514,0.4460758430969086,0.5487989300985394,0.11384141212748881
2024-12-31 23:00:00,2.1125,2.0737,2.1058,-0.7972447399758241,-0.20437908180584768,0.001684870745980227,0.8273193744022237,-0.9633040143787981,0.5554111043328317,0.5513366618476122,0.10695750050777397
2025-01-01 03:00:00,2.1494,2.0999,2.1439,-0.7383704237895053,-0.1997646519166444,0.01394900463215576,0.8888887093154112,-0.9330489884226109,0.5269552910235907,0.5723818811701809,0.09877866181720853
2025-01-01 07:00:00,2.144,2.0901,2.109,-0.6745036785348473,-0.1997646519166444,-0.006408733083881346,0.35064928559382263,-0.9172850078969019,0.4393771809318995,0.5625779887968607,0.09400071319176653
2025-01-01 11:00:00,2.1855,2.1021,2.174,-0.2633556489195582,-0.1997646519166444,0.02227629622381322,0.8621102083800678,-0.6611760301455794,0.5328880205284452,0.5964372206184094,0.08907793591038794
2025-01-01 15:00:00,2.3333,2.1626,2.322,0.8420291134139888,-0.1997646519166446,0.043495667636821445,0.9338019370942049,-0.022472047068437945,0.5079545964891822,0.6640219234789129,0.11584225947475739
2025-01-01 19:00:00,2.3545,2.2867,2.3493,0.30130475045609867,-0.1997646519166446,0.026776461383458905,0.9233036986277746,-0.4122145632863343,0.4944040343243276,0.7074375667664042,0.14618330221809733
2025-01-01 23:00:00,2.4522,2.314,2.4054,0.8973770649943961,-0.19750575800688175,0.035230445058571425,0.6613602994674185,-0.05585685025116602,0.4944262932372208,0.7660901428015786,0.1788864371453654
2025-01-02 03:00:00,2.4299,2.3434,2.3545,-0.05514723791327492,-0.19524729774898245,-0.0024687688445932388,0.12832368458685595,-0.48337190605831537,0.44842110382496425,0.7618352715299012,0.20100252411666744
2025-01-02 07:00:00,2.4101,2.348,2.3952,-0.3189868312246996,-0.19524729774898245,-0.0029895410855210747,0.7600642898447214,-0.7142529281415979,0.5096210091189446,0.7566955803471156,0.21875755933646193
2025-01-02 11:00:00,2.4224,2.3641,2.4076,-0.31844964606857296,-0.19524729774898245,0.007026676893939543,0.7461405238180895,-0.5828279688476294,0.4919906806239152,0.7687398978933072,0.23479267868317275
2025-01-02 15:00:00,2.438,2.3756,2.4072,-0.2919607624919958,-0.19524729774898245,0.001942944092279797,0.5064101752547788,-0.5655071296051656,0.5023147246271088,0.7720936695701022,0.24668225659410356
2025-01-02 19:00:00,2.415,2.3662,2.4056,-0.6332117763708774,-0.19524729774898245,-0.005987783354323484,0.807376883734248,-0.8447930286473849,0.4866210229686517,0.7555530825691651,0.2488788290960114
2025-01-02 23:00:00,2.4648,2.3966,2.4475,-0.4445249675914215,-0.19524729774898245,0.015434336116812997,0.7463342014172714,-0.6135546026238279,0.48971671374896836,0.7817077845386866,0.2552458355617796
2025-01-03 03:00:00,2.4743,2.4207,2.4444,-0.502745574319662,-0.19524729774898245,0.008299769516575184,0.44216409661117395,-0.5389165610779029,0.4873225467317464,0.7966455168359968,0.2595406152365614
2025-01-03 07:00:00,2.446,2.4017,2.4106,-0.5441819451442971,-0.19524729774898245,-0.011930076567948866,0.20090288918670862,-0.6465923577031927,0.45990173487128383,0.774995833982393,0.2555453071266011
2025-01-03 11:00:00,2.4449,2.3975,2.4346,-0.36269687903597225,-0.19524729774898245,-0.0009925780734663103,0.7827002568142928,-0.6882641810634867,0.5285034394912349,0.7630089030554811,0.24294015514200518
2025-01-03 15:00:00,2.4798,2.4241,2.4512,-0.4043068755395551,-0.19524729774898245,0.015486037699967259,0.4865349216274821,-0.6498567107514849,0.5069041327981604,0.7915979232173387,0.23465064128667262
2025-01-03 19:00:00,2.4794,2.442,2.4597,-0.6431362278994238,-0.19524729774898245,0.002943115082812975,0.4732619055449479,-0.8281028246925811,0.48052841345173275,0.793018535348257,0.23068358194667526
2025-01-03 23:00:00,2.509,2.428,2.4838,-0.09884983315113192,-0.19524729774898245,0.005873893041211664,0.6888888038408897,-0.5108824310480787,0.5678818542106523,0.8044700865694728,0.2178047433917477
2025-01-04 03:00:00,2.4862,2.442,2.4556,-0.7326196064570292,-0.19524729774898245,-0.005670722242481219,0.3076922380786753,-0.8108031831546643,0.5155924811905316,0.7933496919768227,0.19983436811542424
2025-01-04 07:00:00,2.4605,2.4306,2.4393,-0.7535006539217644,-0.1887039484297786,-0.007025494872536009,0.29096980235122655,-0.8201469448870411,0.479734413034187,0.7796506886641865,0.17771705974386134
2025-01-04 11:00:00,2.4593,2.4288,2.4583,-0.7774178483391351,-0.18211147589000543,0.0013240014815545376,0.9672127976351519,-0.837632000175546,0.5008556655459523,0.7822142199300216,0.15469766878857907
2025-01-04 15:00:00,2.4629,2.3999,2.4198,-0.42048547968915706,-0.17661771948175392,-0.010607354058314034,0.31587296573444823,-0.5918850435100214,0.45174969037719637,0.7616490719452104,0.11273879114106533
2025-01-04 19:00:00,2.4424,2.4136,2.4294,-0.7806869154645395,-0.17109863672465978,0.0025290515946418957,0.5486109206211951,-0.8464539821592384,0.504381938788543,0.7665002938559693,0.06724918223539554
2025-01-04 23:00:00,2.4332,2.3712,2.3929,-0.5947587579920789,-0.1702471986187423,-0.010889833868516163,0.349999943548398,-0.7258850269999048,0.42095683890376756,0.7402349040283303,0.05779176504223607
2025-01-05 03:00:00,2.4084,2.3828,2.4072,-0.7992667017344894,-0.16939599140389122,-0.0017994203106406204,0.9531246276856972,-0.9047518494861535,0.511157826885105,0.7234855660631605,0.05029608733873737
2025-01-05 07:00:00,2.4157,2.3273,2.3415,-0.35136289726869924,-0.16176593007894785,-0.013251617529716708,0.1606334659916867,-0.5991395549245567,0.42629575483138393,0.6878243247810016,0.0605294104078614
2025-01-05 11:00:00,2.3819,2.3368,2.3753,-0.523967557329544,-0.15404364067955104,-0.001945523125287285,0.8536583473041411,-0.6757909871353035,0.553539426391493,0.6678797450522658,0.05657460405712455
2025-01-05 15:00:00,2.4098,2.3597,2.403,-0.6986749379128374,-0.14897465323204034,0.008599009112750355,0.8642712845765872,-0.7438511912108916,0.5243332199999071,0.6713383299330221,0.05542330154331791
2025-01-05 19:00:00,2.4117,2.381,2.4031,-0.7249158394087191,-0.1438853458574977,0.006637508490246358,0.7198694723552117,-0.7800959963434583,0.513695514046846,0.6754086538450049,0.0556368075972594
2025-01-05 23:00:00,2.4423,2.3734,2.405,-0.38282472721236305,-0.14028123817452093,0.006072582902166612,0.45863563735331464,-0.4623460361264449,0.47232839863669684,0.6817723634180156,0.055692697924665246
2025-01-06 03:00:00,2.4249,2.3979,2.412,-0.5847289105204413,-0.1366716474260684,0.0001915861721464296,0.5222220288066534,-0.7451534707014502,0.5594251169418599,0.6587273783127798,0.05528445763553897
2025-01-06 07:00:00,2.4152,2.3742,2.3869,-0.5620430801306442,-0.13602825822640363,-0.008393201598318911,0.30975602201071983,-0.6883526466997019,0.5009103212456946,0.6150586878500647,0.05666102068801442
2025-01-06 11:00:00,2.4389,2.3674,2.4288,-0.34537029188771073,-0.13538497807358257,0.004030002107313857,0.8587411386376029,-0.5307467426160666,0.5052811495867603,0.6262660734877848,0.05502739682877485
2025-01-06 15:00:00,2.4584,2.4,2.4262,0.03176621740120659,-0.13538497807358257,0.013160893395153028,0.44863006016608764,-0.1985307557339895,0.4911091657963851,0.6630138532135473,0.055009743366455754
2025-01-06 19:00:00,2.4343,2.4073,2.4214,-0.6871310415222429,-0.13538497807358257,-0.004351082730613465,0.522222028806662,-0.7359949059187113,0.4772823410783638,0.6438178771391423,0.054855030262999795
2025-01-06 23:00:00,2.4236,2.3933,2.3944,-0.5882471392559959,-0.13222452659858766,-0.006339514906895882,0.03630361838164743,-0.6849355362340124,0.4786124473521433,0.6256097190153777,0.054838293502195774
2025-01-07 03:00:00,2.4479,2.3944,2.4464,-0.5450646845185865,-0.12906073136619584,0.0063709156853328786,0.9719624351472074,-0.7460114616814538,0.568835062385264,0.6437920628410218,0.0523952045326918
2025-01-07 07:00:00,2.4683,2.4252,2.4565,-0.33731535621055525,-0.12906073136619595,0.009986455848920883,0.7262179289517581,-0.574389745951806,0.5010661342279282,0.6724745938514902,0.048050578993284694
2025-01-07 11:00:00,2.4589,2.38,2.3943,-0.0700303420569862,-0.12906073136619584,-0.009106323993017917,0.18124205560937173,-0.3630496313757761,0.4595342112876819,0.6326018014439975,0.047183527902791456
2025-01-07 15:00:00,2.4024,2.2719,2.2949,2.342466963530379,-0.12906073136619584,-0.04050756238854314,0.1762451972225912,1.1975450367115126,0.4576271469095373,0.5117395651844707,0.06583264263643604
2025-01-07 19:00:00,2.3077,2.2572,2.2964,-0.07004405775949682,-0.12906073136619584,-0.017784205769130312,0.7762374700519887,-0.38070778029025887,0.4956820684686264,0.4500344812583125,0.07444264601600352
2025-01-07 23:00:00,2.367,2.2675,2.3355,0.0775823547048499,-1.4866575912953561,0.014858598782381938,0.6834170167420095,-0.1880784417591123,0.5136968918240342,0.41994425511749833,0.07616122326125396
2025-01-08 03:00:00,2.347,2.2612,2.2614,0.17477298552228576,-1.4733601243024474,-0.003821929313328698,0.002331002059323516,-0.0599515669946565,0.46524828304190635,0.40722499914779386,0.09253940886087562
2025-01-08 07:00:00,2.3398,2.2577,2.3298,0.15672318807273847,-0.10600622756628032,-0.0010031790429188003,0.8781972133742764,-0.3006982291148846,0.5162351239439941,0.40389921173753984,0.09210703013725403
2025-01-08 11:00:00,2.377,2.2978,2.3169,0.9037570193869967,-0.09611942978139132,0.010669009610318803,0.24116158571192056,0.10025817126117474,0.48188249036049075,0.43923414265811866,0.09513864839225947
2025-01-08 15:00:00,2.3417,2.2001,2.3023,2.965712572491781,-0.08859881696620332,-0.023619597146810722,0.7217513614582364,0.6432709884868082,0.4827337456097734,0.36017327515486236,0.09916752349932385
2025-01-08 19:00:00,2.3986,2.2925,2.3886,0.6989490128213418,-0.08098564673694783,0.02789576410190664,0.9057492077521933,-0.21279773015094702,0.5199781823453802,0.45134211013898257,0.09573015572653665
2025-01-08 23:00:00,2.3956,2.3359,2.3611,0.2720983257168851,-0.07996240695235537,0.011904527119237507,0.4221104820585448,-0.31211165753090697,0.4761076861607327,0.4913337643285071,0.09632696074089679
2025-01-09 03:00:00,2.366,2.3302,2.3307,-0.5603033427097841,-0.07893917809512824,-0.00756162808841554,0.013966476545681585,-0.642329748796789,0.49505419833211645,0.46748937437967225,0.09808642769017241
2025-01-09 07:00:00,2.3383,2.2874,2.3014,0.1804994280735033,-0.07893917809512836,-0.01636712572535237,0.2750490618764171,-0.37329303792347673,0.46719077216703864,0.41205178184238106,0.10157911537245515
2025-01-09 11:00:00,2.3141,2.2351,2.274,0.8247569012063398,-0.07893917809512836,-0.01674976333850764,0.4924050009613931,0.10959783134485969,0.4798142035390458,0.3791564436142567,0.10663272744032651
2025-01-09 15:00:00,2.3385,2.265,2.3107,0.8475382752165889,-0.7228437422147961,0.016256960750401506,0.6217686228886266,0.18626273448661232,0.5058010107184282,0.4358372436303332,0.10570250838828357
2025-01-09 19:00:00,2.3131,2.2519,2.2909,0.07333757024405999,-0.718738053869717,-0.013961294380674172,0.6372547978341866,-0.20528001578805605,0.49611052389827354,0.3863690750657896,0.10458095639066017
2025-01-09 23:00:00,2.2945,2.2578,2.2777,-0.5836822759169136,-0.4165619804215129,0.0009201429413476792,0.542234184677326,-0.5528505199317818,0.47817828492127834,0.3895838413826238,0.10311040557027058
2025-01-10 03:00:00,2.3078,2.2754,2.3007,-0.7593470371936494,-0.40944499230283055,0.005675862184594038,0.7808639565234736,-0.6814729110534551,0.524964318902463,0.40943223580315885,0.09730219345246324
2025-01-10 07:00:00,2.3265,2.2948,2.3206,-0.5155451100746015,-0.05279455300893725,0.00900022896344188,0.8138798694385395,-0.6047801113689262,0.5233546483337672,0.4410845249276692,0.09329136004425023
2025-01-10 11:00:00,2.3212,2.2465,2.2942,1.2398735321136565,-0.05279455300893737,-0.011536752569759168,0.6385541313849873,0.34349759030308125,0.488462588370738,0.40014654494371693,0.08206289905409597
2025-01-10 15:00:00,2.3632,2.2492,2.3353,1.0012499414537737,-0.05279455300893737,0.008201001604726255,0.7552630916435898,0.2113578993169041,0.4811236492450144,0.4289119341163937,0.06014395836630577
2025-01-10 19:00:00,2.3699,2.3247,2.3427,-0.5938200387051156,-0.05279455300893737,0.019085405134470657,0.39823000039158907,-0.5886621461505162,0.5186224506884226,0.49640386686315646,0.05235137895910334
2025-01-10 23:00:00,2.3643,2.3353,2.3475,-0.7959517871488979,-0.05116328934591356,-0.0005239226142293996,0.4206895101070663,-0.660192640951461,0.44256664075428603,0.49451575288235616,0.05324931914782234
2025-01-11 03:00:00,2.3475,2.3249,2.3382,-1.0483922858868362,-0.0495314516232673,-0.005418974931324261,0.5884953148250813,-0.8484944410638191,0.49838681571609367,0.4749970654600097,0.053501443432203956
2025-01-11 07:00:00,2.3928,2.3323,2.3866,-0.5147300640710973,-0.03943988071440483,0.010652786057572916,0.8975205128065303,-0.6110641963328989,0.4851761449996413,0.5131595676051447,0.05812490978501523
2025-01-11 11:00:00,2.437,2.3774,2.4021,1.0458480467220523,-0.029104350464123383,0.019005518613323558,0.4144294606661956,0.034090527314862396,0.46216467360116625,0.5819701667154411,0.06041471071037411
2025-01-11 15:00:00,2.5129,2.39,2.4899,2.2898872990803034,-0.006227366907861853,0.026189298163024732,0.8128559143323086,0.7241982990362316,0.5299872205708814,0.6785921639352083,0.08246404208297242
2025-01-11 19:00:00,2.6036,2.4729,2.5482,2.5342879739745565,0.020030593421704088,0.03323963638943139,0.5761284945578803,0.6536074260254358,0.510144134752664,0.8044371438521734,0.10937036900269383
2025-01-11 23:00:00,2.5835,2.5057,2.5441,0.40123434462670376,0.05215906357705637,-0.003253775180460994,0.4935732013402034,0.06986471727898624,0.5109221431757706,0.7917089074935135,0.12807761368331202
2025-01-12 03:00:00,2.5561,2.5227,2.523,-0.6732150797431035,0.09253151285519062,-0.0001134070577530899,0.008982033238917896,-0.5638207679553534,0.48363331944221755,0.7912667211028778,0.14139615180392867
2025-01-12 07:00:00,2.5505,2.47,2.4851,0.04616465541352643,0.11240801836037821,-0.013931931957751664,0.18757761644998466,-0.19801496275583003,0.46263938482926126,0.7369507712525656,0.1497802209883934
2025-01-12 11:00:00,2.5282,2.4756,2.5023,-0.154215571947337,0.13383980090267902,-0.0010400147665138304,0.5076044662348915,-0.3364009674486253,0.49024183029840646,0.7329525904019828,0.1548367470364705
2025-01-12 15:00:00,2.5538,2.4944,2.5439,-0.24066268826348616,0.16108078578739018,0.011279897330170208,0.8333331930415487,-0.2950335231355663,0.5317938005483249,0.7762713655332301,0.15955517670424973
2025-01-12 19:00:00,2.555,2.4892,2.4964,-0.31848807740151763,0.19178106270459455,-0.003589621534869747,0.10942247577166117,-0.34435789738573086,0.4501853291466342,0.7623304576474075,0.16012429019157984
2025-01-12 23:00:00,2.5634,2.4847,2.5161,0.3700627424923622,0.19719300188605865,0.002561254736428209,0.39898343087884813,0.13133790018441438,0.5195902723014698,0.7722418213396293,0.15960152042802486
2025-01-13 03:00:00,2.5413,2.4444,2.4576,0.9747046757410291,0.2026495847859669,-0.011233193773793837,0.13622289615862632,0.2172990489533017,0.4952502196676434,0.7286610607554515,0.15698882942763975
2025-01-13 07:00:00,2.4767,2.412,2.4253,1.0295905853599923,0.04605308592956322,-0.024369220422241766,0.2055641104228585,0.2474552544155861,0.479124368423129,0.6351792600642366,0.14881232443650758
2025-01-13 11:00:00,2.4618,2.3297,2.4312,4.126976419012612,0.0656519001695605,-0.020958918382827374,0.7683572469070964,1.7930989583340047,0.4987381016132799,0.5567388613045496,0.13976811199593167
2025-01-13 15:00:00,2.4973,2.4191,2.4504,1.610568262706599,-1.2049440528261561,0.031009004419326747,0.4002557032921124,0.6637093611339815,0.5060350879535094,0.6703601380047916,0.13135711605226522
2025-01-13 19:00:00,2.5562,2.4385,2.5307,0.885914507286514,-1.2065506698949824,0.018132343515358196,0.7833474270732853,0.13899901405628662,0.5203977674807402,0.7388597700070589,0.11793651543806179
2025-01-13 23:00:00,2.5543,2.5151,2.5331,0.014706087231737535,0.3265885385270406,0.011926537479310495,0.45918355633073005,-0.2793467925407073,0.5165263587660337,0.7847323230619148,0.11204853784045528
2025-01-14 03:00:00,2.5533,2.5203,2.5315,-0.4455135902676997,0.35651815892472016,-0.0003842294240373745,0.33939383654731264,-0.5617118775891626,0.5437629529847499,0.7832368515668452,0.10471911004889689
2025-01-14 07:00:00,2.6028,2.5126,2.5905,1.0681087704763186,0.3972271697776598,0.010283317888533317,0.8636362678895515,0.2518883604948007,0.5046852244437531,0.8232454999893518,0.09892965827691207
2025-01-14 11:00:00,2.5918,2.5467,2.5723,0.620797766684905,0.4444944887228385,0.0036811143670096858,0.5676273685970306,0.17264408261278322,0.49062419867516127,0.8377146530654639,0.08790074703037276
2025-01-14 15:00:00,2.7,2.552,2.6828,2.691097787369324,0.4444944887228385,0.02563319948748677,0.8837837240686652,1.2668208073879839,0.5016792780961822,0.9388405462429327,0.09556464517937897
2025-01-14 19:00:00,2.6913,2.6377,2.6683,0.13575948302579446,0.4444944887228382,0.0108496906915998,0.5708954158777174,-0.23069277297962784,0.496435777730325,0.9827409971308295,0.10110400079629961
2025-01-14 23:00:00,2.8776,2.6492,2.8481,3.0687108326047583,0.4444944887228385,0.03985729517060488,0.8708405923449826,2.174840933929347,0.5479886826232173,0.9999999866070902,0.13759117124159415
2025-01-15 03:00:00,2.8636,2.7826,2.8444,1.7022112564825693,0.4444944887228385,0.01822962739984413,0.7629628687700148,0.7031323350450732,0.5024604150354274,0.9999999874559441,0.1670688321290212
2025-01-15 07:00:00,2.8928,2.7922,2.8175,2.539156218453,0.4444944887228385,0.007674447767762604,0.2514910286788251,0.9167968581876691,0.5040417689581009,0.9999999877877386,0.18741530647394117
2025-01-15 11:00:00,2.89,2.7107,2.8652,4.493805257916557,0.4444944887228385,-0.013178562507607516,0.8616842798837551,3.276494979192628,0.5012633834917246,0.9542308910234987,0.20469309705645447
2025-01-15 15:00:00,3.0286,2.8479,2.9487,4.963694215303455,0.4444944887228385,0.04968897385571425,0.5578306276795452,3.6550692649287946,0.5193119579210911,0.9999999891400838,0.2234895117687835
2025-01-15 19:00:00,3.099,2.9302,3.0821,2.4391901023484075,0.4444944887228385,0.020858597877964735,0.8998814632771638,1.5490430095488903,0.512076050297909,0.99999998981943,0.2503351292060776
2025-01-15 23:00:00,3.2,2.9228,3.0397,4.508508133932737,-0.10362423710393708,0.018872494823359842,0.4217171565037091,4.850932176943226,0.50358118308567,0.999999990375528,0.27724275364105383
2025-01-16 03:00:00,3.1222,2.9845,3.1222,0.3145751169025145,-0.10120871641484412,-0.0017373051860313238,0.9999999273783641,0.7473791888652419,0.5540152862265316,0.9948767364348619,0.2942669619200444
2025-01-16 07:00:00,3.15,3.0281,3.1109,1.280326971892056,0.44979141179288346,0.009004159355865404,0.6792452272973573,1.4195490387481826,0.5173659855257361,0.9999999905770249,0.3124927071041596
2025-01-16 11:00:00,3.3884,3.0877,3.2189,5.0,0.4497914117928831,0.052870624715644965,0.4363152498731218,5.0,0.5075142815542311,0.9999999918327861,0.3202236687119569
2025-01-16 15:00:00,3.4,3.2149,3.3506,1.9633374635626666,0.4497914117928831,0.025115416671567914,0.7331171943210596,2.1865130654301663,0.5132143816017273,0.9999999923431392,0.32924264709242645
2025-01-16 19:00:00,3.3914,3.2004,3.225,0.9839788115545592,0.44979141179288346,-0.01171968351888597,0.12879580477508865,1.164415863674034,0.47101745155614344,0.9701086745215769,0.3413693348427192
2025-01-16 23:00:00,3.3499,3.1649,3.3456,0.49512455375419956,0.44979141179288346,-0.00840074368407373,0.9767567039590985,1.0166797667352863,0.5075887380774675,0.9489334970962974,0.333934834035107
2025-01-17 03:00:00,3.3544,3.2841,3.3418,0.07395655021567565,0.44979141179288346,0.01743900755976724,0.8207680198054035,0.3996456935729785,0.5365525070329422,0.9925215312133879,0.3378754012402446
2025-01-17 07:00:00,3.345,3.2275,3.2931,0.7461453930522997,-0.29769074086003994,-0.012903935328691607,0.5582978248257153,1.139697105701628,0.45215790783768844,0.9597062539512737,0.33541377591566157
2025-01-17 11:00:00,3.328,3.2108,3.2549,0.6888153012371476,-0.3043441145082734,-0.005090963812211746,0.37627983137544324,1.2630514227483685,0.47488918876028724,0.9469267695948619,0.32198814630871037
2025-01-17 15:00:00,3.265,3.1758,3.2042,0.5592721771681844,-2.10382338804654,-0.013678301316547792,0.3183856145307607,0.7898259853116482,0.4598193391462716,0.9127659043244949,0.30656827137702847
2025-01-17 19:00:00,3.2954,3.2041,3.2689,0.08806834346004863,-2.073017119219899,0.014668967513774334,0.7097480055040521,0.1773981527169247,0.4820637023175483,0.9488998036612825,0.27400706953147497
2025-01-17 23:00:00,3.318,3.2196,3.2714,0.11769001264450556,-0.520040289829143,0.0014515293449042233,0.5264227107293986,0.22769827163906245,0.4673426887231364,0.952527788654184,0.2537347415862174
2025-01-18 03:00:00,3.2798,3.0701,3.1485,0.9297463073839038,-0.5239647782800035,-0.030602461829034033,0.3738674118327409,1.3107160292737576,0.48273798935147777,0.8759282840746685,0.22890788837068868
2025-01-18 07:00:00,3.158,3.058,3.1046,0.1576864248589921,0.07525424405941977,-0.019184173908531665,0.4659999534000062,0.7734998911188603,0.47704879146830165,0.8293788279550703,0.2161327108985403
2025-01-18 11:00:00,3.2499,3.1,3.2,0.24772174988983345,0.07699023914109972,0.026538215403721033,0.6671113631013119,0.8598389596543431,0.5011516609510159,0.8925371652140498,0.19076081555922084
2025-01-18 15:00:00,3.2212,3.1324,3.1806,-0.06489036033714289,-0.18364202842298316,-0.004625395115943398,0.5427927316674855,0.47220153002236076,0.4684403307145145,0.8812370484166924,0.16283393642859686
2025-01-18 19:00:00,3.234,3.1713,3.2201,-0.5086046250642815,-0.1808364838319673,0.009385617543655522,0.7783092857560944,-0.20087679578203899,0.47259107516338034,0.9040606146202466,0.13230995955157573
2025-01-18 23:00:00,3.2929,3.2076,3.2564,0.05291073006089984,0.4642974120490034,0.01771672634412025,0.5720984088981973,0.36042363266859656,0.5280870828991666,0.9475477940725532,0.11020924381787986
2025-01-19 03:00:00,3.265,3.1719,3.2027,-0.36087945817811606,0.4642974120490034,-0.015577928543853647,0.3308270321345841,0.03127304537912343,0.4396802442848623,0.9086330316684197,0.10544840928956016
2025-01-19 07:00:00,3.2085,3.05,3.1166,1.3244754778195278,0.4642974120490037,-0.027769709686674027,0.420189247937588,1.9415320946619137,0.451438477440284,0.8403429931540246,0.0992560563101565
2025-01-19 11:00:00,3.1565,3.0351,3.1405,0.5773702679931947,0.4642974120490037,-0.00688502997268392,0.868204211844793,1.6919989292746151,0.4245334236437573,0.8238818117484807,0.0970471244025096
2025-01-19 15:00:00,3.1786,3.1097,3.1683,0.024347823460396843,-1.8767513892445555,0.015866707455977958,0.8505078591425457,0.2992260781962288,0.43928283894641923,0.8615557922453371,0.09186315255860993
2025-01-19 19:00:00,3.2379,2.9106,3.0509,1.350225440874201,-1.8528330709952503,-0.014004141797510083,0.42865870978739046,2.485796304398797,0.42626962564752424,0.8277767041369599,0.10831119314891972
2025-01-19 23:00:00,3.1202,2.8277,3.0868,2.950946114104771,-0.4205270585275871,-0.04299434697827953,0.8858119355277975,4.586127030594646,0.480081972308086,0.7255232777873054,0.10528152245785802
2025-01-20 03:00:00,3.2233,3.0696,3.1734,0.18221291591992136,-0.41655643016890403,0.050491691318627296,0.6753415305568296,0.7494486146222695,0.5116385233811481,0.8404446846730814,0.10255813519817845
2025-01-20 07:00:00,3.3448,3.1694,3.3197,1.1542503472538865,0.4851629174281981,0.04282721535218603,0.8568984688199272,1.4261751442811554,0.5151569835827228,0.942843156319894,0.09533993010038587
2025-01-20 11:00:00,3.3555,3.2076,3.3538,1.0002151177923675,0.4851629174281981,0.007482145188560052,0.9885056802903528,1.5195820740364154,0.5031390890958394,0.9614988810646796,0.09576286486513455
2025-01-20 15:00:00,3.3695,3.0,3.1899,2.5541591043330447,0.4851629174281981,-0.021307665191213854,0.5139377398122403,2.9278797337704425,0.4649239494254303,0.9079735679720656,0.09693979475760782
2025-01-20 19:00:00,3.1955,3.0269,3.1445,0.10576732728372985,0.4851629174281981,-0.025850837944884852,0.6975088554265203,0.47659310421315504,0.46432959140276436,0.8444193814349945,0.09768227643938655
2025-01-20 23:00:00,3.193,3.0636,3.1231,0.1889824446190033,0.48516291742819784,-0.0027397404063274067,0.45981449305915745,1.2109220949403314,0.48723318939452476,0.8378578620635214,0.10007450684748913
2025-01-21 03:00:00,3.14,3.0124,3.0504,-0.11479682460762192,0.4851629174281981,-0.016267503687903972,0.2978056192942286,0.6287645595436961,0.5053327279630304,0.7990048737674073,0.1064209864139371
2025-01-21 07:00:00,3.1164,3.0368,3.1069,-0.4116129506349553,-0.08371908714012531,0.004505352379874372,0.8806531556968392,0.45976286431671326,0.48724842900013926,0.8095903230519322,0.10196200657554111
2025-01-21 11:00:00,3.1539,3.0822,3.1026,-0.19179150675826895,-0.08850665911886475,0.012197966661512405,0.2845187887700418,0.702942473067154,0.47270342878346083,0.8383789020457051,0.10367171545809141
2025-01-21 15:00:00,3.246,3.0784,3.2096,0.004486034451429126,-1.4403800092535883,0.01862381817040837,0.782816182409536,0.2364297240782814,0.5059415579929998,0.8828693696147487,0.09934545118664355
2025-01-21 19:00:00,3.2106,3.1622,3.1706,-0.6044141649082511,-1.4259677353413807,0.0028690601366847535,0.1735536831500647,-0.42581697976575544,0.48653457082464835,0.8898509175683799,0.1001700644071027
2025-01-21 23:00:00,3.2076,3.1399,3.1903,-0.6578178080982405,0.4918711411113467,-0.0021269011408939775,0.7444607467561721,-0.07795170327572791,0.47002413430960693,0.8846604843076376,0.0996871641102838
2025-01-22 03:00:00,3.191,3.1489,3.1669,-0.7590284995530387,0.491871141111347,-0.003775177994805423,0.4275533426239145,-0.40971744141166866,0.4959079084679295,0.8754672346398551,0.0992616318665426
2025-01-22 07:00:00,3.1777,3.1414,3.1654,-0.7637175468471303,0.484895742367567,-0.002356654858804652,0.6611568426565138,-0.3485948240160207,0.5268383816380171,0.8697500138620827,0.09562217978583655
2025-01-22 11:00:00,3.2606,3.1577,3.1759,-0.19595541626728588,0.4778974577463124,0.015596896482536149,0.17687073111071394,0.8156312916891069,0.5230453662968361,0.9074987555881365,0.09463870932378676
2025-01-22 15:00:00,3.1948,3.1237,3.142,-0.691527720293921,0.4778974577463124,-0.014305410464125035,0.25738393004445426,-0.036849480977456016,0.4670322841008001,0.8723357508842479,0.09494046110628028
2025-01-22 19:00:00,3.2854,3.142,3.1656,0.4995855868086987,0.47789745774631215,0.018274543587837977,0.16457460498085066,1.0343469341099514,0.500263548689699,0.9166123817856681,0.09402757893960674
2025-01-22 23:00:00,3.1826,3.1157,3.1475,-0.6367069560167552,0.47102310246018,-0.02165157364590664,0.4753362518181996,-0.06504248452471255,0.467374101713004,0.8631950266053983,0.09465070773542464
2025-01-23 03:00:00,3.1697,3.1066,3.1226,-0.6529110482256715,0.4641328171080792,-0.004542158952017483,0.25356572843649183,-0.33684445687417913,0.49403957760547534,0.8522315373903362,0.09028101126170393
2025-01-23 07:00:00,3.1326,3.0765,3.0886,-0.5292035932583126,0.10312115801173238,-0.009938872350565675,0.21568623606306248,-0.07384586151722441,0.5500456150620588,0.8283508705326694,0.09113944457971068
2025-01-23 11:00:00,3.1644,3.0374,3.1532,-0.19561576073575399,0.10478967054384203,-0.003662982076503396,0.9118109518259088,0.7787049587980429,0.49379362312786096,0.8196370995754735,0.08930406692009409
2025-01-23 15:00:00,3.1868,3.0898,3.0933,-0.2734860043321538,-1.423405984386698,0.011434024002128007,0.036082470506964705,0.8331169399914342,0.5021306856187787,0.846737562695185,0.07991265267685967
2025-01-23 19:00:00,3.175,3.058,3.12,-0.29001475449474545,-1.4093046917541205,-0.007876746642690335,0.5299144846226961,0.6714196403733829,0.47600256969196125,0.8278549516014087,0.051501125604770374
2025-01-23 23:00:00,3.1456,3.055,3.0552,-0.7627051615352932,-0.9475003570667412,-0.001927423697365982,0.002207505275109555,-0.14982865942933335,0.43792735344073086,0.823270810309091,0.0560665450780427
2025-01-24 03:00:00,3.176,3.055,3.1502,-0.3542220772935783,-0.9397257908688761,0.011115154520968229,0.7867767944812545,0.48572935719020793,0.5369812069324275,0.849655891085122,0.05448681199616941
2025-01-24 07:00:00,3.201,3.142,3.1955,-0.6383794799041668,0.4922799612206865,0.013710860072806197,0.9067795073255065,-0.12498924518408827,0.5735185743589777,0.8825644027970188,0.05615923335782784
2025-01-24 11:00:00,3.2031,3.166,3.1817,-0.7404477085971378,0.49227996122068685,0.0020540898665444285,0.42318047892710037,-0.08761553774479193,0.4595810916788034,0.8875621821944653,0.0511532101229414
2025-01-24 15:00:00,3.1879,3.13,3.1473,-0.6530774162724928,0.48805314060612953,-0.009629719614478116,0.2987909673936166,0.08499034185085698,0.4885934077768942,0.8640841091553634,0.050428483058505585
2025-01-24 19:00:00,3.155,3.0932,3.0949,-0.6747593636145939,0.4838355950250026,-0.01117211130857032,0.02750808616374073,-0.09863526861061585,0.4844109587125725,0.8371078540135446,0.051915415528605915
2025-01-24 23:00:00,3.1318,3.0828,3.1186,-0.9044943186837333,-1.3382910454914658,-0.003038752133907141,0.7306120957934429,-0.23068782048335326,0.5379125367148663,0.8298524368163963,0.048437200646871535
2025-01-25 03:00:00,3.136,3.0937,3.1024,-1.072619608313335,-1.3255712092170697,0.0013732162811961324,0.20567371024261477,-0.6170983675496037,0.4500453464320326,0.8331212065994347,0.049185165790338055
2025-01-25 07:00:00,3.1117,3.0784,3.1003,-1.0321766232523508,-1.5525946423588346,-0.005320639973201979,0.6576574601629236,-0.616585435644387,0.4934441976061396,0.8204386959750527,0.047805217863084254
2025-01-25 11:00:00,3.1279,3.098,3.1128,-1.0149831672751122,-1.6237485060806185,0.005255587996143785,0.49498311204578616,-0.5535944055102422,0.46797286823200024,0.832899491805329,0.04693219179510545
2025-01-25 15:00:00,3.1446,3.1113,3.1247,-0.9232193102354573,0.5110773543233945,0.004481115734475738,0.40240228156087077,-0.3986312574386168,0.48470877673379853,0.843579882131343,0.045658145499728395
2025-01-25 19:00:00,3.1431,3.1185,3.1236,-1.0202271905757099,0.5162870376959758,0.0010716346586345793,0.20731698889553757,-0.6673697731779606,0.5056162958962054,0.8461454853486892,0.04350349187483121
2025-01-25 23:00:00,3.1304,3.1038,3.1187,-1.0287063513051036,0.5162870376959758,-0.003987950812018637,0.560150165357083,-0.5835227246207328,0.505447923274573,0.8365876908327984,0.043389391355410534
2025-01-26 03:00:00,3.1443,3.1183,3.1322,-0.9389770214017117,0.5162870376959752,0.005207056194454385,0.5346151789941669,-0.6511718444284151,0.4785498564483343,0.8490175083623946,0.04158614436225665
2025-01-26 07:00:00,3.1442,3.1103,3.1247,-0.9509827306115928,0.5162870376959752,-0.0015872437231804204,0.4247786357585065,-0.655230066930952,0.4375386940469919,0.8452088533555195,0.04109182663144824
2025-01-26 11:00:00,3.1357,3.1121,3.1168,-0.9814390996247254,0.5162870376959752,-0.002083124578218687,0.19915245798625233,-0.635648969613248,0.49714155819028283,0.8402182462410691,0.04123477226244895
2025-01-26 15:00:00,3.1322,3.107,3.1322,-1.0036983996866495,0.5162870376959752,-0.0017227590254538239,0.9999996031747606,-0.7181949088579352,0.42486440463250763,0.8360995758366517,0.039788736516475236
2025-01-26 19:00:00,3.1375,3.07,3.0813,-0.778965734472103,0.5162870376959758,-0.005612436697344236,0.16740738260631746,-0.47008234781008373,0.43716400526080706,0.8227048098434121,0.041360795812391
2025-01-26 23:00:00,3.0813,2.9423,2.9775,0.2298834666421331,-0.9571348220479919,-0.03080843906759101,0.2532373918534255,2.172925891495014,0.46718302317035004,0.7495893771850681,0.060485792131233194
2025-01-27 03:00:00,3.02,2.8376,2.8565,0.25126076319700247,-0.9491832171580148,-0.0270957302507564,0.10361841537179702,1.501471229223566,0.48493508309563765,0.6872661629694289,0.10266133165206807
2025-01-27 07:00:00,2.8732,2.6559,2.762,2.3946022033009204,0.5279883595623825,-0.050491084699526234,0.4882650488603289,4.064238429892261,0.4724225880508366,0.5742777800011979,0.15277557306588188
2025-01-27 11:00:00,2.9647,2.7615,2.9528,0.7059999317466712,0.5279883595623825,0.03288522620371914,0.9414369615434556,1.2695085683726246,0.5323612837807828,0.6441523217849607,0.14701511315731092
2025-01-27 15:00:00,3.0261,2.8772,2.891,0.21712059325640573,-4.536024047255999,0.029011300600851664,0.09267964454804153,0.7541124868630846,0.4965484349799049,0.7078226962351574,0.15556926037555993
2025-01-27 19:00:00,3.0587,2.8909,3.035,-0.3198766352458413,-4.322059130074883,0.015024825618269011,0.858760377904627,0.10371633888953928,0.49301822111711446,0.7417539407937569,0.14364597882355534
2025-01-27 23:00:00,3.0936,3.0062,3.0605,-0.5620719906053447,-0.42689422047366893,0.018601283393548496,0.6212813934460671,0.20744694538387473,0.5139606648879638,0.7843932267129285,0.13963816715183444
2025-01-28 03:00:00,3.1509,3.0422,3.1014,-0.27941585157113885,-0.4227212709233392,0.018502208903956152,0.5446181651685222,0.4981471361067768,0.5510124589879883,0.8275943274774509,0.1379908961158612
2025-01-28 07:00:00,3.1383,3.0717,3.1161,-0.563613097220693,0.5339571999747923,0.0006452134152137301,0.6666665665665794,0.19800786596358944,0.4839628838130128,0.8291287204347527,0.13723544559872858
2025-01-28 11:00:00,3.197,3.1097,3.159,0.008059147284721412,0.5339571999747923,0.015155833789699091,0.5647192938465839,1.2128476278724218,0.49064833004488567,0.8651943206241159,0.1381018800624167
2025-01-28 15:00:00,3.214,3.1301,3.1372,-0.07138543715948142,0.5339571999747926,0.007251292214490501,0.08462454295297338,1.0079236794662307,0.5059164496364086,0.8827113900663061,0.1405042065948576
2025-01-28 19:00:00,3.1479,3.0124,3.0749,-0.12008633097365261,0.5339571999747926,-0.032501075701815374,0.46125457850519735,0.21405398888146546,0.4469494569984558,0.8036286673128449,0.14242968707115888
2025-01-28 23:00:00,3.0962,3.0379,3.0652,-0.7952915975454402,0.5339571999747923,-0.0013226736678607631,0.4682675011548003,-0.17963562876222036,0.5215547786711163,0.8005148933952786,0.1412839947540802
2025-01-29 03:00:00,3.1237,3.0632,3.1175,-0.8997508980344556,0.5339571999747923,0.009166263610821623,0.8975205128065303,-0.3695943485531553,0.563146824178604,0.822065122999752,0.1386480489888194
2025-01-29 07:00:00,3.1296,3.0712,3.0901,-0.7365624738396475,-2.587798319744755,-0.00038126844415165007,0.32363008157019124,-0.320393804396677,0.5141225464404953,0.8211605301624583,0.13889141551969414
2025-01-29 11:00:00,3.1005,3.0255,3.0617,-0.6672543155573841,-2.5390001343041027,-0.011098976029181085,0.4826666023111216,0.1376566697500879,0.4921471299013982,0.7948372757327025,0.1379244204794005
2025-01-29 15:00:00,3.0804,3.0161,3.0655,-0.5742705579759902,-0.7916155822884212,-0.0056728164622874555,0.7682735974691163,0.13028894889469247,0.5031512120359254,0.7815324795075864,0.13577870807249806
2025-01-29 19:00:00,3.1363,2.9673,3.0794,0.33823680819882307,-0.7852979736823102,0.005494148195945847,0.6633135702181336,1.7801143128229515,0.4930560380432616,0.794345135824051,0.13377464920480886
2025-01-29 23:00:00,3.124,3.0466,3.1089,-0.811045125567373,-0.10630692042660074,0.009372748813700982,0.8049094567300455,-0.33961721555208707,0.4854846323378235,0.8163229922984482,0.13126938421311082
2025-01-30 03:00:00,3.1356,3.102,3.1204,-0.8411296667109841,-0.11226124217802924,0.008879573518034256,0.5476188846372376,-0.5642307321078296,0.46686205546422904,0.837339571916521,0.1323329189440676
2025-01-30 07:00:00,3.1255,3.0964,3.1034,-0.8544010875391922,0.5437328922152586,-0.004072486469891667,0.24054974551555436,-0.6589845885448048,0.4959578332321146,0.8276150354489693,0.13269931263297993
2025-01-30 11:00:00,3.1277,3.0828,3.12,-0.7624422274813805,0.5437328922152582,-0.0019456337665221257,0.8285076105773725,-0.5353454181613743,0.5577675717639942,0.822988050525565,0.12000555042873577
2025-01-30 15:00:00,3.1544,3.0991,3.1232,-0.5743066890876126,0.5437328922152582,0.008656841127269166,0.4358046228201455,-0.21491789384333046,0.4927815221901546,0.8435351553120691,0.08011468024965197
2025-01-30 19:00:00,3.145,3.1143,3.1348,-0.8225282323284031,0.5437328922152582,0.0012894336805133744,0.6677522254878671,-0.5701381589014081,0.47205371513543215,0.8466221340403367,0.07159652406661553
2025-01-30 23:00:00,3.154,3.0956,3.1,-0.8511927292973466,0.5437328922152582,-0.0027323467011380886,0.0753424528523193,-0.6222739206907653,0.466856149675238,0.8400723034801512,0.040654051231655754
2025-01-31 03:00:00,3.0999,3.071,3.0897,-0.7903373416948073,0.5437328922152586,-0.01138896468643047,0.647058599633707,-0.71021114237708,0.5312416922200662,0.8128459023198567,0.03605134351952974
2025-01-31 07:00:00,3.0943,3.0588,3.0784,-0.8637899399648358,0.5425810354124193,-0.0035453245622227847,0.5521125205316757,-0.6492780487666335,0.4825884074261001,0.8044669938489576,0.03472823826701877
2025-01-31 11:00:00,3.1118,3.0705,3.0831,-0.7879900900569894,0.5414306820758609,0.005997965292470431,0.3050846718923291,-0.4091577155417547,0.5043405094116179,0.8185921398154874,0.035122771213384744
2025-01-31 15:00:00,3.1148,3.0143,3.0315,-0.575740641937101,0.5414306820758609,-0.008928208559171535,0.17114426157768456,-0.07058467796890824,0.5185468106489775,0.7974401891414231,0.04088368670647897
2025-01-31 19:00:00,3.0505,3.003,3.0387,-0.6980399595720286,0.5414306820758609,-0.012731368667041054,0.7515787891413062,-0.20446523253089416,0.5309867561528243,0.767547409004851,0.0395127492702132
2025-01-31 23:00:00,3.0727,3.0263,3.058,-0.9668419988184935,-3.0251062314198123,0.006802777993573317,0.683189507933289,-0.6377979217538624,0.4591457922580404,0.7833167247840659,0.03770667472968539
2025-02-01 03:00:00,3.059,3.0299,3.0485,-0.9661816335090584,-2.953243584596931,-0.0004446583221058287,0.6391750380841824,-0.7688078027063471,0.4402788059827215,0.7822789636970583,0.039365071535903524
2025-02-01 07:00:00,3.0535,2.9466,2.9666,-0.5318673180715748,0.5441995279101435,-0.018029375482579213,0.18709072150694858,-0.30242114478472315,0.5080144690468018,0.7402200080226309,0.05395079142190971
2025-02-01 11:00:00,3.0083,2.9611,2.9624,-0.8032516411126217,0.5441995279101435,-0.0020993011487629998,0.02754236704611027,-0.5029472651741621,0.5231692250172205,0.7354110493926153,0.06343919549031299
2025-02-01 15:00:00,3.0017,2.9506,2.9647,-0.808335376597744,-3.2265441314270715,-0.0025689229105474443,0.2759294959042087,-0.44117595048500435,0.49556634522265036,0.7295386620179481,0.07101999342138207
2025-02-01 19:00:00,2.9671,2.8636,2.8869,-0.36594907994537107,-3.1504333690638155,-0.020383244894486174,0.22512075119606167,0.18681992379551646,0.4273636145112909,0.6830636145371172,0.09185650095986003
2025-02-01 23:00:00,2.9559,2.8281,2.8852,-0.3903058197578169,-0.9703300402219576,-0.0061459577901015194,0.4467918273245839,0.29450716606802085,0.4819068148036274,0.669336087820601,0.10632771839470574
2025-02-02 03:00:00,2.9272,2.8221,2.9016,-0.28296821396353933,-1.0010044896459986,-0.010991791911303062,0.7564223828332671,0.6710752767564948,0.4797531031266605,0.6449358628344267,0.11448800397585134
2025-02-02 07:00:00,2.9154,2.8528,2.8639,-0.6509266212521065,0.5370399798312528,0.005564339944597929,0.17731626560443514,-0.30928570538795264,0.4363542195128173,0.6571521401658099,0.12593007467621095
2025-02-02 11:00:00,2.8712,2.7325,2.8204,0.1885608009878918,0.5302042316070021,-0.029875124539427755,0.6337418432774434,1.0100249795041785,0.46943123913783774,0.5911975817705996,0.13977395331935633
2025-02-02 15:00:00,2.8204,2.5001,2.5384,2.4025065579515434,0.5234896182214015,-0.06022797415320813,0.11957539433108369,4.684069254943586,0.47220278489634,0.4622061128296618,0.2245208431508749
2025-02-02 19:00:00,2.7207,2.4603,2.5837,1.8024250663928696,0.5167686030832973,-0.004918491132888225,0.4738863105266388,2.871762939189395,0.5034597921294585,0.45230652440553076,0.25462201308424304
2025-02-02 23:00:00,2.5862,1.7711,2.1529,5.0,0.15286158428486396,-0.14573844623481624,0.46840877845161594,5.0,0.47317798936102146,0.16041731686164692,0.4445489505789388
2025-02-03 03:00:00,2.3486,2.119,2.3174,2.517079869130286,0.1545801048101422,-0.0004037198642771189,0.8641114606223244,3.6663648063383047,0.5197818150400398,0.15972657642264942,0.460793876446972
2025-02-03 07:00:00,2.4531,2.3055,2.432,1.038099045096598,-4.980396417026008,0.06564881934346944,0.857046012395256,1.3970590824296425,0.5098674418437203,0.27200241693488464,0.457308618230506
2025-02-03 11:00:00,2.4368,2.2067,2.373,1.6089044774972912,-4.705094650946391,-0.017912781364953112,0.7227292167436251,1.6996587493859603,0.49228553439113076,0.23935592442049064,0.48793440668320215
2025-02-03 15:00:00,2.6953,2.3594,2.6795,2.094504094050916,-3.4545990877206236,0.09844745228776919,0.9529621627578992,2.170074759118157,0.5035449164866577,0.41556490699919096,0.42231314326469327
2025-02-03 19:00:00,2.7814,2.6443,2.7055,0.4594241503135265,-3.3508458179955034,0.05488636758181431,0.44638946415831643,0.8054161946524422,0.47502290511132506,0.5234763096906874,0.405136680884059
2025-02-03 23:00:00,2.7874,2.6564,2.7249,0.02335222603926934,-1.9585031788754248,0.009516828523005838,0.5229007234426921,0.1052551216378462,0.4906727073372554,0.5432142018591275,0.39126864875386613
2025-02-04 03:00:00,2.735,2.5033,2.5772,0.5583277970283717,-1.9321727748375797,-0.05076829533928873,0.3189469003475661,0.6083652861342226,0.473361840347849,0.43691875253663565,0.40304984514844283
2025-02-04 07:00:00,2.58,2.472,2.5666,0.145753383248766,-0.023026706142695787,-0.02772150703976306,0.8759258448216826,0.09075584908798805,0.5077625791393535,0.38182388254351374,0.3884872355698365
2025-02-04 11:00:00,2.6863,2.5645,2.6591,0.07564220756339765,-0.02053664935533891,0.042198311908820285,0.7766830232608353,0.3263887939433848,0.48253057441893143,0.46336564296345933,0.3538515097839422
2025-02-04 15:00:00,2.6733,2.5865,2.6477,-0.23037425389897115,-3.3082203436177795,-0.0009145364084539587,0.7050690431948117,0.15307838455317768,0.48006983893939875,0.4615238688246444,0.3402838277728459
2025-02-04 19:00:00,2.7105,2.4209,2.5168,1.0996823844527848,-3.2156131971909607,-0.032396655042991274,0.3311463974051653,1.3036027192323498,0.4894754027992015,0.39634029280364075,0.34300889591720596
2025-02-04 23:00:00,2.5646,2.4702,2.5188,-0.290991924565162,-1.4258733256174114,-0.009669120839364664,0.5148304539374526,-0.16281741078562068,0.4960222391140154,0.3775158400444257,0.32262845473088625
2025-02-05 03:00:00,2.5409,2.4856,2.4961,-0.46250949843857075,-1.4118760031072533,-0.0035402867392808623,0.18987338338637427,-0.4830382847890958,0.4910233418295601,0.3706900310523713,0.3116880322135736
2025-02-05 07:00:00,2.5437,2.4862,2.5185,-0.48896103434939153,-2.842880690686696,0.0017538705543262978,0.5617390327410371,-0.5307163578310925,0.4857663228399831,0.3740595893492228,0.29056483691044105
2025-02-05 11:00:00,2.5692,2.4965,2.5057,-0.29596651926111467,-2.797160150140192,0.009753892723546098,0.12654743788893433,-0.33325220068249306,0.5030009950458598,0.3928317577544789,0.2666048089408119
2025-02-05 15:00:00,2.5293,2.3384,2.3671,0.31305220836865716,-2.342753387007014,-0.042127441564244084,0.15034048452904827,0.3953935346767012,0.46410127092192216,0.31096320977729547,0.26360730247789693
2025-02-05 19:00:00,2.4631,2.3549,2.3751,-0.05756432561091863,-2.3157164539693307,-0.008065998161871923,0.18669129513019514,-0.11446409471815146,0.5000687541403768,0.29594846849793055,0.2433259453100269
2025-02-05 23:00:00,2.4305,2.3616,2.4196,-0.4312722946019762,0.4091311424117078,-0.004600567894305296,0.8417995875472305,-0.32099744158187465,0.5210380191431571,0.28745365289154734,0.24104641204554095
2025-02-06 03:00:00,2.4678,2.406,2.4646,-0.5250136725034408,0.40993497551866176,0.015206657769162524,0.9482199112912748,-0.5986588054709459,0.49854908163857997,0.31540312905753715,0.23522688119434534
2025-02-06 07:00:00,2.4699,2.4195,2.4612,-0.3324741549329606,-2.0689309933144235,0.00445815682697237,0.8273807882180938,-0.5165504253701829,0.5078433391065666,0.32372171867323285,0.19546603357642792
2025-02-06 11:00:00,2.4643,2.3611,2.3698,-0.23048511293194995,-2.0407696769641253,-0.015372940455906758,0.08430231741256747,-0.12861836282857653,0.4579249896357158,0.2725235693784292,0.1961534346189091
2025-02-06 15:00:00,2.3795,2.2855,2.2947,0.3684249558395619,0.5601665547230233,-0.036607429483148324,0.097872330013585,0.5993041408889004,0.4823561036696104,0.18422396800345703,0.21844421824848737
2025-02-06 19:00:00,2.365,2.2772,2.3368,-0.25551106347219715,0.553452231831047,-0.00021241057536935948,0.6788154124356026,-0.24536027411768996,0.49471966060919736,0.18382524896357183,0.21853776036988345
2025-02-06 23:00:00,2.374,2.3025,2.3593,-0.4159041832645169,-1.8267822369738673,0.008270908871437443,0.7944054832999331,-0.4044797507391943,0.48762321209218584,0.19934739684856792,0.21258311987402156
2025-02-07 03:00:00,2.373,2.2655,2.292,-0.39368390475946846,-1.804040344896416,-0.005512446824297745,0.24651160497566352,-0.5335591902748597,0.44763371284934256,0.1865964613306774,0.21428517136359998
2025-02-07 07:00:00,2.4024,2.277,2.3863,-0.17955084562195064,-0.6091806046286035,0.0035566867115426337,0.8716107757886126,-0.287895299834211,0.5110319713312415,0.18295591079627488,0.18248019477252458
2025-02-07 11:00:00,2.542,2.3732,2.5325,0.6173524540141859,-0.6038553442937539,0.054887209516305324,0.9437203232393195,0.5065075850361149,0.5068786635127759,0.2882409851502101,0.16852153041015705
2025-02-07 15:00:00,2.5329,2.4111,2.4824,0.46356571177161027,-2.0026319725867925,0.0015521848286008666,0.585385830428094,0.6549354176194986,0.4917701104365358,0.2628887972725549,0.16702131414819069
2025-02-07 19:00:00,2.4825,2.3466,2.3809,-0.06527407274308956,-1.9750326088190167,-0.030631429291650636,0.25239144574014394,-0.07896148555873873,0.4724571316708474,0.1447465865593156,0.15485958745362016
2025-02-07 23:00:00,2.4277,2.3598,2.3922,-0.3896461109862036,-0.40588164460826903,-1.1603413822558473e-05,0.4771722419481212,-0.45959346449499744,0.49735405549121703,0.14472129001462833,0.13032523544058794
2025-02-08 03:00:00,2.4054,2.3506,2.3808,-0.5353628126624124,-0.401585182058723,-0.0067774202794445015,0.5510947899462004,-0.709332573985486,0.5027744831703267,0.12994604126158202,0.1264466353202498
2025-02-08 07:00:00,2.418,2.3582,2.4086,-0.4747501642461882,-0.8974025094538509,0.007357598561811729,0.8428092236104929,-0.6403149071287841,0.5419484140350345,0.14587740877313587,0.1184510425693454
2025-02-08 11:00:00,2.435,2.3854,2.4167,-0.459156353872895,-0.889836040232384,0.006597335393910608,0.6310482598693018,-0.607964110097637,0.4764899012570388,0.1602676872228173,0.11338697711777578
2025-02-08 15:00:00,2.435,2.3778,2.4238,-0.44595406898839496,-0.5173332231692782,-0.001747850264496198,0.8041956636021547,-0.5882380927262509,0.4775075781528332,0.15643007900591943,0.10479519106462179
2025-02-08 19:00:00,2.4372,2.4031,2.4137,-0.5468672745431576,-0.5124027031490606,0.007189406217928074,0.31085034872424255,-0.7844962336432747,0.5193986834422282,0.17218766507024233,0.09742585942073297
2025-02-08 23:00:00,2.4499,2.4074,2.4362,-0.5164848891177145,-0.16937387452331895,0.0032362355428583456,0.6776468993771989,-0.6950086640880503,0.5004090269923305,0.17933177185376437,0.09673076833287429
2025-02-09 03:00:00,2.5079,2.4331,2.4728,-0.36557200644095483,-0.16595415267511296,0.018904894041204878,0.5307485921459099,-0.5881268158645411,0.558393263811018,0.22120006646637563,0.09810238409568522
2025-02-09 07:00:00,2.4967,2.4521,2.4533,-0.4880953970513426,-1.4191378947029534,-0.001806241849621082,0.02690582356371374,-0.7312991810687912,0.5157710720092207,0.2171241941304911,0.10027250950123007
2025-02-09 11:00:00,2.4603,2.3795,2.4074,-0.311229932245419,-1.4049605397453937,-0.0226639310187563,0.3452969869681925,-0.5526942819756334,0.4226601996263057,0.16607430988193775,0.09975606916652921
2025-02-09 15:00:00,2.4347,2.402,2.413,-0.5337728875623119,-1.3108008164202531,0.0017025587492789374,0.3363913344368937,-0.7334057255989951,0.487658899499127,0.1698223614341163,0.09716877863408181
2025-02-09 19:00:00,2.4227,2.3113,2.3717,-0.02395422151672293,-1.2983293965498794,-0.02468362895164844,0.542190256535885,-0.31823796788763836,0.4707215696437189,0.11539074376315968,0.09876885141313205
2025-02-09 23:00:00,2.437,2.3235,2.3453,-0.13617301506980448,-2.5174335907244267,0.0052682946571962486,0.19207046765898855,-0.3111043611931485,0.5026700582636102,0.1267214714784328,0.09313634323896947
2025-02-10 03:00:00,2.4196,2.3353,2.3944,-0.27401970827242134,-2.4710223066267467,0.006820961479575782,0.7010675324949553,-0.4506990793047943,0.5222557944188682,0.1414688670147249,0.08732922813989868
2025-02-10 07:00:00,2.4534,2.3926,2.4232,-0.347357212348298,0.3436593015753223,0.015910958240988204,0.5032893909063535,-0.5645274387319646,0.5246006064961503,0.17610411617747299,0.0843023745021339
2025-02-10 11:00:00,2.4733,2.4051,2.425,-0.34531471693494725,0.34538217052611503,0.002977313312724217,0.29178881352069885,-0.32063992711549333,0.5110924280425445,0.18268830329333663,0.070400215729655
2025-02-10 15:00:00,2.4424,2.4057,2.4386,-0.42414487677000196,0.6736677757170233,-0.003128919159531396,0.89645752140122,-0.43910032782185976,0.4632193230213531,0.1757482456518264,0.06927727843356281
2025-02-10 19:00:00,2.4458,2.4089,2.4152,-0.5649157518147561,0.6736677757170233,0.00048075074707654153,0.17073166104832888,-0.7681465288321236,0.5198871043275675,0.1768112320320661,0.05468869860952037
2025-02-10 23:00:00,2.47,2.4085,2.4433,-0.4386928823459952,0.5842977440106795,0.007150981841307136,0.5658535665278698,-0.6075892555891935,0.5758521490528408,0.19263034562855944,0.048797390326509996
2025-02-11 03:00:00,2.529,2.4334,2.5224,-0.22220096857068974,0.5848477752537339,0.017177671545230755,0.9309622457152493,-0.425081604830714,0.59002282419408,0.23090183330185307,0.059637840562176976
2025-02-11 07:00:00,2.5246,2.4736,2.4847,-0.21109112225765841,0.6748130822140106,0.004523947239854387,0.21764701614764972,-0.48269124663055646,0.4495206584702664,0.24115422994003285,0.06384094456463076
2025-02-11 11:00:00,2.4991,2.4339,2.4678,-0.285014553296227,0.6748130822140107,-0.011999659911349991,0.5199385705615702,-0.40830414799176257,0.48482796314231374,0.21383697219448838,0.06383115639106887
2025-02-11 15:00:00,2.486,2.3893,2.3993,-0.19449438425761792,-0.05306374693639486,-0.014788204530517879,0.10341260564502741,-0.23280709266128677,0.4647857855972216,0.18057555839174214,0.06616281253873539
2025-02-11 19:00:00,2.4464,2.3708,2.4121,-0.2669408107561684,-0.049848109520559826,-0.007992463233552294,0.5462962240348918,-0.3200948286073343,0.4882649139815185,0.16286486736021147,0.06595193142565904
2025-02-11 23:00:00,2.4297,2.392,2.3986,-0.4946044931493494,-2.188152741852045,0.00017331697878009145,0.17506626656067595,-0.6014184357913566,0.5138566195341183,0.1632458550481871,0.06722517436951032
2025-02-12 03:00:00,2.4158,2.3804,2.3975,-0.466545287269962,-2.1547460145115225,-0.006562123762959837,0.4830507110026259,-0.6306523385179476,0.5625605054129186,0.14881840722384776,0.06798937270174246
2025-02-12 07:00:00,2.4258,2.393,2.4068,-0.5149655487580012,-0.6773983864418691,0.005921583378140083,0.42073157904525316,-0.7723492913438124,0.5286189200362298,0.16175213328147311,0.06796949841430289
2025-02-12 11:00:00,2.4523,2.3323,2.3936,0.2684415381498294,-0.6713058671743807,-0.010299170745233344,0.510833290763893,0.29243452454019075,0.5013237774311808,0.13912381940233234,0.06652135459093629
2025-02-12 15:00:00,2.4664,2.3656,2.4495,-0.2040828120623745,-0.5527937676015885,0.014118583425924536,0.8323411872677381,-0.4253501608064027,0.4814568780956271,0.16982428730874055,0.06474978732426417
2025-02-12 19:00:00,2.4962,2.4288,2.4759,-0.4263296946746872,-0.5473993363301375,0.017741424206681122,0.6988129526983791,-0.5996609883446608,0.4716586158824931,0.20894719199314699,0.06685792919465953
2025-02-12 23:00:00,2.4821,2.4515,2.4716,-0.5341448976701709,0.7194741477160569,0.0022212573488509246,0.6568625304370851,-0.7128619556519479,0.42831614017149544,0.21393235014370887,0.06898720657057517
2025-02-13 03:00:00,2.4862,2.4334,2.4384,-0.4297516980911575,0.7194741477160568,-0.0012300968285050562,0.09469695176194662,-0.6641700447329698,0.5292513868020108,0.2111655169856409,0.06668436671031448
2025-02-13 07:00:00,2.4581,2.4195,2.4469,-0.4911214540253822,0.7194741477160569,-0.010324605786163232,0.7098443756879811,-0.7179495175745586,0.5259182902696893,0.18797114605635745,0.05805124456305524
2025-02-13 11:00:00,2.4709,2.4154,2.4312,-0.3620384871089622,0.7194741477160569,0.0008846667813982023,0.28468463339015737,-0.32104877402543675,0.49759617696440334,0.18993804303260045,0.0562908772410769
2025-02-13 15:00:00,2.4579,2.4169,2.4521,-0.4549667205188389,-0.7081179782914616,-0.0024855229276080637,0.858536375966742,-0.527126523692761,0.45935993645208534,0.18440704247530773,0.05580003220109226
2025-02-13 19:00:00,2.6061,2.4475,2.5272,0.10365628291935619,-0.7017706778188381,0.036666876121640435,0.5025220364109698,-0.026544332690252127,0.5053999445278473,0.26579854152400434,0.06225068701091219
2025-02-13 23:00:00,2.5779,2.5062,2.5539,-0.22922910452644332,-0.060585360127144376,0.009617362878014069,0.6652718737417183,-0.33389977210885957,0.4853471839798019,0.2879295070160352,0.07263067581988726
2025-02-14 03:00:00,2.598,2.5382,2.5565,-0.3724542687701648,-0.05709503132123273,0.006940772822370045,0.3060200157157232,-0.5954744163188238,0.554877695953493,0.30405485140263483,0.08039334071080663
2025-02-14 07:00:00,2.7766,2.5532,2.7391,0.6477360128845846,0.7342623699663409,0.05003303563822592,0.8321396225541796,1.2870044897561386,0.5208518016972762,0.42110229931576587,0.11868311720641363
2025-02-14 11:00:00,2.7895,2.6797,2.7291,0.17651868860743092,0.72729656680341,0.009990891690700554,0.4499088843434526,0.5670341941332112,0.48531547746590376,0.4456444325283573,0.1454950624009685
2025-02-14 15:00:00,2.7756,2.695,2.7542,-0.19131548181818175,-0.22185226660259463,0.0035765867763477566,0.7344912240085347,0.02046188318910844,0.5108154345211593,0.45451791880430786,0.16920581881095828
2025-02-14 19:00:00,2.8356,2.6917,2.7104,0.10275350203408713,-0.2178324918617195,0.01281239313179694,0.129951346077043,0.4647011874008245,0.500833357270635,0.48641906535244117,0.18562380737653034
2025-02-14 23:00:00,2.8335,2.7068,2.8237,-0.29507099292788486,-0.5029455434201453,0.003786287567495661,0.9226518608798863,-0.18299012381485746,0.5053426734338495,0.4959672022805082,0.2003647663310729
2025-02-15 03:00:00,2.829,2.7615,2.7635,-0.4021754434314445,-0.4977236233015052,0.006638896112272308,0.02962962524005869,-0.4536321929573203,0.45068662849615465,0.5127723438121559,0.21409219394066703
2025-02-15 07:00:00,2.818,2.746,2.8069,-0.3809575226834065,0.5764325395418014,-0.0031109326547505978,0.8458332158564995,-0.47013858744427517,0.5244843406414937,0.5048453116785495,0.22021040887463952
2025-02-15 11:00:00,2.8248,2.7577,2.7864,-0.3834694449113194,0.5775103135942448,0.0016066733471833405,0.42771975741881424,-0.37943437996582924,0.4973720552488649,0.5089265732652055,0.22481998680764725
2025-02-15 15:00:00,2.805,2.7385,2.777,-0.369086573932388,-0.21311096669602944,-0.009415012310001414,0.5789472813613108,-0.4410845191457293,0.5182066136348953,0.4849721927588504,0.22500680606634565
2025-02-15 19:00:00,2.7785,2.713,2.7471,-0.5006392046290506,-0.20902917422788844,-0.00987475142230243,0.5206106075403647,-0.6698734992514538,0.4907461953104859,0.46008465307252666,0.21990041415184153
2025-02-15 23:00:00,2.7988,2.7428,2.7789,-0.4829211278806497,-0.7754527951281807,0.014365969847335514,0.6446427420280856,-0.6171842609683018,0.5007340740605228,0.49593396954665747,0.21471301269987755
2025-02-16 03:00:00,2.8054,2.7668,2.7867,-0.5377992584485981,-0.77285360698385,0.003843347836846256,0.5155439078901832,-0.767986466649597,0.4612200414361322,0.5056625682938869,0.2117425248803191
2025-02-16 07:00:00,2.787,2.74,2.7453,-0.46857131913933875,0.5130549234918789,-0.010357616769974598,0.11276593345404971,-0.6926388468934175,0.4562755155391759,0.47934375013162184,0.20734124684624194
2025-02-16 11:00:00,2.77,2.6969,2.7266,-0.4085473267935241,0.5111393955066811,-0.009778818453852312,0.40629269407760676,-0.6124074226997558,0.4165498911110683,0.45475303180302645,0.19377134904885418
2025-02-16 15:00:00,2.7411,2.6879,2.7176,-0.48239694962192947,-1.1169519192701312,-0.005761342474210229,0.5582705717536539,-0.6167217201925282,0.4699424369385139,0.4404067044673322,0.17667065716996094
2025-02-16 19:00:00,2.7683,2.6995,2.7595,-0.4674660914808157,-1.1069452558092863,0.009515851651410001,0.8720928964981267,-0.6250737840372925,0.5153409576390183,0.463965623083052,0.1496378872815682
2025-02-16 23:00:00,2.7648,2.7177,2.7339,-0.4761216096344053,-0.2854430716990858,-0.0002682350665215161,0.3439489715607345,-0.650301582188153,0.5113825551476255,0.46329521941089363,0.12166996108331932
2025-02-17 03:00:00,2.7341,2.6546,2.6764,-0.14115171365838883,-0.28102040409992607,-0.019118973230044523,0.2742138019856874,-0.34775742398844584,0.4759758549057876,0.4155237183042787,0.10465435763689719
2025-02-17 07:00:00,2.7001,2.6357,2.675,-0.2710642216581407,-0.005156919263217564,-0.008054491507107575,0.6102483524459063,-0.4605706155706074,0.49860599165648184,0.3957831893745906,0.08649023064281981
2025-02-17 11:00:00,2.7323,2.6633,2.7151,-0.38762718209597474,-0.0016057285224449287,0.009986634572156872,0.7507245288805047,-0.5708237964193197,0.49081816225570996,0.4200620124865419,0.05790599754756446
2025-02-17 15:00:00,2.7251,2.6075,2.6258,-0.0945775922553841,-1.390945365875671,-0.018010790846755165,0.15561223166562652,0.002090488061736147,0.46720703798788443,0.375838128505471,0.07287182867901612
2025-02-17 19:00:00,2.686,2.6111,2.6519,-0.4500196272358781,-1.3772395909995558,0.0036189333220146835,0.5447262290085138,-0.6444346523903296,0.47104614115432597,0.3845640518993965,0.07824274994743137
2025-02-17 23:00:00,2.6699,2.6262,2.655,-0.48534777113234917,0.32163375078562906,-0.001432083789087324,0.659038750792042,-0.7305916426366346,0.47948576480182814,0.38109853445840614,0.08272090192169294
2025-02-18 03:00:00,2.6669,2.5491,2.5534,-0.18827047206453684,0.32423734131869764,-0.018987502461435213,0.03650254359061389,-0.26469478964284604,0.47417714676459227,0.3352162417111443,0.10651132275286936
2025-02-18 07:00:00,2.6097,2.5414,2.5883,-0.29447181983199644,-0.2623702470761656,-0.011266486603227488,0.6866763269873573,-0.37036935709921415,0.4978288487725881,0.3085083065586276,0.10878325579282096
2025-02-18 11:00:00,2.631,2.5629,2.5778,-0.35993618974050895,-0.257880614693816,0.009890412659924852,0.21879585627079867,-0.48809034764766424,0.4856246373403634,0.3316900169310657,0.11717246957616402
2025-02-18 15:00:00,2.5818,2.4693,2.5157,0.015391020012760916,-0.562076334146475,-0.03102994227252287,0.41244440778271796,0.2759658157177322,0.473740290707608,0.258240950465153,0.13106580974193974
2025-02-18 19:00:00,2.5601,2.4883,2.5465,-0.38285517123204327,-0.5563243475842412,0.0012630024350128721,0.8105848453224463,-0.47067453702580747,0.49801078836564133,0.261137759441703,0.1335601170950897
2025-02-18 23:00:00,2.5779,2.5192,2.5709,-0.3782430049879879,-1.6804342041944569,0.012587518046736967,0.8807494240631284,-0.5919390146125388,0.4909693920450026,0.29004482083627253,0.1320088708126545
2025-02-19 03:00:00,2.5724,2.5121,2.5465,-0.41937522002534855,-1.6614339523295711,-0.00545339634303299,0.5704808340827784,-0.6657691769276955,0.5062326978932639,0.27736352976833334,0.13628027092880418
2025-02-19 07:00:00,2.5846,2.5428,2.5752,-0.45565774945969156,0.4497187969883415,0.009534202728707086,0.7751194317896122,-0.6922119697941418,0.5275904112780209,0.2994133944768415,0.12991362376460977
2025-02-19 11:00:00,2.6322,2.5728,2.5824,-0.2801707286077379,0.45209720345814763,0.016210760749113984,0.161616134408055,-0.4825571124799617,0.5204501682093455,0.33726165987226037,0.12079155861328557
2025-02-19 15:00:00,2.692,2.5732,2.6513,-0.13714986154828107,-1.7675311000191847,0.01783563508165331,0.6574073520700874,-0.20442630246503538,0.5092221020669889,0.3795786676842093,0.1113877907435249
2025-02-19 19:00:00,2.7186,2.633,2.7043,-0.3908267436261201,-1.7463337969131407,0.009589326590532243,0.832943827927123,-0.48383853774417596,0.5115286802529787,0.40273619234738,0.10721699637257182
2025-02-19 23:00:00,2.749,2.6813,2.6912,-0.22082475635374368,-2.4873755087815135,0.016006072531223436,0.14623336096996106,-0.4140355368056654,0.4858841701915499,0.44176035170192796,0.10561142008894535
2025-02-20 03:00:00,2.7331,2.6844,2.6852,-0.3732510266855903,-2.445696449036466,-0.0031575309610469837,0.016427101349669456,-0.7058791146347558,0.5095178293534283,0.4339388040195655,0.09780230258129195
2025-02-20 07:00:00,2.7125,2.6701,2.7069,-0.4801100918336968,-0.2685703836113785,-0.006548233264997982,0.8679243236027572,-0.7474009189869815,0.49629206458004166,0.4177693351916521,0.09393115340536869
2025-02-20 11:00:00,2.7473,2.6762,2.6918,-0.32288925246803896,-0.2638756812039681,0.005625286760844617,0.21940925184117516,-0.5041879816044171,0.4977785342887883,0.4315688260972512,0.09556899545495963
2025-02-20 15:00:00,2.7283,2.6671,2.7121,-0.43999352838655437,0.1302148153390168,-0.003935832576268727,0.7352939975009806,-0.545392275950734,0.49710043319407654,0.42185945278495873,0.09781274123148435
2025-02-20 19:00:00,2.7199,2.6699,2.6859,-0.48436025330366933,0.13382747558527502,-0.0017763024168496733,0.3199999360000142,-0.7409317894980499,0.5424797837824796,0.4174947084782955,0.09618393632353381
2025-02-20 23:00:00,2.6998,2.6517,2.6568,-0.48530758659276607,-1.6639249432226983,-0.006870419651291648,0.10602908398563904,-0.7434688269537957,0.457793845378491,0.40064264675584016,0.0977919238201939
2025-02-21 03:00:00,2.6688,2.6396,2.6665,-0.4762537917226359,-1.6453762380502353,-0.007849461594738316,0.9212325612217264,-0.8118374754530578,0.5413072919085703,0.38152142832822117,0.0979914901871062
2025-02-21 07:00:00,2.695,2.6466,2.6757,-0.3941495045703765,-0.9860190974678403,0.006443661214573515,0.6012395451984437,-0.7092042406899675,0.5065868372493502,0.39709491891593474,0.0985640469527296
2025-02-21 11:00:00,2.716,2.6454,2.6685,-0.22372957455032855,-0.9772717365288905,0.0030768704188361973,0.3271954210771334,-0.43494616048731854,0.4923895416575817,0.40457923191170425,0.09587317780839094
2025-02-21 15:00:00,2.6981,2.5539,2.5756,0.774748541343591,-2.1348297261160996,-0.02456716903336209,0.15048542645732157,0.5155009526699956,0.47133700068754636,0.344637116532538,0.10018306070820059
2025-02-21 19:00:00,2.5833,2.5076,2.5638,0.1328431062717665,-2.1039940849334733,-0.027239130377487597,0.7424041291408036,-0.22333556996640905,0.4889512551242278,0.2798083798455168,0.10176405012112695
2025-02-21 23:00:00,2.5987,2.5505,2.5733,-0.5194001454936451,-1.0880379625958214,0.013128540375361819,0.4730289475043707,-0.7022861657161439,0.46957399904790587,0.31020300954151525,0.09461818921822716
2025-02-22 03:00:00,2.5881,2.5599,2.5855,-0.8823668983490376,-1.0783035144897364,0.0004324605718253327,0.907801096524444,-0.8403359134406961,0.42210380284918264,0.3112173680597102,0.09036487788030198
2025-02-22 07:00:00,2.5967,2.5641,2.5858,-0.8597246308222151,-1.2423336662902487,0.0026104219565623588,0.6656439675938773,-0.82243682506823,0.49340207429986926,0.3173428949499634,0.0890891728213923
2025-02-22 11:00:00,2.5997,2.5784,2.5831,-1.1278123576170158,-1.230918649190606,0.0020821665746739715,0.22065717340039404,-0.8643483820653132,0.4635245750197415,0.3222415901940634,0.08519128854479399
2025-02-22 15:00:00,2.6099,2.58,2.5906,-1.0601675227324803,-0.9536078193406536,0.002614132781124434,0.3545149316003475,-0.804735377852417,0.513121401562979,0.3284046435587965,0.08360258869687175
2025-02-22 19:00:00,2.5937,2.5678,2.5818,-0.9782981825221191,-0.9451213969490859,-0.0054801725753238495,0.5405403318377009,-0.8972310271001349,0.4221219059422275,0.31545086877244005,0.083941473432551
2025-02-22 23:00:00,2.5839,2.5408,2.5439,-0.8757674722045494,-1.5490532738161535,-0.007699294112612498,0.07192573737221608,-0.7892705746095534,0.4828532583566557,0.30002157544394414,0.09174782399655684
2025-02-23 03:00:00,2.5714,2.5413,2.5655,-1.1022376659484285,-1.5329437032579756,-0.0007263026075849943,0.8039864438583239,-0.8430641256986608,0.5408314448329204,0.29831211523946444,0.0905929343221201
2025-02-23 07:00:00,2.6016,2.5645,2.5732,-0.8526347379447871,-0.7780506563372441,0.008845652022437367,0.23450128450100474,-0.7783689583354301,0.44863726602239834,0.31911653935248446,0.08937395273197293
2025-02-23 11:00:00,2.5784,2.5462,2.5526,-0.9847654565127094,-0.7708136779942412,-0.008361112688344607,0.19875770224916645,-0.7846353382881127,0.44392956147278995,0.31085760675237956,0.09035353946561525
2025-02-23 15:00:00,2.5659,2.5201,2.552,-0.8368395711436791,-0.2046753486319493,-0.00591993389850809,0.6965063981427092,-0.7331332740689424,0.47159812110815214,0.29638962287507353,0.08666923130797254
2025-02-23 19:00:00,2.574,2.5415,2.5645,-1.1319592388134947,-0.20159690123571555,0.006243411869457871,0.7076920899408912,-0.8588506362957345,0.49390102968772337,0.31155783904945156,0.08195721663065941
2025-02-23 23:00:00,2.609,2.538,2.5391,-0.6204899275155753,-0.614175180854135,0.004107362674086401,0.01549295556437384,-0.6127627867255416,0.5025675307603225,0.32159887740144355,0.07501822124986786
2025-02-24 03:00:00,2.5395,2.4424,2.4916,0.979992594575436,-0.6150030320210549,-0.032435388449339686,0.506694077580425,-0.17922194311023254,0.48382415085193137,0.24198022386188656,0.07664721188640135
2025-02-24 07:00:00,2.5007,2.433,2.4672,0.11928502923181004,-0.8700292933476383,-0.0084672438389235,0.5051697924416861,-0.45227549338672607,0.5045867047371158,0.2218699600497501,0.08319664133407123
2025-02-24 11:00:00,2.4984,2.426,2.4303,-0.22833140280555903,-0.8633781865914696,0.0004105410132921872,0.05939225699001627,-0.40728367292047596,0.49990394596375093,0.22283676600547608,0.09233991678222374
2025-02-24 15:00:00,2.4764,2.402,2.4449,0.7002527073253983,0.6949026109008138,-0.011931370818463183,0.5766128257240833,-0.13193035416971496,0.4721230456474683,0.19472737932853154,0.09075898509035316
2025-02-24 19:00:00,2.4514,2.2336,2.2656,3.406594883064497,0.6953854950551654,-0.03585733743509689,0.14692377654160818,0.7902845408792463,0.45544551342142925,0.11125819389955172,0.13944062021719925
2025-02-24 23:00:00,2.3367,2.211,2.3175,2.5615980287355953,1.0275366637442387,-0.02315838449344565,0.8472553025254327,1.2346921890081368,0.4947088262536893,0.05928281096302462,0.15790971301477721
2025-02-25 03:00:00,2.3252,2.2338,2.25,1.5599545141724003,1.0239011217850054,-0.008236214171907119,0.17724286901062666,0.38662511175873643,0.4765678965745623,0.04122599290267089,0.19311929236867367
2025-02-25 07:00:00,2.2571,2.0684,2.1297,5.0,-1.1891827520299783,-0.05439449031557442,0.3248542488153561,2.9702866605925378,0.4728296847227168,0.0,0.25443964775142686
2025-02-25 11:00:00,2.2794,2.0637,2.1744,4.504352101113564,-1.178403817954926,0.016794615334321916,0.513212771756478,1.483224954153989,0.5081635101478472,0.03206034615712002,0.2745123371736238
2025-02-25 15:00:00,2.25,2.1562,2.2108,1.358178096936003,-1.6399106453330923,0.00593309443929213,0.5820894901823553,0.6501430348418349,0.5183327215019244,0.043576637541856554,0.28227423311714855
2025-02-25 19:00:00,2.3663,2.1838,2.3329,1.1842211519194157,-1.6222587988572683,0.04059124787538981,0.8169862566034931,0.09846563943436015,0.522623361431278,0.12283277127234796,0.26417433509197047
2025-02-25 23:00:00,2.3583,2.2634,2.3195,0.31346940013018015,-3.900761586876975,0.007424026745079582,0.5911485151582204,-0.25866066439362756,0.4783861987616914,0.13791689814408845,0.26038957760822323
2025-02-26 03:00:00,2.3314,2.2772,2.3019,-0.35192823165469816,-3.762135948673353,-0.0017700298129317282,0.45571947311448485,-0.47743805599251526,0.46026718087580537,0.13429385475958122,0.2566385815232211
2025-02-26 07:00:00,2.3226,2.2644,2.3138,-0.014587815634031926,-0.06942120660790461,-0.0029418239532145174,0.8487971050176805,-0.43971617553020265,0.4891443272723579,0.12828294458914055,0.25056123967798466
2025-02-26 11:00:00,2.3181,2.1948,2.2594,1.2015942456527278,-0.06719366533885796,-0.024015802374210415,0.5239253427473365,0.1087401667083718,0.4665496637050184,0.07935678155254153,0.2505700322409677
2025-02-26 15:00:00,2.304,2.1507,2.1669,1.607320296316437,-0.13587457225918725,-0.005154109636759774,0.10567513987768179,0.6621999093741933,0.4688262765957594,0.06910874901701772,0.25968220674927023
2025-02-26 19:00:00,2.2472,2.1542,2.2147,0.9900835536919443,-0.13096992329275978,-0.015418235214952114,0.650537564458329,0.5877930946329643,0.5001800094619129,0.04072731033597744,0.24527892729861517
2025-02-26 23:00:00,2.2276,2.16,2.1813,0.09918695782022872,0.31931223380602614,-0.0018276815862867668,0.3150887107856901,-0.09795258483915954,0.4828645206804264,0.03697259351137382,0.23865370332804184
2025-02-27 03:00:00,2.2395,2.1717,2.2248,-0.26545260050087166,0.32327396024809085,0.004495381421024902,0.7831857251938471,-0.4197563957647079,0.531387348110529,0.04619084857013018,0.2121349042874556
2025-02-27 07:00:00,2.2568,2.2018,2.2565,-0.20877643842100166,0.47924472572306914,0.010938014489157988,0.9945452737190377,-0.5027634831323986,0.510746157147644,0.06872123354890873,0.18469722685808487
2025-02-27 11:00:00,2.2577,2.1819,2.1832,0.05966621996501626,0.4827775579569038,-0.0015018742481779368,0.017150393515774482,-0.16338948813559406,0.48268387440522226,0.0655937990920926,0.17373640677777147
2025-02-27 15:00:00,2.2375,2.1668,2.2237,-0.21420639413909415,-0.03221038984987683,-0.010861053671187615,0.8048089384994456,-0.2852816643722846,0.5004495844098072,0.043011203367790296,0.15006772308381885
2025-02-27 19:00:00,2.2237,2.1453,2.2013,-0.013955985638682186,-0.029005840096793224,-0.011430524145196408,0.714285623177851,-0.20560620665243512,0.5004564970523846,0.019502680180549768,0.13450352785132152
2025-02-27 23:00:00,2.2085,2.0239,2.056,2.1955742467090285,-0.4020310368741476,-0.0380584389712898,0.17388948137110188,1.0347624028010125,0.4873008056770287,0.0,0.13766503260375645
2025-02-28 03:00:00,2.0793,1.9828,2.0058,1.7231920483365177,-0.4010181511735014,-0.03270214264181148,0.23834194421326904,0.8896469026868108,0.5027770729593249,0.0,0.17138868032547694
2025-02-28 07:00:00,2.0603,1.951,2.0274,0.9433174962647786,0.3109872655381523,-0.005097436471992345,0.6989935316565864,0.3532499377244378,0.4800826031011631,0.0,0.18190791770203038
2025-02-28 11:00:00,2.13,2.0068,2.1046,1.1045073729054073,0.3151560403295314,0.02897468945086268,0.7938311043968267,0.45851574101705767,0.4932657813766154,0.04819802778074912,0.1784808803040781
2025-02-28 15:00:00,2.1646,2.0988,2.14,0.4767872120359892,-1.760129478114158,0.0328592273288828,0.6261397224711667,-0.07337416814988056,0.49177873503313657,0.10444155085394773,0.17488159051038624
2025-02-28 19:00:00,2.159,2.1217,2.1369,-0.5501335122061214,-1.7401112535627068,0.0018322840729256828,0.40750659316176574,-0.54472682608642,0.47173103004367856,0.10768083548303882,0.17664342532315658
2025-02-28 23:00:00,2.2176,2.1216,2.1896,-0.2692299723147147,0.707622098605983,0.010900045373487321,0.7083332595486188,-0.4681092677734313,0.508016779765873,0.12698627227841702,0.17222637808074312
2025-03-01 03:00:00,2.2199,2.1716,2.1839,-0.4943147598159963,0.7105200673667912,0.013907661305847974,0.2546583323688713,-0.5810984344136941,0.4523388203279965,0.15680477477722896,0.1616409544498656
2025-03-01 07:00:00,2.1938,2.1516,2.1607,-0.6755737963611788,-1.4447071237392994,-0.010020569628451659,0.21563975932706433,-0.7039377870448156,0.440482087780462,0.13802506949907034,0.1525867900561774
2025-03-01 11:00:00,2.1719,2.1214,2.1471,-0.5808694693850863,-1.430667712749003,-0.012429729115478017,0.5089107903146962,-0.6040107429646974,0.4094708806102816,0.11496374763312754,0.1437078571557019
2025-03-01 15:00:00,2.1632,2.1358,2.1592,-0.8272075971574037,0.3406231814236881,0.001300628719134167,0.8540142868560976,-0.6599621346253828,0.4555663400202316,0.11734685648819912,0.12817458244721583
2025-03-01 19:00:00,2.2094,2.1569,2.1916,-0.6235146090397231,0.34365695832266063,0.015119772441941182,0.6609522550567182,-0.6596967948938071,0.46498838648597907,0.14508646226423838,0.11990162915839563
2025-03-01 23:00:00,2.2658,2.1735,2.2584,-0.34268437171572896,-0.6807790915620833,0.016480973715058633,0.9198265525648364,-0.447165764090511,0.4994380537020746,0.17578058204676736,0.12299542328737899
2025-03-02 03:00:00,2.2851,2.2392,2.2842,-0.5799719247139724,-0.6773316497370607,0.01914692065365009,0.9803919432697265,-0.49395404121126524,0.515790556422557,0.21202745189710898,0.1292418359865407
2025-03-02 07:00:00,2.2986,2.2528,2.2658,-0.6119441205392704,-0.5618500926236406,0.003904758630431493,0.2838427327854283,-0.5698732152248236,0.4421718069879368,0.21956105195837508,0.13608047812974605
2025-03-02 11:00:00,2.282,2.2202,2.2263,-0.40399607815904354,-0.5579917151932027,-0.006074136402720698,0.09870548564636168,-0.5263030355567647,0.4607857842332708,0.20779622833542621,0.13859692829900447
2025-03-02 15:00:00,2.999,2.2231,2.7927,5.0,0.9040030006219811,0.20307669279446272,0.7341152115721713,5.0,0.5148113184353178,0.5987405902239648,0.22738081640786403
2025-03-02 19:00:00,2.9453,2.7848,2.91,0.7264497074364625,0.9060711122171243,0.05763573324798332,0.7800622566939409,0.8676772837657141,0.5153029166741379,0.7362080979894815,0.30909297414974024
2025-03-02 23:00:00,2.9676,2.7625,2.8108,1.1246100614546548,1.1460128522174535,-0.0023312209274441997,0.2354948690641206,1.4517343389315887,0.46842740259037885,0.7304666419166321,0.36892664714690426
2025-03-03 03:00:00,2.8236,2.652,2.6767,0.5204183431597078,1.1460128522174535,-0.03695952426551519,0.14393938555131644,0.3476297652069555,0.45887304421201935,0.6396529425332809,0.41045019651031484
2025-03-03 07:00:00,2.696,2.5259,2.6642,1.3939867713264746,1.137475563512357,-0.048827156194487076,0.8130510985860611,1.1959699409994078,0.5321237166219391,0.5241133141855967,0.422489952880892
2025-03-03 11:00:00,2.7159,2.555,2.5633,1.0879143188089153,1.1290279129793905,0.011229441139318785,0.05158483209540982,1.0124675352735422,0.46525003664814135,0.5493880788872276,0.43154053475904414
2025-03-03 15:00:00,2.6439,2.4437,2.4737,1.3643632336303657,-0.7580303577515232,-0.03807117029827811,0.149850142365127,1.2909253483300092,0.4940206648057294,0.46273681324291355,0.43246996931567633
2025-03-03 19:00:00,2.4987,2.2976,2.4067,2.080735807041789,-0.7542959299584212,-0.0602729558731665,0.5425161341364421,1.5192837409117623,0.4763074177392423,0.3307762638962733,0.43260297944454834
2025-03-03 23:00:00,2.4225,2.2123,2.2904,0.8803667064039954,-0.1880827136639988,-0.03662476902686984,0.371550886224982,0.42298599525196295,0.48394475236592677,0.2554236634837892,0.44541358623171196
2025-03-04 03:00:00,2.377,2.2741,2.3231,0.19822680061408965,-0.18267231626529115,0.007299184981057527,0.4761904299134702,-0.19668021715978704,0.5351110276388068,0.2698911536546171,0.42813805157895723
2025-03-04 07:00:00,2.4081,2.3018,2.3926,-0.03595489987019315,-0.34727457090207675,0.010000047859363592,0.8541861849307419,-0.2747018971065126,0.5290917499838204,0.28985661670494695,0.4075109554373176
2025-03-04 11:00:00,2.5262,2.2887,2.3663,1.2804304109260805,-0.3414927102424689,0.017937451745282162,0.32673682834792284,0.8740416271675584,0.47220252586288103,0.32602752784104133,0.402711949833189
2025-03-04 15:00:00,2.4954,2.3087,2.4939,1.163230665483788,-0.6013282990782098,0.001495177148404414,0.9919656672755398,0.7658917890381002,0.49284703213870096,0.3290966377890729,0.370207364637287
2025-03-04 19:00:00,2.5388,2.4273,2.4497,0.25898277787047175,-0.5947703510354803,0.03736593430564916,0.2008968429688941,0.08456707613449316,0.47191191413825756,0.4059113670491936,0.3602960522930402
2025-03-04 23:00:00,2.5409,2.4335,2.5076,-0.2864134906085725,-1.6863923621525108,-0.0026215135389754396,0.6899440698376094,-0.2342698354663331,0.49797220478956816,0.40032084009771257,0.3349568867009051
2025-03-05 03:00:00,2.5238,2.408,2.4428,-0.13173649416558833,-1.6684035612208583,-0.010494514273090227,0.30051810876354956,-0.2847123826603396,0.48111654420035566,0.37799936047485594,0.32731212453576963
2025-03-05 07:00:00,2.5399,2.4316,2.5125,-0.16199995076007925,-0.7478205549569157,0.015642476367140112,0.7469990076639912,-0.23165797508267422,0.5232825164512115,0.4109212194689943,0.30730084717083456
2025-03-05 11:00:00,2.515,2.4462,2.4532,0.016511257657367953,-0.741968030785139,-0.005033784129426566,0.10174417125810994,-0.13337185865814238,0.49620994950050507,0.40016116955729214,0.30494527468902055
2025-03-05 15:00:00,2.5064,2.4188,2.5022,-0.1360460487442457,-1.9299563314417039,-0.00677059498967203,0.9520546858385065,-0.07417147954486199,0.49817174397410663,0.38576142232586397,0.2855903663689909
2025-03-05 19:00:00,2.5173,2.4883,2.5093,-0.5212909965170881,-1.9065817763050597,0.016211133627913155,0.7241376813318329,-0.6360892365689822,0.4706285151399669,0.4200059347777918,0.2637785870361229
2025-03-05 23:00:00,2.5484,2.4707,2.5231,-0.3438892903325756,-0.23585001657604746,0.0018452509674544704,0.6743885875947756,-0.42466000799756465,0.5256456826808784,0.423967045591896,0.24291740903115477
2025-03-06 03:00:00,2.5549,2.5013,2.5021,-0.352513058330742,-0.24324704105146233,0.00667706081412911,0.01492537034974273,-0.5495827275216694,0.5477071117079126,0.4383268169879777,0.1943368017806418
2025-03-06 07:00:00,2.6461,2.5007,2.6313,0.11902929888089547,-0.7084858213153098,0.021794902668832883,0.8982117676608128,-0.0727385411099957,0.5474422152029437,0.4855121800115147,0.15493478478254133
2025-03-06 11:00:00,2.6406,2.5464,2.582,0.08308735284746287,-0.7022351707329014,0.005167351911645746,0.377919280475657,0.0731208636434537,0.46959706013661845,0.49694317772466623,0.14629370670134023
2025-03-06 15:00:00,2.64,2.5265,2.5674,0.1773427803005082,-0.1762133256315938,-0.0016209846364378944,0.3603523911583805,0.06536046155195874,0.5131566929844689,0.4933387744845721,0.1349626914770782
2025-03-06 19:00:00,2.6262,2.55,2.594,-0.3469787610303163,-0.170406405655287,0.0034508403466013693,0.5774277457443905,-0.36003761423140473,0.5153460828611727,0.5009995861193428,0.1365153882134826
2025-03-06 23:00:00,2.6217,2.3737,2.4844,1.3159045175965653,-1.291659921193247,-0.04792016493817086,0.44637094974310654,1.1707505142786945,0.4962656687402472,0.4108663399967533,0.14256430091600306
2025-03-07 03:00:00,2.5186,2.467,2.4872,-0.36695776897325855,-1.2801797891795732,0.007440507581364164,0.39147279235023325,-0.4721764673825754,0.501995304234998,0.4273119619002765,0.1399359301757354
2025-03-07 07:00:00,2.5699,2.4819,2.5411,-0.38025178292642003,-1.5844205421176247,0.013764625523239538,0.6727271962810015,-0.3936341245085735,0.5108520968391252,0.45796203732025653,0.11874211133599576
2025-03-07 11:00:00,2.557,2.4902,2.5329,-0.05082276561194882,-1.5688030283990795,0.0014691473798511545,0.6392214611943939,-0.0763026303138737,0.4842958242034073,0.4612784582298227,0.10152001501056758
2025-03-07 15:00:00,2.555,2.3839,2.5073,0.7007709001143033,-0.5695661864867575,-0.029131688943439205,0.7212156212030596,0.6270853308965839,0.4920450094655101,0.3954206128420421,0.09367814101037181
2025-03-07 19:00:00,2.5347,2.3435,2.3962,0.2974556168120403,-0.5694531930628492,-0.008577379847570787,0.27562760064709096,0.07778359799058182,0.479630778882849,0.3765946662068335,0.09206913085939161
2025-03-07 23:00:00,2.4106,2.3385,2.3604,-0.39903423582629916,-0.8736705489361755,-0.024769463709950035,0.30374475676216894,-0.44878063490680536,0.4807234502689172,0.3226960509890689,0.10947766817555876
2025-03-08 03:00:00,2.3758,2.3274,2.3592,-0.5579693862418338,-0.866535500828401,-0.009903417312820073,0.6570246576395345,-0.6106811616052625,0.43330579335324243,0.3016798905677287,0.12112375603909553
2025-03-08 07:00:00,2.3747,2.32,2.3398,-0.629864620263563,-0.2891697878400363,-0.001155221264054651,0.36197433967562437,-0.6783251321684106,0.47463560335132415,0.2992526600109325,0.13648303182585175
2025-03-08 11:00:00,2.366,2.3013,2.3507,-0.5856150578009993,-0.28421011382680894,-0.004908570139828816,0.7635238387134675,-0.5390089656782363,0.4863994447608673,0.28895119809159,0.14507976867096845
2025-03-08 15:00:00,2.3656,2.3106,2.3389,-0.6150815939149398,-0.2796981522941998,0.00022854350807532953,0.514545360991755,-0.4684012141850123,0.45650385435733426,0.28942848083863326,0.1558701537829971
2025-03-08 19:00:00,2.3635,2.3271,2.3425,-0.706804604685154,-0.2734998689248979,0.0041778041115894116,0.4230768068470212,-0.6389279562482248,0.5257403303905642,0.2981552635599093,0.1638740286866959
2025-03-08 23:00:00,2.351,2.3104,2.3118,-0.6543250178816348,-1.6625701154018797,-0.006643007985099647,0.034482750127397675,-0.5868202593215887,0.4992657924207407,0.2842210814461853,0.17670080527091556
2025-03-09 03:00:00,2.343,2.3055,2.3204,-0.6964174540660205,-1.645935489842814,-0.0024137955306212655,0.39733322737780274,-0.6435349956154548,0.442703534814754,0.28134359786519975,0.18320194344476948
2025-03-09 07:00:00,2.3439,2.2399,2.2499,-0.3475298917857178,-0.009166936273464571,-0.015040793851988421,0.09615383690828279,-0.360839912341239,0.41368705763009056,0.25631795635261506,0.20293061741373883
2025-03-09 11:00:00,2.2644,2.1637,2.2115,-0.044274520508158166,-0.0029006051355921735,-0.03162078050463524,0.4746772120479428,0.0027780699111318264,0.4557123223468198,0.18938849893807533,0.2240980220836998
2025-03-09 15:00:00,2.2196,2.083,2.1256,0.4572610254013557,0.28223495443837254,-0.032003197332615474,0.31185942080091994,0.7808694788883354,0.46640926385840137,0.12379156365193592,0.24665075495375546
2025-03-09 19:00:00,2.2062,2.1153,2.133,0.01608475165715065,0.2885804227027651,0.008679400080586541,0.19471945052591363,0.11206641779721396,0.4931923659813612,0.1447078529037797,0.2562031713915855
2025-03-09 23:00:00,2.2013,2.0872,2.1826,0.05066759986165155,-2.2497264884081343,-0.0068136926995059355,0.8361086033208938,0.23525391277721705,0.4848846117819653,0.1330421364382983,0.24849653069092656
2025-03-10 03:00:00,2.2037,2.1615,2.1794,-0.443475756448152,-2.2187316173011005,0.01645166538890308,0.42417051559939606,-0.47669936007042857,0.5075435648837041,0.16719754733063724,0.2371878575638971
2025-03-10 07:00:00,2.2613,2.1291,2.1801,0.08061224016029003,-0.49022550486057553,0.0022630235041543045,0.38577909336012794,0.2234153494587888,0.4840904263623021,0.17219846875367878,0.23662972144053573
2025-03-10 11:00:00,2.226,2.0669,2.0929,0.23137372747235058,-0.49185920389388094,-0.022490761179887575,0.1634192229151981,0.5819796554922114,0.4778494946040034,0.13155382844996816,0.2533490980897245
2025-03-10 15:00:00,2.1533,1.995,2.0011,0.5456415418556763,-2.0424673010055137,-0.03247512727126689,0.038534425866429134,1.200419590561731,0.46398669749820715,0.060944733884072,0.27266405450028425
2025-03-10 19:00:00,2.0963,1.9925,2.0472,0.08947872362852412,-2.0178211594569695,-0.0070895994534635465,0.5269749010621507,0.34114444373419267,0.4953897273017948,0.04621565717670555,0.25668196633415197
2025-03-10 23:00:00,2.0646,1.9,2.0357,0.7440817478792056,-1.7797878396986355,-0.037807992819004155,0.8244227931699388,0.7087770688039604,0.4801445560933365,0.0,0.2460566921724372
2025-03-11 03:00:00,2.1314,2.032,2.0839,-0.25978066669056377,-1.7671076598715139,0.054600718231101464,0.5221327442522365,-0.3065388840202576,0.5101611564319612,0.11746893831500918,0.23529506024026503
2025-03-11 07:00:00,2.1544,2.0817,2.147,-0.3701052140176505,-0.8758244482706246,0.016541141977332696,0.8982117058855963,-0.48776151159928527,0.49432838848835997,0.15772710242301038,0.2202628874849868
2025-03-11 11:00:00,2.1646,2.0559,2.0766,0.3932070537622707,-0.868692342278606,-0.006211634818080292,0.19043236518561607,0.10834556914586889,0.49833184184625545,0.14314831824041294,0.22201075722688368
2025-03-11 15:00:00,2.1996,2.0728,2.1817,0.12283574275895882,0.6623111605543445,0.01162010678635994,0.8588327398396893,-0.3689942489824026,0.529545831851833,0.17270809168726184,0.20084111598351947
2025-03-11 19:00:00,2.2138,2.1743,2.1948,-0.43301515935332113,0.668546941258461,0.028226932025502194,0.5189872103829799,-0.6897669088976075,0.486143012103954,0.24027161741818562,0.18592650370377045
2025-03-11 23:00:00,2.2464,2.16,2.1958,-0.3635594030208852,-0.535507887986554,0.002309161724651787,0.4143518038944687,-0.5857595569401075,0.5081614780011097,0.24595480449968052,0.17199905418328756
2025-03-12 03:00:00,2.2097,2.1432,2.1599,-0.4197626973770475,-0.5287761561050205,-0.014170968723335786,0.2511277817852917,-0.45136148772640133,0.4936730185197166,0.21099742720438827,0.15674963620109286
2025-03-12 07:00:00,2.2372,2.1586,2.179,-0.354526008490915,-0.14424578526055734,0.014416528432432685,0.25954195171221883,-0.34418438697389,0.4951964940112292,0.24605659464614318,0.14054341948694377
2025-03-12 11:00:00,2.2769,2.1524,2.1676,0.09839339831980252,-0.13831395921097456,0.008850395191726035,0.12208834360736295,0.6497950864863428,0.4966351986042661,0.2678899199716907,0.12059418866821976
2025-03-12 15:00:00,2.2544,2.1333,2.2326,0.12768620877726067,-2.0564815467022535,-0.005806929546601114,0.8199834170121054,0.5915891952190162,0.5064100410236839,0.2534378336165662,0.11454906275555346
2025-03-12 19:00:00,2.2468,2.212,2.2294,-0.5903006780116999,-2.0567342363938463,0.012356571829685192,0.4999998563218803,-0.41288133496982804,0.5190649475582956,0.28401186597474776,0.11679905631568262
2025-03-12 23:00:00,2.2588,2.2214,2.235,-0.6080283180260285,0.6657083660645516,0.003684959351335504,0.36363626640741215,-0.5427511154973915,0.5080873158502716,0.2932422746712745,0.12211301621306431
2025-03-13 03:00:00,2.2539,2.2176,2.2292,-0.6283158412239613,0.6588067997634434,-0.0025919318584598505,0.3195591406173201,-0.7435130373810597,0.5060054319003127,0.28672585231198044,0.12661096402839617
2025-03-13 07:00:00,2.2889,2.2137,2.2687,-0.42889388032979453,-0.15771130633324193,0.007365915189105676,0.731382881465043,-0.5582761173519128,0.5460925932105226,0.3051966323470463,0.1323001206148174
2025-03-13 11:00:00,2.347,2.2598,2.3205,0.25885909188404793,-0.15839909879125058,0.024976682888544044,0.6961008376031159,1.01056427472827,0.4858320943962222,0.36828953883566473,0.14396694455153305
2025-03-13 15:00:00,2.3271,2.2151,2.2627,-0.0665152627641774,-0.8010969277544037,-0.01815374896771904,0.4249999620535752,0.5780225436294989,0.4798743122282291,0.32128648386063197,0.15274623813926236
2025-03-13 19:00:00,2.2689,2.2185,2.2677,-0.6656143011459614,-0.7936397083866592,-0.010979771129284721,0.9761902825019305,-0.46920694086787673,0.5322984030381143,0.2933741253962496,0.15406541387228972
2025-03-13 23:00:00,2.3008,2.2371,2.2955,-0.47261394876130675,-0.9017710842763506,0.012268483607139391,0.916797344301829,-0.3997479499474596,0.5173358717528249,0.32422015761817735,0.1410106091906989
2025-03-14 03:00:00,2.32,2.2779,2.2868,-0.4498041049084034,-0.9063206934640732,0.010924317071883571,0.2114013749640469,-0.4808682085053764,0.47382155913943047,0.3520235912596701,0.13325920558247595
2025-03-14 07:00:00,2.3322,2.2809,2.3218,-0.665246081298079,-0.4105443090417793,0.007429464405974473,0.7972707997522853,-0.5488167380733764,0.4925045514235279,0.3711388546340832,0.12026636141526253
2025-03-14 11:00:00,2.3464,2.2965,2.3333,-0.31902832544884063,-0.4085897306905158,0.005974000341503638,0.7374748021092561,-0.05738184983086055,0.483536481243907,0.38662355020317085,0.11492302291919075
2025-03-14 15:00:00,2.3893,2.3332,2.349,-0.3165995961265519,0.7710197388202632,0.01627555914226342,0.2816398784955669,0.22939007419081556,0.5074174892246192,0.42906205773999045,0.11778876818390215
2025-03-14 19:00:00,2.3727,2.3313,2.3683,-0.7451961853790632,0.7637036576494816,-0.004808627951908173,0.8937195908889883,-0.5924642178846304,0.5141786861562534,0.4163194931809955,0.10736532389063767
2025-03-14 23:00:00,2.4107,2.3525,2.4029,-0.6836112935679787,0.17445651083168803,0.013521698305855034,0.8659792326496154,-0.4812554084894239,0.5239479509433517,0.4519788503559496,0.11538799088321593
2025-03-15 03:00:00,2.4751,2.3999,2.4169,-0.34546567576972903,0.17012713943812702,0.022939867546706072,0.22606379972555815,-0.13343881018123707,0.5289710050894232,0.5132937786933012,0.12417453109271642
2025-03-15 07:00:00,2.4205,2.3734,2.4093,-0.5320821514130639,0.824755380256192,-0.015390757539266553,0.7622079061129686,-0.42166695535059184,0.493269546279948,0.4712128398594193,0.1297024306392076
2025-03-15 11:00:00,2.4539,2.402,2.4234,-0.6218651336270612,0.8299310843210103,0.012172690547750609,0.4123313271037892,-0.4683936070976483,0.5098635645304871,0.5039828000413318,0.1284362013526122
2025-03-15 15:00:00,2.4386,2.3941,2.4063,-0.7164543226732787,-0.9247445938271638,-0.004642885693898369,0.27415724176241607,-0.5844103451391287,0.48619657813863965,0.4913315936999176,0.12597947198906015
2025-03-15 19:00:00,2.4187,2.3935,2.4026,-0.7611870098450562,-0.922816320265581,-0.004334938954623779,0.36111096781311386,-0.6938343406264482,0.515166939354171,0.47957434084208345,0.11712149815681461
2025-03-15 23:00:00,2.4109,2.3627,2.371,-0.6142219414014295,-1.2136628321577854,-0.009179002715157147,0.17219913439852383,-0.4413867944161554,0.4333322033690339,0.45478690299295327,0.11427637209764209
2025-03-16 03:00:00,2.396,2.368,2.3892,-0.8143423595044442,-1.2040142366069635,0.00024956968353118114,0.7571425867348015,-0.7725474581453338,0.5412682027730561,0.4554546672509281,0.10814734729471609
2025-03-16 07:00:00,2.3897,2.3374,2.3481,-0.6150903448985423,0.38088224559907546,-0.010182740980023697,0.20458887101551174,-0.5492658667872043,0.48044535754497514,0.42820228879675076,0.10201100806549276
2025-03-16 11:00:00,2.3505,2.2677,2.302,-0.15373362262927343,0.3771668774429273,-0.024552471620860827,0.41425115769913673,0.1108129365059341,0.4600387461749305,0.3631608777464584,0.09475750634160941
2025-03-16 15:00:00,2.352,2.2829,2.3198,-0.41726271097360634,0.31311143068891006,0.007985456253619905,0.5340086057874647,-0.11264670003911047,0.507880963036743,0.3837955884409407,0.08929103317021615
2025-03-16 19:00:00,2.3208,2.284,2.2898,-0.6362495805197355,0.31436619912261254,-0.008145684197312875,0.15760865282374076,-0.4678256507817025,0.43546719378232446,0.3625787590494786,0.09282488019789942
2025-03-16 23:00:00,2.346,2.2828,2.3422,-0.6108521727393801,0.004916777007714381,0.00770268799720486,0.939873269007394,-0.5787517880310478,0.539205118563746,0.38247830236022506,0.08406647907857802
2025-03-17 03:00:00,2.37,2.307,2.3294,-0.5592272045654004,0.001873155616543016,0.009566275462073559,0.35555549911817697,-0.6064352885269023,0.4903035302090961,0.4073827034469789,0.0780143484530563
2025-03-17 07:00:00,2.3557,2.3201,2.3308,-0.625942709350378,0.37458180169234706,-0.0011200524051669936,0.30056171332535886,-0.6153570248814496,0.517798610406873,0.40443891635057166,0.07488072153892235
2025-03-17 11:00:00,2.3679,2.3069,2.3227,-0.42113449924678836,0.37633211132199035,-0.001981581409153166,0.2590163509809269,-0.15907283440870917,0.48171515796259584,0.39923664180169277,0.07105651520088295
2025-03-17 15:00:00,2.3788,2.3111,2.3738,-0.43639825386696707,-0.8696070561578578,0.00632117105839658,0.926144619476424,-0.3976555484822956,0.48987376829083334,0.4157988198255309,0.06812228749786986
2025-03-17 19:00:00,2.3776,2.3371,2.3479,-0.6534392643517031,-0.8632333604458514,0.0019031433814367116,0.2666666008230637,-0.6863896372220359,0.47827354742501343,0.42081678940236567,0.06818036051608908
2025-03-17 23:00:00,2.3481,2.2803,2.2997,-0.4472924123131695,-0.4532858129297244,-0.019097186952435896,0.28613565101244176,-0.48079698148349376,0.4971115121782687,0.3703678949100626,0.07363056322943035
2025-03-18 03:00:00,2.3015,2.2432,2.2526,-0.3282694690356248,-0.44875613165445893,-0.014257796448742033,0.16123496376759272,-0.47265398627373223,0.48053769021937537,0.3334224718183303,0.08622546733661647
2025-03-18 07:00:00,2.3052,2.2514,2.2724,-0.48785883364358723,-2.3406964995718145,0.001788450567129729,0.3903344999378297,-0.5426923101531961,0.4685320431798212,0.3379907077528601,0.08867769496931469
2025-03-18 11:00:00,2.2761,2.225,2.2582,-0.32831307279610483,-2.302516747244057,-0.01365879626035238,0.6497063307815389,-0.1738799921945033,0.5022220195969982,0.303039673438887,0.09097388327272457
2025-03-18 15:00:00,2.2582,2.2225,2.247,-0.5147750082362827,-1.242513068432882,-0.004536024985755671,0.686274317570215,-0.5042056495483586,0.48369487193351457,0.2915911304446116,0.09357891505930944
2025-03-18 19:00:00,2.2845,2.2454,2.2809,-0.6073339496232038,-1.2335899234330965,0.010193493708269052,0.9079281565401119,-0.7043061136111523,0.5505725561281335,0.3172019448199948,0.08590195202981586
2025-03-18 23:00:00,2.3081,2.2653,2.2815,-0.5728996732885587,-2.5522771973324403,0.010342306376144528,0.378504584461544,-0.647799355169619,0.49388526197268096,0.3434515209695651,0.08036560744727467
2025-03-19 03:00:00,2.3048,2.2775,2.2892,-0.6018834942878022,-2.5051440047706564,0.002967763540588919,0.4285712715856194,-0.7462551036487198,0.4889203512549958,0.3510618376702138,0.07278752231242804
2025-03-19 07:00:00,2.339,2.2834,2.3116,-0.5211262274516026,-0.40527744021309425,0.007489137136887036,0.5071941533823457,-0.6453834644169695,0.5346710494353717,0.3703234302645242,0.06802319385610917
2025-03-19 11:00:00,2.59,2.3076,2.5399,2.7944452116379277,-0.40966884201171844,0.07747145700152136,0.8225920388600552,2.517042968033254,0.507718297165874,0.5710673988244386,0.098929783831323
2025-03-19 15:00:00,2.58,2.4525,2.5141,0.9564793146513322,-0.20616789399025387,0.01143684816226087,0.483137217008845,1.0714458343593545,0.49917271918596534,0.6029984276151237,0.12187473537254455
2025-03-19 19:00:00,2.5672,2.473,2.5309,-0.012565793366810572,-0.20018906844273168,-0.002041752852507739,0.6146496162792328,-0.009920018429489497,0.5150347689669602,0.5972327746506763,0.14071218063566027
2025-03-19 23:00:00,2.5638,2.4784,2.4944,-0.13691296668313427,0.785190860014433,0.0032545843451650125,0.18735360803821954,-0.14022016674220994,0.47618497930202575,0.6064045462306207,0.15330879747699178
2025-03-20 03:00:00,2.4967,2.4312,2.4531,-0.36967347753823154,0.7923904334196026,-0.02318572368265659,0.3343510939921993,-0.4889432849060839,0.5143051044670234,0.5408520086984344,0.15907032124612455
2025-03-20 07:00:00,2.5182,2.4438,2.4792,-0.21384854490342015,0.9144487056062734,0.01107587569510482,0.47580638766043154,-0.11528799686538986,0.5608882830365088,0.5714405610115043,0.1636697859985107
2025-03-20 11:00:00,2.5186,2.4683,2.499,-0.4112807838217453,0.9205196600358808,0.0025220988033014535,0.6103378508274638,-0.2569570111704396,0.5000426609479447,0.5784830583997608,0.16920064906009583
2025-03-20 15:00:00,2.501,2.389,2.4305,0.08810973728238951,-0.6264425086431741,-0.02406654301171296,0.37053568120217184,0.3494161210660107,0.5070412628732355,0.5111121715050104,0.17472031370884486
2025-03-20 19:00:00,2.455,2.4183,2.4228,-0.5871050338491918,-0.6195585437992811,5.039854948662992e-05,0.12261577040442628,-0.6070198398865426,0.4536118716317026,0.5112498597287096,0.17497363152320347
2025-03-20 23:00:00,2.4669,2.4131,2.4334,-0.5256158331859809,0.05414911684126677,0.0027262675746191345,0.3773233499398944,-0.55904162411149,0.5300548805513208,0.5186983649308339,0.17533534468635364
2025-03-21 03:00:00,2.4352,2.3997,2.4066,-0.5104291243489922,0.05862657934333266,-0.009413140985264579,0.19436614243207065,-0.6232620741241539,0.5409627232695555,0.492910368436376,0.17699241394457002
2025-03-21 07:00:00,2.4205,2.3713,2.3881,-0.4656402794967549,0.6057623806455267,-0.008418533135232664,0.3414633452310265,-0.43912286208551854,0.48576322888465373,0.47006427087142255,0.1751764965813367
2025-03-21 11:00:00,2.399,2.3564,2.3867,-0.5260558773737816,0.5995906240711535,-0.008674289522568324,0.711267438669612,-0.35833933428206904,0.47883152512886357,0.44672227886170907,0.16682190496931873
2025-03-21 15:00:00,2.4242,2.3614,2.4012,-0.6735125885145994,-0.06904225511277975,0.0064580509095186756,0.6337578608665791,-0.5796361125378368,0.5109221311197739,0.4639497621283379,0.15857792551402297
2025-03-21 19:00:00,2.4156,2.3784,2.3875,-0.93436897488022,-0.06689809162973213,0.0020545366848248037,0.24462359015495244,-0.7278701075760945,0.4849449386874076,0.46946583444133094,0.14924206319923172
2025-03-21 23:00:00,2.407,2.3735,2.3903,-0.934424465063127,0.0996004668682207,-0.0026797182039794976,0.5014923876142091,-0.745699828811266,0.5089510438684729,0.46225647737565045,0.1351231886059903
2025-03-22 03:00:00,2.4053,2.3806,2.4033,-1.0417967138438176,0.1015628345632762,0.0015374886740777693,0.9190279680048806,-0.8535487328572918,0.49554624362979977,0.4663817626410947,0.12374521749305513
2025-03-22 07:00:00,2.417,2.3948,2.3966,-0.9317211279608617,0.4739228600342884,0.004094458130566192,0.08108104455807992,-0.7899892646291211,0.5016775663594931,0.47738462562597683,0.11178695963184852
2025-03-22 11:00:00,2.3983,2.3689,2.3705,-0.9297010605128913,0.4823690837632304,-0.007871705137504237,0.05442175019667785,-0.742604164652636,0.49209266228171217,0.4561447163082336,0.10165525731633468
2025-03-22 15:00:00,2.3932,2.3668,2.3879,-0.9476868586554288,-1.649954371579778,-0.0014684436099340337,0.7992421214991947,-0.7732475496434266,0.5302952482091903,0.452213662849499,0.09103545382056893
2025-03-22 19:00:00,2.3894,2.3594,2.3657,-0.9082802102171609,-1.6361390423069615,-0.003573217472742307,0.20999993000002065,-0.7819470446162196,0.41603716765812815,0.44266213339075383,0.08558167318134725
2025-03-22 23:00:00,2.3886,2.3598,2.3864,-0.9118190780424584,-0.9991254460739916,0.00027701022356629856,0.9236107904129282,-0.7481592624958885,0.42220608148181205,0.4433999605891488,0.07875584384942438
2025-03-23 03:00:00,2.3935,2.377,2.3914,-0.9739759233255773,-0.9909699948530863,0.005012328692780343,0.8727267438019753,-0.8246998526151632,0.3506712052778639,0.45675418570545356,0.0661186659743571
2025-03-23 07:00:00,2.4015,2.3849,2.3959,-0.925390675963815,1.7289310798696842,0.0031333106360069696,0.6626502032227785,-0.8245861585249572,0.4977775080824687,0.4651440317663833,0.058103986166801666
2025-03-23 11:00:00,2.4282,2.3938,2.4091,-0.5684052474484053,1.7182394902683176,0.007216462008243774,0.4447673125676409,-0.5807911348671205,0.5323917468935188,0.4845275907933762,0.05514036012419846
2025-03-23 15:00:00,2.4197,2.3859,2.3909,-0.860332723830549,0.22308684138409704,-0.0031587095109153474,0.14792895031687425,-0.7167304441631781,0.4816285064039143,0.47598200782825534,0.04784851842569784
2025-03-23 19:00:00,2.427,2.3874,2.4175,-0.8716804805767026,0.2315474773869545,0.0013157668269669909,0.7601008181563579,-0.7425168136183001,0.526603011448261,0.47953044367879477,0.029578026549720287
2025-03-23 23:00:00,2.4578,2.4134,2.4314,-0.46177335874223363,0.44229595405237027,0.010079505202446715,0.4054053140978976,-0.43251616662725234,0.4629720165438923,0.5067492010048016,0.02955162615752504
2025-03-24 03:00:00,2.4694,2.4304,2.4571,-0.3887491834139011,0.4449861421340029,0.009655211275295894,0.6846152090730271,-0.5298349098850637,0.4650738452383193,0.5330849952746929,0.035309901461361884
2025-03-24 07:00:00,2.4772,2.4383,2.4706,-0.38408317319320234,1.597694793019642,0.0017389224792407898,0.830333976777905,-0.6191955469509525,0.49157111958061395,0.5378739193573759,0.04193671209499937
2025-03-24 11:00:00,2.5044,2.4422,2.468,-0.26214138466268083,1.5857737161669063,0.004036005874421544,0.4147909300979196,-0.44119460284945633,0.5343995410111517,0.5490082488478043,0.048374998955897495
2025-03-24 15:00:00,2.4782,2.4459,2.4742,-0.5142712355877813,0.20141083983433236,-0.0012798583266999675,0.8761607194548863,-0.5900870178240641,0.5435161854204205,0.5454631898687543,0.05386558308065215
2025-03-24 19:00:00,2.477,2.4456,2.4489,-0.8034276647226495,0.20896346061383553,-0.0014569903231237413,0.10509550793136356,-0.729434792613817,0.46424795026293425,0.5414326609404817,0.05555535190133867
2025-03-24 23:00:00,2.4665,2.4215,2.4254,-0.592809325385682,1.5091719650238118,-0.007223938987355627,0.0866666474074072,-0.6203582929331543,0.44156271499544925,0.52147791419781,0.05612296249820394
2025-03-25 03:00:00,2.4353,2.4071,2.4146,-0.6440868398157688,1.5015044710158487,-0.009321562938441441,0.26595735249740277,-0.673304675877335,0.4256818954714218,0.4959148927978436,0.055459956202541925
2025-03-25 07:00:00,2.4476,2.4141,2.4431,-0.7543162457682849,1.0242233935188234,0.004172708962371541,0.8656713833816718,-0.7250097164990827,0.5968992822051519,0.5072512690678669,0.05489379141292799
2025-03-25 11:00:00,2.4578,2.4267,2.4501,-0.5466340220971537,1.0192183318836139,0.004768371123813564,0.7524113336297906,-0.5356373146495113,0.43250160961867157,0.5202599907173657,0.055700589647900166
2025-03-25 15:00:00,2.4783,2.4243,2.4519,-0.248781982494597,1.2462592614188057,0.003777288812570001,0.5111110164609258,-0.4315461029290058,0.5034690237515467,0.5306140517277901,0.05608981107443233
2025-03-25 19:00:00,2.47,2.4335,2.4441,-0.7710556529045204,1.2499107247037182,0.0005031943489792745,0.29041087933948806,-0.6970147866051608,0.4759372881642218,0.5319985857997723,0.053027937030294695
2025-03-25 23:00:00,2.4794,2.437,2.4413,-0.5965897126764563,0.8327677613474708,0.00249379669274008,0.10141507042097798,-0.6434805572087027,0.4535714301926737,0.5388636944784074,0.05121594734922994
2025-03-26 03:00:00,2.4587,2.4354,2.4557,-0.8128714117855037,0.8279665286896355,-0.0049598011259393004,0.8712442612685708,-0.762313422658168,0.4873293825651387,0.5251759361427831,0.04559475191830506
2025-03-26 07:00:00,2.4729,2.4503,2.4632,-0.5333349569470128,1.3298739125881271,0.006717065885690765,0.570796207612299,-0.651321398148615,0.4334334364281415,0.5436213456097634,0.042923140188581496
2025-03-26 11:00:00,2.47,2.3952,2.4088,0.14286080010750069,1.3240168477328211,-0.012538317192419601,0.18181815751093883,-0.3411296576786107,0.47442978947331216,0.5089592053315914,0.0416758523970466
2025-03-26 15:00:00,2.417,2.3673,2.3704,-0.35841063042359195,-0.4094748234776629,-0.014396488469756163,0.06237423292268761,-0.46973533014224483,0.49297410927152563,0.4696591692324126,0.0469964755008218
2025-03-26 19:00:00,2.3887,2.3333,2.3431,-0.22016006535516522,-0.4038531218281454,-0.013602306081834326,0.17689527492865492,-0.3669014163722596,0.512120109080021,0.433061691021738,0.05879047071167577
2025-03-26 23:00:00,2.39,2.328,2.3846,-0.3213495641764314,-2.187479751596887,-0.0024212394091384093,0.9129030785640152,-0.4879646018738962,0.5647122549240164,0.4266358733288077,0.05849927992232653
2025-03-27 03:00:00,2.3859,2.3554,2.3607,-0.7104668292225806,-2.1560138522088566,0.004395442981098618,0.1737704348293685,-0.7198756326738153,0.42402309576752995,0.4382728592958439,0.06499572354920585
2025-03-27 07:00:00,2.3799,2.3519,2.3572,-0.6112959985170712,-1.5670149419481627,-0.0016364440449349038,0.18928564668370038,-0.6236368725805042,0.4855722977422861,0.43392131154410885,0.07075521654865793
2025-03-27 11:00:00,2.3666,2.3021,2.3631,0.046258942740545435,-1.5517752130223603,-0.013174210302883571,0.945736287482749,-0.22489750350037674,0.47288249983526415,0.39894645798800865,0.07337512974591776
2025-03-27 15:00:00,2.367,2.3193,2.351,-0.4171645523751642,-1.3395936463331555,0.003743567592279895,0.6645700912850948,-0.486940187541971,0.5043981640292142,0.40875393914982916,0.07574200940158986
2025-03-27 19:00:00,2.36,2.3292,2.3498,-0.7192435679741859,-1.3266770306234623,0.0009899019153387645,0.668830951678267,-0.6797640016610834,0.5507158662575043,0.4113570145222652,0.07675333625536292
2025-03-27 23:00:00,2.3506,2.3077,2.3187,-0.5552682380639374,0.7979995505884824,-0.007533139155745605,0.25641019664098297,-0.5681976223696834,0.48850105208972233,0.3915280395282282,0.080769851918213
2025-03-28 03:00:00,2.3199,2.2375,2.2392,0.28114214396055565,0.7962545699086241,-0.02319561876847509,0.02063106545739533,-0.19260741452649147,0.45670500925037055,0.33093171934758253,0.10357573020160735
2025-03-28 07:00:00,2.25,2.2,2.2074,0.1709976571207345,0.250431998847316,-0.01998513846914385,0.14799997039999901,-0.3143655499200538,0.5029681379067408,0.2799334956134517,0.12771091308447013
2025-03-28 11:00:00,2.2462,2.1746,2.1984,0.6910554512857847,0.24730857999293626,-0.009283471201224525,0.33240218821198503,-0.0006856551960636517,0.4963346127335451,0.2567173058787647,0.1471126540486052
2025-03-28 15:00:00,2.199,2.1535,2.1833,0.09701391463369324,-0.40601315700731916,-0.012619454652528117,0.6549449110011196,-0.301782314924903,0.5292890991941213,0.22545143385445263,0.16299824230948295
2025-03-28 19:00:00,2.2068,2.1587,2.2067,-0.4158282618134822,-0.39953966150789555,0.001173066329096084,0.9979207904530629,-0.5165058087064215,0.5124292909252995,0.22832113779300175,0.16706816661876106
2025-03-28 23:00:00,2.2267,2.1605,2.1614,-0.40946738073189615,-2.1237705896282946,0.008417375336012167,0.013595164109493631,-0.5480405711398931,0.466908038104843,0.24893694647442002,0.1798401776463808
2025-03-29 03:00:00,2.1862,2.1245,2.1362,-0.21967464618532792,-2.0972143441213476,-0.02319845505634721,0.189627197791382,-0.38645817840955,0.46901761788755675,0.19164110982850113,0.1918588387561245
2025-03-29 07:00:00,2.1434,2.0707,2.0722,0.5975046179089666,0.12505186145254518,-0.019403062335824783,0.020632734438414145,-0.1596037479746509,0.4600216043680456,0.1448308966434261,0.21498158720876798
2025-03-29 11:00:00,2.1409,2.0607,2.1169,0.6062676849877108,0.1193009458072451,-0.0032237911997284874,0.7007480423007412,-0.11975751789772084,0.5270971038457251,0.13720435267928946,0.21098141773432916
2025-03-29 15:00:00,2.1363,2.0717,2.1193,0.004459501673272449,-0.6769452703883986,0.004162981021645251,0.7368419912009316,-0.22092598255973578,0.5033793654538454,0.14702099500111482,0.20445851147445795
2025-03-29 19:00:00,2.1329,2.102,2.1176,-0.6067440370966267,-0.670775796516704,0.0034258940248368397,0.5048542055488038,-0.576287911176502,0.494333692768612,0.15513315798770674,0.20245716396265045
2025-03-29 23:00:00,2.1973,2.1147,2.1907,-0.14239851285078914,-0.4193283185791637,0.01850361446634241,0.9200967409083881,-0.44539522007371896,0.5613211973838327,0.19909790904224414,0.18961597518896242
2025-03-30 03:00:00,2.2142,2.1586,2.1788,-0.1638895490803944,-0.41349032823682014,0.014159104282177593,0.36330928717458794,-0.4543982873687177,0.4813946074976196,0.2333625671035745,0.18660610506608732
2025-03-30 07:00:00,2.1989,2.1538,2.16,-0.42054634344955016,-3.1789018223612207,-0.0034725297966133883,0.13747225333209873,-0.5559116417613522,0.4448026975406518,0.22484015174738434,0.17776201013312531
2025-03-30 11:00:00,2.176,2.123,2.1436,0.040176666070664974,-3.099683151648312,-0.01487184156811816,0.3886791719473256,-0.43300002769359297,0.46086491195401985,0.18846785374045152,0.17043814980607033
2025-03-30 15:00:00,2.1614,2.115,2.1599,-0.3814470120442323,-0.14203773781115103,-0.003834752886076598,0.9676722052430577,-0.5139173295548768,0.552922469160843,0.17922861676460775,0.15716669373598793
2025-03-30 19:00:00,2.1711,2.1077,2.1407,-0.32391529562135235,-0.1410604367469036,-0.0002942926297908599,0.5205046497626713,-0.4603796267341016,0.4942550168746761,0.1785222837665328,0.1426337729561282
2025-03-30 23:00:00,2.1419,2.0807,2.1034,0.1664386272301902,-1.3023268162850137,-0.014174356231137386,0.3709149720727165,-0.14171717994837396,0.4799141662749254,0.14451236263424727,0.12944290289892268
2025-03-31 03:00:00,2.1149,2.0713,2.0791,0.05394401190580387,-1.298699663706795,-0.009054204053121961,0.1788990415369174,-0.3084841887378027,0.5179463545788466,0.12309565685269774,0.11089163745236014
2025-03-31 07:00:00,2.0958,2.0238,2.0716,1.007359536006541,-0.9152814634956441,-0.015215938206096458,0.663888796682112,0.06195843889954856,0.5055537278279572,0.0874299342061479,0.09241686374770962
2025-03-31 11:00:00,2.1233,2.0527,2.1128,0.9193142081461783,-0.9097877951504675,0.01610623036892478,0.8512746669582627,0.1141006145915222,0.5304532627184352,0.12460803579681436,0.08238907420105077
2025-03-31 15:00:00,2.1415,2.0805,2.1152,0.11046706755908701,-1.0057828958997082,0.011720637775587406,0.5688523657619101,-0.20382243870688843,0.49894097667038273,0.152098600551767,0.07782939431002904
2025-03-31 19:00:00,2.124,2.0751,2.0831,-0.3268487744992241,-1.0000874633914085,-0.010817138627873812,0.16359914854823096,-0.5500786203326428,0.44974728015150034,0.12642980906301932,0.07753019174478099
2025-03-31 23:00:00,2.1104,2.065,2.1099,-0.13820394313599696,0.11864087666134479,-0.0008930506623570089,0.9889865663025245,-0.4463791483175187,0.5465713316242541,0.12433354636308248,0.07362174981844836
2025-04-01 03:00:00,2.12,2.0924,2.0993,-0.2891944802927334,0.11824847721063492,0.006785840362766082,0.24999990942031863,-0.5828261712528967,0.4685498088008043,0.14024776162462937,0.06616589170848744
2025-04-01 07:00:00,2.1999,2.0892,2.1493,1.4380121234288372,0.44234361357175744,0.022379532207590147,0.5429087133777156,0.2500750856691263,0.5228610235570286,0.19308859918563082,0.06352273231915377
2025-04-01 11:00:00,2.1634,2.0942,2.1476,0.8474938975442181,0.43809048061210726,-0.008028460309492003,0.7716761890641353,0.18279234487553503,0.48376504058401437,0.17370818297786494,0.06418024379915
2025-04-01 15:00:00,2.1828,2.121,2.1343,0.16412776124786385,-0.9444605559645279,0.009332947047711038,0.2152103211633804,0.021830161467603977,0.5006748407150475,0.19605670714425313,0.0605711242888639
2025-04-01 19:00:00,2.1538,2.1213,2.1439,-0.5477009113410907,-0.9377761763770613,-0.005747627367748809,0.6953844014201812,-0.5518739020374556,0.5386114987836339,0.18216508055037062,0.060551224436171044
2025-04-01 23:00:00,2.1492,2.085,2.0945,-0.15212747003662758,0.8049519854712284,-0.012447183225137826,0.14797505483254692,-0.45696526665831005,0.48651489861055003,0.15225399221052222,0.06353330559711122
2025-04-02 03:00:00,2.1087,2.0682,2.0706,-0.20798722754701,0.8038883402289057,-0.0131912494005606,0.0592592446273518,-0.4694396549115942,0.5052531416635068,0.12094944716690345,0.06864109926714979
2025-04-02 07:00:00,2.1366,2.0672,2.1119,-0.016212259036034835,-0.9014583944915119,0.010376609838908424,0.6440921262115064,-0.29304158016241616,0.5058570430578693,0.14524965256887248,0.06058474754970453
2025-04-02 11:00:00,2.1408,2.0983,2.1263,0.03545033752367519,-0.8946928521529008,0.004860235679689184,0.658823374394501,-0.13637147525811333,0.4742086176066348,0.15674957921406113,0.054479338021547107
2025-04-02 15:00:00,2.1955,2.124,2.1427,1.7743891275050865,1.1088881479670025,0.022637877128307116,0.2615384249596604,0.7118659035429027,0.5132872051318538,0.21057396713606183,0.05203261720461046
2025-04-02 19:00:00,2.233,1.9841,2.0191,3.4818603531133934,1.1011755674086554,-0.030199569250847214,0.14061871672885792,1.459606997861483,0.4663379149130988,0.1371452358754752,0.06871512483625376
2025-04-02 23:00:00,2.0721,2.0009,2.0622,1.6699036556707734,-3.2495823207059438,-0.027184270990286308,0.8609549352591375,0.4005145306925657,0.47105162640103254,0.07304415696190912,0.06648859304689418
2025-04-03 03:00:00,2.082,2.0358,2.0408,0.3416202999389473,-3.169451751648394,0.006553351134492846,0.10822508479976337,-0.4223292030702769,0.44457026258519594,0.08807701896774192,0.07088059323411738
2025-04-03 07:00:00,2.0578,2.0139,2.0175,0.47507508554249606,-2.043000211065265,-0.008990312575608117,0.08200453712880844,-0.17486822025682888,0.4903040278575572,0.06731881270144216,0.08063172378865595
2025-04-03 11:00:00,2.0424,1.96,1.9687,1.789787715951655,-2.021046705626646,-0.019886878400021568,0.10558251145843191,0.77365742322681,0.45436290449587247,0.021813767555504605,0.10090773594248933
2025-04-03 15:00:00,2.052,1.9672,2.0449,0.3312806455591858,-2.206702994628229,0.004299729621371151,0.9162734768545442,0.060994503083034717,0.49797241051791435,0.03145672569961429,0.09891086279968839
2025-04-03 19:00:00,2.075,2.0357,2.0579,-0.3021721711486604,-2.1741278057748556,0.024063072410102748,0.564885352446476,-0.40631306637314274,0.5215415189424307,0.08565476288150772,0.09861950960618922
2025-04-03 23:00:00,2.0784,2.0361,2.0584,-0.2618110493737558,-2.7455962930228703,0.0013960828400785275,0.5271866365989035,-0.3969374312493504,0.4936712952703917,0.08887487041881464,0.09845404767096456
2025-04-04 03:00:00,2.0774,2.0427,2.0546,-0.2993517535198245,-2.6923238047602376,0.00019321851104825427,0.3429393824382258,-0.4335512140791585,0.5107512663817998,0.08932115697633723,0.0994731169529373
2025-04-04 07:00:00,2.1029,2.0418,2.0475,0.4638258074263277,-0.43333766176502625,0.00939838147633898,0.09328967376601123,-0.05840723934133638,0.5442407021254078,0.11103326790598551,0.1001264857369765
2025-04-04 11:00:00,2.1626,2.016,2.1057,1.8389109675456345,-0.449093265032911,-0.0003365815807431227,0.6118689896405888,0.9302564051967304,0.5498829163805107,0.11024839031437597,0.09764255189568016
2025-04-04 15:00:00,2.1537,2.0986,2.1195,0.901360177980464,0.010208400650474741,0.02470123619446629,0.3793102759872457,0.4864904372632538,0.5144613496253555,0.16783003597014357,0.09377273186207385
2025-04-04 19:00:00,2.1548,2.1128,2.1362,-0.3322850763882061,0.01346461393575198,0.003227921553175861,0.557142724489832,-0.4982010484100635,0.47963624217688616,0.17554059055603058,0.09158674513527322
2025-04-04 23:00:00,2.1441,2.117,2.1208,-0.7348797349804398,1.5717978558833754,-0.003311521134595763,0.14022135047182785,-0.6105246835050941,0.480412343406839,0.16760480750972548,0.09087078156292774
2025-04-05 03:00:00,2.14,2.1139,2.1306,-0.8748151850019261,1.5606966286714496,-0.001039678875760952,0.6398464981430929,-0.7213237615785972,0.4408977824281078,0.1651215548271031,0.0887900804361572
2025-04-05 07:00:00,2.1633,2.1237,2.1552,-0.6331297927589974,1.6301972391810764,0.008115469081833249,0.7954543445822311,-0.6301042291049548,0.4844516569857064,0.18448504141734817,0.09346149997998496
2025-04-05 11:00:00,2.1764,2.1217,2.1344,-0.22041395887073836,1.6219620873707679,0.002182901860307229,0.23217546029698566,-0.3296908198998625,0.4676152687083649,0.18973570775749218,0.09700362839814002
2025-04-05 15:00:00,2.1387,2.1163,2.1354,-0.6649829470058491,0.864883382575834,-0.010352645998286225,0.8526781907686724,-0.6217002743251313,0.4937458567159476,0.1647795016736095,0.09874632941157069
2025-04-05 19:00:00,2.1375,2.1166,2.1348,-0.8473082626053052,0.8675475288898021,0.0009399976715152025,0.8708129804722413,-0.7235933854355365,0.4650803609166997,0.16702201196644847,0.09950943602563846
2025-04-05 23:00:00,2.1592,2.1293,2.1322,-0.7900488875820109,1.6765278824438328,0.007894783930348925,0.09698993411707695,-0.6515084198675515,0.47679629508529836,0.18587394809936172,0.09858347600179444
2025-04-06 03:00:00,2.138,2.1092,2.1103,-0.6592768140586126,1.6637544983912032,-0.00885388579479951,0.03819443118249276,-0.7003019142259389,0.45199223804287647,0.1645648619718738,0.0958298546584978
2025-04-06 07:00:00,2.1121,2.082,2.0894,-0.4295343376472811,0.9046184568157317,-0.014688698401477684,0.24584709440296096,-0.5256256996161017,0.4729364252922669,0.1295258456551685,0.0960669324266827
2025-04-06 11:00:00,2.0949,2.0457,2.0927,-0.2748135408222743,0.900957688501899,-0.011768296264080491,0.9552843586820366,-0.30439541290296773,0.4248805798130662,0.1018656244493169,0.09335419544095885
2025-04-06 15:00:00,2.093,1.9758,1.996,0.6417113386900672,0.5434180745757275,-0.020937541350234068,0.17235493409940836,0.34593476082864266,0.4378559341543354,0.05323313285320503,0.10174911931519134
2025-04-06 19:00:00,2.0097,1.9059,1.9167,2.168136772510314,0.5463111784642511,-0.030127139971489303,0.1040462327508459,1.1633556033055914,0.46595118703582644,0.0,0.12139945230477722
2025-04-06 23:00:00,1.9542,1.8625,1.8949,2.3980986855482658,-0.4984178709391397,-0.0289305449102375,0.35332602471908153,1.2731673634024971,0.5041519786528602,0.0,0.1522195281927798
2025-04-07 03:00:00,1.8977,1.6134,1.6548,5.0,-0.5002474323508318,-0.08821010061281076,0.1456208179521348,3.072969766648376,0.4254758287603865,0.0,0.28917071871604927
2025-04-07 07:00:00,1.8153,1.6507,1.7825,4.948360471019034,1.631729369654718,-0.0017739430329877237,0.8007289914502438,2.1885251075727283,0.5228786586914929,0.0,0.3026793445006894
2025-04-07 11:00:00,2.0109,1.747,1.8932,5.0,1.6269395633623542,0.07242416066256019,0.5539977054188061,0.9714108745520034,0.4894293833265524,0.1110386024846518,0.2940545202964533
2025-04-07 15:00:00,1.9249,1.8378,1.891,1.7069383940503198,-3.3666219860336346,0.010108821138009372,0.6107921227563573,-0.31924942786111177,0.4658063479624949,0.12765962043019694,0.30254353119818256
2025-04-07 19:00:00,1.9503,1.8815,1.9308,0.27518626434812565,-3.2741348927840708,0.019487617743863206,0.7165696632892953,-0.6510973798534591,0.4959351820354959,0.16002524722475417,0.29746387981161854
2025-04-07 23:00:00,1.9356,1.8594,1.9121,0.12988707241285274,-2.3307022617914464,-0.009770973052559695,0.6916009591074849,-0.5896647035778176,0.49479033319496,0.14348107506490057,0.3006249889205481
2025-04-08 03:00:00,1.9227,1.8576,1.8605,-0.15097504297154898,-2.293149316147489,-0.005535036985485853,0.04454684415563251,-0.6681662401580466,0.47975836848855924,0.13420074537230808,0.3104693893023461
2025-04-08 07:00:00,1.8965,1.8478,1.8922,-0.0700499735311842,-1.5840822842966589,-0.010070145134969954,0.911704124906751,-0.6131165741213497,0.46828931136593804,0.11741007273096707,0.30282778696197443
2025-04-08 11:00:00,1.975,1.8867,1.8986,1.471767599659038,-1.5677167104037129,0.038494773934127924,0.13476782165709852,-0.2097192335472363,0.49852053451535666,0.1809488071732689,0.2957454449912491
2025-04-08 15:00:00,1.9163,1.8054,1.8518,1.1881060384101616,-0.8076744581348035,-0.04090024266817138,0.4183949126785471,-0.32590174112517156,0.4749593325128177,0.11084090258563915,0.2943169158691094
2025-04-08 19:00:00,1.8573,1.777,1.8039,0.4695718742128691,-0.8019482832560847,-0.02433855810625496,0.3349937316321646,-0.5350299384610389,0.4496150118199999,0.07082803020340751,0.29722386997016526
2025-04-08 23:00:00,1.8138,1.7218,1.7676,1.0485905094259995,1.544660601989291,-0.02322633913172034,0.4978260328449967,-0.2650971302428832,0.49689643975329956,0.033573011284775724,0.29771845173245
2025-04-09 03:00:00,1.8261,1.7396,1.8018,0.5396390136765663,1.5426144655929963,0.006651286150375135,0.7190750613786059,-0.5251924422595361,0.5044290486915359,0.044255216053119155,0.27647208045970445
2025-04-09 07:00:00,1.8454,1.8005,1.8341,0.03893870997770363,-0.38479335061815007,0.02240497318142487,0.7483294547150461,-0.7561583703521529,0.47720773312105874,0.08807732994102488,0.2480663905041887
2025-04-09 11:00:00,1.8652,1.7637,1.8146,1.4511732889181133,-0.37797749875876896,-0.00960404739323617,0.501477783105637,-0.19415870369508867,0.49429790965540166,0.07902949475106945,0.22662108896769648
2025-04-09 15:00:00,2.0858,1.8139,2.0043,3.6401199104547994,0.2916655885112886,0.09269260118096634,0.7002574218368005,0.7233995242267098,0.49439682492751463,0.2622716022702027,0.18981502859969823
2025-04-09 19:00:00,2.0897,2.0042,2.0662,0.5368496732864664,0.2994783399751772,0.04016540126266821,0.7251461140179953,-0.5728704996115803,0.4728940574700831,0.371948899695141,0.17820182986966948
2025-04-09 23:00:00,2.072,2.0075,2.0105,-0.08934830604916937,1.0635747163667648,-0.01113925054378151,0.04651162069587437,-0.6031981702076369,0.4650354305692676,0.34527709298420356,0.1852627102077405
2025-04-10 03:00:00,2.0176,1.9708,1.9964,0.026859649819580746,1.056675431970401,-0.018521192067724956,0.5470084301264037,-0.446248121424563,0.4865015783098982,0.301423968945227,0.1936965737900782
2025-04-10 07:00:00,2.0149,1.9744,2.0038,-0.37495969817188274,0.569087707273941,0.00029334451418439045,0.7259257466850034,-0.26662500467540684,0.46704967131124575,0.30210566455892834,0.20092904639100698
2025-04-10 11:00:00,2.0449,1.9726,2.004,0.226191853301178,0.5690482775201924,0.004994328161341599,0.4343014613690923,0.9628492938398258,0.49290636852167075,0.3137152572406781,0.17651670041594292
2025-04-10 15:00:00,2.0062,1.9223,1.9609,0.3693383214709997,-1.0189029799296443,-0.028454501051494496,0.46007145887110207,1.0775680367857146,0.4871680953914878,0.2472408469463312,0.1729312987378307
2025-04-10 19:00:00,1.9976,1.9514,1.9694,-0.5434552064706584,-1.0105250205742236,0.011990417771903239,0.38961030527915486,-0.413612462712431,0.4816710828965769,0.27445538568609434,0.17404660451860368
2025-04-10 23:00:00,2.0069,1.9475,1.9903,-0.4004407260625761,-0.8641189599594022,0.0018382378074293104,0.7205385992359264,-0.14289853113684875,0.4602474957333643,0.2786776435878951,0.17518934678762543
2025-04-11 03:00:00,2.0137,1.9883,1.9988,-0.5012264646032484,-0.8579264508154448,0.013206674374383054,0.4133856640213888,-0.42817914935197193,0.4490108571116807,0.3090678840657277,0.17805584838033137
2025-04-11 07:00:00,2.034,1.9912,2.0184,-0.2938916147918949,0.6382610068159689,0.0045197438189756856,0.6355138702070463,-0.1781173935847493,0.5174849615093531,0.3196057465826844,0.18130374790145734
2025-04-11 11:00:00,2.0266,1.9844,1.9996,-0.06001869121986758,0.6325128800532425,-0.0030078254424743545,0.36018948810675677,0.14653933178429504,0.46686935165535437,0.3125612524047925,0.18287502910452125
2025-04-11 15:00:00,2.0647,1.9883,2.0376,-0.12168439417998274,0.22159775007006907,0.010699524914559388,0.6452878736534163,0.11307924928704653,0.5066856882751252,0.33754476104120346,0.18383263461752272
2025-04-11 19:00:00,2.0548,2.0214,2.0221,-0.4838539754952043,0.22088429050767283,0.005460117342128923,0.020958077557465947,-0.5409672843504629,0.5060320723803116,0.35043060812095345,0.18737590737359866
2025-04-11 23:00:00,2.0275,2.0042,2.0042,-0.7166492175694156,0.8778115046649047,-0.010213649901738009,0.0,-0.6807027942854945,0.4645888859661494,0.32619483865490173,0.18501536587417133
2025-04-12 03:00:00,2.0493,2.0033,2.0417,-0.7245590448347209,0.8699644290662224,0.005317206943905584,0.8347824272212113,-0.7162449291321963,0.4883521915414443,0.33868306808993753,0.17111127397655246
2025-04-12 07:00:00,2.0747,2.0397,2.0612,-0.47876604351893753,0.8949661487645155,0.014791213776669254,0.6142855387755599,-0.5476458052528413,0.49776246316150863,0.3736070886897634,0.14735900416146577
2025-04-12 11:00:00,2.1862,2.0566,2.1534,0.4157213327764818,0.8916969711991156,0.03538946060615733,0.7469135226146977,0.8176221653404794,0.5091819117847388,0.45840224858786455,0.13494913279187284
2025-04-12 15:00:00,2.1683,2.1166,2.1499,-0.12374968180260194,1.6017491549074745,0.006224692241852292,0.6441004556865695,0.047216003142961885,0.471701391013445,0.4738447889165229,0.12841510278904011
2025-04-12 19:00:00,2.1665,2.1309,2.1546,-0.6198720265455921,1.5857630940651026,0.004053269131423676,0.6657301500757944,-0.5054435271432551,0.4927824902974927,0.4839629426051289,0.10758812214477391
2025-04-12 23:00:00,2.174,2.135,2.1509,-0.6118179218275294,1.336800201452646,0.0010396128388578951,0.40769220315585014,-0.2569291697088417,0.49796427378229613,0.4865686414431971,0.11761639113097286
2025-04-13 03:00:00,2.1615,2.1268,2.1415,-0.7086561478236567,1.3281232956152624,-0.005157247701416234,0.4236310018354522,-0.5297652999116824,0.4161879282283226,0.5143689249756987,0.1252094188835097
2025-04-13 07:00:00,2.2475,2.1351,2.2202,-0.04515081570845618,1.5498697541066775,0.023615475637345673,0.7571173703632245,0.3810447307594491,0.5340199173617205,0.5783853492358798,0.13914340711882295
2025-04-13 11:00:00,2.2309,2.134,2.1494,0.16799186651883663,1.5334588355432983,-0.008115218978983707,0.15892671218506632,0.564292486944533,0.4507696114397852,0.555867246221472,0.1466331131472608
2025-04-13 15:00:00,2.1853,2.1312,2.1682,-0.4290418101115371,1.175041189494555,-0.006598609737064165,0.6839185427137666,-0.1268575187758615,0.5027141621481485,0.5377060174703313,0.1494167078406691
2025-04-13 19:00:00,2.1698,2.0863,2.0918,-0.02035637536881255,1.1643798767772293,-0.022213633520066,0.06586825558464085,0.49322018127192147,0.45417074159353193,0.48221499906483445,0.152220705223888
2025-04-13 23:00:00,2.1804,2.0801,2.1528,-0.4331442294015581,0.991664855567838,0.010124316734662742,0.7248254511639631,0.13012131170079086,0.5370520284278247,0.5095787566102509,0.14258954319543557
2025-04-14 03:00:00,2.1594,2.1182,2.1182,-0.5142395172946458,0.9853056006593475,0.0014372300771021695,0.0,-0.323521803059262,0.5330433587159946,0.5135025951953194,0.13623298924037575
2025-04-14 07:00:00,2.1538,2.1038,2.1477,-0.5335760575187026,0.3819274732317512,-0.0039785565968512016,0.8779998244000348,-0.25768355079716504,0.5540482835035568,0.5026249695160238,0.12864197271798353
2025-04-14 11:00:00,2.1785,2.1241,2.1601,-0.3116861545484091,0.3792551080209559,0.010323863281532342,0.6617645842344493,0.2642171819034462,0.49786626717249693,0.5307387663696878,0.12239238248543155
2025-04-14 15:00:00,2.1636,2.1057,2.1541,-0.37779318790353783,0.2592201080485181,-0.0075834744181695335,0.8359238625347378,0.11860070761260669,0.469962313220023,0.5098743570210434,0.11775278633846746
2025-04-14 19:00:00,2.165,2.1259,2.1328,-0.769617839047022,0.25914034414886644,0.005734886729639621,0.17647054310216087,-0.6320158436260052,0.46069485360706547,0.5255330929686517,0.10781662686404331
2025-04-14 23:00:00,2.1459,2.1166,2.1383,-0.7695579860495977,0.8854364346657791,-0.008525058106993777,0.7406140817016778,-0.5347452177977352,0.5355613066619177,0.5021224835592359,0.10128920454007095
2025-04-15 03:00:00,2.16,2.1324,2.1324,-0.6502295890447534,0.8811129699921973,0.007629729578301214,0.0,-0.5564240591230764,0.5247403696657029,0.5228958202072826,0.09069818994457937
2025-04-15 07:00:00,2.1853,2.1323,2.1577,-0.4778305294727421,1.3416716902518784,0.0067559834643635686,0.4792451925952531,-0.33480313430397163,0.542854480735494,0.5414305672967538,0.07094084620374698
2025-04-15 11:00:00,2.185,2.1368,2.1428,-0.3445551015954418,1.328739733128437,-0.0012708185064664868,0.12448130197482907,0.12427483165564235,0.48240864457866417,0.5379205776412482,0.057281642241786376
2025-04-15 15:00:00,2.1523,2.1042,2.1181,-0.3915426966088913,0.3076289478043963,-0.014086167032835384,0.28898122890203304,-0.11795123618834605,0.4575110446922004,0.4990641491826264,0.046572040304386435
2025-04-15 19:00:00,2.1308,2.0877,2.0994,-0.6495994772460401,0.30803152260652084,-0.007414634651145002,0.27146165395321925,-0.40955937497745026,0.44640823971318266,0.4788991243141475,0.05098748549595021
2025-04-15 23:00:00,2.1005,2.0663,2.0889,-0.4699223890570718,-1.3283183382203367,-0.012497785084621515,0.6608185202285121,-0.3046377696849642,0.4746147931221461,0.4451618552083844,0.05630519855258358
2025-04-16 03:00:00,2.0919,2.0533,2.0706,-0.598529817016424,-1.315616931452767,-0.005968076930380373,0.4481864123869451,-0.5341029476321597,0.47863213389617354,0.4292526177438624,0.06398620616907165
2025-04-16 07:00:00,2.0845,2.0355,2.0811,-0.39160796407404713,-0.5429714771774774,-0.005758709461990086,0.9306120549771392,-0.19675228791730093,0.4918423673209606,0.41399311254478943,0.0676025766186936
2025-04-16 11:00:00,2.1105,2.0644,2.0966,-0.44969131298598414,-0.5480828697474502,0.01168048826849466,0.6984814103077198,-0.15337597724073376,0.5164065978828326,0.44476598779720283,0.06876559797910083
2025-04-16 15:00:00,2.13,2.0469,2.0853,-0.04591321293593605,-0.8508162540179326,0.00239110490611516,0.462093807208931,0.693859719794346,0.5018264572009397,0.4511390635889067,0.058912008449489774
2025-04-16 19:00:00,2.1185,2.0679,2.0995,-0.586743182279487,-0.8456353200035858,0.0049997348183556944,0.6245058054336342,-0.3381827702312916,0.47071751722800936,0.4644968540718997,0.058287881887731464
2025-04-16 23:00:00,2.1004,2.067,2.0774,-0.7722720343001428,1.1513171926735253,-0.010001789475219347,0.3113771522822832,-0.5865242581657318,0.5034587796308557,0.437641473385586,0.05792220774315322
2025-04-17 03:00:00,2.1104,2.0625,2.0983,-0.6324151119572977,1.1411587012127764,0.00559855617661964,0.747390240628346,-0.6143319403119687,0.4758165524765943,0.45252356775094194,0.05685774885437437
2025-04-17 07:00:00,2.1045,2.0863,2.0949,-0.7396884474551364,1.1687135451364379,0.0015671143022222278,0.4725272128971384,-0.6669344157211691,0.5026354813004951,0.45671259638524175,0.055429023919832225
2025-04-17 11:00:00,2.1146,2.0641,2.066,-0.5816012965775211,1.1581701350417566,-0.001238998759987009,0.037623754925989385,-0.32518475379163597,0.4975128914452275,0.4533954580535077,0.05998128396942765
2025-04-17 15:00:00,2.1046,2.0573,2.08,-0.37104493316458265,0.1260394369091614,-0.005197428837228069,0.4799153319417901,-0.0011999116683538934,0.5335675309533484,0.43949776105141014,0.05881122334101434
2025-04-17 19:00:00,2.0866,2.0524,2.0624,-0.6143868096549863,0.12385138949022861,-0.006631037197711853,0.29239757532234195,-0.5006076019213936,0.5368053289540834,0.42185881424810795,0.057667048897010485
2025-04-17 23:00:00,2.0741,2.0434,2.0599,-0.752531172588652,-0.5169016582929404,-0.004002568121745265,0.5374591083195009,-0.6002284601000902,0.4596227532898041,0.41128235001538943,0.055919458720320815
2025-04-18 03:00:00,2.0693,2.0454,2.0653,-0.8126365969480115,-0.5114448671819348,-0.0006243561993166669,0.8326356348804891,-0.8154415306412702,0.47514019095716736,0.40963914247265426,0.05538542581140615
2025-04-18 07:00:00,2.0812,2.0537,2.0727,-0.730309159271253,-0.8254092177910686,0.007453749383258712,0.690908839669521,-0.7178675322864796,0.45364985434204336,0.42924399315112627,0.052465521127197434
2025-04-18 11:00:00,2.0859,2.0683,2.0738,-0.6989344521990675,-0.8209901946196348,0.0016837045258539796,0.3124998224432811,-0.6943219567317723,0.45045242645606065,0.4337054813563919,0.04971952221781038
2025-04-18 15:00:00,2.0896,2.0551,2.083,-0.6365926213486967,0.3923161064315676,-0.0023067743653170103,0.8086954177694522,-0.6802142884617562,0.5102207198150734,0.42758268810094213,0.03876312836896793
2025-04-18 19:00:00,2.086,2.0715,2.0736,-0.7741790428338926,0.3912530453970749,0.003282185375816482,0.14482748632587128,-0.9244795062252446,0.556171946505079,0.43627438570141797,0.02936299759625882
2025-04-18 23:00:00,2.0806,2.0552,2.0794,-0.7594013109499571,1.0802474827299564,-0.005411487845021212,0.9527555304112134,-0.8714301594323477,0.4673668810823663,0.42189695476571654,0.02440148587356306
2025-04-19 03:00:00,2.0948,2.0773,2.0775,-0.7766423064477895,1.0708896746592595,0.008827696734303503,0.01142856489796161,-0.8926885391505862,0.45077238649294066,0.4452237698414575,0.022871191033931995
2025-04-19 07:00:00,2.0975,2.0774,2.0845,-0.7553039587592546,1.409346888661021,0.0014041289570265736,0.35323365510762444,-0.9156025585279433,0.493795549223432,0.4489668750511001,0.022512063703378042
2025-04-19 11:00:00,2.093,2.0789,2.0834,-0.8273138169743662,1.4020348712207338,-0.002188790685302089,0.31914870982362215,-0.9916625006331028,0.44584382470931005,0.4431238378946604,0.022256656376702714
2025-04-19 15:00:00,2.0948,2.0654,2.0892,-0.6678136195162756,0.20079674665541933,-0.0014288557977348848,0.8095235341756614,-0.7520347797561661,0.5604589283843174,0.43931781675626075,0.02255924476608929
2025-04-19 19:00:00,2.092,2.0802,2.0878,-0.8367625656233051,0.20055863489061668,0.002934687597659691,0.644067250790468,-1.0119480637702984,0.48564261405742104,0.4471237293391729,0.021629404266924935
2025-04-19 23:00:00,2.0945,2.0821,2.0856,-0.7873428216471221,1.1172648446692846,0.00015438490181440834,0.28225783688882883,-0.9681839829953577,0.4654600867177787,0.44753557954252443,0.021667631689874695
2025-04-20 03:00:00,2.0871,2.0691,2.0723,-0.733113237067801,1.1079752793832138,-0.0042256064868643195,0.17777767901238298,-0.9844943828499474,0.42756637881811504,0.4362612544686729,0.02005608725373759
2025-04-20 07:00:00,2.0723,2.0403,2.0475,-0.5090651143088983,0.12099645857288856,-0.008387852706879584,0.22499992968752475,-0.7216165323779707,0.45600988447490415,0.41397622299322057,0.02437342035490446
2025-04-20 11:00:00,2.0614,2.0388,2.0598,-0.5896990213938454,0.11861012211987362,-0.006106565906742745,0.9292031286711889,-0.7379932276436272,0.5256822014786374,0.3978882494550502,0.023210645484007714
2025-04-20 15:00:00,2.063,2.0447,2.0596,-0.6811582390540477,-2.103652890140274,0.002849905149389542,0.8142072053512499,-0.906641891215747,0.47987344015063554,0.40535058068546476,0.022225084889329266
2025-04-20 19:00:00,2.0915,2.0568,2.069,-0.5043106907890027,-2.0741251241614704,0.011574572068464795,0.35158491308792145,-0.6700771496393324,0.5082047402505085,0.4357443803982252,0.021970463851961292
2025-04-20 23:00:00,2.125,2.0668,2.113,-0.1299819606422935,0.6478182449670364,0.0139219896296372,0.7938142965954808,-0.08182210880653484,0.49329235172565056,0.4727254326005488,0.027224113545935843
2025-04-21 03:00:00,2.1402,2.1073,2.1298,-0.4598182406784087,0.6488849061908065,0.007167711101257801,0.6838903696381813,-0.5610889086071666,0.47447717431702463,0.4920301297282211,0.03487473720340083
2025-04-21 07:00:00,2.1409,2.118,2.1292,-0.5452463832407514,1.361876933869128,0.0031918258445353676,0.4890827558590646,-0.6384888263374973,0.4527467177235215,0.500688247340458,0.03987214668010687
2025-04-21 11:00:00,2.1388,2.105,2.1286,-0.4018723606317858,1.3523682767323042,-0.004497855543312168,0.6982246454956724,-0.12463596157663948,0.43448570617334475,0.48844846254228164,0.043702636139404484
2025-04-21 15:00:00,2.1305,2.0594,2.0698,-0.17098495413034456,1.3467021166557565,-0.015292987221692922,0.14627283456077927,0.1435255554181181,0.45963899039465184,0.44701961957485975,0.045116865226734255
2025-04-21 19:00:00,2.0906,2.0677,2.0754,-0.5842720230205347,1.341079599955217,-0.003344229334537707,0.33624439465311534,-0.7294137582112422,0.5505225659734342,0.4380986191170449,0.04492374214012912
2025-04-21 23:00:00,2.104,2.0638,2.0839,-0.503068157840397,-0.8594410631800675,0.002095185412181788,0.49999987562191595,-0.4380901938102097,0.5164827415514551,0.44366900340160775,0.044734758809525564
2025-04-22 03:00:00,2.0881,2.0679,2.0762,-0.4643401058606576,-0.8562700383701877,-0.0028932629258454634,0.4108908856975911,-0.6862316137598012,0.5034256445086456,0.4359606862875631,0.04478615378699086
2025-04-22 07:00:00,2.108,2.0762,2.1045,-0.4331417408997781,0.8661545773900964,0.008372429189491326,0.8899368270638821,-0.5305036482005713,0.45472500470982385,0.4582022237371251,0.044853636271894835
2025-04-22 11:00:00,2.1586,2.0943,2.1507,0.21412680575648113,0.8588506010717262,0.012575279135866424,0.8771382772724325,0.2962364575004065,0.5530414042709338,0.49188841562118063,0.05116369798389852
2025-04-22 15:00:00,2.1928,2.1374,2.161,0.48253814585240434,1.3180463064579906,0.018133148004745747,0.4259927028894041,0.5616518788018197,0.47934721880167236,0.54107365743695,0.05868479780908385
2025-04-22 19:00:00,2.2504,2.1415,2.2085,0.4829597959238605,1.309918114602436,0.01806594458278088,0.6152432860198991,0.4905402525069468,0.4463045760311356,0.590965191241152,0.07358233227581847
2025-04-22 23:00:00,2.2343,2.1938,2.217,0.11703673731347038,1.3015573309783237,0.00652496785683887,0.5728393647310208,0.5122884237487869,0.45725414578880036,0.6093103075069538,0.08692123703046063
2025-04-23 03:00:00,2.2495,2.2125,2.2425,-0.1155299452116262,1.2932877864857484,0.008129582295725468,0.8108105916728214,-0.15868411885533795,0.4794787645520349,0.632315976993945,0.10111804701243822
2025-04-23 07:00:00,2.301,2.229,2.268,0.3206079639907143,1.2837959964015115,0.016108542675941973,0.541666591435191,0.7461995178353739,0.48835741493624224,0.6782716631803111,0.11602929584894761
2025-04-23 11:00:00,2.2977,2.2307,2.2372,0.3204125553341758,1.2744186469454146,-0.0008886555363403215,0.09701491089329654,0.9011397094548818,0.47977177334454024,0.6756955997250479,0.12390151154749258
2025-04-23 15:00:00,2.2512,2.1902,2.2217,0.22810131721565188,1.26673425596853,-0.019714077633840255,0.5163933579683002,0.48990975616460136,0.4566754402169617,0.6185985775902219,0.1244522962424897
2025-04-23 19:00:00,2.2303,2.2001,2.2302,-0.5384362029764069,1.259127585541556,-0.001628637291812285,0.9966884116925719,-0.5817802741545977,0.468721584711864,0.6139746168642265,0.12408729172098502
2025-04-23 23:00:00,2.2303,2.1948,2.1956,-0.5054527215841015,1.247767896936696,-0.0027955826513074156,0.022535204919670416,-0.4436335714527865,0.4709554827870301,0.606050439023572,0.12131936335280646
2025-04-24 03:00:00,2.209,2.164,2.1654,-0.3878956291100155,1.2365592073305063,-0.013201770945750146,0.03111110419752902,-0.30380046089374496,0.44161072294895926,0.568734165815331,0.11712843464901414
2025-04-24 07:00:00,2.173,2.1166,2.1564,0.07017613604456888,1.226285986652476,-0.01663575137351292,0.7056736337458106,-0.009133288389689883,0.5315927706586763,0.5223321494185013,0.11581292048776513
2025-04-24 11:00:00,2.2216,2.141,2.1882,0.4593108206976633,1.216140506726618,0.01671586578205475,0.5856078677905887,0.532735730910687,0.4920691031280174,0.5681819786480644,0.1136754035177733
2025-04-24 15:00:00,2.2354,2.1828,2.2017,0.06421740245425421,-0.12542385392245772,0.012927455166754642,0.3593155210426836,0.3075805568210352,0.4880663230794299,0.6042333249877756,0.11277056789616532
2025-04-24 19:00:00,2.2132,2.1864,2.1927,-0.6165848671967351,-0.13199107297569523,-0.004071358418064497,0.23507453915128892,-0.7022910531493869,0.4479797360924038,0.5927325759320573,0.11222980934521998
2025-04-24 23:00:00,2.2174,2.1634,2.1704,-0.36797866026229165,0.8872220969090966,-0.002841053168401886,0.12962960562414147,-0.3084401048680871,0.45114267787530854,0.5847398600711449,0.10433899832763349
2025-04-25 03:00:00,2.2032,2.1649,2.1987,-0.5238841207484897,0.879490088531295,-0.004902628382097207,0.882506296995752,-0.5749279267851208,0.5591730257967406,0.5709865137771708,0.09351041322994068
2025-04-25 07:00:00,2.2099,2.1843,2.1899,-0.3620955970317316,1.190962814059742,0.005245964431213279,0.21874991455082274,-0.34741185166713456,0.5000498482062382,0.5856308713269088,0.08354802700841506
2025-04-25 11:00:00,2.2193,2.1721,2.2115,-0.055358445514079826,1.1821834502911912,0.0013857804714556554,0.8347455858589858,0.2934104919335483,0.5311174068041499,0.5895196368474103,0.06776035223145728
2025-04-25 15:00:00,2.219,2.183,2.1911,-0.20337245349357852,0.3034918371238234,0.0011450760190740983,0.2249999375000232,-0.20354560286640247,0.45340816596738986,0.5927373924873398,0.056211384883330384
2025-04-25 19:00:00,2.2003,2.1782,2.1857,-0.6590357659268324,0.3010573340370301,-0.005084102769975729,0.33936636227767686,-0.864436011503423,0.5377948161323748,0.5784342957092283,0.05266079287008804
2025-04-25 23:00:00,2.2038,2.1763,2.1959,-0.5128709651519902,0.05480369494640903,-0.0004900663249362003,0.7127270135538076,-0.6303427086519229,0.5321456931015065,0.5770626025033867,0.04953557664532133
2025-04-26 03:00:00,2.2355,2.18,2.2177,-0.5601646123474054,0.05411976546916296,0.007541299617232822,0.679279156886633,-0.5202915637917024,0.538096084666683,0.5981603182711516,0.049351364446958014
2025-04-26 07:00:00,2.2483,2.1971,2.2087,-0.06671235282332849,1.1705443041769732,0.007513613351913362,0.22656245574952083,0.08435076892300036,0.4822390381319933,0.6396845365809226,0.04928624469400423
2025-04-26 11:00:00,2.2105,2.1827,2.1911,-0.6130411816480477,1.1652906262989473,-0.012303221893842031,0.3021581646913058,-0.4326683841478184,0.44331014618804787,0.6035968341403545,0.04695318950309119
2025-04-26 15:00:00,2.2069,2.1905,2.195,-0.8782006121310406,0.061504544567018975,0.002121580464095052,0.2743900765914005,-0.8778057851029276,0.5216665857899799,0.6097432723663316,0.03700123977915795
2025-04-26 19:00:00,2.2024,2.186,2.1963,-0.9616262065395571,0.06428926688274544,-0.0022139624849978334,0.6280483975314646,-0.985146029877935,0.5305080639677029,0.6249887956019795,0.03277593444357754
2025-04-26 23:00:00,2.205,2.1581,2.1723,-0.310204906096583,-0.40668390271805455,-0.006758698742121871,0.30277179045377145,-0.2666224978997092,0.44772240014046777,0.6047067093076588,0.03231920861282056
2025-04-27 03:00:00,2.1793,2.16,2.1735,-0.7825247818168876,-0.40668593338124565,-0.00385041896723326,0.699481502859333,-0.7453557133017483,0.38458187579916686,0.5932301344043825,0.02881437522321473
2025-04-27 07:00:00,2.1837,2.1657,2.1815,-0.9117402556760716,0.11791806907653123,0.0021494115024105476,0.8777772901237397,-0.9312147612809046,0.46456433096131183,0.5996120114503228,0.02879440118742631
2025-04-27 11:00:00,2.2721,2.1735,2.237,1.9782126616868283,0.11762742720866612,0.024427265023675204,0.6440161618644868,1.3796255389653083,0.5355594037191681,0.672295570371787,0.032169660875275966
2025-04-27 15:00:00,2.2523,2.2126,2.2445,-0.10896320288391778,1.1660366168890883,0.002132501504347628,0.8035262459631607,-0.21816675566589067,0.5039674651828107,0.6787958466366659,0.03448854687906948
2025-04-27 19:00:00,2.2948,2.2443,2.2618,0.5484570803462117,1.1596926613636989,0.016615887878582924,0.3465345848446381,0.3396096734035615,0.5335515921865351,0.72955228845099,0.04243924215292241
2025-04-27 23:00:00,2.2648,2.2184,2.2473,0.0003620150887502294,1.1509231293483655,-0.012453892238334374,0.622844693352437,0.43984722175966473,0.4582481674525334,0.6908773516865335,0.04654795656699399
2025-04-28 03:00:00,2.294,2.243,2.2908,0.017601034748842972,1.14224805061902,0.013524560374971628,0.9372547181853478,-0.06929598398345775,0.5114096790349543,0.7323541330504372,0.05677945641768887
2025-04-28 07:00:00,2.363,2.2849,2.3277,2.5145827182768556,1.1341642997577905,0.02355981420280595,0.5480152947483635,1.1326277741862965,0.5136494025432593,0.8055839635430596,0.07025438806422146
2025-04-28 11:00:00,2.3327,2.2744,2.2883,0.3899316384329782,1.1261622258456718,-0.009071497438742138,0.23842191450739061,0.148378396918104,0.4788734871505401,0.7767231627790244,0.07640652215164691
2025-04-28 15:00:00,2.2953,2.25,2.2793,0.3220582664018935,1.1195421722177945,-0.014849309546991818,0.6467989742165625,-0.1404245912739665,0.48958038659822634,0.7299089229742075,0.07893986477723328
2025-04-28 19:00:00,2.3061,2.2783,2.3006,-0.7441404637397698,1.112979306483207,0.009683008258601467,0.8021579848352682,-0.6647594659235413,0.5013514015107583,0.7599824720211862,0.08329520982768428
2025-04-28 23:00:00,2.3147,2.2764,2.281,-0.6168049488293122,-0.43531719683866,0.0016911545838231845,0.12010440728344293,-0.39015459562358495,0.529029696851955,0.7652857297759054,0.08478631652354447
2025-04-29 03:00:00,2.2914,2.2647,2.282,-0.5078605113916117,-0.439478775541928,-0.008742518148124545,0.6479398322322774,-0.6602872757099268,0.5435560094593824,0.7378238785602369,0.0843148600788376
2025-04-29 07:00:00,2.3052,2.275,2.2819,-0.4734409625859376,0.515878492314335,0.004624475514855231,0.22847674553749664,-0.48818090429934535,0.4737324943289035,0.7522232067417208,0.08401036277025713
2025-04-29 11:00:00,2.295,2.2636,2.2878,-0.3039512293165509,0.5106480791441025,-0.0030301932822125455,0.7707003914966882,-0.36244679845663225,0.4748051960935534,0.7427443964516315,0.08487462099535788
2025-04-29 15:00:00,2.3044,2.277,2.2989,-0.7114137514321175,0.034603136430155466,0.005537992436756234,0.7992697812884123,-0.6329519228545935,0.46962776345895213,0.7600154115748635,0.08533242559529138
2025-04-29 19:00:00,2.2998,2.2307,2.2374,-0.3014315794037924,0.03943850570184308,-0.01290592298218396,0.0969609121619513,-0.5358697405880559,0.47041863929176364,0.7195435613208762,0.08424977731317852
2025-04-29 23:00:00,2.2513,2.2217,2.2411,-0.10948752893944859,-0.14653515379075704,-0.011841573546519935,0.6554051839847315,-0.33760256836658686,0.5156763783992442,0.6828886685743847,0.08070142191227479
2025-04-30 03:00:00,2.2588,2.2349,2.2396,-0.7691420522656928,-0.14548057771992928,0.004760909789020662,0.1966526373838229,-0.6834933026299074,0.5090926168595381,0.6974512734903561,0.07719475426736062
2025-04-30 07:00:00,2.241,2.2075,2.2314,-0.0023367223842994038,-0.08438486542501232,-0.009898926975099753,0.713432622855926,-0.3831131833479966,0.4523291017876234,0.6670284186132376,0.06968922426713348
2025-04-30 11:00:00,2.2389,2.1235,2.1587,2.9349109597647183,-0.08299174679471595,-0.02402884883877343,0.3050259701017363,1.355201331289617,0.4348227521453973,0.5939104121744171,0.07545256987468436
2025-04-30 15:00:00,2.2144,2.15,2.1907,0.9063540977963921,-0.9566196227266518,0.0026912763508046833,0.6319874795050525,0.04252086303599594,0.5014458394578664,0.6019029859203261,0.07272463398652808
2025-04-30 19:00:00,2.2124,2.1773,2.1939,-0.6022512456905296,-0.9480996161743789,0.009557092838017756,0.47293433819535163,-0.6298036338979682,0.48236303588798496,0.6330975071349287,0.07703869425292262
2025-04-30 23:00:00,2.2204,2.1868,2.2035,-0.9455801326737229,0.03008476031991945,0.0017330775723960468,0.49702366160010103,-0.7522571556417584,0.48291227151412613,0.6397726002988594,0.07972242350435947
2025-05-01 03:00:00,2.2153,2.196,2.1968,-0.8563381312654356,0.030349809676052573,0.001848103787223554,0.04145075572499274,-0.8386202108794963,0.4638342478405421,0.6453748905428272,0.08347156328870567
2025-05-01 07:00:00,2.2467,2.1932,2.236,-0.23166786129059055,1.139774691551194,0.005651793614932066,0.7999998504673193,-0.5219275482199182,0.523465746029523,0.662539242965898,0.08226315116405576
2025-05-01 11:00:00,2.2454,2.2157,2.2439,0.13964981929950918,1.1379585589064825,0.006556532407255178,0.949494629799786,-0.2794408477786151,0.5102041552008107,0.6825638025569147,0.08041307404863932
2025-05-01 15:00:00,2.2567,2.2224,2.2335,-0.278949040493007,1.1334786850214966,0.003911314986590808,0.32361506600143525,-0.4250856737644496,0.4551695921587989,0.694587823521522,0.07402250303475283
2025-05-01 19:00:00,2.2341,2.2108,2.2155,-0.9849743242030725,1.1290265344664145,-0.009142587674559777,0.20171665162375826,-0.80436398168762,0.46290502866084904,0.6663720854107036,0.07320364874166434
2025-05-01 23:00:00,2.2306,2.2076,2.2275,-0.8322388519233256,1.1257913160645225,-0.0015712315200364646,0.8652170151230428,-0.7646244367022687,0.5654475426535893,0.6615673040811495,0.07121981896166239
2025-05-02 03:00:00,2.2336,2.2045,2.2107,-0.6862218872945804,1.1225709116682698,0.0004582526832281886,0.21305834602806592,-0.7043136350242054,0.4232352188190945,0.6629664259577241,0.0675782247154413
2025-05-02 07:00:00,2.2162,2.192,2.2122,-0.5966448331377024,1.0656593345046081,-0.005834591687472357,0.8347103988800002,-0.7120085647072876,0.5238096422598576,0.645144281044898,0.06508097421359352
2025-05-02 11:00:00,2.2411,2.206,2.2342,-0.19009786899475267,1.06102307533972,0.006855913849415529,0.8034185745246247,-0.3771588766661086,0.5156301994077068,0.6659639347345546,0.06081617983068208
2025-05-02 15:00:00,2.2376,2.2092,2.2129,-0.48588421610121457,1.1104357798380535,0.00028468007820947605,0.1302816442670202,-0.47894401210986287,0.5086885713946493,0.6964509019444671,0.05733117017498761
2025-05-02 19:00:00,2.2166,2.1951,2.1992,-0.8980386844799287,1.1078200159272709,-0.007062212750249208,0.1906975857220418,-0.8521211396568008,0.46040027492444535,0.7096264591663728,0.05194595016771668
2025-05-02 23:00:00,2.22,2.197,2.2186,-1.0749934246182578,0.32670379115372844,0.0004664516586765366,0.9391300264651936,-0.9302642125066811,0.5321857491130451,0.7426339761677219,0.039442644603848095
2025-05-03 03:00:00,2.2198,2.2034,2.2044,-1.2538603279328127,0.32377816308540636,0.002533117546337671,0.060975572575889196,-1.0425544935333413,0.410575599156549,0.7514725759735336,0.038990301310584514
2025-05-03 07:00:00,2.2074,2.1829,2.1846,-0.965148571247094,1.0930647074902673,-0.0073889134885763985,0.06938772678052182,-0.9227790830889089,0.3931620630114228,0.7256257370171788,0.03958430946639175
2025-05-03 11:00:00,2.2145,2.1834,2.2115,-0.8165699060651347,1.084270537574461,0.0012984863275660175,0.9035366869656929,-0.8795338933918985,0.5597726806734683,0.7346384780511537,0.03734818155919507
2025-05-03 15:00:00,2.2156,2.176,2.1826,-0.7759032520764229,0.7963272282742885,-0.0023485642674772045,0.1666666245791296,-0.6655629456963047,0.4680533795474579,0.7504273995813515,0.038467853674533696
2025-05-03 19:00:00,2.1993,2.1794,2.1939,-1.09012177511348,0.7888764124375972,-0.001216963302595353,0.728642849928227,-0.9919218940352607,0.5217640573413107,0.7460399115116658,0.03250492865363068
2025-05-03 23:00:00,2.2188,2.1844,2.2009,-1.0086587282556123,0.5109041289560866,0.0032660994001236787,0.4796510233572563,-0.7681699964753588,0.46946397577937504,0.7578007699300671,0.03158345043513777
2025-05-04 03:00:00,2.2125,2.1895,2.2095,-1.007658290573759,0.5048625996142958,0.001899089613360161,0.8695648393196308,-0.830688258575351,0.4769418060533279,0.7875307028361536,0.03063673597254588
2025-05-04 07:00:00,2.2122,2.1781,2.186,-0.7248879448211212,1.0550927494289843,-0.005730008529665431,0.231671486313341,-0.7709909518182255,0.4664498576835386,0.7685304569021417,0.03255914109492524
2025-05-04 11:00:00,2.193,2.172,2.1905,-0.9123426054391108,1.0498175699162038,-0.002111380597627943,0.8809519614514488,-0.8818230691014332,0.45073692246133706,0.7606807315427634,0.03306274971574541
2025-05-04 15:00:00,2.2054,2.1677,2.1695,-0.6526817359629177,-0.3942341888343939,-0.0014127565742665382,0.04774534542564425,-0.7603792120243077,0.5505709498908286,0.7554394517684015,0.035454282915731085
2025-05-04 19:00:00,2.1858,2.1549,2.1624,-0.6711125830053548,-0.39230574787245387,-0.004989926609729967,0.24271836805230346,-0.7369112923533417,0.47101661474355255,0.7369531440643683,0.036343204652979064
2025-05-04 23:00:00,2.1704,2.1318,2.1601,0.07435934201281608,-0.8892575657176923,-0.00911370634947839,0.7331604318237211,-0.3567071158311539,0.4609234976418032,0.7033578437193136,0.03793969949064514
2025-05-05 03:00:00,2.1858,2.1464,2.174,-0.39579705336546245,-0.8860723422243953,0.0059824550522016295,0.7005074364194323,-0.7413005285419217,0.575466655844786,0.7252096208451257,0.03838665680484179
2025-05-05 07:00:00,2.2,2.1469,2.1543,0.1716949421312199,0.9682954445425472,0.005036708144701807,0.13935967243697417,-0.511201683960542,0.5187201031268563,0.7437169824529789,0.04026094265575756
2025-05-05 11:00:00,2.1644,2.1223,2.1334,0.9869983748411576,0.9605078663239511,-0.015400740349248099,0.26365789461807443,-0.03097195742041267,0.5331816634543264,0.6868420036750569,0.04705319590154479
2025-05-05 15:00:00,2.162,2.1067,2.1556,0.02137854768672999,-1.0901093981609387,-0.005137505308446921,0.8842674711993768,-0.21655408795024023,0.504556304895051,0.6681613771755844,0.0475322252802425
2025-05-05 19:00:00,2.162,2.1153,2.1455,-0.4282004989038408,-1.0828711342945396,0.0042342059728719406,0.6466808037086127,-0.6327644423819703,0.4856063148919357,0.6834783941190986,0.045968383907785945
2025-05-05 23:00:00,2.1479,2.0939,2.113,-0.05591538203023826,0.46485085101136975,-0.009989777021191748,0.35370363820302914,-0.47805095205765713,0.5351373423567559,0.6471878886711179,0.05310442190544996
2025-05-06 03:00:00,2.1247,2.1019,2.1071,-0.4697892020968798,0.46006620086030847,-0.002125493614042573,0.22807007540785892,-0.7870688831212365,0.502387078531843,0.6395436065621016,0.060044106803223016
2025-05-06 07:00:00,2.1145,2.0803,2.0926,-0.030015577072107898,0.353548902943454,-0.00839031626899156,0.3596490176464895,-0.32179355433110884,0.5077432575578757,0.6094321918160618,0.06587642951965723
2025-05-06 11:00:00,2.1229,2.0777,2.1056,0.15649034905205753,0.34984383975903516,0.0007904260606723668,0.617256500606966,-0.04951651595650645,0.4803576756248635,0.6122450953525971,0.0680281097338243
2025-05-06 15:00:00,2.1422,2.1016,2.1415,-0.45308432418187006,0.3475184746694652,0.010924581863754224,0.9827583786309485,-0.44981331255119744,0.454957578231133,0.6511533324675757,0.0665915278776667
2025-05-06 19:00:00,2.1517,2.1112,2.1491,-0.3363019685506484,0.33953132144646125,0.006863433143986519,0.9358022380735171,-0.39517200850694345,0.48254666398312707,0.6758647065517107,0.062400028367016885
2025-05-06 23:00:00,2.1716,2.141,2.1477,-0.22292194451394395,0.7131287142031738,0.009613439093211884,0.21895417681235685,-0.35183239972322566,0.5376765181982386,0.7107148712839491,0.06144630015601583
2025-05-07 03:00:00,2.1545,2.1284,2.1324,-0.48846262807648666,0.7076857698909208,-0.007282530889804795,0.15325664626182142,-0.7638443564151178,0.5515672509188791,0.6840608024797395,0.06000389759895818
2025-05-07 07:00:00,2.1514,2.1305,2.1431,-0.5054843989483552,1.0086023601062077,5.2541522207461e-05,0.6028705249423258,-0.7647039842479468,0.5687482582664566,0.6842517040471374,0.055679584265699536
2025-05-07 11:00:00,2.145,2.122,2.1288,-0.4683158236972572,0.9997942794855701,-0.002345183757477276,0.2956520453686803,-0.6141231593909565,0.4655202199331738,0.6757303906338781,0.04966407263162431
2025-05-07 15:00:00,2.1346,2.1039,2.1235,0.11722228457749397,-0.36410914345977197,-0.007323950343453123,0.6384362741249952,0.011335694953493354,0.46712278198930896,0.6491809511956992,0.046964526366383916
2025-05-07 19:00:00,2.1368,2.1055,2.1276,-0.6443397182350485,-0.36758930736787987,0.000587178224225493,0.7060700619584496,-0.5093104827942904,0.5375363001451842,0.651293892581851,0.04182467877607488
2025-05-07 23:00:00,2.1714,2.1176,2.1704,0.11854108849192926,0.6204923385192882,0.01161485608715318,0.981412456986526,-0.24144813905238763,0.5874421313587602,0.6931141089113336,0.04112366920211331
2025-05-08 03:00:00,2.2068,2.1664,2.1767,0.9347241715207634,0.6139990260342381,0.017409932625603197,0.25495043194296185,0.014020643826278325,0.4888293256464112,0.7565280479742534,0.04287167979267158
2025-05-08 07:00:00,2.2188,2.1766,2.215,0.2023032091008335,0.9788057954426518,0.009311633107786044,0.9099523910065414,-0.11408868562469153,0.5314828936602649,0.7910352279905263,0.051596467646172074
2025-05-08 11:00:00,2.2392,2.2025,2.2227,0.6022952298717248,0.9713810191938816,0.0049396676630690806,0.5504085693709659,0.03490815043845922,0.50600800264608,0.8095111714045565,0.05967974754783117
2025-05-08 15:00:00,2.275,2.2225,2.2487,1.8860487849343615,0.9649660414351319,0.01532346543952956,0.49904752399094576,0.9319900810681321,0.5328515027424459,0.8671089686972823,0.07214343723417975
2025-05-08 19:00:00,2.3297,2.2419,2.2947,2.306213350893034,0.9586005064110872,0.01918239839756497,0.6013666741040273,0.9909899775166924,0.5208362371883724,0.9403165758551261,0.09025568675732386
2025-05-08 23:00:00,2.333,2.2888,2.3089,1.1433415674253649,0.9500633119806208,0.009531430583210598,0.45475102833686637,0.32212495899165844,0.4746894347297223,0.977390052020986,0.10724695716273865
2025-05-09 03:00:00,2.331,2.2845,2.3114,0.646718031960289,0.9415947750972122,-0.003274663453109894,0.5784944992484933,0.06407515040897378,0.4353633164184849,0.9645315097299609,0.12079991132391274
2025-05-09 07:00:00,2.4273,2.31,2.4039,4.614920665257435,0.9366828834170676,0.02743275280393509,0.8005114407066147,2.9476269223175806,0.5008319214173389,0.9999999841622244,0.1418350560209755
2025-05-09 11:00:00,2.4291,2.3344,2.3549,2.60471097682608,0.931801735564629,0.0076033403472077765,0.21647305000284778,2.268189771833994,0.4741111244955467,0.9999999846014469,0.15416001037736882
2025-05-09 15:00:00,2.3679,2.3224,2.3598,0.5619325797954137,0.9234756583037076,-0.016993237708013087,0.8219778413235469,0.5810325421800107,0.47692266381017134,0.9375471955204044,0.15889437723221894
2025-05-09 19:00:00,2.3629,2.3391,2.3398,-0.7559150547550135,0.9152125845394995,0.0024853941030782423,0.02941175234799114,-0.550497073214447,0.4266145505033711,0.9465261852499182,0.16104302536510995
2025-05-09 23:00:00,2.3799,2.3315,2.3719,-0.1733620714649949,0.9117500190434097,0.002594290617415229,0.8347105713407909,-0.08782280155506454,0.48847880360815543,0.9559218798083357,0.1643920584865287
2025-05-10 03:00:00,2.3951,2.35,2.3942,-0.350480445731059,0.9083035166626876,0.005789111299022265,0.9800441285933266,-0.16720969202410066,0.4780196278960269,0.976942590322161,0.16914520861656124
2025-05-10 07:00:00,2.44,2.368,2.3919,1.1012347066291988,0.9070299538814166,0.01219324735120364,0.33194439834105904,0.7425095014764137,0.4756336629688941,0.9999999849251572,0.1724400217421744
2025-05-10 11:00:00,2.4208,2.3698,2.413,0.16917927943740552,0.9062870537671811,-0.0011733299442183709,0.8470586574394775,0.2911541249670227,0.45710245390780774,0.9957538001327281,0.17203732852837522
2025-05-10 15:00:00,2.4496,2.3911,2.4245,0.8244843444871821,0.9004471653093387,0.0106982010526957,0.5709400733435783,0.7822449962526541,0.4448033638071775,0.9999999854268284,0.17162579966456581
2025-05-10 19:00:00,2.4497,2.4042,2.4487,-0.43232772067811565,0.8947475516383137,0.0015508310543619341,0.9780217630721424,-0.11633253162934716,0.45947550710862856,0.9999999855062134,0.16770414651690438
2025-05-10 23:00:00,2.4844,2.3829,2.3947,1.9568136722996212,0.8900950973050354,0.0026387440742601243,0.11625614618166064,1.8816143355837152,0.48792207139128646,0.9999999856395221,0.1587535481575705
2025-05-11 03:00:00,2.418,2.3718,2.3861,-0.11345035002497975,0.8856551270466348,-0.01398134468388168,0.3095237425273264,0.08362598520808537,0.4552218163379283,0.951137800902168,0.1419974041604543
2025-05-11 07:00:00,2.386,2.3416,2.376,0.26739709855784344,0.8851469431231344,-0.014854883455744483,0.7747746002759857,0.43513037563896645,0.4661216814802513,0.899948603594896,0.12821063098446928
2025-05-11 11:00:00,2.3892,2.3455,2.3603,0.03535590622841326,0.885264957780128,0.002686456455280428,0.3386726913792479,0.01238116731139859,0.4875561807970249,0.9090684827766282,0.11104008908375937
2025-05-11 15:00:00,2.3811,2.3283,2.3745,0.20433469884599215,0.21569765443132213,-0.007582899893507022,0.8749998342803312,0.3303085888397639,0.48372194723375406,0.8832571903630032,0.09648971971574163
2025-05-11 19:00:00,2.3841,2.356,2.3668,-0.660756541607871,0.21044367675271303,0.007660405982836016,0.3843415002343434,-0.36039645157761413,0.5031074162499646,0.9091345793388448,0.08018692650721108
2025-05-11 23:00:00,2.4082,2.3515,2.3931,0.5662344863546157,0.7743112462169703,0.0058021065834248375,0.7336859376215285,0.3882023633088014,0.5179733226123875,0.9288846459070226,0.06489136838049715
2025-05-12 03:00:00,2.415,2.3745,2.3977,0.624497868339506,0.7675984541978063,0.004922450600750361,0.5728393647310208,0.1809638477803867,0.5123481200480264,0.945737628363246,0.05739890843533555
2025-05-12 07:00:00,2.455,2.3911,2.4346,2.8997111016500505,0.8636445202532059,0.011172262762452645,0.6807510671751088,2.008472694890829,0.5138054823896535,0.9841763638545821,0.05327700645442837
2025-05-12 11:00:00,2.6549,2.4304,2.5443,5.0,0.8626888015180785,0.05347809115355773,0.5073496433251816,5.0,0.5228792356838295,0.9999999877284586,0.06963662430806446
2025-05-12 15:00:00,2.6144,2.43,2.4678,3.6361887109821156,0.862264491043394,-0.0008128758150871551,0.20498914289646678,4.23492604873867,0.49409183346447433,0.9974541364245375,0.07629611495175825
2025-05-12 19:00:00,2.5563,2.4583,2.5298,0.6987578091957598,0.8618404449197017,-0.013462512249257541,0.7295917622865549,1.0282616581634718,0.49333654113401015,0.955325076136634,0.08543822604779633
2025-05-12 23:00:00,2.549,2.4267,2.4513,0.7052095372469749,0.8570706966342423,-0.013794715912744282,0.20114470963657272,1.3768152479787887,0.4766864751137434,0.9127375890910099,0.0874129464641031
2025-05-13 03:00:00,2.5103,2.4215,2.4991,0.48926276497871324,0.8523283929341277,-0.005105645957927951,0.8738737754646638,0.7987126984434634,0.5446657515168826,0.8971927126401842,0.08634449486462914
2025-05-13 07:00:00,2.5676,2.4864,2.5528,0.5110460665394239,0.8523283929341277,0.024267593537911303,0.8177338894416374,0.8785797480471147,0.534730647131989,0.9707016690278227,0.09415983811846758
2025-05-13 11:00:00,2.563,2.5047,2.5224,0.5528896982914324,0.8523283929341277,0.003230124003908541,0.30360200624322436,1.065785855038442,0.4427636837658837,0.9807234792020825,0.09965264998769391
2025-05-13 15:00:00,2.5753,2.5186,2.5723,0.26397288246742245,0.8478778317566417,0.006772391308058845,0.9470897800547102,0.5818054233542975,0.5318449836910428,0.9999999877505498,0.10694520123334546
2025-05-13 19:00:00,2.6053,2.5586,2.5796,0.16595833632134058,0.8434514592612522,0.010078042730768955,0.44967870456558623,0.5534564936778247,0.47145617814150065,0.9999999881249098,0.11549669814227077
2025-05-13 23:00:00,2.602,2.5406,2.555,0.25530704230100265,0.8375926767732005,-0.0018216879969539246,0.2345276490997349,0.41759240577189655,0.4881767784793347,0.9944200990237511,0.12123309318850653
2025-05-14 03:00:00,2.5986,2.5415,2.5913,-0.10058523109853584,0.8317709116428321,-0.0013615739699237572,0.8721539628451921,-0.24124076664714791,0.5459153051041645,0.9902571514621249,0.12765082281399012
2025-05-14 07:00:00,2.6516,2.5618,2.6031,2.0458307596954537,0.8241216955716753,0.014974077070710523,0.4599108619252934,2.225721607948321,0.5160861608782059,0.9999999885373071,0.13230729449761625
2025-05-14 11:00:00,2.6262,2.5462,2.5674,0.5471418588558425,0.8165164733820499,-0.009727442725660063,0.26499996687500804,0.8475686559149559,0.4443671772943352,0.9709014388492334,0.1331631480866394
2025-05-14 15:00:00,2.5746,2.5194,2.5626,-0.015715334667106458,0.8163314856779442,-0.013759242621834478,0.7826085538752623,0.468741981917303,0.46897552359388384,0.9269574250754111,0.1293464557232204
2025-05-14 19:00:00,2.5721,2.5462,2.5491,-0.5893633442038123,0.8161465480779956,0.004257480300085881,0.11196906873782453,-0.47400340215588543,0.5057642589730991,0.9399629108735634,0.12100404066653726
2025-05-14 23:00:00,2.5719,2.5117,2.538,-0.27738625622373364,0.00693283306803157,-0.00638503643300059,0.43687700384102884,-0.1812101688545452,0.5450661452244321,0.9203752585375043,0.11171548183336633
2025-05-15 03:00:00,2.55,2.4868,2.4963,-0.15436332431613212,-0.011742391393337754,-0.010750489081639336,0.1503164319119587,0.07012061053278294,0.5134892997341827,0.8876060952042196,0.09952398799801226
2025-05-15 07:00:00,2.502,2.4479,2.462,0.3034485442769667,0.7739281280092271,-0.017799954105482962,0.26062841762876027,0.9379223862556565,0.4778672770735022,0.8339323552922223,0.09150297334243793
2025-05-15 11:00:00,2.4894,2.4041,2.4261,0.6216758085374072,0.7747867686790875,-0.007410891829939037,0.25791321712623333,1.6351586293674842,0.5052298778546521,0.8119834229780307,0.0877901111166538
2025-05-15 15:00:00,2.5056,2.4239,2.4322,0.2879423067897141,-0.38475563920513045,0.0053560143883408795,0.1015911748358389,1.367668692457483,0.495683520577289,0.8277288399171636,0.08792729574032122
2025-05-15 19:00:00,2.4595,2.3813,2.3832,0.24431600110386514,-0.4025394325134816,-0.016527327053964425,0.02429667208482476,0.9164581036959706,0.44687152567602184,0.7788821733171003,0.10388447014079992
2025-05-15 23:00:00,2.4024,2.3471,2.3985,0.9256939279556993,0.6670642906498836,-0.019981249016125635,0.9294754196246936,2.1991560702711834,0.4934971353950764,0.7208034261076227,0.11100540704392108
2025-05-16 03:00:00,2.4294,2.3918,2.4187,-0.26878059341351196,0.6604904213318492,0.01587298008741933,0.7154253416421971,0.18545075654512383,0.49764271456434594,0.7660189392859773,0.11526999328867729
2025-05-16 07:00:00,2.4314,2.3718,2.4301,-0.21295493964137988,-0.18478185140836156,-0.0034330345542129548,0.9781877553376236,0.1785401402560044,0.47478305607301313,0.7525828613434284,0.1164766395360882
2025-05-16 11:00:00,2.4399,2.4049,2.4156,-0.28001261162531155,-0.18068199629209797,0.008227661093229699,0.3057141983673687,0.21926885619420405,0.4457474196529314,0.7703718039978805,0.12196813856107837
2025-05-16 15:00:00,2.4346,2.394,2.4073,-0.4346475753993463,0.5863438812504836,-0.005542664365384975,0.3275861262103162,-0.041316067650640304,0.4696525679832974,0.7535650661927696,0.12564957363037982
2025-05-16 19:00:00,2.4229,2.3616,2.3716,-0.5245215758944103,0.5795151519328052,-0.008580870907893945,0.16313211041890266,-0.18530798163633422,0.4449630267292521,0.6699137767739931,0.13523437442596947
2025-05-16 23:00:00,2.393,2.3126,2.3469,0.11079452957210052,0.4951073048351152,-0.019016688706173124,0.426616862361089,1.0792885979065494,0.44333506633071995,0.6009998631227333,0.14228258773092384
2025-05-17 03:00:00,2.3817,2.3378,2.3749,-0.6670466077705063,0.48982941692905907,0.008659936302443771,0.8451023131885353,-0.3747400118380477,0.47544227339531736,0.6317855135592595,0.13937428992814344
2025-05-17 07:00:00,2.3892,2.3522,2.3563,-0.5904630305222035,0.34899172047899346,0.0013874818890693419,0.11081078086195582,-0.1830677532591796,0.44890265908539667,0.636760658415893,0.14172981529997805
2025-05-17 11:00:00,2.3614,2.3164,2.3497,-0.39633289800829036,0.3479368132879692,-0.013018442131228491,0.7399998355555883,-0.006609323522766138,0.48156621159744784,0.5900151828676088,0.13684960768657717
2025-05-17 15:00:00,2.3505,2.2984,2.3276,-0.18331297803322746,-0.19186534725486415,-0.006363534738923371,0.5604605450171698,0.33285685016494493,0.485077808805582,0.5674630291831615,0.12925884317387112
2025-05-17 19:00:00,2.3629,2.3235,2.3435,-0.6186416678640322,-0.19310395628396265,0.008860918818467622,0.5076140843619124,-0.4442702221564876,0.5166735723201911,0.5986659954813148,0.11999377049662796
2025-05-17 23:00:00,2.3689,2.3397,2.3606,-0.7890931853076057,-0.07590568333288313,0.0058890487169891426,0.7157531795365746,-0.601349283763897,0.5566031264803597,0.6056189043058468,0.10636092236729108
2025-05-18 03:00:00,2.3875,2.351,2.3805,-0.7298661278509965,-0.08742407997588804,0.005419592188547595,0.8082189566523384,-0.7612149021714261,0.4776065279430547,0.6235525781261229,0.09020830708446427
2025-05-18 07:00:00,2.4062,2.3794,2.3919,-0.6143692867795277,-0.3725688703185576,0.009908465110340048,0.46641773641129625,-0.5293219584627835,0.5227553900456943,0.6460757966249369,0.07177583798940329
2025-05-18 11:00:00,2.4394,2.38,2.4282,-0.3995958363512956,-0.38571272105466126,0.005929777174262352,0.8114476748404574,-0.29881076234414045,0.49797472722570313,0.6678325023651696,0.060264588681313576
2025-05-18 15:00:00,2.4497,2.3653,2.3982,0.1017741358940071,-0.5873712450265989,0.0008684662386886366,0.389810380354222,1.1714839515907225,0.46700026351382035,0.671296946463082,0.054307550126563804
2025-05-18 19:00:00,2.4091,2.332,2.4049,0.027789769858182014,-0.5865379851473869,-0.017130917299729043,0.9455251691925854,1.1090888990618148,0.4787007867598444,0.5950467379006782,0.05248022356553195
2025-05-18 23:00:00,2.441,2.3724,2.3748,0.2190788956250371,0.3664415377462851,0.014367406758540868,0.0349854176406123,0.9834845217260466,0.5213553204373707,0.6525425797103053,0.05000197780377953
2025-05-19 03:00:00,2.3759,2.2832,2.2851,0.5507689915172379,0.36113967637628347,-0.030830754156165208,0.020496222168692412,1.0660135746920167,0.49548242719353297,0.5273906691168495,0.06460002285312638
2025-05-19 07:00:00,2.324,2.2827,2.3151,0.11763422107980605,-0.891038796646461,-0.01036458638228055,0.7845034420088577,0.40271898360243824,0.5205173665700432,0.47714332994523606,0.0676245718755131
2025-05-19 11:00:00,2.349,2.2906,2.3445,-0.23246806180161628,-0.8861078406826919,0.005105922190579593,0.9229450474409139,0.33887891387384883,0.45068558008033716,0.479148162390568,0.06516020539885745
2025-05-19 15:00:00,2.3823,2.3347,2.3679,-0.24033013267489775,-0.39108377307114,0.016557222492258106,0.6974788450674726,0.492494961659501,0.5018227225084227,0.5475313383756445,0.0599857757341951
2025-05-19 19:00:00,2.401,2.3623,2.3758,-0.3423469766567994,-0.3896140251083018,0.010261296088947658,0.3488371191635372,-0.48023625684182814,0.5210759205260604,0.5906133359698353,0.05678716430598471
2025-05-19 23:00:00,2.409,2.3733,2.3903,0.042581568686918723,0.8294676094495962,0.00454379864003962,0.47619034280382494,0.2476450216866833,0.5587725156139525,0.6098862065547997,0.054914447984341516
2025-05-20 03:00:00,2.3927,2.3578,2.366,-0.3569920323926356,0.8294676094495962,-0.005593984694309495,0.2349569527343975,-0.4439564157295431,0.5499120631834795,0.5860510790950575,0.05540969426521467
2025-05-20 07:00:00,2.3673,2.3365,2.3449,-0.300495769700761,0.8273274209720731,-0.010953390195823642,0.272727184179483,-0.1948067537140597,0.5120273250763473,0.5396414062873242,0.05600782480793751
2025-05-20 11:00:00,2.3506,2.3203,2.3293,-0.31360311519902423,0.8251934668608372,-0.007516959338933593,0.2970296049407211,0.0032415925882366262,0.4426723012492037,0.5081408003852796,0.057722072780681186
2025-05-20 15:00:00,2.3553,2.3141,2.3181,-0.22933096691243865,-1.0893341842424196,0.0016895629661262124,0.09708735507588395,-0.11125791857097246,0.4110746062695564,0.5151678688072375,0.060387657403665806
2025-05-20 19:00:00,2.371,2.3145,2.3493,-0.15250830496824488,-1.0796001599851976,0.004703422568998361,0.6159290945258244,-0.04556747411437823,0.5372610953652635,0.5347629446221088,0.05959626072553875
2025-05-20 23:00:00,2.3648,2.3311,2.3564,-0.43616385728707907,-0.2959519299477141,0.001115874143319484,0.7507416169906164,-0.3219556734396653,0.5573253163878029,0.5394336884162805,0.05803742252273397
2025-05-21 03:00:00,2.3944,2.3541,2.3773,-0.07152250587743086,-0.2929202097749999,0.00994826152288053,0.5756822392848037,-0.11934995398536986,0.5295510889148118,0.5811208544937402,0.057377286420469624
2025-05-21 07:00:00,2.3812,2.3308,2.344,-0.29333863074855554,-0.13940125404305265,-0.010673722286423604,0.2619047099395381,0.04592864050622056,0.4558886374497707,0.5359487625144737,0.05863841275908592
2025-05-21 11:00:00,2.4007,2.3415,2.4001,-0.12019389215157619,-0.13797263521496472,0.007929868377183569,0.9898646976579913,-0.04980670409677583,0.5040236657520163,0.5691504248359076,0.05863659199812681
2025-05-21 15:00:00,2.4288,2.3349,2.3582,1.3298191072832801,0.4637192687305119,0.006020765318787591,0.24813628880337674,2.2735937860666073,0.4795985931413241,0.594558739767899,0.058574768397624266
2025-05-21 19:00:00,2.4004,2.3527,2.3921,-0.46843246566755115,0.45910286554036905,-0.0005591314848122364,0.8259956339631841,-0.15091448772017388,0.4701410544452017,0.5921849346724943,0.052981901632915565
2025-05-21 23:00:00,2.4164,2.385,2.4036,0.26237040754956326,0.8334814501775561,0.008612408329861543,0.5923564992495262,0.4921606414326554,0.5302108102946407,0.6287286606977931,0.05333914555710044
2025-05-22 03:00:00,2.4233,2.393,2.395,-0.12719429811990773,0.8261466270145631,0.003206501768056036,0.06600657887572393,-0.03431203830453608,0.5135416353515239,0.6424515008433533,0.052424722235077374
2025-05-22 07:00:00,2.4555,2.3881,2.4218,0.31597337647856694,0.8213975164966284,0.007329131190549898,0.4999999258160381,0.32026046513657797,0.5327630969953434,0.6739185018755476,0.056543320371842246
2025-05-22 11:00:00,2.442,2.4089,2.4254,-0.12652246269168033,0.8166746600657177,-0.0006861046406174687,0.4984892753808737,0.2272171652643763,0.46065768494213866,0.6709511803355015,0.05278330220424927
2025-05-22 15:00:00,2.4389,2.4179,2.431,-0.6366428116493387,0.8155136157008178,0.0018381768730975079,0.623809226757519,-0.42714220573136086,0.4410893541193373,0.6788956237566648,0.05309816800389324
2025-05-22 19:00:00,2.4326,2.4053,2.4148,-0.7170942339442533,0.8143544737132598,-0.004091674066235895,0.3479852205182381,-0.629515722646687,0.44832997719962825,0.6611792518963149,0.05408547400501954
2025-05-22 23:00:00,2.4799,2.4149,2.4608,0.17046877713659242,0.8073200901527644,0.012033319680404553,0.7061537375148063,0.24912714557970528,0.5146931648426024,0.7130686428822927,0.06078175117132256
2025-05-23 03:00:00,2.478,2.41,2.4204,-0.03396901921451263,0.8003276091043287,-0.0007806367983894669,0.15294115397923816,0.23486965890621012,0.4285093141034573,0.7096619188836281,0.0632599054835523
2025-05-23 07:00:00,2.4541,2.4173,2.4421,-0.44568110130686484,0.797728296685127,-0.003380366332997764,0.6739128603497654,-0.52613914511264,0.48347209653999673,0.694921407879407,0.06610110010848405
2025-05-23 11:00:00,2.4437,2.3,2.3758,1.5777617541173665,0.7955198900476296,-0.03218851119611721,0.5274877851435076,2.593917214427199,0.4616282435092026,0.5550338462225026,0.06758164420681671
2025-05-23 15:00:00,2.3818,2.3456,2.3505,-0.47269721843482765,-0.5274215232565747,0.0006808009343719501,0.13535907863007995,-0.043568709715919765,0.4518527134453211,0.5578972930747663,0.06780161552735384
2025-05-23 19:00:00,2.3621,2.3139,2.3162,-0.5265306830280057,-0.538158145224708,-0.01107537470658626,0.04771783242368555,-0.2200667214531121,0.4933661330111538,0.5112825838588153,0.0707280282136331
2025-05-23 23:00:00,2.329,2.2838,2.3281,-0.29363806015028965,-1.171108453832168,-0.013042885234293644,0.9800882787415286,0.3136386661449174,0.49519707556034875,0.4569948872305891,0.06892098983158079
2025-05-24 03:00:00,2.3481,2.3261,2.3378,-0.879171701016786,-1.1890614594029953,0.01396710907388643,0.5318179400827607,-0.7768816321413753,0.5163742477508423,0.514371188639192,0.06976952777039512
2025-05-24 07:00:00,2.36,2.3314,2.3546,-0.9065266473760828,-0.34286249332232865,0.0038848361723482494,0.8111885275564639,-0.7229222892967124,0.5485739765290648,0.5305528311023487,0.06939800647422364
2025-05-24 11:00:00,2.3595,2.343,2.3537,-0.920913461907592,-0.33968860681799995,0.0020108006165708847,0.6484844554639551,-0.8013558569049927,0.4386215957326469,0.5389610265093953,0.07052116568288662
2025-05-24 15:00:00,2.3554,2.3403,2.3454,-1.046023335786605,0.8044433933030276,-0.0007592202614504773,0.33774812069661814,-0.9007326824275538,0.46801701835721266,0.535779950994111,0.07064453083103354
2025-05-24 19:00:00,2.3508,2.3285,2.332,-0.9934746793085215,0.8019252589297688,-0.004264882260286873,0.15695060226429666,-0.9163990640766262,0.41159137037936716,0.5179239835664406,0.07376191711334987
2025-05-24 23:00:00,2.3365,2.2927,2.3166,-0.5933041152300793,0.4437590899542152,-0.01083060127252422,0.5456619758762662,-0.16251167343442932,0.4926266650963658,0.47277242661159696,0.07806847427910266
2025-05-25 03:00:00,2.3261,2.313,2.3192,-0.939384628373851,0.4380171047719643,0.002626954395207992,0.47328208146405376,-0.8703772053571889,0.43139551743639976,0.48360529255468326,0.0813355064287206
2025-05-25 07:00:00,2.3192,2.2781,2.284,-0.49700906465791733,-1.5876157749705198,-0.011706317458874627,0.14355227650796185,-0.180393785863149,0.46118437786102157,0.4352047189345043,0.08942435839387465
2025-05-25 11:00:00,2.3109,2.2806,2.2921,-0.7779875826038714,-1.5942255119624469,0.002261097139705903,0.379537828535365,-0.6460749751090481,0.5255013782289262,0.44444394197085174,0.0936456676804336
2025-05-25 15:00:00,2.307,2.266,2.3023,-0.540903611526471,-1.6636221069859884,-0.006399552975911105,0.8853656377156942,-0.2924837199228167,0.48946335041304295,0.41823516575552117,0.09344994285045975
2025-05-25 19:00:00,2.3403,2.2994,2.3381,-0.719456277814566,-1.6794630984384873,0.014767127196564145,0.9462100376014531,-0.5457477305042193,0.5507501097204891,0.4783255385005433,0.08847368078004657
2025-05-25 23:00:00,2.354,2.3276,2.3414,-0.6521634282117148,0.019221350876040127,0.010572558812490529,0.5227270747245986,-0.513945959335752,0.46098130267090937,0.5219826886110962,0.08310466605589961
2025-05-26 03:00:00,2.3496,2.3359,2.3458,-0.7812077092903662,0.015941002247085535,0.0007463214209835201,0.7226272097611598,-0.8919939181999424,0.5456108294902329,0.5250970476624236,0.07894003517276682
2025-05-26 07:00:00,2.3593,2.3323,2.335,-0.636216186265568,0.7898716634337621,0.0017713326652490924,0.09999996296297338,-0.695981322252528,0.6017846306536878,0.5324942399377981,0.06497655969111019
2025-05-26 11:00:00,2.3452,2.3123,2.3214,-0.6098675122763355,0.7866838606187782,-0.007480157773349205,0.2765956606092237,-0.49331814745559427,0.5190031411007185,0.5012013167851389,0.05733263219369915
2025-05-26 15:00:00,2.3424,2.2958,2.3047,-0.5124770550317016,0.7866838606187783,-0.00573461229368688,0.19098708347916862,-0.315326424085755,0.5757760718008788,0.4773902619795351,0.03977628039500838
2025-05-26 19:00:00,2.3248,2.3012,2.3045,-0.8915130583238832,0.7866838606187782,-0.001919288342002834,0.13983044922437954,-0.8359293931451579,0.5463440347196766,0.4694667609326948,0.036147218018646454
2025-05-26 23:00:00,2.317,2.2671,2.2849,-0.4937515854682281,-1.5604737698352218,-0.010324532394900943,0.356713355368061,-0.34635616536578856,0.5449098088721621,0.42692524629966094,0.03838845593479604
2025-05-27 03:00:00,2.3104,2.2836,2.2888,-0.4990036966287062,-1.5524987551220744,0.004000555587675425,0.19402977834710824,-0.5784062784164347,0.5818380683398021,0.4432390664923125,0.040524546820139284
2025-05-27 07:00:00,2.3193,2.2888,2.3167,-0.6338141223464389,-0.2386228385164756,0.004704004951845642,0.9147537984413723,-0.5985167946073562,0.5546516470305355,0.46249821514830186,0.03998442847010295
2025-05-27 11:00:00,2.3543,2.307,2.3313,-0.28367537699657536,-0.2358592474829237,0.010058201128218647,0.5137419632680894,0.05043305926344236,0.47624823041316494,0.5038722393633742,0.039383643623127795
2025-05-27 15:00:00,2.3493,2.3264,2.3359,-0.6101306293344972,0.785333643087629,0.0035808258307421514,0.41484698041616996,-0.4891686887617181,0.431685183248742,0.5187499821278804,0.03741835781707598
2025-05-27 19:00:00,2.3408,2.3055,2.3182,-0.6645220577341648,0.7780170870308393,-0.00581434917482726,0.35977326918604374,-0.6696447853083327,0.42788342937557255,0.48919089525214776,0.03508304178593784
2025-05-27 23:00:00,2.3232,2.3028,2.3089,-0.8182873646059214,0.7882570871424515,-0.005019527784296485,0.29901946126497003,-0.7772476733856,0.48313785650526664,0.44436928615541377,0.03352224556584244
2025-05-28 03:00:00,2.3163,2.287,2.2886,-0.6540216837287589,0.8016202204274566,-0.006114962530095136,0.05460748989506359,-0.8512325205105573,0.48095404099204003,0.4175561798634421,0.03477679409134701
2025-05-28 07:00:00,2.305,2.2842,2.3033,-0.5388736594272623,-0.10255450838942684,-0.0022484360597776476,0.918268789293851,-0.7168356172685909,0.4790261247850806,0.40782211864668694,0.03477636768706328
2025-05-28 11:00:00,2.3151,2.2675,2.2683,-0.17931466112494013,-0.10379486116925497,-0.0015083525150406674,0.016806719158250397,-0.13304439360032552,0.5258920387436337,0.4013067528989389,0.03938001946561549
2025-05-28 15:00:00,2.2779,2.2365,2.2433,-0.008284112088428107,-2.001618855245461,-0.01568971097466032,0.16425116805527726,0.0476191535896337,0.48339742528574936,0.3336368850655661,0.04703932909462243
2025-05-28 19:00:00,2.2633,2.2265,2.261,-0.5101420374855026,-1.9744345316584386,-0.0040167327853792845,0.9374997452446352,-0.48298712332425964,0.5572911075890885,0.3165844913710851,0.04999377728580781
2025-05-28 23:00:00,2.3119,2.26,2.3107,-0.39782734488616817,-1.850584823241459,0.017710078856196354,0.9768784244935624,-0.2920808672764793,0.5894795856084316,0.39146778653936903,0.04889599596719788
2025-05-29 03:00:00,2.3125,2.2736,2.2848,-0.4555545675061121,-1.8275476973813962,0.00021806711658745037,0.2879176637743825,-0.5062492387975768,0.4881749143643602,0.39240616646515897,0.04853018920290859
2025-05-29 07:00:00,2.303,2.2715,2.301,-0.4438935294123937,0.8229848102875083,0.0004587796512109943,0.9365076392039308,-0.6633445143881543,0.4929134119489537,0.3943808039152536,0.04581874226981172
2025-05-29 11:00:00,2.3095,2.266,2.2916,-0.27076662338426033,0.819961508766412,0.0012859092931429839,0.5885056118377885,-0.28342693054855916,0.46138802672903895,0.37959964446232963,0.04263369959217888
2025-05-29 15:00:00,2.2958,2.2678,2.2716,-0.44908894068543653,0.8152790962759241,-0.004160149590192175,0.13571423724491605,-0.2803808236319484,0.4409134196129661,0.36042416597844185,0.04185325520763529
2025-05-29 19:00:00,2.2835,2.2532,2.2608,-0.5850879876333964,0.8106221601794732,-0.006215521908418342,0.2508249997277246,-0.5804199938271338,0.44370675818943206,0.3328058061252756,0.04307590275157076
2025-05-29 23:00:00,2.264,2.1316,2.2186,1.7822007132901976,0.6391740084532657,-0.030907295479955743,0.6570996482553135,1.677762236628475,0.4608984711655754,0.1963243976608954,0.053054772794366385
2025-05-30 03:00:00,2.2311,2.1783,2.186,-0.06854549831301555,0.6403048780231723,0.006020925900331431,0.14583330571338574,-0.12808570287906357,0.5600085532479896,0.22209004736702012,0.06804128957299388
2025-05-30 07:00:00,2.2048,2.1702,2.2045,-0.05706377644989074,-0.5048957166644928,-0.009901563893739418,0.9913291932574532,0.2897550560908268,0.5234014907716851,0.17946266894401297,0.07472162298644075
2025-05-30 11:00:00,2.2145,2.1624,2.1771,0.02196862026423381,-0.4994582193042388,-0.0006330518232841031,0.2821496579367233,0.37057744277483046,0.4412352681134795,0.17676429292435886,0.08642491152571141
2025-05-30 15:00:00,2.2053,2.135,2.2027,0.14125297375429127,-0.516040303072684,-0.008295912432555785,0.9630155102396186,0.47160204652998694,0.4623139628902301,0.1414254483458789,0.08805743640588543
2025-05-30 19:00:00,2.2058,2.1388,2.1401,-0.548197929862785,-0.5105161869820495,0.004283923838621195,0.019402982178660506,-0.4219013074548299,0.489815646695705,0.15952267523040561,0.10088672448345735
2025-05-30 23:00:00,2.1549,2.0996,2.1012,0.6065709978727438,-0.5585534836884204,-0.02441072379083764,0.028933086992205363,1.9583096510776479,0.4768693460417777,0.055958999214509565,0.11679582520525529
2025-05-31 03:00:00,2.143,2.0794,2.1361,-0.20117404346883286,-0.5527921189839808,-0.006646174914909042,0.8915092937878478,0.17011250198184732,0.4750858279770874,0.028450583080725733,0.11931095091967596
2025-05-31 07:00:00,2.1533,2.1271,2.1391,-0.6919912849903217,-0.42873652020066316,0.01262978158367667,0.45801509236064825,-0.4287198623720231,0.4907014294383657,0.08037763024253375,0.12167786890982377
2025-05-31 11:00:00,2.1712,2.1287,2.1695,-0.7203607887720159,-0.4235156023243961,0.008592489343119958,0.9599997741177098,-0.4611839501677117,0.5022941644231274,0.11615162879828032,0.11952666903239184
2025-05-31 15:00:00,2.2036,2.1688,2.1888,-0.5919221467313038,-0.6933520244531293,0.014141754917202931,0.5747124785309021,-0.4600588966713887,0.5318560107011056,0.17553536512253556,0.11408547064181179
2025-05-31 19:00:00,2.2065,2.1757,2.1785,-0.8804036409982332,-0.6868055565128222,0.0028192165301064165,0.09090906139316582,-0.7379771925353346,0.4663647175037407,0.18754117080930202,0.11353470558521754
2025-05-31 23:00:00,2.1886,2.1499,2.1594,-0.9839289098143298,0.8751908625007838,-0.011253892859235948,0.2454779727447118,-0.7136906636269728,0.4105897465800553,0.13948066904648038,0.11584146690133851
2025-06-01 03:00:00,2.1768,2.1495,2.1634,-1.247334139854458,0.8674671734698813,-0.0012803513407407818,0.5091573226529984,-0.8899186820236732,0.5423294814260128,0.13407437738396719,0.11479123368525225
2025-06-01 07:00:00,2.1639,2.1231,2.1417,-0.6614412820414513,-1.0871905785361733,-0.011758517449082073,0.4558822412053378,-0.39440511557728475,0.4586076712790305,0.08448753280017707,0.10873226643656979
2025-06-01 11:00:00,2.1538,2.1263,2.1463,-0.8373856558399484,-1.0783321436912499,0.0006991385634438352,0.7272724628100179,-0.673406984893452,0.5915713638332911,0.08740120199939166,0.10294631835751662
2025-06-01 15:00:00,2.1767,2.1432,2.1573,-0.5187226714156049,-2.0261698452123302,0.009763827685705273,0.4208953967476473,-0.4908946669313753,0.4869100539642251,0.1281205314299058,0.09061005551124833
2025-06-01 19:00:00,2.1809,2.1534,2.1728,-0.9393358597129322,-1.9985004415544863,0.0023724159523943467,0.7054542889257198,-0.7658384922495621,0.5525002166596,0.1381111218746258,0.07634117788077045
2025-06-01 23:00:00,2.1879,2.1568,2.1595,-0.7037495846524913,-0.03175743100031007,0.002154631500288273,0.0868166923418974,-0.6576697158352218,0.542600204430973,0.14720611619030122,0.06462374031364353
2025-06-02 03:00:00,2.1755,2.1509,2.1671,-0.3895776737052796,-0.03430087669669877,-0.0029671320616234675,0.6585363176681643,-0.699716097786505,0.5149029036274767,0.13465445980615653,0.05096207210797565
2025-06-02 07:00:00,2.1794,2.1422,2.1462,0.1491931289356791,0.8769887129846515,-0.0027284747948101984,0.10752685281536253,-0.3403288837723044,0.5811390389602655,0.12314662585803744,0.04639250446383512
2025-06-02 11:00:00,2.1596,2.1357,2.15,-0.19450393674071553,0.8690787029402796,-0.006359443332153325,0.5983261094869762,-0.14072003360973145,0.48324043394640104,0.09639771144744334,0.04530328645663819
2025-06-02 15:00:00,2.1786,2.1432,2.1655,-0.8768420027540214,-1.249602131732021,0.008167172740246587,0.6299433248747728,-0.580282394082881,0.5080152347360632,0.13053178422232115,0.04074544426573179
2025-06-02 19:00:00,2.2045,2.1565,2.1906,-0.35407553835297406,-1.2379668477499481,0.009577212930436119,0.710416518663225,-0.4954492189903792,0.4784822716042504,0.17088592123104995,0.04174565743256389
2025-06-02 23:00:00,2.2219,2.1892,2.1995,-0.16589488843027003,0.876996846537269,0.01058378753654976,0.3149846131545501,-0.4155609421544895,0.520029604575215,0.21590841779480494,0.041004893827141224
2025-06-03 03:00:00,2.207,2.1845,2.2022,-0.7201732409398146,0.8690972186778838,-0.00529408736986936,0.7866663170371958,-0.8855824872257843,0.4547039845748646,0.19314948509524288,0.04374709866955671
2025-06-03 07:00:00,2.2031,2.1838,2.2018,-0.8177345907043283,0.8620829213709879,-0.0007784139229608522,0.9326420038124287,-0.8506823753111707,0.5364387664196397,0.18982085081140035,0.03832623579707103
2025-06-03 11:00:00,2.2394,2.2015,2.2374,0.07416166073181915,0.8551416921138798,0.010786123823376181,0.9472293015226175,-0.12806414175449893,0.5577585724109763,0.2359083025476389,0.044914753734238956
2025-06-03 15:00:00,2.2759,2.2304,2.2606,0.6701981313983352,0.8474326896135823,0.017173965923424905,0.6637361178601975,0.3160494698668373,0.4520604147278559,0.31008152755221213,0.05455741686239037
2025-06-03 19:00:00,2.2821,2.2346,2.2591,0.30223758647391996,0.8397722718086513,0.0010241669926454033,0.515789365096981,0.008384566351588539,0.5309558566205221,0.3145808029471196,0.0631695146191346
2025-06-03 23:00:00,2.2658,2.2297,2.2472,-0.5688612060317637,0.8397722718086513,-0.003187468727246179,0.4847644086525171,-0.6304710380755646,0.5369547197399585,0.3005635698148989,0.06854198793640603
2025-06-04 03:00:00,2.2597,2.2316,2.2349,-0.7774949771251196,0.8397722718086513,-0.0021630092027585812,0.1174376806271697,-0.690016604411339,0.5427354271843717,0.2910818259311237,0.07162351685842472
2025-06-04 07:00:00,2.2642,2.2276,2.2555,-0.4657255160100892,0.8397722718086513,0.0003878884581791642,0.7622948736899237,-0.6691853552611206,0.4891746976502736,0.2927784917466687,0.0746662071300207
2025-06-04 11:00:00,2.2616,2.2195,2.2465,-0.2062197752891784,0.8397722718086513,-0.002852941496127248,0.6413300139358664,-0.3302266578957544,0.44551828592543036,0.28029457845234934,0.07678235041508522
2025-06-04 15:00:00,2.2614,2.2238,2.2251,-0.5450724503229838,0.7240725035139186,0.0010043110833837243,0.03457445888976199,-0.4985435125536683,0.4574663720956699,0.28467670934608935,0.0745793312726243
2025-06-04 19:00:00,2.2274,2.1951,2.2042,-0.37808584980917004,0.7248894725091664,-0.01534060810101745,0.2817336589059933,-0.3329425095756605,0.4717707139929986,0.21767349872250158,0.07153356341080475
2025-06-04 23:00:00,2.2147,2.1954,2.2054,-0.9301837859514271,-1.2090355877752328,-0.0011354665050011814,0.5181344465624663,-0.7195361710411747,0.5125079891055856,0.21279019885943717,0.06864183626039497
2025-06-05 03:00:00,2.214,2.1858,2.1875,-0.5462261278910423,-1.1979101561965597,-0.002556528576868833,0.060283666566076914,-0.7548414047674599,0.4683233651161667,0.20180782280970677,0.06819537700161192
2025-06-05 07:00:00,2.2101,2.1837,2.1999,-0.6294002936361465,0.6903130946726762,-0.001994944396652709,0.6136361311984302,-0.6807314534204053,0.4336000457869095,0.19325981822701044,0.06477828517627394
2025-06-05 11:00:00,2.2265,2.1777,2.2002,-0.20648148560498905,0.6835741550420785,0.0037541705303305584,0.46106547928986047,-0.26378976364705353,0.4607540550973282,0.20931372321559802,0.062370289943810636
2025-06-05 15:00:00,2.2046,2.1552,2.1611,-0.14385417072520199,0.28074232436636315,-0.013619207532359678,0.11943317420381042,0.03646195993190352,0.43701561064972344,0.15085546211339726,0.06100920163970755
2025-06-05 19:00:00,2.1619,2.0591,2.0974,4.876405554270853,0.27857067926585977,-0.03437017652163821,0.3725680571431843,2.681067263299881,0.4902781319524012,0.0053362199618157006,0.07548192916814123
2025-06-05 23:00:00,2.1107,2.0812,2.1098,0.300978373225736,-2.7122594401568167,-0.0008907564628013454,0.9694911967826411,-0.3307336278570607,0.6018252571990006,0.0016944851790846936,0.0843017856497362
2025-06-06 03:00:00,2.1427,2.1049,2.1247,-0.4142394589535563,-2.6674065022674904,0.014495131814872053,0.5238093852356039,-0.6590320619316691,0.5386835770333396,0.06090304236880625,0.09034899673414523
2025-06-06 07:00:00,2.1518,2.1229,2.1507,-0.7011584702767734,-1.3442331693739378,0.0045612169615307785,0.9619373834126668,-0.782175473783456,0.5338041290813171,0.07980440033476385,0.09187403899724869
2025-06-06 11:00:00,2.184,2.1458,2.1835,0.06994987919967825,-1.3439985867489002,0.012469376559525402,0.9869107364107976,-0.29575751502672915,0.4820664856994485,0.13171229613275234,0.09075788953994107
2025-06-06 15:00:00,2.1903,2.1641,2.1664,-0.172978986484821,0.6177267156980105,0.005473686032871239,0.08778622603578964,-0.5557812996661085,0.4704277822472664,0.15478244851305928,0.09248524365683908
2025-06-06 19:00:00,2.1825,2.1622,2.1661,-0.7461076916906224,0.6110457522206802,-0.0013495888733277006,0.19211813196152103,-0.8343636861902549,0.4361086052155496,0.14906314981844526,0.09170923023763698
2025-06-06 23:00:00,2.1726,2.1475,2.171,-0.9716249087250446,0.8172961940252413,-0.005443984071346386,0.9362546070698672,-0.906576445209246,0.5270568922353859,0.12602372565218947,0.08724820367769132
2025-06-07 03:00:00,2.1903,2.1693,2.1899,-0.9529249482703639,0.8145753688693982,0.007624984209308794,0.9809519138324243,-1.01322774215192,0.5503009391268123,0.15811766088996215,0.08121771659154525
2025-06-07 07:00:00,2.1912,2.173,2.1876,-0.9103105845371575,0.6159689561811428,0.002170739457729498,0.8021973614300404,-1.0258019219106387,0.5175503464554805,0.167324078081214,0.07699130575412
2025-06-07 11:00:00,2.1907,2.1815,2.182,-1.0291108327909209,0.6093782033832252,0.0018990656162043429,0.054347767013267344,-1.021380564927337,0.4871778660290611,0.17539577115951224,0.07391926224940683
2025-06-07 15:00:00,2.1866,2.1723,2.1761,-0.9509968251041191,0.4981255487175831,-0.0032161904054859303,0.26573407990624,-0.9704674351236144,0.44773427159646373,0.16169987695274787,0.0666870713319151
2025-06-07 19:00:00,2.1868,2.1754,2.182,-1.024125297117612,0.49994008234671494,0.0007145207402450282,0.5789468605729395,-1.068638119259092,0.4267135669842999,0.16473282139829043,0.05942101452301668
2025-06-07 23:00:00,2.1821,2.1661,2.1724,-1.1077831360171644,0.4112389337460562,-0.0036030117469113554,0.3937497539064017,-1.0599747612373016,0.40472143201835464,0.1494280976275188,0.055344668695779434
2025-06-08 03:00:00,2.2248,2.17,2.205,-0.08721007437566468,0.41346577054359696,0.014099602194422856,0.6386860148383189,-0.4980250203825259,0.5583643375167497,0.20910401216779043,0.05461195291482946
2025-06-08 07:00:00,2.2201,2.1972,2.2156,-0.27457979234621543,0.3130947216281107,0.0028089700486055857,0.8034930989113024,-0.5712504509709238,0.4818222626239432,0.22116047591173219,0.055601832087212776
2025-06-08 11:00:00,2.29,2.2126,2.2753,1.5475914334199814,0.3157370971314846,0.021928899916829447,0.810077414718681,0.39186095716078734,0.5468647510767846,0.31554654330059695,0.0676852512500894
2025-06-08 15:00:00,2.2937,2.2722,2.2836,0.29868659686709703,0.8175672522684084,0.010554032894737553,0.5302323115198471,-0.21160777805222908,0.49301936823035547,0.36196921921231595,0.07920426357763778
2025-06-08 19:00:00,2.2988,2.2548,2.2589,0.011913796451854307,0.8168805695556265,-0.0017991664009130437,0.09318179700414184,-0.4856493247406169,0.4649071552458734,0.3539719337413228,0.08568818558501587
2025-06-08 23:00:00,2.2682,2.2393,2.2445,-0.2894785883651933,0.8168805695556265,-0.010707566366750298,0.17993073358797607,-0.6104058982733054,0.5040321476071011,0.3064624873462817,0.08906270109912849
2025-06-09 03:00:00,2.2457,2.2223,2.2356,-0.11861767921851081,0.8168805695556266,-0.009125915424967435,0.5683758254804099,-0.7882032586973662,0.5116827574578298,0.2664043895919632,0.08290968289058405
2025-06-09 07:00:00,2.2693,2.2244,2.2598,0.4564894588371109,0.6030239156788505,0.006249388999923555,0.7884185326462038,-0.49055480524508116,0.5513888000687887,0.2935856700112633,0.07800769818196322
2025-06-09 11:00:00,2.2704,2.24,2.2549,0.23711707008543575,0.5976542134917119,0.0047456945077088974,0.49013141771992935,-0.5049703028858981,0.5020854143409182,0.3143557304471031,0.07392697446157548
2025-06-09 15:00:00,2.3137,2.2521,2.2994,0.7780701912616163,-1.193446983238237,0.01315101474749314,0.7678570182050294,-0.09834802622296376,0.5638152319216301,0.3721857581977429,0.07671442101410271
2025-06-09 19:00:00,2.3293,2.2856,2.3232,0.7976228663395327,-1.1825149319684165,0.010928428549921376,0.8604117024229511,-0.16342417848786248,0.46153691170593586,0.4208742180511943,0.0852277442191955
2025-06-09 23:00:00,2.3276,2.3036,2.3097,0.2577483582033582,0.8179581958643148,0.0004142769865704832,0.2541665607639325,-0.36046271831150956,0.4434229806157125,0.4227400801278764,0.08883655148418805
2025-06-10 03:00:00,2.3104,2.2731,2.2857,-0.14303624729373304,0.8146691431733026,-0.00984279010524658,0.3378015180156763,-0.6837371869229376,0.5159944395584951,0.37839077350886335,0.0883144382126401
2025-06-10 07:00:00,2.2942,2.2731,2.2824,-0.2530009665012179,0.8091113684282448,-0.002881680587997315,0.44075808494877644,-0.644278354115751,0.5221576188483421,0.36553439632606066,0.08602790404801287
2025-06-10 11:00:00,2.3201,2.27,2.2747,1.3517850494874526,0.8035864605060926,0.005400163761639876,0.09381235652448264,0.4186343437980786,0.4856188026117529,0.3895573492300106,0.08454209022489637
2025-06-10 15:00:00,2.2966,2.2601,2.2926,-0.1126319399343754,-1.5509363229366282,-0.008459092895613307,0.890410714955969,-0.40850445263061813,0.44683179716844224,0.3517233539207441,0.08227318245027958
2025-06-10 19:00:00,2.313,2.285,2.3026,0.3791051437130732,-1.5344760106908943,0.010061130429329879,0.6285712040817064,-0.17918082511902572,0.4984143416466923,0.39634194235055975,0.0792089453828369
2025-06-10 23:00:00,2.3128,2.2783,2.2873,-0.14049144611314063,0.8112545742652476,-0.0019869208287679463,0.2608694896030437,-0.4857769433368768,0.4809657940170288,0.38744179352630875,0.07323806298103956
2025-06-11 03:00:00,2.3018,2.2856,2.2935,-0.6984146261819214,0.8042448033323232,-0.0003975359013765889,0.4876540199666419,-0.9611458623652316,0.5122347799708722,0.3856646222105073,0.06603271905227652
2025-06-11 07:00:00,2.3296,2.283,2.325,1.3729854008877687,0.800605230501616,0.008443021555073482,0.9012873602387657,0.22044681608431763,0.5465164909859934,0.4233938707367201,0.05614099794743542
2025-06-11 11:00:00,2.3379,2.3046,2.3273,0.6259749377263241,0.7972473933807822,0.003755369276240428,0.6816814769725346,-0.07317499010305907,0.48335118737093125,0.44031714025526664,0.051721057556338566
2025-06-11 15:00:00,2.3313,2.2893,2.2967,0.31180083823441507,0.7962328218469923,-0.0037199984975164746,0.17619043424037345,-0.14653444154798556,0.40603273787730904,0.4234903117682274,0.045120116014454446
2025-06-11 19:00:00,2.3001,2.2524,2.2613,0.14021311874594272,0.7952197006914278,-0.016008424365897778,0.18658277010842791,-0.3043077714875414,0.41373681272091867,0.351348091394992,0.04667316635148552
2025-06-11 23:00:00,2.2733,2.246,2.2484,-0.30009572967388687,0.6393017036306726,-0.007712727058928781,0.08791205570987667,-0.5891097257639114,0.5519880267082097,0.3171469768356657,0.04914454345384399
2025-06-12 03:00:00,2.2576,2.2376,2.2492,-0.20916110562865975,0.6365020001621019,-0.005132495793433667,0.5799997100001472,-0.7436185975900786,0.5605179307578577,0.29456310919519874,0.0500673486740806
2025-06-12 07:00:00,2.2497,2.2313,2.2391,-0.33970729002925026,-0.9547866685654015,-0.002961264283675602,0.42391281309086976,-0.6160050516994999,0.46988764564089514,0.28159991187155403,0.051022891731265854
2025-06-12 11:00:00,2.2525,2.2211,2.2486,-0.1091979832120811,-0.9501456076879021,-0.0015259541529178966,0.8757958994280645,-0.48142952055706817,0.47378326302388035,0.27493969332701307,0.04904467941375768
2025-06-12 15:00:00,2.2553,2.2277,2.2383,-0.3773786438888481,-1.1542891888510418,0.0022733442473181764,0.3840578318631094,-0.5937434487689769,0.5213704422152244,0.28363297552779737,0.051667878289497295
2025-06-12 19:00:00,2.2428,2.1706,2.1874,0.8677974136407179,-1.1485502925740922,-0.02037176730395973,0.23268694838130793,0.23247509590312973,0.41001377623344165,0.19450065941255934,0.06481379807497904
2025-06-12 23:00:00,2.1974,2.0828,2.1018,4.214013754799358,-1.4092230702207158,-0.033862809762316814,0.1657940518504293,2.230876038308156,0.4866837051311451,0.04935943957950692,0.1002771150789699
2025-06-13 03:00:00,2.1342,2.0924,2.119,0.9353997253287994,-1.3995413872097249,-0.004287439516797997,0.6363634841235751,-0.056073319929136674,0.5639670477793155,0.031605097452632853,0.11467699093684451
2025-06-13 07:00:00,2.1599,2.1091,2.1464,0.663233894150928,-2.3753618599415645,0.009804064539579382,0.7342518239661736,0.07599435112974054,0.5248189941798956,0.07202978996396427,0.11997117801387151
2025-06-13 11:00:00,2.1626,2.122,2.1399,0.4450565456680913,-2.33478917728761,0.005343478704560756,0.4408865909146338,0.28499721884804047,0.49414266663701767,0.09427834247054732,0.12766993979618518
2025-06-13 15:00:00,2.1597,2.1163,2.1329,0.1888154806152418,-0.7083261955996745,-0.002097098443773815,0.38248839113170496,0.06305279891199309,0.46737262884650377,0.08550003150864555,0.13476125244695458
2025-06-13 19:00:00,2.1477,2.1207,2.1412,-0.7003419922733939,-0.7018008234353567,-0.0032235985900547215,0.7592589780522333,-0.5571598850806838,0.4977778425000492,0.07203456556714945,0.13860878389621833
2025-06-13 23:00:00,2.1516,2.1325,2.1418,-0.8958783098792608,0.09004873937813306,0.00416800696672337,0.4869107398373048,-0.8843167617822005,0.5054996638565246,0.08938884605270525,0.14015015323325503
2025-06-14 03:00:00,2.1695,2.14,2.1555,-0.5021721703330574,0.08281845315971575,0.00771151742811349,0.5254235507038745,-0.8696157751642294,0.524760792878245,0.12163102627077382,0.13707064453033524
2025-06-14 07:00:00,2.1801,2.1488,2.1698,-0.4222724380991618,-1.4198241767854873,0.0038899845925608467,0.6709263032184329,-0.8143022040734267,0.5052480149065804,0.13802063780833104,0.1334456099426919
2025-06-14 11:00:00,2.178,2.1597,2.1645,-0.9550126546223786,-1.4065819879046273,0.0006123967648661299,0.26229493863664116,-0.9592904566609117,0.45789929164180093,0.140610876511078,0.1295331343726692
2025-06-14 15:00:00,2.1682,2.1146,2.1273,-0.009344595692252019,0.06782518249137802,-0.015059217087935561,0.23694025430219287,-0.3940477467728219,0.4713810110121166,0.07687628986097521,0.12332284343973395
2025-06-14 19:00:00,2.1436,2.1093,2.1385,-0.7950044520209784,0.0713194521197344,-0.0035202880312685814,0.8513117051569342,-0.6749941595037866,0.5088216752476,0.06220186465383579,0.10892707323035832
2025-06-14 23:00:00,2.1497,2.1375,2.1459,-1.0601803683312672,-0.8165053912564881,0.007164877525245528,0.6885240257999765,-0.9952273015173437,0.5011504114021431,0.09196372894767246,0.09710243325317416
2025-06-15 03:00:00,2.1624,2.1453,2.1529,-1.1603968685385488,-0.8092055818389701,0.005087505569441042,0.4444441845355501,-1.0431393507526536,0.5083335852168861,0.11324790443775361,0.08938805712146772
2025-06-15 07:00:00,2.1647,2.1462,2.1632,-0.7948397850871513,-0.7043949795551937,7.608942685743969e-05,0.918918422206255,-0.9522397404116621,0.5109284369776824,0.11356785296869079,0.08205734192734646
2025-06-15 11:00:00,2.1759,2.1568,2.1727,-0.7749214771910062,-0.6978213317222091,0.004745833132337562,0.8324602971411998,-0.8403579840785153,0.4305885479754619,0.13352513136289057,0.07329862158986478
2025-06-15 15:00:00,2.1742,2.1585,2.1668,-0.9795540169695477,0.23305700852634875,2.6620503459584555e-05,0.5286620836547138,-0.9368161036188412,0.38988981101799935,0.13363760774284397,0.06538957099264993
2025-06-15 19:00:00,2.1708,2.1407,2.1655,-0.5346352701018773,0.23624513210808984,-0.005035448102282736,0.8239199920531709,-0.7316224393766061,0.47763238687679943,0.11236137411063452,0.052408406537321185
2025-06-15 23:00:00,2.1871,2.1512,2.1733,-0.4055676107057977,-1.2227928979307048,0.006749577066663015,0.6155987143179026,-0.6474582227095376,0.5956962269942688,0.14073669587911233,0.038452697996352134
2025-06-16 03:00:00,2.19,2.1704,2.181,-0.3133654241988893,-1.2115013795223102,0.005159948338702591,0.5408160506040625,-0.7139194886820942,0.5528343272255968,0.16257561016989305,0.03729666336338138
2025-06-16 07:00:00,2.2105,2.1811,2.2098,-0.03990436741474803,0.361802823624966,0.00827102443567096,0.9761901441530074,-0.6810531112469398,0.6231210434237109,0.1977624423429786,0.0383494059262259
2025-06-16 11:00:00,2.2925,2.2067,2.2808,2.298525521749931,0.3646933042718963,0.027110128993074856,0.8636362629794585,1.1385517740498832,0.5072561961117634,0.3140490593797626,0.0591608397647409
2025-06-16 15:00:00,2.33,2.2765,2.3241,1.9116575724611384,0.7277745633094761,0.021591669424708027,0.8897194598655214,1.0300542465536944,0.5380038918593607,0.40917553066218054,0.08426756978922562
2025-06-16 19:00:00,2.337,2.2608,2.2749,1.9701610984788964,0.7289525717304938,0.00036027856975628936,0.18503934579536135,0.4377684655669235,0.4644716708777125,0.4107970828753055,0.09382027012551707
2025-06-16 23:00:00,2.2821,2.2016,2.2507,1.7242832482342947,0.8945993566782354,-0.029044872214439077,0.6099378124300888,1.1523781937029376,0.44589734252699226,0.2800239836848756,0.09681852314736922
2025-06-17 03:00:00,2.2539,2.229,2.234,-0.13786092013989917,0.8945993566782354,0.0008438059150988053,0.20080313220757556,-0.45106397825797295,0.5225665275440511,0.2837128309277867,0.09758561180874002
2025-06-17 07:00:00,2.2404,2.2025,2.2143,0.01934466261329473,0.8945993566782354,-0.009012546090113038,0.3113455642887698,-0.23434685318101842,0.44641555419917955,0.24427964102866948,0.09674260890285798
2025-06-17 11:00:00,2.2249,2.1881,2.1946,0.13875553758052578,0.8945993566782354,-0.007325985957420955,0.1766303867852199,-0.20015011134708824,0.48068230976945264,0.21251465639131892,0.09625672750219676
2025-06-17 15:00:00,2.1947,2.1417,2.1764,1.5629959215844786,0.27758770004059,-0.017645643598196536,0.6547168576005928,0.7529355364278015,0.4847745628405545,0.1365648407214247,0.09679177172590947
2025-06-17 19:00:00,2.2037,2.144,2.1459,0.3936745002041656,0.2808227629935204,0.002788829286906269,0.03182579031393826,-0.039503147533773104,0.5128984896735087,0.14835661960787816,0.09954021808795824
2025-06-17 23:00:00,2.1774,2.1452,2.1589,-0.6379526396647253,-0.3044788546967996,-0.0051498588559041325,0.4254657063771111,-0.7757095208978827,0.5815941518460915,0.1265211664125619,0.09587418164926713
2025-06-18 03:00:00,2.1755,2.1524,2.1553,-0.554131261344033,-0.30388247139244556,0.0012543844009895722,0.1255410711943378,-0.9070588919889765,0.5752288825856117,0.1318123788006999,0.09444407948932176
2025-06-18 07:00:00,2.1689,2.1244,2.1294,-0.029283293734504365,0.12279929188014761,-0.007831822373159825,0.11235952531246442,-0.4417208620588786,0.5131490635621836,0.09873494495096809,0.09746537558669276
2025-06-18 11:00:00,2.1622,2.1181,2.1447,0.5177804149115247,0.12575505467393652,-0.004730922281467209,0.6031744664003443,0.022367201645334702,0.5351076195195852,0.07891054331892285,0.09749986011685023
2025-06-18 15:00:00,2.1624,2.1292,2.1307,-0.14933224693665342,-1.3026303910077177,0.003583745504567526,0.04518070928292074,-0.06554882402729766,0.4626315013632577,0.09385678313481272,0.1010490968830693
2025-06-18 19:00:00,2.1808,2.1273,2.1689,-0.07761102639861582,-1.2903134803881804,0.008046702088194246,0.7775699481177626,-0.2709708098009189,0.5328893842636983,0.12753633673859685,0.09942886137549675
2025-06-18 23:00:00,2.1855,2.1558,2.1594,-0.687816382226571,-0.09068445025403661,0.003093992965043535,0.12121208039997428,-0.8319574752670368,0.49624451961311067,0.14059048013031722,0.10027646392546495
2025-06-19 03:00:00,2.1758,2.1538,2.1551,-0.6785685694031067,-0.08627618500799178,-0.0022446461598147893,0.059090882231420096,-1.1530714700184317,0.47898516195178603,0.1310905901370211,0.10109526951330841
2025-06-19 07:00:00,2.1668,2.1521,2.1603,-0.5872251002396242,0.9409044269393949,-0.002035183692293052,0.5578227497804438,-1.0762025298775082,0.5561837366754163,0.12249653041310393,0.10145451952444703
2025-06-19 11:00:00,2.1602,2.1443,2.1476,-0.753450503639944,0.940904426939395,-0.003516697894073828,0.20754703927860743,-0.9730928184339745,0.4879393300898652,0.1076766381956073,0.1036744261042411
2025-06-19 15:00:00,2.1779,2.1441,2.1724,-0.7137702084407388,-0.5877756040318239,0.004250581099582984,0.8372778587935324,-0.8178649521233222,0.47298815683660256,0.1255262311254313,0.10240978572450138
2025-06-19 19:00:00,2.1747,2.16,2.1656,-0.9750347915460235,-0.5816533545680505,0.002872976349836076,0.38095212180126764,-1.1246482840658236,0.4801962313530182,0.1376420884947266,0.094954712879679
2025-06-19 23:00:00,2.1732,2.1571,2.1635,-1.0139478915504592,0.9569868435656248,-0.0007564395406144397,0.3975152810464151,-1.1826525316252874,0.45032747870865225,0.13444288215142508,0.07278535926924229
2025-06-20 03:00:00,2.1636,2.1395,2.1446,-0.4595668384633596,0.9569868435656246,-0.007373244867833417,0.21161816945304399,-0.9858491173397143,0.5140342993718363,0.10328283936119671,0.05986817814436926
2025-06-20 07:00:00,2.1765,2.1404,2.1719,-0.3647836750518249,-0.20345413802450876,0.006924996280303963,0.8725759355745341,-0.7093774309604214,0.5514270727266656,0.13233275727770488,0.04731071715134397
2025-06-20 11:00:00,2.1797,2.1336,2.1354,-0.1816817940221048,-0.198640532886446,-0.0019766624638856145,0.039045544675592146,-0.47473877117583907,0.4336848214441452,0.12398336237471058,0.03868381238618588
2025-06-20 15:00:00,2.1458,2.0852,2.126,1.7609356901412359,-0.8610408056575016,-0.020422134653632185,0.6732672156324719,0.8264647882993813,0.48996557937569996,0.03986555221341098,0.03308647866739989
2025-06-20 19:00:00,2.1482,2.1086,2.1105,-0.49900356903178456,-0.8532699989251459,0.004803496420238806,0.047979785863690665,-0.5637739610457814,0.45921659678640997,0.06398031361091056,0.03365112222698042
2025-06-20 23:00:00,2.1287,2.1085,2.1261,-1.0777544179514837,-1.0056966188005876,-0.002833260349802247,0.8712866973828371,-1.1152830647779732,0.5036315153311489,0.05095060232180899,0.03301411277651462
2025-06-21 03:00:00,2.1325,2.1184,2.1289,-1.182222344443159,-0.9967571181337506,0.0026794513035173217,0.7446803229217535,-1.3214136337363,0.42328590557732326,0.06555478236837621,0.03398821990957398
2025-06-21 07:00:00,2.145,2.1256,2.1419,-1.135833899875752,0.16431148652111405,0.00484104523516482,0.8402057524712684,-1.2062482690737382,0.5001620203444146,0.0944165055260072,0.0334976211576557
2025-06-21 11:00:00,2.1424,2.1126,2.1187,-0.7602733131724178,0.16224314551241248,-0.00442730923603929,0.2046979178866057,-0.9685762957592898,0.5094375736283902,0.08042789266500845,0.035641547193690025
2025-06-21 15:00:00,2.1219,2.0777,2.0827,-0.18355018931947323,-0.4140249125186335,-0.012971184466610608,0.11312214635245312,-0.4324208192703443,0.4612422688144499,0.00674068112906745,0.044734329010564615
2025-06-21 19:00:00,2.0939,2.0,2.0558,2.156903391394316,-0.4087348934873606,-0.023363178459640643,0.5942491379926372,1.5000292908740254,0.4802437749582464,0.0,0.05899672399760581
2025-06-21 23:00:00,2.0886,2.0196,2.0551,0.6699139955149296,-1.0297730739992288,0.002735422315326197,0.5144926790590305,1.3214146593530052,0.5011644210298727,0.01408951870787042,0.06924381224988066
2025-06-22 03:00:00,2.0898,2.0504,2.0844,-0.6650197846583003,-1.0274415454844492,0.007279769347861231,0.8629439434152469,-0.41343397460069814,0.4573112963931209,0.05168847147527061,0.06963798666732306
2025-06-22 07:00:00,2.0856,2.0326,2.0345,-0.3077760753373149,1.0153474138086571,-0.008572163540824795,0.0358490498398022,-0.18697886088691604,0.42697392812493545,0.0070921857880218864,0.08140140613056615
2025-06-22 11:00:00,2.0424,1.9246,1.9523,5.0,1.0131911128817273,-0.039884789581837166,0.23514429243257115,3.5249232279253886,0.4455339185546802,0.0,0.11421845496387889
2025-06-22 15:00:00,1.9837,1.9287,1.9647,1.0640904932431665,-0.8799767747923434,-0.0074680613299300536,0.654545335537209,1.0156031765694737,0.5180869838282041,0.0,0.12981487007047532
2025-06-22 19:00:00,2.0167,1.9083,2.0166,1.4770254520665838,-0.8767229957247846,0.0005955869308631456,0.9990773986090942,1.6585568475351475,0.5182579549395189,0.0023691942640737154,0.13043455730147488
2025-06-22 23:00:00,2.0331,2.0036,2.0162,-0.18737817819719552,-1.1923193566388455,0.029882583887894887,0.4271184992818616,-0.0267722697044272,0.4884990989007532,0.1213103745097969,0.13030532466485462
2025-06-23 03:00:00,2.0356,2.0107,2.0222,-0.1305262586126435,-1.1814801655236804,0.0025818946210280913,0.46184720407743696,-0.5102601961494302,0.546373621644628,0.13189414279271072,0.1281530987060572
2025-06-23 07:00:00,2.0317,1.9864,1.9945,0.02531710926225512,-0.018300231495087013,-0.005317789082239455,0.17880790754792358,-0.43508840105394014,0.4965519032922659,0.11003904390674359,0.12976071337737152
2025-06-23 11:00:00,2.039,1.986,2.0192,0.4290950922058937,-0.015714178552504593,0.0018139046995022667,0.626414976148118,1.0158700344360894,0.5130496607560806,0.11745420319585617,0.1259546429558958
2025-06-23 15:00:00,2.0566,1.9615,2.047,1.6200904174969033,-1.5226981528532402,-0.0009932112461938924,0.8990535332225535,2.507831583306439,0.49388183040271594,0.11338663631587016,0.11486046151861194
2025-06-23 19:00:00,2.1706,2.0465,2.158,2.4781396815326677,-1.5069244804536799,0.04598049137246685,0.8984689042329654,2.40502259143056,0.5750688406819702,0.301506701927552,0.11207713906632837
2025-06-23 23:00:00,2.1698,2.1316,2.1339,0.33808816781691914,-1.7833598238422534,0.02256477994825512,0.06020940832214393,0.4405773031074175,0.4868390600739096,0.39807091389207216,0.11420312499954365
2025-06-24 03:00:00,2.2106,2.1331,2.192,0.5452352337112585,-1.764778761654634,0.010697967884310433,0.759999901935499,0.3798567292878817,0.5351517960020354,0.4448850720619267,0.1217310044505231
2025-06-24 07:00:00,2.2064,2.1607,2.184,0.5163857448267027,1.0311709613128752,0.0038278148425701097,0.5098467155696527,0.3669784637928401,0.4828106329381387,0.46181473232471715,0.12920104047408712
2025-06-24 11:00:00,2.192,2.1655,2.1837,0.09534536451550303,1.0235146575812983,-0.002514802165037855,0.6867921936633153,0.030938981469854975,0.49146376109551915,0.4506496900523842,0.13542079413671101
2025-06-24 15:00:00,2.2095,2.1757,2.1944,0.07137867510486766,1.0149041670077972,0.007485423263299484,0.553254274185127,0.16382630813280083,0.5044930374070704,0.48379937218650493,0.14101713863373208
2025-06-24 19:00:00,2.2165,2.1798,2.1879,-0.048979040287870965,1.0063736129032597,0.002794624180579408,0.22070838672795545,-0.25000417289916865,0.4340797514591844,0.4962681874237968,0.14783900987714493
2025-06-24 23:00:00,2.1985,2.1778,2.1828,-0.5627500125306689,0.9975313296482136,-0.005492964697805136,0.2415457770310185,-0.5345002811499392,0.592529062803851,0.47169165640449023,0.15418670602134232
2025-06-25 03:00:00,2.1884,2.1696,2.1839,-0.4931837403096502,0.988768168098912,-0.004881185218811646,0.7606378932777091,-0.7977688723248986,0.5124885375555803,0.44997230152455736,0.15883398575658866
2025-06-25 07:00:00,2.1915,2.1738,2.1905,-0.2988140361855772,0.9844118191138828,0.0024350248300730737,0.943502291806621,-0.542472459375828,0.5763216417892993,0.4607543173673883,0.16265626259298646
2025-06-25 11:00:00,2.2296,2.1835,2.2036,0.8447508933876253,0.9800808310935085,0.009629044768268313,0.4360085822107147,0.536066175617495,0.5414712457792669,0.5034944641967303,0.1672058279769097
2025-06-25 15:00:00,2.2038,2.172,2.1887,-0.4118654882804264,0.8234585053745884,-0.008931856109993142,0.5251570675606607,-0.12636253057173125,0.4856743099631932,0.4634671585229847,0.1690912002567436
2025-06-25 19:00:00,2.2077,2.1783,2.1805,-0.8546531783180362,0.8158563131167577,0.004213864360256281,0.07482990652043205,-0.7255424021341523,0.48768810575503285,0.4821825410628462,0.1573424230327941
2025-06-25 23:00:00,2.2042,2.175,2.202,-0.5022036958721053,0.5399977394953646,-5.403883489452088e-05,0.9246572175831386,-0.6492422189377431,0.6098778354340322,0.4819415225811353,0.14346818302228787
2025-06-26 03:00:00,2.2127,2.1819,2.1874,-0.35400140906544386,0.5350964030401949,0.0012430332760235974,0.1785713705937,-0.8103159968441889,0.5713082057670791,0.4874852728077636,0.13665064133416602
2025-06-26 07:00:00,2.1984,2.1729,2.1749,-0.4598450660993383,0.4996542505265473,-0.005634453649697169,0.0784313417916392,-0.8598659747971718,0.4939237662651153,0.46232518120548155,0.12650982281678524
2025-06-26 11:00:00,2.1764,2.1138,2.1235,1.4172141097984423,0.5024615176257111,-0.018005044366813272,0.1549520519245925,0.6233930326266173,0.4988826141214202,0.3823784573859053,0.1172734980166635
2025-06-26 15:00:00,2.1298,2.0956,2.1223,0.4018065072906001,0.10757872124387323,-0.014604298847062158,0.7807015261106681,0.22095563514601357,0.5021038535661297,0.31869942676099666,0.09471037719828887
2025-06-26 19:00:00,2.1459,2.1081,2.11,-0.4123794191761729,0.11165438741398188,0.005071082399826121,0.05026453696705368,-0.3949261013094879,0.5166629606712931,0.3404879132234149,0.07517317678987048
2025-06-26 23:00:00,2.1115,2.0782,2.1035,-0.045341895745751176,-0.9017325898119742,-0.012992631245160369,0.7597595316037448,-0.25250180037668457,0.5095424663008647,0.2843804949025612,0.060762726920607676
2025-06-27 03:00:00,2.114,2.0864,2.0957,-0.5171764768299904,-0.9069827367467925,0.0016466994257480216,0.3369563996534806,-0.8225037520280947,0.5382420373705894,0.2913992146620123,0.06854472778704511
2025-06-27 07:00:00,2.1061,2.0821,2.0911,0.11202016189226471,-0.5931630496454673,-0.0028718747024094604,0.37499984375006046,-0.5218104998119611,0.5340766862838148,0.2791382787962307,0.0747507274218471
2025-06-27 11:00:00,2.1016,2.0671,2.0719,0.1951537239724516,-0.5924822515506475,-0.0038132878029837336,0.13913039445495576,-0.2640936303783655,0.5312516199436038,0.2629049089522155,0.08405993674149312
2025-06-27 15:00:00,2.1225,2.0681,2.0794,0.0006838208624038185,-0.6086570561438307,0.004103842627952492,0.2077205500513743,0.1859410132440402,0.4785963074993556,0.2803085670094196,0.08935812239645076
2025-06-27 19:00:00,2.1556,2.0772,2.1399,0.35852359121335226,-0.6068006129820145,0.015527493441180873,0.7997447959509162,0.2578081789177079,0.5701188040453312,0.3464281075504829,0.08589818171907472
2025-06-27 23:00:00,2.1914,2.1264,2.1713,0.031549640820144935,-1.2444430069211971,0.016730379059998413,0.6907691244970608,0.40639828732222905,0.5178889121090094,0.4187760091160477,0.08304528684452804
2025-06-28 03:00:00,2.201,2.1711,2.1925,-0.29183549779353474,-1.233110700960183,0.011679715486220932,0.7157188241743008,-0.47123730551811016,0.4438229487243237,0.47012811071274485,0.08263861109859663
2025-06-28 07:00:00,2.194,2.1803,2.1907,-0.7635478801730121,0.8874033309914863,-0.0003568831101755654,0.759123533486483,-0.7788689617921358,0.4676112631785605,0.4685406792064666,0.08332072531543123
2025-06-28 11:00:00,2.1998,2.1825,2.197,-0.863700168488612,0.8882271825728414,0.0021922274002208475,0.8381498045376782,-0.8856339610463542,0.5176369781936141,0.4782883214673509,0.08417380564779749
2025-06-28 15:00:00,2.2079,2.1855,2.1919,-0.6784568768607613,0.9887314157293989,0.0025964514517728965,0.28571415816331375,-0.6550578350205012,0.4908279106339433,0.4898586373907619,0.08448691821464568
2025-06-28 19:00:00,2.1919,2.1772,2.185,-1.037519006782574,0.9887314157293988,-0.006132746081124019,0.5306118839374983,-1.0896330241924783,0.46874840396465894,0.46245891532165395,0.08303797254520807
2025-06-28 23:00:00,2.1897,2.1754,2.1879,-1.113941001600608,0.9887314157293988,-0.0008301970093459454,0.8741252628494531,-1.1237288100558658,0.49346207781131035,0.4587725300680662,0.08286278272367939
2025-06-29 03:00:00,2.1894,2.1808,2.1864,-1.2292693130014585,0.9887314157293989,0.0011099943450894045,0.6511620335325036,-1.2578436980615988,0.495054237660214,0.4636972282827178,0.08333700897661805
2025-06-29 07:00:00,2.1958,2.1816,2.1907,-0.9269554209687775,0.35444462448940567,0.0020820603271003435,0.6408446191235057,-1.1211961865269113,0.4751646601674227,0.47478994014789977,0.08205940794663792
2025-06-29 11:00:00,2.198,2.1802,2.1845,-0.8470275001464365,0.35799104345260196,0.0004561834152183586,0.24157289799274229,-0.9334789231363586,0.41912243807043653,0.4850151477247215,0.08206580503256947
2025-06-29 15:00:00,2.195,2.1805,2.1924,-1.07193301659684,0.5899921830624578,-0.0013058108327865803,0.8206890891799578,-1.140165817324855,0.4829373814170574,0.5700610016574359,0.08302432752123828
2025-06-29 19:00:00,2.2198,2.1786,2.2138,-0.30924159348369773,0.5927017897110934,0.006032473834713059,0.8543687246677809,-0.6106189868412308,0.4726754868181261,0.6026574047988175,0.08518987740374746
2025-06-29 23:00:00,2.2198,2.195,2.1968,-0.41644431935928883,0.9065766570490146,0.002667641356731476,0.07258061589492175,-0.5484903903569947,0.5075583032131142,0.6337930991027041,0.08627094765083136
2025-06-30 03:00:00,2.1989,2.1743,2.1787,-0.5339629895925483,0.8988954023146815,-0.007877126775778343,0.17886171590987024,-0.9906949438216621,0.5227142887397601,0.589700920642935,0.08471803641796066
2025-06-30 07:00:00,2.1891,2.1692,2.177,-0.4509195755873326,0.6337192536260078,-0.004621680077184553,0.39195960203035596,-0.8880023610470644,0.5303099679637684,0.5640348690407856,0.08106063220825047
2025-06-30 11:00:00,2.1899,2.1723,2.1768,-0.3858661954640197,0.6268654610604539,0.00035027239552953837,0.255681672908146,-0.6282827543155958,0.5180579040628277,0.5659710826729746,0.07525826992425524
2025-06-30 15:00:00,2.2379,2.165,2.2367,0.7182469174862915,-0.2623134467014858,0.012418855814303686,0.9835389597340266,0.6386579413542735,0.5180537133930361,0.6346432952881375,0.06998305267017271
2025-06-30 19:00:00,2.3271,2.2362,2.2597,3.506823959596579,-0.26295883616347115,0.03570879241973457,0.25852582414457226,3.5448283214268415,0.516814194957748,0.8383492922612337,0.06172381637207191
2025-06-30 23:00:00,2.2597,2.2239,2.2277,0.5190909372842596,0.9771726865607185,-0.01920167804639017,0.10614522174714532,0.12003498406231687,0.4604282321758482,0.7299358757965712,0.045578215650745844
2025-07-01 03:00:00,2.2373,2.209,2.2213,-0.1420620193949813,0.9771726865607184,-0.008761392819085612,0.4346288216859236,-0.517996836840757,0.5028773890398475,0.6796476669698627,0.040793580056121055
2025-07-01 07:00:00,2.2271,2.1961,2.2034,-0.10997679974737047,0.9738731682335638,-0.004771369756856103,0.2354837950052219,-0.4674359769566998,0.44031106301120954,0.6525011386540877,0.039552512935643346
2025-07-01 11:00:00,2.2104,2.1754,2.1852,0.5873264524007332,0.9705886689089067,-0.008359610681632157,0.27999992000002893,0.43843120597132057,0.4824154179589962,0.6051663833080452,0.040219845923415515
2025-07-01 15:00:00,2.2046,2.1629,2.1673,0.3119647570035446,-0.5680350475930688,-0.0037111299867769176,0.10551556222648273,0.09850906051549396,0.45560519994931836,0.5843284589105219,0.04253085391730265
2025-07-01 19:00:00,2.1817,2.1475,2.1737,0.16315665229560145,-0.5780481905386465,-0.008904615526959425,0.7660816473445489,0.018763809827243887,0.4944263640764648,0.5345147655397203,0.043572287841867646
2025-07-01 23:00:00,2.1833,2.157,2.1762,-0.6081326419137831,-1.8202161301216435,0.0029791717051368405,0.7300377452328007,-0.8170353279283281,0.49979027077282656,0.5510322747859084,0.044310639541317885
2025-07-02 03:00:00,2.1945,2.1741,2.1923,-0.4223730616459985,-1.8230828320938135,0.006338715879612655,0.8921564254135068,-0.9230061784035472,0.5644691596514506,0.5862809033377898,0.043763886558792535
2025-07-02 07:00:00,2.2042,2.1832,2.1872,-0.093636604056789,-1.26169693110174,0.002574234556675048,0.19047609977328278,-0.7898529271562974,0.4689715444136705,0.6006865658309621,0.04389080707015049
2025-07-02 11:00:00,2.1984,2.1685,2.1971,-0.15686017068108943,-1.2513731187486947,-0.0046053730566163464,0.956521419223603,-0.35965868857999395,0.5196356676511946,0.5748481148096062,0.04348288053998593
2025-07-02 15:00:00,2.2917,2.195,2.2525,3.250510919525778,-0.29348794601430717,0.030970059389089588,0.594622482458895,2.3029676366259313,0.5131268745673249,0.7628679268667398,0.04768010780140805
2025-07-02 19:00:00,2.2672,2.2452,2.2478,0.4351802590059286,-0.2883527894612258,0.003347963802558196,0.1181817644628224,0.021111387613995548,0.4418453922406841,0.7825324983674089,0.05089173819607409
2025-07-02 23:00:00,2.2492,2.2243,2.2417,-0.29454075237286215,0.9941268547440582,-0.008059932107045809,0.6987949000823598,-0.3656185892434194,0.47641365008071407,0.7350332551010275,0.05303671092057939
2025-07-03 03:00:00,2.2766,2.2384,2.2733,-0.0459369631026788,0.9941268547440582,0.01082115714752896,0.9136123262794883,-0.4506237249497231,0.5379894671574523,0.7982911076346152,0.05866349929178727
2025-07-03 07:00:00,2.3014,2.2661,2.2997,1.0507630224456728,0.9867010805040936,0.0100340299087045,0.9518410901300022,0.25937249128535533,0.5305129168667665,0.8575823369760637,0.06765501591064163
2025-07-03 11:00:00,2.3135,2.2642,2.2818,1.9449068241248786,0.9793803629163899,0.0025190216626815864,0.35699789918906616,1.4978632904530143,0.45186022593464287,0.8726166286783227,0.0715060535715427
2025-07-03 15:00:00,2.2878,2.239,2.2789,0.5491440741247916,0.9719260429858951,-0.01421028667326485,0.817622783274026,0.02406227582022632,0.5085127658830809,0.787591650133087,0.07307775689601549
2025-07-03 19:00:00,2.2828,2.2607,2.2639,-0.7865684551540072,0.964534300120203,0.006588928000887728,0.14479631457180744,-0.8917423275120869,0.4833451557252392,0.8264552240084655,0.07241641062432515
2025-07-03 23:00:00,2.2678,2.2407,2.243,-0.7464950634846883,0.964534300120203,-0.007835218274975575,0.08487081739084144,-0.819911869735591,0.48225504277451775,0.8086680101057793,0.07325434824292844
2025-07-04 03:00:00,2.2515,2.2307,2.2347,-0.5380814591314614,0.9645343001202028,-0.006167148585646154,0.19230759985211626,-0.8141948629414913,0.5348362368517329,0.7788295620413921,0.07242070774970026
2025-07-04 07:00:00,2.2388,2.2077,2.2323,-0.38769167861684406,0.964534300120203,-0.00812156507236994,0.790996530226197,-0.46899439176470153,0.511043748642485,0.7290311335135052,0.07252483399318387
2025-07-04 11:00:00,2.2433,2.2032,2.2222,-0.2371504939944338,0.964534300120203,0.0014370884852994426,0.47381534318819396,-0.2374254220615028,0.4553238633800049,0.7377712630121087,0.0728419535214605
2025-07-04 15:00:00,2.2252,2.196,2.2073,-0.4102560131716502,0.30600569172572656,-0.006239857511940561,0.3869861688403499,-0.034956213534559126,0.4362934166413547,0.699766966133784,0.07312694236912967
2025-07-04 19:00:00,2.2288,2.2067,2.2281,-1.0329797971889327,0.30447024191035355,0.00208429868651816,0.9683253536989284,-1.0075884453640154,0.5202214502217455,0.7123823235216513,0.07016564540955861
2025-07-04 23:00:00,2.2282,2.2097,2.2223,-1.1501407778386803,-0.6849995100146031,0.0009330074099058727,0.6810807129293427,-1.068935405807338,0.5075067145788646,0.7180411835765337,0.06528391706734084
2025-07-05 03:00:00,2.2339,2.2176,2.2298,-1.0157696046355895,-0.6981351323465848,0.0030400665757792655,0.74846579848723,-1.0349013542966177,0.5774129814024014,0.7364969449605994,0.06013871528866324
2025-07-05 07:00:00,2.23,2.2113,2.2201,-1.0326429975299798,-0.6229674856481069,-0.0024846727878788943,0.47058798364278664,-1.0827324766401236,0.42946649894869926,0.7213670345318738,0.05540773934859846
2025-07-05 11:00:00,2.2309,2.2147,2.2276,-1.0606203375598962,-0.6352587249575737,0.0009101267099997923,0.7962958047556572,-1.120194091383723,0.4673512962543719,0.7268952961954952,0.052010891740912626
2025-07-05 15:00:00,2.2303,2.2022,2.2045,-0.8372568230741687,-0.541473574584453,-0.0037870379913826913,0.08185050467953389,-0.8571811628941761,0.43972546366283494,0.7038712591140739,0.04997436632066758
2025-07-05 19:00:00,2.2188,2.2014,2.2159,-0.7884838677963064,-0.5354985057364989,-0.001421274168407205,0.8333328544064097,-1.0394694048095339,0.5709000297102811,0.6952630686999434,0.0474339606772762
2025-07-05 23:00:00,2.2224,2.2125,2.2125,-1.128931163403666,-0.709293392227285,0.0029755567059412957,0.0,-1.159753433980395,0.4723610427843101,0.7132594233366615,0.048633426073480965
2025-07-06 03:00:00,2.235,2.2086,2.2324,-0.9115686018866745,-0.7024721456789211,0.0028537852676833175,0.9015148100322788,-1.05334217273704,0.5001970812713358,0.7305706543659622,0.04813966508244009
2025-07-06 07:00:00,2.2849,2.2254,2.2749,0.557437368718204,0.7953403936716799,0.01581051743104389,0.8319326332886363,-0.05633745489272298,0.5105956825682711,0.8267518922143801,0.04935109444520024
2025-07-06 11:00:00,2.29,2.2574,2.2717,0.671784158920074,0.7954329359524633,0.006352526031972561,0.4386501721931986,0.19546891938725708,0.4924017697446236,0.8660076565069632,0.049249783421090355
2025-07-06 15:00:00,2.2827,2.2462,2.2522,-0.2181054642356079,0.9960154178035312,-0.0021394941823438263,0.16438351660726105,-0.46857284988089326,0.4862832182187836,0.8527025536941878,0.043414805121659975
2025-07-06 19:00:00,2.289,2.2515,2.275,-0.3929425731182824,0.9877050573530165,0.002143600146408131,0.6266664995555947,-0.4601896792850587,0.5592539465708914,0.8660046698874068,0.04191718028046
2025-07-06 23:00:00,2.279,2.2571,2.2728,-0.7440355428928055,0.9794147882458641,-0.0020033769254128586,0.7168946498198059,-0.7805822772717391,0.47718393015861793,0.8535460600982128,0.041034224439989414
2025-07-07 03:00:00,2.2785,2.2584,2.2586,-0.5712866354129482,0.9711967227218014,-0.00017998906277272297,0.009950243805847643,-0.8888082451648617,0.5364306552555977,0.8524289856867241,0.04077574723971747
2025-07-07 07:00:00,2.2978,2.2552,2.2851,-0.05574160218687911,0.9629318757262227,0.004540921849568669,0.7018777695122583,-0.4556196873391683,0.5442234008565056,0.8806064455918264,0.044483344087415444
2025-07-07 11:00:00,2.3497,2.2711,2.3124,2.5902794269469425,0.9547367504054574,0.016240121480081138,0.5254452257703248,2.038252989364616,0.5216649298539103,0.9818377235831437,0.052252584080031216
2025-07-07 15:00:00,2.3537,2.281,2.2948,2.8025975623414814,0.9468866516864454,0.004378084545675787,0.1898211568334015,2.8537170699937264,0.4692285344486889,0.9999999729040137,0.05616235242692335
2025-07-07 19:00:00,2.3081,2.2591,2.2735,0.49686146123592473,0.9391008141505575,-0.01907052143237109,0.2938774910454052,0.48084881915063976,0.4848175108174743,0.8798165497739235,0.056770662235075806
2025-07-07 23:00:00,2.2799,2.2485,2.2516,0.007002941061839383,0.39431120892123717,-0.008807336773257846,0.09872608320824965,-0.20675127301907742,0.5051168542029398,0.825370748837296,0.05466394721262436
2025-07-08 03:00:00,2.2759,2.251,2.2645,-0.3086851767653341,0.3893660538208077,0.0017892548017326426,0.5421684569604586,-0.7948515702248329,0.5721684060032295,0.8363342699676662,0.05375538933632554
2025-07-08 07:00:00,2.2952,2.2568,2.2931,0.030895556846356653,-1.7167637350150715,0.0058630876549587985,0.9453122538249338,-0.30541561736863604,0.5162285101366814,0.8723241685463604,0.05378938841167568
2025-07-08 11:00:00,2.3048,2.278,2.2829,-0.003399179927058012,-1.6971818661802098,0.006355915822440217,0.18283575267323024,0.09674947896212435,0.453598535882993,0.9115679857004044,0.053850373190114
2025-07-08 15:00:00,2.3215,2.2789,2.3172,0.038866816186597035,0.07416856301786412,0.0034690249862565636,0.8990608218167138,0.004510878251575034,0.4729069936164562,0.9331231897614908,0.05514131006701276
2025-07-08 19:00:00,2.3223,2.2966,2.3061,-0.4007294683090373,0.06861714679933295,0.003618810884698398,0.3696496616149084,-0.596256672658267,0.4115375495410044,0.9556871107282313,0.05568142598263945
2025-07-08 23:00:00,2.3188,2.2975,2.3104,-0.5609670478319889,0.9351625089738436,-1.4185904425478846e-05,0.6056335184819197,-0.5812070290527681,0.5355998559488947,0.9555983390348883,0.05159251013065905
2025-07-09 03:00:00,2.3377,2.3007,2.3267,-0.16579497567581902,0.9303673291617977,0.004633764011457542,0.7027025127831127,-0.390295581647799,0.5399792420978397,0.9845948154089149,0.049746089175931235
2025-07-09 07:00:00,2.3599,2.3232,2.3574,0.1447573631773073,0.9239012283122617,0.008890206853241489,0.9318798550736107,-0.0605077819050112,0.5849532488559596,0.9999999739582973,0.050381714559614904
2025-07-09 11:00:00,2.4039,2.3516,2.3723,3.056829539850057,0.9174831228828789,0.016353769760262704,0.39579342336645956,2.8229591168439656,0.5132643988696941,0.9999999763190199,0.05530512415994995
2025-07-09 15:00:00,2.4013,2.3687,2.3902,0.3279934349102657,0.9174831228828787,0.0015745348420852512,0.6595090001506164,0.29550805149473597,0.47891547105113275,0.9999999765272383,0.06535226597179755
2025-07-09 19:00:00,2.4288,2.3836,2.4176,1.2657334986035689,0.9174831228828787,0.010275181658236265,0.7522122229619047,1.6418761954198908,0.5179671117130255,0.9999999778029017,0.07723146177976774
2025-07-09 23:00:00,2.4371,2.3931,2.4235,-0.07881005474027825,0.9096556057583011,0.004318363358355004,0.6909089338843373,0.12812705846356504,0.5018189361791218,0.9999999783035468,0.08546104705144776
2025-07-10 03:00:00,2.4304,2.4109,2.4203,-0.2283399215426084,0.9018941997252495,0.0014558305368110869,0.48205103484563105,-0.42816865585955405,0.4551079493832901,0.9999999784679771,0.09254734891043105
2025-07-10 07:00:00,2.458,2.4172,2.442,0.9346171332980534,0.9018941997252495,0.007989176464530123,0.6078429882737808,0.6353209210861436,0.5237384527345188,0.999999979328929,0.09962167333563897
2025-07-10 11:00:00,2.4618,2.4188,2.4407,0.8547045926378272,0.9018941997252494,0.0001255494641241306,0.5093022071390205,0.9250246549298231,0.468539840407476,0.9999999793420133,0.1034979567833363
2025-07-10 15:00:00,2.5122,2.4316,2.4887,1.8048262166537816,0.7999711730361102,0.01556216200236471,0.7084366366703944,2.1063124684683485,0.5152394470171854,0.9999999808450784,0.11254503375124036
2025-07-10 19:00:00,2.5678,2.4884,2.5464,2.2048461242248285,0.8007440178954995,0.020350617995342102,0.7304784974208464,2.6420506054190263,0.5023948631710119,0.9999999825328937,0.12888779177876097
2025-07-10 23:00:00,2.5929,2.5119,2.5883,1.0531076317766155,0.9035195789421168,0.007938018348782938,0.9432097600975561,1.7479606666433285,0.5017632927588795,0.9999999831247005,0.14656404345990987
2025-07-11 03:00:00,2.5985,2.5551,2.5711,1.3227863663871864,0.9035195789421169,0.011686089450605008,0.3686635095245364,1.6387395997291907,0.49936613270988023,0.9999999839324906,0.15729215771009133
2025-07-11 07:00:00,2.6511,2.5536,2.6472,2.3468944564987426,0.9035195789421169,0.009849310812025447,0.9599999015384739,2.9982248980435493,0.509619999764995,0.9999999845625828,0.1673135136155969
2025-07-11 11:00:00,2.8392,2.6066,2.8238,5.0,0.9035195789421169,0.05010090924780175,0.9337918773090333,5.0,0.5042133685310057,0.999999987150935,0.196872234493067
2025-07-11 15:00:00,2.975,2.6919,2.8329,5.0,0.9035195789421169,0.033430252200043586,0.49805720600292436,5.0,0.4817959307716633,0.999999988501777,0.22607152012649895
2025-07-11 19:00:00,2.858,2.6596,2.7014,2.877711774905157,0.9035195789421168,-0.02415780482824803,0.21068547325173953,4.521464209123136,0.47121844505614113,0.9214887184770274,0.24039434190100864
2025-07-11 23:00:00,2.8479,2.6882,2.7923,1.676627264216566,0.9024758889786667,0.0035950085295326506,0.6518471727083792,2.8138815959395025,0.5374954831151337,0.9328900100557369,0.2447512880673375
2025-07-12 03:00:00,2.8222,2.7616,2.7918,0.7697837744036433,0.9014337812757119,0.008325578891769991,0.49834975274756205,1.5495005335200611,0.6195379694928985,0.9593888621143456,0.2504832514418542
2025-07-12 07:00:00,2.8466,2.7558,2.8367,0.6396662296146836,0.8935699407074726,0.0022383814349484776,0.8909690648712485,1.8335021678412629,0.5422935501758789,0.9665725507373952,0.2522917139690316
2025-07-12 11:00:00,2.8476,2.7485,2.7566,1.4245179593658424,0.8857663785092083,-0.004095574488001241,0.08173561233747828,2.463648623912902,0.5171343197127681,0.9533991087328608,0.2541212366710895
2025-07-12 15:00:00,2.768,2.6629,2.7397,2.120807390496611,0.8843667478678373,-0.027938258158882845,0.7307325660577974,2.7764733477812635,0.37104247855312916,0.8639035624987984,0.24835933288486725
2025-07-12 19:00:00,2.7534,2.6837,2.7379,0.4256195869093537,0.8829699193102761,0.005618231715208699,0.7776182528524707,0.9748897439241974,0.35965432364749317,0.8813978232218814,0.23922373804861194
2025-07-12 23:00:00,2.7859,2.7213,2.7762,0.0672690264158886,0.8787111109383496,0.009861091594072002,0.8498450696834251,0.9959873315366863,0.5039870958530973,0.9122761727444554,0.22756935608355008
2025-07-13 03:00:00,2.8144,2.7583,2.7925,0.055607504113835506,0.8744752676785505,0.011623763876277504,0.6096255597815383,0.6204356422951722,0.47932974754799357,0.94903295665087,0.21839643563805716
2025-07-13 07:00:00,2.8202,2.771,2.776,0.2990924834267283,0.8751580244095377,0.004551102664057227,0.10162599560447046,0.5379510121727473,0.44981856122528985,0.9635917835059914,0.2076962034731781
2025-07-13 11:00:00,2.8949,2.776,2.8442,1.584600359597536,0.8766320411629595,0.01457304346979571,0.5735912049124305,2.119128049263523,0.5125316995557169,0.9999999886203826,0.19072108524441747
2025-07-13 15:00:00,2.8817,2.8082,2.86,0.789525987565013,0.86949637661777,0.0036511764144584458,0.7047618088759442,1.7922749523969188,0.4756515882159518,0.9999999887528888,0.17656087366364864
2025-07-13 19:00:00,2.88,2.7637,2.8151,0.564474036302745,0.8624320954180147,-0.0069393190904673,0.4419604091177652,1.1428461490288941,0.47883503933584487,0.9777886354489692,0.1559622238773048
2025-07-13 23:00:00,2.8967,2.8125,2.8871,0.5225376601604562,0.860565462847343,0.010379626822504928,0.8859856429945814,1.4846037418144482,0.492395872090423,0.9999999888728526,0.13585714764588283
2025-07-14 03:00:00,2.9796,2.8755,2.9263,2.0842817947788213,0.8587036954628128,0.025431632418249528,0.4879922682043912,2.8539754330103637,0.5210907911774494,0.9999999897047548,0.12569242327142446
2025-07-14 07:00:00,3.0222,2.9245,3.0095,2.519442171242633,0.8587036954628128,0.015723540245502488,0.870010146365388,3.437669608937025,0.5066230218549136,0.9999999901706582,0.12647404089330147
2025-07-14 11:00:00,3.035,2.942,3.0118,2.1421161151339145,0.8587036954628128,0.004225552783132747,0.7505375537056381,3.0379007465467094,0.5102269050514285,0.9999999902905972,0.12126171201991945
2025-07-14 15:00:00,3.0216,2.9093,2.9157,1.4188679535413629,0.857042339411379,-0.009337125945826696,0.056990199733732816,2.3290070582807645,0.46831021180410815,0.9729232251359587,0.11571979433796624
2025-07-14 19:00:00,2.956,2.8762,2.9507,0.13583376948013612,0.8553848623625266,-0.0130187730918212,0.933583842909292,0.7480251514650363,0.4736975513822187,0.935522544426118,0.1198707324548618
2025-07-14 23:00:00,2.9637,2.85,2.8716,0.6126826077726825,0.852854497712445,-0.007840322729441573,0.18997359806740474,1.5758678105309343,0.4660772847103004,0.9132918882932264,0.12360704595571607
2025-07-15 03:00:00,2.8869,2.8038,2.8593,0.9234059331740848,0.8503328071556419,-0.016022847409717378,0.6678699557316583,1.4444429799321452,0.47968242763362157,0.8682164860766952,0.11555496342723963
2025-07-15 07:00:00,2.9223,2.8194,2.9146,0.6856245473601681,0.8471693865891374,0.006439468222084077,0.9251699781175938,0.824147400852161,0.5145092194901068,0.8860417074757894,0.11366607599886544
2025-07-15 11:00:00,2.9342,2.8407,2.8548,1.0364560368626228,0.8440190922822234,0.009226365182513074,0.15080212290886366,1.3960626562983682,0.4794359108770354,0.9117458563612075,0.11424134778611789
2025-07-15 15:00:00,2.9462,2.8429,2.9031,0.38253235993884066,0.8402038299668063,0.002868025188235368,0.5827685786284011,0.7560318388248338,0.47594902309201353,0.9198097378536676,0.11301338548753406
2025-07-15 19:00:00,2.9228,2.854,2.9095,-0.08258243401453312,0.8364069225834634,-0.006722096115170717,0.8066859292607648,0.45879130134091545,0.5031076834472359,0.9008553537064286,0.10851578123772548
2025-07-15 23:00:00,2.9365,2.8774,2.8977,-0.1829809038344415,0.8364069225834634,0.010477469123637562,0.3434855594779051,0.012988457056951478,0.47489646692374704,0.9302002192803558,0.10095127883670563
2025-07-16 03:00:00,2.9365,2.8912,2.9351,-0.25838557477626256,0.8364069225834634,0.0004589638180800826,0.9690947088091088,-0.24050904866132145,0.5016366918958981,0.9314991345397973,0.09073327467618854
2025-07-16 07:00:00,2.9637,2.9203,2.9441,-0.18235397774726708,0.8364069225834634,0.010051869710386852,0.548386970417754,-0.028951279732697545,0.45914334256131006,0.9599600260341221,0.08495291566297256
2025-07-16 11:00:00,2.995,2.9442,2.9904,0.4868819632981493,0.8364069225834635,0.00851893175707974,0.9094486398723165,0.8445493113592366,0.4832487814250387,0.9843230091913214,0.08196476936065804
2025-07-16 15:00:00,3.078,2.9541,3.0523,1.363202865790372,0.8346824704029775,0.01488697362298197,0.7925745930125423,2.130797543379244,0.45916259492386535,0.9999999905482557,0.08135691437567565
2025-07-16 19:00:00,3.1,3.032,3.0523,1.0705748565487847,0.832962151737331,0.016858335406021663,0.2985293678633245,1.7025879172981704,0.4934996862464689,0.9999999909814835,0.08703205772011312
2025-07-16 23:00:00,3.0794,2.9873,3.0496,0.1589393791625241,0.825469495164439,-0.009142095706871634,0.6764385801912489,0.9815910149645235,0.5002584273733417,0.9747247177226099,0.09134402854750549
2025-07-17 03:00:00,3.1728,2.9968,3.154,1.3266552693725568,0.8180240155983042,0.02347990282727408,0.8931817674328534,1.9818858553559089,0.533866029316957,0.9999999913203915,0.10006137552794649
2025-07-17 07:00:00,3.2798,3.126,3.2738,2.359863583143898,0.8180240155983043,0.03528258342195967,0.960988234005968,2.8716922086711367,0.5304642471208931,0.9999999920749107,0.12790836231209965
2025-07-17 11:00:00,3.2986,3.1675,3.2334,2.0974595195159624,0.8180240155983043,0.007962902409681005,0.502669679430231,3.1852842078511587,0.46883073295326355,0.9999999922326761,0.1470989648944035
2025-07-17 15:00:00,3.3611,3.169,3.3537,2.1323702050692996,0.8180240155983043,0.01195655259860784,0.9614783466174724,3.042896553327889,0.5122529063358748,0.9999999924598542,0.17201309970820883
2025-07-17 19:00:00,3.5495,3.2842,3.4729,3.858711574336167,0.8180240155983043,0.040499361250402544,0.7112702332728902,5.0,0.5131891090637942,0.9999999931469004,0.20504640744189576
2025-07-17 23:00:00,3.6607,3.4621,3.5934,3.244326220225699,5.0,0.047284639545554175,0.6611278619774493,4.730799726503227,0.5137708791012581,0.9999999938298882,0.24015237662430355
2025-07-18 03:00:00,3.6531,3.5337,3.5654,1.5257172140816755,4.949067565235521,0.00704053807528382,0.26549411511774507,2.3404123871663898,0.455476916559843,0.99999999392431,0.27053730380098556
2025-07-18 07:00:00,3.57,3.4005,3.471,2.4564713304819477,4.212720713703799,-0.03741378298117015,0.415929179001229,4.278279336901127,0.5099457036045748,0.9181060578571696,0.28712885811236305
2025-07-18 11:00:00,3.545,3.408,3.4541,1.5892761366218284,4.042916692039188,0.004077373907479753,0.3364963258031881,2.5229598477847115,0.47678209092016555,0.9266969902349037,0.2911135727799668
2025-07-18 15:00:00,3.466,3.3439,3.4396,0.7180071336892558,0.5928048971619521,-0.020932880101229845,0.7837837195918315,1.7006448335421147,0.44434884188054735,0.8824120637782111,0.2936436360623541
2025-07-18 19:00:00,3.4789,3.3576,3.3916,0.28174641385367305,0.5928048971619521,0.002163300693094339,0.28029676172326684,1.051987604150643,0.482727854902859,0.886892871387306,0.2883829606832329
2025-07-18 23:00:00,3.4665,3.3624,3.449,0.13615157107028267,0.5928048971619518,0.004851657806782761,0.8318923312303227,1.089195517836875,0.598117410483598,0.8969637663061111,0.2774604151482483
2025-07-19 03:00:00,3.4855,3.4166,3.4454,-0.04546672915696121,0.5928048971619521,0.006239465200955863,0.4179970365751741,0.3386377434984573,0.5911172603102802,0.9099782583656872,0.26798491784834877
2025-07-19 07:00:00,3.4825,3.4205,3.4285,-0.2321089661981036,0.591961316752264,-0.001606076323416472,0.12903223725286542,0.37199909514369517,0.5563626284347231,0.906607346620558,0.25313111446983966
2025-07-19 11:00:00,3.4312,3.3547,3.3608,-0.15477285903155047,0.5911186170494972,-0.015336310359700733,0.07973855166816286,0.49536100075655753,0.5107933123913858,0.8744704437360757,0.23906143393040163
2025-07-19 15:00:00,3.4594,3.357,3.4202,-0.4479388146441247,0.5848941377029118,0.00752947120194003,0.6171874397277872,0.23890266160327595,0.5279933184906457,0.8900063120514613,0.21374628230582837
2025-07-19 19:00:00,3.4445,3.38,3.4215,-0.6140649754126765,0.5786819649640038,-0.0021836701001270997,0.6434107529595724,-0.21222941092507847,0.4639439768671493,0.8854667303061777,0.19269452918380667
2025-07-19 23:00:00,3.4513,3.3856,3.4053,-0.36179771365257085,0.5721757288589764,0.00024853660204349204,0.29984774735955044,0.06985853184894268,0.49732308296212874,0.8859822791021998,0.17494995411123715
2025-07-20 03:00:00,3.4438,3.4022,3.4169,-0.30143661801815835,0.5656763947104159,0.0019390561069914103,0.3533652996718026,-0.08246099241730545,0.36764324286238187,0.8900055355953699,0.15068452785996433
2025-07-20 07:00:00,3.5352,3.4164,3.5095,0.5405695197659418,0.5589213599354751,0.019134573234505847,0.7836699677045482,0.9222284931584872,0.5196724738175634,0.9297839466799811,0.11770322370366205
2025-07-20 11:00:00,3.5466,3.4777,3.5385,0.0715453669428742,0.5521657534450225,0.006616109038998674,0.882438188325369,0.798330549458415,0.4821013557475778,0.9438011973602074,0.09837919299204537
2025-07-20 15:00:00,3.5403,3.483,3.5343,0.015203922286738987,0.5458387402547541,0.0017825172147576396,0.8952878018694967,0.9553583952107804,0.4798972813710795,0.9476027218712686,0.09210394769563848
2025-07-20 19:00:00,3.5579,3.4038,3.4548,0.24291713414238994,0.5395419120839573,-0.008709642149705488,0.3309539045454969,1.007735684886295,0.4945346377192353,0.9289948022174863,0.07446527409365215
2025-07-20 23:00:00,3.487,3.4076,3.4845,-0.22081628112900906,0.5336231771725043,-0.01007828311909531,0.9685137319252235,0.5376412468302991,0.5376773501561715,0.9076503532831026,0.06867546511308795
2025-07-21 03:00:00,3.5694,3.4716,3.5593,-0.08754616109843298,0.5277124214354997,0.020120601181780273,0.8967279246699463,0.168278183229494,0.5404714642224848,0.9498336188523231,0.0714625308667931
2025-07-21 07:00:00,3.5809,3.5209,3.5521,-0.23877879706732877,0.5242468177789816,0.010180385736495268,0.5199999133333418,0.2021499576850597,0.4658485194912339,0.9716064545974719,0.06737903163813062
2025-07-21 11:00:00,3.6495,3.4996,3.64,0.34067188262825454,0.5207904059847629,0.005128028569133303,0.9366243537942389,1.2283569563631096,0.5081224943562332,0.9826854435736533,0.07490200794936373
2025-07-21 15:00:00,3.6487,3.5419,3.5531,0.25695532625640566,0.5139471045102484,0.0064209815847549034,0.10486890403849328,1.6544941066804792,0.44663799374719804,0.996628966088222,0.07961676860308846
2025-07-21 19:00:00,3.5831,3.5117,3.5658,-0.4236739164562593,0.5070915964164076,-0.013937465370336244,0.7577029751116273,0.39678195887208745,0.45697656820271493,0.9661686390759925,0.08246139291725889
2025-07-21 23:00:00,3.5744,3.4618,3.5162,0.051201717274517104,0.5035165964641907,-0.005291304900288063,0.4831260672179335,0.710821791512937,0.5002385186915796,0.9547656684435025,0.08346535890565927
2025-07-22 03:00:00,3.5187,3.4218,3.4647,0.26771513084918713,0.49995045540981886,-0.01606396260504228,0.44272441251554095,1.2507101639175267,0.5297064822184329,0.9203303727150578,0.08124241172854166
2025-07-22 07:00:00,3.4994,3.4261,3.4979,-0.3021280058951209,0.4938138798749517,-0.002364977247518274,0.9795360191628889,0.5496972106016841,0.5285652418675598,0.9153421599811207,0.07989237493043032
2025-07-22 11:00:00,3.5371,3.4401,3.5197,0.06050674669438754,0.48767729683404104,0.010283996348158242,0.8206184721011853,0.8986601841413211,0.5027072127370864,0.9369818781600094,0.07890157393482133
2025-07-22 15:00:00,3.5787,3.4916,3.5595,-0.2946269447724715,0.48174042043581794,0.01123329745539503,0.7795636303600871,0.6604695682920139,0.503169011640879,0.9608622134027659,0.07785680339547907
2025-07-22 19:00:00,3.5707,3.513,3.5266,-0.734843421039094,0.47580452606663515,0.0008480025712278572,0.2357018655629394,-0.15744817794489283,0.46300595328784017,0.9626851925076662,0.06961803769284845
2025-07-22 23:00:00,3.5541,3.4948,3.506,-0.5310107453577558,4.098823837948853,-0.005652003681386852,0.18887011992071623,-0.22269816785518426,0.521984306103495,0.9505245902367314,0.06604735146120122
2025-07-23 03:00:00,3.5107,3.4687,3.4824,-0.5226738956122728,3.935167894060082,-0.008049243813957219,0.3261903985260981,-0.32950257803399596,0.5956305214724105,0.933304075296343,0.06250318093754736
2025-07-23 07:00:00,3.4837,3.4304,3.4506,-0.4601417722236094,0.39785011569599465,-0.010738084374143364,0.37898679568728255,-0.005231705870283297,0.4617227853927351,0.910515982655623,0.05846423663324622
2025-07-23 11:00:00,3.4567,3.2204,3.3038,2.069812525628182,0.3911444086209972,-0.03794980446880325,0.3529411615344397,2.7993058756477276,0.46239636890703645,0.8308446655513437,0.08003976471028759
2025-07-23 15:00:00,3.3311,3.1597,3.2508,1.0615571772698642,0.38882962508917823,-0.024759642403039406,0.5315052198655055,2.355200157597433,0.47185803753379446,0.7808372333915834,0.1083687991857751
2025-07-23 19:00:00,3.2533,3.02,3.1747,1.9095428630279634,0.38651821483925936,-0.030675409366311412,0.6630946993958559,3.0214688000854704,0.47520030917081757,0.7204156337833658,0.14268357984421592
2025-07-23 23:00:00,3.2373,3.15,3.1977,0.23246966146986495,0.3857489531304862,0.01843775752491572,0.546391689989501,0.9864204086749334,0.529223945275543,0.7556185937054787,0.16097115578114027
2025-07-24 03:00:00,3.2303,2.9555,3.0126,1.1848693307761953,0.38498021939026916,-0.033347662264373135,0.20778747424354196,2.2258385760747563,0.4492957737834177,0.6907744188321796,0.21703386145653328
2025-07-24 07:00:00,3.1312,2.9655,3.1037,0.31049409746755363,0.38498021939026916,-0.007419756993265136,0.8340373666845267,1.3836730673082154,0.5184520393237575,0.6768279082316742,0.23134171804493756
2025-07-24 11:00:00,3.2488,3.0959,3.243,0.48605192109802337,0.38498021939026894,0.031092386509353753,0.9620666473468495,1.8901084223912783,0.5117577990407266,0.7348369329210231,0.22286430909823005
2025-07-24 15:00:00,3.2651,3.1686,3.2377,-0.06766987511981258,0.38498021939026916,0.018669997348810696,0.716062101962475,1.1929210314635532,0.45622202879891494,0.7707525508000421,0.22360049347764652
2025-07-24 19:00:00,3.2603,3.1715,3.1775,-0.6299816232066318,0.38498021939026916,-0.00290539183430083,0.06756755995861069,-0.0810159202111293,0.4352339519490196,0.7650590771797144,0.22270170577372603
2025-07-24 23:00:00,3.1775,3.0676,3.0756,-0.44150589465454215,0.3823146191859447,-0.0289236974980166,0.07279344196601983,0.5772724915650326,0.47750927636308527,0.7085442010909988,0.2375188238358098
2025-07-25 03:00:00,3.1187,3.0447,3.0733,-0.22389036995475356,0.3796528779099125,-0.014485133017791307,0.38648643425859025,0.8174550157033273,0.5365013650645152,0.6810598927163186,0.23980470899934256
2025-07-25 07:00:00,3.145,3.0353,3.1286,-0.3075782677650064,0.37500499672713405,0.005620203397871171,0.8505012898357991,1.0259450826311678,0.47233582723956075,0.6915692834305498,0.23366284511564328
2025-07-25 11:00:00,3.1534,3.0,3.0057,-0.14067453380744718,0.3703582365077696,-0.004905962379821216,0.03715775507446212,1.262089963894925,0.46028776623227996,0.6823439152273961,0.2523080297562319
2025-07-25 15:00:00,3.0774,2.9981,3.0709,-0.4535829192565823,-1.5265702977803755,-0.013003198009214456,0.918032671118201,0.7772775597741256,0.49484283305487275,0.6580121400423002,0.2440459656112248
2025-07-25 19:00:00,3.1507,3.0654,3.1444,-0.8048511876098278,-1.5138593725212017,0.026288872941454544,0.9261429160442073,-0.1688666332795568,0.4903107508520692,0.7065646104353198,0.22645606308697835
2025-07-25 23:00:00,3.1635,3.1088,3.1517,-1.0030705482722735,0.37026036472677354,0.00499542977632772,0.7842777359638501,-0.5068740362932272,0.4964751569087311,0.7160331248181595,0.20515399536570705
2025-07-26 03:00:00,3.1766,3.1354,3.1576,-1.0809314077079093,0.3633152396356408,0.006633026705954226,0.5388348206711558,-0.6144629360043947,0.4849176141361264,0.7286684032835973,0.18299612417961822
2025-07-26 07:00:00,3.2111,3.1525,3.1999,-0.9571113800740414,0.3592417701997352,0.010117485830614559,0.8088735821034833,-0.45111193143876505,0.5312534996017266,0.7480690787886812,0.15617882422140153
2025-07-26 11:00:00,3.2026,3.1776,3.1811,-1.035549314340708,0.35517084594190035,9.460221116452949e-05,0.13999994400001636,-0.5104804858156429,0.4447945826185893,0.7482523175821083,0.12961222458983507
2025-07-26 15:00:00,3.2181,3.1584,3.1753,-0.9467545677960344,0.35517084594190035,-0.00027974781552608796,0.28308202963450174,-0.32737897554907747,0.4510163595451493,0.7477104116274709,0.09916929969805999
2025-07-26 19:00:00,3.2098,3.1684,3.1819,-1.217254962264309,0.35517084594190035,-0.00011859738653496876,0.32608687775679535,-0.6263125434489546,0.49762531552781886,0.7474807381594651,0.08897015293813576
2025-07-26 23:00:00,3.2064,3.1564,3.1981,-1.124353123455576,0.34961912308492155,-0.0014054830306652333,0.8339998332000377,-0.6061235442309058,0.48542758217540594,0.7447592289608779,0.0845798628874762
2025-07-27 03:00:00,3.2387,3.1825,3.2016,-1.0038799269317786,0.34405767038177637,0.009630066498719447,0.33985759077266864,-0.4589618074519056,0.4994145386852768,0.7633802145202055,0.08560290241475206
2025-07-27 07:00:00,3.21,3.1674,3.2026,-1.0368386094946578,0.3440576703817766,-0.008161476038521132,0.8262908858472071,-0.5374490522145953,0.49026540057668905,0.747446964816475,0.08583028100971082
2025-07-27 11:00:00,3.2148,3.163,3.1803,-0.8638956158389512,0.3440576703817766,0.0005252681113616653,0.3339767695025555,-0.12145566064812874,0.4662999385711991,0.7484640507806972,0.07723886046923743
2025-07-27 15:00:00,3.2288,3.1675,3.2129,-0.5470155705634016,-0.6369265483592856,0.0032072953784412217,0.7406197813018266,0.10464422245017652,0.4640561565300891,0.7546776558263282,0.07657681198003338
2025-07-27 19:00:00,3.2515,3.1893,3.2346,-0.8115932272779933,-0.6375889361011013,0.007506526970795013,0.7282957028463489,-0.2688538420836179,0.485295269302636,0.7692669545704204,0.07535738947132775
2025-07-27 23:00:00,3.2928,3.2072,3.269,-0.48641920419558454,0.33707002105396316,0.009644860197705718,0.7219625324810132,0.4895612614659991,0.5367490372554665,0.7881529192573027,0.07757983173585786
2025-07-28 03:00:00,3.3308,3.2494,3.2898,-0.5342994525553801,0.3307581094291463,0.010604725999211917,0.49631443534220737,0.08278216127565732,0.5263537909410101,0.8091187138698881,0.0846229658045927
2025-07-28 07:00:00,3.2942,3.2319,3.2389,-0.5791994396002392,0.039929292010806465,-0.008723562612077074,0.11235953252656163,0.03822564000007447,0.5074539174672806,0.7916891274317025,0.08385657169738692
2025-07-28 11:00:00,3.2497,3.1405,3.1556,-0.18313775478904518,0.03299424077046504,-0.018694213778172486,0.1382783756155365,1.1117869443306976,0.39589114224815614,0.7546641171428272,0.08085694533334614
2025-07-28 15:00:00,3.1856,3.1141,3.1427,-0.39468763775724575,-0.4824135800656129,-0.013847357500493818,0.3999999440559519,0.5570260492250707,0.45925388302228864,0.7277512946230569,0.08053874291240212
2025-07-28 19:00:00,3.164,3.1076,3.1329,-0.6803219894271113,-0.4823579693198888,-0.004165673954918181,0.44858148074795823,0.029287880471949253,0.49336224443452364,0.7197672719700869,0.06361908909141006
2025-07-28 23:00:00,3.1482,3.0788,3.1098,-0.8324155608935331,-1.647815635272064,-0.007465663572497339,0.44668581459858203,0.3004409633857005,0.4572503053128732,0.7055180224008502,0.058758457260014905
2025-07-29 03:00:00,3.1636,3.1094,3.1539,-0.9732004873046921,-1.6388040116211744,0.007435446675522428,0.8210330588499891,-0.44545553341631183,0.5421762591580843,0.719603649315404,0.05739120407859487
2025-07-29 07:00:00,3.1856,3.1133,3.1182,-0.7774638104600177,-1.038010052087437,0.005609785156127867,0.06777315798434462,-0.31060385254651646,0.467778766126523,0.7303097808334864,0.06062620569986808
2025-07-29 11:00:00,3.1749,3.0867,3.1038,-0.6452688588339395,-1.0439582774723422,-0.008179375075177964,0.1938775290388301,0.08911595377430598,0.4858059731638902,0.7146120831986842,0.06500045719020354
2025-07-29 15:00:00,3.1624,3.0533,3.1406,-0.324783557156616,-0.5079905199899419,-0.009134412118621538,0.8001832447128111,0.41287473288397764,0.44562917533601115,0.6972248862758185,0.06520974379889746
2025-07-29 19:00:00,3.1488,3.094,3.1252,-1.0353065948968987,-0.5041064406252177,0.003952307431563273,0.5693429617987298,-0.31792983896556254,0.46976478959259593,0.7046793161898124,0.06746143239174124
2025-07-29 23:00:00,3.1462,3.0932,3.1403,-1.0886118401928067,-1.3454513690506176,0.0026603979643060605,0.8886790776077207,-0.5053441736727009,0.4723803013750407,0.7095112249076273,0.0680088250928868
2025-07-30 03:00:00,3.15,3.1042,3.1389,-1.113625139147212,-1.3469528221582932,0.0023033256546782788,0.7576417559734173,-0.6156039744884112,0.43972991196934713,0.7043674740427672,0.06885316854914847
2025-07-30 07:00:00,3.1453,3.085,3.0899,-0.8628064034162977,-1.0715731609272325,-0.005430045329432698,0.08126035136644433,-0.31176191560418115,0.5000634678262116,0.6936829267965406,0.07363792086246787
2025-07-30 11:00:00,3.1496,3.0403,3.1488,-0.2533101240760617,-1.0796866840884864,-0.011565861178448933,0.9926806045122969,0.743208125392571,0.46461423825870374,0.671048683522399,0.07179696319672485
2025-07-30 15:00:00,3.1621,3.0491,3.0504,-0.4065225171150798,-0.7128714729179186,0.013965522029470767,0.011504423760667234,0.40484635322170587,0.4810672694148256,0.6977502532662326,0.08054850740046453
2025-07-30 19:00:00,3.1176,3.001,3.083,-0.13595121304369684,-0.7126584888050409,-0.019890393468284584,0.7032589448319968,0.48410264600212655,0.4518618914123738,0.6586974856186005,0.08232959131332186
2025-07-30 23:00:00,3.1376,3.0812,3.1362,-1.081968730067006,-0.17512885102786238,0.01749751912787989,0.9751771320607949,-0.5447710242418872,0.528315001083927,0.6774496379356969,0.0790857037654792
2025-07-31 03:00:00,3.1497,3.1306,3.1474,-1.061792484666177,-0.18600884159218298,0.008574886437203055,0.8795806913190135,-0.8189036452262215,0.44792323700295483,0.695053660811817,0.07464450985831457
2025-07-31 07:00:00,3.1784,3.1412,3.1713,-0.9638539080327203,0.3045349646396816,0.006589395082662097,0.8091395674356027,-0.7256854330775954,0.48767554900436955,0.7086975205029301,0.06504724382438615
2025-07-31 11:00:00,3.1754,3.0809,3.0811,-0.6269737672662995,0.29610992293127825,-0.012576545925629845,0.0021164018924440206,0.06764790331223512,0.455761948779545,0.6824852024584683,0.05137189913595555
2025-07-31 15:00:00,3.1366,3.0688,3.0845,-0.8145981624887705,-0.47786665559835956,-0.0075589655141578005,0.23156338767501372,-0.061759200743536295,0.5134445432282913,0.6669287756349097,0.04090828812894218
2025-07-31 19:00:00,3.0901,3.0161,3.027,-0.38474354977406544,-0.4742517717483196,-0.016522002215817233,0.14729727739226403,0.09704606410403083,0.4640431136604244,0.6331833527234304,0.04903570909927477
2025-07-31 23:00:00,3.0433,2.9292,3.0191,0.47116480479250955,-3.164135318207224,-0.01929837702942916,0.7879052771336306,1.2850893303525897,0.44900257591634435,0.5944185449721984,0.056168366838632224
2025-08-01 03:00:00,3.0243,2.9351,2.9626,-0.7177601917185776,-3.0812316825750306,-0.004154746823917477,0.30829592956323865,0.1751031025354856,0.4696724251888538,0.5862339290134936,0.07193917962198607
2025-08-01 07:00:00,2.9719,2.892,2.9527,-0.13935963145635819,-1.9139064990156154,-0.01527570836847536,0.7596995294493701,0.621554876821445,0.454351626787825,0.5562666744014992,0.08500479610968077
2025-08-01 11:00:00,3.0585,2.93,3.0531,0.15054861178527063,-1.888993834195528,0.02056121518969367,0.9579765791457927,1.0691606551484147,0.49352200196050394,0.5959866551174429,0.08083830748932011
2025-08-01 15:00:00,3.059,2.9742,3.01,-0.4593909462035471,0.3348427020598637,0.009840707661068482,0.4221697615365802,0.4728715104823179,0.4200807585956494,0.6153877232413875,0.08463925912958796
2025-08-01 19:00:00,3.0321,2.8959,2.925,-0.17369360806555906,0.3348427020598637,-0.01626488295212536,0.21365637197823817,1.0639820147906627,0.5014343342545141,0.5830057636801775,0.09926637064667469
2025-08-01 23:00:00,2.986,2.9177,2.9765,-1.0006994372009124,0.33413193328012664,-0.003144399685895749,0.8609076338348995,-0.253446244505403,0.498897770481943,0.5768473607130593,0.09940243125123634
2025-08-02 03:00:00,3.0206,2.9456,2.9692,-0.8850542930083375,0.3334215609538611,0.011131718402911384,0.3146666247111128,-0.4319054546015869,0.47420901531276777,0.5985806180994562,0.10187249528825586
2025-08-02 07:00:00,3.0023,2.933,2.9437,-0.9740485351754472,0.3315064412350733,-0.008645001928536344,0.15440113212105389,-0.21860004808901023,0.4907114521457969,0.5815144727387755,0.10485958041847221
2025-08-02 11:00:00,2.962,2.8714,2.8789,-0.6239080473558657,0.329593351625317,-0.01761788429009492,0.08278144781661527,-0.03737965774310468,0.4625906979045697,0.5470355808442194,0.11509111512343498
2025-08-02 15:00:00,2.8942,2.7418,2.7605,0.7093817471494297,0.027367528630403096,-0.034501029108016,0.12270340402208588,1.34775391028338,0.4579383206161042,0.4807052683284434,0.14777890172177974
2025-08-02 19:00:00,2.8182,2.7547,2.798,-0.45985823983728685,0.0267108222745201,-0.007827004386287917,0.6818896563953293,0.1873893641714757,0.5258318128844539,0.4661765472478566,0.1550496401609852
2025-08-02 23:00:00,2.8292,2.728,2.8271,-0.16822187045496304,-0.9967230246405981,-0.005293537303246998,0.9792489150939808,0.7271020286509443,0.4898443168021201,0.4564274323336756,0.1619830233314007
2025-08-03 03:00:00,2.8449,2.8142,2.8389,-0.8971954639863634,-0.9928996887460215,0.018829791461053125,0.8045599985146652,-0.5829596100802458,0.5017221063968036,0.4909227113014128,0.1649515216908953
2025-08-03 07:00:00,2.8775,2.8389,2.8686,-0.7027465350341733,-1.0688247378878364,0.011535271287385962,0.769429852479308,-0.5756440027513253,0.45159514282229146,0.5124526899735897,0.15796637212186287
2025-08-03 11:00:00,2.8955,2.8585,2.8855,-0.685091864521712,-1.0732514334398116,0.004533132205032819,0.7297295325055282,-0.3122159956588649,0.4684770130360896,0.5210111416480201,0.14688998795953126
2025-08-03 15:00:00,2.93,2.8769,2.9167,-0.5853203892496084,-0.2243637470780815,0.009649897091442705,0.7495290490529087,-0.2277584649058287,0.48601067650777574,0.5393125185541068,0.12705344937740204
2025-08-03 19:00:00,2.9432,2.9015,2.9424,-0.6472215576348059,-0.2294149889213617,0.005535897572938708,0.9808151125143636,-0.517371982463851,0.4594339683004082,0.5473577246412731,0.11748867215550622
2025-08-03 23:00:00,3.0312,2.9312,3.0145,-0.09293232356565843,-1.5160045138729774,0.023171910026997367,0.832999916700007,0.22911713668005135,0.5087160968264112,0.5832384255460318,0.1077221882776517
2025-08-04 03:00:00,3.0164,2.9661,2.9826,-0.7652443376908091,-1.5119179934759865,-0.0004890966389614615,0.3280317439300743,-0.6650521348925131,0.5540188121888894,0.5719229483813755,0.1058437926711846
2025-08-04 07:00:00,3.0241,2.9809,2.9856,-0.6850134167089023,0.3169436491408322,0.005870494842529439,0.10879627111196823,-0.535557174743944,0.5579981950207032,0.5832948770559743,0.10340991388121809
2025-08-04 11:00:00,3.0813,2.9767,3.0356,-0.01781071161802757,0.3095639359816081,0.010004568802768787,0.5630974605069343,-0.1374966683755185,0.47473946265560046,0.6042058946669935,0.10636645058442243
2025-08-04 15:00:00,3.0899,3.0179,3.0447,-0.4545577161323692,-1.0265687517688644,0.007210611430876979,0.3722221705247004,-0.30528069592979173,0.4595976742533765,0.6194279124006289,0.11128929727203964
2025-08-04 19:00:00,3.0867,3.0372,3.0866,-0.9427103526805662,-1.0187427527661466,0.0021999435722483973,0.997979596367754,-0.6804523123678053,0.4838430092208829,0.6241056080885389,0.11339171398704158
2025-08-04 23:00:00,3.1072,3.0465,3.0621,-0.75987516089291,-0.8030778438850802,0.0038693650535390756,0.2570016051068197,-0.565047151802058,0.4852741090513223,0.632351060744818,0.11833053552858615
2025-08-05 03:00:00,3.0624,3.0165,3.0223,-0.7456828572952777,-0.7970923676671434,-0.011773746975304533,0.1263616282436508,-0.7237373518195872,0.4756178865609777,0.6071646259183122,0.12241234330453961
2025-08-05 07:00:00,3.0799,2.9958,3.074,-0.6049377812231113,0.3285066853585644,-0.002042350966187656,0.9298453115522813,-0.44538977184921597,0.48953336649412027,0.6028470621481099,0.12605283213123628
2025-08-05 11:00:00,3.08,2.9592,2.9768,0.01699351246697148,0.3285066853585644,-0.0062525875280512455,0.1456953521775357,0.3616734754022336,0.47173806380219874,0.5896559844969018,0.1303125941444776
2025-08-05 15:00:00,2.9945,2.9526,2.9775,-0.6059431579116888,0.0026369756114961486,-0.012181240616546907,0.5942719345413071,-0.09927187887293738,0.5108333466649522,0.5641179170483284,0.13058963349215572
2025-08-05 19:00:00,2.9846,2.9164,2.9606,-0.7925623429241098,0.0012824464015564134,-0.00937534578656174,0.6480937466138201,-0.3619287995237213,0.5036857383210882,0.544701858551292,0.1294547027741093
2025-08-05 23:00:00,2.9759,2.9181,2.9326,-1.0516618846676922,-0.6608445738365605,-0.0011650296167130536,0.2508650085008616,-0.5015223261084759,0.5413786863154502,0.5423117376189726,0.11552633721338093
2025-08-06 03:00:00,2.9683,2.9014,2.9488,-0.6216387274024167,-0.6575942366934063,-0.0036876168044380764,0.7085200734648575,-0.48836064842068133,0.5005694412623287,0.5347552072167002,0.10253184719653341
2025-08-06 07:00:00,2.9605,2.9185,2.9362,-0.5917050075086961,-0.57138553916292,0.0022596449733214286,0.4214284710884578,-0.6683360896877641,0.5130330428187574,0.5393685145380577,0.09316450268134699
2025-08-06 11:00:00,2.9856,2.9233,2.9855,-0.5935670222421894,-0.5674035630353417,0.003346892472825269,0.998394703307435,-0.42148152110728515,0.4809648020293122,0.5462169943656897,0.08102119959293987
2025-08-06 15:00:00,3.0187,2.9672,3.0019,-0.5404115090582768,-1.688469607077858,0.014264069547859082,0.6737862769347042,-0.35811017199269185,0.49363724558747923,0.5755021123919591,0.07243047051515249
2025-08-06 19:00:00,3.0142,2.9753,2.999,-1.2156892001399944,-1.6703171707404714,0.0018944338425468388,0.6092543420940006,-0.8692418493327791,0.438336645416386,0.5794469943756532,0.06488732369694164
2025-08-06 23:00:00,3.011,2.9729,2.9757,-1.186992733910044,-0.4023475971700247,-0.0023630106845003995,0.07349079435936341,-0.9314178417564588,0.5158961567819573,0.5745170477093,0.06099366814893468
2025-08-07 03:00:00,3.0139,2.9641,3.0008,-0.8628350051601312,-0.40481088706972146,-0.0012130035160657915,0.736947643183201,-0.9296716143477043,0.5655554876664488,0.5719923398123861,0.057983917945607484
2025-08-07 07:00:00,3.0764,2.9881,3.07,-0.4112217926876671,0.3450793175040924,0.014215925327564882,0.9275197137576746,-0.48331923714722225,0.533324839202366,0.6015450348218978,0.060131943801592876
2025-08-07 11:00:00,3.0882,3.0439,3.0486,-0.07889325106782373,0.3450793175040924,0.013198784631957006,0.10609478417725242,-0.347789858485622,0.43484327662504124,0.6293733123741626,0.06163128180289372
2025-08-07 15:00:00,3.0665,3.0087,3.0539,-0.7201477556691817,0.3450793175040924,-0.008232261305440192,0.7820067851199337,-0.5393620732133182,0.4583145427494165,0.6117873479124653,0.06269572304601738
2025-08-07 19:00:00,3.3316,3.0518,3.3256,2.683176594495896,0.3450793175040924,0.05279118860282028,0.9785560765348086,1.464908327210349,0.5453847451726199,0.7236328339936914,0.10268242522033989
2025-08-07 23:00:00,3.3498,3.2704,3.3413,2.131828552843469,0.11855268713325322,0.032109809437884884,0.8929469908127197,2.0484805316818484,0.501745763820016,0.7952532749505269,0.13291974375283072
2025-08-08 03:00:00,3.3825,3.3064,3.3491,0.4680315801796818,0.11327974405777379,0.011203116314718375,0.5611037370428736,0.37626418374402887,0.47940345981731636,0.8202370408095914,0.15613035757271426
2025-08-08 07:00:00,3.3606,3.3019,3.3093,-0.2004922967407257,0.3278851759954926,-0.004141996552492921,0.12606471446938555,-0.41046235511206536,0.45790503310998854,0.8093115829533221,0.17265588403915583
2025-08-08 11:00:00,3.3726,3.2674,3.2805,0.6846125623567241,0.31984241443370715,-0.0027301725136669175,0.1245247029919495,0.2504831493894216,0.5104696237515037,0.8029122006838638,0.18326875400519618
2025-08-08 15:00:00,3.297,3.2051,3.277,0.9329531879418735,0.3124645625781752,-0.021391961631687884,0.7823720585014088,0.6052800232380107,0.4669184845692671,0.7529074513880248,0.19136714852562423
2025-08-08 19:00:00,3.3404,3.271,3.2883,-0.3906560917495054,0.3050201546706981,0.016472339735968067,0.2492795029856641,-0.3755167304851695,0.5433521212276451,0.7861300156130211,0.1953877287165401
2025-08-08 23:00:00,3.3141,3.2791,3.3043,-1.057973066052848,0.29990210690323593,-0.003012933782412963,0.7199997942857761,-0.8402376146971496,0.48588162689283837,0.7789751052712159,0.19824404180993516
2025-08-09 03:00:00,3.3348,3.288,3.3044,-0.2125077542408435,0.294775088293104,0.005668051971924548,0.35042727554972547,-0.4458467551597309,0.5925767853496331,0.7923946554037059,0.19883301437133544
2025-08-09 07:00:00,3.3475,3.3007,3.333,-0.690716880973161,0.294775088293104,0.004813814692538054,0.6901707926985506,-0.7287638607699616,0.5108358226805676,0.8038563321307681,0.19498267179198844
2025-08-09 11:00:00,3.3339,3.2461,3.2954,-0.2917219372429092,0.294775088293104,-0.010800896026218254,0.5615033529039447,-0.2806400427617606,0.43807093570225203,0.7780156383387523,0.19122565427145174
2025-08-09 15:00:00,3.298,3.2639,3.2847,-0.8149861717565842,0.2947750882931038,-0.004076512225265505,0.6099704956098229,-0.5162367215589678,0.53626500800449,0.7683680925659394,0.18131536213671223
2025-08-09 19:00:00,3.2942,3.2083,3.2258,-0.29297819396325897,0.294775088293104,-0.009338836165019293,0.20372523821592167,-0.21012823765920827,0.4768382869590437,0.7463567349394877,0.17469236611317163
2025-08-09 23:00:00,3.2486,3.2133,3.2422,-0.7856997879032671,-0.4459547753247602,-0.004901938296036357,0.8186966519272906,-0.6041100950428603,0.4973390234207635,0.7349109112518148,0.16384436718682419
2025-08-10 03:00:00,3.2795,3.2358,3.2486,-0.6792997160636998,-0.44252671329388227,0.007395474608931307,0.2929061114631388,-0.49321780698472106,0.5385772344962592,0.752094392058707,0.1511297626488848
2025-08-10 07:00:00,3.2542,3.1521,3.1897,0.20037864130972421,-0.31792919071797565,-0.020389276702302284,0.3682663694156374,-0.06013014557159227,0.47756716488754447,0.7043692854568999,0.13548943310214184
2025-08-10 11:00:00,3.2044,3.1568,3.201,-0.7710553889415626,-0.3151476573779287,-0.0020747766576000304,0.928571233493437,-0.6556783451938801,0.5138961062224521,0.699611882138152,0.11632360835305591
2025-08-10 15:00:00,3.2087,3.1799,3.2076,-0.9920373459040088,0.24664476288067588,0.003230457352290328,0.9618052215954055,-0.9306197370606303,0.4710648659290913,0.707003859527111,0.10451840508611253
2025-08-10 19:00:00,3.2146,3.1581,3.181,-0.3588854322416322,0.24693322171722154,-0.00366969735092304,0.40530966277705105,-0.7231853053423202,0.5061836389619981,0.6985796807517968,0.08907101986566271
2025-08-10 23:00:00,3.274,3.1648,3.2638,-0.23725335760879235,-0.786705352536689,0.013606164324425185,0.906593323572038,-0.427095307493328,0.6090780127412365,0.7296994506654042,0.06272476316862362
2025-08-11 03:00:00,3.2826,3.2492,3.2789,-0.24301290101070486,-0.7838382832623442,0.013119416748838875,0.8892212906523133,-0.753402130004616,0.5105035045025028,0.7601142136671162,0.060605357243641085
2025-08-11 07:00:00,3.3342,3.2282,3.2559,0.8733759745922813,0.3045669490585894,0.005038830171344877,0.26132073006408085,0.10697627361520375,0.5221171606863153,0.7719489958349397,0.05755066656161047
2025-08-11 11:00:00,3.265,3.1834,3.1952,0.9951750833057589,0.2984334446690367,-0.020995980746694842,0.1446078254157075,0.5811512962764487,0.4803783207087708,0.7223869123811612,0.056444020083669715
2025-08-11 15:00:00,3.229,3.1629,3.2069,0.5121849140949727,-0.8848860548281474,-0.006849674418801466,0.6656579930925882,-0.10235271401142745,0.5758672412116218,0.7065573906827185,0.055889618205084944
2025-08-11 19:00:00,3.2069,3.1176,3.138,0.23578025247383555,-0.8880586102449589,-0.014252174005379259,0.22844342346658122,-0.2661587247214498,0.5271227787023081,0.6738463795451867,0.06516843698417385
2025-08-11 23:00:00,3.1765,3.1274,3.1612,-0.9542365885081352,-1.2063261366487747,-5.472004530726604e-05,0.6883908984947261,-0.9172824548467936,0.5803628032804206,0.673722578266848,0.0682273342418493
2025-08-12 03:00:00,3.1661,3.1152,3.1439,-0.9406843375010034,-1.205902842687104,-0.0012140103539021174,0.5638505768466402,-0.8214680710624362,0.5530415161488345,0.6694134181665415,0.07219998062655339
2025-08-12 07:00:00,3.1641,3.1041,3.1285,-0.6733597792296317,-0.2049402324212362,-0.0024153198532722575,0.40666659888889944,-0.7607738657306977,0.529152708544183,0.6623874723393305,0.07507175746113834
2025-08-12 11:00:00,3.2112,3.1182,3.2051,0.4772325199105402,-0.21090498553273032,0.013570059055344474,0.9344085016765052,0.1273733312797205,0.5275550503207745,0.6852359557082599,0.06952128788797418
2025-08-12 15:00:00,3.258,3.2025,3.2461,0.04973845592955061,0.03531441025203705,0.014874007195732286,0.7855854440386618,-0.3462023857076689,0.5091692219964882,0.7199377047621395,0.06087890089105622
2025-08-12 19:00:00,3.3067,3.2459,3.2751,0.8041036110091058,0.035544479484133716,0.016594957615533756,0.48026307890410114,-0.22662302228142175,0.5007438965809936,0.7598635897060461,0.05844039956851668
2025-08-12 23:00:00,3.2786,3.2054,3.2398,-0.034999291577531635,0.28901727349677214,-0.011477874794933784,0.46994529099107774,-0.615690272951892,0.42100736741772976,0.7317906535749726,0.055983170218849326
2025-08-13 03:00:00,3.2578,3.2026,3.2247,-0.061601893112147206,0.28901727349677214,-0.002251564666209016,0.4003622463111864,-0.5811039879608616,0.5245833588053277,0.7263469160957662,0.056223833274319075
2025-08-13 07:00:00,3.2994,3.2197,3.2923,0.5143188747727149,0.28901727349677214,0.010587242066657732,0.9109158204622573,-0.5023024135407637,0.5466285607405116,0.7518866664080645,0.058784639653826604
2025-08-13 11:00:00,3.335,3.2326,3.2405,2.1341498563030368,0.28901727349677214,0.004515709533649881,0.07714842996597178,0.41249623382279343,0.5068590855061647,0.7628953049997702,0.059390716466432465
2025-08-13 15:00:00,3.2798,3.2266,3.269,-0.46098362802011505,0.2890172734967719,-0.008162936584093061,0.7969923313924242,-0.3295872030171084,0.48415826281722024,0.742905398116751,0.060299986869732564
2025-08-13 19:00:00,3.2943,3.2523,3.2744,-0.7391900238018647,0.28901727349677214,0.00427872791176509,0.5261903509070618,-0.6433246455339435,0.4893399375841127,0.7532978818130385,0.06191332152163216
2025-08-13 23:00:00,3.3512,3.2698,3.3489,1.2897264298539484,0.28901727349677214,0.009163680560953624,0.9717443523655591,-0.005026960218950032,0.5111892481750098,0.7756505250776332,0.0692537396992818
2025-08-14 03:00:00,3.3489,3.2348,3.2656,1.0445546922662419,0.28901727349677214,-0.003103050871255175,0.26993862664867546,-0.15153561322685322,0.5297762317201679,0.768012000981888,0.07033263447362942
2025-08-14 07:00:00,3.2712,3.1994,3.2117,0.37231124509084024,0.2866435419294548,-0.01799675417234725,0.17130916834134405,-0.3754100972382967,0.5270602368516364,0.723012779556076,0.07113355496292481
2025-08-14 11:00:00,3.2353,2.9915,3.122,5.0,0.28427166545561705,-0.03549862583416863,0.5352747934669894,1.7354371635080796,0.47420703284981064,0.6335691929773816,0.07779477292021507
2025-08-14 15:00:00,3.1262,3.0426,3.0816,0.446299031312612,0.27596650105223136,-0.012472270333097168,0.46650712123120386,0.07624737746099002,0.5025538258769433,0.5998231934673535,0.08792374616889473
2025-08-14 19:00:00,3.0988,3.0295,3.0789,-0.4977763528054569,0.26753551809213294,-0.004060858530510414,0.7128426099794184,-0.5656655096374964,0.4721093826662011,0.5877716513040832,0.09625094915892793
2025-08-14 23:00:00,3.1067,3.0716,3.1003,-0.717818282342314,-2.765133569495018,0.007951529355658016,0.8176635847112237,-0.6097400204324763,0.45056717300164106,0.6039800714211999,0.10048739837738503
2025-08-15 03:00:00,3.1427,3.0944,3.1257,-0.618240941396426,-2.7115012934951443,0.009926591029469023,0.6480329921256781,-0.9217419949116612,0.6184416132569626,0.6277023214702172,0.10041498074100658
2025-08-15 07:00:00,3.1278,3.0973,3.1066,-0.74798033165167,-0.9432872283422126,-0.0023890793366994068,0.30491793281378105,-0.9213518882832652,0.4785067875723716,0.6187817511437593,0.10412095080542648
2025-08-15 11:00:00,3.1407,3.0545,3.0623,-0.14607215451717276,-0.9361287546514222,-0.004930050549412646,0.09048722848176055,0.11057098764415091,0.45089609072507986,0.6003856370346878,0.11195155749791348
2025-08-15 15:00:00,3.0842,3.0024,3.0646,0.2869539612731703,0.2879753831461111,-0.01962555725974846,0.7603911050866609,0.18944564108724601,0.4625136604204016,0.5381891410598357,0.11672048011746958
2025-08-15 19:00:00,3.097,3.0545,3.0955,-0.8548852752899028,0.2879753831461111,0.013224879857782978,0.9647056553633738,-0.7588304591439164,0.5329589350638634,0.5697019974242857,0.11873895239332949
2025-08-15 23:00:00,3.0988,3.0706,3.0919,-1.2801572306350246,-1.4270102749456441,0.002532166568024019,0.7553188810925829,-1.1101416368577415,0.5091065503496373,0.5674083142745502,0.1204013982145213
2025-08-16 03:00:00,3.1173,3.0885,3.1055,-1.2127743742074346,-1.4132027928098554,0.006293923512835198,0.5902775728202915,-1.2097997056755168,0.45837383458737774,0.5800017693378712,0.11788469672891203
2025-08-16 07:00:00,3.156,3.1054,3.1261,-0.47158593021199363,0.26023875861086676,0.009461708186937257,0.4090908282429209,-0.767890521907593,0.4586051008012003,0.6036162982559439,0.11578669866513278
2025-08-16 11:00:00,3.1342,3.0981,3.1097,-0.9392005913597024,0.2604339421125557,-0.006467328574101483,0.32132955087824405,-0.9198151545734379,0.45735544349717355,0.5795758553031115,0.11590848178856737
2025-08-16 15:00:00,3.1159,3.0924,3.0988,-1.2246157804653452,0.30116622410693505,-0.00320566961336588,0.2723403096424309,-1.1125399899956414,0.5261486855066487,0.5708727404470839,0.11005964351712573
2025-08-16 19:00:00,3.109,3.0905,3.1063,-1.3545058253888356,0.30116622410693505,-0.0010859270709515645,0.8540535924034672,-1.3198745741721747,0.5163956935605755,0.5533693228071075,0.10678997878128203
2025-08-16 23:00:00,3.1208,3.0829,3.12,-1.17598915180728,-0.9238645637097062,-0.00025395157892416087,0.9788915622977431,-1.2039246160316748,0.5000485470465449,0.5316458030244918,0.09930598964656351
2025-08-17 03:00:00,3.1387,3.1135,3.1146,-1.1875786155335255,-0.9171523939217602,0.008082406797532249,0.04365077632904358,-1.2284626596189934,0.45832059053376156,0.5465051172853432,0.09016267389232624
2025-08-17 07:00:00,3.141,3.1115,3.127,-1.053929866313438,0.30787541358718706,0.00029938322183120647,0.5254235507038745,-1.1448405311951015,0.5043053074853212,0.5342192866870743,0.06004878493817898
2025-08-17 11:00:00,3.1324,3.1142,3.1178,-1.1411347016989448,0.30788673149975904,-0.0010077597939248673,0.1978020891197315,-1.258664401501481,0.5170077486653589,0.5192088685304992,0.039840198055361195
2025-08-17 15:00:00,3.1472,3.0773,3.0979,-0.393414820169701,-0.5550251091179547,-0.002091781609807941,0.29470668173008746,-0.8593305926029711,0.5348978723286524,0.4562478748822854,0.024962359124460178
2025-08-17 19:00:00,3.1134,3.0869,3.1107,-1.1125629423846792,-0.5508912883359208,-0.006072358121182564,0.898112868636656,-1.0344148855385094,0.49054954680532703,0.43509465639020584,0.0243004325172208
2025-08-17 23:00:00,3.1115,3.005,3.0102,0.18084410001600598,-2.3312253588314054,-0.01540197582916758,0.04882628649518731,-0.3706696768309443,0.489017103071867,0.38176727171889135,0.03677782699029196
2025-08-18 03:00:00,3.016,2.9555,2.9713,0.7703022492007918,-2.292298844218128,-0.021330493374602133,0.26115698162694484,-0.24875383195012915,0.5067071025002746,0.30905064761931283,0.053292576079673526
2025-08-18 07:00:00,2.9785,2.9404,2.9696,-0.020292732841399867,-2.557810309585226,-0.0077416920211303974,0.7664039983191573,-0.6228929074942469,0.5290594469653561,0.2832218163827218,0.06491776545099227
2025-08-18 11:00:00,3.0007,2.9591,2.9961,-0.2553395361149783,-2.5091805314481874,0.006151553411347654,0.8894228631195064,-0.3502462243637766,0.5097448063736946,0.30358653470104324,0.06845692682289392
2025-08-18 15:00:00,3.0969,2.9866,3.066,-0.1112954490042789,-2.708260524772168,0.02002785103328475,0.719854875806445,0.0181736611297137,0.4930667701319185,0.370296599533529,0.06650415840495356
2025-08-18 19:00:00,3.096,3.0515,3.069,-0.883072987272353,-2.6523021178180968,0.012690968361914523,0.3932583385936315,-0.7257587715140555,0.5013621751848876,0.41341511516113616,0.0663253351961847
2025-08-18 23:00:00,3.0808,3.0248,3.035,-0.5112156486148033,0.3654718477378356,-0.008533099579816183,0.1821428246173563,-0.6367792344085816,0.4844810776121821,0.3733981215414427,0.06818437683281799
2025-08-19 03:00:00,3.0361,2.9731,3.0198,-0.3047325086307396,0.36547184773783536,-0.014991593010643012,0.7412697236079832,-0.37264480927803045,0.524643690641182,0.29999418071764644,0.07028087973332628
2025-08-19 07:00:00,3.0246,2.9909,3.0128,-0.4722186225646068,0.36547184773783536,0.00026071798671334356,0.6498514392132224,-0.7303781471877493,0.5489938508978063,0.27706125736765935,0.07237994273309617
2025-08-19 11:00:00,3.038,2.9325,2.9429,-0.2876576715718498,0.36547184773783536,-0.008413261847059261,0.09857818970822631,-0.22547098146729627,0.4926507245438678,0.24637583163570417,0.08237337000358516
2025-08-19 15:00:00,2.9675,2.8929,2.9026,0.17584513874175894,-1.258886203862191,-0.018499110794529594,0.1300267922216106,0.15270129025505577,0.47273221284299893,0.17947225885534146,0.09387910768612774
2025-08-19 19:00:00,2.9192,2.8709,2.8927,-0.10425562810941214,-1.2476000954571607,-0.0118771777881449,0.4513456622472782,-0.14308038342279905,0.5232304165959758,0.13731208317479351,0.10374989549135048
2025-08-19 23:00:00,2.894,2.8488,2.885,0.003966646426143522,-1.139623440544464,-0.005972567036481857,0.8008847785653065,-0.26297105065194426,0.5563845738910937,0.11636318829114083,0.11238498133395804
2025-08-20 03:00:00,2.9013,2.8771,2.8851,-0.6916837929099744,-1.1299361308872695,0.006081469580176746,0.33057837579405985,-1.0605537498771904,0.6241438032292695,0.13756666089500777,0.11766047036875257
2025-08-20 07:00:00,2.9142,2.8637,2.9037,-0.09928016324729265,-1.7042581267335204,0.001077155470504243,0.7920790510734561,-0.7210621331554431,0.5339687125021252,0.14134507884881914,0.11691555928078819
2025-08-20 11:00:00,2.9139,2.8184,2.8887,0.4777541947950787,-1.6846089880216444,-0.01017018068747455,0.7361255773690505,0.3771094574472038,0.4609346629558854,0.10563195626073252,0.11736591745939291
2025-08-20 15:00:00,2.9566,2.8849,2.9188,0.4115417911389824,-0.020926787604905905,0.01998098764334455,0.4728032813384559,0.10987925283456652,0.5241812089662606,0.17508265827946265,0.11017062366343654
2025-08-20 19:00:00,2.9896,2.9169,2.9696,-0.36118627833262434,-0.019031633340860738,0.014613061000843475,0.7248967366029238,-0.676388373612344,0.5133901885906706,0.22689019728260926,0.09976698514706576
2025-08-20 23:00:00,2.9707,2.9129,2.9242,-0.6749725371829152,-0.18685706502239904,-0.008488614797034444,0.1955016962799815,-0.9046180222594523,0.5111229653009849,0.19635582190554973,0.09467973379085085
2025-08-21 03:00:00,2.9508,2.9032,2.9113,-0.6995989748844994,-0.18424821936635985,-0.004673775148943515,0.17016803147730858,-1.0252238001870806,0.5386226609756287,0.17968650763466235,0.08467525317299096
2025-08-21 07:00:00,2.918,2.8858,2.9005,-0.7937144859712659,0.4127870680008325,-0.00826698688193317,0.4565215973535391,-0.9215772069065967,0.5137781519310407,0.150339581768193,0.08507157441348871
2025-08-21 11:00:00,2.9236,2.8791,2.8999,-0.5937849229705068,0.4127870680008325,0.0004471763623239422,0.46741562529986036,-0.2617049130831243,0.47351758615836725,0.1519138871338342,0.0864107572398502
2025-08-21 15:00:00,2.9172,2.8725,2.9136,-0.6948085993084324,-0.2746361472168911,-0.0033724564664067147,0.9194628815519365,-0.5245510556353462,0.4509905420624308,0.14003568662762414,0.08643387491068567
2025-08-21 19:00:00,2.9193,2.8517,2.8746,-0.8064187990797209,-0.2716138754168116,-0.006049394391175689,0.3387573463376712,-0.6631962484092502,0.5150979120253436,0.1188008421537393,0.08879662087776478
2025-08-21 23:00:00,2.885,2.8388,2.8574,-0.6324895960772347,0.41913516884016927,-0.005932481883730301,0.402597315455132,-0.611667917223877,0.5641615339891122,0.09810236432392622,0.08280035549725404
2025-08-22 03:00:00,2.8742,2.8226,2.8531,-0.5262473236896328,0.41913516884016927,-0.0032885272407358057,0.5910851567664409,-0.6753257435632278,0.5116876675927464,0.08669673338361204,0.07255725148345245
2025-08-22 07:00:00,2.8764,2.8276,2.8325,-0.7807123672108959,-0.21754299516307968,0.00318330320544824,0.1004098154897946,-0.7990935352755335,0.4770617714007637,0.09770110719973114,0.06725485327161404
2025-08-22 11:00:00,3.0411,2.7826,3.005,4.75868434280564,-0.21475128826674475,0.023413395339640708,0.8603481291934951,2.7161373997434364,0.50840499727236,0.17889661866385456,0.0611030764766637
2025-08-22 15:00:00,3.096,3.0048,3.0792,1.6483155320990661,-0.5568807079398622,0.043315209548749456,0.8157893842336214,0.8835536931413921,0.5111121319524788,0.3326268003217656,0.07180289576303932
2025-08-22 19:00:00,3.1056,3.0646,3.0768,0.2916216195281884,-0.5523274522504408,0.011398937439503598,0.29756090303392635,-0.22895074662324388,0.4529016339432758,0.37483517503038594,0.08610728923887091
2025-08-22 23:00:00,3.0816,2.9697,2.9977,0.4556184473509944,0.43365787421476654,-0.018483475912893454,0.2502233914009485,-0.2719986163067834,0.38999423115574294,0.3056137719204093,0.09126243775767624
2025-08-23 03:00:00,3.0658,2.9842,3.0644,-0.23233170856550414,0.43365787421476654,-0.0006455696972514913,0.9828430168084558,-0.5554839081529636,0.474242774417512,0.30324077319836257,0.09764318349580642
2025-08-23 07:00:00,3.0756,3.0296,3.0313,-0.6402238131215414,0.43365787421476654,0.007366562540021437,0.03695651370510626,-0.7556353160262568,0.41648319552696716,0.3303014584580359,0.10171141573095552
2025-08-23 11:00:00,3.0518,3.0072,3.0156,-0.5815653649770783,0.43365787421476654,-0.007629250059569714,0.18834076494601612,-0.7033486023621214,0.45420541640543804,0.30206935149082076,0.10314909992480195
2025-08-23 15:00:00,3.0255,3.0097,3.0226,-1.025241323409764,0.43365787421476676,-0.002667227664301386,0.8164551794587537,-1.065529126549517,0.5223687608368034,0.2922745535096563,0.10442015301832
2025-08-23 19:00:00,3.05,3.0207,3.0477,-0.9530101116731239,0.43365787421476676,0.004999063370721091,0.9215013919790472,-1.1733423243326444,0.5821008944802488,0.310583532586901,0.10527000360361952
2025-08-23 23:00:00,3.0886,3.0454,3.0569,-0.5027070103738613,0.43365787421476654,0.0096414312130082,0.26620364208249614,-0.6589485224937273,0.4516170609970785,0.3460716245895391,0.10783160681751966
2025-08-24 03:00:00,3.0599,3.0296,3.0318,-0.9474742717089784,0.43365787421476654,-0.0061056874874946265,0.07260723676329486,-0.9941852695616042,0.35931685183007794,0.32338118661849363,0.11041199894709111
2025-08-24 07:00:00,3.0478,3.0029,3.0125,-0.7462251037094153,0.46949924014389754,-0.005482577825709045,0.21380841563287492,-0.934559485461187,0.4585361287808354,0.303130800067935,0.11084897943346769
2025-08-24 11:00:00,3.0284,2.9971,3.022,-0.7477585632943763,0.5096468825401302,-0.0048057063816271395,0.7955269023875645,-0.8627263854841201,0.4313873563714212,0.2874122298615503,0.10954141027161723
2025-08-24 15:00:00,3.1166,3.0118,3.1099,-0.04479899871066988,0.5465306007657528,0.01646142114774385,0.9360686129705529,-0.31906450097008315,0.5347558536183527,0.3479977708820146,0.10985244508947083
2025-08-24 19:00:00,3.128,2.987,3.0332,2.609064619767172,0.5876357419222231,-0.008604985610265903,0.3276595512298176,1.4970217757517263,0.46384078696907977,0.3158061597508859,0.1096655872371093
2025-08-24 23:00:00,3.0526,2.9736,3.0443,-0.026444563531421373,0.5876357419222231,-0.005492593863550388,0.8949365955776439,-0.35792565160828055,0.4726354320509836,0.2954349517873189,0.10693588097587158
2025-08-25 03:00:00,3.0535,2.955,2.9551,-0.11781924787777612,0.5876357419222228,-0.006508956554774459,0.0010152283233247075,-0.4730116696544504,0.5156449275101374,0.2714268021396005,0.10358392011800958
2025-08-25 07:00:00,2.9682,2.9193,2.9309,0.08972941172152013,0.5876357419222231,-0.01947345783551946,0.2372187653949358,-0.24431142470697131,0.5156645450518174,0.20006688329589933,0.09616832506344475
2025-08-25 11:00:00,2.9689,2.9276,2.9674,-0.4728750288417941,0.5876357419222231,0.0026641507945734944,0.9636801540726007,-0.41649567735184306,0.5251497132089404,0.20963947267325383,0.08218532643837749
2025-08-25 15:00:00,2.9744,2.9356,2.9603,-0.6089684278935014,-0.5691128623487044,0.0021324091318468685,0.6365977740727401,-0.5330424317972877,0.4742962682536008,0.21732186793970745,0.06123886970240409
2025-08-25 19:00:00,2.9617,2.8223,2.8628,1.8462637554895167,-0.5639680243071857,-0.029627761440446876,0.29053082564341387,1.3921879588799286,0.5301508756288129,0.11035480748305185,0.08072505578067636
2025-08-25 23:00:00,2.898,2.8459,2.8829,-0.23198897134088745,-2.2183977849067333,0.0006308504869303455,0.7101726084121622,-0.30798507873249414,0.5551649555113253,0.11256492836517384,0.08732598199466748
2025-08-26 03:00:00,2.9293,2.8777,2.9108,-0.41026045784968246,-2.1837736002813095,0.012830542980038384,0.6414727439006324,-0.8487790984015613,0.5588174143105394,0.1575437951750008,0.08806834847581334
2025-08-26 07:00:00,2.935,2.9,2.9078,-0.40306529432091315,-1.5565868582544633,0.002599621337059821,0.22285707918369158,-0.79473120819391,0.5061846955638055,0.1667739791251337,0.09242396266419094
2025-08-26 11:00:00,2.9409,2.8876,2.9304,0.01809763477706048,-1.5399203405804438,-0.0006209719423965199,0.803001725515625,0.08863852902232733,0.4823505185814967,0.16456343200215137,0.09066786085636863
2025-08-26 15:00:00,2.989,2.9217,2.9804,-0.22716620465075296,0.5577745125369986,0.012833315853352012,0.8722138377096832,-0.6368875471160288,0.5610752783195051,0.2102193326426687,0.0880404333394578
2025-08-26 19:00:00,3.0817,2.9662,3.0133,1.2164436154964484,0.5581748338845488,0.027218602479192944,0.40779217248552574,0.3919880116301374,0.4889460688459255,0.3082951265832621,0.08700507123465549
2025-08-26 23:00:00,3.0273,2.9811,2.9944,-0.5154882420873228,0.6255221740436191,-0.009801475612941646,0.2878787255673786,-0.774770697531123,0.5479611514449062,0.27201654080050536,0.08679301707115217
2025-08-27 03:00:00,3.0279,2.9836,2.9988,-0.47543820526735564,0.6255221740436194,0.002770281974201483,0.3431150467008964,-0.8808550547084045,0.567924917434184,0.2821697921201519,0.08443188752697668
2025-08-27 07:00:00,3.0235,2.9846,2.9985,-0.7542976250653461,0.6255221740436194,-0.0025686880367076226,0.3573263862914186,-1.0239718545131022,0.516056808186971,0.2727293142631864,0.08121334258349897
2025-08-27 11:00:00,3.0321,2.9882,3.0055,-0.2630266020818972,0.6255221740436191,0.0011511274100306501,0.3940773589801041,-0.5109788079925319,0.5192441448721529,0.27694908647446315,0.07974520484864511
2025-08-27 15:00:00,3.0454,2.9976,3.0085,-0.43759503303143304,-0.9039895105997259,0.005151264344681161,0.2280334250976169,-0.6851634203157607,0.47966130276341296,0.2958541913205007,0.07950416809451501
2025-08-27 19:00:00,3.0286,2.9621,2.9791,0.7797659246341566,-0.8963147891035244,-0.007580217014995672,0.25563905930239567,0.33726565734145997,0.47587841012091003,0.26789154202133725,0.07897184376527765
2025-08-27 23:00:00,2.9894,2.953,2.9734,-0.7307873529358844,0.36585019514048883,-0.007842594917236045,0.56043940647269,-0.771221768465467,0.4910881891398058,0.2547799480729168,0.06637199416427289
2025-08-28 03:00:00,3.0133,2.9696,3.0018,-0.2373736489766813,0.36729967562204907,0.007167402565552594,0.7368419366494375,-0.8506592340806279,0.49970359342265247,0.2846345140178328,0.06340854738717165
2025-08-28 07:00:00,3.0161,2.9913,3.0073,-0.4223505159788716,0.6412847954412609,0.0023711137598885212,0.6451610301770062,-1.1949380875440272,0.49110471145209506,0.29394383410611175,0.059856875891190923
2025-08-28 11:00:00,3.0263,2.9961,3.0161,0.07789128911288962,0.6412847954412613,0.0031939408162915406,0.6622514363405746,-0.6078041344885229,0.5031562978555948,0.3065134202732513,0.0616009319045211
2025-08-28 15:00:00,3.0197,2.9577,2.9787,-0.4289639116615315,0.6412847954412613,-0.008917611838344608,0.3387096227887699,-0.7336341550762088,0.46830834974060515,0.271306537019555,0.06142784665455003
2025-08-28 19:00:00,2.9854,2.9432,2.9699,-0.6622027637718596,0.6412847954412609,-0.008418089778727933,0.6327012718717383,-0.8955682457216821,0.5275270639309468,0.23836815005968556,0.06160861180216097
2025-08-28 23:00:00,2.9768,2.9375,2.9473,-0.6981114254280146,-0.9535005071160834,-0.0016540467101936462,0.24936380423312451,-0.6925758473326362,0.4951282391276039,0.23195066096744868,0.06238297177370647
2025-08-29 03:00:00,2.9503,2.892,2.9007,0.1189339613338038,-0.9453392160950649,-0.014950816923041454,0.14922810476362094,-0.6606864119664114,0.3719769717882458,0.1787280711973652,0.05790726584765772
2025-08-29 07:00:00,2.9007,2.8436,2.8765,0.6101388515064712,0.28582410535480496,-0.014456918487657067,0.5761820356949161,-0.31755251311734134,0.4630943619895615,0.126923161752447,0.05939445760161028
2025-08-29 11:00:00,2.9227,2.8165,2.823,1.0614484916445526,0.3233346168114276,-0.003704137675957009,0.06120526730647163,0.4670117948952686,0.4598558156206576,0.11825862575903236,0.07439263514816424
2025-08-29 15:00:00,2.8461,2.8014,2.8101,-0.23307298416589758,0.09823353942770269,-0.011374169905225329,0.1946308289416436,-0.3128407069469392,0.48040519029567813,0.08385223299878593,0.08806815161384507
2025-08-29 19:00:00,2.8382,2.7734,2.812,-0.09368075276192986,0.1013784246153006,-0.008142361418677635,0.5956789204199161,-0.3629828695860468,0.5147698773931036,0.043285114719452664,0.09963705847898605
2025-08-29 23:00:00,2.8265,2.7604,2.793,-0.43870496246590696,-1.6274718510121116,-0.0017165738591633506,0.49319205851860176,-0.7628776633933594,0.42996622428429065,0.034802385195961,0.11237177445143585
2025-08-30 03:00:00,2.8349,2.7917,2.8275,-0.8310399495520872,-1.609475985700226,0.007482886021466184,0.8287035118741859,-1.0527924337361236,0.5537438713205984,0.0717168108697563,0.11453241865402196
2025-08-30 07:00:00,2.8344,2.7958,2.8039,-0.6306190914011252,-0.5284762942536781,-0.0012385740083018515,0.2098445052216354,-1.1302847309162114,0.42564242469689073,0.06556098076254477,0.12105039547758338
2025-08-30 11:00:00,2.8128,2.7746,2.7973,-0.6450197353466827,-0.522984132664544,-0.008621248616324184,0.5942406821359419,-0.997290995321797,0.4689531274675689,0.022765629697736618,0.12546435652996185
2025-08-30 15:00:00,2.8184,2.792,2.8051,-0.9304573940728985,-1.3210448106219042,0.0057030808468774286,0.496211933253056,-1.1997565711858793,0.4770146902699506,0.05083130901243537,0.1267377638661949
2025-08-30 19:00:00,2.8154,2.7992,2.8082,-1.0152949222344132,-1.3084001148751399,-0.00031216026388425355,0.555555212620233,-1.399442000017459,0.506173779367314,0.049286362564890884,0.12577178825847704
2025-08-30 23:00:00,2.8693,2.8079,2.8475,-0.7176333060601093,-0.49082081098150365,0.012062435161060092,0.6449510350242638,-1.1772429235880582,0.5384424883286443,0.10896724173141718,0.11921660097352767
2025-08-31 03:00:00,2.8565,2.8227,2.8237,-0.9548697664991559,-0.48543132785878745,0.0002619425385943508,0.02958579006337261,-1.3164542840740567,0.4303944843188102,0.11027887842513168,0.11796612181211165
2025-08-31 07:00:00,2.8447,2.812,2.8199,-0.8514309717920125,0.2704136897105068,-0.003476986920117553,0.2415901401865075,-1.3113689435466227,0.531884860182846,0.09286384437665357,0.11543329248339096
2025-08-31 11:00:00,2.827,2.8014,2.809,-0.7980366400688961,0.2733252839954921,-0.005549817909297539,0.2968748840332522,-1.1772089998981476,0.48774340033412356,0.0651633616458007,0.10916178448605783
2025-08-31 15:00:00,2.8251,2.8057,2.82,-0.9626946023818993,0.8400762441366308,-0.0002570000476272982,0.7371130221066853,-1.2652515621345397,0.5201910947723274,0.06388773130940523,0.09829408639674991
2025-08-31 19:00:00,2.8199,2.7947,2.8011,-0.9001269131148851,0.8400762441366308,-0.0026744724228924266,0.25396815318723154,-1.2181982292022766,0.4534809788808047,0.050616288767602456,0.08394257749721894
2025-08-31 23:00:00,2.801,2.7284,2.7334,0.8553619534893041,-0.7841999600437347,-0.0174061875918059,0.06887051392967981,0.20211085921704072,0.42863095600175893,0.0,0.0798676082827156
2025-09-01 03:00:00,2.7471,2.7014,2.7366,0.393101097010468,-0.7901126807401696,-0.01120564059500384,0.7702405316760338,-0.38347049142854195,0.508768615384607,0.0,0.07010268248915838
2025-09-01 07:00:00,2.839,2.7265,2.7923,1.2437427353280346,0.7878875513471314,0.025562169018749747,0.5848888368987697,0.20152690293515496,0.5363522188965076,0.11276151522432336,0.054001236318681374
2025-09-01 11:00:00,2.7995,2.7518,2.77,-0.27672106539516617,0.7882716041990047,-0.009153549821841911,0.38155128269365357,-0.4597576290852917,0.4517902206459666,0.07135060821325112,0.04691267180958334
2025-09-01 15:00:00,2.7787,2.7203,2.7563,-0.33198982745653866,0.6891599951492271,-0.009210128505462434,0.6164382506098867,-0.47211515200640836,0.46642266348160855,0.030065137482042377,0.043038797264233215
2025-09-01 19:00:00,2.7758,2.6975,2.7438,0.46034408888871453,0.6902026673936144,-0.00031392352918346855,0.5913153778652134,-0.26924794516848755,0.46200433455662926,0.028670899282672396,0.04603634106117166
2025-09-01 23:00:00,2.7892,2.7354,2.7885,-0.4054194108081115,0.2707318197415546,0.0060364493128455265,0.9869886641284984,-0.6977554493339212,0.5373356963877852,0.05547235052804849,0.045075509270253375
2025-09-02 03:00:00,2.8159,2.7833,2.802,-0.20233597792549937,0.27369879207442627,0.014806659962195434,0.5736194559449509,-0.9193931062176712,0.5244850238299512,0.12160981955789361,0.04455135198825781
2025-09-02 07:00:00,2.8329,2.7856,2.8119,-0.12740866312096533,0.850415381750366,0.0012015938247387226,0.5560252524259518,-0.7880598855403883,0.5467073773558068,0.12705649459374777,0.044756774644117536
2025-09-02 11:00:00,2.8455,2.762,2.8379,1.3198165266369455,0.850415381750366,-6.564971547606824e-05,0.908981927068032,0.3734667409948739,0.5024068755015658,0.12675855504368377,0.045257896275910994
2025-09-02 15:00:00,2.84,2.7818,2.8138,-0.31451859614397165,0.8504153817503659,-0.0001889986283488687,0.5498280842219809,-0.4471720703643234,0.4978941705971546,0.12590087471501407,0.045948619479432504
2025-09-02 19:00:00,2.8604,2.8001,2.8604,-0.16691671930242363,0.850415381750366,0.010396883996226736,0.9999998341625482,-0.7195896974511973,0.5254858654698604,0.17307326756144095,0.049500948099846315
2025-09-02 23:00:00,2.8654,2.8257,2.8506,-0.2950890305418586,0.6645542631297379,0.005208813493842612,0.6272038722408373,-0.7908384723895868,0.5338596568129873,0.1969522333831041,0.052229337103720845
2025-09-03 03:00:00,2.8509,2.8145,2.818,-0.5724215299045113,0.6595768420108284,-0.006685300904874403,0.09615381973796817,-1.2238173089541928,0.6120287367495736,0.16614491095788722,0.05305946834204073
2025-09-03 07:00:00,2.8639,2.811,2.8477,-0.13295357113661746,0.8401779961059156,0.0021449853719075485,0.6937616835989266,-0.9913045837131659,0.6323740918014127,0.17596338940837492,0.05252418336142489
2025-09-03 11:00:00,2.8867,2.8422,2.8729,0.013920535223042388,0.8401779961059154,0.009793651181038365,0.6898874854185452,-0.27589123193153964,0.5747531289678741,0.22088910939388653,0.056255214058432514
2025-09-03 15:00:00,2.8767,2.845,2.8517,-0.5612565309435048,0.08498268247722829,-0.0006281342680793944,0.21135640020302712,-1.0417139311484531,0.6085727357499954,0.21797949432591135,0.05842999648276012
2025-09-03 19:00:00,2.8675,2.8392,2.8462,-0.581563081147849,0.08688612856909343,-0.0032365146199136996,0.24734973591882348,-1.1420890132267478,0.6039530656384203,0.20299687510527492,0.05989947720152197
2025-09-03 23:00:00,2.857,2.8337,2.8378,-0.7977181171135226,-0.33532630841950484,-0.0035762012660888187,0.17596558971434595,-1.1931927105732694,0.606789495408384,0.18649534402770396,0.06071473214414929
2025-09-04 03:00:00,2.8629,2.814,2.8146,-0.3625927657481012,-0.33424650893586894,-0.002944797390459275,0.012269936141116072,-0.8713623938179017,0.5708319217527333,0.17295586978549315,0.06118863293311338
2025-09-04 07:00:00,2.8557,2.8143,2.8419,-0.39315957114235434,-0.674434586618839,0.0011935454070921558,0.6666665056361062,-1.0419536829941212,0.6497449337414745,0.17842734618976624,0.05586396312976847
2025-09-04 11:00:00,2.851,2.8078,2.8348,-0.015038825548637537,-0.681035219139466,-0.0016181654283033975,0.6249998553241088,-0.5637437368360928,0.588140571527309,0.17100046384086456,0.04988124047121186
2025-09-04 15:00:00,2.8375,2.7966,2.7993,-0.3831460168668261,-0.7175989369315285,-0.007538165579474176,0.06601465378614683,-0.7744204777159964,0.5245226339240076,0.13645858400295086,0.05015468819990941
2025-09-04 19:00:00,2.823,2.7842,2.8195,-0.7208136250112157,-0.7181304296398239,-0.003913752269884108,0.9097935799501128,-0.9711471238706937,0.574262560099843,0.11865991840448642,0.04692277873301797
2025-09-04 23:00:00,2.8256,2.778,2.8103,-0.5176199685270053,-0.5516086884657425,-0.0003409576795154745,0.6785712860144297,-0.9146676219031485,0.5139252060007119,0.11711540553308758,0.04182655885649479
2025-09-05 03:00:00,2.8209,2.7979,2.8136,-0.8311194185219475,-0.5494862629833283,0.0035257562235793127,0.6826083988659213,-1.2476996751812053,0.5823030912639097,0.13308137282133353,0.032081417399805696
2025-09-05 07:00:00,2.8543,2.8137,2.8391,-0.15094734882302469,0.6226090224242495,0.01009160301251777,0.6256156094542915,-0.8373723968384874,0.5781916500113525,0.17894111777888952,0.028986578434148313
2025-09-05 11:00:00,2.8849,2.8,2.8094,1.6422783494477504,0.6159810882145257,0.004853395928893001,0.11071847930289143,0.7653557475002875,0.49648064504074063,0.20121920806635274,0.028592347312845736
2025-09-05 15:00:00,2.8398,2.8006,2.8355,-0.5183524069260996,-0.045661299968843085,-0.012606497074973189,0.8903058953301343,-0.7246724658510932,0.5132444439938421,0.14307193262871318,0.02758111752015972
2025-09-05 19:00:00,2.8653,2.8165,2.8188,-0.4159765092939975,-0.04931103260409167,0.009971675316982287,0.04713113788296295,-0.68285236712997,0.4722098363381131,0.18848630715238415,0.028029252631678145
2025-09-05 23:00:00,2.8258,2.8123,2.823,-0.9922439774412716,0.7905617480532179,-0.009079500363113335,0.7925920054873943,-1.1628827975818987,0.5978740712985463,0.14672285861993992,0.02751021611916439
2025-09-06 03:00:00,2.8289,2.8135,2.8172,-1.2560523679099584,0.7843921544708319,0.00036869852219023613,0.24025958424703875,-1.3647398918886537,0.50884552174658,0.14840338220529045,0.026268426364639864
2025-09-06 07:00:00,2.8214,2.8044,2.8072,-1.1357691863448283,-0.582499291454179,-0.0026116617272364806,0.1647057854671896,-1.3771587666417984,0.47523255076251303,0.13649506940207912,0.026381346357129774
2025-09-06 11:00:00,2.8179,2.8011,2.8113,-1.0293724108746898,-0.5784730969345269,-0.000924938670427311,0.6071424957485295,-1.2948202702000315,0.4874136486353682,0.1322886697540615,0.02669571739169411
2025-09-06 15:00:00,2.8176,2.7968,2.8007,-0.8978343208651592,-0.9766611408357022,-0.002023087429797954,0.18749990985580323,-1.1061861883627666,0.4730598423046492,0.12309666235328014,0.027210641260452164
2025-09-06 19:00:00,2.8097,2.7927,2.8055,-1.124512572547533,-0.9680500518242704,-0.0008632935635991545,0.752940733564274,-1.2996859783914374,0.5251573331242245,0.1191821766521946,0.022632941827469732
2025-09-06 23:00:00,2.8239,2.8032,2.8226,-1.156089549840413,-0.7040272905213658,0.005261151516539053,0.9371976148803759,-1.3481780109223769,0.5667497882024408,0.14301754850755474,0.020188854798115736
2025-09-07 03:00:00,2.8264,2.8175,2.82,-1.076518035112479,-0.7002885720723128,0.0022540058854094713,0.28089856078812386,-1.3635079872422065,0.5212959970474911,0.15328292938442895,0.018284439622936258
2025-09-07 07:00:00,2.8374,2.8199,2.8308,-0.9713429281518442,0.8447036653100609,0.003039277411650998,0.6228567869389712,-1.281878400611489,0.46579589377871367,0.16715585843043204,0.017583004424610756
2025-09-07 11:00:00,2.9285,2.8289,2.8852,0.7793798874990138,0.8456670359632207,0.020312166878117655,0.5652609874235973,0.18818709180429782,0.5370024044001934,0.2601535178376165,0.026782025235902687
2025-09-07 15:00:00,2.9014,2.8507,2.8583,0.0293093926028454,0.8390984779495623,-0.0028437194952789513,0.14990135110426978,-0.519693204648576,0.4383423480455313,0.24686931240287704,0.02869657084243573
2025-09-07 19:00:00,2.8809,2.8541,2.8773,-0.5853384782142558,0.8326131373039486,-0.004186415374444308,0.8656713187793577,-0.9892495133867867,0.5025415413525441,0.22736842505622315,0.032989533372379184
2025-09-07 23:00:00,2.8921,2.8627,2.8861,-0.39198375591536677,0.22808047335106962,0.003795864666939819,0.7959180966264922,-0.7506864181661499,0.48978397771714344,0.24497605181282978,0.03674517304717532
2025-09-08 03:00:00,2.9,2.8739,2.8758,-0.28056324411239686,0.231133587952004,0.0026786875464244186,0.0727969069743656,-0.798006468912783,0.5429557161743358,0.2574486681679296,0.03938341011629202
2025-09-08 07:00:00,2.955,2.8757,2.9509,0.44942774427323784,0.8404758112868271,0.012140040626252846,0.9482974844517648,-0.10116523192862599,0.4863299927530655,0.31412704828198185,0.05185248460256905
2025-09-08 11:00:00,2.9964,2.9296,2.982,0.8585507083817314,0.8404758112868271,0.01707200345038329,0.7844310202947605,0.5703642935014345,0.47927614419780007,0.3947989667896047,0.06603638945684787
2025-09-08 15:00:00,2.9908,2.9614,2.984,-0.2926773080416305,0.6155205694985318,0.0013943903727251517,0.7687072215281536,-0.39470956817730896,0.46361337391927787,0.40150049686334527,0.07747217292967629
2025-09-08 19:00:00,2.9848,2.9546,2.9761,-0.3424247539799961,0.6169895204198954,-0.0008083090522893466,0.7119202940661353,-0.585839059436879,0.4648728520076841,0.3976102945122255,0.08423668188830581
2025-09-08 23:00:00,2.9795,2.9354,2.9375,-0.2793746780099182,0.8410684570336565,-0.005308285186656381,0.04761903682108008,-0.6552417617747056,0.389565931222578,0.37208341017529667,0.08770604960851862
2025-09-09 03:00:00,2.9978,2.9337,2.9929,-0.05316045444180507,0.8384003374391652,0.003361880683795393,0.9235567981970721,-0.5597943443198738,0.6096208532141659,0.3881644586021519,0.09214058179792313
2025-09-09 07:00:00,3.0365,2.992,3.0038,0.42093977968623647,0.8309045245791145,0.016239065290902577,0.2651684797374198,-0.06761774849472564,0.4769963050372567,0.46610271564774525,0.09745181785145328
2025-09-09 11:00:00,3.03,2.9523,2.9674,0.42979904648295036,0.8234546254681637,-0.006213951983566779,0.1943371693259751,0.4612292662328483,0.442414978060014,0.4357949835242517,0.09897938909882364
2025-09-09 15:00:00,2.9716,2.9367,2.9619,-0.3163521180919494,0.8159532613305519,-0.014551387783596104,0.722062830354488,-0.39975858697254174,0.47986367733695645,0.36526352629039216,0.0971835791230933
2025-09-09 19:00:00,2.9729,2.9464,2.9506,-0.7912374098683264,0.8084950576748593,0.0017024036800308284,0.15849050622999714,-0.9338818027270942,0.490070649007952,0.37339510694424305,0.09417730356979868
2025-09-09 23:00:00,2.9641,2.9357,2.9591,-0.5394506288987468,-0.39747274388679316,-0.0031867233984460563,0.8239433718509134,-0.7817632053291719,0.5187452180256918,0.3581477169189377,0.08847251490501086
2025-09-10 03:00:00,2.965,2.9457,2.9529,-0.8061675974235502,-0.3950911815760334,0.0024028435724947617,0.37305680152498066,-1.0672658274313789,0.5795761409634181,0.3696078708988971,0.08183247835794953
2025-09-10 07:00:00,2.9871,2.9517,2.9645,-0.6229710593132478,0.8050995544127059,0.00483562358488232,0.3615818187621994,-0.8308067897792216,0.5107853141702856,0.39272637510286434,0.07567194266872376
2025-09-10 11:00:00,3.024,2.9626,2.9986,0.7281056216151869,0.7977749453599788,0.010416956690696644,0.58631912274933,0.24714614960381678,0.5066117294245439,0.4427693507859308,0.06874800080503989
2025-09-10 15:00:00,3.014,2.9889,2.9981,-0.21968990145000075,0.7977749453599788,-0.00044589613552770135,0.3665337185124624,-0.5738785235892865,0.49548158172197093,0.440604955388083,0.061664984879417295
2025-09-10 19:00:00,2.9993,2.9672,2.9782,-0.8508094157091193,0.7977749453599788,-0.006720249313284521,0.34267902097227354,-0.8403950392534608,0.47588257091690117,0.4079991760484765,0.05934648190971721
2025-09-10 23:00:00,2.9979,2.9772,2.988,-0.9885260843865878,0.7905171725914781,0.0026226825166832946,0.521738878387018,-1.0183721826660936,0.5200861728129005,0.42063857735270277,0.05190538950001905
2025-09-11 03:00:00,3.0139,2.9876,3.0,-0.44043374636920957,0.7832987221646348,0.005248481535104599,0.4714827104628466,-0.9572440222418821,0.5672834558834536,0.4459987368723667,0.046134765060851374
2025-09-11 07:00:00,3.035,2.9914,3.016,-0.03437088254073848,0.7765705719272112,0.003976544779522806,0.5642200540779672,-0.5955004329887205,0.5476002404344334,0.4653138657604316,0.04101421473601204
2025-09-11 11:00:00,3.034,2.9507,2.9986,1.7326554466728346,0.7698796612334277,-0.006494362728402314,0.5750299429736001,0.6731547994164462,0.4984262285262269,0.4336435902498911,0.028855328573454075
2025-09-11 15:00:00,3.0344,2.9893,3.0239,-0.3971462779210651,0.4769704499487187,0.004108422420840752,0.7671838653694231,-0.5278220622157463,0.47395719204374914,0.4535485235321578,0.03032931694375151
2025-09-11 19:00:00,3.0336,3.0109,3.024,-0.275862662941552,0.4786825762377208,0.0052008560966601,0.5770922567875584,-0.6667419008921439,0.5551253995952797,0.47884972139411686,0.032808681099981245
2025-09-11 23:00:00,3.0719,3.024,3.044,0.42768738793541683,0.7711214467134762,0.008608746881245244,0.41753644727840533,-0.1644447575925134,0.5322307860648527,0.5209474858673295,0.037084415298268114
2025-09-12 03:00:00,3.0731,3.0282,3.0515,-0.10257942272834936,0.7684651628332757,0.0010021904147032856,0.5189308421089392,-0.6893060096214422,0.5569979653612183,0.5258905024813749,0.04136356448597711
2025-09-12 07:00:00,3.0729,3.0393,3.0435,-0.470289893056201,0.7622454373791702,0.0006767343341733678,0.12499996279762846,-0.637136776967717,0.539771399326941,0.5292316454859587,0.0408341917514317
2025-09-12 11:00:00,3.0647,3.0257,3.0394,0.004236547268310459,0.756059658123056,-0.0037673888021702018,0.35128196120975336,-0.25245557582393485,0.5092834959804352,0.510618871726316,0.04282477321525801
2025-09-12 15:00:00,3.0788,3.018,3.0786,0.4518090055977782,-0.5110762301425225,0.0021058063721348663,0.9967103623831571,-0.00961640549270137,0.49188401020941613,0.5209834072755533,0.048314138944015816
2025-09-12 19:00:00,3.1376,3.0666,3.1118,1.4551934227976477,-0.5104665602483227,0.0172512565589098,0.6366196286451239,0.7759554297585911,0.4978062092054521,0.6060708992128021,0.056034745130139334
2025-09-12 23:00:00,3.1257,3.0901,3.1025,-0.603801992818714,0.7499393583559552,0.0010247572774175762,0.34831450890041715,-0.35802862387552453,0.4839738653104574,0.6112124512382993,0.06032483316978394
2025-09-13 03:00:00,3.1171,3.0992,3.1158,-0.7647832194507403,0.7432201191338803,0.0011489653131222521,0.9273737835900606,-0.7392310752480886,0.4794416539615196,0.6169831042318485,0.06306518586779758
2025-09-13 07:00:00,3.1858,3.1104,3.1633,1.074690562077335,0.738026232264042,0.015284433383575546,0.7015914188870808,0.45359586800928253,0.4848179953205256,0.6938370356134166,0.07032985916056754
2025-09-13 11:00:00,3.1812,3.1179,3.1468,0.837316174887688,0.7328587113161777,-0.0008786157512742365,0.4565560100227432,0.3890422502272184,0.4679687433980347,0.689351612081903,0.0730710620289833
2025-09-13 15:00:00,3.1567,3.089,3.1143,0.5204710724575218,0.7328587113161774,-0.010847280762971367,0.3737074780343482,0.5329962340649929,0.43690598151458376,0.6340237858094715,0.07228478958898034
2025-09-13 19:00:00,3.1282,3.1075,3.1205,-0.9045603808626586,0.7328587113161774,-0.0003587044142104867,0.6280190202806567,-0.772986551050004,0.49173949135099826,0.6322140182586782,0.07281858835018769
2025-09-13 23:00:00,3.1275,3.085,3.1225,-0.6014172577411538,0.7328587113161777,-0.0023389020184618747,0.8823527335640651,-0.4421509504660222,0.5173360755850017,0.6204178137485563,0.07266112923641581
2025-09-14 03:00:00,3.124,3.0762,3.0916,-0.5239035509609029,0.7328587113161774,-0.004147756785803702,0.32217566481680776,-0.5026121082279447,0.45872955701139234,0.5995476149895658,0.06887943996674578
2025-09-14 07:00:00,3.095,3.0751,3.0849,-0.7464357016483169,0.731012173941565,-0.004370820622389693,0.4924620640894215,-0.8866642700736069,0.49210320590286977,0.5776462495331668,0.06442850351973585
2025-09-14 11:00:00,3.0879,3.0099,3.0251,0.5478950345017102,0.729170080336463,-0.013108337686398741,0.19487176988823635,0.2267144061150982,0.3928598573496218,0.5239944284799474,0.06345775458074614
2025-09-14 15:00:00,3.0595,3.0139,3.0365,-0.2278713292919079,0.03771689770785394,-0.0014418936575163466,0.49561392640046004,-0.5195052887033886,0.48453267427491065,0.5183980333419403,0.06171512653865306
2025-09-14 19:00:00,3.0575,3.0271,3.051,-0.8612588308769707,0.040870850328627036,0.0010890897043838166,0.7861839519131767,-0.858607837096649,0.537067725170412,0.523892868454533,0.057146753089992314
2025-09-14 23:00:00,3.051,3.012,3.0357,-0.520996863412668,-1.5142845951578345,-0.002594699693260538,0.6076921518738007,-0.2976067282211543,0.44471880741626013,0.5107874515523009,0.056486941229859366
2025-09-15 03:00:00,3.0669,3.0251,3.0355,-0.24200645180768282,-1.4984463344869408,0.004998489800392747,0.24880376822875838,-0.6762433205397315,0.5804782449832299,0.5359685240028407,0.05553933828418811
2025-09-15 07:00:00,3.0485,2.9532,2.9795,1.7257977474180266,-0.5514091600739659,-0.020458485899962242,0.27597059013949615,1.2462179578549015,0.4276544649395366,0.43238890467290486,0.06345192594674105
2025-09-15 11:00:00,3.043,2.977,3.0055,0.8871629757489283,-0.5459047094178193,0.007049882567228272,0.4318181163911956,0.7153367526858325,0.4689266431527245,0.46735165194566797,0.06608565358489953
2025-09-15 15:00:00,3.0411,2.9924,3.0083,0.49698964165482135,-0.7314914566665487,0.0015836453593480737,0.3264886393247185,0.5674596659822005,0.42052331817650584,0.4983714975683654,0.06838477407913948
2025-09-15 19:00:00,3.0161,2.9708,2.9911,-0.6608949591159144,-0.7248969646593981,-0.006800074378848775,0.4481235213855341,-0.6103365758977621,0.39161757552518056,0.4627020245885209,0.0724476562901169
2025-09-15 23:00:00,2.999,2.9767,2.9795,-1.0279347865600832,-0.07055283768424687,-0.0014178268586867437,0.12556048181142937,-0.9266475419415329,0.5473016218342897,0.45531545306949894,0.07766910477292047
2025-09-16 03:00:00,3.0076,2.9642,2.9837,-0.21739584160036135,-0.06683573751561063,-0.000722577954039183,0.4493086522330249,-0.7936123015631987,0.5605422299322782,0.45155631546317776,0.07988897338944415
2025-09-16 07:00:00,3.0496,2.9837,3.022,0.017768817990407207,-0.02264312960936013,0.012259274336460013,0.5811835233408912,-0.24898576937757175,0.5188666976468147,0.5152878470278442,0.07844404786142369
2025-09-16 11:00:00,3.0478,3.0004,3.0286,-0.11228726874537405,-0.0231453784713815,0.0004255856759898258,0.5949365833467111,-0.1648019395997303,0.42728438081181597,0.5175274361967674,0.07633390476635016
2025-09-16 15:00:00,3.0586,3.0212,3.04,-0.5497834465168783,-0.4442963030402868,0.005467462371718579,0.502673662386721,-0.5526758630227254,0.4550812507364343,0.5463114894235915,0.06769401285546559
2025-09-16 19:00:00,3.0579,3.0352,3.0472,-1.1095861776767342,-0.44203989566994567,0.0024773685513441723,0.5286341283550113,-1.0296720103464871,0.4784617603708983,0.5594251756364732,0.059823077301203724
2025-09-16 23:00:00,3.048,3.0258,3.0374,-0.2434222790972284,-0.16941664799213732,-0.004197822710146237,0.5225222871521201,-0.8536171104231904,0.2687252914428109,0.5371493998922106,0.05544159411814043
2025-09-17 03:00:00,3.0374,3.0054,3.0235,-0.19399016215191828,-0.16562993724550235,-0.005581989536204146,0.5656248232422424,-0.7851641632685727,0.514304784103672,0.5076528762945814,0.04920219615880751
2025-09-17 07:00:00,3.0389,3.0029,3.0128,-0.23927086069721218,-0.165732556527445,-3.324007003635554e-05,0.2749999236111326,-0.876163237149729,0.5779928206791641,0.5074782085439362,0.04056507279603103
2025-09-17 11:00:00,3.0377,3.0072,3.0138,-0.5065355418856169,-0.1676196018439022,0.0004251315159695679,0.2163933716742953,-0.49694283126475,0.5125190256534057,0.5097120876314798,0.03508228382470918
2025-09-17 15:00:00,3.0685,2.9814,2.9978,2.30308092991338,-1.1975086884450192,0.0026814469438007915,0.18828930100008,1.5483329181821173,0.46537760194073685,0.5238079016956,0.029897232654744692
2025-09-17 19:00:00,3.0914,2.9944,3.087,1.0783485932573462,-1.1865272869139767,0.0052041846711372575,0.9546390768413328,0.7182649853791476,0.5151975873944489,0.5512385853948321,0.035288488935582084
2025-09-17 23:00:00,3.1079,3.0695,3.0951,0.7552785485391303,0.8052542797963099,0.014329195315649246,0.6666664930556008,0.35161020161154977,0.49116421108172,0.6271592538967307,0.04107412138537037
2025-09-18 03:00:00,3.112,3.0558,3.0709,0.7417822375721325,0.7983746473305017,0.00011808742327246158,0.268683226212947,-0.16163660331703728,0.5140958345690708,0.6277938841818743,0.04294437074155786
2025-09-18 07:00:00,3.125,3.0704,3.1121,0.45024633979152984,0.7909789759680063,0.004779643745636664,0.7637361238578512,-0.18030030351894558,0.5434785079765474,0.6534838754144388,0.04922796527536783
2025-09-18 11:00:00,3.1397,3.1023,3.1215,0.8131529639279128,0.7836220914081783,0.006628088728663828,0.5133688466928262,0.04141307804248386,0.4053358320977048,0.6892793042914053,0.05584933642299829
2025-09-18 15:00:00,3.1286,3.0989,3.1164,-0.09858157473158008,0.7798852151808048,-0.0027597187733010564,0.5892253908332029,-0.4375702590801555,0.4598883560686494,0.6742764763288401,0.058363015558126514
2025-09-18 19:00:00,3.1165,3.073,3.0732,-0.44866480044850754,0.7761651106427953,-0.007173151896540331,0.004597700092482245,-0.5542543939240322,0.4495656496368253,0.6353882494993126,0.058973711385699165
2025-09-18 23:00:00,3.0941,3.0601,3.0671,-0.4202794215902091,0.7741235995005993,-0.005516539383232488,0.20588229238756298,-0.5779367180937178,0.5032054503201547,0.6056956411631368,0.05847628897425448
2025-09-19 03:00:00,3.0761,3.0232,3.0267,0.37784190239435134,0.7720876211719382,-0.010518205045465745,0.06616255838136618,-0.1935932807205533,0.4991166514374449,0.5493940298468627,0.05711828604675241
2025-09-19 07:00:00,3.0475,3.0237,3.0311,-0.5873063093296079,-0.3620412147632743,-0.002860672899289818,0.31092423910746503,-0.7895799010613994,0.4614161527918377,0.5342425448080464,0.053279281799134486
2025-09-19 11:00:00,3.0462,3.005,3.0083,0.1460307004119991,-0.357336580722293,-0.0023766438929707645,0.0800970679376124,-0.27792417406814107,0.4230279522541924,0.5216907174154015,0.05128382095335541
2025-09-19 15:00:00,3.017,2.9879,2.9978,0.10825240497742852,-1.7011981373609417,-0.008171098306713587,0.3402060686577076,-0.10433373621662495,0.4184008744316721,0.4786390587325101,0.053244511374441486
2025-09-19 19:00:00,3.0109,2.9784,2.993,-0.8795124206643467,-1.6816449099427397,-0.0033133728496989034,0.4492306310059546,-0.6483726922287792,0.5099904135564431,0.4613242969214487,0.05570702006474607
2025-09-19 23:00:00,3.0013,2.9791,2.9948,-1.4306710500487179,-0.6418193308013026,-0.0007114538138012216,0.7072068886455507,-1.001311771394662,0.5136803230684891,0.4576187564975323,0.05792296952775667
2025-09-20 03:00:00,3.0068,2.9852,3.0051,-1.4486656397231594,-0.6357102687943006,0.0016449274075296394,0.92129586977043,-1.0940766293528381,0.4978100893978106,0.46618011118901403,0.05901395098769198
2025-09-20 07:00:00,3.0091,2.9745,2.9791,-0.8830535859506329,-1.2242217047929205,-0.002285561968756178,0.13294793845435052,-0.9361976281970049,0.46264125770217457,0.46251309938752483,0.06265848090012933
2025-09-20 11:00:00,2.9896,2.9652,2.9812,-0.5279795582228195,-1.212901228967768,-0.0030885688675399425,0.655737436173183,-0.7039327904924051,0.3368008049235743,0.4984879746667555,0.06499800704538566
2025-09-20 15:00:00,2.9961,2.971,2.9746,0.2524004421727814,-1.374333562833215,0.0020898850581339,0.14342623767879095,-0.4566987449675002,0.2994015633534479,0.6013965466376003,0.0675847108972947
2025-09-20 19:00:00,2.9855,2.97,2.9821,-0.7266897271865607,-1.3609055255185984,-0.003026586870650938,0.7806446576486014,-0.97774643305646,0.3728501588796227,0.5803339846519794,0.06911157735575552
2025-09-20 23:00:00,2.9917,2.97,2.9902,-0.8324035224901764,-1.7240690138109533,0.0020337207478025032,0.9308751470621608,-0.8808466696965191,0.33217442378215545,0.5944441774767077,0.06935457082174767
2025-09-21 03:00:00,3.0135,2.9881,3.0001,-0.9094002098901275,-1.7041140286587775,0.006595104452976175,0.47244075888159387,-0.9018075034781788,0.41994463378005087,0.640294843068076,0.06789654809281415
2025-09-21 07:00:00,3.0066,2.9618,2.9681,-1.0391096764782812,-0.059725364202974716,-0.006730514627382056,0.1406249686104976,-0.8397874454592505,0.41670942522492854,0.5931941765825317,0.06796108639099757
2025-09-21 11:00:00,2.9884,2.9669,2.9764,-1.3726691774907942,-0.07308623043746885,-0.0005018534749813286,0.4418602595998807,-1.0045808834432126,0.4881223158648662,0.5897058044425298,0.06759339204441257
2025-09-21 15:00:00,2.9854,2.9523,2.9854,-0.8748176100835378,-0.2679721338077367,-0.004653760477172031,0.9999996978852876,-0.6963575580288247,0.5082967418889294,0.5573738547996311,0.06144804376787406
2025-09-21 19:00:00,2.9926,2.9644,2.9906,-1.2093920530901436,-0.26992744770694505,0.00401781679811819,0.929077684724233,-0.929381665561312,0.4793523383985237,0.5851576888883466,0.05134124312848999
2025-09-21 23:00:00,2.9927,2.8769,2.8979,2.756143354229332,-0.8702777402945161,-0.01978570997035045,0.18134713459869206,1.8829067236219292,0.4815879832555651,0.44778667455131704,0.05063757149111295
2025-09-22 03:00:00,2.9079,2.6975,2.824,5.0,-0.8625362700295669,-0.03901232250852593,0.6012357128690243,1.8307853479830467,0.5190318949223671,0.1822855886024158,0.06981528457788243
2025-09-22 07:00:00,2.8279,2.7895,2.8161,2.1452507861064887,-1.156103958013883,0.0018368846362573077,0.692708152940586,1.0952321411083434,0.5044430811808094,0.1942989404401773,0.08252376171067087
2025-09-22 11:00:00,2.8696,2.8041,2.8605,1.8337736895285683,-1.1573498661185297,0.010826860206766709,0.8610685708292245,1.8947984807175267,0.46306410917675817,0.265237417601691,0.08602349317124768
2025-09-22 15:00:00,2.8746,2.8326,2.8335,1.0558474014395811,-2.0873661801537615,0.005115089336219514,0.021428566326534622,1.1010028247004344,0.49071564382523664,0.29911475962471645,0.09274730304234592
2025-09-22 19:00:00,2.8571,2.8146,2.8461,-0.24344622301407318,-2.0576637546770433,-0.008182788092601978,0.7411762961938096,-0.10217559670202517,0.5752057407608075,0.24464277444561397,0.09621530222120238
2025-09-22 23:00:00,2.8685,2.8066,2.8092,-0.4942306521384532,-0.3998530459258502,0.0017577046896073423,0.0420032242321149,-0.48034108123197927,0.49071711464629864,0.25624788950532246,0.10476620535674247
2025-09-23 03:00:00,2.8806,2.7991,2.8728,0.6073670218940532,-0.3946491351558283,0.006935597320931519,0.9042943675712426,0.16756923937861212,0.5503097896706801,0.30212014565889067,0.10238634413011924
2025-09-23 07:00:00,2.8843,2.8494,2.8642,-0.022611020569898044,-0.6845330055585641,0.0029297699480819173,0.42406864639866093,-0.476112678929189,0.4557400223946529,0.3216321302741927,0.10225223058468001
2025-09-23 11:00:00,2.8785,2.8529,2.864,-0.36724384751412226,-0.6841258918149333,-0.0009585340989870517,0.4335935806275058,-0.1277039811319204,0.3976509912083208,0.31522968293974674,0.10008046113565756
2025-09-23 15:00:00,2.8964,2.8379,2.8457,0.3569543338175335,-1.173298225626798,0.0015280269670792102,0.13333331054131495,0.4032359348464551,0.43037453388570057,0.32542622654319764,0.10073369432102186
2025-09-23 19:00:00,2.87,2.8333,2.8354,-0.652217874601294,-1.1626182056693883,-0.00545879402243854,0.057220692855396514,-0.2937267214493241,0.49442016745004114,0.2889439629940108,0.10067425425825713
2025-09-23 23:00:00,2.8431,2.8175,2.829,-0.20217077469745498,0.6796594296098275,-0.00820739983643004,0.4492185745240005,-0.26171004688780136,0.48059856210647506,0.23439161574277642,0.10035468910802872
2025-09-24 03:00:00,2.8689,2.7883,2.8559,0.9097972769994697,0.6752487206679227,0.0005465620112026226,0.8387095733610964,0.526786089404175,0.5110192207844717,0.23799464805634,0.09572485992906304
2025-09-24 07:00:00,2.8799,2.8545,2.8726,-0.5729198728920292,0.6888813533597464,0.015008960383383174,0.7125981446463912,-0.7826214066622639,0.39147054493898936,0.3369904161478598,0.08916764651633134
2025-09-24 11:00:00,2.9261,2.8718,2.9197,-0.08781929768330102,0.683494491838077,0.0074564323984647185,0.882136117470333,-0.1770951793236281,0.4886275084978587,0.3869095428769625,0.08020619660813962
2025-09-24 15:00:00,2.956,2.9084,2.9513,0.7033197053716939,0.9018410477495374,0.015907471269008155,0.9012603148612754,0.7706880140322162,0.49564018380940655,0.49420054855540224,0.07765565922962762
2025-09-24 19:00:00,2.9955,2.9366,2.942,1.0233118935475884,0.9011518466330842,0.008061766244329194,0.09168079937508156,0.7594503335443041,0.4756175483504395,0.5494396396702582,0.0742701263610204
2025-09-24 23:00:00,2.9479,2.8883,2.9047,0.6724015061790437,0.904363842037103,-0.015398275281284346,0.27516773906581465,0.4128254995718078,0.43601615844528896,0.4430803212918925,0.06716027034083615
2025-09-25 03:00:00,2.9048,2.8324,2.8459,1.4704483816629637,0.9087431010656756,-0.02092086240115998,0.18646406264308615,0.8143323756949312,0.5284829828905007,0.3008003918104526,0.056489525079326766
2025-09-25 07:00:00,2.858,2.8176,2.8177,0.16499657560850728,-0.8316660440159013,-0.006254075998705755,0.0024752469120618275,-0.11428421818585928,0.5081281643000606,0.2591571041200236,0.057754315143778004
2025-09-25 11:00:00,2.8607,2.7852,2.8387,2.1374014073848455,-0.8241607079823072,-0.00420167184401854,0.7086091776676551,1.370927157264453,0.5160815512139753,0.23135489244234783,0.05653014361240236
2025-09-25 15:00:00,2.8404,2.7244,2.8003,3.1464170272669807,-0.19152861611282837,-0.01736761205619808,0.6543102884215276,2.493855368253068,0.520349602247093,0.11691729864712196,0.05884372752441679
2025-09-25 19:00:00,2.8139,2.7338,2.7546,0.627960658559199,-0.18686525272941867,-0.004694787236553588,0.2596753733239231,0.5932094304365325,0.5393871229496857,0.08651995748802498,0.06899195383369972
2025-09-25 23:00:00,2.7787,2.7321,2.7589,0.3451226605351077,-1.1445532504916343,-0.003413488414183652,0.5751071727237836,0.5115934891499261,0.5879917965436355,0.06452240339694855,0.07541619811356647
2025-09-26 03:00:00,2.7754,2.7379,2.7554,-0.27067269068008504,-1.1491153729762775,0.0009630694902542647,0.4666665422222562,-0.009659401170669577,0.4806484260859119,0.07070752995965167,0.0817082350825781
2025-09-26 07:00:00,2.774,2.7095,2.7098,1.4187602317963994,-0.29698444634325394,-0.0053464172484721795,0.004651162069590191,0.7265367009854105,0.46838865045043354,0.03633813635603166,0.09401469381963616
2025-09-26 11:00:00,2.7766,2.6984,2.7077,2.4888746255970613,-0.3032554107630815,-0.004531927661437285,0.11892581599414187,2.0617153960743586,0.46876485960929165,0.0073604411001177055,0.1032277881756619
2025-09-26 15:00:00,2.809,2.7061,2.8029,0.8487687572184222,0.21390670641702167,0.013379574624258206,0.9407190533800727,0.9465906573632408,0.4812460233932697,0.09252335514834452,0.09962889083273693
2025-09-26 19:00:00,2.8059,2.7698,2.7821,0.15428469065794237,0.20492611617808815,0.006437695576017033,0.3407201272243366,-0.2432443717690122,0.47811479684046315,0.13404846498188094,0.10086193119252011
2025-09-26 23:00:00,2.7887,2.7675,2.7777,-1.1653477002195534,0.831890889163124,-0.0026724222819826116,0.4811318485227044,-0.8097213202870033,0.3970434218594391,0.11669954944782608,0.10198066386760833
2025-09-27 03:00:00,2.797,2.7757,2.7969,-1.2423153855679103,0.8281184531481899,0.00324601093804211,0.9953046970400383,-0.9815192732055997,0.4997780966838051,0.13771579119985775,0.1015259244085921
2025-09-27 07:00:00,2.8016,2.7619,2.7881,-1.0445675428483847,0.9241089630735556,-0.002153057836165817,0.6599494559321277,-0.7700049836994108,0.48550201637450413,0.12373060624403588,0.1023505256256972
2025-09-27 11:00:00,2.789,2.7735,2.7824,-1.209011312746259,0.9180915682540357,0.000681112001081674,0.5741931779398828,-1.031241385575865,0.3840704370656024,0.1281452430677814,0.10241646993199159
2025-09-27 15:00:00,2.7902,2.7628,2.7902,-1.0763139875430061,0.49816238784609795,-0.0008242711848309714,0.9999996350366295,-0.7760390859726776,0.4901664481335811,0.12279907916327411,0.10054790678055042
2025-09-27 19:00:00,2.8287,2.7871,2.8188,-0.8132646685935613,0.5007265143048456,0.008576596815184745,0.7620190475915738,-0.7969857889945573,0.5491455100663634,0.17838042031211404,0.09280886872597584
2025-09-27 23:00:00,2.8263,2.7806,2.7867,-0.07956492132134291,-0.584806266620858,-0.0013422008412602437,0.13347918304613157,-0.27216440482200255,0.5250386177872445,0.16960757603160861,0.08017526298045406
2025-09-28 03:00:00,2.7947,2.7747,2.7894,-1.2506727042555983,-0.5826016125103364,-0.005867490131836739,0.7349996325001799,-0.8928189428003296,0.48121338272396297,0.13130817519465293,0.06368562485956425
2025-09-28 07:00:00,2.7945,2.7711,2.7811,-1.0482521988758966,0.34619587371016175,-4.509599504931572e-08,0.4273502447221069,-0.6504820328351738,0.4338190520612034,0.1313078825626212,0.05084440980936007
2025-09-28 11:00:00,2.7968,2.7661,2.7966,-0.9982439299772048,0.3493923914986014,-0.00224858326294064,0.9934850184087896,-0.6725751465238837,0.4516431053044916,0.11671662101174614,0.046377150037998485
2025-09-28 15:00:00,2.8346,2.793,2.8304,-0.4051328553068126,0.5478658212341769,0.01407327579721196,0.8990382454234987,-0.45336020660479387,0.5167316714835557,0.20783404233470887,0.04702908775826149
2025-09-28 19:00:00,2.8637,2.8221,2.8581,-0.4725491683412091,0.5446424518540074,0.010324445134112015,0.8653844073595118,-0.5860301601557618,0.4525707047301738,0.27562039709945346,0.04930498529171787
2025-09-28 23:00:00,2.8848,2.8482,2.875,0.01624326510945365,0.9201164961092463,0.006669796634782621,0.7322402370928364,-0.26046040166279494,0.5010593698908523,0.3198638499429805,0.0565660685593469
2025-09-29 03:00:00,2.8758,2.8454,2.8682,-0.3453008704884215,0.9122445380421768,-0.0018678131813285592,0.7499997532895512,-0.4763356201166615,0.42145063903562163,0.3073912528036002,0.06093502650854027
2025-09-29 07:00:00,2.9054,2.8559,2.8607,-0.18577276853884994,0.9122445380421768,0.008297563024630694,0.09696967737986124,0.1411102933055243,0.4669613380212024,0.3626959577148111,0.06352162177639939
2025-09-29 11:00:00,2.9289,2.8455,2.908,0.6153325607741357,0.9122445380421768,0.0007803614813848281,0.7494003897601439,1.1121399471184394,0.46214725530032535,0.367940360768911,0.06939602159568997
2025-09-29 15:00:00,2.9112,2.8657,2.8763,-0.1522148220584884,0.7301360086356216,4.237403666218498e-05,0.23296698176550162,0.17647611416363207,0.5038734697292515,0.3682253568247305,0.06601589745092777
2025-09-29 19:00:00,2.915,2.8716,2.8871,0.4270751887163635,0.7314506368415102,0.003113150587572111,0.35714277485190105,0.17495526153871985,0.5770851241828266,0.3891644342474831,0.05971716096982144
2025-09-29 23:00:00,2.8926,2.8681,2.8811,-0.5566053497859553,0.9151195234193755,-0.004416098937433333,0.5306120283216226,-0.03926149249997694,0.4523618647863619,0.35936924606534126,0.062081187449814224
2025-09-30 03:00:00,2.9077,2.8728,2.8987,-0.7204956149833193,0.9151195234193752,0.002929770597478676,0.7421201311976631,-0.6357599079525851,0.4767688183809294,0.37904896173666636,0.06370577213705572
2025-09-30 07:00:00,2.9001,2.8356,2.8403,-0.25660938730982824,0.9151195234193752,-0.011013193486969275,0.07286820575686938,-0.26282911133410797,0.42027667908337163,0.30485492589057417,0.06243779957416406
2025-09-30 11:00:00,2.8629,2.8295,2.8477,-0.4758702948775099,0.9151195234193755,-0.004665624211454333,0.5449100164940155,0.23689276214911098,0.43576780392221576,0.273769560240083,0.061019799888801816
2025-09-30 15:00:00,2.8481,2.8132,2.8397,0.7691824346260677,-0.3470227882026506,-0.006132673094456642,0.759312103348968,0.6084349726369491,0.3858723033755453,0.23310041518672822,0.05889103719550104
2025-09-30 19:00:00,2.8792,2.8386,2.8417,0.20477785697727957,-0.3419220602019377,0.011378399534071937,0.07635466099638603,-0.09091658579734913,0.4111824644967339,0.30809412199456976,0.05557925519947848
2025-09-30 23:00:00,2.8597,2.8276,2.8419,-0.7974900641516599,0.9294726015503717,-0.005647750175748256,0.4454827272639439,-0.5159056016644158,0.4807957312835394,0.27044691230101514,0.0526840776705831
2025-10-01 03:00:00,2.8541,2.8141,2.8321,-0.22689937490838763,0.9294726015503717,-0.002015318497567642,0.44999988750003367,-0.27016146952856585,0.5408443127466247,0.25708891759354224,0.052301889292467665
2025-10-01 07:00:00,2.952,2.831,2.9299,2.548572843616739,0.8420088710253099,0.025297169246754958,0.8173553043508013,1.6021802254797293,0.5333487356387103,0.4244264565458627,0.05264680896786459
2025-10-01 11:00:00,2.9582,2.9269,2.9428,1.0774150636944313,0.8426979435192049,0.011143269817885715,0.5079870581511022,0.8659869288474995,0.5358765955134733,0.5000024484670328,0.054663012299770726
2025-10-01 15:00:00,2.9496,2.9195,2.936,-0.035357897817945495,0.7869476520545814,-0.001583676875270057,0.5481725753579393,-0.08446282416426333,0.44888974436545603,0.4891419319545584,0.0527657418219356
2025-10-01 19:00:00,2.9616,2.9261,2.9303,-0.4705753337980301,0.7880366734787777,0.001496776122397625,0.118309825828218,-0.5057144631536694,0.47937409828786687,0.49939024597124737,0.05045531078882236
2025-10-01 23:00:00,2.9811,2.9281,2.9765,-0.15539091291939894,0.9252753069750347,0.005458405584282122,0.9132073748665341,0.15561987264752464,0.5955928414737982,0.5368194796820036,0.05585640558981601
2025-10-02 03:00:00,2.9877,2.9538,2.9793,0.19396367442690401,0.9173625020846405,0.004736573610081729,0.7522121674890343,-0.23800841635350617,0.5519367044696807,0.569476272683213,0.06206024597199685
2025-10-02 07:00:00,2.9934,2.9648,2.9888,-0.2542912900188528,-0.632700409668444,0.0031785163010060735,0.8391605457480629,-0.5157218800186951,0.5044250818195338,0.5914946797690671,0.06835329798857846
2025-10-02 11:00:00,2.9962,2.9466,2.9574,0.14542135931033723,-0.6565002015123127,-0.0014853876531828458,0.21774189158429055,0.8576979632041337,0.4242925363636284,0.5811723082403382,0.07094545323925157
2025-10-02 15:00:00,3.0644,2.9461,3.0622,2.208192424593879,-0.19704230323251862,0.015808596837686872,0.9814031292135968,2.8419829172789393,0.5320317302818702,0.690867457999751,0.08211562810450061
2025-10-02 19:00:00,3.0998,3.026,3.0322,0.8638958176023136,-0.20861899762416933,0.01334160599712031,0.08401082872482239,1.324387594426866,0.45973230804365584,0.7849077775989601,0.09042270210965787
2025-10-02 23:00:00,3.0416,3.0041,3.0222,0.027808069794983344,0.9343413238490893,-0.013630870475916712,0.48266653795559455,0.3050894708986129,0.47782696677996195,0.6875466823312891,0.09499566666791653
2025-10-03 03:00:00,3.0388,3.0131,3.0226,-0.38822096010960044,0.9335223858759315,0.000782756868374479,0.3696496616149193,-0.38517326022557985,0.5694826659932005,0.6930614626695645,0.0986046920115319
2025-10-03 07:00:00,3.0582,3.0184,3.0454,0.06790115444660529,0.933522385875932,0.004826140528392475,0.6783917893487954,0.3320399291125861,0.49285986362912926,0.7270898297501481,0.10218746673378117
2025-10-03 11:00:00,3.0479,3.0079,3.043,-0.23414831224538332,0.9335223858759315,-0.003524154394882406,0.8774997806250628,0.5511975579044267,0.43234928266844785,0.7021216434020813,0.1059062925933725
2025-10-03 15:00:00,3.0948,3.0124,3.0458,2.288471830248712,-0.6691874075185901,0.00943008223015851,0.40533975663352195,2.705929609412902,0.4729011868171248,0.7686971264066549,0.10444483126721266
2025-10-03 19:00:00,3.0556,3.0211,3.0477,-0.6468677625813711,-0.6626658970866873,-0.005008863580847511,0.7710142692712192,-0.26526238958448467,0.4651475036298116,0.7330015587494033,0.1020653736949777
2025-10-03 23:00:00,3.0522,3.0165,3.0205,-0.86535449065454,0.9414778087860793,-0.0019362807680188832,0.11204478654207718,-0.4967273720552431,0.42648507759891063,0.7192718086331326,0.0962336200244365
2025-10-04 03:00:00,3.0305,3.0082,3.0267,-0.995469254086366,0.933266297790916,-0.005601412595278132,0.8295960405398908,-0.7054160748996255,0.4752449011413436,0.6796303036925438,0.08764082191470196
2025-10-04 07:00:00,3.0315,2.9828,2.9872,-0.46349361009746015,0.9301879005110459,-0.0052006780192566104,0.09034905742319113,-0.3449352466614934,0.46722706523900787,0.6430309820849696,0.07665922003778448
2025-10-04 11:00:00,3.0065,2.9658,2.967,-0.4695619173187885,0.9271224857578574,-0.005077381975742812,0.02948402223979492,-0.42202392110926884,0.4616865814211794,0.6074851744521355,0.05914849040809469
2025-10-04 15:00:00,2.9731,2.939,2.9435,-0.12981240878006234,0.9271224857578574,-0.012337849501304565,0.13196477068480988,0.16854452343116028,0.47109595252830205,0.521548741781209,0.058234105700479134
2025-10-04 19:00:00,2.9713,2.9419,2.9692,-1.0116421824471635,0.9271224857578574,0.0013930936239208158,0.928571112730914,-0.9130263427378712,0.5112389651373556,0.5311322952157358,0.05579692768787242
2025-10-04 23:00:00,3.0068,2.9555,3.0051,-0.8305428531746699,0.9271224857578574,0.007833792891468683,0.9668614099685355,-0.5135636548879635,0.568999614149583,0.5850986322811211,0.05133529251785952
2025-10-05 03:00:00,3.0441,3.0025,3.0339,0.20067625924506827,0.9271224857578574,0.016304756177792257,0.7548075108635839,0.6478417756828488,0.45392691341213537,0.6983006273718537,0.04613340561885761
2025-10-05 07:00:00,3.0716,3.0011,3.0155,0.708414840976146,0.9191593334699445,0.003919560824860113,0.20425529017655097,1.0317381347431311,0.4751184419012577,0.725957377033009,0.04532955416628018
2025-10-05 11:00:00,3.0235,2.9856,2.9953,-0.6331101291288675,0.9112627154385512,-0.010511643623713374,0.2559366079322942,-0.33345888397813295,0.43378508736624066,0.651495620793806,0.04484318668455119
2025-10-05 15:00:00,3.0158,2.9689,2.9747,-0.5671697879846218,0.9070683203283317,-0.005306000911954434,0.12366735103041156,-0.36511662838044845,0.5041304198528579,0.614304381094329,0.04602079355222246
2025-10-05 19:00:00,2.9851,2.9468,2.967,0.27292498891699624,0.9028966968425457,-0.00887433116967784,0.5274150058968652,0.32810628220335225,0.5736313335248587,0.5524317671493725,0.04515657554939979
2025-10-05 23:00:00,2.9924,2.9551,2.9812,-0.4037860458789891,0.7175939407522292,0.003069896605118805,0.6997317158896186,0.2345570844086005,0.5414989178780635,0.5736454125506675,0.04277329477434819
2025-10-06 03:00:00,2.9999,2.9623,2.9902,-0.7957883226856137,0.7135156055910217,0.002084044634925508,0.7420210792497226,-0.5437942375941026,0.6002824607670779,0.5880908191175408,0.04218149654839729
2025-10-06 07:00:00,2.9972,2.965,2.9933,-0.6544151068447877,0.2343156624215571,0.0023465091361773993,0.8788817146330143,-0.42146278802728326,0.5482297843306283,0.6043893759109269,0.04192536292273363
2025-10-06 11:00:00,3.0221,2.9844,2.9878,0.37025237002841144,0.22544967197422333,0.004984894640806203,0.0901856524706509,0.6959128602435045,0.5619811319282344,0.6390950725641633,0.04182003800319896
2025-10-06 15:00:00,3.0479,2.9875,3.0447,1.12681039775706,0.6438242765077753,0.008890069357885055,0.9470197107583318,0.7624332451011946,0.48365822976630113,0.7012978055019216,0.04097170999172292
2025-10-06 19:00:00,3.0506,2.9926,3.0009,0.47311605867139034,0.6373999632083265,-0.004503597710695528,0.1431034236028607,0.33071698233819824,0.468083989626098,0.6695065445442148,0.03952720285874323
2025-10-06 23:00:00,3.0023,2.978,2.9855,-0.5131795638173573,0.8754241828335916,-0.008417863228413425,0.30864184829553204,-0.3279469193442028,0.5151232456312149,0.6103517807919202,0.03716814038492979
2025-10-07 03:00:00,3.0012,2.9656,2.9676,-0.0328524058514306,0.8694894258737712,-0.002430859590344503,0.05617975950007372,-0.6041946575781763,0.5238399705079558,0.593413223100098,0.03466978368408369
2025-10-07 07:00:00,2.9804,2.9546,2.9765,-0.2556137293952762,0.1817512472346924,-0.0047112926455427084,0.8488368802957897,-0.4638754445517513,0.5478694670605403,0.5606641026170427,0.03373829934026626
2025-10-07 11:00:00,2.9917,2.9029,2.9098,2.011571739919999,0.17680417954782185,-0.0066417300475959395,0.07770269395240328,2.192412585093888,0.5023981676282602,0.5147136434294903,0.04054304840006686
2025-10-07 15:00:00,2.9169,2.85,2.86,2.0771629514673666,-1.7582119811357448,-0.021104110039152912,0.1494768087478581,1.8848141030595704,0.46043683334225843,0.36967571426259843,0.05675340689235778
2025-10-07 19:00:00,2.8816,2.8489,2.867,-0.03722601913313307,-1.7381531673112902,-0.006170847453345396,0.5535166503007157,0.16789364105214052,0.5050479288879669,0.3281615916887078,0.0664290257331354
2025-10-07 23:00:00,2.8792,2.8497,2.8693,-0.30946324978764794,-1.9567765044499574,-0.0005654028621001617,0.6644065544384563,-0.014866273024939671,0.5125892479841073,0.3243813393799828,0.0734514998845221
2025-10-08 03:00:00,2.8692,2.8303,2.8615,-0.25727262109490906,-1.9310656536558473,-0.005239007738157775,0.8020563490857666,-0.003147203150180682,0.46838118002587553,0.2893734277648638,0.08105230933979873
2025-10-08 07:00:00,2.8786,2.8484,2.8773,-0.33851971158705607,-0.8200910440531787,0.004502743702886169,0.9569533255121415,-0.15732657837505754,0.42840004800871234,0.31930387031436314,0.08376201973256604
2025-10-08 11:00:00,2.8937,2.8517,2.8622,-0.2792049474022512,-0.8248016641184732,0.0034942236824970774,0.24999994047620464,0.47012014785647954,0.407486302307513,0.33776073288954167,0.08537119669296755
2025-10-08 15:00:00,2.9248,2.8602,2.9079,-0.27560692102562645,-0.8835084740485175,0.007930921862418394,0.7383899785774075,0.5478469264643152,0.5035245644756107,0.39129526451377733,0.08209113195758766
2025-10-08 19:00:00,2.9131,2.8915,2.8947,-1.0587228947108838,-0.8757227560600621,0.0016786926649863254,0.14814807956105905,-0.7252853013716172,0.46312144004521133,0.4027164792755781,0.08203155806902192
2025-10-08 23:00:00,2.8954,2.8244,2.8297,-0.11874380003603127,0.8931526901431358,-0.014636189928622034,0.07464787681015918,0.07245264604469244,0.5100118356861827,0.3029699995424625,0.08973461562822327
2025-10-09 03:00:00,2.8487,2.8187,2.8238,-0.4019129678989193,0.8915473823008564,-0.00893586909307198,0.169999943333342,-0.7943971878920454,0.57078901473422,0.2429628570330089,0.0952669595410296
2025-10-09 07:00:00,2.8304,2.786,2.8109,0.4428369834291585,-0.966032097427968,-0.00995745897296596,0.5608106845021014,0.4428722782321667,0.502830591104371,0.17669293914009054,0.10019548998762486
2025-10-09 11:00:00,2.8407,2.7897,2.8127,0.1641442801003049,-0.9592923709144638,0.004415149140182706,0.4509803037293534,1.3873494075554151,0.4230234600555319,0.20578450790549963,0.10202720538432013
2025-10-09 15:00:00,2.8258,2.7714,2.7847,0.09724184310952953,-1.14056086263668,-0.007555636242660202,0.2444852491755063,1.131075301282284,0.4075081458207002,0.15578035684710229,0.1058593172767884
2025-10-09 19:00:00,2.8169,2.7746,2.8147,-0.7251681532616799,-1.1302558059627215,-0.0007302938622798516,0.9479903196240436,-0.1150697710424575,0.5294191754443944,0.15098369792931346,0.10316409934859541
2025-10-09 23:00:00,2.8178,2.7923,2.7972,-0.8955914081188344,-1.4108643965162864,0.0040862511961032855,0.1921567873894995,-0.7678782026127751,0.5131948213632997,0.17780309246906864,0.09324746798106187
2025-10-10 03:00:00,2.8308,2.7905,2.8159,-0.7862902206446326,-1.3969577738020884,0.003484851633108077,0.6302727964583633,-0.22051586644189655,0.5359156711394455,0.20076876784641665,0.0843393024854154
2025-10-10 07:00:00,2.8308,2.7986,2.8189,-0.9120832673588156,0.1280921825157636,-0.0007595647149695184,0.6304345868215632,-0.3817284561074316,0.48938204748014397,0.1957456827981824,0.07542124461943792
2025-10-10 11:00:00,2.8372,2.7943,2.8,-0.5405381944299467,0.13072019813249244,0.0011657762600731925,0.13286710189578016,0.022458639418774913,0.507282561937923,0.2034492337034194,0.06848202598292899
2025-10-10 15:00:00,2.802,2.7042,2.7081,4.032780544912837,-1.5021027979516561,-0.02770869538385279,0.039877296536061674,4.560776901044843,0.4648850196392016,0.020134309647511093,0.07112084337542406
2025-10-10 19:00:00,2.7129,1.2543,2.3525,5.0,-1.4867289422001677,-0.1653572120250274,0.7529137477518598,5.0,0.4516890606569673,0.0,0.19782814017371317
2025-10-10 23:00:00,2.459,2.3,2.4359,3.92055962477346,5.0,0.0391187677957503,0.8547169273762948,5.0,0.48253633365555687,0.10277433081581794,0.23355147014281677
2025-10-11 03:00:00,2.4516,2.36,2.4233,1.1913627363063943,5.0,0.013871964257609726,0.691047959492579,2.194073059713251,0.5398371174141329,0.14064497051503516,0.2679283206540217
2025-10-11 07:00:00,2.5061,2.3976,2.4778,0.8655528331860743,-3.4792811763960967,0.018471227540994395,0.7391704387861323,2.056003310392075,0.5262182842225864,0.19177117495691157,0.2782790735576641
2025-10-11 11:00:00,2.4856,2.4152,2.4585,0.5097900555332041,-3.3777138080963747,-0.0009306541099982635,0.6150567308158056,1.790851251831319,0.4559135985200351,0.18914765206460055,0.2951745877596537
2025-10-11 15:00:00,2.4928,2.4574,2.4695,-0.06968045374302054,-1.4640846532231073,0.010754524491985329,0.34180781304864566,0.7346836109492336,0.4115560059116835,0.2194365453633511,0.3017522772473382
2025-10-11 19:00:00,2.4697,2.3228,2.3963,0.9085101249465486,-1.456057347052846,-0.03944905579195168,0.5003403335370781,2.5781102393430344,0.502570044234573,0.10713790470396173,0.3247373255798754
2025-10-11 23:00:00,2.4009,2.3121,2.3263,0.26408150400653724,-2.1864903368506092,-0.012836114129674336,0.1599098919020366,1.3583662588820917,0.4777480286682712,0.07203913775915204,0.34777613215334446
2025-10-12 03:00:00,2.4006,2.3215,2.3899,0.08741878906563606,-2.1603259700290076,0.006074088784101761,0.8647280828409512,0.5760820025932933,0.5249771758337031,0.08843478947178353,0.33800405742727346
2025-10-12 07:00:00,2.411,2.369,2.3882,-0.1529158929909296,-2.8877569073871006,0.011492383966192232,0.4571427482993396,0.11169360139948652,0.47210910706536874,0.11964434905070116,0.33965675231151754
2025-10-12 11:00:00,2.4797,2.3615,2.4411,0.5623368144475522,-2.827708675583379,0.009398125095203547,0.6734347992017954,1.2964871654579635,0.5481536156763915,0.14545989720511726,0.326258145212791
2025-10-12 15:00:00,2.5451,2.4367,2.513,1.1366580540047193,-2.966894034156471,0.037414032749905735,0.7038744738123158,2.7842121222319585,0.5160421682703776,0.2491977239216044,0.30630751058605715
2025-10-12 19:00:00,2.5841,2.5119,2.5324,0.25854972136314275,-2.89662154878235,0.016349936168188695,0.283933478679576,1.2793460065338478,0.4687570078070091,0.29622727173460617,0.2905470494044599
2025-10-12 23:00:00,2.5612,2.5081,2.5586,0.17441705706500693,-1.9668040774212558,-0.004289908347381077,0.9510356024415112,1.1182795628996884,0.48745643760791446,0.2836858717375541,0.2751579588006518
2025-10-13 03:00:00,2.6093,2.5337,2.6052,0.0901617429134305,-1.9417934355401965,0.013536691849239446,0.9457670706657287,0.7089561378351305,0.4816486016337453,0.32309015725875484,0.2534304697663261
2025-10-13 07:00:00,2.6426,2.5912,2.6007,0.17099111344257895,-2.2916778077960456,0.019976475337005306,0.1848248667655839,0.5233580537653346,0.4273745836385236,0.38202732389024757,0.23708225744040168
2025-10-13 11:00:00,2.6163,2.5352,2.5574,0.7646870435064909,-2.254370181045648,-0.0155077179292058,0.2737360944838336,1.9784180440779373,0.5055867402391186,0.3353604791160717,0.21674170452149183
2025-10-13 15:00:00,2.63,2.5553,2.6111,0.15904956201864556,-0.0966743223324247,0.007526431731980088,0.7469878518088563,0.717659709219435,0.5010074931507372,0.35765827769495045,0.18550539156442575
2025-10-13 19:00:00,2.646,2.6041,2.6088,-0.10368439506111576,-0.09843568834432244,0.011136004266597332,0.1121718109375187,0.05301328335738287,0.5080332022834517,0.3908981003745986,0.15711100486493387
2025-10-13 23:00:00,2.6208,2.563,2.5735,0.011523996942636556,0.6291282353422516,-0.012808620397841808,0.18166086822476293,-0.15795940962241276,0.5145204618905176,0.3522399350096138,0.1420641428365157
2025-10-14 03:00:00,2.5746,2.4178,2.4658,0.49903094473678367,0.6230737323635444,-0.03363370110395825,0.3061224294564779,1.1276060445100957,0.4650267732375737,0.25202904960875183,0.13958141795613557
2025-10-14 07:00:00,2.481,2.412,2.4403,0.31215707525463227,-0.09719327090477653,-0.02134957571966345,0.4101448680949501,0.9248997469121695,0.513464792637847,0.1905579101380502,0.14080299024597498
2025-10-14 11:00:00,2.4644,2.3888,2.4466,0.4907885055081655,-0.09958789020393372,-0.00854029851900251,0.7645501634192934,1.1855681179980968,0.5249869885067522,0.16649308806845772,0.13909147496647525
2025-10-14 15:00:00,2.5362,2.437,2.5025,0.46275860837538246,-1.6306682791476215,0.027895984773068205,0.6602821915038113,1.0473233008897356,0.4781337216563801,0.2444269804760911,0.13589855622601163
2025-10-14 19:00:00,2.5177,2.4611,2.498,-0.07552987097349793,-1.6124994047596155,-0.004696142156106031,0.6519433477131924,0.06791146885971598,0.5444596201833201,0.23094123139625838,0.1354752218167585
2025-10-14 23:00:00,2.526,2.4848,2.5114,-0.40779447325551627,-0.9186248549224326,0.007325524280124895,0.645630911254639,-0.3524685871888043,0.47410827731341454,0.2518788960392118,0.134467375646391
2025-10-15 03:00:00,2.5134,2.4794,2.5026,-0.34939415717646016,-0.910803167509677,-0.004443184571182535,0.6823527404844951,-0.2546455315355785,0.5384565457751911,0.23908644627477704,0.1293635068423656
2025-10-15 07:00:00,2.5475,2.4926,2.4972,-0.0010687944630180801,0.026234497843516558,0.008278199210855597,0.08378869147746862,0.02806877783708978,0.6111661599944181,0.26281445475778964,0.111209140928004
2025-10-15 11:00:00,2.5118,2.4531,2.465,0.123440642100065,0.02698400235064502,-0.011779412475603213,0.202725689484547,0.3898545651695891,0.554777267992458,0.2287713295325322,0.10435095220429069
2025-10-15 15:00:00,2.476,2.4124,2.4412,0.15659642680891356,-1.5242404778249279,-0.019034135697769683,0.4528301174795396,0.5897422798139812,0.5077911892851638,0.17440965186092974,0.09780475260773598
2025-10-15 19:00:00,2.4414,2.3754,2.4043,-0.05109744220534527,-1.508190949250801,-0.014352782940820985,0.4378787215335304,0.13863982786850138,0.5144402100043985,0.13419820479809585,0.10430826057761954
2025-10-15 23:00:00,2.4354,2.3988,2.4272,-0.28992397719609386,-1.8505977426947482,0.005169107566000308,0.7759560721431499,-0.11818263845408082,0.5336095629698674,0.1484723678963345,0.10848160394555115
2025-10-16 03:00:00,2.4333,2.3973,2.4278,-0.22134069030253647,-1.8272432059246941,0.0005306127532764826,0.8472219868827798,-0.3269528506150604,0.5008378230174666,0.14994519545498838,0.11248274803497885
2025-10-16 07:00:00,2.4528,2.3533,2.4495,0.12626097549161544,-0.9146069581687672,-0.0062823271548071435,0.9668340736850192,0.2348765961753573,0.5470720743266627,0.13249801923390017,0.11155251849220715
2025-10-16 11:00:00,2.4665,2.3885,2.4054,0.10118993729427186,-0.9067518698423354,0.009733755876774497,0.21666663888889465,0.6071797461633812,0.4869446535226769,0.15936062029626824,0.11140316825969897
2025-10-16 15:00:00,2.4182,2.3321,2.3516,0.4807946773536861,-0.44272962314995107,-0.023675806892684448,0.22648080993254052,1.8435006016041533,0.47528871196700906,0.09338563885316052,0.11705128760643156
2025-10-16 19:00:00,2.3576,2.2833,2.3007,0.29579727936559164,-0.43794887460660864,-0.02306503389543657,0.23418570199384703,1.1866006983473403,0.4731599278914451,0.030634352058741883,0.13378703983830073
2025-10-16 23:00:00,2.4,2.2974,2.3577,-0.014253709024651109,-0.35499958974843293,0.01717738718509554,0.5877192409630362,0.35521863128264247,0.5383925993913692,0.07628966224481633,0.12322836582726579
2025-10-17 03:00:00,2.3678,2.2743,2.2935,0.020253851640640943,-0.3505721559431147,-0.010890551281580785,0.20534757162057765,0.16900354472245324,0.5041367415738597,0.04684675071219645,0.12459765125829197
2025-10-17 07:00:00,2.2987,2.1901,2.2266,1.3870218572410598,0.0734936709548287,-0.03838639581792236,0.33609573332451576,2.885468829784152,0.5111873967519632,0.0,0.1411819395478898
2025-10-17 11:00:00,2.3049,2.2253,2.2607,0.3555123048991305,0.07240079510102879,0.01650603783214133,0.4447235622206586,1.7665629987371376,0.49989768059758705,0.040200948589778795,0.15124493852307194
2025-10-17 15:00:00,2.3277,2.2585,2.3044,-0.10371276334153191,-0.08640787519230915,0.00873331147009404,0.6632947018360208,0.7618457550557691,0.5172423022586622,0.06182227716381218,0.1533399713616204
2025-10-17 19:00:00,2.3416,2.2914,2.3176,-0.4125099618217725,-0.08294611155752868,0.010012984760687793,0.5219122466310284,-0.2787350234226658,0.5079993129728272,0.08682822640672798,0.1548842132117131
2025-10-17 23:00:00,2.3416,2.2894,2.3227,-0.43331884974080687,-1.089076432225482,-0.0005606364800778696,0.6379309122737733,-0.4194264438316047,0.5306340105917802,0.08541410042799238,0.15089630742831123
2025-10-18 03:00:00,2.3524,2.3155,2.3506,-0.5249915200762805,-1.079419645468471,0.007850047451242181,0.9512192544121312,-0.6024055966279773,0.4708632073855528,0.10520363041478582,0.14299410287699477
2025-10-18 07:00:00,2.3758,2.347,2.3606,-0.3403687726015928,-1.364509035212998,0.01094002575656039,0.47222205825622504,-0.3080220250165302,0.5198898966644809,0.1329993206244389,0.13262954475272332
2025-10-18 11:00:00,2.3915,2.3522,2.3612,-0.3896872085656341,-1.3511975029655083,0.003793336965470795,0.22900757531614532,-0.32317008408898207,0.4775727021594271,0.1427426174453258,0.12218626838033556
2025-10-18 15:00:00,2.3715,2.3332,2.362,-0.4674699267239374,-2.4902929255159734,-0.007507643604576786,0.7519580282093904,-0.4063468628666987,0.4795240467830595,0.12338586630568293,0.11043934575561626
2025-10-18 19:00:00,2.3746,2.3506,2.3615,-0.5622683143776762,-2.4453466193964832,0.0049219287839534775,0.4541664774306302,-0.6957848714397942,0.40292725727101125,0.13598066744744203,0.10218359593681373
2025-10-18 23:00:00,2.363,2.336,2.343,-0.5786260189254674,-1.2317403085737817,-0.005452551151929996,0.25925916323735,-0.6743472708543174,0.4521622243413519,0.12195937456744134,0.09693012613120074
2025-10-19 03:00:00,2.3697,2.3372,2.3497,-0.5685872701618655,-1.2205009351297065,0.0019326411452820214,0.3846152662722205,-0.6204307996969753,0.5106934038826094,0.12690208355861182,0.09412763004130621
2025-10-19 07:00:00,2.3927,2.3177,2.3854,-0.13291615798538622,-1.8916712757662166,0.0015748452474348973,0.9026665463111293,0.20014478522041035,0.4972827544329267,0.1309375173820727,0.08858035253210682
2025-10-19 11:00:00,2.415,2.3622,2.4128,-0.25679754495379004,-1.8674633809218268,0.014149181625013663,0.9583331518308386,-0.15325182681182253,0.49881528699296135,0.16725093093591498,0.08566908337536454
2025-10-19 15:00:00,2.4195,2.3882,2.409,-0.30995783101514224,-1.5496543640628504,0.004869761999968025,0.6645365289020582,-0.38185280352975437,0.44990152419596946,0.17992585409677408,0.07966685332473508
2025-10-19 19:00:00,2.4096,2.3868,2.4023,-0.5014167023872191,-1.5331905578839216,-0.000984283803560304,0.6798242632349609,-0.5950916930096046,0.4377141971957783,0.17735150336391411,0.0795366855421168
2025-10-19 23:00:00,2.4026,2.3547,2.3862,-0.38724793420674125,-1.7906818679824112,-0.009383042543989473,0.6576199044634881,-0.21010246740379718,0.5051368353846719,0.15283472603975884,0.08174021978301789
2025-10-20 03:00:00,2.4728,2.3814,2.4686,-0.18945311332096482,-1.7703589588992374,0.026612512506555053,0.9540480356621406,-0.09450329575728432,0.5407447414863987,0.2217176118912794,0.08922861000337533
2025-10-20 07:00:00,2.48,2.4566,2.4659,-0.25371837113148726,0.22007528346794056,0.010656252813016742,0.3974357275915716,-0.38432084835221647,0.5301687892785113,0.2500339131125027,0.09846885501606147
2025-10-20 11:00:00,2.4719,2.4468,2.4705,-0.2713100517864022,0.22296128141218358,-0.004573890375584977,0.9442227313853546,-0.3600235177562349,0.5205634767189828,0.237750438657115,0.10322053679175501
2025-10-20 15:00:00,2.4852,2.4269,2.4749,-0.13155280178128503,0.6750913084161857,-0.00010915069611383554,0.823327474557895,0.0945886216722657,0.49298853737749604,0.23817758984413528,0.0956409607180334
2025-10-20 19:00:00,2.5529,2.4698,2.498,0.040421148427886175,0.6759604508031946,0.023541563997165005,0.33935013966905686,0.4943966743294599,0.48689413089082284,0.31156427981938095,0.09302985740840389
2025-10-20 23:00:00,2.4983,2.4496,2.4507,-0.43989537322544414,0.08317245167492662,-0.016110893624498357,0.022587264355790945,-0.412048031370271,0.462477052464278,0.2658458127860234,0.09119688845131717
2025-10-21 03:00:00,2.4625,2.4117,2.4314,-0.12042918855939483,0.08654368760916585,-0.01653525580285553,0.38779519925291217,-0.030767737385235656,0.5846310533667118,0.21967908435870823,0.0872142483571207
2025-10-21 07:00:00,2.4353,2.4011,2.417,-0.31234982147005763,-0.11363282260466538,-0.007137325038385045,0.4649121447625279,-0.5032972475317581,0.5857139235936258,0.20008105279784205,0.08199015674329936
2025-10-21 11:00:00,2.4885,2.4077,2.4866,-0.10366377667132899,-0.10962886463942581,0.008643369067294238,0.976485027662744,0.1432822915203149,0.538725678234261,0.22364506394027842,0.08133661662077234
2025-10-21 15:00:00,2.5323,2.4726,2.4847,0.2374514862164737,-1.3752157103979055,0.02758630706386156,0.20268003305192342,0.9387936493047606,0.4879820109980715,0.2995023613130078,0.08236681290099171
2025-10-21 19:00:00,2.5014,2.4309,2.4419,-0.2778318962679547,-1.3617728287197415,-0.013839698959397961,0.15602834666264756,0.06918890517228252,0.4396795125378676,0.26039587905731526,0.0808286991772203
2025-10-21 23:00:00,2.448,2.4042,2.4236,-0.35047161400059534,0.820910522664806,-0.018483306436406388,0.44292227330541833,-0.1453781996338575,0.5668336316452548,0.20889089139298522,0.07768218549166582
2025-10-22 03:00:00,2.4375,2.3913,2.4034,-0.18009957635941515,0.8179350198735362,-0.0049097277421649155,0.2619047052154281,-0.39979832598686416,0.4935936279710996,0.19546247733155334,0.07459793638959919
2025-10-22 07:00:00,2.4125,2.3768,2.3824,-0.2680436824190279,-1.2593541334688165,-0.007790195433107883,0.15686270115891357,-0.42921852229628593,0.493905542172847,0.1742604130032275,0.06972642294020778
2025-10-22 11:00:00,2.4138,2.3639,2.4104,-0.011786330014115696,-1.253539308084207,0.0002292806486965393,0.9318635407087079,0.5230851328097701,0.5007129425316582,0.17487956989429884,0.061678850041044786
2025-10-22 15:00:00,2.4168,2.3672,2.3777,-0.30709680832681063,-1.1607210420473102,-0.0007711626805327887,0.21169350570695414,0.2641428070579946,0.47451608860682454,0.17279661974001032,0.06350165125441466
2025-10-22 19:00:00,2.3962,2.3255,2.3367,-0.08686142907759642,-1.1522269121735582,-0.015101902183650262,0.1584158191773962,0.3501126302266926,0.4647869658609113,0.13203705993403386,0.07444778858588336
2025-10-22 23:00:00,2.3768,2.336,2.3761,-0.4839335683169984,0.358905139379782,0.0052948704332873575,0.9828428963620425,-0.5295276096816823,0.5469485262829242,0.14611193239067344,0.07569948344412171
2025-10-23 03:00:00,2.4193,2.3751,2.4168,-0.35916805685906766,0.35651912514713113,0.01230429125958632,0.9434387005794801,-0.6908528699838155,0.5451333205816717,0.1789924919900379,0.07385332395644473
2025-10-23 07:00:00,2.4178,2.402,2.4103,-0.41034199399387916,-0.13176898381688099,0.006159566527580207,0.5253161232176266,-0.7168184834411196,0.5225821834521578,0.1956551325298163,0.07250180444928199
2025-10-23 11:00:00,2.4106,2.3747,2.4025,-0.3236535252263044,-0.12997796305361162,-0.007779345247235225,0.7743730433501228,-0.18586308605403185,0.3923267575087053,0.17448109970994052,0.07196109104494
2025-10-23 15:00:00,2.4259,2.3925,2.4026,-0.3130540640187744,0.05560077844817247,0.006925447826314768,0.30239511904337857,-0.25587347011148437,0.3997079063831897,0.1931843317177666,0.07095559427674038
2025-10-23 19:00:00,2.41,2.378,2.3962,-0.46324472849090936,0.05672903607910786,-0.006267087900718726,0.5687498222656728,-0.561076251586868,0.3559661305291481,0.1761418866722341,0.06954999471231615
2025-10-23 23:00:00,2.4066,2.3863,2.404,-0.5407104679437089,-0.21761663203730086,0.0005038653514561897,0.8719207527483911,-0.5933104886911865,0.4035144378882721,0.1775034889989421,0.066272571433932
2025-10-24 03:00:00,2.4495,2.3999,2.4454,-0.34085396252786665,-0.216496349599526,0.014515984261989301,0.9173385247301316,-0.4907357913277124,0.5181616135251951,0.21674999957179714,0.05851840676921011
2025-10-24 07:00:00,2.4641,2.4288,2.4485,-0.4214709420219135,-0.20875572671776005,0.007529950840718946,0.5580734962964624,-0.5653338544184396,0.41518254283654027,0.23740406724585783,0.05826089894728104
2025-10-24 11:00:00,2.5146,2.4339,2.4748,0.12217519296238508,-0.2068912231766591,0.014609458080495186,0.5068153027490337,0.5307127733693914,0.4369077084653219,0.277778415675796,0.061362879976725904
2025-10-24 15:00:00,2.5,2.46,2.4913,-0.25541495378908935,0.17167107981245264,-0.0011732308399928781,0.7824998043750453,-0.3042320935862128,0.45913306753999295,0.27448873459653916,0.06652552110548682
2025-10-24 19:00:00,2.516,2.4907,2.5109,-0.28030190484131107,0.17185806919220065,0.010050517465425735,0.7984186567515157,-0.3541297426354237,0.49943345602237593,0.3026368240339447,0.0697059654052653
2025-10-24 23:00:00,2.5609,2.5021,2.5466,-0.33249090363367256,0.7482490851623829,0.010841243507536902,0.7568025923805126,-0.17551662728027778,0.4983463616810237,0.3333046291261979,0.07876599310385406
2025-10-25 03:00:00,2.5712,2.5322,2.5379,-0.4145363416760752,0.7422329938831032,0.0076638252814977825,0.14615380867851102,-0.32204861650889066,0.46166842888599824,0.3552191582631696,0.08839098638660074
2025-10-25 07:00:00,2.5619,2.5283,2.5512,-0.4663547142630012,0.28760595505101144,-0.0038218068079984846,0.6815474162061267,-0.4793468620141182,0.52502344572732,0.34420703799041,0.09759502908092486
2025-10-25 11:00:00,2.6203,2.5492,2.6131,-0.23784337864515454,0.29047572880770556,0.017206654963230372,0.8987340508109682,0.048532714306861985,0.5469817946942768,0.3935966593848504,0.11193731164305999
2025-10-25 15:00:00,2.645,2.5879,2.6418,-0.33814422205363487,0.3357138248874091,0.008067177843658957,0.9439578031597528,-0.3632245958593412,0.5537543413806781,0.4171509522696315,0.12626489920624223
2025-10-25 19:00:00,2.6542,2.5891,2.6007,-0.341087755012108,0.3384535648583463,0.003822002708311789,0.1781873766225176,-0.29976597552726403,0.45959108566637685,0.43261017522420275,0.1356320157443967
2025-10-25 23:00:00,2.6286,2.5912,2.5969,-0.4613051473513044,0.8499343050654096,-0.0027223248110291864,0.15240637636193297,-0.3836504689338097,0.5150580075487889,0.43558292606246324,0.13833930301512556
2025-10-26 03:00:00,2.6271,2.5949,2.6265,-0.5703584643210102,0.8499343050654097,0.0005442263300146077,0.9813661548552334,-0.656707883541576,0.48106332263732915,0.4461483884387232,0.13525616392459217
2025-10-26 07:00:00,2.6624,2.6178,2.6301,-0.34592904978769207,0.3799946953658617,0.010649569815117221,0.2757846915281007,-0.29280111783481694,0.5060872879054489,0.48588865535079667,0.13553837272354827
2025-10-26 11:00:00,2.6568,2.6189,2.6381,-0.2909457578900842,0.3826087569803075,0.0007612045992995142,0.5065961724020676,-0.022757922723840026,0.4826198127297145,0.4883194344061118,0.137973223500105
2025-10-26 15:00:00,2.6472,2.6197,2.6198,-0.46136517776620883,-0.47403683699585275,-0.004363518147263323,0.0036363623140577015,-0.5998574178507757,0.46912190990520575,0.4743746652397409,0.13732593469367316
2025-10-26 19:00:00,2.662,2.5975,2.6523,-0.22222722552543647,-0.471255106779115,-0.0010128462867667887,0.8496122713779414,-0.12799720544758797,0.5271954749388035,0.4711519726169612,0.1339148714209532
2025-10-26 23:00:00,2.6699,2.6369,2.6456,-0.3034285443552867,0.8530837738973933,0.011085878918465575,0.2636362837465824,-0.10734210748620901,0.47691210809068457,0.5063894961606027,0.12905537641618534
2025-10-27 03:00:00,2.6749,2.6222,2.6513,-0.2747940232076564,0.8455413685113945,-0.004283920499266292,0.552182058409477,-0.27492770202762773,0.4831996267515525,0.49262169149223795,0.11987666933530797
2025-10-27 07:00:00,2.6595,2.6051,2.6241,-0.306806080657959,0.17222233031274373,-0.007371251397115031,0.3492646416792894,-0.03720242720886745,0.41181647305866864,0.46903320714123553,0.10751128982182255
2025-10-27 11:00:00,2.6433,2.6013,2.6272,-0.34525921660298553,0.1708776975190672,-0.0005422652101032543,0.6166665198413083,-0.04394534585606792,0.4485029569262992,0.46731071438099686,0.09751402743793594
2025-10-27 15:00:00,2.6975,2.6268,2.6891,-0.07461635370623046,0.8358892105024699,0.019417181543376794,0.8811879941742589,0.3564108619810571,0.48410380330233144,0.5289554915717122,0.08803957799745754
2025-10-27 19:00:00,2.6901,2.6236,2.64,-0.2768401712903202,0.8290117689598874,-0.008526649987464108,0.2466165042681944,-0.03664310975476695,0.46920399881712094,0.5013598509173077,0.0789793841076766
2025-10-27 23:00:00,2.652,2.6084,2.6275,-0.4323717767170342,0.25729841900404565,-0.0061656454475779165,0.43807329401988343,-0.25363252625636495,0.4963013374378583,0.48157550769881685,0.06790906538854545
2025-10-28 03:00:00,2.6495,2.6123,2.6482,-0.3553446192333142,0.2533939488666351,-0.002096183693463982,0.9650535040178734,-0.23867399166397815,0.5499360994033202,0.47489073824516986,0.05749818392555442
2025-10-28 07:00:00,2.6684,2.6354,2.6585,-0.40978937604990623,0.5197232399086273,0.009084012771474859,0.6999997878788508,-0.4338189337583151,0.4518148247494476,0.5037991022918766,0.05224837736745388
2025-10-28 11:00:00,2.6887,2.6035,2.6314,-0.07295810724712108,0.5139292854627833,-0.0013801692483297323,0.3274647502975678,0.1527628635702989,0.48040021003873334,0.4993670441273383,0.04234348801577852
2025-10-28 15:00:00,2.6748,2.6242,2.672,-0.26243019433418224,-0.7733306740166478,-0.00048075286128723693,0.9446638449280997,-0.18669775071330058,0.48172203964572863,0.4978253608258608,0.03330783511704713
2025-10-28 19:00:00,2.6798,2.5675,2.6111,0.1893188041539081,-0.7680497142681034,-0.015298745349283771,0.38824573568604287,0.657711037004933,0.46145066651563504,0.44878877012338886,0.034262227486407185
2025-10-28 23:00:00,2.6278,2.6001,2.6149,-0.4328822194581395,-0.5375298567387492,0.0018838529592253295,0.5342958359942829,-0.4295584266445922,0.46754178730377,0.45473464745611264,0.034939435304893386
2025-10-29 03:00:00,2.6345,2.5993,2.6304,-0.5401476345800666,-0.5344598953194126,0.0009828642855720382,0.8835224762720181,-0.6717612397802155,0.4871072923610196,0.45784263933350855,0.0325349297666055
2025-10-29 07:00:00,2.6605,2.6212,2.6415,-0.38886191666195774,-0.24103293327290962,0.009482281766411305,0.5165393087686304,-0.4170518944986778,0.43908917438598766,0.48785677352556867,0.02913259485835472
2025-10-29 11:00:00,2.664,2.6216,2.6408,-0.5879669705503545,-0.24142983758354056,0.0011045873483981339,0.45283008187969787,-0.2245977536823868,0.4752437735256976,0.49138626168274013,0.028801323067928698
2025-10-29 15:00:00,2.6604,2.5471,2.6085,1.5104098630472464,0.2524205329871667,-0.012804907499171625,0.5419240474912562,1.0544912273629747,0.45314851972619186,0.4504255436299019,0.030924763667973327
2025-10-29 19:00:00,2.6323,2.5568,2.5939,0.012146897974790438,0.24908469012793144,-0.006537849015383124,0.4913906633919676,0.30118801348119306,0.4894461845628871,0.4297798732000219,0.03471489102308609
2025-10-29 23:00:00,2.5943,2.5285,2.5848,-0.1808621394323907,-0.21459011100770975,-0.012326371270704795,0.8556229702700641,0.020534155471365126,0.45093009472004636,0.39110929425091356,0.03881763099748832
2025-10-30 03:00:00,2.5853,2.4871,2.5672,0.31153426347620516,-0.21948687419380236,-0.011162610135212025,0.8156821979957034,0.7559495866264797,0.4698083506369867,0.35652135842878974,0.04497655254037973
2025-10-30 07:00:00,2.5944,2.5475,2.5505,-0.8332945739882163,-0.009078435062542094,0.01631645855588526,0.06396587122263124,-0.4896058013099023,0.42495778861569905,0.40651441259125215,0.052796359193831195
2025-10-30 11:00:00,2.5582,2.4565,2.4732,0.9755917923273698,-0.009303976444984458,-0.0303087237082329,0.16420844009749624,0.8848527866858892,0.4671835684655303,0.3121343253040825,0.0765173533668008
2025-10-30 15:00:00,2.4801,2.4166,2.4232,-0.020908180084381747,-0.38240236677374706,-0.01940716476378901,0.10393699150598759,0.33199947129356494,0.4705260814241274,0.25353288267594354,0.10570597389664053
2025-10-30 19:00:00,2.4376,2.3769,2.4371,0.5376082759719356,-0.3817611255063622,-0.014494710058907012,0.9917626043224677,0.4830485980177269,0.4969830750180773,0.21061438982079664,0.12169160141379219
2025-10-30 23:00:00,2.4821,2.4237,2.4609,-0.028494772319748705,-1.6357466463121917,0.017895689646019397,0.6369861922968855,-0.23364955416164887,0.4230056610485065,0.26283504657740203,0.1247797522400536
2025-10-31 03:00:00,2.4932,2.4525,2.4812,-0.7253212312351601,-1.622581708262984,0.010007245177825475,0.7051595319018327,-0.5009805902605708,0.48382481215652823,0.2925593513398286,0.1274271941481641
2025-10-31 07:00:00,2.5069,2.4665,2.4986,-0.8326647468015781,-0.4114842569048035,0.002784560341103637,0.7945542587737043,-0.569827777832131,0.5060253135633026,0.30091304005254726,0.1281193635267341
2025-10-31 11:00:00,2.5298,2.4863,2.5084,0.14169934156680974,-0.40694020664845176,0.008507872772247183,0.5080458602193442,-0.13937659032333818,0.4793862377478769,0.32650775398405063,0.1260848485483422
2025-10-31 15:00:00,2.5505,2.4841,2.5222,0.685071267755518,0.15580402476365374,0.005760389176075353,0.5737950943079699,0.3007718007603786,0.44348072487886697,0.34398449343040655,0.12109790169605601
2025-10-31 19:00:00,2.5546,2.5004,2.5076,-0.6831883642723939,0.1583180780211296,0.0007938945995797919,0.13284130390381962,-0.4896703622775443,0.5568370911010836,0.34640700556403003,0.1197431157820576
2025-10-31 23:00:00,2.5139,2.4893,2.5047,-1.1909575281935552,-0.6289364770187077,-0.008842317933831612,0.6260160056845548,-0.7579023350762014,0.4800708531513218,0.31940388926632707,0.11191163573936765
2025-11-01 03:00:00,2.5233,2.4981,2.5039,-1.3838003339935774,-0.6228309241717591,0.004198923578540015,0.23015863882593024,-0.8457187667406671,0.5608571222320737,0.3321133897602946,0.10972001925408795
2025-11-01 07:00:00,2.515,2.5002,2.508,-1.2289910635660308,-0.9086399502141628,-0.0020811262507722805,0.5270266709279218,-0.8112000898248393,0.485857556462518,0.3257876883133832,0.10602896302162168
2025-11-01 11:00:00,2.512,2.476,2.4843,-0.819524717759319,-0.9006064290095692,-0.005486304196153369,0.2305554915123687,-0.7089129154397021,0.5062846596324136,0.30914645981023153,0.10156037585373488
2025-11-01 15:00:00,2.5144,2.4825,2.5061,-1.0789247443378613,-0.6029000270463484,0.003717796695447584,0.739811680309814,-0.6708915741421488,0.4472893969952367,0.32036152766012044,0.0907851779232336
2025-11-01 19:00:00,2.5129,2.4902,2.5028,-1.3854601443416885,-0.6005939479439593,8.530842162279839e-05,0.555065834772759,-0.8833658439493043,0.42141429669408687,0.3206198249203426,0.07841519570192369
2025-11-01 23:00:00,2.5129,2.4946,2.5108,-1.2814980101928033,0.3892290860947824,0.0001311999077318049,0.885245417898679,-0.8253967692587081,0.38707377473345916,0.3210171065373836,0.06917725616112096
2025-11-02 03:00:00,2.5279,2.5048,2.5229,-1.121522792989446,0.3882447451565118,0.005689687091304574,0.7835494443508935,-0.7788522320009345,0.4755011474012017,0.33824809924544513,0.06107986892359848
2025-11-02 07:00:00,2.5392,2.5097,2.5158,-0.9761167920484962,0.8364717594793138,0.0033574199594061938,0.2067795909221718,-0.6952496562022684,0.4529781801372729,0.34847376470912983,0.053387519075693265
2025-11-02 11:00:00,2.5549,2.5018,2.5166,-0.534677255132091,0.83001407104433,0.002906820195932802,0.27871934487394834,-0.44182348408607214,0.5284202741234643,0.35735676646997555,0.04754421127694228
2025-11-02 15:00:00,2.5195,2.4833,2.4946,-0.9903752260344648,0.22155988036764923,-0.013018618891118883,0.3121546099020499,-0.5899628121596852,0.4634270846888731,0.3174573009937213,0.04349603532586877
2025-11-02 19:00:00,2.5172,2.478,2.4987,-1.0575018870683148,0.2210875996604131,-0.0026377821736850438,0.5280610897803314,-0.7189168079552691,0.4644270651850529,0.30947827182081966,0.042719376339889155
2025-11-02 23:00:00,2.5322,2.4543,2.462,-0.36571283003338223,-0.4838491903939817,-0.0006624647576710663,0.09884465996859634,-0.16179459871057972,0.4531297123937354,0.30747966752989064,0.036053535538734416
2025-11-03 03:00:00,2.466,2.3877,2.4083,0.3929144670685045,-0.47971590795516356,-0.026079264984394834,0.263090643283442,0.11915186742212922,0.45845803976594496,0.22885268968070194,0.04446166932129135
2025-11-03 07:00:00,2.4285,2.3817,2.388,-0.034531892511930035,-1.1674753299023164,-0.008183041824598725,0.1346153558514186,-0.18427288278931336,0.5384909418613235,0.20482485588675542,0.05924645074676484
2025-11-03 11:00:00,2.4279,2.3877,2.427,-0.0472671391555029,-1.1568620547977286,0.0009831502308634832,0.9776116971115151,-0.2390226938598592,0.43675603372779614,0.20768805310480082,0.06299879756740089
2025-11-03 15:00:00,2.4301,2.2925,2.3475,3.2909226300105106,-1.1096117372477798,-0.022848067473106304,0.39970927327694367,1.4122769659885193,0.47184561611827414,0.14108293274042463,0.08449500594771897
2025-11-03 19:00:00,2.3523,2.2631,2.3008,1.2724289752882199,-1.0996475784814017,-0.022580439090657545,0.42264569252851086,1.0133461936051267,0.5273875553356016,0.0767619571576862,0.11046367905267034
2025-11-03 23:00:00,2.3526,2.2849,2.3393,0.4196084584499778,-0.3089162653059786,0.011721811582324992,0.8035449330066617,0.2979380414292128,0.6023675905923797,0.109397887879229,0.11767610313213955
2025-11-04 03:00:00,2.3655,2.245,2.2737,1.8623927662454174,-0.304869404110662,-0.01216891246524987,0.23817425409342097,1.0728015908311477,0.5336436847647583,0.07511999269556689,0.14030879224035528
2025-11-04 07:00:00,2.2819,2.2296,2.2663,2.2777686870758607,0.8002999976508244,-0.018699314118009625,0.7017207071279781,1.1267127724480295,0.46636085459670273,0.02308796557333469,0.15637599427651502
2025-11-04 11:00:00,2.313,2.2422,2.3042,1.2409729788324195,0.7957161332429179,0.00724685332767816,0.8757060910019598,0.4595581671716226,0.5070858991949694,0.042875725959493766,0.1598285118789227
2025-11-04 15:00:00,2.3273,2.1549,2.2114,4.4406912240954375,-0.8315043854999087,-0.018581679867080036,0.327726199087806,2.676009649238448,0.4774003038141158,0.0,0.18450972037939578
2025-11-04 19:00:00,2.225,2.0665,2.2186,5.0,-0.8246147940473969,-0.03737865156705367,0.9596213905601635,3.4198933616551823,0.48807589502057275,0.0,0.1972587030506424
2025-11-04 23:00:00,2.2293,2.1015,2.2263,2.0519980501207566,-0.9480060699299883,0.0138368948946197,0.9765257451857815,1.574448116763052,0.4660792472719032,0.03241542752868378,0.20313556524671417
2025-11-05 03:00:00,2.2606,2.2153,2.2514,0.7440482487263814,-0.9398366176620636,0.029629369563109798,0.7969093163555527,0.14867816195356046,0.5156558618045638,0.10278803039017216,0.2015755579214984
2025-11-05 07:00:00,2.2529,2.2047,2.2111,0.16591926884392771,0.67879817141857,-0.005087117633553517,0.13278005543982627,-0.09674803964786584,0.5038311711063825,0.09034764295452495,0.2066950092231839
2025-11-05 11:00:00,2.2879,2.2109,2.2612,0.9137349436025507,0.6803959334302119,0.012202003162361308,0.6532466684095242,0.35397834392071714,0.49500518702818275,0.12003546329284649,0.19353821024140438
2025-11-05 15:00:00,2.3096,2.2504,2.3046,0.8483797837415441,-1.764427983934775,0.007853260653271521,0.9155403858884503,0.3306946993538815,0.4765387484529787,0.13937581575533037,0.177244595063633
2025-11-05 19:00:00,2.3766,2.293,2.3529,1.0459341211052207,-1.743728080382363,0.028823838276500924,0.7165070913269039,0.5242773569432375,0.4932320852053503,0.21091821325658514,0.15810286690638
2025-11-05 23:00:00,2.416,2.3093,2.3865,0.5318052190144772,-0.7509748554291003,0.005544894196531702,0.7235238309724613,0.42323045675859855,0.4714841682304282,0.22507764941609057,0.14350615314131543
2025-11-06 03:00:00,2.3905,2.3182,2.3191,0.018429418615461372,-0.7441423648960559,-0.0010933129971842925,0.01244813105835152,-0.08484366325006008,0.5035262462766176,0.22227028576705304,0.12910423815615407
2025-11-06 07:00:00,2.3336,2.296,2.3062,-0.10380108167131347,-0.64386367578234,-0.015772059463997623,0.27127652359667265,-0.18726403984205295,0.4672178329279017,0.18181572525873946,0.11469691748957402
2025-11-06 11:00:00,2.3104,2.2565,2.2588,0.4357500785242446,-0.6374625435706687,-0.010586097480699386,0.04267160618337485,0.10167189881553682,0.5010790569184596,0.1550911593142015,0.11013983955607651
2025-11-06 15:00:00,2.2713,2.2096,2.2312,1.6140013174710641,-0.5344379820488666,-0.023627965452087785,0.3500809805379255,0.8314975494369005,0.4770602279376886,0.09607389055927786,0.10768440648046004
2025-11-06 19:00:00,2.2325,2.1796,2.2192,0.46034342952283885,-0.5285192674736094,-0.012504252079084899,0.748582089114914,0.1441145666176689,0.557914184909757,0.06557908757652112,0.09483424488833696
2025-11-06 23:00:00,2.2277,2.192,2.2223,-0.18762391112925347,-1.8411831866273682,0.0019635009497747102,0.8487392580562337,0.09884412109013693,0.5262091909797264,0.070307708086024,0.09276258495840647
2025-11-07 03:00:00,2.2397,2.2116,2.2223,-0.4162423064288191,-1.8183763617612196,0.007664851591443256,0.3807827826395893,-0.34852269516755074,0.47256307185912794,0.08880290663059041,0.09415790604972765
2025-11-07 07:00:00,2.2345,2.1771,2.185,-0.3654114496596102,-1.317613949970551,-0.008854962584582848,0.13763063804344622,-0.31140473428183935,0.4679667843254905,0.06727220968576979,0.0967049086731506
2025-11-07 11:00:00,2.215,2.1536,2.2055,0.8087433819161115,-1.3051669975177462,-0.013252417805638905,0.8452767352969474,0.6788774296858994,0.4874791635965344,0.035334505962055625,0.09827713247552429
2025-11-07 15:00:00,2.3499,2.1886,2.3365,2.4122336126498802,-0.15033307025278098,0.04368733929812052,0.916924927654996,1.4718447423260863,0.5192305682423974,0.139223665997727,0.09748435461015356
2025-11-07 19:00:00,2.3729,2.324,2.3299,0.3214537131317169,-0.14569624792311353,0.031136066961506614,0.12065437205432057,0.21267767098180726,0.5315754530487816,0.21650040857973066,0.09996605643250767
2025-11-07 23:00:00,2.3329,2.2991,2.3169,0.17165156845787502,1.0088145430540962,-0.012458009773228418,0.526627063128085,0.1210674145067806,0.5295362431691033,0.18461810449724964,0.10028176721509685
2025-11-08 03:00:00,2.3381,2.2945,2.3231,-0.29843157978508394,1.0081024859835463,0.0013909755583889627,0.6559631523020337,-0.30113387149212273,0.38281390792177905,0.18813351545464382,0.1000080163916224
2025-11-08 07:00:00,2.3337,2.2994,2.3132,-0.8512237956893033,1.0081024859835463,-0.0006400221873398282,0.4023322442180121,-0.537752959042888,0.4386567509250577,0.18651373816257372,0.09962631928101744
2025-11-08 11:00:00,2.3183,2.2627,2.2763,-0.4765895769782058,1.0081024859835463,-0.013660311840770212,0.24460427255318695,-0.2659992110069712,0.4953412870464444,0.1519641525318291,0.1006553362283737
2025-11-08 15:00:00,2.2792,2.2424,2.278,-0.582850733903854,0.06325003538567534,-0.010377372724058587,0.9673910414698292,-0.3957866752653005,0.49913054911933713,0.12607629239962434,0.09659248086337932
2025-11-08 19:00:00,2.2896,2.254,2.2873,-0.8900535552124209,0.06368522066396005,0.006597277764522458,0.9353929956761258,-0.7529377510098973,0.48712879776055834,0.14236336844600844,0.09581302863770363
2025-11-08 23:00:00,2.2874,2.2552,2.2588,-0.9326461323745777,-0.7752496051235533,-0.0005851483499725862,0.11180120751515439,-0.6821152109652467,0.4496798231911778,0.14090924897121726,0.09709163869687587
2025-11-09 03:00:00,2.2873,2.2392,2.2797,-0.7576453116846801,-0.7692022853020839,-0.006992910989672918,0.8419956669447676,-0.5719965536542558,0.41615552760029784,0.12448612171570925,0.09156749966838154
2025-11-09 07:00:00,2.2989,2.2523,2.2668,-0.7475236151994845,-0.2734141429954898,0.007987888012632283,0.3111587315109996,-0.5239584806006718,0.4399316886477442,0.14433662386171422,0.08028649534587479
2025-11-09 11:00:00,2.3284,2.2657,2.2913,-0.08737356375423744,-0.26820717889194956,0.005607841990368234,0.4082933958064807,-0.026492523376602385,0.49305323607508306,0.15838385121824566,0.07749057532117869
2025-11-09 15:00:00,2.3337,2.2887,2.3278,-0.4575861695432113,-1.5492607400011453,0.009978662857496934,0.8688886958025115,-0.36533371340417803,0.4848641937698777,0.1835198325109039,0.07827569880397024
2025-11-09 19:00:00,2.3546,2.323,2.3539,-0.49486629498589163,-1.5332839894214458,0.01074857208918556,0.9778477918203144,-0.4396445061621844,0.4301077336003775,0.21086537019878035,0.08325134678239199
2025-11-09 23:00:00,2.4283,2.3462,2.4239,0.8795729369511635,-0.4185903712430908,0.023380626375814728,0.9464067056751887,0.7032851470310644,0.4890610000883115,0.2756271429942155,0.0954144717160236
2025-11-10 03:00:00,2.4779,2.4239,2.4721,0.7377597510520838,-0.4156407635631627,0.026204184991614365,0.8925924272977018,0.25614920962894666,0.4618495000204438,0.34693827772593433,0.11170115031094723
2025-11-10 07:00:00,2.5518,2.4684,2.5404,0.7977903028540634,0.858468108950927,0.02183039635570183,0.8633092490036866,0.3770667029639671,0.5077465044710585,0.40710464998449014,0.13427721849545657
2025-11-10 11:00:00,2.5731,2.4985,2.5093,1.1127521801495106,0.8600944840913579,0.011866554472139246,0.14477209855602047,0.6521407192581941,0.4475417536977069,0.44052382003334306,0.14789319223865965
2025-11-10 15:00:00,2.5639,2.5,2.5385,0.6592166081708863,1.0595060136779417,-0.002217986169441466,0.602503818074521,0.5340389509280965,0.5072036686174254,0.4342032958403212,0.15362705932619117
2025-11-10 19:00:00,2.5808,2.5115,2.532,0.30910973564336724,1.0595060136779417,0.005287396904325892,0.2958152531291142,0.1635516069496484,0.4326007066266059,0.4492372024377762,0.15790619642350842
2025-11-10 23:00:00,2.57,2.5138,2.5373,0.05861627402574764,0.906269340871102,-0.004056715662761445,0.4181493917883695,0.18933211642827683,0.5329516381923158,0.4376415619474271,0.16870075296715728
2025-11-11 03:00:00,2.5479,2.4569,2.4734,0.3836648069304459,0.9075792442979548,-0.017188902463074474,0.18131866139355132,-0.060250326827200565,0.4758527051075485,0.3887084396395968,0.17591612401600137
2025-11-11 07:00:00,2.4804,2.44,2.4634,-0.3185560270323798,0.7341687293503673,-0.014774052769857882,0.5792077774238197,-0.23877792499965608,0.46534631734429344,0.34737281751833254,0.17737537200521286
2025-11-11 11:00:00,2.4706,2.4326,2.463,-0.1998313203563551,0.7366320427566048,-0.001427046720319347,0.7999997894737396,-0.0759092779097159,0.4721764236075741,0.343439138989456,0.17764785339945663
2025-11-11 15:00:00,2.463,2.4105,2.4248,-0.29014326760289333,-0.24130085831953146,-0.008230223436762496,0.2723809004988746,-0.008055994776377255,0.46722665334543506,0.32463747848093505,0.1779391224676394
2025-11-11 19:00:00,2.4321,2.3787,2.4031,-0.2752086918289423,-0.23600461325234098,-0.011449836561358895,0.45692875338412525,-0.0925193400490622,0.5067566892838248,0.2930048301126092,0.17289674723818121
2025-11-11 23:00:00,2.4146,2.3813,2.3936,-0.40763103841257214,-0.044364328028735564,-0.0027609605033328544,0.36936925844767493,-0.0978607703116635,0.550697810911427,0.285464416436821,0.16625020845518812
2025-11-12 03:00:00,2.4087,2.3885,2.3891,-0.5440597407501709,-0.03939202428473958,-0.0005138658167627153,0.029702955592592974,-0.7301637018403818,0.5992431416668795,0.2840648807440954,0.15952891256837112
2025-11-12 07:00:00,2.431,2.3645,2.4229,0.05902679548610289,-0.6483775953112773,0.0037592530480994313,0.8781953566623492,-0.42102099005639554,0.5572249829846673,0.29429810718551136,0.1447789002760163
2025-11-12 11:00:00,2.4491,2.3957,2.4125,0.17137478934926584,-0.6418481676851052,0.011265803396629748,0.31460668265792385,-0.22289819716772571,0.5162820241263931,0.32508052676554766,0.13405333585866575
2025-11-12 15:00:00,2.4248,2.3263,2.3436,0.8641499574129975,0.002888715629502849,-0.030896541547694945,0.17563449993558466,0.7083323259864582,0.49435795544029326,0.23970846383225067,0.1265391634330406
2025-11-12 19:00:00,2.3947,2.3166,2.3796,0.057104374277424645,0.006365189557969636,-0.0012277362946566672,0.8066580273165143,-0.18022432221166562,0.48845310277323806,0.23642084737838082,0.11330479044005139
2025-11-12 23:00:00,2.426,2.3681,2.4222,-0.250019448281984,-1.359597106006433,0.018810202495512574,0.93436944138697,-0.2381838504649553,0.5323775759800312,0.2912381761776218,0.10275853549040484
2025-11-13 03:00:00,2.5198,2.3892,2.5019,1.6599982669822848,-1.346598805908659,0.03130329091470685,0.8629402095757875,0.9613288852919518,0.4949307418802429,0.38926659461409197,0.09524589538316248
2025-11-13 07:00:00,2.5264,2.4726,2.5006,0.5550454925968165,0.545280833653395,0.011261597081977603,0.5204459999170981,0.0975933925867824,0.43322764786517126,0.4260573686402497,0.09615891423204358
2025-11-13 11:00:00,2.5183,2.4481,2.5029,1.0143423169748322,0.549256858279638,-0.00966049617887188,0.7806266694263987,0.48385142042199336,0.46789155431641755,0.40388144740563925,0.09737887974692766
2025-11-13 15:00:00,2.5029,2.3277,2.3412,2.4175032462362833,0.9919538424555758,-0.031230273547928955,0.07705479012244396,1.5200529077065619,0.4673883106086465,0.3171470641425452,0.10755308376152532
2025-11-13 19:00:00,2.3551,2.2757,2.3286,2.0828361028686415,0.9904095957307193,-0.03772556519643011,0.6662467674752136,1.152038387758626,0.5401752533781982,0.21649018882619633,0.1142619370008677
2025-11-13 23:00:00,2.3463,2.2896,2.3278,0.46585648905302024,-2.453894433993635,0.002999898881943297,0.6737212215659214,0.2501759262201242,0.5363574680851998,0.22567684571797977,0.11438496928472681
2025-11-14 03:00:00,2.3311,2.2454,2.3189,0.8252372574221349,-2.4115986014163227,-0.012557459406202232,0.8576428404150716,0.4733497896914534,0.49080438093001116,0.1871064981500554,0.1140650872346589
2025-11-14 07:00:00,2.3272,2.2743,2.2855,-0.11648049873003022,0.23936796011481282,0.0034580069069711783,0.21172018682037513,0.011786662234669261,0.49416282684900065,0.19759442040360625,0.11567062085970663
2025-11-14 11:00:00,2.3144,2.2263,2.3027,2.744370991459574,0.23707724402195085,-0.012729334695466554,0.8671962693307318,1.7913708024861619,0.4943460050622943,0.1588536269563006,0.11774719921164924
2025-11-14 15:00:00,2.3416,2.2831,2.2918,0.6949763355035409,0.2266055913819997,0.020180771772711825,0.1487179232960765,0.34954445186869154,0.5105018667920687,0.21949050171734935,0.1216336100674736
2025-11-14 19:00:00,2.3193,2.2521,2.2622,-0.3293049971532552,0.22687741302152092,-0.013861784158056167,0.1502975966819049,-0.12701270048827484,0.5199652063885908,0.1769996629097796,0.12852628708694125
2025-11-14 23:00:00,2.3013,2.2256,2.3007,-0.5047962826610484,-0.154596908471432,-0.008837803528045307,0.9920738451685814,-0.18400377790217837,0.5033860289132296,0.15028447062950312,0.12822460839920555
2025-11-15 03:00:00,2.3034,2.2731,2.2804,-0.6883474812623046,-0.15279172691932705,0.011217542229608801,0.24092401289637552,-0.6216482400313345,0.500478949907212,0.19486198900982,0.13341176507636102
2025-11-15 07:00:00,2.2889,2.2423,2.2652,-0.5310297538368288,-0.7033670537683537,-0.00865280723741213,0.4914162035587555,-0.5031837428209355,0.5016653763271681,0.17330121385399203,0.13936205992633713
2025-11-15 11:00:00,2.2791,2.2454,2.2606,-0.7695020700859102,-0.6964079528483168,-0.002134519138728308,0.45103844182835773,-0.425711497436105,0.5555920519189933,0.17017910447846812,0.14426274494667343
2025-11-15 15:00:00,2.2713,2.2289,2.2589,-0.6708659326977563,-1.6642016843241958,-0.004852445998629773,0.7075470029370299,-0.38500624555293883,0.5201712421861922,0.15381756219766407,0.1457872791154809
2025-11-15 19:00:00,2.2671,2.2111,2.2393,-0.6650454677748722,-1.64580768593999,-0.005674774839629082,0.5035713386479749,-0.5695227560968408,0.46784816239529703,0.13497624305482772,0.1498377302962363
2025-11-15 23:00:00,2.252,2.1893,2.2451,-0.24458444780381017,-1.0897074321235924,-0.008585615278852043,0.8899520111719296,-0.17959889775092777,0.5015817841115989,0.10628857497031094,0.15367617490409657
2025-11-16 03:00:00,2.2699,2.2386,2.2606,-0.9757620036543977,-1.0813799779363027,0.016108427776375223,0.702875174800274,-0.6956240725241901,0.4505889700271267,0.15965058667581605,0.1536124477486452
2025-11-16 07:00:00,2.28,2.2532,2.271,-0.7545269759755298,0.29260570553980303,0.004929242472672346,0.6641788566496806,-0.6746342779258048,0.47472751808304253,0.17624260714935186,0.1487307647201582
2025-11-16 11:00:00,2.2732,2.2049,2.224,-0.35620020530766905,0.2912606764116015,-0.0154500617282044,0.27964856813344935,-0.4107120606029765,0.5314441613587031,0.12398075512842523,0.13449187066612675
2025-11-16 15:00:00,2.2322,2.1558,2.1887,0.7533638859718386,-1.8154543998235824,-0.01862634534993779,0.43062821588635525,0.5871468378653448,0.48381297387886146,0.061948156146773674,0.1153160433592709
2025-11-16 19:00:00,2.2305,2.1718,2.2082,-0.4006560003336015,-1.7932006844198836,0.007077663939041301,0.6201021090115658,-0.16577388324367615,0.46323586511070874,0.09630503212183968,0.07360952824913457
2025-11-16 23:00:00,2.2504,2.1648,2.2398,-0.08676856523489072,-0.08070780213051097,0.007743895683426594,0.8761681219429744,0.027905702490857637,0.5267370509344982,0.14042246142041545,0.06772667513306425
2025-11-17 03:00:00,2.2677,2.2394,2.2615,-0.4622716996777535,-0.08050329614940971,0.014698253820166984,0.7809184519722728,-0.8276985073457253,0.5441913322266901,0.20233923210650004,0.06216524799503091
2025-11-17 07:00:00,2.2847,2.259,2.273,-0.6431409733820026,0.9247587599722165,0.007323264503491078,0.5447468697483077,-0.986926525170383,0.5136510036762203,0.23364210428829033,0.056234444443370404
2025-11-17 11:00:00,2.3077,2.1944,2.2551,1.6143097281376073,1.0449716866758594,-0.009471095253026363,0.5357457603048764,0.8935154906945518,0.47293240714812623,0.19286198083324518,0.051466228262157056
2025-11-17 15:00:00,2.2685,2.1389,2.1489,2.196170985934179,0.032544106184846815,-0.02754039990862922,0.07716048787341755,2.4812836318160025,0.4201832236778928,0.075403135486008,0.06939192937164755
2025-11-17 19:00:00,2.1731,2.1146,2.1645,1.0309883610025272,0.023501224744822562,-0.020763460609267703,0.8529913071809742,1.0324292998273168,0.5175578173786188,0.0,0.07404625917254043
2025-11-17 23:00:00,2.1731,2.1138,2.1263,0.065940812840674,-2.1964346563701955,0.0027067346868299147,0.2107925445543803,0.3554643518360493,0.5129116585309207,0.010876578728084958,0.08741496795740622
2025-11-18 03:00:00,2.1783,2.1064,2.1416,0.7722475659179077,-2.1657029370110346,-0.0006484179993430095,0.48956877752868155,0.9168169855025591,0.44033379261770056,0.008263962542521382,0.09455271483712235
2025-11-18 07:00:00,2.1986,2.1252,2.1936,0.020216503143326497,0.8446739360002569,0.01247021723296382,0.9318799820327014,-0.12621843641294792,0.49970672308620845,0.05847658160204248,0.08833593378732812
2025-11-18 11:00:00,2.2031,2.1505,2.1715,0.6491636472216724,0.8369872799627796,0.0036022093277048306,0.3992394678251946,0.16854995975865286,0.42224030940432955,0.07316212627894506,0.08850019177963522
2025-11-18 15:00:00,2.2391,2.1566,2.2298,0.7703223931071357,0.757572809642243,0.014960278479164257,0.88727261972453,0.6965512892262289,0.4314137810450711,0.13437212901103018,0.08417922352039997
2025-11-18 19:00:00,2.2413,2.2029,2.2265,-0.531861629452937,0.7506485120973785,0.005955312103492094,0.6145831732856374,-0.9114104062174645,0.4697482260116181,0.15910282244150661,0.08247691583571072
2025-11-18 23:00:00,2.2277,2.1927,2.2099,-0.7486414150065092,1.1876148329794474,-0.007992175720492267,0.4914284310204556,-0.8174201374392092,0.4834843060847087,0.12571596986988887,0.08111758857331136
2025-11-19 03:00:00,2.2115,2.127,2.1508,0.1796533950010204,1.1804571259425825,-0.022590568972285507,0.28165677140156525,-0.3507139283806065,0.5714163350127373,0.032099400455304704,0.08651112575407531
2025-11-19 07:00:00,2.1713,2.1298,2.1334,-0.09513881593464839,-1.0475877068479,-0.004663393762367241,0.08674696704892455,-0.6568220418859951,0.48197705228061943,0.013210609262231979,0.09126426130487782
2025-11-19 11:00:00,2.1451,2.0978,2.1237,0.10079897212296712,-1.0485796501960836,-0.012298885778894597,0.5475685945943793,-0.2856558772979282,0.4930912453441938,0.0,0.09398371864607852
2025-11-19 15:00:00,2.1494,2.0341,2.0477,2.263156692545898,-0.5743729635457927,-0.021552131906237282,0.11795315542470326,1.66300029724322,0.3837978452704653,0.0,0.11128807045106999
2025-11-19 19:00:00,2.0973,2.0244,2.0931,2.249464349582656,-0.5814645521530067,-0.011621563727987727,0.9423867020045681,1.2264335742176686,0.3449965142933584,0.0,0.11430866845754142
2025-11-19 23:00:00,2.1387,2.0915,2.1309,-0.0672466984479952,-1.1026761755336598,0.032188989721346095,0.8347455858589858,-0.4765156388066808,0.48371444546177994,0.10617429104570505,0.11399913144841309
2025-11-20 03:00:00,2.1498,2.1187,2.1299,-0.3729556402979746,-1.0929131545703783,0.007361186993599,0.36012850156640247,-0.7904598371248939,0.5064014494550161,0.13123648553162087,0.11474921507771332
2025-11-20 07:00:00,2.1421,2.1109,2.121,-0.3797140442538837,1.436966957007691,-0.00391288533073586,0.3237178449622279,-0.9216819426615099,0.36409774881473833,0.11781645263765152,0.11312821762044266
2025-11-20 11:00:00,2.1439,2.093,2.1232,0.7881796200063238,1.436966957007691,-0.0026759609238313775,0.5933201191905514,0.27868879982447564,0.38080838531059186,0.10867461405057421,0.10613269248479935
2025-11-20 15:00:00,2.125,1.9808,1.9882,4.428356758493787,1.428639321154871,-0.04568834081013118,0.05131761086563079,3.2004351100314996,0.3911618057187558,0.0,0.12456051553788224
2025-11-20 19:00:00,2.053,1.9743,2.0423,1.8713267577635981,1.4204026030499666,-0.00881934447165511,0.8640405509478344,0.5507679682306299,0.33235595453475586,0.0,0.11819644720199572
2025-11-20 23:00:00,2.045,1.9581,1.9636,0.12937629134325906,-1.7724222283779747,-0.00032071720184700947,0.06329113195729277,0.33864957455931305,0.46898771252155963,0.0,0.1452544270305187
2025-11-21 03:00:00,2.0011,1.9534,1.9682,0.4392420142810509,-1.7591766864335425,-0.013093570367634921,0.3102724716409892,0.4517431907316977,0.4744292642110104,0.0,0.16011267748784547
2025-11-21 07:00:00,1.9758,1.8467,1.8977,3.020989923100875,1.4001186156059615,-0.029232853088905664,0.39504257203388243,2.417961706915711,0.4727522302843585,0.0,0.1950850926267128
2025-11-21 11:00:00,1.9657,1.8209,1.9511,3.149877219554628,1.3871090970945748,-0.011102787773198952,0.8991712086207733,3.216252687599319,0.5008882400748361,0.0,0.20121806581232163
2025-11-21 15:00:00,1.9984,1.8859,1.9651,1.2181634952145204,1.3801474095669324,0.022118499274578873,0.703999937422229,1.990915236507283,0.49039409045846744,0.05417978465920106,0.20219984315895834
2025-11-21 19:00:00,1.9728,1.9079,1.909,0.021888668108128104,1.3732504523305928,0.0012223315638144605,0.01694914993079505,0.6625523820261501,0.40740541930662205,0.057240140260279085,0.21853886436050812
2025-11-21 23:00:00,1.9637,1.9,1.9506,-0.6872000577267254,-0.16841254687316498,-0.00025989331303011287,0.7943483839327484,-0.24794391791283107,0.48330325813635516,0.05658864914223715,0.2059520757325122
2025-11-22 03:00:00,1.9592,1.9136,1.9545,-0.7980760901145196,-0.17163003103002633,-0.003348457668403526,0.8969296278663066,-0.47798951649610866,0.4554314902311676,0.04819703856210412,0.1932092292296866
2025-11-22 07:00:00,1.9577,1.8987,1.9022,-0.5730079540362918,0.6090308340768633,-0.009264908034519403,0.05932202384372206,-0.5301727578627727,0.5104791800159942,0.02505588709882634,0.19077807895306437
2025-11-22 11:00:00,1.9302,1.889,1.9284,-0.722948665781355,0.6023971449087601,-0.004541224738026761,0.9563104474974635,-0.5136652228539111,0.4507485423030125,0.013818265784855142,0.183346845833112
2025-11-22 15:00:00,1.9517,1.9211,1.9318,-0.7890627991622486,-0.5229193995989884,0.01388197674773095,0.3496730883421262,-0.8449836151342772,0.48999345556816015,0.04801431946492243,0.17761262496797636
2025-11-22 19:00:00,1.9671,1.9203,1.9582,-1.104414246202626,-0.5216669503673652,0.0013958092945107747,0.8098288867886974,-1.0402500054838626,0.5142531348678095,0.051500406023606594,0.1669373202837274
2025-11-22 23:00:00,2.0505,1.9452,2.0319,-0.1151741690523381,0.5944275214840696,0.031862180589442124,0.8233617451698231,-0.10555984269230242,0.5335208901739708,0.13118848267431082,0.16003147992754793
2025-11-23 03:00:00,2.076,2.0226,2.0367,-0.10362425862405872,0.592173370810774,0.024917168755464347,0.26404489437361583,-0.11135703698454145,0.49554956029881403,0.1954925196712964,0.15460720118456117
2025-11-23 07:00:00,2.0523,2.0165,2.0348,-0.700125470265949,-0.29124567801480505,-0.008089542248536752,0.5111730415717811,-0.6985952773467259,0.4433652185071674,0.17409555050243883,0.14279248969490121
2025-11-23 11:00:00,2.063,2.0225,2.0399,-0.6085529542593446,-0.288749598918394,0.004949071849903008,0.4296295235482602,-0.5741437414289114,0.5145096795453074,0.18708002989183728,0.12933629444564823
2025-11-23 15:00:00,2.0803,2.0361,2.0622,-0.3301352602308728,-1.5923287772034114,0.007782182350148048,0.5904976039598181,-0.377187211314086,0.4354465668157025,0.20759855966364385,0.1176842044742314
2025-11-23 19:00:00,2.0846,2.0549,2.0748,-0.790900613674818,-1.5749794099005372,0.0057463957943280075,0.6700334444331908,-0.7000944118190383,0.576258024980153,0.22286743492649183,0.10697224329265934
2025-11-23 23:00:00,2.1077,2.0238,2.0918,-0.020290721320330708,-1.7598880205614418,-0.005588852048265314,0.8104885803946885,0.41256471632433406,0.5114156200521948,0.20793183714830182,0.11646746666026955
2025-11-24 03:00:00,2.1032,2.0455,2.0718,-0.5339488856288526,-1.7388056654543553,0.009321658762093898,0.45580581355185124,-0.3681953518578009,0.4392930579974902,0.232703729356586,0.12106312968105473
2025-11-24 07:00:00,2.0786,2.0387,2.0602,-0.5454496927197544,-0.7580221021095763,-0.011417045333804166,0.5388469827451213,-0.5752828358008969,0.4907994425221997,0.2020806190181831,0.1253545484086124
2025-11-24 11:00:00,2.1027,2.0484,2.0749,0.038445024498288065,-0.7560399354021766,0.010823428779881406,0.48802937605352115,-0.035270753681862194,0.4582426822006289,0.2307800677939,0.129049883084661
2025-11-24 15:00:00,2.2295,2.0678,2.2184,1.6516343297063403,0.4687792266226831,0.03856515576836994,0.9313543023281204,1.5028028226175913,0.46573465276925397,0.3341463939640217,0.1430297736532673
2025-11-24 19:00:00,2.2868,2.214,2.2406,0.9945821163767328,0.4636731893643946,0.04122240149210876,0.36538456519443047,0.9923299478711516,0.47981123304921214,0.4488959536344246,0.1656941961352725
2025-11-24 23:00:00,2.2652,2.2213,2.2515,-0.16870410217585044,0.9180677385785544,-0.0021036376264684797,0.6879269503583265,-0.16529959327234822,0.48858738588103995,0.4427987293287422,0.18507982632053133
2025-11-25 03:00:00,2.26,2.2328,2.2377,-0.7286712099816178,0.9115961014390632,0.001309612546833483,0.18014699259300793,-0.7741093558636025,0.44032945026340503,0.4465865508631268,0.1931920822263002
2025-11-25 07:00:00,2.2432,2.1855,2.2087,0.11434315395196978,0.1498538660352464,-0.018650413242311537,0.40207965301912096,-0.19439818355936006,0.40291150243943097,0.3925729008592638,0.199237415083572
2025-11-25 11:00:00,2.2357,2.17,2.1787,0.00839452338864738,0.14597623552835334,-1.9987313340075197e-05,0.13242007116894108,-0.02726813276863369,0.47342712571350193,0.3925160949871424,0.20009040214759607
2025-11-25 15:00:00,2.2099,2.1589,2.1829,-0.12775896190558853,-1.0549978760191967,-0.007215838129577601,0.4705881430219317,-0.17953213602807125,0.48575724425230515,0.3720083970178004,0.18787192123617544
2025-11-25 19:00:00,2.215,2.1482,2.2087,-0.16600730403247463,-1.0598523513662554,-0.0008808517437904895,0.9056884871723823,-0.3634908313464527,0.4758428479778427,0.36952304569025474,0.17652601151862682
2025-11-25 23:00:00,2.2175,2.188,2.1914,-0.9294123431361131,-0.38935700329450795,0.007441978476504518,0.11525419821890458,-0.8808555140720815,0.4973197750629035,0.3905023297108265,0.1633254483786248
2025-11-26 03:00:00,2.2043,2.1711,2.1993,-0.9948498695606144,-0.39411541847763853,-0.00795599111045342,0.8493973345188779,-1.0640006084851783,0.5004706356924571,0.3679071091319615,0.14926722393217903
2025-11-26 07:00:00,2.207,2.1693,2.1742,-0.8426078991923793,-0.013740158404524987,0.0005327107099777351,0.12997344032535052,-1.0093426776504488,0.4414143465478312,0.36940798461377466,0.14493365156686228
2025-11-26 11:00:00,2.1805,2.1447,2.1529,-0.43272587363538906,-0.02060946881798619,-0.01100714230230615,0.22905021534910108,-0.474019708513741,0.4928954324677603,0.33837960417360946,0.13895878463606195
2025-11-26 15:00:00,2.2547,2.1507,2.2423,0.5325719829261886,-1.6960230324010637,0.01910468433552981,0.8807691460798903,0.07615142207978748,0.4909314980432179,0.3916416137154564,0.12961128514043294
2025-11-26 19:00:00,2.243,2.212,2.2244,-0.7145038052066822,-1.6764850165832437,0.011183630938661482,0.3999998709677864,-0.7475057785688576,0.41811143229633996,0.4234161562388126,0.1230786656907467
2025-11-26 23:00:00,2.2347,2.2132,2.2197,-0.8669740959502805,0.26817300807233635,-0.0014321097503067204,0.30232544077886137,-0.801011916542975,0.49379059959418653,0.41930179128670786,0.11652549599133864
2025-11-27 03:00:00,2.2243,2.1952,2.2096,-0.7193972954366077,0.27334944576962195,-0.006188178619510043,0.4948451907748529,-1.1345153195776898,0.5590575918041963,0.4015489877038732,0.10958688278878478
2025-11-27 07:00:00,2.2142,2.1845,2.1892,-0.8573742846730027,0.6174274655532781,-0.005681821598230163,0.158249104966636,-1.2083214652651044,0.5641934059277385,0.3853497022335684,0.10358976869501314
2025-11-27 11:00:00,2.1933,2.1727,2.1834,-0.746013929919157,0.6171289118083392,-0.0068606131936386205,0.5194172235838699,-1.136852803653775,0.5683544855974934,0.365900733460444,0.09133278379318494
2025-11-27 15:00:00,2.231,2.1803,2.2293,-0.7658107798015966,-1.7664578844959682,0.011597603088479902,0.9664692373827927,-0.8305909825661468,0.49319462854536766,0.39855290671843907,0.07089989930424358
2025-11-27 19:00:00,2.2337,2.1979,2.2054,-1.012385186083769,-1.745399216276879,0.005577416507091648,0.20949714818515194,-1.0497815715530785,0.3751597146378809,0.4144378153100232,0.0473722718673724
2025-11-27 23:00:00,2.2105,2.1664,2.1851,-0.8122318596053043,0.9394318515570749,-0.01514278092592336,0.4240361850258046,-0.9265808589575425,0.48168349967330787,0.3710694759148559,0.048402337288464936
2025-11-28 03:00:00,2.2222,2.1793,2.2007,-0.8663066712271122,0.9310464875764977,0.004743853771234541,0.4988343825560855,-1.0856583471966854,0.49116567396288957,0.3844499567340917,0.04570672110593079
2025-11-28 07:00:00,2.2496,2.1953,2.2248,-0.20313334259987323,0.6753733917285166,0.013734850451229574,0.5432779846633559,-0.6565529410892406,0.5070236276696328,0.42337415890482005,0.041539691357157967
2025-11-28 11:00:00,2.2327,2.185,2.2149,-0.23615351602352472,0.6805189031280806,-0.008816158598939916,0.626834250139573,-0.23045921230768818,0.5046258093662742,0.39804623714611026,0.03936525807180442
2025-11-28 15:00:00,2.2752,2.1565,2.1721,0.9790993341181592,-0.7006620013580978,0.002734121024014824,0.1314237462996006,0.7342592200477579,0.46914090300290817,0.4058318375432123,0.04173115577378542
2025-11-28 19:00:00,2.1965,2.1716,2.1872,-0.7444701041511419,-0.702545023728302,-0.013732663087497321,0.6265057724876336,-0.9845222064940543,0.45142875730007653,0.3666202041380018,0.040835204544054385
2025-11-28 23:00:00,2.1907,2.1726,2.1802,-1.2515007144234482,-1.6709152232340312,-0.0014133249221420785,0.4198892707794111,-1.203767669285111,0.5157096312487276,0.36264007799901327,0.04117894557689938
2025-11-29 03:00:00,2.1898,2.1666,2.1838,-1.1417598431476033,-1.6597501659228056,-0.00014601252996193637,0.7413789907849283,-1.2502818595630414,0.4029959684386462,0.3622294668743725,0.04141660604158155
2025-11-29 07:00:00,2.1879,2.1738,2.1862,-1.203519325872912,-1.8020875933000466,0.00024863594087332075,0.8794320004028341,-1.2650058897319052,0.3460147514197298,0.3629285697289273,0.041582424670406244
2025-11-29 11:00:00,2.2231,2.1837,2.2032,-0.5878822899273907,-1.7803107887991036,0.011445457362076583,0.49492373225285474,-0.7979527570650272,0.3802083052311845,0.39511837044232656,0.04130938460424015
2025-11-29 15:00:00,2.2217,2.1898,2.2007,-0.6906608686750736,1.154405220251615,0.001503061663848948,0.34169268285495746,-0.8020572976029635,0.4385048583920077,0.3993940426464216,0.04003814040332472
2025-11-29 19:00:00,2.2149,2.1872,2.2021,-1.106238184586485,1.1474323888292608,-0.002751288783057526,0.5379059429942519,-1.1344527404294662,0.44208053650229473,0.39155584765536045,0.03463678526585971
2025-11-29 23:00:00,2.2126,2.1964,2.1984,-1.2281226383212547,1.0016543257206278,0.0001794045973340097,0.12345671391559515,-1.2912959650954032,0.4581649071820721,0.3920655503590318,0.03015826827935729
2025-11-30 03:00:00,2.2109,2.1882,2.1947,-1.1354918604229394,0.9977330334429669,-0.0023686528545178165,0.2863434861922953,-1.261695445519344,0.4011512720359415,0.3853348122470035,0.028388580245254345
2025-11-30 07:00:00,2.2099,2.1881,2.1899,-1.062450105492719,-0.1525519519347273,-0.001694531441906233,0.08256876946387749,-1.2006511232641204,0.5361354069787573,0.3805310556344951,0.027130876111838065
2025-11-30 11:00:00,2.2079,2.1824,2.1941,-0.9218111510404567,-0.1510018767474894,0.0004188932300877024,0.4588233494810484,-1.1339777403636375,0.5281017768355738,0.38171654634570007,0.026553939942665163
2025-11-30 15:00:00,2.215,2.186,2.2035,-1.0091074204283639,-2.495481932277464,0.001395202692671349,0.6034480677765326,-1.1703633546844496,0.47876257246511855,0.3856667001388189,0.026414620020897502
2025-11-30 19:00:00,2.2069,2.1786,2.1924,-1.0351753147068123,-2.4498422687863597,-0.0035583101428593444,0.4876323365256815,-1.2022037940223134,0.48027294528118625,0.375578213947719,0.02598953006358908
2025-11-30 23:00:00,2.1935,2.0564,2.0637,1.3133996985877199,-1.9310531792075807,-0.036945997392544894,0.053245802097314755,1.3821459041155286,0.48205449009385853,0.2712020118848853,0.061861575650828435
2025-12-01 03:00:00,2.0653,2.0168,2.0474,0.03725974984694718,-1.905563558826074,-0.03300944507331316,0.6309277049633608,-0.2693538005803668,0.5311980596014128,0.18139237119553714,0.08729872788055294
2025-12-01 07:00:00,2.0606,2.033,2.0422,-0.5810116988697529,-0.6085731312369106,0.004576672936105419,0.33333321256042486,-0.8007358890056008,0.5045011897222946,0.19343321284691953,0.10656022580495786
2025-12-01 11:00:00,2.0492,2.0021,2.0314,-0.20283316849451388,-0.6018923760222376,-0.01095751364901243,0.6220805473289741,-0.0344190963132222,0.43148267439055976,0.16447297814560258,0.12326998214169246
2025-12-01 15:00:00,2.0355,1.9835,2.0046,-0.06640941158946118,0.17019359673506596,-0.013260552089872313,0.4057691527367008,0.37611042942990874,0.46319371257823416,0.12980994114400737,0.14070608139988258
2025-12-01 19:00:00,2.0447,1.987,2.0331,0.18842699894326495,0.17322128337458267,0.012326495468327758,0.7989600001802419,-0.2918371291799141,0.3937496210042961,0.16160408361991233,0.14553230232058695
2025-12-01 23:00:00,2.0437,2.0096,2.0217,-0.6817509151645239,-0.2898488976279549,0.0008383050802802661,0.3548386056191835,-0.6927181756912612,0.47675599100075355,0.16379300517268394,0.15556635862921706
2025-12-02 03:00:00,2.0279,2.0021,2.0236,-0.6734841185962895,-0.28516956472034094,-0.004345519965658573,0.833333010336051,-0.8486853800175338,0.5026830763222165,0.15243678594577945,0.16147909675366565
2025-12-02 07:00:00,2.0387,1.995,2.0282,-0.8024408434409815,0.10997279596842881,-0.002749184979468411,0.7597252266074999,-0.8875836387317404,0.44709845588854585,0.1452835156984474,0.16527802591261154
2025-12-02 11:00:00,2.0929,2.0254,2.0928,-0.13060317631630156,0.11630254652533117,0.0200779855769182,0.998518370589868,-0.286032387925361,0.5412833488623388,0.19738201435275818,0.15816135191432826
2025-12-02 15:00:00,2.1804,2.091,2.1748,0.9277887137563273,-1.5226591934225493,0.04719056726264248,0.937360074120794,1.1673660439105868,0.4530046820103046,0.32229098898882186,0.15135423550526483
2025-12-02 19:00:00,2.1831,2.1473,2.1693,-0.21448713253479829,-1.506889669195692,0.008358652790208199,0.6145249680097788,-0.43784851128737784,0.3602363869126384,0.34545962424178495,0.14891426804367117
2025-12-02 23:00:00,2.1906,2.1414,2.1833,-0.3555809003930171,1.4232906835120813,-0.0024729429727667895,0.8516258431654815,-0.5088040334116767,0.4859148710729808,0.33854779026491055,0.1463508414956553
2025-12-03 03:00:00,2.219,2.1731,2.1941,-0.307453765218212,1.4106471764079351,0.01711776617677696,0.4575162401925474,-0.4621759986506104,0.4499642186956427,0.38627334339344455,0.14482354251407611
2025-12-03 07:00:00,2.2059,2.1725,2.1738,-0.5173211323706576,0.8672792818450508,-0.003716151005262347,0.03892214403528821,-0.7454817094891523,0.47593151370520365,0.3757350939517051,0.1439835598377161
2025-12-03 11:00:00,2.1993,2.1425,2.168,-0.2601647883153558,0.8721958231028433,-0.00998637508766298,0.44894358293246944,-0.1789586391960517,0.46435426736686375,0.3475210015058887,0.14206110397375066
2025-12-03 15:00:00,2.193,2.1567,2.1731,-0.4607160379971171,0.8564327015636862,0.0024410059262442996,0.45179050914861646,-0.42682608935874733,0.48082217922927717,0.3543486038095108,0.1402333037290786
2025-12-03 19:00:00,2.2141,2.1718,2.2035,-0.4040254609072202,0.8553528630975451,0.010835465387844634,0.7494088062863303,-0.7271864862694316,0.47561725949863887,0.3847298633838556,0.13932989578676366
2025-12-03 23:00:00,2.2146,2.1869,2.202,-0.7344152935628524,1.1124169931056538,0.0016074606477489706,0.5451261569941664,-0.6809167994518752,0.4577117925896467,0.40001131676122,0.13925362153475282
2025-12-04 03:00:00,2.2064,2.1715,2.1805,-0.7310566489563527,1.1157963083237346,-0.007002792914007405,0.25787958226945823,-0.951672785589174,0.4468914805412358,0.3795840052676068,0.13948904933669773
2025-12-04 07:00:00,2.1806,2.1565,2.1585,-0.7128833463790767,1.421636316677954,-0.00779373993222976,0.08298751743257386,-0.9056181125836802,0.5059882465783994,0.35700868788812634,0.14068866704361482
2025-12-04 11:00:00,2.1589,2.1143,2.1197,-0.061149792108552266,1.4146870704346022,-0.01352814212208242,0.1210762060367218,-0.5188140637505798,0.4464758799666426,0.31812852508590167,0.14005440885017537
2025-12-04 15:00:00,2.1581,2.0981,2.1036,-0.1036008642429616,0.02846765553621403,-0.0050109715256090315,0.09166665138889236,-0.16570491159286066,0.5233798629019857,0.30540416956814165,0.13713338016688703
2025-12-04 19:00:00,2.1108,2.0691,2.0979,-0.4657097412398398,0.03338796312934477,-0.016488768775316354,0.6906473163915355,-0.2993553619445041,0.5038230123806171,0.2591031850282146,0.13193433656117085
2025-12-04 23:00:00,2.113,2.0919,2.1038,-0.9407902121988544,-0.7319246767692797,0.005602553182607384,0.5639807753645698,-0.9639482283471025,0.48018855848550573,0.2767136851093368,0.12054648069966101
2025-12-05 03:00:00,2.1071,2.0764,2.0895,-0.876896536726584,-0.7289809938624583,-0.008194380392031908,0.4267099587264021,-1.0167067262184488,0.46810570909998583,0.2535365711520969,0.11489087870939366
2025-12-05 07:00:00,2.0986,2.0541,2.0618,-0.6884676187350772,0.05845679781814711,-0.007021541901046979,0.17303366898119482,-0.7481282017889311,0.505595881487523,0.23383947104515843,0.10995448701654034
2025-12-05 11:00:00,2.0767,2.055,2.0659,-0.4493204920783917,0.05818027414826298,-0.004591906573518489,0.5023039159889734,-0.5867017754303457,0.39709198446950167,0.22104852489455287,0.10254953765134374
2025-12-05 15:00:00,2.0999,2.0158,2.0188,0.5442538881754893,-0.5014618511756769,-0.00700439626600069,0.0356718150211887,0.5957444712972801,0.5263595948249751,0.2016270815341156,0.10702158128473847
2025-12-05 19:00:00,2.0425,2.0125,2.0319,-0.739095771119309,-0.4976656646758931,-0.010187758557991144,0.6466664511111752,-0.833885084076506,0.539330726527767,0.18184709279462768,0.11452751601314191
2025-12-05 23:00:00,2.0393,2.0178,2.0327,-0.9464682899061848,-1.0084912838453413,0.00039769598935457395,0.6930229334777195,-1.1434445184496287,0.6096156953145474,0.1874850864844498,0.1209737469291775
2025-12-06 03:00:00,2.0504,2.0324,2.0357,-1.0367481695397884,-0.9995702506770693,0.005457771061546657,0.1833332314815323,-1.2230164884242107,0.6005783251689956,0.20925999729642433,0.12537118907440467
2025-12-06 07:00:00,2.0391,2.0154,2.0246,-0.8754448017564109,-0.9320212967396967,-0.00720052764770418,0.3881854902170902,-1.109523877761491,0.5031745963579075,0.18746805618365908,0.12912175149872632
2025-12-06 11:00:00,2.0474,2.0231,2.0395,-0.7847598385944146,-0.9246886940457978,0.004871622758370053,0.6748968416062309,-1.0792509760505649,0.42662388396300027,0.20210555195860297,0.12603738171090306
2025-12-06 15:00:00,2.0407,2.0221,2.031,-0.9377002903340209,-1.1317199849052966,-0.0017094441522370607,0.4784943664008808,-1.0942102123223405,0.4557904910808387,0.20475624099952835,0.12616575425897314
2025-12-06 19:00:00,2.0372,2.0204,2.0282,-0.9591455683150345,-1.1216969621760307,-0.0015308873088818453,0.4642854379253383,-1.1577405790245643,0.4510978172502499,0.19995893164218062,0.125317575263598
2025-12-06 23:00:00,2.0494,2.024,2.0482,-1.0160604512670122,-1.3216089942054712,0.0034071867963665348,0.9527555304112134,-1.1413532638815926,0.5318434766096223,0.21061961590605488,0.1192173417215228
2025-12-07 03:00:00,2.0738,2.044,2.0464,-0.8531019246466608,-1.3097422995813315,0.010333252404489235,0.08053688572588377,-1.0070920148473195,0.4318011890610168,0.24306129933699502,0.10674184244939963
2025-12-07 07:00:00,2.0493,2.0244,2.0309,-0.88093084798461,-1.7661939699013187,-0.012358786599945382,0.2610440718698471,-1.0571607287648672,0.44560945698662535,0.20385942569639676,0.09189202534295372
2025-12-07 11:00:00,2.0507,1.9894,1.9991,-0.23372135113119344,-1.7552674988286452,-0.009363438128311308,0.15823814710633907,-0.46626920464546767,0.45754094372873544,0.1745258138699486,0.08160888796156916
2025-12-07 15:00:00,2.1109,1.9985,2.1035,0.16070590218688366,-1.3008323238998414,0.02551948046008823,0.9341636179569729,0.2299820550618124,0.5063593799726392,0.2537242081863438,0.06683066800773578
2025-12-07 19:00:00,2.1075,2.0123,2.0291,-0.23518396301528882,-1.289396645765383,-0.0024583824014674516,0.1764705696984693,-0.13596413320740594,0.43306337588896654,0.245900044978622,0.06340724787404632
2025-12-07 23:00:00,2.0912,2.0231,2.074,-0.5581695541953088,-0.9013863386689066,-0.0007149820430253362,0.7474301398780961,-0.6113198210802312,0.47657128896073075,0.2436301037091449,0.05833383520904149
2025-12-08 03:00:00,2.0865,2.0643,2.0802,-0.8300181397968386,-0.8934870818323154,0.009011877844700367,0.7162158935964483,-0.9630542985756164,0.4750217256783048,0.2722207622466705,0.055748839391190415
2025-12-08 07:00:00,2.1239,2.0786,2.0984,-0.4031132206819604,1.2589896137410244,0.01184665415533237,0.4370859962282566,-0.7258932898199577,0.4893587194576125,0.3101436020276633,0.054275495880304794
2025-12-08 11:00:00,2.1119,2.0831,2.0839,0.10284669951067,1.2488564416920513,-0.0023483239863665295,0.027777768132716398,-0.4479719857653726,0.4748026542163139,0.3025372248812498,0.05388536748315087
2025-12-08 15:00:00,2.0935,2.0628,2.0682,-0.08116403476153711,1.4461112466950634,-0.00828673488597953,0.17589570817728914,-0.07282318084661028,0.38795711009346284,0.2757589729917251,0.054679438873507576
2025-12-08 19:00:00,2.0941,2.0676,2.0797,-0.6870337079115831,1.4318683235454188,0.0022299445338762602,0.456603601281652,-0.854394032513069,0.4471189330548792,0.28290523542433743,0.05554764069081396
2025-12-08 23:00:00,2.0827,2.0585,2.061,-0.8643131191017146,0.47780125680903446,-0.006358246736633655,0.10330574243564142,-0.9516422588134272,0.4856068622700111,0.26248364078386166,0.054484166558628574
2025-12-09 03:00:00,2.0712,2.0419,2.0498,-0.6211463727735328,0.47522669109754345,-0.006559369585632302,0.2696244813568244,-0.9328647181788178,0.46713723527702666,0.24155002694050445,0.05406283961182111
2025-12-09 07:00:00,2.066,2.0459,2.0553,-0.8625543889289091,0.6554573080676516,0.0009708379246455845,0.46766145887489374,-1.0537362240304426,0.47638196532754373,0.24462804212599562,0.05318031262826628
2025-12-09 11:00:00,2.086,2.049,2.0553,-0.5143319629614723,0.6574898082266457,0.003997284320499173,0.17027022425129035,-0.6713882052545848,0.5057708652720146,0.2573136268430084,0.05256510076303125
2025-12-09 15:00:00,2.178,2.0534,2.1477,2.1397598191621006,0.4135824061140324,0.03521175113701114,0.756821769115428,1.4654353851222306,0.47515067007305056,0.36950658828615174,0.061830698536526896
2025-12-09 19:00:00,2.1487,2.0854,2.1105,0.24263211035729962,0.4198533064025541,-0.010093124746135884,0.39652442392979337,-0.16195210024617232,0.4478786443480588,0.3362151297727819,0.06558519702233111
2025-12-09 23:00:00,2.1136,2.0817,2.088,-0.7441801247225339,1.1676245275767456,-0.010101890004719838,0.1974921010996551,-0.9336728937489325,0.46845481895373975,0.3032310663255694,0.0652971190273958
2025-12-10 03:00:00,2.0966,2.0797,2.0862,-0.5934476783055281,1.1641989072376973,-0.003953041004281732,0.38461515703244537,-1.042099667093367,0.45047104777363783,0.29045422986099073,0.06341522053454625
2025-12-10 07:00:00,2.0983,2.0669,2.0696,0.11548503312082194,-0.4849262273918559,-0.0036131617318839737,0.0859872337620248,-0.8122877105266079,0.3836016537184158,0.27882210025145165,0.06316875242604444
2025-12-10 11:00:00,2.0752,2.0581,2.0639,-0.006216076848635212,-0.482117344159644,-0.007330550841455952,0.3391810881981803,-0.6547242172747559,0.4424158364284782,0.2553075637321996,0.06245616438832728
2025-12-10 15:00:00,2.0862,2.0559,2.0683,-0.09669598614868383,-0.023710561150460798,0.0012667617676069831,0.4092407890294415,-0.38662664974390293,0.4065210090522328,0.2593412249197234,0.05953816840435686
2025-12-10 19:00:00,2.1108,2.0346,2.0549,2.6179017535078657,-0.026401499703367397,0.0006441762736650869,0.2664041645138875,1.5148529845053635,0.4574635307271109,0.26139502890968136,0.05023273273370646
2025-12-10 23:00:00,2.0573,2.0,2.006,0.31072898077552774,-0.07497204220289326,-0.02288444622863195,0.10471202361046307,-0.32681320637274286,0.5151496513707715,0.18838637384515453,0.05857338034319037
2025-12-11 03:00:00,2.0195,1.9927,2.0138,0.027871101133956466,-0.07732764738317975,-0.007477434885380885,0.7873131390622595,-0.7464624975744991,0.5171953998942632,0.16507689804977935,0.06099105040431461
2025-12-11 07:00:00,2.0189,2.0003,2.0161,-0.6273974486499131,-2.1202862446005186,0.0016647325518543976,0.8494619088914372,-1.0449333554691045,0.46630665975166125,0.17022757993572651,0.06552030787860028
2025-12-11 11:00:00,2.0185,1.9767,1.991,0.44076886450690095,-2.0892153568562573,-0.0037119670728824605,0.34210518131455425,-0.6175764437205955,0.4817964020782549,0.15872363605428225,0.07442551617021555
2025-12-11 15:00:00,2.023,1.9838,2.0079,0.7116419870285944,-1.741987114208238,-0.0017520706017801757,0.6147957615316861,0.06665683412844388,0.46856433450033724,0.1533138616384578,0.07581243803228771
2025-12-11 19:00:00,2.057,2.0004,2.0338,0.39090535575297386,-1.7237035390710547,0.016363764078128895,0.5901059028081423,-0.18973484463649495,0.4680137080273707,0.20375085395583067,0.07467678770962428
2025-12-11 23:00:00,2.0434,2.0157,2.0406,-0.8827743930448623,-0.5867383925982196,-0.00018092129383795452,0.8989166429903777,-0.8813272658768615,0.4915316007249184,0.20318408659896814,0.07452237019806715
2025-12-12 03:00:00,2.043,2.0235,2.0408,-1.0864127564788661,-0.584964530444468,0.0011459240584656971,0.8871790322158722,-1.192066920983644,0.5112679627791802,0.20677324314670825,0.07385214737585659
2025-12-12 07:00:00,2.0433,2.0251,2.038,-1.0713858011608361,1.1649309328718473,0.0003373538138340404,0.7087908193456954,-1.211425625737048,0.39491720351020326,0.20783108214018717,0.07413939440683524
2025-12-12 11:00:00,2.0478,2.0304,2.0379,-0.6556152188799501,1.1548648348610266,0.0025278493903135857,0.4310342350377902,-1.0752636634432848,0.3716057531137911,0.21576032333614018,0.07439409478577723
2025-12-12 15:00:00,2.038,1.9692,2.0125,1.8686211817812195,0.36178640524899514,-0.021424817915460026,0.6293603736394846,1.027220291977004,0.4825386059211911,0.14838606164904738,0.07723567250516714
2025-12-12 19:00:00,2.0145,1.9964,2.0108,-0.9247885235974781,0.3666780375110244,0.004607408262087942,0.7955796709504682,-0.9710249446483545,0.46646497397884606,0.16256447957220024,0.07907632139461811
2025-12-12 23:00:00,2.0207,2.0068,2.0143,-1.0700574951621025,-2.215196891431931,0.004276244622125391,0.5395679571453421,-1.1758174215123807,0.5204640489788585,0.17578443510006359,0.06449238396055881
2025-12-13 03:00:00,2.0482,2.0142,2.0283,-0.6372200550291667,-2.1943637422484374,0.009757478456588808,0.4147057603806611,-1.0656263272459032,0.5132818606464838,0.20607854831721545,0.05524297814314962
2025-12-13 07:00:00,2.043,2.0256,2.0367,-1.0162481686172808,1.0497032505312844,0.0013473298729573813,0.6379306678559459,-1.1033736007397805,0.4327182204175693,0.21030242918292177,0.04953717445041607
2025-12-13 11:00:00,2.0434,2.028,2.0365,-0.6481666078962935,1.0414981398304388,-0.00013439867087272628,0.5519476935404671,-1.1143718146910986,0.378133765517984,0.20988052149478836,0.04322794188065472
2025-12-13 15:00:00,2.0407,2.0157,2.017,-0.939526212843359,1.2533035456636183,-0.004867060538129686,0.05199997920001073,-1.1416980288973577,0.429886255747991,0.19460377608257742,0.040129007858473544
2025-12-13 19:00:00,2.025,2.0082,2.0223,-0.9545531068086724,1.2426976672739691,-0.004002318307974817,0.8392852147111854,-1.2169932822132128,0.625140718297757,0.1821024287865843,0.036512985802105
2025-12-13 23:00:00,2.0306,2.017,2.028,-1.2041393550544865,0.7788538271273141,0.003298804255965848,0.8088229346890109,-1.242202586511862,0.505130680149712,0.19236509180041048,0.030817730139659858
2025-12-14 03:00:00,2.0298,2.0103,2.0172,-1.1819684084036162,0.7739819858632058,-0.0030979317575375864,0.3538459723866787,-1.2761884746072985,0.5119012917321759,0.1826955551519938,0.027619016701401548
2025-12-14 07:00:00,2.0232,2.003,2.0067,-1.0813712942067346,0.12701394689469994,-0.0024311119463941155,0.18316822615433434,-1.2319326816303564,0.49248191721610335,0.17513086278137366,0.027678288607037187
2025-12-14 11:00:00,2.0099,1.9875,1.9947,-0.3064974391611777,0.12071168047764101,-0.006699419433409459,0.3214284279337322,-0.8052455686023685,0.49277890275854774,0.15433550586097133,0.03031670446370115
2025-12-14 15:00:00,2.0046,1.9838,1.993,-0.8842521060726858,-1.1009942610368684,-0.003791794341907684,0.44230747965987166,-0.830465860494936,0.4962709394057114,0.14264442475103753,0.032887301565802926
2025-12-14 19:00:00,1.995,1.9818,1.9923,-0.8637563507411785,-1.099346755870982,-0.0018176831152688644,0.7954539428379125,-0.9421192287392197,0.5466958824069257,0.1370612890076707,0.032656670373170035
2025-12-14 23:00:00,2.0143,1.9527,1.9957,0.20469093607972733,-2.1832036789387903,-0.0032991614661586066,0.6980518347318452,-0.21585423109809115,0.5235320501134327,0.1269461126967009,0.03402273828158258
2025-12-15 03:00:00,2.0055,1.9921,2.0018,-0.9283555105466417,-2.149936577508194,0.008564375314246808,0.72388005680591,-1.1116583461165048,0.5017740857090558,0.15311772032371598,0.034166970317281525
2025-12-15 07:00:00,2.0032,1.9906,1.9943,-0.6695760904014127,-0.6810195022180644,-0.0007200686223953756,0.2936505605947922,-1.079274752193904,0.5284164884282898,0.1508984397069367,0.03419455404598336
2025-12-15 11:00:00,1.9955,1.93,1.9411,0.8568118789930913,-0.674025674625954,-0.01643131948988752,0.16946562298234905,-0.12776023526515606,0.5002037537365744,0.10029291419735539,0.04729528123183389
2025-12-15 15:00:00,1.9431,1.8695,1.8921,2.430826037404365,-1.5868963106375495,-0.02701317811319548,0.30706517567049135,1.572924733038283,0.4805020897964548,0.018464172624392674,0.07248904956068201
2025-12-15 19:00:00,1.9084,1.8795,1.8909,0.5088797799619115,-1.5718203429085487,-0.010009804559200752,0.39446353132749845,-0.22086865317113374,0.4236044938742346,0.0,0.08789397024915976
2025-12-15 23:00:00,1.8994,1.8596,1.8691,0.6175884799137877,-3.9511559290971574,-0.005959112951119061,0.23869340736346673,-0.3372356677944378,0.4493032179821934,0.0,0.10722079174452347
2025-12-16 03:00:00,1.8975,1.852,1.8946,-0.09758382189744826,-3.8032006081489915,-0.00403658360650494,0.9362635304915337,-0.6541850728196984,0.4674580281595144,0.0,0.11409335379009673
2025-12-16 07:00:00,1.912,1.8743,1.9067,-0.5411168796334722,-1.2395344009390894,0.008526014653968517,0.8594162176614838,-0.6922828101887086,0.5002476854970243,0.023679480486965995,0.1177137667567362
2025-12-16 11:00:00,1.9491,1.899,1.9238,1.394279527662022,-1.2311696832427153,0.018406829856105977,0.49500988123555095,0.7391665174997346,0.47538870583988413,0.07523702179225959,0.11652214839206755
2025-12-16 15:00:00,1.946,1.9141,1.9306,0.07428854106060902,-0.619845882680512,0.0027350410525215363,0.5172412171657677,-0.04177541263496321,0.5150683882197742,0.08303888538880426,0.11327393884332815
2025-12-16 19:00:00,1.9336,1.9157,1.9269,-0.7426980777593066,-0.6157569772357874,-0.001558864178046293,0.6256979744704099,-0.8199518589619972,0.5141999546514077,0.07857997265488428,0.10970030400988438
2025-12-16 23:00:00,1.9401,1.9126,1.9311,-0.6225982688111037,0.42655669718043365,-0.00021852494794116772,0.6727270280992645,-0.766206895814504,0.4514880497050552,0.07795588701936104,0.10690529309087408
2025-12-17 03:00:00,1.9374,1.9061,1.9223,-0.5638450748152233,0.4209863882097097,-0.0020880522781127064,0.5175717196256466,-0.825668018209114,0.49288929958328787,0.0719939193800316,0.10369055371084163
2025-12-17 07:00:00,1.932,1.8965,1.9071,-0.35545794219051796,1.0159422372433455,-0.00536542811131957,0.2985914651855023,-0.8835252775031801,0.527615040597168,0.05670612442066596,0.09959980273485528
2025-12-17 11:00:00,1.9672,1.9049,1.9635,0.39269283590829046,1.0091428489140128,0.008709635812516714,0.9406098008652,-0.10208368902048988,0.49412039499338833,0.08138946951964672,0.09110755637616787
2025-12-17 15:00:00,1.9874,1.853,1.8586,2.519031606534486,-0.17187338913349898,-0.005923688619783984,0.04166666356646883,1.9831627851598184,0.4971981319831328,0.06445535818948174,0.09904579722047833
2025-12-17 19:00:00,1.8843,1.8474,1.8685,0.14595706404967895,-0.1663504823692438,-0.028296853611559647,0.5718155631936152,-0.20529063461311423,0.5417546128431112,0.0,0.09906176743843771
2025-12-17 23:00:00,1.8725,1.852,1.8638,-0.5951850433796583,-2.514176592153,-0.0003472268879062268,0.5756094753124428,-0.7565775031448309,0.46359527657678773,0.0,0.09885955624783732
2025-12-18 03:00:00,1.8647,1.8268,1.8334,-0.2974147069190905,-2.472752931482405,-0.010427466729691082,0.17414243426320813,-0.8262007734273934,0.47937864459102214,0.0,0.10320248513938579
2025-12-18 07:00:00,1.881,1.8333,1.8767,-0.45686139575341855,-2.0063480564882807,0.0074566784328127245,0.9098530587310156,-0.6521621037246252,0.5161040096888696,0.020802462815489003,0.09399200421222322
2025-12-18 11:00:00,1.9265,1.866,1.9022,1.221104622288891,-1.9810999143036816,0.023433548837673568,0.5983470085376811,0.5171351024577984,0.4233778844976819,0.08666429137821376,0.0808052002851735
2025-12-18 15:00:00,1.9341,1.8385,1.8435,1.2430479212686467,0.026969190674151964,-0.008446752308700622,0.05230124975928244,1.0587558028568707,0.4741934081420615,0.06236771238456817,0.07497533452738689
2025-12-18 19:00:00,1.8462,1.8,1.8187,1.5044086046299123,0.03188315354692412,-0.035646830247853645,0.4047618171511203,0.5427905485717678,0.5032561626016073,0.0,0.081675800464744
2025-12-18 23:00:00,1.819,1.7711,1.7941,0.831176277008692,-1.00346915177086,-0.014378134300892631,0.48016691437016623,-0.11037443836869251,0.4673483898132565,0.0,0.09589690224206888
2025-12-19 03:00:00,1.8538,1.7939,1.8512,1.3071221181349661,-0.9957977691578832,0.024764638876612732,0.9565941641745979,0.33499840175718787,0.5716190963875895,0.06222848775630904,0.09442419881619683
2025-12-19 07:00:00,1.8765,1.851,1.8673,0.021526144740317114,0.23257156587649958,0.016900608295629338,0.6392154356017872,-0.4583315055675541,0.5497567877705413,0.10574796950811684,0.09368468818596302
2025-12-19 11:00:00,1.8903,1.8635,1.8772,0.3083780958161485,0.2334533389188637,0.004476164684015682,0.5111938391067751,-0.21953648302211665,0.47686671643367934,0.11746900395388013,0.0930966418281906
2025-12-19 15:00:00,1.9083,1.8716,1.8939,2.060784830423493,1.3337456301015982,0.007089783917350045,0.6076292622263557,0.585648947845241,0.472793953111174,0.13611701512019805,0.09171191074000944
2025-12-19 19:00:00,1.9213,1.8939,1.9078,-0.43950731688125827,1.322028611160977,0.011642215693551394,0.5072990849273404,-0.5286005230914904,0.5023999870015987,0.1669562328514249,0.08967206916489746
2025-12-19 23:00:00,1.9102,1.8936,1.8977,-0.9080934850238164,0.10200283239132907,-0.002989849124452104,0.24698780301939607,-0.9822292199763502,0.4773919285921183,0.15894417771315938,0.08728311178945661
2025-12-20 03:00:00,1.9189,1.8953,1.9169,-1.0693164950394027,0.10347615432381947,0.002213101918005611,0.9152538494687079,-1.096708624370513,0.5218618361088836,0.16485701122555807,0.08529102241745518
2025-12-20 07:00:00,1.9588,1.9068,1.9404,-0.14041500869723675,-0.04872580666008319,0.015977752871572104,0.6461537218935116,-0.6177707230374738,0.5464078388146961,0.2076398907636392,0.08562308782120842
2025-12-20 11:00:00,1.948,1.9198,1.9288,-0.22909186976735854,-0.052039567258138866,-0.0035893663536854525,0.31914882299687547,-0.7765044217132598,0.4031269361837562,0.19787524938448203,0.08690577171142447
2025-12-20 15:00:00,1.9352,1.9164,1.923,-0.6103005755773606,0.3441320477280835,-0.003520247450390368,0.35106364305125176,-0.9532678937830209,0.4420115409390628,0.19494866736957098,0.08857250878669326
2025-12-20 19:00:00,1.9378,1.9196,1.9339,-1.2241710487314061,0.3469862932796698,0.0015722695822808497,0.785713854003376,-1.08733287783045,0.5116721437446549,0.2246042445315643,0.08276121674595706
2025-12-20 23:00:00,1.942,1.9172,1.9247,-0.8274579880424177,0.41394045916657457,0.0015461882468945642,0.3024192328954739,-0.8626942297126459,0.4744192764811435,0.2658942475693111,0.08496531898562958
2025-12-21 03:00:00,1.9387,1.9201,1.9207,-1.1455874746585288,0.41912182920698215,-0.001792108928681091,0.032258047173101004,-1.0873080654228702,0.4141880283096003,0.25933236187471015,0.08654559414051398
2025-12-21 07:00:00,1.9498,1.9192,1.9339,-0.7384522471672881,0.4497605253490923,0.005526127758719079,0.48039199987189396,-0.8363090658584937,0.49943734914879867,0.28202713191477485,0.08800588833134168
2025-12-21 11:00:00,1.9386,1.8948,1.9077,0.07055192444573996,0.44275937144402844,-0.013042049853305149,0.2945204807030842,-0.39291867242494827,0.4902061189853405,0.2336671049590455,0.08515076438173005
2025-12-21 15:00:00,1.9186,1.8993,1.9127,-0.3984588376384965,-0.03412160471252502,-0.0028300393617185504,0.694300158393701,-0.9209601088416194,0.5325604351010405,0.22331015676267763,0.08500473047511316
2025-12-21 19:00:00,1.9195,1.9056,1.9178,-1.0635664394597508,-0.03131825150074284,0.003630033877979777,0.8776972102897744,-1.035103350026082,0.5086279558123371,0.23655720730426097,0.08539972521470997
2025-12-21 23:00:00,1.9493,1.9031,1.9192,-0.012995025561262806,0.024848378789360206,0.006312888791797366,0.34848477305524383,-0.18296142203457186,0.5073619180317627,0.2737485362009951,0.08199934943798898
2025-12-22 03:00:00,1.9285,1.9133,1.9181,-0.41616951105772226,0.02742001521082203,-0.0026937272827410874,0.31578926592810685,-0.8473893697935828,0.5196023906777997,0.26328243819689046,0.07217235544010678
2025-12-22 07:00:00,1.934,1.9145,1.9261,-0.16824826009482813,0.7671975795135043,0.0016432465058684453,0.5948714898094883,-0.6873993224111874,0.5554852640943192,0.26964984270088477,0.048126969807974464
2025-12-22 11:00:00,1.9473,1.9236,1.9403,-0.020172570786269634,0.7639627631306417,0.0050904789913130966,0.7046410528940662,-0.3417500713824637,0.44127786012229964,0.29878047353557985,0.03984681432866922
2025-12-22 15:00:00,1.9473,1.918,1.9272,-0.08650061103688508,1.3724187277585718,-0.0005349721701236598,0.31399306689656636,-0.2101300673060769,0.49335408921218415,0.2966259470246003,0.03279659386355964
2025-12-22 19:00:00,1.9278,1.8917,1.9089,0.3636394404925586,1.3596032284354225,-0.015353622258264976,0.47645416164704923,-0.3498509567826344,0.518561561117601,0.23482443420506996,0.026707778108621065
2025-12-22 23:00:00,1.91,1.8914,1.894,-0.010134917005629903,-0.9629966200471812,-0.0007617270467609183,0.13978487108339954,-0.8214345643177379,0.5367666775199996,0.23180540079864445,0.026895169969437093
2025-12-23 03:00:00,1.8976,1.8736,1.8823,0.21241837980583225,-0.9649191501548516,-0.008505148566355536,0.36249984895840226,-0.6786656553363863,0.46383035227238845,0.1981217228426283,0.03204613808664037
2025-12-23 07:00:00,1.9008,1.8757,1.8989,-0.817631253273314,0.21705960330825655,-0.00037220778152358136,0.924302420596645,-0.8890199193259999,0.5081838084347718,0.19666017339179467,0.03158510725860867
2025-12-23 11:00:00,1.9062,1.863,1.8729,0.11798275444580103,0.21325927468095895,-0.00010082877475836582,0.2291666136188404,-0.2694150599254087,0.43354390208635707,0.1962643960952753,0.03881568116328913
2025-12-23 15:00:00,1.894,1.8672,1.8821,0.29970689897860464,-0.11320919564120957,-0.001968007417961992,0.5559699418022669,-0.19897202658710797,0.49272737333947,0.1885402704923845,0.03998958955926008
2025-12-23 19:00:00,1.895,1.8753,1.8796,-0.9844123858090846,-0.11015259506975834,0.0012602679315050214,0.2182740008761396,-0.8458142345713712,0.46731256343124566,0.19347689329305873,0.042384627082370216
2025-12-23 23:00:00,1.8797,1.8504,1.8546,-0.6775145790563446,0.8027413877590321,-0.007615673593902916,0.14334466097451837,-0.7601023859709586,0.42244225228325843,0.16360777766283202,0.05038037657364189
2025-12-24 03:00:00,1.8676,1.8372,1.8523,-0.2242532236347285,0.7952904741355196,-0.0095884670967743,0.4967103629242267,-0.7721921486569403,0.5439007326746047,0.12628764998441874,0.05523398503309054
2025-12-24 07:00:00,1.8698,1.8511,1.8659,-0.6289612288158535,-0.38860855000560623,0.004182541778241955,0.791443427035599,-0.8013320752523407,0.5071378559880276,0.1424108007544838,0.05660037346964287
2025-12-24 11:00:00,1.878,1.852,1.8588,-0.517585792476924,-0.38583991045037214,0.0044733878720815134,0.26153836094678307,-0.6400232877312464,0.5098613729004908,0.1597272502314716,0.059275935522717066
2025-12-24 15:00:00,1.8716,1.8492,1.8562,-0.01537197588942897,-0.0024329705283302606,-0.0034606629739298844,0.31249986049113926,-0.302995069773696,0.38292858695178106,0.15312898217198143,0.05957372670661666
2025-12-24 19:00:00,1.87,1.8536,1.8696,-0.8043308169165573,0.002405044401527622,0.001525729927032371,0.9756091612139154,-0.9622666597839,0.4527353938054198,0.15990518178094473,0.05979153412791927
2025-12-24 23:00:00,1.8728,1.8564,1.8711,-0.9983887257053135,1.0509500523781181,0.0006488320038804396,0.8963409168652922,-0.9992296280498536,0.4804106746456272,0.1625509125798476,0.05956496326392197
2025-12-25 03:00:00,1.877,1.8663,1.8758,-0.9307384848853774,1.045156839864623,0.003666374632092406,0.8878496375236942,-1.0424366663479347,0.3328049275189543,0.17751092388128356,0.05803700061690268
2025-12-25 07:00:00,1.8812,1.8534,1.8577,-0.6906422177102323,0.9512133201778079,-0.0009101477336899144,0.15467620335388235,-0.8216166074254059,0.4400897715907065,0.1737836067214925,0.05801243645325104
2025-12-25 11:00:00,1.8709,1.8554,1.8697,-0.8605274703714988,0.943130540705409,-0.003079250819678747,0.9225800499483494,-0.9025181821616722,0.39794485818186953,0.16118466490576244,0.05547767216988286
2025-12-25 15:00:00,1.8892,1.8651,1.8738,-0.42210409376841734,-0.6028190306119057,0.006266362596046848,0.36099570083165633,-0.6650474518781405,0.4216784663241065,0.18674491865711537,0.05085488617223531
2025-12-25 19:00:00,1.8741,1.84,1.8459,-0.7724506811648277,-0.5966843615983244,-0.008878543001408779,0.17302047712009505,-0.7989659184210729,0.3851570115856454,0.15030274296503554,0.043866269090355334
2025-12-25 23:00:00,1.8807,1.8246,1.8695,0.4430796149892107,-1.172423448614374,-0.005869217134437776,0.8003563635728391,0.39254503030294535,0.4409481068530586,0.12642629874949574,0.03439283972362138
2025-12-26 03:00:00,1.8782,1.8546,1.8749,-0.46743376447049256,-1.1617469195230172,0.010627142272957357,0.860169127046977,-0.5381377726073989,0.3844717332802764,0.169404624186457,0.028943424551285853
2025-12-26 07:00:00,1.8833,1.8618,1.8788,-0.1656707016634268,1.0138554292470365,0.003597424010750805,0.7906973066524186,-0.6751080311282236,0.47174691379266936,0.18410795003935584,0.026731699476122684
2025-12-26 11:00:00,1.8795,1.8426,1.844,-0.19590359386750414,1.0159828967180493,-0.0035607952489374872,0.03794036912185309,-0.460694049086814,0.39818715553326617,0.16950197706133216,0.02906004252173464
2025-12-26 15:00:00,1.8495,1.8267,1.8453,0.5055623343384905,0.1351455989753492,-0.015774978474623946,0.8157891158819669,0.36526356355832257,0.40601533359412545,0.1050252368027854,0.026241275680757823
2025-12-26 19:00:00,1.8603,1.8415,1.8476,-0.9476058411395443,0.13239277559453266,0.005965281716429294,0.3244679125170649,-0.8766554127293431,0.37009190574546735,0.1290223863331328,0.02715421927378035
2025-12-26 23:00:00,1.8534,1.8417,1.849,-0.7719254870057103,-0.6304436888037198,-0.00182245186479002,0.6239310906571923,-0.9791007210828837,0.42887099253977146,0.12164728897062792,0.026304440308851294
2025-12-27 03:00:00,1.8535,1.8463,1.8479,-1.0440838020550376,-0.627643701552366,0.0019242940553796384,0.22222191358068585,-1.0865835230620784,0.33221379446042565,0.12942032940683812,0.02555530670919789
2025-12-27 07:00:00,1.856,1.845,1.8486,-1.009001821416722,0.3820095211502726,0.0005034134464432238,0.32727242975233733,-1.0433237684913261,0.35866775379615295,0.1314577430386816,0.026042599840048815
2025-12-27 11:00:00,1.8533,1.8434,1.8495,-1.0617270156196454,0.37804268109594974,-0.0008056958008129111,0.6161609937767721,-1.0397057451349334,0.37496340041632736,0.12819529148837622,0.02627111547796469
2025-12-27 15:00:00,1.8537,1.8435,1.85,-0.7759394633651673,0.10749376509499418,-0.0002575118937594434,0.6372542772017067,-0.9190682677339329,0.5159550999628498,0.12715340546271714,0.026506070939632583
2025-12-27 19:00:00,1.875,1.8481,1.8622,-0.8757476568800328,0.1139091882712543,0.007414566605741246,0.5241633739169629,-0.9538427781249228,0.41111904088761336,0.15714481248619938,0.026370957323248446
2025-12-27 23:00:00,1.8788,1.8621,1.8731,-0.9443886833915734,1.2287473211088993,0.00530040717799829,0.6586822403100321,-0.9375330516900016,0.5046153463743022,0.1787435581090938,0.026960823022695243
2025-12-28 03:00:00,1.8796,1.8713,1.8775,-0.9767332933801747,1.2312875268046726,0.0017203096891822423,0.7469870518228294,-1.0771947331270222,0.40074798789710386,0.18579084237621182,0.027805171813035184
2025-12-28 07:00:00,1.8796,1.8627,1.8713,-1.0358200822166257,1.4318028628604105,-0.0024575794655012917,0.5088754385352425,-1.0155295200683478,0.4870848527027297,0.17570599794139918,0.027915564885100008
2025-12-28 11:00:00,1.8766,1.8653,1.8711,-1.0354886541426587,1.4178859515403883,-0.00010438101320076054,0.5132738820585099,-0.9928370566153409,0.4403611186649814,0.17527871602283493,0.027388632206141607
2025-12-28 15:00:00,1.8754,1.8539,1.8569,-0.7528759353241373,1.1398163467311175,-0.0032760947385389594,0.1395348188210104,-0.8725524853787777,0.4026717087393135,0.16186947723366457,0.027619661220810318
2025-12-28 19:00:00,1.871,1.8539,1.8687,-0.9533332441811625,1.1429243620163034,-0.0024685562020103635,0.8654965698850478,-0.9722596585845172,0.504138736346189,0.15179864024852938,0.027366987241386982
2025-12-28 23:00:00,1.8972,1.8597,1.8918,-0.10904564861183363,0.4330282976316021,0.011293076214109021,0.8559997717333926,-0.3693615995509077,0.4752773565317155,0.19775666981360973,0.030293915873520705
2025-12-29 03:00:00,1.918,1.8911,1.9017,0.2860430836014891,0.43935668689110385,0.014791179764564566,0.39405189812196995,-0.35380987336941844,0.4081293137552534,0.25863027037840813,0.034639410682302564
2025-12-29 07:00:00,1.9053,1.866,1.876,0.024556079931928328,1.4338588825500296,-0.011132319348249653,0.2544528614623715,-0.2776640171447455,0.4326916865629109,0.21213716923974055,0.035493590471995295
2025-12-29 11:00:00,1.879,1.8555,1.8669,-0.08025165262943539,1.421895611967046,-0.010750535492241142,0.4851061765505648,0.06273725713982464,0.5056462767515907,0.16773837876445,0.035295882178991635
2025-12-29 15:00:00,1.8745,1.8548,1.8552,-0.5533457733961733,-0.5047847929593686,-0.001341522414194718,0.020304558221034146,-0.4346760352902041,0.5395709459928908,0.16225756810827452,0.0349126126243217
2025-12-29 19:00:00,1.8598,1.845,1.8524,-0.5711503054279438,-0.4993432801123084,-0.006626409309803183,0.49999966216239794,-0.7549584386677332,0.46352524890435765,0.1352215880639439,0.034086184499908016
2025-12-29 23:00:00,1.8548,1.8439,1.8521,-0.7916914962695054,-1.8041136974654528,-0.0015644867517258243,0.7522928878046949,-0.9594913548912775,0.472928438474838,0.12888072523255165,0.03336888962831347
2025-12-30 03:00:00,1.8676,1.8488,1.862,-0.7414898270855604,-1.7834553733351934,0.005883288789647612,0.7021272861025154,-0.9777207033792051,0.40605276567622806,0.15268838214894304,0.032225335666090864
2025-12-30 07:00:00,1.872,1.8565,1.8618,-0.45598643527021243,-1.6325209773472908,0.0032957141894478514,0.3419352632675616,-0.8305634639748893,0.49786157542003284,0.16610347316286359,0.031336984881219145
2025-12-30 11:00:00,1.8759,1.8542,1.8734,-0.47159568362341897,-1.614492207920722,-0.0010379543574987604,0.8847922189897623,-0.6825298488882959,0.3954282950199706,0.16186459147393015,0.030180626077048165
2025-12-30 15:00:00,1.8864,1.8645,1.879,-0.046781697060472145,-0.31492378476698046,0.0070898764506885925,0.6621001542921641,-0.42784326524126626,0.46232394514460695,0.19078874738826523,0.029341591158393573
2025-12-30 19:00:00,1.8804,1.8661,1.8721,-0.4889367616798554,-0.3128038789838671,-0.002172852865153563,0.4195801261677449,-0.8309129982419616,0.5127571635839402,0.1818614382051617,0.028053058557209527
2025-12-30 23:00:00,1.8839,1.8711,1.8793,-0.657640934113571,0.19354759429491925,0.0020278245438511977,0.6406244995121124,-0.9283511155747975,0.5846153910946243,0.19017478595644902,0.02670756539184933
2025-12-31 03:00:00,1.8797,1.8672,1.8731,-0.8929503577850462,0.1890251007177931,-0.0029186910416174605,0.4719996224003051,-1.0617644582790149,0.48206262188399485,0.1781849434398432,0.026516497529991065
2025-12-31 07:00:00,1.875,1.8655,1.8722,-0.8924848336329049,0.567369820513308,-0.0006022467890485217,0.7052624155132579,-1.0347835025015015,0.5499094894346981,0.17571816342064686,0.026513733792518996
2025-12-31 11:00:00,1.883,1.864,1.8665,-0.281950690017406,0.5611087996277992,0.0025326327227557233,0.13157887811637778,-0.7133946956547486,0.42709849615408557,0.18608548360336807,0.02643928130937827
2025-12-31 15:00:00,1.8677,1.8324,1.8346,0.6202357711521895,1.1643825601076447,-0.01507248674276096,0.06232292852041647,-0.24145311740851264,0.5054045513660281,0.12423006845531225,0.0319849347333803
2025-12-31 19:00:00,1.8481,1.8123,1.8412,0.3807695062388019,1.154605983096296,-0.009951968861201865,0.807262344340124,-0.331892285185776,0.5045863405623039,0.08400413847457773,0.034433855346950856
2025-12-31 23:00:00,1.8499,1.8392,1.8399,-0.5620229681533928,-2.311168340761286,0.008079262382613583,0.06542049960702231,-0.894566896892764,0.4914304681296229,0.11633557950679878,0.036602948924628495
2026-01-01 03:00:00,1.8558,1.8261,1.8456,-0.4006537951420832,-2.27331040451626,-0.0017706834850492736,0.6565654354998519,-0.8783975925529804,0.5047939197573901,0.1096219840329018,0.03776165364568674
2026-01-01 07:00:00,1.8552,1.8416,1.8533,-0.9938943014374768,-0.8904623074794874,0.004996571271930206,0.8602934850783195,-1.0790337453909158,0.4315125060017346,0.12982217678051705,0.03536092658227266
2026-01-01 11:00:00,1.8602,1.85,1.8562,-0.6509761097187887,-0.8824412248215836,0.0033165974362976414,0.607842541330841,-0.9865285157937196,0.47020715474044905,0.1491856203820669,0.029403300748788098
2026-01-01 15:00:00,1.8754,1.8521,1.8691,-0.4351109130562796,-0.4364807731334835,0.00508336251191932,0.7296134207667719,-0.6831873171202687,0.5128131957680511,0.1707593528129521,0.02850385386705612
2026-01-01 19:00:00,1.8765,1.8674,1.8762,-0.9231502767833196,-0.4323793708237782,0.0034288805288167357,0.9670319043605486,-0.9959218459387328,0.515678739258608,0.18538545635856152,0.029246843894249554
2026-01-01 23:00:00,1.882,1.8689,1.8772,-0.552842356275794,1.187150473096902,0.0028848385281114997,0.6335873026051159,-0.8323191764880586,0.45961626415974716,0.19773310879850184,0.030097903534575046
2026-01-02 03:00:00,1.8925,1.8721,1.8773,-0.012487682450008263,1.176731697417913,0.002115918604401301,0.2549018358324274,-0.551471262342424,0.4778697255169266,0.2068157657183598,0.030560748253700958
2026-01-02 07:00:00,1.9091,1.8708,1.8973,0.09744642144030705,1.3988769293673393,0.006100972631269075,0.6919058245676689,-0.34282974730551197,0.526454311131606,0.233059823810547,0.03369990112137596
2026-01-02 11:00:00,1.9232,1.8873,1.9169,0.791747840904159,1.3869235829896935,0.005084172337589621,0.8245123051497767,0.14695564007168274,0.4273288438224823,0.25506342403723375,0.04103781254537108
2026-01-02 15:00:00,1.998,1.8987,1.9782,3.709886424924285,1.376813687251421,0.031893659947248354,0.8006041489824619,2.284874224705917,0.4414003008973394,0.3937965831824406,0.06352229167911431
2026-01-02 19:00:00,2.0315,1.9724,2.0155,1.7196894979557011,1.36683427037875,0.01990244604159197,0.7292722962314214,0.9059248904220367,0.4496584286270829,0.4831306933160363,0.0885013746183718
2026-01-02 23:00:00,2.0396,2.0046,2.0251,0.4228805709870278,1.3535854511976004,0.009879198258555322,0.5857141183673976,-0.04937326699831008,0.4994889130154145,0.5283570074534828,0.10862864081915224
2026-01-03 03:00:00,2.0561,2.008,2.0115,0.8935676395540197,1.340541483600514,0.007984966516181746,0.07276505763719904,0.1246813196473102,0.3792211960952413,0.5653148879600465,0.1219020572871669
2026-01-03 07:00:00,2.0217,1.9844,2.0055,0.7026980043277372,0.9575905627195607,-0.016855059280278195,0.5656834944548287,0.25753542645804933,0.46615339830442365,0.4867631847923066,0.13141895036936843
2026-01-03 11:00:00,2.0188,1.9941,2.011,-0.39907015708748866,0.9542349390917026,0.0009616111967400975,0.6842102493075922,-0.510744755067111,0.5209324645991668,0.49116916337541855,0.13892621335172345
2026-01-03 15:00:00,2.013,1.9964,2.01,-0.7025652108634187,0.8186284673086366,0.00018416342671079278,0.819276614893598,-0.7004296495154434,0.5063167204697951,0.49201378788405586,0.14489187034121556
2026-01-03 19:00:00,2.0174,1.999,2.0145,-0.8623330909086414,0.8182534467644491,0.0014081048242788885,0.8423908465267169,-0.7314404461334157,0.48705735818032025,0.4984729361296144,0.14904391918292423
2026-01-03 23:00:00,2.0485,2.0124,2.0311,0.38178369371900617,0.7386945096192031,0.01116238979683648,0.5180053966744002,-0.1586613464843062,0.46333141961257046,0.5497482765192284,0.14921195729497544
2026-01-04 03:00:00,2.0759,2.0305,2.0677,2.354902905699682,0.7316824915250496,0.0138197180854982,0.8193830794310396,0.5698246932562601,0.5296616508616002,0.613938880086862,0.15140890661210538
2026-01-04 07:00:00,2.0929,2.0601,2.0912,0.6075144683401628,-0.3080571176433259,0.008726002351688633,0.9481704426309621,0.2675406286242743,0.5117385880985383,0.6550300337811329,0.15457781960006292
2026-01-04 11:00:00,2.1204,2.0814,2.0909,1.364916061448901,-0.3028341542008628,0.011478079686704445,0.24358968113085172,0.8701169164569541,0.5137240232490698,0.7095524960564549,0.15630136863043056
2026-01-04 15:00:00,2.1035,2.0741,2.0876,0.32748077630923467,0.6329653733154376,-0.005833601731486504,0.4591835172845222,-0.01452872421164509,0.4086440253575722,0.7034080673126225,0.15533124927098071
2026-01-04 19:00:00,2.1032,2.0722,2.0863,-0.4617207516683047,0.6341493602673913,-0.0003191169859484422,0.4548385629553003,-0.3192785183129366,0.49134564677840425,0.7018348168073811,0.1510699553605474
2026-01-04 23:00:00,2.1665,2.0842,2.144,1.7855526172638876,1.0488046715566808,0.01949619187288998,0.7266098752600401,1.3364192773832684,0.5184902584642799,0.8074355037004588,0.1496096679243222
2026-01-05 03:00:00,2.1538,2.11,2.1236,0.1832547018765837,1.0407031321930538,0.002018916289216799,0.3105022122141127,0.2327252269123289,0.47727604371628884,0.8177005622250076,0.14731998112786368
2026-01-05 07:00:00,2.153,2.1235,2.138,0.43468500926961046,0.12196763819936003,0.0033350028065599613,0.4915252571100795,0.1324143958129245,0.5089016819227143,0.8346914175419383,0.14062146115033464
2026-01-05 11:00:00,2.154,2.1121,2.1498,0.680729522478901,0.11737553416785865,-0.005082272937174781,0.8997611217753891,0.8617487219347366,0.4709761393871343,0.8087123842721357,0.13089178878025953
2026-01-05 15:00:00,2.2694,2.1381,2.2674,4.364420622109061,0.3075917392061626,0.034304350021300944,0.9847676325386402,3.136165377417786,0.4935064805466389,0.9831745926333894,0.13723800343576265
2026-01-05 19:00:00,2.3497,2.2581,2.3352,5.0,0.3020693428181877,0.04941212394876593,0.841702964879589,4.379067971189497,0.4676745936047104,0.9999999807825278,0.15656804500060575
2026-01-05 23:00:00,2.4172,2.3164,2.393,4.17240642431415,1.3094113825428713,0.024237574517493643,0.7599205595316906,4.777574620989825,0.5086103504777942,0.999999982649915,0.18560295154345274
2026-01-06 03:00:00,2.4084,2.3657,2.3764,1.3354199299644935,1.307435649973579,0.009426135657556678,0.25058542140856505,1.4534756748047115,0.4710771557783834,0.99999998329645,0.20917792060483514
2026-01-06 07:00:00,2.3773,2.3215,2.3611,1.5271037557151337,1.3042915373913948,-0.01856081898178552,0.7096772921725287,1.621077098858019,0.48342342621155854,0.9259323446682111,0.224918800027142
2026-01-06 11:00:00,2.3996,2.3566,2.3794,1.6434513539296567,1.3011613177733112,0.014860762911405256,0.530232434829668,1.4655588248940787,0.4730505903897937,0.9841340702846708,0.2343039463405713
2026-01-06 15:00:00,2.3925,2.2046,2.2458,5.0,0.7176359002227917,-0.04084112371875692,0.21926555512157725,4.611905833984323,0.47978728133569076,0.8218040284696798,0.24193289061888526
2026-01-06 19:00:00,2.2999,2.2246,2.2918,1.1049871385272034,0.714245503494366,-0.007267772027006236,0.8924301603678376,1.0625347419130327,0.5014136289328598,0.7940968014031844,0.2321219698695784
2026-01-06 23:00:00,2.3205,2.2565,2.2756,0.8087090704343811,-0.09545610555105746,0.011214340346219265,0.298437453369146,1.1903425609940022,0.4693043255003832,0.8365389753795666,0.22471572259173905
2026-01-07 03:00:00,2.2813,2.2451,2.2643,-0.2747104976214976,-0.10339368720548195,-0.01300081707946854,0.5303865938158608,0.04064298449776132,0.42128102673938167,0.786783857843826,0.21382414197578303
2026-01-07 07:00:00,2.2913,2.2327,2.2493,0.15531486615789128,1.2843594478497276,-0.0006941705631742234,0.28327640217126054,0.6774640803768415,0.5315172522010962,0.7841617527455085,0.20215239929026202
2026-01-07 11:00:00,2.2583,2.2061,2.2292,0.41757326063930145,1.2732046509403776,-0.011967228427843146,0.4425286508565781,0.7030381680853118,0.4620312618626165,0.7389890679195443,0.19343775856133436
2026-01-07 15:00:00,2.2302,2.1823,2.1879,0.8759191277238878,1.2462534157252132,-0.014629586119917382,0.11691020523794977,1.3025185446258547,0.49193730705461847,0.684427641937213,0.18899403964226918
2026-01-07 19:00:00,2.199,2.1669,2.1694,0.22890274936722466,1.235257124566692,-0.008687537033505,0.0778815956755142,0.41430340041070385,0.500735708900802,0.6525012486220688,0.182654880024999
2026-01-07 23:00:00,2.1925,2.1475,2.1678,0.6447008670155316,1.1926296863532797,-0.004869460060907493,0.4511110108642251,0.8844086776960433,0.5384453051540705,0.6347616183098426,0.1737559486020971
2026-01-08 03:00:00,2.1766,2.108,2.1081,0.30932972490546307,1.1849819811043432,-0.013684687672517737,0.001457725735022006,0.5287603151251751,0.4513669719354781,0.5851505360191646,0.1752896747788147
2026-01-08 07:00:00,2.1344,2.081,2.1036,0.7223486191837344,0.8401983588809981,-0.014600583185943039,0.4232208945279265,1.0244930322987855,0.47816722246820287,0.532943409523666,0.1807571955476613
2026-01-08 11:00:00,2.1055,2.0649,2.087,1.666066187384492,0.834691981911256,-0.01227514956151321,0.5443348412968377,1.1962982591508318,0.40296657891943743,0.48969215784709536,0.18735048038410723
2026-01-08 15:00:00,2.1689,2.0737,2.1368,2.0757328861156013,0.5965682715707215,0.02046221513972135,0.6628150564269911,2.275027031228119,0.4941874122343108,0.5609053600656283,0.1831069268971946
2026-01-08 19:00:00,2.15,2.1132,2.1338,-0.17943340684146863,0.5943656358906375,0.002860861654406799,0.5597824565808537,0.25600326572115006,0.5044459233882842,0.571065545954257,0.18491909566204448
2026-01-08 23:00:00,2.1429,2.1085,2.1182,-0.0946494895126622,0.11228190640583888,-0.002751019152980705,0.2819766622160861,-0.05936902586137982,0.561472733121449,0.5612675085360664,0.19243511786440984
2026-01-09 03:00:00,2.1474,2.1168,2.1439,-0.19050270358501875,0.10713291941761009,0.0035223786741496177,0.8856206256141661,-0.30978292323490914,0.5645572487077866,0.5737783097585916,0.1875956185822978
2026-01-09 07:00:00,2.144,2.0727,2.1006,0.5192305871057821,-0.2409269210883705,-0.014906263865465341,0.3913042929446973,0.7081452690106943,0.4612226366800311,0.5206476820061469,0.18159304261547862
2026-01-09 11:00:00,2.1193,2.0809,2.0906,0.46329220561815093,-0.2351530597567932,-0.0013696744834361674,0.25260410088433977,0.43859832229182255,0.5411499859800889,0.5158385016423589,0.17184810883457405
2026-01-09 15:00:00,2.1622,2.0759,2.0925,1.502405302388954,0.2913147301611281,0.010869662493206533,0.19235223727088724,2.2438585185522713,0.5473608385205696,0.5539516222862555,0.15877865575270567
2026-01-09 19:00:00,2.1013,2.0762,2.0979,-0.4586314950491803,0.2939363149647089,-0.016346065237357488,0.8645414882304806,-0.17779355304062833,0.5635834287018749,0.49601317647434706,0.13369226221195601
2026-01-09 23:00:00,2.1016,2.0892,2.0945,-0.777548230039487,-0.7787653942934644,0.003474280485039838,0.42741901014596734,-0.7362317532691863,0.5127834631084329,0.5081264304690215,0.1318927751909594
2026-01-10 03:00:00,2.098,2.0806,2.0929,-0.8029911954743957,-0.7718019750316562,-0.0026034651762026906,0.7068961454620024,-0.7949230423806422,0.48095430026649,0.49901778149770243,0.11978835992100809
2026-01-10 07:00:00,2.1053,2.0904,2.1049,-0.726560515995213,-0.08896081048600714,0.004115127261097751,0.9731537092928162,-0.7543350500059026,0.578366378430854,0.5133777444041031,0.10542972686155572
2026-01-10 11:00:00,2.1106,2.0874,2.0908,-0.6357285123175107,-0.08423331107887368,0.00022394299729122658,0.14655166096911676,-0.740230168628402,0.5077652428581092,0.514162421622976,0.09152212178391299
2026-01-10 15:00:00,2.101,2.0878,2.0971,-0.6817650639663109,-0.6127951700885762,-0.0020548954650800866,0.7045449207993154,-0.830065423546337,0.5218145165217213,0.506960630227612,0.07473543846419659
2026-01-10 19:00:00,2.0985,2.0825,2.0858,-0.7995123875976723,-0.6060819201118931,-0.0010861181092954864,0.20624987109382154,-0.9302895497970796,0.471175539078209,0.5031619344777286,0.05913656109904122
2026-01-10 23:00:00,2.0966,2.0854,2.0926,-0.7157837902143604,-0.2206144586185629,-0.0003975500927827502,0.6428565688780663,-0.8018872446340872,0.5674119086957355,0.5017730140556154,0.04969028608619954
2026-01-11 03:00:00,2.0961,2.0863,2.095,-0.8055547107363644,-0.21887086616873194,0.0008365266567145202,0.8877541961692205,-0.890704256273478,0.5068876041228155,0.5046944246580167,0.04229807481340866
2026-01-11 07:00:00,2.099,2.0881,2.093,-0.7667463266574324,-0.0953513393598892,0.0003891508846467495,0.4495408719808484,-0.8862112329527877,0.5168888288844703,0.5060545971436954,0.03252352552456574
2026-01-11 11:00:00,2.1099,2.0913,2.1085,-0.5578293337702926,-0.09699030205293993,0.0033639367217352945,0.9247306856286487,-0.7610691882352241,0.5764990255628608,0.517816910750651,0.03229689805119692
2026-01-11 15:00:00,2.11,2.0839,2.0931,-0.3282697800280316,-0.5373223185064803,-0.003232845003448226,0.35249028640220115,-0.4635991763014999,0.4970541354719045,0.5064749456360818,0.03280556880164808
2026-01-11 19:00:00,2.0968,2.045,2.0615,0.13647958923332815,-0.5337893021387641,-0.013476606964155091,0.3185327570400114,0.16473360851341215,0.48836179089876364,0.4593470871615958,0.03725915972824743
2026-01-11 23:00:00,2.1069,2.0364,2.1,0.9062438564998834,-1.3683914872797995,0.0010272203014238812,0.9021275316131175,1.3361451681822962,0.4965619454197835,0.4628908783571387,0.03291120595578948
2026-01-12 03:00:00,2.1058,2.0689,2.0708,0.3004333445383138,-1.3579766575302057,0.009286931546013344,0.051490500951084504,-0.16350196532458205,0.3869090736276841,0.4949626286845322,0.03165742619002065
2026-01-12 07:00:00,2.077,2.035,2.0365,0.10945326251243069,0.04174944960765693,-0.016966201924286772,0.035714277210887886,0.21765686019160463,0.4269160909479931,0.43582693448327886,0.039927512744088865
2026-01-12 11:00:00,2.0767,2.035,2.0728,-0.11146232665303878,0.03858605715530773,0.001024433230242927,0.9064746027638787,0.05147271555261413,0.42327990347582733,0.43933701577971435,0.03220422178212476
2026-01-12 15:00:00,2.1086,2.0535,2.067,0.4497767299988669,-0.30604006878221146,0.015322193071835688,0.24500902994391624,0.6409632515090449,0.46058257525783475,0.49189021099758723,0.03309068621450309
2026-01-12 19:00:00,2.0759,2.04,2.0545,-0.33148592279735983,-0.3077120308896364,-0.012513456841235837,0.4038996089416139,-0.3314841227720562,0.49534087461808773,0.44831300566553206,0.03608206993337814
2026-01-12 23:00:00,2.0644,2.0459,2.0523,-0.6999064493793108,-0.16880473638211807,-0.0016122283209686339,0.345945758948225,-0.6241497772452735,0.45149498910170943,0.44276879394381263,0.03863237064304614
2026-01-13 03:00:00,2.0808,2.0474,2.0631,-0.386621516567575,-0.17193456500361223,0.0024232312880665408,0.4700597395030685,-0.4127913401524208,0.49055290134652924,0.4510884884927953,0.03873439413757356
2026-01-13 07:00:00,2.0745,2.0523,2.0605,-0.36378163107206873,0.9765475623727597,0.0010010809490623718,0.36936920298686116,-0.4336096931572433,0.49622339281975747,0.4545338344210932,0.03929888186505585
2026-01-13 11:00:00,2.0977,2.056,2.078,0.12481160104745541,0.9678620917781063,0.005082939712921286,0.5275778111324136,0.24032241056824055,0.44623798691618244,0.4720449228858819,0.038503768268088615
2026-01-13 15:00:00,2.115,2.0664,2.1066,0.7569115494263207,-0.4841663226360106,0.011550403415227839,0.8271603236295562,0.970810289027418,0.42567610676421475,0.5120391434682996,0.03820812085994697
2026-01-13 19:00:00,2.1821,2.1037,2.1746,1.2973330109685948,-0.49018423605604716,0.024113288333560856,0.9043366193448157,1.5881539797371813,0.5267020863315561,0.5964977771760661,0.053952951142463096
2026-01-13 23:00:00,2.1924,2.1503,2.1714,0.6595740737634782,1.0504642657797418,0.01106361913707965,0.5011875294091404,0.8247857435091588,0.47581223722064914,0.636183366191027,0.06500783507731162
2026-01-14 03:00:00,2.1861,2.1333,2.1489,0.5707823257083162,1.041131974515049,-0.006234637117765396,0.2954544894972487,0.23990897938198835,0.4623584540774612,0.6135720794227808,0.07056849582918004
2026-01-14 07:00:00,2.1563,2.1282,2.1354,0.020298434397435155,1.2485848692610404,-0.005157621198695228,0.25622766682289966,-0.02647060129110251,0.5315375978550634,0.5949834489093974,0.07351874433227062
2026-01-14 11:00:00,2.1693,2.1116,2.1598,0.3852486681798529,1.2369516995751597,-0.005476374482769275,0.8353551411862895,0.5769410110200239,0.43284698739916994,0.5753477950231993,0.07790891260467325
2026-01-14 15:00:00,2.1765,2.1246,2.14,1.276127087735516,1.1184778560049906,0.009860906734747266,0.2967244129625433,1.39588754766936,0.45439487601408934,0.6105106545607417,0.0807884900345896
2026-01-14 19:00:00,2.165,2.1314,2.1358,0.04789866579980522,1.1178728885538363,-0.004239176823594204,0.130952341978469,0.059288107031831745,0.4689195240321893,0.5952451758798951,0.08240985137054627
2026-01-14 23:00:00,2.1469,2.0999,2.1048,-0.12964888024647347,1.1955013803181027,-0.01018543588582288,0.10425529696696044,-0.15653275559710897,0.469974963311537,0.5587224192093205,0.08361103632077299
2026-01-15 03:00:00,2.1082,2.0819,2.0913,-0.013675181236283706,1.1959476793616257,-0.013523633408026092,0.3574143127702178,-0.19770461011833088,0.5534454940881871,0.5107235330095179,0.08249391840256308
2026-01-15 07:00:00,2.1223,2.0893,2.1156,-0.357410781750209,0.5924287524156107,0.004451576877057217,0.796969455463803,-0.4336589883758635,0.5637904191350812,0.5263096644080351,0.08176941687510271
2026-01-15 11:00:00,2.1325,2.0889,2.0967,-0.2936028951308068,0.5914543135958875,0.0040467021609313925,0.17889904153690903,0.06065964587679552,0.47542318442509235,0.5405412962856275,0.08136313579622942
2026-01-15 15:00:00,2.1072,2.065,2.0705,0.2943910078638794,-0.16074025632569502,-0.013700656714801251,0.1303317226702086,0.7988082747054086,0.5026652343968661,0.4921632017321583,0.07818099173702546
2026-01-15 19:00:00,2.0801,2.0532,2.0753,-0.40232068012057115,-0.15754613121125802,-0.008926603712908432,0.821561032876942,-0.1552734142800191,0.5547459792656657,0.461074515236885,0.07780569779151246
2026-01-15 23:00:00,2.0866,2.067,2.0756,-0.7977466061162993,-0.5801332353390295,0.005139016105581096,0.43877528633914514,-0.6082669444633944,0.4881883899854629,0.47881240352278814,0.07705581709062458
2026-01-16 03:00:00,2.0791,2.0577,2.0736,-0.6878124836511486,-0.5756243687191942,-0.0038738493890854153,0.7429903070138707,-0.6777800092709595,0.3835602190814784,0.46537266561199403,0.07506745079234595
2026-01-16 07:00:00,2.0817,2.0592,2.0615,-0.7725325835054317,-0.31734796438486085,0.0007981932291363236,0.10222217679014241,-0.7285699867383936,0.4609424685295171,0.4681311494813788,0.0742955117474854
2026-01-16 11:00:00,2.0682,2.0525,2.0558,-0.4328597997896727,-0.31204006567493153,-0.004541734993084523,0.21019094892295578,-0.3496512916889164,0.45610781019616337,0.45242279432856347,0.07541966240786052
2026-01-16 15:00:00,2.0654,2.0263,2.0501,0.17038400151490232,-1.1706697006090685,-0.008986927097681896,0.6086954964973179,0.48833744002627305,0.4730204694857129,0.42148116370000477,0.07702238690915994
2026-01-16 19:00:00,2.0798,2.043,2.0739,-0.6242220824008426,-1.16389663639181,0.012142068643793413,0.8396736848712806,-0.48882180078927356,0.49747864932177605,0.462910125101151,0.07645425233694825
2026-01-16 23:00:00,2.074,2.0586,2.0625,-0.9490702371286803,1.2066671272226177,-0.0006047932050005089,0.2532465888009089,-0.8335245340770963,0.40574277036442397,0.4608215036143827,0.079138316386392
2026-01-17 03:00:00,2.0664,2.0536,2.06,-0.8966109795634629,1.197475870719281,-0.0028170909275344602,0.4999996093753225,-0.9077420626302906,0.5216138899861485,0.4510987122728307,0.07434489609946704
2026-01-17 07:00:00,2.0673,2.0558,2.0611,-1.0007858978266906,0.7999726464336478,0.000906041905851529,0.4608691644616096,-0.9407798564918014,0.489741208176936,0.4542169786500927,0.0678184334725231
2026-01-17 11:00:00,2.0793,2.0562,2.0743,-0.8474725308739621,0.7951357292297853,0.0019283668716436608,0.7835494443508935,-0.7516085225985797,0.5430823631264605,0.46085972852333784,0.06265916114731707
2026-01-17 15:00:00,2.0834,2.0679,2.0765,-0.5631226522805551,-0.2336679985204482,0.004634305769760649,0.5548383517171782,-0.5327290324227457,0.500808011409566,0.47685455730507087,0.0590479375960456
2026-01-17 19:00:00,2.0777,2.0591,2.0646,-0.9353636748155845,-0.24231963889548028,-0.0031811559485692698,0.29569876575335224,-0.9131499623405237,0.4537037208844906,0.465824243333914,0.04941621268746654
2026-01-17 23:00:00,2.068,2.0482,2.0529,-0.7858150582577128,1.0368411987495054,-0.005882873276514489,0.23737361748807898,-0.722951938572432,0.41750601958349004,0.44549090686067644,0.04307468036717944
2026-01-18 03:00:00,2.0606,2.047,2.0586,-0.951125177359501,1.028395818779642,-0.0012228277413306454,0.852940549308434,-0.8462896363866532,0.4887225991587399,0.44128923634994094,0.0339784896437246
2026-01-18 07:00:00,2.0618,2.0504,2.0574,-0.9812764013453339,-0.46173288855989525,0.0007194463588382494,0.614034549092507,-0.8866742551041644,0.4674422945027737,0.4437582513964903,0.031244924100438658
2026-01-18 11:00:00,2.0605,2.0478,2.0501,-0.8459053944796062,-0.4622899235090164,-0.0012342581500356387,0.1811022196045468,-0.7998805849085577,0.5059507445341097,0.4395194442240969,0.03100140116819124
2026-01-18 15:00:00,2.0661,2.045,2.0616,-0.7482633752850774,-1.0512145289444759,0.0001127883576972355,0.7867294849623224,-0.6411622144282818,0.5125224368626662,0.4399063146818067,0.022085314045580996
2026-01-18 19:00:00,2.0644,2.0511,2.0607,-0.9792168372304525,-1.0418530273095912,0.0020087462988012117,0.7218039685684605,-0.836291541934242,0.45267943255855675,0.44679720543077517,0.01699184175661282
2026-01-18 23:00:00,2.0607,1.847,1.9576,4.258405094389947,-0.15094457971188482,-0.051735851563855184,0.5175479402176908,4.344926864535498,0.4883117054911354,0.26896378193906156,0.05147707935889447
2026-01-19 03:00:00,1.9746,1.9517,1.9623,0.6298706997405186,-0.14897146084311252,0.005562653407548357,0.46288189393803664,-0.058983369688381866,0.5753808231261544,0.2870952562817494,0.06666466857437625
2026-01-19 07:00:00,1.984,1.9535,1.9824,0.10661981149302886,-1.6603720762800174,0.004553802593705969,0.9475406729374827,-0.21967175238404485,0.47301438485939884,0.3020209475430956,0.07212131298381698
2026-01-19 11:00:00,1.9853,1.9647,1.9793,-0.24763192388410699,-1.6662834428822257,0.0014927667673940714,0.7087375200303322,-0.34647231947105916,0.3981796478503784,0.30693596895192,0.07740018177349343
2026-01-19 15:00:00,2.0299,1.9773,2.0109,-0.13702342569554093,-0.5101555478463513,0.017246563975125806,0.6387831485203114,0.1480685445870135,0.4932203624649062,0.3638060512222042,0.07696756731219001
2026-01-19 19:00:00,2.0184,1.9794,1.98,-0.42028903332220063,-0.5044473856889863,-0.0044767224412594064,0.015384611439841468,-0.2670713330026227,0.4971460383334514,0.34878958743442123,0.08239427752849375
2026-01-19 23:00:00,1.9957,1.962,1.9696,0.05483352103160354,1.2649415241349455,-0.009960731527770439,0.22551922091417886,0.0165197870521706,0.5521872148388572,0.31552744964474166,0.08794112351126217
2026-01-20 03:00:00,1.9738,1.9419,1.9484,-0.18730766724855688,1.263372301997753,-0.010169472542509661,0.20376169161075317,0.07369962414515324,0.4504764969560439,0.2819065157861645,0.09452209631716171
2026-01-20 07:00:00,1.9566,1.9191,1.9299,0.9800514816644985,0.8255126891006309,-0.01539012084180924,0.2879999232000194,0.4521791214649799,0.5978555622558724,0.2315432112794072,0.1035711814684821
2026-01-20 11:00:00,1.9408,1.9145,1.9251,0.010420382408479471,0.8246535909752691,-0.0008480395859797873,0.403041671847271,0.34684372441460143,0.5039558805832303,0.22881075952640087,0.11068478952335979
2026-01-20 15:00:00,1.9331,1.8943,1.8985,0.23960456288782833,0.5861699220048611,-0.00788038368245736,0.10824739478159895,1.262340383340406,0.5054791410289506,0.20344106225831723,0.12174984914298498
2026-01-20 19:00:00,1.9117,1.87,1.8903,0.010622810640734065,0.5836793543359672,-0.009672502583356501,0.4868104348176429,0.5567459265729992,0.5391646295581977,0.17254729909399485,0.1285484178463307
2026-01-20 23:00:00,1.9179,1.8842,1.897,-0.1512728849007236,-0.1627562148006692,0.004525561265471101,0.3798218457501936,0.294372219631173,0.5287050094223342,0.18686203186272163,0.12959323537887144
2026-01-21 03:00:00,1.9268,1.8966,1.9153,-0.3791845656855204,-0.16676079253583548,0.004606821581108367,0.6192050929784438,-0.4704920269813147,0.5333506696049155,0.2014997432975199,0.12652017739361252
2026-01-21 07:00:00,1.9219,1.8978,1.903,-0.0030545778653282545,-1.1972594571660575,-0.0013974545992970766,0.21576754532467377,-0.32333454106219506,0.49130647199825034,0.19703901656521264,0.1267060921047388
2026-01-21 11:00:00,1.9449,1.8798,1.943,1.244920767613047,-1.20799303143672,-0.00012095531566680418,0.9708139829778828,1.2292846220352462,0.43787880017265357,0.19665346227558203,0.11730629960988485
2026-01-21 15:00:00,1.9609,1.8712,1.9055,0.7459822598809965,0.9758153659752951,0.002064281569818416,0.3823856875824201,1.93573629042827,0.4964375865117808,0.20323272125580383,0.11384205725662862
2026-01-21 19:00:00,1.9907,1.8989,1.9655,0.8269691923105413,0.9674027868032372,0.026549688580361996,0.7254901170490078,1.844017375889547,0.5036509689371306,0.28802631853306393,0.10141719897103145
2026-01-21 23:00:00,1.9681,1.9393,1.9453,-0.5650730714950885,0.4795468246833116,-0.0035193654555953913,0.20833326099539612,-0.1647823815310172,0.49714648552597535,0.27648785527958286,0.08834793087389728
2026-01-22 03:00:00,1.9598,1.942,1.9556,-0.7966083972126472,0.4728134560086058,-0.002568162449535727,0.7640445145817348,-0.578709175012894,0.44542830460306876,0.2680976041654011,0.06956954337186651
2026-01-22 07:00:00,1.9647,1.9465,1.9562,-0.5523853632674862,0.6647032337171607,0.0024740632720055,0.5329667401281672,-0.5596667259872399,0.40645971239312473,0.2761596728951181,0.06948744640449195
2026-01-22 11:00:00,1.9569,1.915,1.9152,-0.2737079071312681,0.6686944461801666,-0.010556689723288382,0.004773268550532034,-0.09148354136906174,0.5007767044986122,0.24167416740081127,0.07146504234778457
2026-01-22 15:00:00,1.9333,1.9016,1.9224,-0.2725542219443822,0.1527569956506044,-0.008886406902811173,0.6561512125705988,0.09939365893492133,0.5173454139755032,0.21295142183668508,0.06863572354365849
2026-01-22 19:00:00,1.9358,1.9177,1.9244,-0.815029583354518,0.14592786082878764,0.004901602953228057,0.37016554134501295,-0.6038916719369216,0.5297711785089232,0.22865365121299303,0.06569636125495912
2026-01-22 23:00:00,1.9265,1.9091,1.9093,-0.7266605443323847,-0.5151722256196288,-0.0036017674275977685,0.011494246267673237,-0.5265663270044213,0.4458265614468182,0.21705887439803218,0.055585192984953034
2026-01-23 03:00:00,1.9257,1.9033,1.9114,-0.6382051676712812,-0.5175616174842345,-0.002465459222503741,0.3616069814254549,-0.5478117061649254,0.4773541139276178,0.20915067703064064,0.05031307012138755
2026-01-23 07:00:00,1.9159,1.9017,1.9077,-0.46546205275946256,0.7771856090381204,-0.0025482269700186633,0.42253491370780794,-0.5329098130679685,0.4234235397399496,0.20099714604158217,0.04636962158203232
2026-01-23 11:00:00,1.9147,1.8873,1.8966,-0.5813600545670659,0.7738625472594526,-0.004270474301556693,0.3394159345197339,-0.3713542476806116,0.5143419375111019,0.18736778055858203,0.046551216293790235
2026-01-23 15:00:00,1.9656,1.8892,1.9445,0.32813178237738644,0.28086533449441875,0.018043258736274215,0.7238218947877086,0.7696942158622804,0.45182371677358135,0.2447075426819102,0.04653448293900191
2026-01-23 19:00:00,1.9445,1.9077,1.9257,-0.3211213742894484,0.28412417571501974,-0.006584070558205535,0.489130301866767,0.037829968031285924,0.4691380717009929,0.22340646290632693,0.04699978727284696
2026-01-23 23:00:00,1.9268,1.9161,1.9239,-0.7996080532540099,-0.0742961063500947,-0.0012525626739539053,0.7289712813352434,-0.6666603263932063,0.47049327064201185,0.21938079701577823,0.04566559825266533
2026-01-24 03:00:00,1.9276,1.918,1.9188,-0.8689335307702847,-0.07579002982390141,0.0005555658101068506,0.0833332465278817,-0.8854329794864989,0.41013908187336,0.22116411771801403,0.04298903481634099
2026-01-24 07:00:00,1.9214,1.9147,1.9176,-0.8942949002357427,0.012275749132098593,-0.0024345991437950687,0.43283517487286344,-1.0419716514385053,0.3711198995608922,0.21334491239661918,0.041048423846226714
2026-01-24 11:00:00,1.9242,1.9154,1.9193,-0.7446737819298928,-0.0017007511451937285,0.0008155964209062283,0.44318131456669374,-0.9309447145388017,0.3978045306649112,0.21595798719495193,0.040830060000764466
2026-01-24 15:00:00,1.9215,1.91,1.9209,-0.9263986819900549,-0.39034702228089263,-0.001946705217571676,0.9478252627606472,-0.8978677465239727,0.48600714414781737,0.2097158862494157,0.03936477908100386
2026-01-24 19:00:00,1.9233,1.9143,1.9218,-1.0254531908592028,-0.4075690647382667,0.0010288032323120255,0.8333324074084321,-1.0418943050285419,0.44674612253923895,0.213008316987001,0.03854078980667245
2026-01-24 23:00:00,1.9222,1.9038,1.9069,-0.7847432805813269,0.27392023981212127,-0.00298169051306707,0.1684781693053486,-0.8774332948726872,0.36169387615178,0.2034563356579719,0.03868121427656369
2026-01-25 03:00:00,1.9078,1.8954,1.8982,-0.840990446471238,0.27119376684149604,-0.006190619375010864,0.22580626951108454,-0.862220748073436,0.4353504728180494,0.18368353728273984,0.0354362239098915
2026-01-25 07:00:00,1.9125,1.8869,1.9075,-0.6424354219009331,0.12487339087505035,-0.0016851553649909201,0.804687185669064,-0.6957835881200167,0.512554254366393,0.12203735919290852,0.03393343466183586
2026-01-25 11:00:00,1.911,1.8842,1.8874,-0.7059203968499396,0.11773583661882606,0.00026272934742288534,0.11940294052128626,-0.5984858365591168,0.476565856442233,0.1229269580525998,0.03284933415696448
2026-01-25 15:00:00,1.8936,1.8257,1.8362,1.872091915644606,-0.6816676538438913,-0.024046491642784273,0.15463915248318783,1.5641645948742322,0.469853437929393,0.04148439371576445,0.046842189903282934
2026-01-25 19:00:00,1.8415,1.8111,1.8299,0.9261541719446446,-0.6785237359247794,-0.014359961794860432,0.6184208492036732,0.814251193074312,0.48656169495039353,0.0,0.061304498108384814
2026-01-25 23:00:00,1.8887,1.8236,1.8762,0.4689379658123816,-2.5004578341229364,0.01908745739977258,0.8079875870986815,0.6159109477541044,0.46569335662405026,0.0618166190477854,0.06090242592619077
2026-01-26 03:00:00,1.8948,1.8652,1.8803,-0.3069547409077205,-2.4583210454596127,0.010287646477055157,0.5101349627922449,-0.22012337366754248,0.41372992400317166,0.09577012740951903,0.06090041953051846
2026-01-26 07:00:00,1.8971,1.8758,1.8868,-0.16714593576267503,0.34868837143474085,0.003082446259285776,0.5164316824264434,-0.3191360654221358,0.4183050531751996,0.10604814082734842,0.06098739860193374
2026-01-26 11:00:00,1.9288,1.8869,1.92,0.38388452669437595,0.34602240316718746,0.011299982311002044,0.7899759451131364,0.3005148419623043,0.4604354956319867,0.14384259352662673,0.06040966730785941
2026-01-26 15:00:00,1.946,1.8986,1.9181,1.1283127371456763,0.8863746679203436,0.007953994211406634,0.4113923182716606,1.2290030474938791,0.4732812488831295,0.1707465137987014,0.060913890339717405
2026-01-26 19:00:00,1.9231,1.889,1.8996,-0.14644395152298137,0.8793397869358556,-0.010076337838824001,0.31085034872423606,-0.19245915336417388,0.45912789846326213,0.13639279733127274,0.06146379846545593
2026-01-26 23:00:00,1.9165,1.8954,1.9149,-0.6152613910087923,0.4826561324774462,0.0020082679992916574,0.9241701781183972,-0.4614515142305683,0.5529814649218321,0.14317068520846069,0.05771258200349249
2026-01-27 03:00:00,1.9179,1.8947,1.8981,-0.7042492635714843,0.48044085091746214,0.0009680401939728966,0.1465516609691058,-0.5841915968688943,0.48506122139219515,0.14644437411951616,0.056868046365762315
2026-01-27 07:00:00,1.9028,1.8825,1.885,-0.695849375876512,-0.38069903581669556,-0.008805328928125133,0.12315264869327397,-0.7223595854561691,0.5341883844065147,0.11663795442010756,0.0562394215695397
2026-01-27 11:00:00,1.8967,1.8741,1.8836,-0.25638275793439685,-0.3783683026215397,-0.002808044825927447,0.4203537963036238,-0.31653180186981983,0.5304560516764241,0.10721629885639818,0.0555483229500785
2026-01-27 15:00:00,1.9162,1.8768,1.9066,0.2947607317731804,0.4165448568006039,0.006121051761377894,0.7563449856992457,0.55659539228328,0.5234795168446442,0.12769620703585893,0.05408496290999468
2026-01-27 19:00:00,1.9295,1.8985,1.9185,-0.07157020626870854,0.41527461190947046,0.011038009709022578,0.6451610822061048,0.05240601546002612,0.45420798294747206,0.1648534054051528,0.05366750914453911
2026-01-27 23:00:00,1.9218,1.8944,1.9023,-0.5156597112672834,1.2235414447076003,-0.004435565950058118,0.2883210626565485,-0.4499149459182067,0.44728468674395017,0.14975716812834933,0.052727838069225014
2026-01-28 03:00:00,1.9249,1.8967,1.9211,-0.5339459738600624,1.212672911015599,-0.0007171517112281034,0.8652479201248501,-0.5328424215824424,0.4829141817705329,0.1473272027567137,0.05212742465599174
2026-01-28 07:00:00,1.9366,1.9061,1.9273,-0.3348015204883713,0.7337922242512313,0.00609178760673168,0.6950817393174616,-0.43366676890298883,0.4096046315285356,0.16795354558927145,0.05394496981780702
2026-01-28 11:00:00,1.9427,1.9155,1.9196,0.10013953304912508,0.7282572493698165,0.004946487690404622,0.15073523870027897,0.12255565941581764,0.446197764961705,0.1848040154600253,0.0553656119482204
2026-01-28 15:00:00,1.928,1.9005,1.916,-0.04263686394484693,0.24769271879647647,-0.00912249382710395,0.5636361586777578,0.08897614305538741,0.4871523392562694,0.15357404325274396,0.05601487729997645
2026-01-28 19:00:00,1.9325,1.9066,1.9185,-0.20450581759983674,0.2489502997730489,0.0027733095838962107,0.45945928206205344,0.05833854779504067,0.4400985169501879,0.16298158906046775,0.05667449341940255
2026-01-28 23:00:00,1.9197,1.8702,1.8744,-0.13279887620417827,0.9609918197801819,-0.012634488661073862,0.0848484677073801,-0.05481213645685007,0.4215952502045727,0.12000435860472633,0.050663492992767
2026-01-29 03:00:00,1.8897,1.8654,1.8859,-0.4269677630211703,0.9635294074544912,-0.008040142285720031,0.8436210520077964,-0.41763503764948134,0.48371798848070147,0.09300071030982116,0.03723270296774271
2026-01-29 07:00:00,1.89,1.8706,1.8743,-0.13612918760742249,-1.1874260933868386,3.6672336552578955e-05,0.19072155117446138,-0.6628925567427859,0.43411081748322017,0.09312288785296675,0.03779408487961151
2026-01-29 11:00:00,1.8779,1.8251,1.8266,0.8244179525726312,-1.1911823144870517,-0.012565352682015085,0.028409085528583386,0.09868736075056231,0.5422717173646026,0.05125862821510771,0.05289993537331211
2026-01-29 15:00:00,1.8432,1.7842,1.785,4.385651612852576,-1.5136371604159813,-0.024656670814212744,0.013559319735707039,3.256039108396704,0.4816930633722176,0.0,0.0789628742097795
2026-01-29 19:00:00,1.8136,1.778,1.8103,0.7225484511040196,-1.4997152064247894,-0.0070340806637897435,0.9073031159260889,0.27954032179492294,0.5592059777880098,0.0,0.08704795576072434
2026-01-29 23:00:00,1.8131,1.7107,1.748,3.267767644423349,-2.1101392467621194,-0.021699598573393986,0.364257776927951,2.2986143842778497,0.46616980285563514,0.0,0.11402183109110367
2026-01-30 03:00:00,1.7727,1.7304,1.7398,0.5410896178497695,-2.083190114658454,-0.0008829688577558503,0.22222216968743208,0.4243338426566487,0.44132848380165673,0.0,0.13490561623285777
2026-01-30 07:00:00,1.7637,1.7336,1.7502,0.31400922176285473,-2.190185363648914,-0.003350204468149598,0.5514948333904187,0.21240389805697482,0.47578114854429604,0.0,0.14579083530421913
2026-01-30 11:00:00,1.7783,1.7447,1.7618,0.5658637253351104,-2.1565537691393915,0.006205634890890543,0.5089284199617821,0.6641687461527693,0.5266924878116943,0.016974029220371833,0.1525885588924893
2026-01-30 15:00:00,1.7818,1.7113,1.7731,4.437412164933046,-1.0874724291994882,-0.0013434685820702397,0.8765956203410447,3.7927333773550376,0.48138260712884773,0.013276488334478684,0.15665119085678472
2026-01-30 19:00:00,1.7847,1.7179,1.7291,1.1564674373724928,-1.0841600482756666,-0.0052068320995628525,0.16766464555918636,1.4973005504777581,0.5361588918420831,0.0,0.17162141330397038
2026-01-30 23:00:00,1.7547,1.7229,1.7496,-0.17537423773692612,-2.8226748165899607,-0.005776247069184892,0.8396223774772426,-0.3447834069403799,0.4637533561102157,0.0,0.17273802562377832
2026-01-31 03:00:00,1.7524,1.722,1.7293,-0.49436439276087774,-2.762982585204055,-0.0009045802240900125,0.24013149995674632,-0.4936017327247197,0.4760239370933775,0.0,0.17716977056555577
2026-01-31 07:00:00,1.7337,1.6802,1.707,1.4713708096589746,-2.3444848238507277,-0.01874928359380179,0.5009344858066401,0.6080914889503786,0.4915380649384334,0.0,0.1849292442656359
2026-01-31 11:00:00,1.7071,1.6129,1.641,2.8379092264499466,-2.3060310840342373,-0.028659210893485,0.29830145453275425,2.2573880106019697,0.4619484084944991,0.0,0.20527203561871166
2026-01-31 15:00:00,1.66,1.5028,1.585,5.0,-0.17292650524621633,-0.04587202732548579,0.5229007300953737,5.0,0.46710146838862826,0.0,0.23244798983033094
2026-01-31 19:00:00,1.6269,1.5715,1.6145,1.8772987353540105,-0.16882136769777892,0.011116586216960878,0.7761731450951012,2.075780547525001,0.45744051650150847,0.02169948437630054,0.23313510858606198
2026-01-31 23:00:00,1.6805,1.6134,1.6706,1.0953978406244362,-2.1175354035006766,0.03642981295513548,0.8524588893503892,1.245468073904819,0.4447303125484303,0.09360068619625087,0.21574875484545222
2026-02-01 03:00:00,1.674,1.6533,1.657,-0.11205429059464656,-2.0938642524000715,0.005497993943951673,0.1787438750029612,-0.04866922162332498,0.3924985807354853,0.10484734091969042,0.20397614469485253
2026-02-01 07:00:00,1.6782,1.6322,1.633,0.1658897629257177,-0.7346694660019334,-0.004624252843503651,0.017391300567106725,0.1921390617059238,0.42721799288445206,0.09533599699113719,0.20171014289871192
2026-02-01 11:00:00,1.6542,1.5985,1.6166,0.34851390314818464,-0.7401029977888826,-0.01753251721636573,0.32495505835636385,0.6255068792745225,0.44870290444548744,0.05944118834652675,0.19307321396141755
2026-02-01 15:00:00,1.6267,1.576,1.6157,0.9125233442207055,0.7371285271588489,-0.018823762606905103,0.7830373208999342,1.4733522500030134,0.4765699735512079,0.021578452566524298,0.17912052540764506
2026-02-01 19:00:00,1.6191,1.5802,1.6004,0.35037818658563186,0.7378605737953142,-0.0002530072103790193,0.5192800721645066,0.7688140176682361,0.4465328678261738,0.021079125079805534,0.17583059470635654
2026-02-01 23:00:00,1.6188,1.5526,1.5908,1.538072256082644,-0.6037659518310977,-0.003681198225501503,0.5770391877584308,2.460998649225075,0.4715289616644896,0.013815860144342908,0.17801876356563073
2026-02-02 03:00:00,1.6001,1.5307,1.5806,3.0031259781740762,-0.6008873671750802,-0.01854018234357868,0.719020069305465,3.975723091109108,0.4635670282825111,0.0,0.1725402096858019
2026-02-02 07:00:00,1.615,1.5751,1.6117,0.44813067710351023,0.5808755741430445,0.0217615057981011,0.917293003184709,0.8911544656179866,0.48061620056573123,0.04105666822871354,0.16694927562689882
2026-02-02 11:00:00,1.6554,1.6117,1.6297,0.932435488610748,0.5749644346381134,0.024883611132856753,0.4118992192450296,1.409528506835486,0.45851401689778426,0.08902534103955549,0.16089427824995609
2026-02-02 15:00:00,1.6571,1.6262,1.6418,0.32890722460642985,-0.24948511881459678,0.005573387883206493,0.5048542055487967,0.7265531146644975,0.44186804820763276,0.1000366288513123,0.15179954265207374
2026-02-02 19:00:00,1.6425,1.6126,1.6261,-0.1927457504735856,-0.2475388082053371,-0.011374578520127132,0.45150486571743786,-0.1029081598172717,0.4989891922127077,0.0774387368023346,0.14140694588879596
2026-02-02 23:00:00,1.6273,1.5906,1.5924,-0.15507730797504535,-0.3301446069884371,-0.009200508240602367,0.0490463081617696,-0.0757883696520814,0.49188734065265854,0.0593679855004537,0.12803913841860728
2026-02-03 03:00:00,1.6248,1.5879,1.6124,0.020697707783804815,-0.3290505048396964,-0.0015545883551406625,0.663956459632396,-0.22330749470698125,0.44069508076370995,0.056342705504493086,0.11630719886653583
2026-02-03 07:00:00,1.6257,1.5955,1.5999,0.015073922278656796,-0.8251803700331426,0.0010782475372608236,0.14569531599493446,-0.17940382454532086,0.47384998487717783,0.05843774862384242,0.09737147379709815
2026-02-03 11:00:00,1.6168,1.5828,1.5833,-0.07821513982398556,-0.8176097334149086,-0.003964098276095007,0.0147058780276813,-0.01784059833770605,0.4692750928987405,0.05072717073732607,0.08077762346604642
2026-02-03 15:00:00,1.6216,1.5298,1.5314,2.038890887922143,-0.5656648618404593,-0.020031222545765948,0.017429192001177863,2.2990479775391996,0.4480307712816003,0.011918839867613206,0.08112931063046472
2026-02-03 19:00:00,1.6339,1.5274,1.5882,1.3317114204173137,-0.5590822543865825,0.013753014664133367,0.5708919651744641,1.9065126448279959,0.5003813902183666,0.0380300892942676,0.07726991640110002
2026-02-03 23:00:00,1.6012,1.5662,1.5854,-0.14131952875101852,0.7761084552642997,-0.005568722535407633,0.5485712718367773,0.0404857035586255,0.48662220354553287,0.027311997172021214,0.07736505555628122
2026-02-04 03:00:00,1.6052,1.5826,1.6012,-0.0542180563657194,0.7779384602580545,0.0075607865658695594,0.8230084853944749,-0.30316822334631177,0.49833105626620083,0.04178316765983214,0.07665252885510543
2026-02-04 07:00:00,1.6122,1.5952,1.5957,-0.2323933194905841,0.5775402554993027,0.004292303620217375,0.02941174740485101,-0.4380295821298344,0.45379561400067514,0.05006065209827643,0.06780664134359625
2026-02-04 11:00:00,1.5996,1.5428,1.5451,0.4685220749061995,0.5758603398446911,-0.01726468423248828,0.04049295061743775,0.5378974694303502,0.43951709018990603,0.016623697735488767,0.07048650499351136
2026-02-04 15:00:00,1.5648,1.5044,1.5348,2.2944999396479373,-0.4059300872032399,-0.026799630648079553,0.5033111749484805,3.421316141471809,0.48523532137775277,0.0,0.07699342233687154
2026-02-04 19:00:00,1.557,1.4948,1.5107,0.4747108843689845,-0.39965438621592736,-0.004094497460029989,0.25562696854871914,0.9810415177682928,0.49118404785091513,0.0,0.09108304701351114
2026-02-04 23:00:00,1.527,1.4505,1.453,1.356672805782192,-1.2020795068961743,-0.026412742945966516,0.03267973429023301,2.256977489024303,0.465055494068513,0.0,0.12456264108542507
2026-02-05 03:00:00,1.4669,1.4179,1.4263,1.5846779743360033,-1.1971121046668296,-0.030545984148621752,0.17142853644315453,2.1389844675928162,0.4536089654852738,0.0,0.1587033262464771
2026-02-05 07:00:00,1.4498,1.3558,1.3671,1.5404614964518757,1.0431865308314603,-0.019827002610793842,0.12021275316885688,1.3587894015757482,0.5132478127991202,0.0,0.21225131552005588
2026-02-05 11:00:00,1.3868,1.342,1.3574,2.9600300432894686,1.0368919889437225,-0.03532796629619983,0.3437499232701036,3.0379302299482154,0.5208693085414998,0.0,0.25158624304302124
2026-02-05 15:00:00,1.3644,1.2163,1.2612,5.0,-0.6023183363554775,-0.06408983472953733,0.3031735109268401,5.0,0.4968292197895413,0.0,0.33479846622389814
2026-02-05 19:00:00,1.2634,1.1371,1.2255,5.0,-0.6134755252806775,-0.06881245747105069,0.6999207680189414,5.0,0.47772967849543885,0.0,0.4019054127047515
2026-02-05 23:00:00,1.2941,1.1172,1.2615,5.0,-2.149186227727727,0.019637362575124717,0.8157150471613882,5.0,0.501322189138003,0.01940561743063657,0.4157901499001208
2026-02-06 03:00:00,1.3354,1.256,1.3035,1.2125947973273272,-2.1219411922979465,0.07337833844519404,0.5982367004739692,1.8512219667428285,0.44875352403599356,0.09334195277133253,0.41028809962037854
2026-02-06 07:00:00,1.3881,1.2851,1.3588,1.3939713660064095,-4.4790339138965045,0.02306939622173121,0.7155339111132136,1.7617384976684667,0.45129591773330496,0.11829244410313645,0.3923322828011858
2026-02-06 11:00:00,1.4869,1.3512,1.4795,2.3159015939978342,-4.2718319158254845,0.061827025517491974,0.9454678743207162,3.142745617664105,0.4570935459901077,0.18670350427928759,0.3481796758609334
2026-02-06 15:00:00,1.5442,1.4506,1.4578,2.881183014472139,-5.0,0.0612335751141988,0.07692306870480127,4.269714123308874,0.5051447754065137,0.2586469705935164,0.341379162438054
2026-02-06 19:00:00,1.49,1.4377,1.4896,0.5318997126127962,-4.928628773109209,-0.027299475537672202,0.9923516267014106,0.9888666798302558,0.5137553510399326,0.22460873595483577,0.32465289546231524
2026-02-06 23:00:00,1.4984,1.433,1.4604,0.48393492597612414,-1.5402871096660746,0.003728590408832222,0.41896018058712703,1.2496717280478522,0.4777675937107912,0.2291307983680054,0.32679899561099063
2026-02-07 03:00:00,1.4853,1.4338,1.4341,-0.06558601938684422,-1.5242181467475653,0.0015953938075277119,0.005825241587331077,0.421141607973005,0.5031584308317485,0.23107291841398908,0.31887513576015103
2026-02-07 07:00:00,1.4469,1.3864,1.3993,0.5845230772799381,-0.5529063231428343,-0.03411022195847524,0.21322310525237784,0.9674791308226252,0.41732989355559846,0.1894832906893009,0.311360921676856
2026-02-07 11:00:00,1.4408,1.3858,1.4003,0.22844416934052375,-0.5650205025020145,-0.005376921724705941,0.2636363157024905,0.5570090202386491,0.4552357396586697,0.18315098646309094,0.2882072626567432
2026-02-07 15:00:00,1.4488,1.3974,1.4411,1.0155197927167634,0.1572378928552664,0.009793876231062981,0.8501943871217141,1.0494380130602914,0.5073316746082206,0.1946230409452451,0.25517351396776095
2026-02-07 19:00:00,1.4415,1.4205,1.4228,-0.5087416137646932,0.15279249643127923,0.00767135701571009,0.10952375736963833,-0.42651599970201787,0.4376031701145053,0.20369688929916496,0.24247856774763216
2026-02-07 23:00:00,1.4419,1.4128,1.4302,-0.5094818221644514,-0.6812707113534179,-0.004372534161278252,0.5979379388529391,-0.35182848131012523,0.4950811623656025,0.1984852848371709,0.22594439965255125
2026-02-08 03:00:00,1.4333,1.4099,1.4162,-0.6304487532306138,-0.6801838514223684,-0.004675934813275884,0.2692306541749319,-0.5498677011047428,0.5160112554745487,0.1929364275795019,0.215881727665917
2026-02-08 07:00:00,1.4632,1.4117,1.4314,-0.23394711717343986,-0.9564013778455689,0.014028554315160369,0.3825241975681172,0.11833761112897893,0.5259004713859904,0.20950604677217874,0.21148155975798183
2026-02-08 11:00:00,1.4703,1.4305,1.4618,-0.10783804225296445,-0.9478949063523036,0.010671543689725782,0.7864319632080498,0.07795522617122225,0.5427774356175438,0.2222874059908147,0.21056472396078615
2026-02-08 15:00:00,1.4637,1.4103,1.4391,-0.13751032568843982,-2.560904869448652,-0.014033248238715323,0.5393257416992991,0.09957058524222231,0.4403608178680671,0.20530035307374397,0.21502261044835794
2026-02-08 19:00:00,1.4516,1.4243,1.4353,-0.5462552681189905,-2.515620212306785,0.001884379291015259,0.4029302553369057,-0.3780745384588899,0.4739309358824134,0.20754935809434755,0.21527076778095502
2026-02-08 23:00:00,1.4631,1.4191,1.4422,-0.1552301749567775,-1.1771282184071021,-9.048467113770275e-05,0.5249998806818426,0.37056712558149046,0.44727458147575644,0.20744116121873016,0.19516164428423677
2026-02-09 03:00:00,1.4553,1.4279,1.4359,-0.43494011911907715,-1.1667208695297313,0.005455748605414534,0.291970696361059,-0.31600268445897,0.41957507323651105,0.21396427207489788,0.15483024527734318
2026-02-09 07:00:00,1.44,1.3728,1.3831,0.044177064401504144,-0.9439134621898811,-0.029354824310769745,0.15327378671521014,0.09927050019014189,0.4485444759346483,0.17867498734952933,0.12267128120414295
2026-02-09 11:00:00,1.4382,1.3831,1.4309,-0.06356099402852985,-0.9355512226813594,0.003282200723761397,0.8675134541717892,0.266354645155799,0.42029227835921423,0.182504901221696,0.0868979456193598
2026-02-09 15:00:00,1.4642,1.4205,1.4437,0.16672886339854764,-0.006912082841552467,0.02661489261782668,0.5308923270269267,0.5342704654974715,0.44472677233093877,0.21366305356656354,0.07161802427232523
2026-02-09 19:00:00,1.4587,1.4388,1.4444,-0.37076683348833217,-0.002891190017463604,0.0038933119666539895,0.2814068937653709,-0.318945207318419,0.36421856175631856,0.21834227656428587,0.06621805721488805
2026-02-09 23:00:00,1.4532,1.434,1.4472,-0.5535820778176296,-0.922265364487763,-0.004624837117965019,0.6874996419272712,-0.5256789329641433,0.4382655128934036,0.21276222077419865,0.06493289075356366
2026-02-10 03:00:00,1.452,1.4142,1.4202,-0.301206240068278,-0.9141900103889191,-0.0037035115705797983,0.15873011673806425,-0.3118447480107323,0.37111962104814433,0.20831444787020162,0.055610145444112725
2026-02-10 07:00:00,1.436,1.4146,1.416,-0.49422018407714674,-0.12377829295289679,-0.009798690740170701,0.06542053017731556,-0.4793210872875147,0.4531217899072161,0.19659018493772373,0.05291683864592804
2026-02-10 11:00:00,1.4259,1.3931,1.4027,-0.13924621953682995,-0.1201023603626381,-0.009745971220446736,0.292682837596698,-0.05284052451618109,0.47376960733265056,0.18504326593625517,0.05577545456067716
2026-02-10 15:00:00,1.4291,1.3942,1.4022,-0.2860619131230178,-2.6677871260442156,0.0017374614497212004,0.229226295350626,-0.153594633127877,0.5154941628879013,0.1870817287349644,0.05520199088452147
2026-02-10 19:00:00,1.4094,1.3916,1.4,-0.580360656225164,-2.6157289714339083,-0.009218224002076725,0.47190984724165574,-0.5008901907828233,0.5503138138061516,0.17624772988499687,0.05535205903641616
2026-02-10 23:00:00,1.4205,1.3954,1.4102,-0.5788382903994646,-1.5570164942411955,0.007414933528779422,0.5896411993461298,-0.621252046453747,0.36624092360427263,0.18488202323711841,0.05516498877115006
2026-02-11 03:00:00,1.4116,1.358,1.3601,-0.05397470532221907,-1.5403399978303287,-0.01976309077045324,0.03917909716807881,-0.028141473681370367,0.4578913240402031,0.1616983211521618,0.07170398855308989
2026-02-11 07:00:00,1.3731,1.3553,1.3614,-0.40300907227653443,-0.4579816510570178,-0.013322601204325712,0.342696436687394,-0.3497379862903263,0.4121574049195325,0.14637870085681057,0.08186653445672669
2026-02-11 11:00:00,1.4097,1.3582,1.362,0.26231788575878345,-0.4522296098481651,0.011642447384307308,0.07378639343953593,0.3980130558565896,0.5213921166210252,0.15958795929819328,0.09005958262163918
2026-02-11 15:00:00,1.3848,1.3421,1.3784,0.04633592927746699,-0.17217114186189356,-0.013536508490451404,0.8501168969281279,0.5140534675868231,0.5034115350545313,0.14405093456912568,0.09165770795167506
2026-02-11 19:00:00,1.3973,1.3698,1.3718,-0.4358683452995268,-0.17036492515597532,0.01592827257446472,0.0727272462810012,-0.32291381313996914,0.4908203750310581,0.16208571639489608,0.0897914885174071
2026-02-11 23:00:00,1.3865,1.3596,1.3769,-0.5430399466495794,0.4855441652756023,-0.0048048829086477785,0.6431224375009525,-0.4594773575504148,0.44745021887332503,0.15655873415357452,0.08939247882570799
2026-02-12 03:00:00,1.3889,1.371,1.3833,-0.5341291792870055,0.4851140220800577,0.0020310581699829466,0.6871504541058893,-0.5340765188120532,0.49723691507561724,0.15888380322343587,0.0878477951147177
2026-02-12 07:00:00,1.404,1.3764,1.4038,-0.5182005720817713,0.1797248834128285,0.007546310692305047,0.9927532634951951,-0.5053598225430775,0.5251040909291594,0.1675400446676129,0.08262136674812152
2026-02-12 11:00:00,1.4082,1.3844,1.389,-0.41900064687837624,0.18535871653718358,0.0054161177584397535,0.1932772297154485,-0.2490691768027909,0.5175144017527096,0.17518446868599005,0.08052837261058722
2026-02-12 15:00:00,1.3967,1.3461,1.3633,0.00978877692529293,-0.6394972948754568,-0.022197612432581226,0.3399208814385588,0.45812214772833276,0.5048216174332746,0.14918535896783122,0.08480682470455354
2026-02-12 19:00:00,1.3764,1.3488,1.364,-0.5169346858614006,-0.632674313631739,-0.005968854401379842,0.5507244381433218,-0.4104034242955543,0.5713854555940608,0.15374539473260382,0.08449584586402487
2026-02-12 23:00:00,1.3703,1.3492,1.3665,-0.5861199390725039,-0.7058830710166244,0.0022367992831220374,0.8199048246896563,-0.3897400022336222,0.4549539535709235,0.15649567238605044,0.07923315102625277
2026-02-13 03:00:00,1.3719,1.3485,1.357,-0.6636865817646819,-0.699360625025993,0.0005424433605867307,0.3632477080138,-0.57450277338689,0.45780496752095673,0.15716413060560638,0.07368607143919473
2026-02-13 07:00:00,1.373,1.3495,1.3684,-0.4472173255407109,0.15097032032706273,0.001059166403458045,0.804254976912779,-0.4359491146123914,0.4327633809614699,0.16286535226857912,0.06092236881212345
2026-02-13 11:00:00,1.3943,1.3598,1.3852,-0.2795280861431249,0.15082089609208474,0.00962399772321998,0.7362316706574851,-0.13083167067973459,0.4308503090980282,0.175329842542619,0.05464120120490969
2026-02-13 15:00:00,1.4285,1.3807,1.4156,0.13285964812488535,0.18362839206514323,0.024809482748962886,0.7301253702666565,0.3976320151413119,0.46031471012053793,0.21250961648540398,0.053358580885644664
2026-02-13 19:00:00,1.4195,1.398,1.4032,-0.58757571841027,0.18959372874124966,-0.0001432416459786756,0.2418603526230953,-0.47802915579846034,0.4801868142039254,0.21916483624225747,0.053916828633194844
2026-02-13 23:00:00,1.4182,1.4019,1.4109,-0.7047451369821192,0.22461533764092795,0.0003461144135079586,0.5521469005233818,-0.6485503937963066,0.5027300796660078,0.22387192647266968,0.055326313330424245
2026-02-14 03:00:00,1.4196,1.4078,1.4146,-0.7647191366029569,0.23059619336264184,0.00268428767687956,0.5762706980756898,-0.7265289094778079,0.43839091225039784,0.22994175649314494,0.05793911196076699
2026-02-14 07:00:00,1.4612,1.4121,1.4474,-0.34280061736193423,-0.0824758573995366,0.02043867185269499,0.7189407904397577,-0.32581591799994525,0.49952985077199497,0.2593105409261702,0.06760137408137429
2026-02-14 11:00:00,1.4769,1.4471,1.4713,-0.1902584235183135,-0.07640487834307107,0.015387271653306778,0.8120802644025944,-0.0432574129643837,0.5102767561449957,0.2818727609673296,0.08314219999583827
2026-02-14 15:00:00,1.493,1.4571,1.4883,-0.4438233437804838,-1.0097129820774484,0.006091171199173351,0.8690805378605704,-0.3073891371064069,0.4692514034797482,0.29094162165288084,0.09920222213900674
2026-02-14 19:00:00,1.5084,1.484,1.5009,-0.38301164806439364,-1.00075036502202,0.01616063353085151,0.6926226669579205,-0.24147096013325867,0.4459428653414861,0.3151489936642503,0.11398529071688841
2026-02-14 23:00:00,1.5448,1.499,1.528,-0.14348365200052665,-1.4318776650391907,0.01635526404390597,0.6331876346751892,0.42534007939910895,0.49772749878695033,0.34004382500634217,0.13247894982308922
2026-02-15 03:00:00,1.5897,1.5048,1.5796,0.01938124673887053,-1.4175662274531877,0.020672547226028515,0.8810364097719188,0.5318025017992801,0.530207541634351,0.372024760401946,0.15761833570418654
2026-02-15 07:00:00,1.6714,1.5735,1.5856,1.1380623371074532,-1.5729312362996941,0.04482800821625732,0.12359549299331009,1.7306724931118753,0.5232458240973531,0.4428084254760501,0.17991504992871665
2026-02-15 11:00:00,1.5953,1.5115,1.5331,0.5552416494556254,-1.5560597109394507,-0.05080758143496611,0.2577565324872858,1.0173403706003972,0.4661472511511701,0.35898663543524983,0.19264046797426354
2026-02-15 15:00:00,1.544,1.4645,1.4692,-0.014242561239127188,0.6912092384225462,-0.025707004274065692,0.059119489418933927,0.29102643106335224,0.45469759361604273,0.3187303091329852,0.20052082985478506
2026-02-15 19:00:00,1.4905,1.445,1.4863,-0.0553980824983539,0.688036187978788,-0.022765416762209778,0.9076921081995368,0.16979920339095542,0.5303991983626816,0.28399686452720996,0.19693019668665096
2026-02-15 23:00:00,1.4872,1.4541,1.4561,-0.38972792027350267,-0.806204997917323,0.003848675187496209,0.06042294247040995,-0.07770286172572215,0.5261066703110926,0.28973515248326664,0.1936288599465339
2026-02-16 03:00:00,1.4759,1.4485,1.4652,-0.4854278968521849,-0.7994153604303414,-0.00811919595136723,0.6094888286537159,-0.3599300440443792,0.5517922946844036,0.27758302404076723,0.18409952979243946
2026-02-16 07:00:00,1.5141,1.4577,1.4902,-0.21052226065607607,-1.1112229827607472,0.018661432894248042,0.5762410325813766,-0.04715391655422682,0.5092851759546252,0.30528710840665757,0.17269246361638235
2026-02-16 11:00:00,1.5171,1.4686,1.495,-0.07221048892446413,-1.1049844449591115,0.004365789681425092,0.5443297846742755,0.5079950162491443,0.5078424869728186,0.3118893511445313,0.15951601494849096
2026-02-16 15:00:00,1.5029,1.4616,1.4721,-0.35456524972084313,-1.5456220587326712,-0.008483479453791243,0.25423722657694225,0.11327091923811632,0.5332021597324615,0.2990040491580148,0.14848729939574365
2026-02-16 19:00:00,1.4941,1.4687,1.4836,-0.7344233815062197,-1.5296465068457723,-0.0002196503103827352,0.5866139422779787,-0.5071014766765919,0.5159468109376204,0.2986732591633536,0.1359195744073832
2026-02-16 23:00:00,1.4934,1.4732,1.4871,-0.7305178711642751,0.019349278189492537,0.003311916588591979,0.6881184712284808,-0.5253273491537179,0.5128667920232177,0.30365985914175,0.12938394215912594
2026-02-17 03:00:00,1.4899,1.4707,1.4789,-0.745018775885119,0.018433541663687183,-0.0036980773763429786,0.42708311089422146,-0.5574269664440462,0.5227575072821363,0.29807339385213805,0.11978402874820945
2026-02-17 07:00:00,1.4788,1.4514,1.4554,-0.6313751176898178,-1.4626829316324177,-0.012140149465069139,0.1459853481805307,-0.48897548653749406,0.5550028523387435,0.2798018134667208,0.11342208376133729
2026-02-17 11:00:00,1.4634,1.4268,1.4354,-0.4034584733727918,-1.4486679255248014,-0.00903105363488188,0.2349726133954594,-0.17937267028918355,0.5167118862042276,0.2663746017866909,0.11009923254921353
2026-02-17 15:00:00,1.495,1.4344,1.4836,-0.24894952619720295,0.5718053437710671,0.014720227802215824,0.81188105414504,0.25332114731159,0.5114379369618336,0.28806272592637133,0.10310790359658502
2026-02-17 19:00:00,1.4935,1.4729,1.4745,-0.7178869872546797,0.5700778684925403,0.008220440002532525,0.07766986520879492,-0.505207471230573,0.45241713021526714,0.30035263985248395,0.10351190990992112
2026-02-17 23:00:00,1.4794,1.4635,1.4753,-0.6934488674301649,0.3728436522839418,-0.008062377357550443,0.74213789802648,-0.6065376206327114,0.4919427975711416,0.28819995050437675,0.10395436765589305
2026-02-18 03:00:00,1.4877,1.4742,1.4801,-0.7710050205345662,0.3705394278280921,0.006833540166069962,0.4370367133061373,-0.6498371646870967,0.46169971709912716,0.2984173268219719,0.10367394127234086
2026-02-18 07:00:00,1.4943,1.4765,1.4784,-0.6928441101002069,0.5970685750068698,0.003812579636507385,0.10674151306656618,-0.6138789585589162,0.5248337370760291,0.3041567762859859,0.10123460557555747
2026-02-18 11:00:00,1.4786,1.4521,1.4654,-0.568284302467139,0.5911162780865059,-0.013667889048964654,0.5018866030616632,-0.31504819224782865,0.45076689056033636,0.2835027183487754,0.08429912829762536
2026-02-18 15:00:00,1.4891,1.4401,1.4411,-0.5239074173592546,-0.3504245767601006,-0.002584553164120318,0.020408159100377913,-0.17263018050215517,0.5191526391706608,0.27965048498354056,0.05755366519396286
2026-02-18 19:00:00,1.4456,1.4153,1.4206,-0.41095230173811803,-0.3472978680831353,-0.024434132190720326,0.17491743402065157,-0.25062672001056946,0.5150968615005136,0.24332594464078358,0.05476433441915783
2026-02-18 23:00:00,1.4299,1.4102,1.4263,-0.6895733458337838,0.10655017516956927,-0.004543020849890667,0.8172584683967146,-0.5550394324881467,0.5089736058413274,0.23673717178956122,0.06095752465997934
2026-02-19 03:00:00,1.4308,1.4051,1.4277,-0.402218561091227,0.10634301263248774,-0.002996398302018699,0.8793770897365372,-0.530475021045745,0.3634070667667473,0.23241121832264489,0.06440076448648162
2026-02-19 07:00:00,1.4381,1.4077,1.4109,-0.502731144288065,-0.08512537263785905,0.004553971434361648,0.10526312326871252,-0.45387831797421746,0.5135744350939733,0.23896616752627894,0.07343659750153025
2026-02-19 11:00:00,1.417,1.3867,1.4008,-0.2788762927290349,-0.08393515686813588,-0.015453761336299165,0.4653463810738017,-0.08457313531339679,0.45718512670051886,0.21662085134333328,0.08368848286364922
2026-02-19 15:00:00,1.4138,1.382,1.4133,-0.33275771530781695,0.9153604911387506,-0.0014974374097238563,0.9842764200388633,0.012151747489182208,0.479737788386582,0.21448909728008544,0.08505083569807276
2026-02-19 19:00:00,1.4186,1.3953,1.4009,-0.6718859175348497,0.9175900021996991,0.006545189982609667,0.240343244487879,-0.5484904882527466,0.5014287533845385,0.22379288647476062,0.08811256600346126
2026-02-19 23:00:00,1.4293,1.4,1.4178,-0.6119172710782282,0.6524918459567909,0.007289437966103707,0.607508325082482,-0.5664544788039139,0.6186136260332851,0.23422242101617294,0.08816894776077805
2026-02-20 03:00:00,1.4244,1.4004,1.4205,-0.5299048402815316,0.6486902970700917,-0.002021087623605422,0.8374996510418116,-0.5607006044513644,0.5094869961568529,0.23130962343610897,0.08625668734885299
2026-02-20 07:00:00,1.4289,1.4138,1.4212,-0.5835979719846328,-0.3891268531308309,0.005053959919645967,0.49006590061861005,-0.5822819924914251,0.5473170835038355,0.2419072614843224,0.0826019120752324
2026-02-20 11:00:00,1.4225,1.3775,1.3998,-0.263527807875081,-0.38302589325568087,-0.01755591470984308,0.49555544543212127,-0.12527927677933948,0.44423253001424085,0.21658419960650982,0.08389613053920864
2026-02-20 15:00:00,1.4389,1.3999,1.4328,0.17346790042508106,-0.4416620320877715,0.019577070445258915,0.8435895272847372,0.7602748635996343,0.49489866709810193,0.24482843763763387,0.08114369446067435
2026-02-20 19:00:00,1.435,1.4147,1.4301,-0.5488442693086154,-0.4350726378547245,-0.00038875901664248147,0.7586203159505768,-0.47200483936270327,0.5498102796381397,0.24425658688876278,0.08138911356887554
2026-02-20 23:00:00,1.4337,1.4198,1.4306,-0.6878928095493109,0.8944613531885529,0.0028560591830766313,0.7769778582893195,-0.6914222286141409,0.46305088296750235,0.25082312963468045,0.07512583366655663
2026-02-21 03:00:00,1.4354,1.4237,1.4295,-0.735272504189425,0.8989090314168616,0.0006246713515549729,0.49572607202899877,-0.7376080287606891,0.40710045133016065,0.25762512782587443,0.07015121359330663
2026-02-21 07:00:00,1.4463,1.4275,1.4398,-0.6738777045777735,0.5191328644588068,0.005459432596484515,0.6542549711409741,-0.7047338859679758,0.44624228509691,0.2690712437170924,0.06375077734780563
2026-02-21 11:00:00,1.4642,1.4358,1.4553,-0.5113196695349662,0.5255982644821183,0.007784167963028832,0.6866194765424408,-0.49727061795134103,0.5239526264149142,0.2811416935866753,0.056657651784248995
2026-02-21 15:00:00,1.4574,1.4365,1.4481,-0.6277557435485939,0.0867848425356429,-0.0009979273286545576,0.5550236578834113,-0.5125041279942967,0.481108116742912,0.2795822211400452,0.04867477169649757
2026-02-21 19:00:00,1.449,1.4317,1.4325,-0.6906760556592813,0.0908635652408766,-0.0042891887890483815,0.04624274783656943,-0.6583653211422129,0.4295777023091493,0.2816915426031983,0.04238015512689515
2026-02-21 23:00:00,1.4357,1.4224,1.424,-0.6481441112963153,-0.23394793170992365,-0.00727549335868527,0.12030066142806206,-0.6383516572912065,0.3983837029657465,0.2724432425817454,0.04127949819285212
2026-02-22 03:00:00,1.4275,1.4171,1.4234,-0.7134670544314063,-0.23156247882200948,-0.005410727599148624,0.605768648299376,-0.7127904584249286,0.40971143226529255,0.26374683714822816,0.0412349953580849
2026-02-22 07:00:00,1.4261,1.4171,1.4213,-0.7493073587237368,-0.05523686718560642,-0.0006843768150600615,0.4666661481487276,-0.7680090315894064,0.5226347754172442,0.26299934902959804,0.04131307811217589
2026-02-22 11:00:00,1.4249,1.3944,1.3971,-0.441284861406048,-0.055287021558103215,-0.010037724476396281,0.08852456113948576,-0.5049499133046264,0.40387087871995947,0.2469433095046743,0.045308821766513734
2026-02-22 15:00:00,1.3974,1.3832,1.3903,-0.5396609763231326,-0.9364504061822186,-0.011677654335126242,0.4999996478875797,-0.5486737880546431,0.505911900156116,0.22845158481324468,0.04956405565341793
2026-02-22 19:00:00,1.4018,1.38,1.4011,-0.5021760172582993,-0.929794634429696,5.981939027077665e-05,0.9678894642708915,-0.606090145549075,0.536828816766453,0.22854520346879317,0.049128301508371615
2026-02-22 23:00:00,1.4011,1.3301,1.3424,0.30215251596777115,-1.8599199820277337,-0.02701636688857456,0.1732394122198009,0.6865082588395701,0.4904421683175974,0.1862614685156683,0.07350017602551619
2026-02-23 03:00:00,1.3692,1.336,1.3681,-0.22505509832942383,-1.8413683561122183,-0.004262532827542631,0.9668671786544678,-0.363698924916798,0.492164145449187,0.1797703480660404,0.07850818499429771
2026-02-23 07:00:00,1.3974,1.3619,1.3924,-0.03752737353823264,-1.8566800391994716,0.025499626370830253,0.8591546875620623,-0.16306288283386436,0.3902407335415315,0.2184364683148507,0.07863247741638021
2026-02-23 11:00:00,1.4248,1.3706,1.3838,0.20345874673439507,-1.8369219917842372,0.012454707419079503,0.2435423904903315,0.27438253119504835,0.4290893461524299,0.23780362278186198,0.0815218224934786
2026-02-23 15:00:00,1.3909,1.3483,1.3654,-0.09754487878096482,1.0705263036032766,-0.02121113722743717,0.40140835647690937,0.15672253224782745,0.479159055448138,0.20440936123199563,0.08807920920298645
2026-02-23 19:00:00,1.3677,1.35,1.3562,-0.4848001278009068,1.0714699942617036,-0.0077583431856041996,0.35028228797611094,-0.35746460636548727,0.5527050488029149,0.19245391209529678,0.0954629964388956
2026-02-23 23:00:00,1.3626,1.3271,1.3482,-0.28336890296033174,0.10634597992229329,-0.0068034399112996136,0.5943660297560498,-0.13826239668080845,0.4894690067406007,0.1834146074424222,0.10219658346572744
2026-02-24 03:00:00,1.3481,1.3219,1.3294,-0.11555186574502957,0.10715953666221975,-0.01267990381217532,0.2862594327254012,-0.09165735629654602,0.4607829333975812,0.16616085667477398,0.11324872823586743
2026-02-24 07:00:00,1.3363,1.3215,1.3308,-0.4079281453070556,-0.9994808943266649,-0.0026175811215575218,0.6283779537986794,-0.4201835212743086,0.48027323890658485,0.16215500810940447,0.11955375423924289
2026-02-24 11:00:00,1.3456,1.3124,1.3358,-0.028955383778022214,-0.9909619617600282,0.0012339032734938193,0.7048190648135395,-0.10128462437419489,0.44147002021697745,0.16403838484975825,0.12238852702193044
2026-02-24 15:00:00,1.3676,1.3324,1.3605,0.09246972403595936,-0.39583810805301795,0.018222043433664847,0.7982952277570402,0.09003670374398656,0.45614137450600845,0.19188604503159878,0.11624067149482277
2026-02-24 19:00:00,1.3642,1.3495,1.353,-0.45502953535769136,-0.3933053599436158,0.0009407309978490819,0.2380950761258,-0.40637692855497914,0.46882986910930646,0.1933499051624982,0.10792465150878644
2026-02-24 23:00:00,1.3997,1.3404,1.3795,0.8388894000605229,1.3887763152177475,0.016306712904173848,0.6593590793660907,0.3093095719229128,0.5201502099054323,0.21874845468687196,0.09518330839655983
2026-02-25 03:00:00,1.3814,1.353,1.3603,-0.23539143124724116,1.3754548732580139,-0.008242165948364799,0.257042163013326,-0.3728296796019999,0.48192235026952607,0.21815405292160506,0.08892784427472772
2026-02-25 07:00:00,1.3841,1.3587,1.3755,-0.40677452769114675,0.10853804336893536,0.004656313115504407,0.6614170624342222,-0.583007820507674,0.5605489362855587,0.2259065372260061,0.08083060339808565
2026-02-25 11:00:00,1.4368,1.3726,1.4359,0.8803741301528708,0.10977239831696205,0.026577399321532802,0.985981154831594,0.07077053388715092,0.4904027693577718,0.2703623667133144,0.0812032309550543
2026-02-25 15:00:00,1.4769,1.4253,1.472,2.164011004515839,0.683694727591335,0.03028782157515364,0.9050385842948457,0.6570909900091806,0.5011085934057806,0.3223710637186656,0.0958749477538504
2026-02-25 19:00:00,1.4935,1.4439,1.4558,2.2797600585253677,0.6771586330578642,0.01090004159510638,0.23991930646788176,0.6446845777689296,0.4764968567872288,0.3416549542161216,0.10854171830539128
2026-02-25 23:00:00,1.4574,1.4183,1.4379,0.8285120882138749,1.5329649067798754,-0.02270780272217121,0.5012786441742596,0.22048184389602343,0.49447093148732546,0.30437740298695476,0.11608542264980899
2026-02-26 03:00:00,1.4691,1.4341,1.4445,-0.3357752422563692,1.5184190281725103,0.0096585981772912,0.29714277224492,-0.16907812031444994,0.47233563821102376,0.3295297720418364,0.1218289819071259
2026-02-26 07:00:00,1.4567,1.4305,1.4426,-0.07425028366971717,0.3154808780823104,-0.002785811746817801,0.4618318847969905,-0.3217050978492424,0.4821100313760048,0.3313232473997991,0.12482320445608153
2026-02-26 11:00:00,1.446,1.4221,1.4355,0.1542535815061197,0.3225423801558889,-0.004950855907669416,0.5606692214773157,-0.2516886970783039,0.4099182481130453,0.3221009786032174,0.12842102920839785
2026-02-26 15:00:00,1.436,1.3827,1.3936,2.041021331421696,0.7017210336013278,-0.02398990312912086,0.20450277589065985,0.32242266190313357,0.4954047167113756,0.2776347276769945,0.13229480290988488
2026-02-26 19:00:00,1.4132,1.3884,1.4024,-0.21431044321935258,0.7052956520061923,-0.0009136342434964417,0.5645159014048805,-0.4825047894210358,0.5332807527484209,0.27598189572688514,0.13163568484819974
2026-02-26 23:00:00,1.4132,1.3932,1.4068,-0.5714335151552439,-0.11078436966473262,0.0015118846546038345,0.6799996600001722,-0.5760713401284372,0.541050565461159,0.278714508046479,0.13045992406156817
2026-02-27 03:00:00,1.4216,1.4002,1.4125,-0.34114138528945853,-0.10608698912387192,0.004946957811879482,0.5747660865579105,-0.5766061967230581,0.5961416383228917,0.2876692624022303,0.12811614475703725
2026-02-27 07:00:00,1.4262,1.3869,1.3889,-0.4377744370285125,0.19229660244969113,-0.002212054362669247,0.05089057229247543,-0.450318962103813,0.451790288595843,0.28364529544467837,0.12640425672399008
2026-02-27 11:00:00,1.3968,1.3571,1.3591,1.1527309915225685,0.19313540742600932,-0.024013361070582273,0.0503778210635211,0.014744744403824953,0.4826534812066949,0.24005901448479122,0.12336912558744739
2026-02-27 15:00:00,1.3665,1.3386,1.3575,2.140319299850951,-1.2512107870133498,-0.013108547799023262,0.6774191120361567,0.23846029736643015,0.4849546318114735,0.2168372445924671,0.11788789429691039
2026-02-27 19:00:00,1.3575,1.3386,1.354,-0.34043366284119914,-1.244112186684582,-0.0033556272644180707,0.814814383696101,-0.5140697133736472,0.5234088313721066,0.21097068026606583,0.11416043273755387
2026-02-27 23:00:00,1.3653,1.3513,1.3616,-0.7816089717378757,-1.876679158747518,0.005413096484591096,0.7357137602044547,-0.6867442846419122,0.5378948108019045,0.22040251342368264,0.11334542065571701
2026-02-28 03:00:00,1.3617,1.2932,1.2967,0.9960925587390037,-1.8554160542162406,-0.02328737051241958,0.051094883051842746,-0.06214194144174938,0.44356223985969173,0.1812212356519093,0.13566660311375417
2026-02-28 07:00:00,1.3229,1.27,1.2896,2.6961918023847486,-1.6700705644407172,-0.02515932407456256,0.3705103269356675,0.4014731354176706,0.4727654168055044,0.13782074061885094,0.15568577175419804
2026-02-28 11:00:00,1.3504,1.2867,1.3184,2.0331322092116397,-1.6515681561850992,0.018354488648405276,0.4976451338076716,0.21292618104899905,0.4905940658902573,0.1687190815300481,0.15928707871879538
2026-02-28 15:00:00,1.3488,1.311,1.3427,0.0813190360091604,-1.7601348654432332,0.007153942110294187,0.838624116766107,-0.3191000825049053,0.4745447563666413,0.18553045440838942,0.15951966111123697
2026-02-28 19:00:00,1.3931,1.3349,1.3806,0.9003105034757908,-1.7403284170150968,0.03219258514558199,0.7852232327795141,-0.007580046737800269,0.5321070136995818,0.2425101919972382,0.15208162837007405
2026-02-28 23:00:00,1.4332,1.3653,1.4249,1.2412004923602926,-0.8308941939094378,0.02461089146305917,0.8777612845712399,0.4038572701865597,0.4931686761570055,0.28747292194441504,0.13889188838177888
2026-03-01 03:00:00,1.4333,1.3886,1.3947,0.8569073117864346,-0.8235826202714865,0.005389542947992654,0.13646529385563894,-0.09502783140935697,0.4518761767237678,0.29756164573045457,0.13394069913410278
2026-03-01 07:00:00,1.4022,1.3671,1.3767,-0.13189054567086986,1.1391993221892105,-0.01889687909572113,0.27350419558285244,-0.36915215760159986,0.44760452235591086,0.2619977979234665,0.13025138275335799
2026-03-01 11:00:00,1.4035,1.3616,1.3804,0.011262322031841025,1.1323286319362054,-0.0015776067857840026,0.4486872437500642,-0.16205689406972248,0.5134492515216262,0.25908485428644545,0.12205743390057493
2026-03-01 15:00:00,1.3911,1.3562,1.3679,-0.1709085795780283,0.16813875060635236,-0.005429794689374434,0.3352434569502944,-0.22914115130086027,0.5114527603955831,0.24907492435837,0.11435297830008305
2026-03-01 19:00:00,1.3725,1.3369,1.3423,0.20375514054936275,0.17354969471844175,-0.015735825933894998,0.15168535065018407,-0.260475251457726,0.49548580324113656,0.22022314405285903,0.10919912916706302
2026-03-01 23:00:00,1.3807,1.3395,1.3643,-0.23597348429932558,0.36269623987870153,0.005739366497587106,0.601941601470487,-0.34704044417387253,0.5145442908401515,0.2328490374384119,0.10593259653035263
2026-03-02 03:00:00,1.3776,1.3475,1.35,-0.5746495793209256,0.3656007921697854,0.003104043336596307,0.08305645081181592,-0.5709081046578014,0.4268462921760036,0.23853834492753948,0.10444228585048435
2026-03-02 07:00:00,1.3626,1.3379,1.3536,-0.2525010123610983,0.40774635075361254,-0.01208412953085436,0.6356272730253899,-0.5233311146654162,0.5011080283710247,0.21632095774550297,0.09983768544479692
2026-03-02 11:00:00,1.3787,1.3341,1.3731,0.18841248519984416,0.4089596966935273,0.003566840580702113,0.8744392658207912,-0.2992450356601098,0.4665705820300618,0.22279955933126344,0.09233766029787012
2026-03-02 15:00:00,1.423,1.3693,1.4006,2.4401765460826472,0.10419255376021289,0.03687352861601423,0.5828676754436369,0.7037881825142055,0.4560250449644588,0.29001337900338825,0.09247916020631924
2026-03-02 19:00:00,1.4067,1.386,1.3997,-0.3224363103888309,0.10702426512574532,-0.003179945992534905,0.661835429065007,-0.34576160941019896,0.43017963013740396,0.2840031723046951,0.09604578647322952
2026-03-02 23:00:00,1.4013,1.3758,1.3784,-0.2762692799794149,0.8431938769343833,-0.007855956005227371,0.10196074432912573,-0.4015183188338033,0.40241813537608145,0.26920236265445463,0.09809462617046069
2026-03-03 03:00:00,1.3796,1.3578,1.3615,-0.6085726498703335,0.8404705970380343,-0.013004938053368331,0.16972469278683952,-0.5938591889990344,0.4478208330684325,0.24489323086688283,0.09914237135077615
2026-03-03 07:00:00,1.3692,1.3422,1.3506,-0.1401268399264856,0.2685007008623733,-0.011309464604620567,0.31111099588481594,-0.4386943026386482,0.4818457433199755,0.22402824063243934,0.10027273080347586
2026-03-03 11:00:00,1.3708,1.3366,1.3468,0.261511696619264,0.27188574294361134,-0.0019152357858521762,0.29824552682879285,-0.13976583887431168,0.4921264232579002,0.22053475658322513,0.09036155907156097
2026-03-03 15:00:00,1.3877,1.3395,1.367,0.8917158390750184,-1.2747658130277268,0.009801533521412775,0.5705393007179888,0.15436058194084312,0.4537313140715844,0.2383789931619515,0.07239961087814578
2026-03-03 19:00:00,1.3683,1.3486,1.3629,-0.9169342828506386,-1.2627796917132155,-0.0034299228047335317,0.7258879564020496,-0.6072820192758346,0.48806254772294605,0.23207342369503575,0.06400171007871795
2026-03-03 23:00:00,1.3698,1.3531,1.3607,-0.4453152180489221,0.9951912836566484,0.00224687232429277,0.45508954785057487,-0.5973821191149682,0.42603271472369925,0.23618990556210656,0.061539913812457846
2026-03-04 03:00:00,1.3622,1.3452,1.3595,-0.7332051045651224,0.9900735814957942,-0.006844388967207848,0.8411759757788302,-0.6537847164349981,0.4118828808151534,0.22362216508363938,0.061790193983780044
2026-03-04 07:00:00,1.4257,1.3582,1.4048,2.2896565431132325,0.38462144859400704,0.03447173421057004,0.6903702680932944,0.11626766850596967,0.47473508723657953,0.28648630159693345,0.053020451828282245
2026-03-04 11:00:00,1.4254,1.3829,1.4131,0.6142579677209793,0.37923112467953635,0.0028152498056408515,0.7105880680969255,-0.20040158093464444,0.4479103954245109,0.2917972904236655,0.05745167210070617
2026-03-04 15:00:00,1.4732,1.4127,1.4545,2.9096993499621187,1.092821664047082,0.029063449724072488,0.6909089767092573,0.4689899934211675,0.4918857545159058,0.34678005116246596,0.07600180418669496
2026-03-04 19:00:00,1.47,1.4271,1.4302,0.5605484310751101,1.0915813679742479,0.006788823084699747,0.07226105541700072,-0.2981951089834733,0.4761394740844605,0.35999653790450736,0.08475040554020068
2026-03-04 23:00:00,1.4362,1.4157,1.4198,-0.30976322778438714,1.641351110102311,-0.019594397891827375,0.19999990243907195,-0.29663079531040953,0.479704449754665,0.32159117778439555,0.0892153422742401
2026-03-05 03:00:00,1.4314,1.4085,1.4242,-0.6641447161196317,1.6366635569079497,-0.003952084827741564,0.6855892202667108,-0.5725779559670017,0.5740923366471608,0.3139968041360293,0.08952368438582033
2026-03-05 07:00:00,1.4525,1.4091,1.4478,-0.36619439257140346,0.37050532161939675,0.006357002273362999,0.8917048636624751,-0.40019834575487284,0.5502510593928418,0.32616421856753597,0.09544848166415523
2026-03-05 11:00:00,1.4499,1.4199,1.4374,0.12181430938450954,0.37444373503840933,0.0031067757807849983,0.5833331388889555,-0.220636202866007,0.5067603491649377,0.3321484436159843,0.09745471890017987
2026-03-05 15:00:00,1.4405,1.396,1.4101,0.03819133902851113,0.3003993587233128,-0.01658077149958659,0.3168538613811549,-0.04874097792033289,0.46881334278871434,0.30011158644367797,0.09643934316379717
2026-03-05 19:00:00,1.4232,1.4021,1.4061,-0.7778075123227424,0.30124423258906435,0.0021442115477081636,0.1895733698704399,-0.6298610706674102,0.489699665545961,0.3041858723064608,0.09578492041471329
2026-03-05 23:00:00,1.4148,1.398,1.4098,-1.1040716872495147,1.0871730310222243,-0.00445961650542559,0.7023805342972967,-0.6861282278624836,0.4815202495239382,0.29569384068111043,0.09586691837850393
2026-03-06 03:00:00,1.4119,1.3916,1.4006,-0.9987637806024983,1.0865777653347675,-0.005076099036670612,0.44334953529580157,-0.6786397883662322,0.49964139472730584,0.28607100528339624,0.09650817126379817
2026-03-06 07:00:00,1.4085,1.3921,1.4031,-0.6111110315022603,0.235394369060837,0.002668618907852638,0.6707312983345737,-0.6724342638314419,0.4621682022758993,0.29110426560860403,0.09554801288109284
2026-03-06 11:00:00,1.4047,1.351,1.3554,0.8173742261613479,0.24292744888640813,-0.0195229686357834,0.08193667003041438,0.16024556900394923,0.46856401276072457,0.25418388974197154,0.10003281598207303
2026-03-06 15:00:00,1.3664,1.346,1.3586,0.3614471867831577,-0.741631920483905,-0.01416859511234081,0.6176467560555098,-0.07862698947779229,0.4407287749370229,0.22791241385702735,0.0981815159556612
2026-03-06 19:00:00,1.3722,1.3543,1.3689,-0.7753402573304985,-0.7344274058973237,0.004329516012074652,0.8156420024346313,-0.702187229460032,0.5103236348280072,0.23980088977802355,0.09313594310697605
2026-03-06 23:00:00,1.3706,1.3626,1.3678,-1.1264760445905684,-1.0243810982095611,0.002700121192225957,0.6499991875009989,-0.8253001467498084,0.49974803114770777,0.24484144103731936,0.09308580570933399
2026-03-07 03:00:00,1.3749,1.3606,1.3637,-1.1601743455690365,-1.0152713164093223,0.00017252607225448635,0.21678306518665966,-0.8046817699133291,0.42320382535785983,0.2535808886915673,0.09322400144108763
2026-03-07 07:00:00,1.3692,1.3613,1.366,-1.2013722028654439,-0.3051493723819144,-0.00047479394302729627,0.5949359557772886,-0.8770153629442846,0.45433770298550347,0.2582058977101505,0.09212191230720446
2026-03-07 11:00:00,1.3733,1.3565,1.3637,-0.9422991861334282,-0.29852199113563715,-0.00034885261818740076,0.4285711734695339,-0.8168217326001274,0.5013250129702874,0.2575158759913994,0.09147878899025344
2026-03-07 15:00:00,1.3649,1.3517,1.3572,-1.111731556251555,-0.8386981360722576,-0.005444414926374597,0.41666635101034155,-0.8287614537037299,0.45391770782793645,0.25548176953468615,0.0961043330787601
2026-03-07 19:00:00,1.3592,1.3468,1.3538,-0.8833846317545924,-0.8337036232395852,-0.003569166546545377,0.5645156737776755,-0.7863232302633023,0.45908889048828533,0.2664850223912833,0.09994564989975431
2026-03-07 23:00:00,1.3603,1.345,1.348,-1.0778965948880148,-0.855657888678915,7.328440081222354e-05,0.19607830321680153,-0.8137631482658995,0.4076887498084494,0.272220000419688,0.09585978534036362
2026-03-08 03:00:00,1.3563,1.3415,1.3523,-0.9967797282645741,-0.851659218173377,-0.0028851184665604768,0.7297292366694371,-0.7768794394127155,0.5050443994158607,0.2822959698724673,0.09419856732271863
2026-03-08 07:00:00,1.3712,1.3516,1.3682,-0.6759361634037514,-1.1029883162552563,0.010290255798987902,0.8469383433988104,-0.7281637324852387,0.5353868721908621,0.306530033936875,0.0906852656576976
2026-03-08 11:00:00,1.3681,1.3414,1.3496,-0.6678941463133946,-1.0993924775332917,-0.008267999321006081,0.307115989844196,-0.5471726714079164,0.45724388610139993,0.28685811720464,0.08979810346117743
2026-03-08 15:00:00,1.3498,1.3381,1.3455,-0.7811105987635252,-1.3223323348765783,-0.006400220208595098,0.6324780918990517,-0.6790149192599493,0.4002078409441264,0.271756081630559,0.07891954124441193
2026-03-08 19:00:00,1.362,1.3218,1.3456,-0.082821825776196,-1.3166908705974376,-0.0013952315951163419,0.5920396537214745,-0.30302963693841495,0.4965409207217606,0.2695978874424778,0.06754136535561565
2026-03-08 23:00:00,1.3605,1.3376,1.3459,-0.2698708503509496,-0.8631689199947747,0.004691352846535324,0.36244525657413007,-0.2871045308742203,0.4569615906416023,0.2852028022082374,0.06299656647783786
2026-03-09 03:00:00,1.3653,1.3419,1.345,-0.08534955959714223,-0.8578776987770235,0.0038280567381598907,0.13247857586385212,-0.37226644935763503,0.5554354371969733,0.2997865536104313,0.05806562587616567
2026-03-09 07:00:00,1.3636,1.333,1.3473,0.1317474632447128,-0.7803430646618815,-0.005164622951606246,0.4673201087189186,-0.3362625004294717,0.5195165595589012,0.287934942942203,0.048918288047024965
2026-03-09 11:00:00,1.3731,1.3413,1.3647,-0.10544048086560155,-0.7848788019262616,0.01252583678428576,0.7358488252047735,-0.10653578279078256,0.5532478749530778,0.33866652981177425,0.0397235315724016
2026-03-09 15:00:00,1.3703,1.3561,1.3617,-0.6942492059546584,0.27351820790773873,0.00035419548422210845,0.3943659194606082,-0.4305196849810696,0.42708376428880807,0.3680309917274737,0.025452470968469264
2026-03-09 19:00:00,1.3841,1.3562,1.3644,0.2372791355652493,0.26821316086402586,0.006164412973538758,0.29390670469293645,-0.23628192190783107,0.5425891434545705,0.3856398788984917,0.025914609516173172
2026-03-09 23:00:00,1.3923,1.3604,1.3877,-0.49909049642764824,0.6714483117569455,0.0020492126091837815,0.8557991047651661,-0.5260826362031951,0.5513004791645945,0.39152961935521,0.03231700679319848
2026-03-10 03:00:00,1.391,1.3731,1.3802,-0.4623056485937719,0.6711219071045794,0.005918268928979176,0.3966478231017801,-0.4197286680976957,0.4464196227933377,0.40857445761716554,0.03485391308228977
2026-03-10 07:00:00,1.4195,1.3762,1.4055,0.8959269045615249,0.8977964853899808,0.01398065556771999,0.676674208620274,-0.13803036826009607,0.49276896135700415,0.4490775722188051,0.0450846454510529
2026-03-10 11:00:00,1.4378,1.3813,1.4343,1.2337838552114662,0.8897731824616327,0.00033399198690675647,0.9380529313180642,0.004692768787618902,0.45110851799780644,0.4574379745350619,0.0637002893705146
2026-03-10 15:00:00,1.4427,1.3907,1.3937,1.6026293746838014,0.8471938114244624,0.012024042183280681,0.057692296597633135,0.49396611980990307,0.42507443566633607,0.5070440515188304,0.06821810474437016
2026-03-10 19:00:00,1.3952,1.3785,1.3841,-0.511449402259413,0.8427167740967396,-0.022809133852233154,0.33532914052147694,-0.46121304534398166,0.5597220901115463,0.4361861732154645,0.0696859898912515
2026-03-10 23:00:00,1.3926,1.3785,1.3826,-0.8899226451657438,-0.08684078910218096,-0.0007020967676737433,0.2907799356170664,-0.6082871578977382,0.41572077242211924,0.43405481855534345,0.07016621878841602
2026-03-11 03:00:00,1.391,1.3749,1.3825,-0.8436971116143508,-0.0808713132005727,-0.0030362224415220185,0.47204939624261405,-0.6748260047298499,0.4566426530328234,0.4248442315079337,0.07006805277074314
2026-03-11 07:00:00,1.3833,1.3725,1.3787,-0.9818185408738771,-0.24588486496195797,-0.0032225581242243395,0.5740735425245004,-0.6803508467870026,0.42204635448102384,0.4150980641601264,0.06892095124302514
2026-03-11 11:00:00,1.4112,1.3706,1.3921,0.48187376653459996,-0.24363947486885118,0.010027175091814389,0.5295565198136618,-0.011935705971711348,0.4925826609339702,0.4453260983192325,0.0683157863450792
2026-03-11 15:00:00,1.4075,1.3731,1.4044,0.7178148037260577,0.27920270951025095,0.0025195734171319373,0.9098834564292312,-0.02621890752622661,0.4128517534621049,0.452997794268575,0.07049743044261843
2026-03-11 19:00:00,1.4049,1.387,1.3903,-0.7357109939317585,0.28431430780160605,-0.00015294201581150801,0.18435743890646292,-0.586187749988874,0.5570595398286096,0.45253093709633807,0.06974247847013566
2026-03-11 23:00:00,1.3922,1.3705,1.3726,-0.8514767700011155,0.5565892298531229,-0.010268555111748845,0.09677414895200442,-0.6078157304278927,0.47566522865983346,0.4391718428314637,0.06740626526750089
2026-03-12 03:00:00,1.3784,1.366,1.3725,-0.669178839256213,0.556628983008538,-0.006272131633399347,0.5241931256507025,-0.6320659660661102,0.5574170728214927,0.42177672783163156,0.06378375674904666
2026-03-12 07:00:00,1.3913,1.3698,1.3901,-0.702035329185768,-1.6591485644204798,0.006353903792729598,0.9441856073555274,-0.6183039174739658,0.4740394685949289,0.44177574530579505,0.05899174554198338
2026-03-12 11:00:00,1.3936,1.365,1.3693,-0.1794850899456945,-1.6404040076684963,0.0021729726659329707,0.1503495977798601,-0.24467739928899268,0.45030194538947765,0.4486586700971008,0.05510889425347983
2026-03-12 15:00:00,1.3859,1.3663,1.372,-0.7461866651795708,0.5212737502088554,-0.004013809736380214,0.2908161781550155,-0.441229411815663,0.4555941232314171,0.43591723843992736,0.049968112757072275
2026-03-12 19:00:00,1.3818,1.3697,1.3791,-1.1044260994509632,0.5191169811259273,-0.0016176434470911438,0.7768588621001202,-0.7613192374896579,0.5372089030565665,0.4308028045809309,0.0480636678878694
2026-03-12 23:00:00,1.4243,1.379,1.4015,1.6483988162436063,0.5221134292685148,0.022600194005987895,0.49668863207756503,0.19407430870499115,0.4330128432177993,0.5021412807940372,0.04572339820658701
2026-03-13 03:00:00,1.427,1.4003,1.4133,0.03420286615118455,0.5208981983926761,0.006288701502404459,0.4868912034115315,-0.435892363464484,0.48289013210063264,0.5224404616639305,0.04568025356748064
2026-03-13 07:00:00,1.4385,1.4116,1.434,0.38178320279486394,1.76319202672877,0.007908170760976496,0.83271344508794,-0.2782023630160123,0.49268223917938686,0.5481276261720154,0.0529077672627661
2026-03-13 11:00:00,1.4528,1.4195,1.4229,1.7710917390641372,1.7562020149845834,0.0070912687064024205,0.10210207144082115,0.06218022166071028,0.4777634625506812,0.5713435001018012,0.05618863817895833
2026-03-13 15:00:00,1.429,1.39,1.3975,0.41531788800231245,1.695797425265122,-0.019392762933909236,0.19230764299804112,-0.12780508426460524,0.5122793728368757,0.5074039444646088,0.0567300336038064
2026-03-13 19:00:00,1.4061,1.3901,1.3948,-0.5333541072849097,1.6878444478657662,-0.007146018615667993,0.2937498164063737,-0.5888316008694923,0.5197624328038796,0.4842998387755428,0.04972835821958648
2026-03-13 23:00:00,1.4025,1.3923,1.3984,-0.9868873401272308,0.27186785257630314,-0.0006036883869204868,0.598038629373893,-0.7288972408438592,0.5018490739392171,0.4823619750983787,0.049784945550058905
2026-03-14 03:00:00,1.4042,1.3834,1.3926,-0.8593536589612096,0.2724958150558178,-0.0008228886476515651,0.44230747965987166,-0.7090172378243683,0.4620668364377019,0.47972206453213373,0.04973340471290453
2026-03-14 07:00:00,1.3978,1.3874,1.3895,-0.9079262137488482,0.17399663431632076,-0.0024126049154417073,0.20192288276645867,-0.7482636187215556,0.3942773546037476,0.47198855137887036,0.0494696623899871
2026-03-14 11:00:00,1.3946,1.3875,1.3891,-1.1663806754493287,0.17222139195487224,-0.0013887849202983693,0.22535179527916466,-0.739893988867913,0.4971936726046504,0.4675475944061861,0.04908826070029447
2026-03-14 15:00:00,1.3936,1.3871,1.3913,-1.3079288870112045,-0.2660699439129019,-0.0006677655908403635,0.6461528520725374,-0.787103247573676,0.3998413573802252,0.4654152269341306,0.04810188639947241
2026-03-14 19:00:00,1.3984,1.389,1.3967,-1.2056596153395893,-0.2593690301966976,0.002949148291316206,0.8191480647360991,-0.7923493130167312,0.505996125264406,0.4748264164545954,0.04795402344729824
2026-03-14 23:00:00,1.4198,1.3967,1.4158,-0.564813825244503,-0.28973777133420353,0.009319530326414194,0.8268394689006618,-0.6167341018474051,0.43406596287047994,0.5046541907669929,0.04892161522450522
2026-03-15 03:00:00,1.4211,1.4055,1.4103,-1.0227802318563635,-0.28713679325536823,0.00515236407081221,0.30769211045378303,-0.7662797295097665,0.43200416776552275,0.49422613210701977,0.05007455345777777
2026-03-15 07:00:00,1.4187,1.4063,1.4164,-1.0596688060591897,1.0347384341801495,-0.0011990935970944694,0.8145154721649438,-0.992006819765129,0.527349837408079,0.36244494592188714,0.049205627070159276
2026-03-15 11:00:00,1.43,1.4128,1.4172,-0.257332356562969,1.0255393573057623,0.005806049265171254,0.25581380475941523,-0.6487912695092117,0.47976153679687455,0.3873210168183825,0.04777736464740034
2026-03-15 15:00:00,1.4242,1.4092,1.4109,-0.8014687996480165,1.6315079321593584,-0.0038858322119492694,0.11333325777783121,-0.8308101944415068,0.5407943202010612,0.37057546911777534,0.04806215498438539
2026-03-15 19:00:00,1.4649,1.41,1.4551,0.17169547353833547,1.6343302378836808,0.017809401659368396,0.8214934751378005,-0.09651676093502948,0.5495212621957691,0.4470248122996304,0.05305672904315537
2026-03-15 23:00:00,1.4579,1.4357,1.4427,0.2332059335700827,1.73218564416271,0.004198615111349335,0.31531517328145875,0.19429694143104684,0.4898526867336764,0.46536893524571665,0.05386571700169247
2026-03-16 03:00:00,1.4859,1.4401,1.4768,1.6047118874695128,1.7722662810622556,0.017698100047759846,0.8013098687096335,0.7757928617148127,0.5494235030570653,0.5430181649671517,0.06368394079539205
2026-03-16 07:00:00,1.4892,1.4646,1.4749,0.38043949910111136,1.8232245357564794,0.00277950240249325,0.41869901678902255,-0.1601969995013597,0.5167318787982221,0.5554288719930014,0.07331152489089095
2026-03-16 11:00:00,1.5097,1.4667,1.5093,1.02550877921474,1.801549940247699,0.00406835652937354,0.9906974440238513,0.5799173012886605,0.5306747445858212,0.5736449099702056,0.09003107811972191
2026-03-16 15:00:00,1.5443,1.4918,1.5356,1.8942287400424285,0.6274903895773816,0.02305149814683949,0.8342855553741813,1.4175662848951067,0.4803453640045199,0.677277739068579,0.11053030160214436
2026-03-16 19:00:00,1.5522,1.5208,1.5514,0.45697229413228446,0.6241100858093895,0.01176265050792713,0.9745219826363071,0.5066641511635709,0.5149338497864009,0.7313781902933791,0.13076326297912355
2026-03-16 23:00:00,1.607,1.5342,1.5941,2.543317741719872,0.9722608623871558,0.020802872137823503,0.8228020847799347,2.851257980229858,0.5490227960920102,0.8281831563296863,0.15393734758688624
2026-03-17 03:00:00,1.5953,1.5041,1.5168,1.9767692158866514,0.9703895966488374,-0.016482611366257616,0.13925437069579205,1.856083243229089,0.46133393755833446,0.749886676061716,0.16441217256884902
2026-03-17 07:00:00,1.5436,1.5024,1.5089,0.12082892600004241,1.363054628579213,-0.012371245618288285,0.15776695199831092,0.17699546940749072,0.48110781233542804,0.6920888248578335,0.16567864461693893
2026-03-17 11:00:00,1.5186,1.4941,1.5125,0.9859369429218775,1.3508640298691161,-0.009573406149954056,0.7510201016244481,1.0023445783928187,0.478669255870147,0.6479156643774879,0.16388514092495468
2026-03-17 15:00:00,1.54,1.5015,1.5365,1.0073195543871332,0.15868409424727478,0.00861529062311317,0.9090906729634599,0.9047141874430018,0.5038707791078005,0.687287368632721,0.1608565526278595
2026-03-17 19:00:00,1.5408,1.5205,1.5278,-0.7100465949317041,0.156118437797368,0.007782415163305245,0.3596057341843718,-0.5419777242280107,0.45583159255515004,0.7231592557957238,0.15765810507247247
2026-03-17 23:00:00,1.5312,1.5089,1.5269,-0.667802116743417,0.7592116450163204,-0.0070289935675676984,0.807174525930707,-0.5667221685523705,0.49847799239205576,0.6905080103461824,0.151627513349385
2026-03-18 03:00:00,1.5414,1.5217,1.5249,-0.5858759787946993,0.7532095559181784,0.006852899467635343,0.16243646576828444,-0.6875120073187025,0.5014246266155843,0.7221175036582788,0.1442252688677719
2026-03-18 07:00:00,1.5275,1.5095,1.5111,-0.8125805294716947,0.3892710883646937,-0.007697808130864847,0.08888883950620273,-0.8714753699814815,0.45221147524732314,0.6863674843522675,0.13882576354196577
2026-03-18 11:00:00,1.5121,1.4439,1.446,1.4939441551965884,0.38442802997751513,-0.029702177152625353,0.030791784341380444,1.882389401123846,0.450128701027341,0.5494870315094978,0.1384064867862416
2026-03-18 15:00:00,1.4669,1.4359,1.4524,0.6906061557503845,0.2543637485998966,-0.01675215057261037,0.5322578928200309,0.6604972010251223,0.5185319128414506,0.4745789327991965,0.13124887529970888
2026-03-18 19:00:00,1.472,1.4421,1.4625,-0.43804805887750037,0.25084187448605466,0.007751620391059699,0.6822740193063462,-0.6070123506726501,0.4856925941889335,0.5086600409833805,0.12216730127807368
2026-03-18 23:00:00,1.4673,1.4555,1.4575,-1.0914649881071106,-0.19571884074852328,0.00017277228336709527,0.16949138178696427,-0.8111389288339574,0.40374956041712107,0.5094255473190795,0.11223035438333193
2026-03-19 03:00:00,1.4817,1.4573,1.4688,-0.31945788474064535,-0.19302268802703196,0.005565192329152424,0.4713112822494776,-0.268082695596271,0.5002092491004607,0.5340876397974635,0.10944999035879534
2026-03-19 07:00:00,1.4709,1.4507,1.4629,-0.010926291181099139,1.5650518316391209,-0.005417272478831503,0.6039600970494564,-0.12511679836800083,0.46456845352048254,0.5099474513371687,0.10624510612104757
2026-03-19 11:00:00,1.4655,1.4326,1.4443,0.5659553350353582,1.5482321168812283,-0.0105393126112866,0.3556229922118518,0.9826571989343936,0.4531669839280748,0.46323709555840087,0.11256134172011134
2026-03-19 15:00:00,1.4499,1.4219,1.4371,0.06718215657289082,1.703317268422038,-0.01009399794514898,0.5428569489796642,0.1251777888270829,0.4417161005728166,0.4189718737821005,0.11900932986360907
2026-03-19 19:00:00,1.4565,1.4364,1.4493,-0.7008289128648474,1.6861389346520284,0.012617414670567983,0.6417907254772574,-0.4690537438079084,0.5086015081572693,0.4737445254125009,0.12173302569430715
2026-03-19 23:00:00,1.4607,1.4427,1.4524,-0.6181259248468465,-0.05193271764098343,0.0009930578974175486,0.5388885895063287,-0.8835938721028259,0.4498623290995467,0.47810981793460977,0.1215510998232884
2026-03-20 03:00:00,1.4636,1.4476,1.4504,-0.8048840337677986,-0.06388574470110782,0.002565720615809619,0.1749998906250628,-0.88024594247618,0.5325768868778931,0.4893994350010444,0.11793293699638285
2026-03-20 07:00:00,1.4665,1.4434,1.4506,-0.37528475183013066,0.0691038052157841,-0.001569594514467365,0.3116881767583609,-0.37341974088267454,0.5945238456282946,0.4824752259549569,0.09721084161972983
2026-03-20 11:00:00,1.4549,1.4336,1.4366,-0.11918654822322401,0.06270006478350808,-0.006455160076775046,0.14084500429812474,0.12251249339358236,0.42884403793728165,0.45404321920926016,0.09858232982106627
2026-03-20 15:00:00,1.443,1.4284,1.4312,-0.5694332931105838,0.1240439670440262,-0.0049470568348813915,0.19178069056117794,-0.4544147230028815,0.5249852893367652,0.4323943673309976,0.10023005469787857
2026-03-20 19:00:00,1.4521,1.4248,1.4477,-0.9507276203705053,0.12247246207995534,0.0021531496537343653,0.8388275315650074,-0.783379959967867,0.5955880881491994,0.44177016818294096,0.0965227735937026
2026-03-20 23:00:00,1.4496,1.4398,1.4468,-1.1363811906729455,0.7599502882838144,0.004309720249577653,0.714284985423494,-1.167283274019273,0.46526503372307276,0.46057707331612396,0.08672081373291786
2026-03-21 03:00:00,1.453,1.4441,1.4488,-0.8597474970423642,0.7559402005009057,0.0018958698151143594,0.5280892942817008,-1.2792126716796302,0.4743127941406049,0.4688859905246597,0.07653138050142538
2026-03-21 07:00:00,1.4499,1.4368,1.4403,-1.036800559154741,0.5444910580403443,-0.004048732733098359,0.26717536856841073,-1.3061511935391887,0.46918955220681247,0.45110820695538834,0.06437168194348775
2026-03-21 11:00:00,1.4467,1.4352,1.4367,-0.8107923997053721,0.5461323865208169,-0.0011615424762099202,0.1304346691872484,-1.1117087798619179,0.42553595788294146,0.44602858150529723,0.04718894922326957
2026-03-21 15:00:00,1.4417,1.4341,1.4374,-1.198105522295667,-0.0777228098084036,-0.00175275389402485,0.434209954986909,-1.2305388028747701,0.43161312947067043,0.4383723899581243,0.02752084512916632
2026-03-21 19:00:00,1.4427,1.4358,1.4393,-1.2880601994109506,-0.07532487341030583,0.0012952014364722153,0.5072456416729821,-1.3257356583649726,0.42897403952919033,0.4440200336302199,0.027991903707373318
2026-03-21 23:00:00,1.4395,1.3938,1.4166,0.7927307729022758,-0.5902126467287246,-0.01967817893285828,0.49890579892652354,1.154010865090855,0.46105996869128796,0.3581034478000187,0.03430847815197971
2026-03-22 03:00:00,1.4263,1.41,1.4108,-0.7609240054253085,-0.5894364830841528,0.0027656183649518162,0.049079724490974835,-0.8405267694928477,0.4359612752498938,0.36994075791761394,0.03915536781577781
2026-03-22 07:00:00,1.4129,1.3871,1.3884,-0.4672608809860289,0.054120659168024235,-0.011821448724661954,0.050387577369159026,-0.5858248801111894,0.3589405492388782,0.3192030419553652,0.05201735838105352
2026-03-22 11:00:00,1.4071,1.3855,1.3972,-0.8827460135808518,0.05146600766962112,-0.0015145708235720923,0.5416664158951782,-0.7008290975989161,0.5204635596208548,0.3127793424092392,0.054612658534053365
2026-03-22 15:00:00,1.4009,1.3814,1.3882,-0.927281658782258,-0.028072945914778318,-0.003123299853844297,0.3487177698883289,-0.9173509791267876,0.48380529527968197,0.29955265634377215,0.05997763745921801
2026-03-22 19:00:00,1.3929,1.3712,1.3909,-0.40971234158724074,-0.02619589006976886,-0.007249415885633992,0.9078336830259526,-0.23077668365649512,0.5235653902333937,0.268948400394193,0.06491697588185756
2026-03-22 23:00:00,1.3931,1.3742,1.3851,-0.7074090997831445,0.9404908578489881,0.002454929209258827,0.5767192715771027,-0.2685513597073714,0.5417465841052602,0.27923703952411977,0.07103156129841577
2026-03-23 03:00:00,1.3981,1.3681,1.3719,0.06169126742452475,0.9367045343173293,-0.0009889860217396906,0.12666662444445279,-0.24151470360552899,0.5488922368913977,0.2750820113731146,0.07849323057759902
2026-03-23 07:00:00,1.3807,1.3618,1.3723,-0.2633289779042843,1.182815386054936,-0.009332328029084569,0.5555552616109779,-0.25074659861781906,0.4399843411222618,0.2359128665955079,0.08248160178456843
2026-03-23 11:00:00,1.4566,1.3723,1.4554,4.208891564420673,1.1763835351589491,0.04008155623789933,0.9857650076198109,4.599911014174266,0.4870581164082825,0.4025710562807418,0.0786215148164206
2026-03-23 15:00:00,1.4661,1.4268,1.4418,1.0598858956412969,-0.06442750824748515,0.012803020873115356,0.3816792921935629,0.9566752043969524,0.46679579253977926,0.4579394511141042,0.07814959525595802
2026-03-23 19:00:00,1.4456,1.4256,1.4296,-0.9250547065901537,-0.06370169143050629,-0.006733370687507789,0.19999990000005,-0.8127789615765838,0.4663701382232026,0.4284472632453282,0.07829864310392387
2026-03-23 23:00:00,1.435,1.4088,1.4092,-0.4526346012919766,1.2754236499240907,-0.0106749375134233,0.015267169745353377,-0.515403352801372,0.45121671123027274,0.38200582574187425,0.0792051175805185
2026-03-24 03:00:00,1.4172,1.4052,1.4158,-0.5509859052871906,1.2634764495707298,-0.005432423936081787,0.8833325972228301,-0.9170220312910677,0.5009838676817199,0.35862429297513176,0.07627369187010931
2026-03-24 07:00:00,1.4333,1.4133,1.4216,-0.13109632881259314,0.6219858450253011,0.006831367628444829,0.41499979250010205,-0.7063823344884097,0.5699928358782163,0.38786724944192896,0.07333127648243244
2026-03-24 11:00:00,1.426,1.3954,1.4021,0.22151729588988808,0.6151465073858398,-0.007684741613309676,0.21895417681235843,-0.04698435583197915,0.43694893715132394,0.35474654025487945,0.07111884314980163
2026-03-24 15:00:00,1.4087,1.3835,1.389,-0.24552602119893993,-0.7348833688351345,-0.01136320791615486,0.21825388164528647,-0.4164805874035437,0.5026711650675247,0.3696624805717124,0.0707203744874871
2026-03-24 19:00:00,1.4146,1.3864,1.4111,-0.27258480399479074,-0.7424665435767599,0.007332219414428964,0.8758862142247447,-0.4862727703535115,0.6146059617258445,0.4070964463491993,0.06730784012473486
2026-03-24 23:00:00,1.4251,1.4093,1.4106,-0.43677449586421085,-0.6620639034637762,0.008853943917283225,0.082278428937708,-0.8399100191601008,0.5333608460956586,0.4526308735908887,0.06458289765851
2026-03-25 03:00:00,1.4235,1.4071,1.4179,-0.3991460870972468,-0.6557460960358407,9.857566429793962e-08,0.6585361838193964,-1.0493669830132697,0.46385509656626844,0.45263138503845973,0.06113488184511728
2026-03-25 07:00:00,1.4268,1.4127,1.4228,-0.033118711007952724,0.8493916913021194,0.0025400420489158915,0.7163115487152134,-0.7751506921602443,0.49538755806667994,0.46581007850492046,0.061483531866949236
2026-03-25 11:00:00,1.4379,1.4137,1.4155,0.4239760251580538,0.8418752933901107,0.003677500893078278,0.07438013455366439,-0.05694992369276302,0.4589463881351774,0.48493880091323577,0.0620063549643745
2026-03-25 15:00:00,1.4212,1.4019,1.4129,-0.32655292190298785,0.07813012934269602,-0.009665170302334158,0.5699478912187126,-0.4532840362675188,0.4326594554722853,0.4344800056115752,0.060981614758309724
2026-03-25 19:00:00,1.4225,1.409,1.418,-0.9761784294822899,0.07271592071630674,0.0020722194585029996,0.666666172839861,-1.046851274697719,0.5461782412044078,0.4451938458879855,0.06062378229069139
2026-03-25 23:00:00,1.4195,1.4,1.4036,-0.8354122547592753,-0.29884785642620315,-0.0032227059226440646,0.1846152899408787,-1.0407025662561173,0.5040998626459349,0.42849720449436407,0.05976945653762697
2026-03-26 03:00:00,1.4056,1.3855,1.3856,-0.30076593734816,-0.3072257448272551,-0.010950443477903415,0.004975121902923876,-0.943532839399038,0.5144523855236267,0.37194646521952396,0.061364819226354214
2026-03-26 07:00:00,1.3875,1.3683,1.3737,0.20914723298009366,-0.8502034718454109,-0.011812242915048121,0.28124985351569515,-0.6497260347475382,0.4417552756762943,0.3116131762322265,0.06430736038036759
2026-03-26 11:00:00,1.3828,1.3651,1.3685,-0.19449559650225282,-0.8448592108320803,-0.00292397822540158,0.19209028695464353,-0.36880010228624094,0.43569838691766716,0.2968548116546586,0.06546267116692575
2026-03-26 15:00:00,1.3685,1.336,1.3476,1.1330414151419863,-1.3877187174386378,-0.015027352569786712,0.35692296710062066,-0.06530554072296295,0.44706987032995893,0.22122816418500932,0.07433257025567026
2026-03-26 19:00:00,1.3704,1.3442,1.3635,0.4121134182760064,-1.3917112450739237,0.00438806088274557,0.7366409402133767,-0.13601508684468938,0.46268990334184157,0.2429796629846914,0.0710856833172505
2026-03-26 23:00:00,1.3726,1.3582,1.3704,-0.3702875637681766,-1.7699846471310754,0.00383227349063886,0.8472216338738664,-0.9781864426849294,0.4773733052782671,0.26205949644585785,0.06849013832130708
2026-03-27 03:00:00,1.3709,1.356,1.3599,-0.7114435143012443,-1.7487120479698177,-0.0011935182483076012,0.2617447907753107,-1.0805107084153254,0.48930128167783943,0.2560945259148463,0.07036582792251095
2026-03-27 07:00:00,1.3648,1.3262,1.333,0.26881324030057646,-0.2226896763345807,-0.013293648071427744,0.176165757470009,-0.2843905261889652,0.4499439696218012,0.18973477178153625,0.08253182631492702
2026-03-27 11:00:00,1.3443,1.3262,1.3323,0.6099642846358301,-0.21969970059547117,-0.008262756596178589,0.33701638838873527,-0.0035583736890766643,0.46416062977816513,0.14903673364075865,0.0899316219974239
2026-03-27 15:00:00,1.3459,1.3184,1.3236,0.49495648725350244,0.12422768727749725,0.00026194547670987944,0.18909084033060636,-0.15308514080395494,0.42275626177839815,0.1503162800466453,0.09701822193661828
2026-03-27 19:00:00,1.3327,1.3197,1.3247,-0.9036163814693787,0.12713014932223923,-0.006140777245841056,0.3846150887576188,-0.9928778229826771,0.5685471676023446,0.12031206785009811,0.1035137707577632
2026-03-27 23:00:00,1.3294,1.3191,1.324,-0.8236249902341538,-1.2997515745545434,-0.0011506797117026846,0.47572769346827215,-1.118661210078122,0.5897073141465885,0.11472430182812825,0.1097414968645892
2026-03-28 03:00:00,1.3421,1.324,1.3359,-0.751182918750001,-1.290923743843775,0.006328212684174828,0.6574582002993378,-1.0856002947575052,0.5833139099968468,0.1454191014014899,0.10895299688163276
2026-03-28 07:00:00,1.3433,1.3348,1.3379,-1.0659211402231183,0.016350623184697453,0.004317136719450998,0.36470545328771614,-1.2149619841518808,0.4100464334160471,0.16649175295844326,0.10756736341646617
2026-03-28 11:00:00,1.3573,1.3361,1.3479,-0.5898068430972804,0.01711298602169815,0.005321514726897902,0.5566035110360842,-0.8980238207450174,0.5282106858214253,0.19257907653160947,0.10176409181742145
2026-03-28 15:00:00,1.3582,1.3443,1.3459,-0.9265476851330607,0.21577322795703258,0.0035475289563517975,0.11510783085767874,-1.0298644601812206,0.3846593013953356,0.21006244789780373,0.09418293819306654
2026-03-28 19:00:00,1.348,1.3388,1.3412,-1.116715566820286,0.2146368222049948,-0.0046631653131895545,0.26086928166381695,-1.1742450880513888,0.42237874118682067,0.18699933147762088,0.08724572666558156
2026-03-28 23:00:00,1.3413,1.33,1.3367,-0.9797252929796568,0.2949339179970656,-0.0075968681672921035,0.592919829274488,-1.0355615938059815,0.36483996595877394,0.14960189391495277,0.07927224381982943
2026-03-29 03:00:00,1.3433,1.3285,1.3345,-0.8573024013401322,0.299354608100102,0.0012812897109619747,0.4054051314830217,-1.1159480976467202,0.4350280448375728,0.1558614382628549,0.06602181878974075
2026-03-29 07:00:00,1.34,1.331,1.3336,-1.0848761231453738,-0.052788449407207776,-0.00015609786306514106,0.28888856790158024,-1.1812637473331935,0.5458593921574495,0.15509786899495792,0.054625638275272274
2026-03-29 11:00:00,1.3407,1.3241,1.3262,-0.9248222260539144,-0.04894976185000315,-0.0035473417880959035,0.12650594788798303,-0.9998165429319825,0.44592459815409685,0.13774837870829504,0.04869193429502667
2026-03-29 15:00:00,1.3297,1.3189,1.3236,-0.8661334647796245,-0.4949753347134064,-0.005095482796353412,0.43518478223632073,-0.9654828910223688,0.4784472838700281,0.1129155784775711,0.04527897771379551
2026-03-29 19:00:00,1.3286,1.2954,1.319,0.1969892954572197,-0.49431605106551346,-0.008355958942807606,0.710843159384588,-0.08325262288358382,0.5080769828515088,0.07240037211537109,0.04303055348789534
2026-03-29 23:00:00,1.355,1.3187,1.3486,-0.037790231902786124,-1.262336717272058,0.017327641993883036,0.823691233142912,0.3998856177587937,0.531709252163842,0.15571418888575456,0.042196018192923575
2026-03-30 03:00:00,1.3609,1.3455,1.3507,-0.12421995169051508,-1.2547584862766579,0.013132027001361068,0.3376621184012261,-0.5253852818692459,0.549445492006215,0.2199489593226446,0.039330821217683325
2026-03-30 07:00:00,1.3669,1.345,1.3479,-0.19711449864314978,1.1310274509511462,0.001461183548155498,0.1324200308584389,-0.6285820905277544,0.5258572140318312,0.22719013739315885,0.03300956301114557
2026-03-30 11:00:00,1.3609,1.3351,1.3481,0.22920057059647125,1.1302770333902878,-0.00462841442208628,0.5038757736915644,-0.17843506997804343,0.5177840779859462,0.20421961813412678,0.029885232490560278
2026-03-30 15:00:00,1.3509,1.3244,1.3255,-0.43318719778223497,1.1164327932643234,-0.008501841259050624,0.041509418298328195,-0.5072415501003238,0.46127121893553064,0.1622208255257796,0.031134132479785023
2026-03-30 19:00:00,1.3345,1.3166,1.3289,-0.541212017989169,1.1120640464633942,-0.009253112795743923,0.6871504541058893,-0.7052312846145439,0.5874081941616768,0.11689939788495562,0.031299150022709187
2026-03-30 23:00:00,1.3482,1.3192,1.3368,-0.4546950642126971,-0.4772737302802085,0.005298845776521954,0.6068963424495363,-0.4530340803889372,0.5401063845847448,0.1426128106616084,0.03002558576648963
2026-03-31 03:00:00,1.3368,1.3148,1.3241,-0.09731576609218008,-0.4743495758631048,-0.006169140066820122,0.42272708057860325,-0.7135925824664102,0.5126906456463015,0.11251753977332682,0.030422375136755414
2026-03-31 07:00:00,1.3255,1.3038,1.3108,0.010503416359355347,-0.9055971448166832,-0.007354361377686858,0.3225804965066813,-0.536736116356558,0.4943976775878061,0.07686166707831557,0.03433439461661312
2026-03-31 11:00:00,1.3387,1.3075,1.3147,0.03846022377279305,-0.9010187432429918,0.0049628579035936315,0.23076915680475413,-0.19186858845138782,0.4914226303529442,0.10074594871173057,0.03694890687484278
2026-03-31 15:00:00,1.3455,1.3141,1.3405,0.10205539146237974,0.4259886268616599,0.006614542214498753,0.8407640634509379,0.5579305638421731,0.4732241266899801,0.1327371203945179,0.036405665239296316
2026-03-31 19:00:00,1.3503,1.3327,1.3357,-0.6856214650310934,0.42377497560381044,0.00974849393982824,0.1704544486054328,-0.9257150596613165,0.46032942059638676,0.18019748608901814,0.035278388534031736
2026-03-31 23:00:00,1.3461,1.3314,1.3345,-0.7431957227775917,1.1558601884841173,-0.0031637175042878996,0.21088421028285487,-0.9443161862481874,0.5256289283157303,0.16464483368892963,0.03425076605140376
2026-04-01 03:00:00,1.3634,1.3346,1.3624,0.3590045248147469,1.1454390394861254,0.007440673090147509,0.9652774426120028,-0.5667164760165032,0.5721565951298592,0.20110703035493868,0.038411833598635724
2026-04-01 07:00:00,1.3675,1.349,1.3528,-0.15090521488450462,1.004964720572274,0.005261205528454438,0.20540529437551835,-0.8097410112887755,0.5178577979621715,0.2270808220647882,0.040592203510776234
2026-04-01 11:00:00,1.3606,1.3448,1.3559,-0.023521742640008125,0.998837217717793,-0.0016046460051427625,0.702531200929625,-0.32669136876127974,0.44966714441510436,0.21911724388823803,0.04278734056420825
2026-04-01 15:00:00,1.3683,1.3463,1.3475,-0.5202572095366919,1.6549873938087478,0.0017984235416728112,0.05454542975207133,-0.5837911113864042,0.484079714420506,0.2280281842856365,0.04367656195719371
2026-04-01 19:00:00,1.3567,1.3422,1.3488,-0.9562540323663515,1.6457499479968642,-0.003776967333710135,0.4551720998813076,-0.9058102933270575,0.5105800932390493,0.20928017618300815,0.043688375009700076
2026-04-01 23:00:00,1.3569,1.317,1.3182,0.2985071564983358,1.1344027059117514,-0.012434291702518863,0.030075180432287824,0.23653871926768896,0.4678760143529072,0.14779229417666795,0.04567573373271914
2026-04-02 03:00:00,1.3209,1.305,1.3157,0.6314228740566419,1.1342112989010222,-0.01585880844927101,0.6729555516002905,-0.4393190724093156,0.5201994444370255,0.07034521615092455,0.04646357239210162
2026-04-02 07:00:00,1.3183,1.3073,1.3086,-0.21938124172841855,-0.9870068030112832,-0.0002500187437455281,0.1181817107439052,-1.0312102167779071,0.45448016347510134,0.06914360358334348,0.04989396805519096
2026-04-02 11:00:00,1.3092,1.2802,1.3001,1.5199730927617967,-0.9804216595479572,-0.014491363861157791,0.686206659928741,0.5203056801418433,0.5588998306773579,0.0,0.054430937359380316
2026-04-02 15:00:00,1.3113,1.2912,1.3068,-0.01797973256074842,-3.0972004549113854,0.00566110428964528,0.7761190168562131,-0.37975075116200147,0.3904366040724637,0.02679377875757828,0.05580973678478111
2026-04-02 19:00:00,1.3229,1.3013,1.3179,-0.7895071619665879,-3.0344266019812927,0.010254128292142228,0.7685181627230784,-0.8287363533886435,0.48111026840142285,0.07560090210603834,0.05455758461882862
2026-04-02 23:00:00,1.324,1.3033,1.3077,-0.3304805016576217,-0.1380242675706446,0.001141781358877214,0.2125602837873096,-0.7613004329923586,0.48259764701636476,0.08109122702449457,0.05690482571483067
2026-04-03 03:00:00,1.3261,1.307,1.3193,-0.5224620357163604,-0.13994982530336558,0.0019462408580361856,0.6439787204299842,-0.7302586259376522,0.5488763868825118,0.09046052973350853,0.05673946029951853
2026-04-03 07:00:00,1.3243,1.3093,1.3159,-0.7479514920657465,0.8894448690976015,-0.0017490026855064844,0.43999970666686933,-0.946559792447196,0.4267171411556301,0.08202435470656128,0.057076478400319146
2026-04-03 11:00:00,1.3356,1.3144,1.3191,-0.18415381362993732,0.8943613492826749,0.0046562286930809105,0.2216980086330125,-0.6583358280553211,0.509973622004566,0.10444402186325054,0.05715731423704321
2026-04-03 15:00:00,1.3254,1.3176,1.318,-1.1011095185892228,0.6303696709352694,-7.4689937272443e-05,0.0512819855359116,-1.0974084648041367,0.4470695467474758,0.10408271647878202,0.05644181984566586
2026-04-03 19:00:00,1.3223,1.3135,1.3167,-1.154570993572633,0.6270849954273238,-0.0030722263315234866,0.3636359504136973,-1.1485525913520271,0.4869430229281202,0.08922222723889763,0.056301962113916394
2026-04-03 23:00:00,1.3191,1.3124,1.3146,-1.1034445978266607,0.7977215616742099,-0.0011848122025899244,0.32835771886907683,-1.226309707301185,0.47560951973301036,0.08350884718619728,0.056146866323103846
2026-04-04 03:00:00,1.3208,1.3145,1.3198,-1.1772809025729973,0.796752696438205,0.0010672606349226843,0.8412685059230233,-1.253452583629272,0.5881076765717488,0.08864927452198049,0.05560343691171711
2026-04-04 07:00:00,1.3201,1.307,1.3143,-1.0371319970159734,0.10843043094709175,-0.0035292911772790703,0.5572514830141367,-1.2149847408083323,0.5937433490184325,0.07163241232263369,0.05585551950535132
2026-04-04 11:00:00,1.3164,1.3067,1.3126,-0.9678824084574986,0.11597780995592767,-0.0012873980787898587,0.6082467956218592,-1.148687379491664,0.5154828727719374,0.06544698960027615,0.0490954708158148
2026-04-04 15:00:00,1.3169,1.3107,1.3134,-0.9794069974157334,-1.2271257040981138,0.002237702837151856,0.4354831685755236,-1.111584347914682,0.5523920645678605,0.07618439798087519,0.04386215007116602
2026-04-04 19:00:00,1.3226,1.3134,1.3169,-1.1087100549497027,-1.2165027155714023,0.002925127096756519,0.3804343690930794,-1.103889638112544,0.5169356879409565,0.0902517558476455,0.03519033720245922
2026-04-04 23:00:00,1.32,1.3102,1.317,-1.1954696263233144,-0.8913800879737084,-0.002292347156643282,0.6938768429828026,-1.1796583147039261,0.5516448116904559,0.07919528066060295,0.027956554375326577
2026-04-05 03:00:00,1.3173,1.2957,1.3015,-0.15121360461819489,-0.8836562928074769,-0.006913234260659817,0.26851839420445034,-0.9350564150120485,0.49203663970640715,0.0459277256177722,0.017822929092100655
2026-04-05 07:00:00,1.304,1.2964,1.299,-0.5779208470881967,-1.1757897239837218,-0.004683562259441221,0.3421048130199721,-1.069954102416271,0.4696066126283691,0.023545508583158296,0.020186945643743247
2026-04-05 11:00:00,1.3008,1.2787,1.2863,0.2881670136058991,-1.1678002492985757,-0.009457191624470895,0.34389124710803515,-0.561388959801453,0.4915094412784424,0.0,0.02729638608729795
2026-04-05 15:00:00,1.306,1.2834,1.3028,-0.5550321326788826,-1.3831434346998892,0.008610759919345679,0.8584066998200399,-0.6890861231045651,0.449801359345005,0.0397183171789893,0.027524358500628534
2026-04-05 19:00:00,1.313,1.2972,1.3123,-0.6644478278158387,-1.3704895458852826,0.003950784432957599,0.955695597661019,-0.7434564607475052,0.48508060895727895,0.05809877352735212,0.026190278703979584
2026-04-05 23:00:00,1.349,1.3116,1.3404,1.541036129767854,0.41991259653736934,0.022639377885751655,0.7700532700392334,0.6496366809481559,0.5047641476486345,0.16384134510405102,0.031766880221400444
2026-04-06 03:00:00,1.3474,1.3361,1.3414,0.20143357470444234,0.41341286230863483,0.005480472108960743,0.46902613360518475,-0.46861317429431343,0.5049319260634942,0.19001870614860802,0.03680890685163816
2026-04-06 07:00:00,1.3577,1.3376,1.3531,0.6746548723940151,1.6480311625358581,0.005234688481940308,0.7711438949532892,-0.40696968031057174,0.4858399106448131,0.21515911714090355,0.04416204006680419
2026-04-06 11:00:00,1.3534,1.3407,1.3478,0.07507027617203091,1.6387859915709908,0.0002693453817634861,0.5590546779097137,-0.4301684936299795,0.4630614675327506,0.21645946195990123,0.04890332337369069
2026-04-06 15:00:00,1.3538,1.335,1.3411,-0.27960118633778464,1.1018243893644666,-0.003475359807866951,0.32446791251706875,-0.5053081483271875,0.4476039689168985,0.19967661123032823,0.051429375741929274
2026-04-06 19:00:00,1.3437,1.3185,1.3185,-0.8085930600505289,1.0952687724097612,-0.00615901584926748,0.0,-0.8761548168106729,0.4150571401186237,0.17003749015064262,0.0523141886896212
2026-04-06 23:00:00,1.326,1.3122,1.3172,-0.5323484597029402,0.7485514783657742,-0.012149660573056664,0.3623185780300073,-0.44176562646553297,0.5156364190637637,0.11192960805519601,0.05237883128354055
2026-04-07 03:00:00,1.3205,1.3056,1.3114,-0.5701313317875001,0.7428323938921115,-0.0041657766469377355,0.3892614837171142,-0.8401823718673396,0.5092912449421395,0.09224811524360753,0.052864045032301146
2026-04-07 07:00:00,1.3247,1.3062,1.3072,0.05735615873782197,0.11083480353648308,0.002616419116022506,0.054054024835656404,-0.5163664628300394,0.5133804168731323,0.10455806883932489,0.0535801622108277
2026-04-07 11:00:00,1.3135,1.2966,1.2966,0.12762345977185213,0.10511909665320997,-0.008818132841569959,0.0,-0.23147278628275056,0.4792240996518762,0.06296120852814431,0.056111719871335806
2026-04-07 15:00:00,1.3146,1.2949,1.3021,-0.023970010075628923,-0.6429012570625526,-0.002139505697021371,0.3654820479786597,-0.4473613052256361,0.5082750821465898,0.05295773769108562,0.0568460925101231
2026-04-07 19:00:00,1.3739,1.3014,1.3735,2.975756336086886,-0.6362896636656159,0.02867319607797958,0.9944826214506736,1.3849615136848696,0.568151708475736,0.18673527498982073,0.06512754717790983
2026-04-07 23:00:00,1.3962,1.3601,1.3744,2.9347085812557983,1.3758109598177255,0.027308415854896406,0.39612177392748565,1.3083931132331408,0.508785263429839,0.3177985523130145,0.07385341191086862
2026-04-08 03:00:00,1.3883,1.3688,1.3799,0.7590057019838836,1.3636252130424202,0.0015060388622978316,0.569230477317696,-0.5471934843627486,0.524159118759039,0.3252239811530864,0.08208022189934085
2026-04-08 07:00:00,1.3882,1.3776,1.3835,-0.018851913116446954,1.6293037109271697,0.002331459087875354,0.5566032484874943,-0.6190915496100987,0.45083854544973834,0.3367364040096387,0.08951866667113247
2026-04-08 11:00:00,1.3898,1.3454,1.3502,1.5176231632839792,1.6131699033943083,-0.0069523743710103725,0.1081080837594437,0.724848542384528,0.46354084009419816,0.30232650124689386,0.09052485428766617
2026-04-08 15:00:00,1.3637,1.3474,1.3481,0.021758150642279744,1.3143912255521015,-0.011794230340878231,0.042944758929604684,-0.06381864067682665,0.5060547036120638,0.24435827949197836,0.08822079505015602
2026-04-08 19:00:00,1.3573,1.3444,1.3446,-0.5997410436111731,1.3043472004834997,-0.004136500372179275,0.015503863950491461,-0.6600192615109275,0.4291279685714112,0.22426731316691767,0.0819493371862927
2026-04-08 23:00:00,1.346,1.3266,1.3342,0.1646483011346916,0.7662244037451745,-0.010939438640897192,0.39175237538537444,-0.21861686048247744,0.4976437133931902,0.17135428584924325,0.07898610376289916
2026-04-09 03:00:00,1.337,1.3256,1.3331,0.7092937506839827,0.7610082883866874,-0.0024865481198629302,0.6578941597419662,-0.638679472344467,0.4699276479925379,0.15945865918173113,0.07694160206405978
2026-04-09 07:00:00,1.339,1.3305,1.3329,-0.29775707517244027,-0.49875677889653414,0.0021707394310235273,0.2823526089969272,-0.8670990580808797,0.4991406878572546,0.16981763725742058,0.07709518473320866
2026-04-09 11:00:00,1.3356,1.3218,1.3326,0.34295946449426457,-0.49380651907597467,-0.004272713110134774,0.7826081285448393,-0.2818897335650079,0.4887209927533917,0.14938357696972243,0.07723798740958451
2026-04-09 15:00:00,1.3603,1.33,1.3553,0.7535066275742012,-0.5160984315922659,0.01672939510736482,0.8349832227778103,0.2545148297220451,0.4800896507895672,0.22904931504344098,0.076143870635616
2026-04-09 19:00:00,1.3696,1.3511,1.3525,-0.25526957055710425,-0.5134837140479476,0.005162809631925391,0.07567563476993097,-0.372274805095554,0.5282770237785919,0.2540460242085242,0.0766077830526746
2026-04-09 23:00:00,1.3534,1.3403,1.3433,-0.4876943745405097,1.1378792258653585,-0.009366765270364064,0.2290074587729259,-0.47505727618291405,0.4940212883104159,0.2084609386509238,0.07716838576325988
2026-04-10 03:00:00,1.3488,1.3393,1.3422,-0.7376631268231411,1.1298310467975616,-0.001206066855025445,0.3052628365654463,-0.8896156942311736,0.46581423292278185,0.20264637118903966,0.07581320256184128
2026-04-10 07:00:00,1.3467,1.3348,1.3374,0.41527267819166724,0.7595288457192799,-0.003473515228605284,0.21848721135527877,-0.7624519096258824,0.5039884511329829,0.18592040809337976,0.0743218009374901
2026-04-10 11:00:00,1.3581,1.337,1.358,0.10696756931711206,0.7598453645909203,0.005073080527771667,0.9952601918198147,-0.29301038515701977,0.4857156571533907,0.2102638805879166,0.07076583198814398
2026-04-10 15:00:00,1.362,1.3461,1.3597,-0.430525895896505,0.3719661579295535,0.005855524608445295,0.8553453739966083,-0.5003027641436764,0.4515669637216595,0.23850450039476048,0.06651405417390659
2026-04-10 19:00:00,1.366,1.3547,1.3563,-0.5562189280129897,0.3706560578446601,0.005271190466111353,0.1415927950506268,-0.7106170409382778,0.3916524260640303,0.2640757957372645,0.05707572510075872
2026-04-10 23:00:00,1.357,1.3488,1.355,-0.7881772325888526,1.3559202951580889,-0.005818512522968389,0.7560966389065372,-1.0448343134165936,0.39157406774806297,0.23570057627958638,0.04662488125315241
2026-04-11 03:00:00,1.357,1.344,1.3464,-1.2090030851737623,1.3510586028222906,-0.002469812808042704,0.1846152426036577,-1.019588605782403,0.36115035344782637,0.22372608792007034,0.04464249527226869
2026-04-11 07:00:00,1.349,1.3422,1.3472,-1.2048487496971154,0.0680485013187156,-0.002625388068833834,0.7352930363337634,-0.9912337407404938,0.4887299819512687,0.21102875572330795,0.04153984802424456
2026-04-11 11:00:00,1.3499,1.34,1.3424,-0.7547991347471037,0.07523500217595389,-0.0010287254298158022,0.24242399755151287,-0.8737648077576188,0.5374825220197582,0.20606652721414734,0.03606881884937781
2026-04-11 15:00:00,1.3671,1.3394,1.3642,-0.32514649175511895,-0.6255048026835665,0.006240346726322565,0.8953065359904239,-0.5363235062252457,0.4998476732144034,0.23613691334146664,0.028201620210086882
2026-04-11 19:00:00,1.3752,1.3581,1.3617,-0.09873681240673735,-0.6217101789424921,0.009655951485610714,0.21052619267473222,-0.3675217746255947,0.48798107456823187,0.28295644728570823,0.02985024335372505
2026-04-11 23:00:00,1.3616,1.3254,1.3345,0.6060719090552745,1.2689585909005499,-0.02048953038776624,0.25138114602731065,0.03235418519647147,0.4295316243395459,0.18264801902787342,0.03164228650415645
2026-04-12 03:00:00,1.3364,1.3268,1.3295,-0.49639928329318017,1.258851188051071,-0.006043476135038972,0.2812497070315458,-0.7685360054897556,0.5162487172637217,0.1536678232771801,0.03379099336275249
2026-04-12 07:00:00,1.3329,1.3266,1.3306,-1.0515584785449956,-1.0941996670734044,-0.00015379140775828581,0.6349196271117064,-1.014842295035811,0.5353039842116034,0.15293480641684915,0.03443741949809827
2026-04-12 11:00:00,1.3346,1.3215,1.3224,0.2685737730015648,-1.0843999075612065,-0.0017267432407080952,0.06870223763188847,-0.5448292953103419,0.5126380372273072,0.1447058860326966,0.03719303911695808
2026-04-12 15:00:00,1.3341,1.3193,1.331,-1.1433628965888487,-0.9426460612920033,-0.0006126655352596266,0.7905400063918827,-0.9311388654129757,0.5510590975651324,0.14179122548213677,0.037274129060688575
2026-04-12 19:00:00,1.3395,1.3232,1.3283,-0.7203871699280668,-0.9368140184462735,0.0041486874219365255,0.3128832436299186,-0.5813949936642702,0.4756042954600821,0.16151586561390416,0.03814114691124852
2026-04-12 23:00:00,1.3335,1.3225,1.3255,-0.7598657689094749,-0.5301306370139512,-0.003101879308908484,0.2727270247936065,-0.6645712422361391,0.5979301939314479,0.14670701696508856,0.03959827075980131
2026-04-13 03:00:00,1.3374,1.3193,1.3345,-0.34534893829121815,-0.5344078972900079,0.0007915224203671745,0.8397785415588221,-0.7062343514774233,0.5486539002822144,0.15047414513885912,0.03921309881926729
2026-04-13 07:00:00,1.3355,1.3226,1.325,0.06073198150559775,0.706671985448392,-0.0019760190617270634,0.18604636740591474,-0.7646353080636421,0.5340285327601685,0.14106214503007045,0.041212147363516666
2026-04-13 11:00:00,1.3468,1.3234,1.3459,0.2998801951848285,0.699624943190061,0.005552539386033617,0.961538050624769,-0.17911490898190138,0.5041539597792063,0.1674572515191041,0.040672424875793894
2026-04-13 15:00:00,1.3462,1.3294,1.3404,-0.03374034917534903,1.2058248479187235,0.003132012475933532,0.654761515022909,-0.27448450950647785,0.4082266984934398,0.18242856903421695,0.04073761821669498
2026-04-13 19:00:00,1.3771,1.3392,1.3747,1.4748378347199342,1.1947484405552653,0.016741820571527954,0.9366752145975699,0.3729567678205622,0.49221441601347893,0.2627067107625352,0.04398955503330875
2026-04-13 23:00:00,1.3839,1.3594,1.3682,1.227991360300473,1.5539921326039858,0.007596179246820656,0.35918352686387284,0.061302909061225486,0.4694439991032251,0.29974070198704733,0.04597754946800163
2026-04-14 03:00:00,1.3731,1.3602,1.3716,-0.37306126744328777,1.5393788407922906,-0.0036468696415665747,0.8837202451780993,-0.7835902375101192,0.4854049811266991,0.28182589775346306,0.04881241251208706
2026-04-14 07:00:00,1.3773,1.3667,1.3702,0.029898590195621553,1.4929480902101608,0.0042890527190346805,0.3301883677468302,-0.5816274240099933,0.531660409574821,0.30281851082774863,0.05134826368300962
2026-04-14 11:00:00,1.3955,1.365,1.3719,1.8996569784499902,1.4795497189232705,0.0062660549937771925,0.2262294340231335,0.42578378824199087,0.463282015828362,0.33361903074623345,0.05426849400509976
2026-04-14 15:00:00,1.3809,1.3521,1.3546,0.0990649873723155,0.5964918845292583,-0.007680245858922019,0.08680552541474645,0.030689764434706033,0.44881124791278104,0.2956305617692057,0.05525306588097824
2026-04-14 19:00:00,1.3656,1.3526,1.3584,-0.5729540190599889,0.5896467233058865,-0.007886355689548985,0.4461535029588494,-0.5093292105536636,0.4822041083148218,0.25692221120132197,0.055579447718812014
2026-04-14 23:00:00,1.3668,1.3553,1.3571,0.41113075646588404,0.30129249715714596,0.001862866570730537,0.1565216030246942,-0.4976236390479654,0.5459732520627434,0.26599355186599244,0.0548290383403348
2026-04-15 03:00:00,1.3614,1.3542,1.3557,-0.9481740338373058,0.29344733124286704,-0.003094621031492828,0.20833304398186409,-0.847904757213018,0.4924563204238933,0.2508960365041209,0.054278746040933724
2026-04-15 07:00:00,1.3596,1.3503,1.3562,-0.3933734047537287,-0.0008204625136171364,-0.0027147614563731715,0.6344079199914949,-0.6635042953612925,0.4926166598116926,0.2376927021490669,0.0539479330820876
2026-04-15 11:00:00,1.3793,1.3562,1.3764,0.7151764913357069,-0.008072251594539311,0.009773823934209336,0.8744584959054166,-0.25061485476296236,0.477284636700278,0.2850989790540411,0.05477577668571071
2026-04-15 15:00:00,1.3874,1.3717,1.3868,1.1086428132797392,1.126477647007432,0.008869609935538092,0.9617828268899234,0.14709692024898793,0.46673676038854994,0.3285399943541587,0.05760232419994533
2026-04-15 19:00:00,1.4086,1.3799,1.3942,1.7672442738541714,1.11744703316205,0.011597445140790308,0.4982576661123155,0.21700437975761314,0.49225773987223975,0.38584503341272947,0.059305356451310395
2026-04-15 23:00:00,1.4103,1.3858,1.4067,0.5140546058853959,1.4899399741127186,0.002156201145253167,0.8530608763016823,0.0003871830781186071,0.5085825039450242,0.3966227679449336,0.06433994080072596
2026-04-16 03:00:00,1.4156,1.4006,1.4099,0.07152126547888443,1.4749966768306881,0.007097541982408195,0.6199995866669372,-0.16976945653838751,0.44788514271677443,0.43217620552922525,0.06783077436716102
2026-04-16 07:00:00,1.4231,1.4026,1.4087,0.9892123701891923,0.19554586750660344,0.0029567134986370203,0.2975608304581317,0.015543501000879827,0.4312959069064489,0.447092275365153,0.06831626078513985
2026-04-16 11:00:00,1.4342,1.3928,1.4104,2.8532685268237814,0.19549290184836013,-0.00039264246250136914,0.4251206702607103,1.6270028655340127,0.4921103289594031,0.445105610466504,0.0692609771309851
2026-04-16 15:00:00,1.4486,1.4074,1.4466,2.0588805790223397,0.37944866351599577,0.011997605675319267,0.9514560797436701,2.03728026201548,0.4735159680178603,0.5057864221925745,0.07482220098044609
2026-04-16 19:00:00,1.4664,1.4414,1.4513,0.9543702036042717,0.379884331315791,0.017988769104270386,0.3959998416000655,0.8091173414122229,0.4732912492324196,0.5978605747233916,0.08400511469453509
2026-04-16 23:00:00,1.4578,1.4225,1.4296,0.09384480637879494,0.5892087339356831,-0.009842430120188594,0.20113308749770628,0.07791686286673957,0.4533695031574859,0.5465766080206852,0.08496503883834011
2026-04-17 03:00:00,1.439,1.4243,1.4325,-0.16738500388509753,0.588215976296407,-0.006023542161508799,0.5578227497804504,-0.21024615365064847,0.5428592302362698,0.5154998621721316,0.08867499154805511
2026-04-17 07:00:00,1.4592,1.4324,1.4371,0.43258988785672414,0.48210806933108635,0.008433878237376513,0.17537306889065044,0.40281209430243564,0.5009929828267352,0.5587499512776563,0.09153812251020443
2026-04-17 11:00:00,1.51,1.4368,1.4988,4.237986117062768,0.47710364561958263,0.02272378342290371,0.8469944198095041,2.723387955800265,0.47405624617827,0.6762634478221455,0.10630732913504838
2026-04-17 15:00:00,1.5022,1.4728,1.4777,1.987067450525863,0.8933581282713606,0.008525456702267897,0.166666609977341,1.794164857063364,0.4489122902096669,0.7213537468964772,0.11547709694830874
2026-04-17 19:00:00,1.4923,1.4754,1.4845,-0.3711312587368246,0.8853918055874901,-0.0032887482986552197,0.5384612198454279,0.053046847131712156,0.44893285935314303,0.7038115910850851,0.12197811899292556
2026-04-17 23:00:00,1.4845,1.4696,1.4756,-0.6539394811932011,1.1972117671746252,-0.005055972706295653,0.40268429350047685,-0.11134126182722111,0.4435720086159265,0.6769317677826476,0.12287198060000842
2026-04-18 03:00:00,1.4771,1.4627,1.4708,-0.7210548927000758,1.1869395407271015,-0.004878045814122545,0.562499609375279,-0.44774894088815825,0.46387949905289966,0.6511290048173959,0.1211534990593533
2026-04-18 07:00:00,1.4757,1.4356,1.4397,1.0251068161824515,0.5544495441153966,-0.012230725464929426,0.10224436353008365,0.5488816368951628,0.4715238881762219,0.5867493174226974,0.11622110096854206
2026-04-18 11:00:00,1.44,1.4246,1.435,0.07488116995179214,0.551568253283365,-0.011995975068071263,0.6753242368024476,0.36629147875077184,0.48218006534627283,0.5243775985125874,0.1066995163311662
2026-04-18 15:00:00,1.4399,1.4235,1.4256,-0.3571545514982863,0.14044877442796475,-0.001337799424731556,0.12804870240932745,-0.15354979939952032,0.4105110726902363,0.5175053021917575,0.0954198592462762
2026-04-18 19:00:00,1.4381,1.4239,1.4344,-0.9172566914831248,0.12999700053167376,-0.0012327062753945128,0.7394360989886599,-0.5286464310129126,0.5286465502463058,0.5111813425261105,0.08674328478790135
2026-04-18 23:00:00,1.4386,1.4236,1.4301,-0.8593663198342382,0.3334094555255545,0.0014772035901013947,0.4333330444446301,-0.5291602555997078,0.43683552412012067,0.5187502666422482,0.08052790789230313
2026-04-19 03:00:00,1.4431,1.4181,1.4286,-0.43817251904908844,0.3314315673117353,-0.0021533948084460075,0.41999983200007196,-0.20700085438757626,0.5114018072430969,0.5077003620973063,0.07525421103836177
2026-04-19 07:00:00,1.4295,1.4131,1.4231,0.1735946028440447,0.46379769626432127,-0.005371106654657454,0.6097557257587054,0.04491608487093046,0.4712116431463181,0.4801984794161895,0.07304944867220549
2026-04-19 11:00:00,1.447,1.4224,1.4378,-0.08155076789366585,0.46110479371678964,0.010619251848361433,0.6260160056845459,0.2310641773228211,0.5399937905806703,0.534280591091968,0.06919459709758528
2026-04-19 15:00:00,1.4389,1.4113,1.4156,-0.07469917511388986,-0.0639580468309926,-0.009694707509794287,0.1557970450010692,0.6141234191780512,0.47628859170451204,0.484382722163792,0.06895032023401033
2026-04-19 19:00:00,1.4214,1.3909,1.3991,0.2289273664041205,-0.05750160040908573,-0.011295741575329199,0.2688523708680749,0.315354074587721,0.4656831159611781,0.42680809490073246,0.07244402209634512
2026-04-19 23:00:00,1.4116,1.3926,1.408,-0.178952829423689,0.5800889297175882,-0.0023911249556058944,0.8105258891968969,-0.29580572067401456,0.5375176223533702,0.4147581499234158,0.075414426622904
2026-04-20 03:00:00,1.4155,1.3954,1.4138,-0.12311956804285064,0.5858909171117486,0.003361501521737642,0.9154224301380927,-0.5502617977163817,0.5461755484314592,0.4316577492500813,0.07682241550546064
2026-04-20 07:00:00,1.4326,1.4075,1.4143,0.4115967097187222,0.0704830066356346,0.007989704075307857,0.27091622672659826,0.2936780597818005,0.48021920965903603,0.4719601784100546,0.07825241604285264
2026-04-20 11:00:00,1.4316,1.412,1.4168,0.47235863638676717,0.06852873493785694,0.0011155696235343182,0.24489783423580508,0.5584075418485954,0.4695998846342183,0.47763240152591296,0.07929118757387768
2026-04-20 15:00:00,1.4369,1.4089,1.4324,0.649365425454735,0.017353727658536586,0.0038505442158915937,0.8392854145409174,0.7334497698817517,0.5372062972231973,0.49723271222607696,0.0785125142647858
2026-04-20 19:00:00,1.4336,1.4241,1.4259,-0.8899741378427788,0.015061307377740567,0.00243274391174908,0.18947348476475412,-0.5427620321918112,0.44526968763293906,0.509663718742475,0.06815561757324742
2026-04-20 23:00:00,1.4319,1.4213,1.4224,-0.9348047693870033,0.063012911363625,-0.0020218413855210837,0.10377348700615441,-0.724685796298252,0.4896374191969865,0.4993072374281114,0.06233654644233298
2026-04-21 03:00:00,1.441,1.4195,1.437,-0.1271114306256056,0.05811393058837844,0.0012467115929502004,0.8139531097892517,-0.6664282486834785,0.5645748597085264,0.5056803586394945,0.05133099126197404
2026-04-21 07:00:00,1.45,1.4322,1.4445,0.03456253518092488,0.6433265734016904,0.008637038274151632,0.691010847746712,-0.2758186230670917,0.5237859898297093,0.5498874689647305,0.04261634673782494
2026-04-21 11:00:00,1.445,1.4263,1.4316,-0.019337097605338704,0.6366671038815421,-0.0037591238840707364,0.28342230833031834,0.17750319735374745,0.45634613773342825,0.530480896710878,0.032586682256843066
2026-04-21 15:00:00,1.4359,1.4135,1.4266,0.11619527417322688,0.9306115744755306,-0.0065618651740732,0.5848211674905558,0.3465207519740775,0.46827706317378076,0.496732444876702,0.0313999235946465
2026-04-21 19:00:00,1.4319,1.4116,1.4222,-0.3402533187795019,0.9276211490749382,-0.0032741524294463975,0.5221672304594899,-0.1360650761759643,0.5073251446122428,0.48000358769083024,0.030849159618851124
2026-04-21 23:00:00,1.4492,1.422,1.4487,-0.6409767914586995,0.4344576770956562,0.010737512970613095,0.9816172861701175,-0.33367084887229387,0.5209419630699874,0.5346858912547343,0.03378094357220558
2026-04-22 03:00:00,1.4606,1.4408,1.4565,0.09498263223137174,0.43977303167030024,0.010372054726713653,0.7929288924601537,-0.10734610026484803,0.544873726940478,0.5880742148647063,0.03829828552249747
2026-04-22 07:00:00,1.4583,1.4482,1.4505,-0.675376323087233,0.8814019089394817,0.0006350478722028097,0.22772254680935655,-0.7083079759549236,0.4123283220274478,0.5913769159996971,0.041132272923565846
2026-04-22 11:00:00,1.4626,1.4473,1.4576,0.1689797189108017,0.8859511686895699,0.0013399494475681006,0.6732021743776679,0.04518791952086776,0.47406382347609044,0.5983500327195216,0.04484611773945316
2026-04-22 15:00:00,1.4604,1.4457,1.448,-0.21964118296386986,0.3990435040410055,-0.0017008730541053785,0.1564624785969519,-0.2724703547948591,0.4262096530396844,0.5894868038331267,0.04639059924305581
2026-04-22 19:00:00,1.4481,1.4341,1.438,-0.5330206588224932,0.4057924748004504,-0.008084210043157736,0.27857122959197966,-0.5672469544486461,0.5354504441270476,0.5474317354066294,0.046726157158439585
2026-04-22 23:00:00,1.4382,1.4154,1.419,-0.2444841271699273,-0.28104120004383215,-0.009787697610489143,0.15789466759006063,-0.006227479601797345,0.48539247980809064,0.49692653458994074,0.04695193110498737
2026-04-23 03:00:00,1.4251,1.4114,1.4237,-0.7942892528753192,-0.27914191812618283,-0.005345734560519455,0.8978095636426496,-0.5852639563892972,0.5331794057447202,0.469612159634185,0.04223744304655664
2026-04-23 07:00:00,1.4241,1.409,1.4107,-0.6616760807602856,-0.9107366337299718,-0.001797019555900059,0.11258270689887272,-0.605589519552051,0.4467242537638674,0.5074212694617832,0.042016768624040024
2026-04-23 11:00:00,1.4301,1.4108,1.43,-0.40325501779821415,-0.9031615816409242,0.0018957824806646872,0.9948181373999293,-0.3083411410156998,0.4309995598907198,0.5366956814113223,0.039721274728141166
2026-04-23 15:00:00,1.441,1.4208,1.4314,2.430971780423462,-0.167947053585022,0.008796526740886268,0.5247522154691975,1.08644421789601,0.6409190247466423,0.587740243798755,0.03779609302480425
2026-04-23 19:00:00,1.4394,1.4271,1.4361,-1.0434031813784912,-0.1629417361684972,0.001847012042782703,0.7317067221896497,-0.5412796248476962,0.5256295790577191,0.5985523813730365,0.0360240383930143
2026-04-23 23:00:00,1.4457,1.432,1.4373,-0.8045164041952398,0.8457821826347454,0.0037008129526754363,0.3868610314883029,-0.6988050171914888,0.4764598010554174,0.6202564112526362,0.03599881727513493
2026-04-24 03:00:00,1.4387,1.4258,1.43,-1.0331864442029957,0.8392934058087511,-0.005702345978681245,0.3255811429603495,-0.7017168533122963,0.46476596409591614,0.5875159072295794,0.035852688202134296
2026-04-24 07:00:00,1.4364,1.4239,1.4315,-1.1292748738154796,1.0243140426578017,-0.0011571429779199116,0.6079995136003954,-0.7395628032595739,0.5260158982974866,0.5807338463649495,0.034930511300891955
2026-04-24 11:00:00,1.4443,1.4284,1.4338,0.7541036800688182,1.0191614257790547,0.004896555490774945,0.3396224279104266,0.3929515354659709,0.4425519681187888,0.6403222289560193,0.03487692129368087
2026-04-24 15:00:00,1.4503,1.429,1.4387,-0.5017501720947876,-0.12096331309618424,0.0026138069988042023,0.45539884723059276,-0.24215138299332917,0.5024866666049866,0.7575734320585091,0.03432364797994138
2026-04-24 19:00:00,1.443,1.4297,1.4314,-1.0983992317223963,-0.1207464888449246,-0.0014425403832507566,0.1278194527673305,-0.7566370738002904,0.4769837476346543,0.7472563951090294,0.034507248104648613
2026-04-24 23:00:00,1.4377,1.4315,1.4336,-1.4352467381271532,0.6626615642754918,-0.002555944295051016,0.33870913111430406,-1.1145882067519257,0.4724439395945233,0.7290026723169549,0.03402203071540491
2026-04-25 03:00:00,1.437,1.4311,1.4328,-1.506011298332804,0.6581417234027956,-0.00018220613280484077,0.2881351048557596,-1.1638360884600467,0.5387313752658743,0.7277047413222617,0.03297699818344508
2026-04-25 07:00:00,1.4371,1.4312,1.4356,-1.428148136939594,0.21651511952584282,0.00030595227794738555,0.7457614478619439,-1.147601531592283,0.5052049298796247,0.7298837711023068,0.031835921702359125
2026-04-25 11:00:00,1.4356,1.4282,1.4292,-1.2842620543450436,0.21246054804164796,-0.0024653707739347164,0.1351349525203482,-1.0304664572504878,0.4981947767208755,0.7123197248970013,0.028940214575504084
2026-04-25 15:00:00,1.4312,1.4193,1.4212,-0.9943815776768925,-0.37748441296022045,-0.004905492716034243,0.15966373137501644,-0.8439391779833715,0.40289751461167933,0.6774576730930186,0.027974149143714336
2026-04-25 19:00:00,1.4256,1.4187,1.4234,-1.2599278885296252,-0.371294533657987,-0.0016239288739484659,0.6811584331037187,-1.1089847200600609,0.45019159894130745,0.6659734494450661,0.022974430238481166
2026-04-25 23:00:00,1.425,1.4188,1.4218,-1.3785877158564386,-0.9152036138003395,0.00028704884198682556,0.48387018730613335,-1.1207918900624145,0.4136923823777662,0.6680001267317233,0.020604962511075447
2026-04-26 03:00:00,1.4294,1.418,1.4275,-1.1592701184783094,-0.9074070596151427,0.0014058709419568771,0.8333326023398225,-0.9203931423002258,0.5295433326790048,0.6779289756317103,0.019757305178906667
2026-04-26 07:00:00,1.4296,1.4257,1.4276,-1.3469285147619874,0.1331889175003865,0.0027483387017737115,0.4871782380045194,-1.0985971438393167,0.5029540137432055,0.6973661814670898,0.018674070556309073
2026-04-26 11:00:00,1.4318,1.4231,1.4272,-1.123072059968205,0.1303737011433753,-0.00040105181310534643,0.4712638261335361,-0.8973909873529885,0.4686676317793347,0.6945220084272679,0.018366634853782364
2026-04-26 15:00:00,1.4302,1.4227,1.429,-1.2899673233710538,-0.4462994097631408,-0.00018717226847975166,0.8399988800015076,-0.9379442660405801,0.5364933008948205,0.6931951553814452,0.013539761738597
2026-04-26 19:00:00,1.4366,1.42,1.4271,-0.7640618744076733,-0.4458177596076987,0.0016186020447954697,0.4277105857165166,-0.3153816550532814,0.4757616088847655,0.7046671810751065,0.013718903880212928
2026-04-26 23:00:00,1.446,1.4251,1.4436,-0.6960476550511696,0.1013198970135198,0.006282658492874127,0.8851670405899342,-0.03175295679015304,0.50138068180057,0.7492683110053124,0.015868660919502033
2026-04-27 03:00:00,1.4466,1.4129,1.4181,0.09430207765343658,0.09961624987768623,-0.00727484876039175,0.15430262483601226,0.11134077574567715,0.45369212682826265,0.6972990710396807,0.017656570321418447
2026-04-27 07:00:00,1.4191,1.4129,1.4152,-0.9877294798066018,0.14533703868130976,-0.008196142233069303,0.3709671436013772,-0.7342406480733514,0.4849683613777849,0.6391743464756544,0.019308790434785325
2026-04-27 11:00:00,1.4153,1.398,1.404,0.44648206148376146,0.1467704981580268,-0.006548122106134868,0.346820608774213,-0.03392515784360044,0.5397752816682153,0.5931175227306511,0.02508081203270287
2026-04-27 15:00:00,1.4043,1.3836,1.3954,0.23230685680148414,-0.6613688312447856,-0.01112684248677398,0.5700480337932174,0.19545423805811732,0.4737774284305578,0.5153683118338106,0.03241835707934945
2026-04-27 19:00:00,1.3975,1.387,1.3969,-0.9865374239126312,-0.6568951144701656,0.0011734270462582241,0.9428562448988205,-0.8929294287361906,0.5071757685108502,0.5234764423730004,0.036775689051750333
2026-04-27 23:00:00,1.4022,1.3911,1.3934,-0.8998034728188504,-0.14222904061904976,0.0035935418455614876,0.20720702053421503,-0.8147491004179896,0.48900818338636476,0.5483361867506913,0.04032091195210588
2026-04-28 03:00:00,1.3973,1.3863,1.3891,-0.9664792381117565,-0.14392465683850195,-0.003973975281628017,0.2545452231407007,-0.8200859347593906,0.45326982195676113,0.5207458518815616,0.04493945908266732
2026-04-28 07:00:00,1.3959,1.3849,1.3881,-0.9853724262059865,0.3572933602781174,-0.0017586523443950952,0.2909088264465122,-0.8153315566623953,0.38240028176365565,0.5085844821665478,0.04821437379138762
2026-04-28 11:00:00,1.3888,1.3677,1.3699,0.4724774888322871,0.351626298156856,-0.007180007686724221,0.1042653534287409,0.17197938267440904,0.4004133573933234,0.45902086885381765,0.05655960400028439
2026-04-28 15:00:00,1.383,1.3692,1.3825,-0.6108494167940504,0.763326035353484,-0.002722331849516646,0.9637674175598464,-0.5200918943235908,0.5695532331013157,0.44036353302134223,0.05760350731897924
2026-04-28 19:00:00,1.3864,1.3777,1.3798,-0.7748241089062137,0.7575002048249833,0.004335678363009521,0.24137903289765805,-0.8309045086185457,0.4534115450578007,0.46999694889690163,0.059862641461819556
2026-04-28 23:00:00,1.3848,1.377,1.3798,-0.9547960312408669,-0.4703672598541955,-0.0008633153304703489,0.35897389875139946,-0.8725459941911965,0.4938631066583884,0.46407079394471323,0.062116005280031056
2026-04-29 03:00:00,1.3973,1.3795,1.3922,-0.47031294078306995,-0.47039014713414823,0.008632332627335204,0.7134827452344199,-0.6490911340996681,0.6721933971928212,0.5232755534555756,0.06120721830547694
2026-04-29 07:00:00,1.4067,1.3891,1.3978,-0.4606322222405261,-0.007436214001609242,0.00360232295737406,0.49431790095573236,-0.375277270993505,0.4750240069606002,0.5481953209740839,0.060109342480322896
2026-04-29 11:00:00,1.398,1.37,1.3723,-0.060275711699474724,-0.004525158018658722,-0.011610050331765098,0.08214282780613238,0.11632506819498879,0.43077260920480137,0.4675912269554241,0.06239634760212613
2026-04-29 15:00:00,1.3731,1.3458,1.3575,1.0457307307452928,-0.9291999196148746,-0.01595218078449112,0.42857127158561015,0.9694379358870318,0.46601188459996884,0.3581272098248915,0.06660764864408344
2026-04-29 19:00:00,1.3725,1.3519,1.3699,-0.4142790665890231,-0.9209240751093929,0.0018741994084245928,0.873785983599029,-0.5048522886285366,0.53747986762563,0.37078282669662643,0.06520618470975106
2026-04-29 23:00:00,1.3847,1.3645,1.3731,-0.4578695419365779,-0.29764884482181375,0.009487020670211121,0.4257423634938766,-0.21485236637118615,0.47635475753529266,0.43496442998748397,0.06216234174969994
2026-04-30 03:00:00,1.3755,1.3591,1.3689,-0.6650486661554349,-0.2985914955585868,-0.006280583799954109,0.5975606112435327,-0.6128955530553443,0.3943892183398935,0.39207191920902806,0.059269298081846895
2026-04-30 07:00:00,1.3799,1.3674,1.3704,-0.8306406616446089,0.1458623120481747,0.005061518677971666,0.23999980800016354,-0.7487981044238181,0.4014780689352809,0.42642186640549573,0.047201776046877586
2026-04-30 11:00:00,1.3761,1.3623,1.3682,-0.4330582682860311,0.15048207757027993,-0.002112578110576191,0.4275359220754189,-0.0475752910312417,0.4056009768298526,0.4120123086932081,0.042957861348946934
2026-04-30 15:00:00,1.3753,1.3628,1.37,-0.6294821950818127,0.5908748501802127,-0.0015746660617513841,0.5759995392003783,-0.5262132173192544,0.3971665618556975,0.4012944533516576,0.037606521577581264
2026-04-30 19:00:00,1.3744,1.3644,1.365,-0.956067512407055,0.5895150686788238,0.0011391837582812592,0.05999994000005334,-0.987362670070762,0.47491681316185386,0.4090360189898994,0.03557334822433739
2026-04-30 23:00:00,1.3738,1.3647,1.3701,-0.18988743535622735,-0.24743035145469724,-0.00014771766947996312,0.5934059413121677,-0.7422589501448867,0.5345520886015096,0.40803102856782114,0.03401186505417706
2026-05-01 03:00:00,1.3804,1.3687,1.3734,-0.35427397877361927,-0.2525812619066595,0.004843883470481591,0.4017090583683184,-0.6336460646085903,0.4445840518679749,0.4409813006149834,0.03136155102017996
2026-05-01 07:00:00,1.3807,1.3716,1.3766,-0.9706301527924105,0.3589396873688956,-0.0001183837530100984,0.5494499456594065,-1.0173084263330794,0.40029363654729744,0.44017210035239995,0.029100512556676537
2026-05-01 11:00:00,1.3999,1.3755,1.3948,0.02517353208867146,0.3531535706356805,0.009394991690779841,0.7909832823839053,-0.12350316958910039,0.47344247312109616,0.5043830207338178,0.030070239199123154
2026-05-01 15:00:00,1.3998,1.3888,1.3936,-0.553393751740708,0.15371789424566965,0.0038563244212102,0.43636323966977847,-0.49660486951239224,0.39748297516411213,0.5309870368918996,0.03123905399049761
2026-05-01 19:00:00,1.396,1.3828,1.3836,-0.9787636345922949,0.15584492345999607,-0.004274318702835012,0.06060601469240699,-0.9894327874788784,0.3639713019813274,0.5013856471718232,0.03148733186896759
2026-05-01 23:00:00,1.3904,1.3809,1.3859,-0.7738930868468918,0.5609274788224354,-0.0021700422126299523,0.5263152354576321,-0.9197783845818811,0.510265190031686,0.4864214614332365,0.03177185539256758
2026-05-02 03:00:00,1.3884,1.3826,1.3871,-1.1981458666622982,0.5568716190225946,-0.0003712511393828555,0.7758607312745888,-1.1480024937632494,0.4049718518600599,0.48386694181765866,0.03235472144721052
2026-05-02 07:00:00,1.3885,1.3838,1.3878,-1.1000283364166747,-0.22337781832240614,0.0009864259498790773,0.8510620190169547,-1.2201736932717981,0.5536516499206767,0.4906518609086793,0.03299054694130331
2026-05-02 11:00:00,1.3933,1.3847,1.3918,-0.8366885606433492,-0.22578263990920427,0.0019804895027655256,0.825580435371579,-1.050464099092622,0.5296435113427319,0.5042876701640987,0.03282111464198911
2026-05-02 15:00:00,1.395,1.3896,1.3931,-1.1331457200275767,0.14486877337881002,0.0027062709920306904,0.6481469478760248,-1.1395377916005134,0.39519352634969435,0.5229574381174672,0.03167196719687768
2026-05-02 19:00:00,1.4003,1.3904,1.3961,-0.7863477762848461,0.1387461538593611,0.001661597885105115,0.5757569941848346,-0.7727628968646927,0.4909555469311969,0.5344513350781096,0.03348390774494554
2026-05-02 23:00:00,1.3969,1.3814,1.3834,-0.7672101135506141,0.732170456389497,-0.003013074456067355,0.12903217481795126,-0.8486139925596715,0.48015266229141085,0.5135741348557075,0.03058997612439497
2026-05-03 03:00:00,1.3859,1.3819,1.3853,-1.000479174768374,0.7257268268337383,-0.0051175615944230035,0.8499978750053292,-1.2336801762219332,0.4170964231705309,0.4782220578803079,0.029893962128437254
2026-05-03 07:00:00,1.3909,1.385,1.3882,-1.0808911945730284,-0.6496026453951418,0.0031706416142616156,0.5423719620814342,-1.2004651424946728,0.5473053232665881,0.5000127375204256,0.02969016958503433
2026-05-03 11:00:00,1.399,1.3872,1.3969,-0.8540943620995948,-0.6673891086087628,0.0052979798154446645,0.8220332016667795,-0.9597965873024952,0.45405167586061546,0.5365392941993188,0.029723552322102928
2026-05-03 15:00:00,1.3989,1.3922,1.3943,-1.140548474054361,1.3183322874108983,9.021487459959232e-06,0.313432368011393,-1.1206303153662132,0.4699958627981234,0.5366018217466868,0.029319138086505166
2026-05-03 19:00:00,1.4042,1.389,1.3978,-0.5579965671185242,1.3057174701308925,0.000568961449399108,0.5789469875348758,-0.5180903441085063,0.413818391298755,0.5405453050227855,0.028359868428279155
2026-05-03 23:00:00,1.415,1.3829,1.4104,0.5637133629186012,0.7153532201034887,0.001897884804487271,0.856697552430671,1.1206494888597835,0.5398458678737138,0.5537070671412,0.03013277637801202
2026-05-04 03:00:00,1.4209,1.402,1.409,0.263911854199009,0.7099831773118264,0.009560048973051405,0.37037017440731856,0.12701946526372257,0.4731406272677611,0.6201314862885223,0.028988974147875435
2026-05-04 07:00:00,1.4196,1.3856,1.3953,0.45929861346831363,1.485471788974907,-0.007094794938236948,0.28529403373704987,0.8098477898156585,0.48234722693673704,0.5703646936987229,0.026171358885118987
2026-05-04 11:00:00,1.4134,1.3886,1.4081,-0.10505350943698809,1.477129005599598,-0.0028318917244400943,0.7862900055282196,0.527846627606497,0.4627557189495871,0.5506411822677658,0.025161891510390343
2026-05-04 15:00:00,1.4123,1.3929,1.4038,0.2899720210869382,-0.4723870016484362,0.0033270728964063245,0.5618553804869102,0.9235643947673784,0.44863686221443866,0.5737479015627154,0.0236041129961594
2026-05-04 19:00:00,1.4044,1.3925,1.3955,-0.5978751168978171,-0.4727508417345794,-0.004122122647760129,0.25210062848685727,-0.7391182397447392,0.4998356993453387,0.5450242656918466,0.023754922112713933
2026-05-04 23:00:00,1.4049,1.3901,1.4008,-0.7703737068266451,-0.1948934512154178,-0.0005204077193070589,0.7229724844780543,-0.6741699314226982,0.5303811678754493,0.5414129261930194,0.024011132049100117
2026-05-05 03:00:00,1.4099,1.3993,1.4071,-0.26560947074280283,-0.19535409166752285,0.005118151993912079,0.735848362407212,-0.5726030667327879,0.4394546491155725,0.5769115648090369,0.023925569377010583
2026-05-05 07:00:00,1.41,1.4019,1.4063,-0.3221698190259522,0.7926101804993216,0.001729646186665379,0.5432092059145833,-0.6880839814721139,0.46562286468210407,0.5889694989920078,0.023831897710184458
2026-05-05 11:00:00,1.4206,1.4018,1.411,1.0165097955228404,0.7871317335828667,0.00428723385801022,0.4893614418290215,0.4488604608412558,0.4296385171683179,0.6189089157718436,0.024402242538389383
2026-05-05 15:00:00,1.416,1.4047,1.4099,-0.28085448588678424,1.0722880934825796,-0.0011562698048077635,0.4601765839145216,-0.45404853167276754,0.5039483210018499,0.6107996172366764,0.024496878873534376
2026-05-05 19:00:00,1.4222,1.4087,1.4156,0.14380398341592907,1.0628991517286484,0.004038239244918751,0.5111107325105674,-0.1933793691105999,0.5258282116403187,0.6390883633041039,0.025947742201644537
2026-05-05 23:00:00,1.4196,1.4073,1.4164,-0.5008643126543557,0.9594509799175569,-0.001525880964206805,0.7398367968806631,-0.41938453695580147,0.53554676048268,0.6283560693164411,0.027318804010061017
2026-05-06 03:00:00,1.4274,1.4142,1.4261,0.879819066015926,0.9509698737415128,0.005370593821553138,0.9015144685496398,0.039486160859183855,0.476433431689754,0.666072538160373,0.030896210976002744
2026-05-06 07:00:00,1.454,1.4245,1.4512,1.9985796910289901,0.6873471827494354,0.013406147671463753,0.9050844389544299,1.0734109110528611,0.4813425875816412,0.760726521483787,0.04002560910573095
2026-05-06 11:00:00,1.4573,1.4133,1.4233,3.352569089017599,0.6812125600916956,-0.0036680150558177083,0.22727267561984643,2.110007667037575,0.4486050065962446,0.734481342411389,0.039592112092577174
2026-05-06 15:00:00,1.4347,1.4214,1.4228,-0.09560491583667938,-0.06093522979007447,-0.0050712250398488035,0.10526307874956925,0.011175030812002325,0.4552893529827313,0.6983290878437817,0.038232138616168254
2026-05-06 19:00:00,1.4291,1.4215,1.422,-0.7498578514867329,-0.05738611089863289,-0.0018045355562563703,0.06578938711921979,-0.6894925131053617,0.5125720523590133,0.6855299729216836,0.037908472127412836
2026-05-06 23:00:00,1.4258,1.41,1.4121,0.031038007453164974,-0.8387387986527914,-0.00587477570389916,0.1329113082839812,-0.35140937023479774,0.4671214335588724,0.6439368645978097,0.03644554569548348
2026-05-07 03:00:00,1.4165,1.4035,1.416,1.0785838664976148,-0.8314046713735334,-0.005603610848578189,0.9615377218940476,-0.33566223113073707,0.5894909214328378,0.604496661026469,0.035108522749157274
2026-05-07 07:00:00,1.4215,1.4068,1.4099,0.16880278861561684,-0.008971107112814031,0.004022454294886568,0.21088421028284296,-0.40784101774963344,0.48609558902333516,0.6326494767252244,0.03527827334617513
2026-05-07 11:00:00,1.415,1.3912,1.3934,0.8324360431463763,-0.014576808388002488,-0.007883650748304993,0.09243693595086622,0.47404048821639766,0.4986851017866872,0.5772505282865794,0.03781662727697107
2026-05-07 15:00:00,1.3963,1.3831,1.3925,0.8265102756871074,-0.9590353881721752,-0.009365945488156724,0.7121206726358543,0.7969982999801196,0.47444293352369693,0.5119542577202563,0.03842652806768253
2026-05-07 19:00:00,1.3932,1.3802,1.3849,-0.2337319171984127,-0.9682019175232378,-0.0033070995212133303,0.3615381834321637,-0.39093413453122633,0.5214550675348953,0.48911419621449775,0.04243441650622404
2026-05-07 23:00:00,1.3898,1.3797,1.3834,-0.7679171758702865,-0.48450380207399735,-0.0006642888832609772,0.36633627095419086,-0.798692774144613,0.49888460048727995,0.4845415420742269,0.04591674270219266
2026-05-08 03:00:00,1.3877,1.3778,1.3817,-0.4758530554934295,-0.48270395850777476,-0.0016484777284612173,0.39393899602121685,-0.7923010006293196,0.4791765292712632,0.4732017299163823,0.048682568721947775
2026-05-08 07:00:00,1.3919,1.3787,1.3896,-0.31985453956755155,-0.18068439898796856,0.002552430125859484,0.8257569501841294,-0.7569234755973324,0.5895285682009864,0.4907308502715616,0.04978272840308203
2026-05-08 11:00:00,1.3967,1.3836,1.3931,0.11127561542081763,-0.17644470569002943,0.003197270084801751,0.7251902861142842,-0.08433625703562003,0.45579493389939957,0.5127445318017123,0.05066404434569773
2026-05-08 15:00:00,1.4244,1.3855,1.4191,1.009268441091107,-0.5498741301265322,0.01045454331072504,0.8637529913231369,0.29463605928124853,0.4811376075389258,0.5849557651818621,0.05019855751539254
2026-05-08 19:00:00,1.427,1.4111,1.4185,0.4990894260290335,-0.5446280723420103,0.009687887513313065,0.46540851232169417,-0.37167863214182933,0.404865099870748,0.6525711564101316,0.05058488162045882
2026-05-08 23:00:00,1.435,1.4155,1.431,0.6684875553253652,1.1828148782132057,0.005832547552987011,0.7948713872454429,-0.45161055942286255,0.5448805960791733,0.6936730577436728,0.051986243005313855
2026-05-09 03:00:00,1.4345,1.4228,1.4257,-0.03880131843233719,1.1867742841153504,0.0011663718944685542,0.2478630360144899,-0.6150323482086281,0.42472035561750376,0.701940408333492,0.05299647698135384
2026-05-09 07:00:00,1.428,1.4173,1.4211,0.17340829225742282,1.3848405035978464,-0.0034179061273257316,0.35513985500948597,-0.7309880312865932,0.44639117857243965,0.6776857202915278,0.05346200410327077
2026-05-09 11:00:00,1.4228,1.4151,1.4156,-0.42567174781494793,1.37901853839013,-0.0031918494286246046,0.0649349806039138,-0.9034748683925866,0.31036150926907413,0.6551126289928043,0.052820931208092184
2026-05-09 15:00:00,1.425,1.4113,1.4222,-0.2708592907657721,1.3691177090414426,-0.0011147759171947769,0.7956198572117739,-0.6247227723848972,0.5348510784157846,0.6472539816429005,0.04593799869079189
2026-05-09 19:00:00,1.425,1.4203,1.4232,-1.1510545006632833,1.3594472992732456,0.0032452959195730102,0.6170199637873182,-1.1524390651852394,0.5035749133407927,0.6701062920899173,0.04589271579611217
2026-05-09 23:00:00,1.4252,1.4158,1.4166,-1.3762677315735081,1.3957558201270166,-0.0013883934938605513,0.08510629244012799,-1.2298323382518717,0.48831004643256354,0.6602979520558079,0.045483581295610004
