Open Time,High,Low,Close,volume_zscore,r6,r12,trend_slope_short,taker_buy_ratio_change,distance_hl_position,bb_width
2024-05-20 19:00:00,88.89,83.97,88.16,5.0,0.05214187929884462,-0.017845044649360764,0.0,0.3315696684123628,0.9999999987342592,0.07986897237351534
2024-05-20 23:00:00,89.63,87.5,87.71,2.903244768685777,0.06884502594140174,-0.01548991530456878,0.0,-0.08078205754055212,0.9999999989615852,0.08656725637403026
2024-05-21 03:00:00,88.62,87.02,88.33,0.8066220636657463,0.04935457544706767,-0.006791831704009321,0.0,-0.06140320626536211,0.9258486584909706,0.09267079314721403
2024-05-21 07:00:00,89.06,88.12,88.69,0.9696826925121049,0.06074556906106432,-0.00370221174692853,0.0,0.00048293721384795596,0.9999999989843361,0.0992183909031652
2024-05-21 11:00:00,89.4,87.83,88.17,3.4779660978014197,0.06237675020663236,0.00457280812199623,0.0,0.009947455322408594,0.9917748460088994,0.1049784619190083
2024-05-21 15:00:00,89.37,88.08,88.45,2.2732048447138453,0.05706090808554509,0.014966292559474681,0.0,-0.156339432925092,0.9999999989925913,0.1100285074931915
2024-05-21 19:00:00,88.54,87.0,88.35,0.8513186211116645,0.012829632745133157,0.05214187929884462,0.0,-0.10470456211408796,0.907926141983451,0.11493656961666558
2024-05-21 23:00:00,88.48,87.61,87.77,-0.3947909712116418,-0.003638433343875702,0.06884502594140174,0.0,0.06565386191374722,0.9377380941699408,0.11916970270937928
2024-05-22 03:00:00,87.88,85.92,87.48,0.14909396434630492,-0.007688026754185229,0.04935457544706767,0.0,-0.14153844459913856,0.8302893315463757,0.12227414921589076
2024-05-22 07:00:00,87.53,86.48,86.79,-0.15210248124024672,-0.018504382966225474,0.06074556906106432,0.0,0.0343374296927772,0.826675107527665,0.12506085363525782
2024-05-22 11:00:00,87.12,84.88,86.96,2.0579237813342646,-0.027662121984265764,0.06237675020663236,0.0,0.015531904606619351,0.7369871721187321,0.12675776716680084
2024-05-22 15:00:00,87.65,85.5,86.14,0.8845301632995384,-0.022743261939893178,0.05706090808554509,0.0,-0.021995283794944753,0.796775678294073,0.12897036477311524
2024-05-22 19:00:00,86.26,85.21,85.82,0.0031817741168231302,-0.022165922022165496,0.012829632745133157,0.0,-0.10772682137393785,0.7119015923784824,0.12994318650163653
2024-05-22 23:00:00,86.9,85.63,86.5,0.08565236437748441,-0.020638171400224614,-0.003638433343875702,0.0,0.046738537671688896,0.7546089580503258,0.128601053796276
2024-05-23 03:00:00,86.77,86.05,86.33,-0.07327058422807864,-0.007582679519451352,-0.007688026754185229,0.0,0.08916946029047335,0.7638205256244583,0.12900126578651272
2024-05-23 07:00:00,86.78,85.25,85.67,0.03963437885468115,-0.010226766441327473,-0.018504382966225474,0.0,-0.003378710200321211,0.73706553318371,0.1302903431985243
2024-05-23 11:00:00,87.95,85.16,85.28,4.1667847901126045,0.004888517418823568,-0.027662121984265764,0.0,-0.08078387221526973,0.7793831859030586,0.13062349705802803
2024-05-23 15:00:00,86.3,83.0,84.09,1.910733846968513,-0.0237514743112478,-0.022743261939893178,0.0,-0.025760274631982938,0.5893692687953865,0.13146887586280098
2024-05-23 19:00:00,85.31,80.53,85.2,2.8581885293806297,-0.028563531246276197,-0.022165922022165496,0.0,0.052344101414549815,0.4648988759695283,0.12875871552902368
2024-05-23 23:00:00,86.48,85.04,86.19,0.09248133217951736,-0.004864536185976265,-0.020638171400224614,0.0,0.006676153244290717,0.7123352013921913,0.12620117626074728
2024-05-24 03:00:00,86.25,84.36,84.37,0.6533806524498403,-0.01000301749484156,-0.007582679519451352,0.0,-0.19072465328546007,0.6768002329403907,0.1266845747499177
2024-05-24 07:00:00,86.12,84.01,86.03,0.22955667088743334,-0.010331503980695822,-0.010226766441327473,0.0,-0.12193190679316523,0.6474640230867751,0.123610902313005
2024-05-24 11:00:00,86.12,84.32,84.71,1.585569938435337,-0.014327209627399307,0.004888517418823568,0.0,-0.29739321268864427,0.6545220284035951,0.12172948449242528
2024-05-24 15:00:00,85.3,84.05,84.82,0.005342877393549353,0.000474022397672913,-0.0237514743112478,0.0,0.08324529028804561,0.5934102874426734,0.11795973413878609
2024-05-24 19:00:00,85.55,84.61,84.81,-0.30621151098165267,0.020837876292391533,-0.028563531246276197,0.0,-0.2418173013851893,0.6399470927265682,0.11354882405544688
2024-05-24 23:00:00,85.41,84.69,85.15,-0.6936900642458735,-0.009128281780484193,-0.004864536185976265,0.001002604454810441,0.04775187518937862,0.6333945608268488,0.10821627743017412
2024-05-25 03:00:00,85.98,85.08,85.28,-0.5785012231060381,0.0009706564164770892,-0.01000301749484156,0.0009868930378137968,0.3077344229681349,0.6851598986680483,0.10239545018358281
2024-05-25 07:00:00,85.64,85.09,85.57,-0.5359662308634096,0.0022081647225773438,-0.010331503980695822,0.0009815115224908741,-0.03307432080184247,0.6664168062856061,0.09623319202941927
2024-05-25 11:00:00,85.73,84.43,84.8,-0.10375532000703425,-0.004059375948242683,-0.014327209627399307,0.0009790178593377789,0.1616757576781631,0.6196515598085538,0.09397818078363852
2024-05-25 15:00:00,85.02,84.64,84.9,-0.7060262409205269,0.0020261293240328992,0.000474022397672913,0.0009752330906183612,0.026039524817294213,0.6106911322692721,0.09180342690377749
2024-05-25 19:00:00,85.1,84.57,84.78,-0.8467075550523614,-0.0028895632625680623,0.020837876292391533,0.0009635152664587563,0.2388926646745102,0.6151675539849781,0.09056959249742705
2024-05-25 23:00:00,85.26,84.4,84.63,-0.6702214291036979,-0.0020448801259941307,-0.009128281780484193,0.0009557571721543031,-0.05686142624249557,0.6158720274770283,0.0893122619149424
2024-05-26 03:00:00,84.95,84.39,84.72,-0.6493923386531752,-0.010842937083339277,0.0009706564164770892,0.0009513868813953539,0.03017047796438388,0.5916857181939262,0.08789559376212498
2024-05-26 07:00:00,85.18,84.32,84.84,-0.42011764226335946,-0.007759832589048776,0.0022081647225773438,0.0009379095784766471,0.39943549602854134,0.5996667224100543,0.08629380484527642
2024-05-26 11:00:00,84.93,84.27,84.72,-0.44016347437610337,-0.0039450512980410135,-0.004059375948242683,0.000927301661374093,0.10588055640996741,0.5859007178337355,0.08381083230267687
2024-05-26 15:00:00,84.83,83.57,83.85,-0.05300703304611572,-0.00989952137171235,0.0020261293240328992,0.0009218807496429669,-0.01023625742844847,0.5260871018984585,0.08330804143330499
2024-05-26 19:00:00,84.19,83.54,84.14,-0.5406383247581154,-0.01095327174990035,-0.0028895632625680623,0.0009066658355371378,0.04650799235866132,0.5215088518118891,0.08151302479462792
2024-05-26 23:00:00,84.67,83.82,84.46,-0.7839573685723277,-0.007408534232103081,-0.0020448801259941307,0.0008831647037300126,0.08806982155145815,0.5525182749705568,0.07950918913521086
2024-05-27 03:00:00,84.65,83.91,84.23,-0.6572225781647087,-0.003159503233530203,-0.010842937083339277,0.0008548618561081165,-0.12040146793472806,0.5647437828875005,0.07826915015483946
2024-05-27 07:00:00,84.94,84.17,84.64,-0.3095960157507224,-0.0013901681482850758,-0.007759832589048776,0.0008166249089323206,-0.14973840310737063,0.587801289132341,0.07711538156631498
2024-05-27 11:00:00,85.44,84.45,85.38,0.018670477430789797,0.0042227243776806755,-0.0039450512980410135,0.0008009126449157203,0.31093829981256893,0.6218845978275791,0.07565398104672982
2024-05-27 15:00:00,86.43,85.32,85.82,0.2550601934240644,0.024104900507746052,-0.00989952137171235,0.0007797571857718383,-0.1092191434823564,0.7300548347567934,0.07449093650155357
2024-05-27 19:00:00,85.89,84.48,85.38,-0.14601346700246917,0.015226784533713511,-0.01095327174990035,0.0007816864834474449,0.018907270608481852,0.6502831779111269,0.07457680674889011
2024-05-27 23:00:00,85.54,84.01,84.92,0.11766217375876115,0.006988176096183629,-0.007408534232103081,0.0007664495964960589,-0.07010049932407514,0.6118346263083005,0.07465417271595182
2024-05-28 03:00:00,85.02,82.44,83.26,0.6885487843639659,-0.011072492291361646,-0.003159503233530203,0.0007494511068269186,0.028164034566645846,0.47062397233654546,0.07674665335055868
2024-05-28 07:00:00,84.16,83.0,83.86,-0.2571947968718816,-0.012783144636573485,-0.0013901681482850758,0.0006975512473052036,0.05490022622444246,0.4788456259969326,0.07648064348850739
2024-05-28 11:00:00,84.0,82.52,82.95,0.25461258375683704,-0.0193670713233417,0.0042227243776806755,0.0006597980427777512,-0.05538630122008137,0.45615149891672824,0.07809392178068884
2024-05-28 15:00:00,83.26,82.06,82.62,0.27156597986719244,-0.03735366631753101,0.024104900507746052,0.0006091109189159821,0.05621148467580128,0.40636146442479393,0.07970601293312442
2024-05-28 19:00:00,83.64,82.49,83.57,-0.4892415493817489,-0.02318069779871157,0.015226784533713511,0.0005404068504572371,0.36469738044291167,0.4512567924269173,0.0789241339905437
2024-05-28 23:00:00,83.6,83.18,83.45,-0.6482818762989214,-0.01704920555518974,0.006988176096183629,0.000477681657438527,-0.17593215073156054,0.4661079342620238,0.07958485521022185
2024-05-29 03:00:00,84.14,83.44,83.8,-0.39472619063009345,0.005118039642276306,-0.011072492291361646,0.00040928395465700187,0.047800528022111655,0.513647276455234,0.07926524509045578
2024-05-29 07:00:00,83.84,82.63,83.78,0.12413415269016503,-0.0017866745140984186,-0.012783144636573485,0.0003500456793827701,-0.060086523694102834,0.4638117795658395,0.07932871275520433
2024-05-29 11:00:00,84.1,83.08,83.47,-0.14673972438427557,0.00366338513755049,-0.0193670713233417,0.000280283946956077,-0.06834727304186194,0.4868936569301872,0.07881466029423771
2024-05-29 15:00:00,84.21,83.26,83.97,-0.1643062056469241,0.012211692788874462,-0.03735366631753101,0.0002220738761278998,-0.004009763121901044,0.5082307360593488,0.0770064776664484
2024-05-29 19:00:00,84.19,83.29,83.86,-0.5636586364503484,0.006377814050578801,-0.02318069779871157,0.00017872593007974097,-0.23985693213500991,0.5047465015725188,0.07557481153149648
2024-05-29 23:00:00,84.02,83.36,83.71,-0.7918037995563515,0.0038503534690992325,-0.01704920555518974,0.000144632480772746,0.14915192348904838,0.49845741680017647,0.07542374109849895
2024-05-30 03:00:00,84.13,82.7,82.91,-0.293944292361966,-0.004033710165133542,0.005118039642276306,0.00011354395933448988,-0.07175747143062206,0.47956552756969945,0.07616328096434828
2024-05-30 07:00:00,83.16,81.9,83.08,-0.10308187483925013,-0.010411331626552611,-0.0017866745140984186,8.165973169421021e-05,0.00847014745623409,0.37636288774423043,0.07646852945438512
2024-05-30 11:00:00,85.44,82.98,84.47,1.1509511013434388,0.009678674664292952,0.00366338513755049,3.5655660815452024e-05,0.08998565331860098,0.5684120751550739,0.07452909997209521
2024-05-30 15:00:00,85.54,84.36,85.14,0.2363478111893894,0.013728693922211432,0.012211692788874462,6.193303421018043e-06,0.14380296263669723,0.6241532800160208,0.07362191058099118
2024-05-30 19:00:00,85.16,83.46,84.42,-0.02926739746255326,0.005472849892826037,0.006377814050578801,-1.184516684782372e-05,-0.013539968780545197,0.5509391618227978,0.07209944921455068
2024-05-30 23:00:00,84.6,83.99,84.09,-0.6405985444550102,0.006597757725525177,0.0038503534690992325,-4.234822399828122e-05,-0.0756991735722361,0.5541031767494288,0.07087641980414003
2024-05-31 03:00:00,84.35,83.57,83.86,-0.7422893143590557,0.005851734125214447,-0.004033710165133542,-6.955880991837061e-05,0.09001243163404271,0.5288087434854032,0.06850349025831515
2024-05-31 07:00:00,84.07,83.54,83.86,0.30366384108540306,0.015766448624011886,-0.010411331626552611,-0.00010323922239044363,-0.12380418947883354,0.5074127666176598,0.06488155818016132
2024-05-31 11:00:00,84.7,83.11,83.35,-0.16559507120719116,-0.005498383151316899,0.009678674664292952,-0.0001275695959987193,-0.0979023560915212,0.521653848054852,0.06274387526565384
2024-05-31 15:00:00,83.49,82.02,83.39,0.4750280564758685,-0.02594629722845776,0.013728693922211432,-0.0001543577324001805,-0.03954858821420193,0.40205980008206615,0.05913588482708034
2024-05-31 19:00:00,83.79,83.26,83.27,-0.7661498739338366,-0.008704362617073302,0.005472849892826037,-0.00018603072130335315,-0.0663827779752243,0.47706938945761646,0.05548262110885985
2024-05-31 23:00:00,83.47,82.92,83.24,-0.7711193987299982,-0.013149677102222923,0.006597757725525177,-0.00021062486870920813,0.11237757376559743,0.44246653559431437,0.05270320814306237
2024-06-01 03:00:00,83.47,83.08,83.45,-0.9242031403490035,-0.00892978369178532,0.005851734125214447,-0.00023391329669913182,-0.018756238735713304,0.45322354986444263,0.049856872026445925
2024-06-01 07:00:00,83.59,83.14,83.36,-0.8090839158724968,-0.005451627126900616,0.015766448624011886,-0.0002555225636612414,0.2276777805111294,0.46138469803677695,0.048391720270661416
2024-06-01 11:00:00,83.74,83.21,83.58,-0.7130672837867283,-0.005991868511685761,-0.005498383151316899,-0.0002721233517490772,-0.09185418600372375,0.47097919268256777,0.04601099293982182
2024-06-01 15:00:00,83.69,83.14,83.28,-0.562313951295247,0.007621134569825383,-0.02594629722845776,-0.000293464017883075,0.05934410670455348,0.4656021032070001,0.04544071511719033
2024-06-01 19:00:00,83.59,83.22,83.54,-0.8686708112966095,-0.0012561464618594531,-0.008704362617073302,-0.0003139892543800817,0.0001995938024079713,0.46650186504187585,0.04468029126155948
2024-06-01 23:00:00,83.54,83.07,83.21,-0.4898873699124851,0.002149097112016829,-0.013149677102222923,-0.0003358890808231128,0.057818248172403,0.4604717791643555,0.043291135090090645
2024-06-02 03:00:00,83.46,83.12,83.19,-0.9631374908600017,2.4614435410352797e-05,-0.00892978369178532,-0.00035695393532106764,-0.07200120080136174,0.45343003561871453,0.0418733272308441
2024-06-02 07:00:00,83.19,82.2,82.48,-0.374678361924128,-0.009102288721375418,-0.005451627126900616,-0.00038008218373620253,-0.02540336929192577,0.3849530672749751,0.042647015492257495
2024-06-02 11:00:00,83.2,82.37,83.19,-0.28355086308994343,-0.006876470756834729,-0.005991868511685761,-0.0004085280102157415,0.488998819576395,0.41317170877148757,0.042154846150558804
2024-06-02 15:00:00,83.25,82.23,82.65,-0.2597357571792233,-0.007740164096266766,0.007621134569825383,-0.0004450684957451939,0.08194604861162702,0.4005755464711292,0.0434546605555011
2024-06-02 19:00:00,83.22,82.62,83.11,-0.2424828244489447,-0.0066094195514823095,-0.0012561464618594531,-0.0004846098371214682,-0.014748403440015712,0.4109689564215503,0.04312877365723743
2024-06-02 23:00:00,83.92,82.66,83.56,-0.42001706334830274,0.00028806655876434384,0.002149097112016829,-0.0005234946635261073,-0.057215754901917215,0.4628904019740217,0.040936617525935325
2024-06-03 03:00:00,84.29,83.04,84.0,-0.3019579274019616,0.004246652983785459,2.4614435410352797e-05,-0.0005551510110231283,0.04044112039032788,0.48905526583877706,0.04067353180910627
2024-06-03 07:00:00,84.17,83.44,83.52,-0.1020531089100323,0.014099788893317422,-0.009102288721375418,-0.0005762729856925266,-0.08568755113176807,0.5022708792014601,0.039069194406094895
2024-06-03 11:00:00,84.18,82.65,82.96,1.321957586721166,0.008357526588993025,-0.006876470756834729,-0.0005985481570761001,-0.22839856463364783,0.4829466541023777,0.039597192906246734
2024-06-03 15:00:00,83.42,82.83,83.22,-0.3213764022896613,0.004887716629734085,-0.007740164096266766,-0.0006266862526649234,-0.13028158537263113,0.4413203306582091,0.03937548346388156
2024-06-03 19:00:00,83.38,82.77,83.09,-0.7964165601552294,0.0028504662076480614,-0.0066094195514823095,-0.0006506705181729537,0.1484162638476323,0.43476052272486215,0.0394039543891746
2024-06-03 23:00:00,83.13,82.39,82.85,-0.5086746540579089,-0.006038926144211643,0.00028806655876434384,-0.0006477773801447218,-0.05531097452118938,0.41217263713578167,0.03928093307073754
2024-06-04 03:00:00,83.07,81.72,82.03,-0.3752639151172762,-0.01665013602099119,0.004246652983785459,-0.0006313532481334539,-0.03416923496229496,0.3487838810957835,0.04031521891639337
2024-06-04 07:00:00,82.3,81.11,81.73,0.055105774288805955,-0.024319638118400655,0.014099788893317422,-0.0006264222716238615,0.04743587127152682,0.2970653092898783,0.04100601478659639
2024-06-04 11:00:00,82.56,81.52,82.36,-0.00974558796585679,-0.01880273681528921,0.008357526588993025,-0.0006096183308934868,0.0722933703178037,0.32465524344423213,0.041072926497195524
2024-06-04 15:00:00,83.52,82.23,83.18,0.028675558030980253,-0.0034662959955951145,0.004887716629734085,-0.0005850402562396505,0.044461032208702456,0.41228350175416867,0.040108570550716725
2024-06-04 19:00:00,83.61,82.6,83.46,-0.6008044070204563,0.0025364698531804564,0.0028504662076480614,-0.0005518732002037152,-0.12762911976387192,0.4559916485117325,0.03940363217012677
2024-06-04 23:00:00,84.14,83.43,83.62,-0.31900888768309926,0.010682484369489265,-0.006038926144211643,-0.0005225762558867877,0.03461360050504414,0.5013474137493753,0.03886241530831139
2024-06-05 03:00:00,84.08,83.62,84.08,-0.5760494979152947,0.02011094412762371,-0.01665013602099119,-0.00048679277945137616,0.026783313605338588,0.5153903346930074,0.03816806323576607
2024-06-05 07:00:00,84.74,83.65,84.28,0.020970866956986033,0.029531148287613496,-0.024319638118400655,-0.0004590306948529783,0.025040915872759584,0.5401848880434577,0.037555282400728654
2024-06-05 11:00:00,84.48,83.55,84.04,-0.29849353500049486,0.024124578302411104,-0.01880273681528921,-0.00043067498283198944,-0.09112983697741284,0.5239300246812919,0.03713613651282918
2024-06-05 15:00:00,84.97,83.96,84.77,-0.34013465215572836,0.021270959165286873,-0.0034662959955951145,-0.000408308394788772,-0.11053536093338456,0.5898506441634006,0.037453969996086786
2024-06-05 19:00:00,85.19,84.54,85.01,-0.5962902780546994,0.01929305645635382,0.0025364698531804564,-0.00037499955269834173,0.05514847797033595,0.6178907855077536,0.038154295764042376
2024-06-05 23:00:00,85.48,84.75,85.04,-0.6879465483420227,0.01660436909276175,0.010682484369489265,-0.0003473676919970955,0.03901865237124569,0.6414373320062178,0.03876022170358854
2024-06-06 03:00:00,85.15,84.42,84.57,-0.574017487156624,0.011226691044800674,0.02011094412762371,-0.00031509642250533454,-0.019925456729453006,0.6102668092310866,0.0392187592593287
2024-06-06 07:00:00,85.48,84.5,85.48,-0.3400381346717038,0.011147619386669083,0.029531148287613496,-0.00028262042424390983,-0.010851853555915003,0.63466953029524,0.03990049656655947
2024-06-06 11:00:00,85.69,84.8,85.52,-0.012209831942445518,0.015074744912758398,0.024124578302411104,-0.00025048209216537955,0.08741826949883946,0.6514550361976557,0.040111473549088165
2024-06-06 15:00:00,85.77,84.92,85.77,-0.28099949451587086,0.00928788845659212,0.021270959165286873,-0.00021233638678074725,0.07680959543147403,0.6690339274149761,0.03989703285889688
2024-06-06 19:00:00,85.84,84.31,84.49,-0.1864937983255832,-0.00023385846303625168,0.01929305645635382,-0.00019287995631074405,-0.0810101553908743,0.6158904831104746,0.03943438834661846
2024-06-06 23:00:00,84.51,83.75,84.09,-0.5142760182775292,-0.012300982713053688,0.01660436909276175,-0.00019183479448635688,-0.027483811783461265,0.5359315445368662,0.038936583135184395
2024-06-07 03:00:00,84.83,83.92,84.25,-0.31857087926160005,-0.005500021230322227,0.011226691044800674,-0.0001715720253175794,-0.02577103190128871,0.5632644499879131,0.03895442233181194
2024-06-07 07:00:00,84.32,83.79,84.24,-0.41167345781344206,-0.01246357174089674,0.011147619386669083,-0.0001530392185169682,0.01755689472028399,0.5278535642963257,0.039099688584447075
2024-06-07 11:00:00,84.68,83.08,83.86,0.8708687023133851,-0.015606452538179716,0.015074744912758398,-0.00014018831695058483,-0.06165718049346203,0.5174418236857747,0.039027923009128926
2024-06-07 15:00:00,83.9,75.0,79.05,5.0,-0.0749943240133597,0.00928788845659212,-0.00013506761197079,-0.02677321164553792,0.02373644490025209,0.05088920030171331
2024-06-07 19:00:00,80.35,78.47,80.33,0.8838525178940604,-0.06270894779570657,-0.00023385846303625168,-0.00017838210928176407,-0.04338545653272963,0.07963653485728144,0.05438950287356069
2024-06-07 23:00:00,80.46,79.86,80.42,-0.464894808660078,-0.04662351707317247,-0.012300982713053688,-0.0002087450311865164,0.004747189102684901,0.1409597088022563,0.05798604741014427
2024-06-08 03:00:00,80.42,80.01,80.14,-0.6278083141111233,-0.048865222905249306,-0.005500021230322227,-0.00023317303402020333,0.19233757824155262,0.14796634060100083,0.06210904239326423
2024-06-08 07:00:00,80.23,79.72,80.04,-0.5011226881119,-0.048028257929941254,-0.01246357174089674,-0.0002511353471129356,-0.03389996875777812,0.12136941629464895,0.0659528528093451
2024-06-08 11:00:00,80.12,78.84,79.84,0.06768097055171089,-0.05305974470764796,-0.015606452538179716,-0.00027353432304019667,0.08695722662333472,0.06892644728331393,0.0700153205714558
2024-06-08 15:00:00,79.99,79.1,79.72,-0.4530800082819905,0.007293020602022082,-0.0749943240133597,-0.0003029559606963579,0.13213521545331508,0.08178393071000768,0.07380526911591956
2024-06-08 19:00:00,80.03,79.5,79.99,-0.7861955439955429,0.0027290412628466765,-0.06270894779570657,-0.0003302269779723946,0.15712630269123262,0.10151040161458903,0.07643100415953441
2024-06-08 23:00:00,80.05,79.67,79.68,-0.8511223362053075,-0.0028633155849270286,-0.04662351707317247,-0.0003536488851317297,-0.08174194851047101,0.11783401618163984,0.07997674512270371
2024-06-09 03:00:00,79.98,79.49,79.9,-0.8054963038161853,-0.006318595697241358,-0.048865222905249306,-0.00037564698992824847,-0.07563383322808814,0.0968896560831083,0.08245223359928706
2024-06-09 07:00:00,80.08,79.73,79.96,-0.8002865329570436,-0.0007965576305335453,-0.048028257929941254,-0.00039935189930534156,-0.12648840498111424,0.11495158880938501,0.08483384054790984
2024-06-09 11:00:00,80.49,79.96,80.46,-0.679119071019166,0.009219308105038237,-0.05305974470764796,-0.00041847300806097283,-0.06386756788734027,0.14272249257987005,0.08537466364281039
2024-06-09 15:00:00,80.71,80.33,80.42,-0.7519387891754202,0.011729015035992996,0.007293020602022082,-0.00043454927920296376,-0.01375019526669874,0.17581975622366447,0.0857678285265231
2024-06-09 19:00:00,80.64,80.34,80.49,-0.7250904914389577,0.00885009430941519,0.0027290412628466765,-0.0004543219685992552,0.18130309801745037,0.17263944240561424,0.08646642323682538
2024-06-09 23:00:00,80.54,79.8,79.87,-0.6034558055780048,0.003775483680603431,-0.0028633155849270286,-0.00047529529908819197,0.09832120652730914,0.14823956334988375,0.0887929391686982
2024-06-10 03:00:00,80.01,79.31,79.42,-0.7017960250146227,-2.4705756438203608e-05,-0.006318595697241358,-0.0004964242519107129,0.034460940420570685,0.09669120775272579,0.09157468594733395
2024-06-10 07:00:00,79.58,79.09,79.4,-0.44103520142424085,-0.0061487435846268035,-0.0007965576305335453,-0.0005195877433305733,0.21023296057876828,0.06545091158693804,0.09370022253904947
2024-06-10 11:00:00,79.71,79.07,79.63,-0.3710573895197825,-0.010922113086686891,0.009219308105038237,-0.0005411708000135218,0.033318463030160395,0.05449031877330308,0.09526286390139609
2024-06-10 15:00:00,80.46,79.62,79.81,-0.47000943106687476,-0.0056144190321153475,0.011729015035992996,-0.000552954106087797,-0.0370358248258128,0.13027893827039944,0.09650624893628558
2024-06-10 19:00:00,80.0,79.28,79.58,-0.3936859704635922,-0.010485948431548486,0.00885009430941519,-0.0005518797678801139,-0.14558791720665787,0.08761703264142662,0.0984535825763207
2024-06-10 23:00:00,79.75,76.66,78.12,0.7936438840500964,-0.027209895277326424,0.003775483680603431,-0.0005707103543856623,-0.07756534489620437,0.0,0.10408374142833013
2024-06-11 03:00:00,78.54,76.93,77.6,0.3555581849516211,-0.02357932472027935,-2.4705756438203608e-05,-0.0005997447975084643,-0.06579534756765104,0.0,0.10913096771258984
2024-06-11 07:00:00,79.85,77.48,79.33,1.854944183377154,-0.010198000012173636,-0.0061487435846268035,-0.0006370122027538493,0.05412218426672233,0.07006539952232871,0.10814680512246572
2024-06-11 11:00:00,79.35,77.0,77.5,1.1140853280068466,-0.01362438527212062,-0.010922113086686891,-0.0006728677409293184,-0.07632695261254874,0.03508257327178293,0.11456196425540388
2024-06-11 15:00:00,77.53,75.55,77.04,1.1035442405938394,-0.042751888732334375,-0.0056144190321153475,-0.0007256645889341285,0.02621846268856931,0.0,0.1197631818784702
2024-06-11 19:00:00,77.5,76.81,77.45,-0.4746280569419122,-0.030761798158525977,-0.010485948431548486,-0.0007805498315188676,0.04293837189590177,0.045581315896673864,0.12237580265383337
2024-06-11 23:00:00,77.51,76.33,77.22,-0.3582767785638063,-0.012984710164002045,-0.027209895277326424,-0.0008295952526285278,0.08239752295219827,0.033528016748344006,0.12624851757922034
2024-06-12 03:00:00,77.67,77.14,77.29,-0.6959481919872957,-0.006567611110295801,-0.02357932472027935,-0.0008721862056872504,0.0731333215987724,0.05791315358173551,0.12923694050778872
2024-06-12 07:00:00,77.72,77.26,77.65,-0.4921175866557986,-0.014312900443210097,-0.010198000012173636,-0.0009061104550134775,0.0752116047151472,0.07003251611257491,0.13125363804142906
2024-06-12 11:00:00,79.11,76.81,79.09,1.6140019267992536,-0.0008126317910874814,-0.01362438527212062,-0.0009356455830040158,0.06635894209072712,0.12661284182962582,0.1294355152699177
2024-06-12 15:00:00,79.28,77.53,78.53,0.8170375191202578,0.026835641766193685,-0.042751888732334375,-0.0009552265729807916,-0.10024399700349051,0.17059694097434278,0.13159904703231798
2024-06-12 19:00:00,79.16,77.06,78.58,0.22617851926275814,0.012439557933619172,-0.030761798158525977,-0.0009785359784682379,-0.016436856624612695,0.12522787939268348,0.13237439211020155
2024-06-12 23:00:00,78.6,77.8,77.96,-0.5654829323757637,0.01632849909974654,-0.012984710164002045,-0.0009981483125635086,-0.08322942424245938,0.1378774308880413,0.13449096084891593
2024-06-13 03:00:00,78.4,77.27,77.93,-0.19521682091040143,0.007939540330153427,-0.006567611110295801,-0.0010218274232536191,-0.06675682908811342,0.10884543370125398,0.13508173343057
2024-06-13 07:00:00,79.5,77.83,79.14,-0.21014171953628782,0.015727659597456256,-0.014312900443210097,-0.001035489165359237,-0.10605821049702902,0.17111631698346752,0.1327538220689259
2024-06-13 11:00:00,79.47,78.42,78.86,0.27404792796860505,0.009757115037940078,-0.0008126317910874814,-0.0010576094413289976,0.0012040935780670559,0.1898752039699462,0.1334468698616148
2024-06-13 15:00:00,79.5,77.78,79.46,0.4800329340461832,-0.0015544582119095818,0.026835641766193685,-0.0010633074001481552,-0.00744064897922736,0.16044990406903642,0.132036001445477
2024-06-13 19:00:00,79.79,78.78,79.13,-0.49276033134023367,0.014457066961575116,0.012439557933619172,-0.0010511180048581182,0.020866343580601576,0.21894337216594872,0.13237367917953333
2024-06-13 23:00:00,79.81,78.83,79.52,-0.29832720330263024,0.013128755174257822,0.01632849909974654,-0.0010464991956908548,0.039141091992719534,0.22314843990089014,0.13139854020623723
2024-06-14 03:00:00,80.13,79.48,79.68,-0.007355028058311778,0.023369950712738063,0.007939540330153427,-0.001034621602856037,0.18183270942782048,0.25995433181996214,0.13112122777681667
2024-06-14 07:00:00,79.77,79.25,79.65,-0.42089231936897253,0.010276022795967066,0.015727659597456256,-0.0010287274853053878,-0.04416551631512666,0.23820044834259038,0.13124549356081347
2024-06-14 11:00:00,80.27,79.08,79.58,0.10519087028992109,0.01010567944247942,0.009757115037940078,-0.0010206499442775474,0.07546791260313634,0.2560368678429581,0.1311704930096296
2024-06-14 15:00:00,79.63,75.9,77.0,2.3277577405740613,-0.0132167491905959,-0.0015544582119095818,-0.0010390158697209581,0.04626753184861432,0.0743090409181926,0.13680125049195546
2024-06-14 19:00:00,78.1,76.7,77.42,-0.10182277836341322,-0.024314427993102128,0.014457066961575116,-0.0010668915789719847,0.08936378368127706,0.05905056418134323,0.1363470244268523
2024-06-14 23:00:00,77.92,77.31,77.87,-0.5914969137590912,-0.021317701351389107,0.013128755174257822,-0.0010806312776330488,0.11655085389749131,0.0828726031439351,0.1350654497899401
2024-06-15 03:00:00,78.88,77.83,78.82,-0.5938133268247353,-0.018562182523809256,0.023369950712738063,-0.00108824330379255,0.027133141021670193,0.137127304337552,0.13160707105326244
2024-06-15 07:00:00,79.11,78.52,78.82,-0.4683230718437345,-0.008738145360707716,0.010276022795967066,-0.0010879829218776531,0.02251988929013904,0.18056972739808777,0.12933124090508855
2024-06-15 11:00:00,79.21,78.58,78.67,-0.4936488368030063,-0.010453367294677385,0.01010567944247942,-0.0010861542387223028,-0.0832180706635639,0.18690728697808337,0.12748889920938364
2024-06-15 15:00:00,79.01,78.39,78.88,-0.5448963308627122,0.014907644724308167,-0.0132167491905959,-0.001085135900466122,0.11999637959570109,0.17018624791950257,0.12365937413413364
2024-06-15 19:00:00,79.47,78.7,79.25,-0.5151723170234888,0.023182951794119333,-0.024314427993102128,-0.0010766965533154343,-0.051788175250120694,0.20779594486013142,0.1187481667730744
2024-06-15 23:00:00,79.95,78.88,79.83,-0.6677123162919995,0.022084481980748194,-0.021317701351389107,-0.001065552155032856,-0.02429317333158454,0.22509613011485832,0.11307933040068552
2024-06-16 03:00:00,80.15,79.39,79.76,-0.5086251826409022,0.017761609969120906,-0.018562182523809256,-0.001050223841195048,-0.03580835009160044,0.25247529150599984,0.10890022491771244
2024-06-16 07:00:00,79.94,79.39,79.77,-0.7389614426968112,0.010170692468865816,-0.008738145360707716,-0.0010364190337404393,-0.07854615469989679,0.24706238700265581,0.1022844749984008
2024-06-16 11:00:00,79.82,79.0,79.0,-0.7147290120194306,0.004813036136248394,-0.010453367294677385,-0.001033361148775856,-0.009345895912379443,0.2184038453590675,0.09588009477284432
2024-06-16 15:00:00,79.3,78.66,78.92,-0.7379314418640089,0.0042308755442586055,0.014907644724308167,-0.0010288721896714393,-0.1872342603815128,0.19780239671497465,0.08684853016447748
2024-06-16 19:00:00,79.15,78.63,78.94,-0.7859829231946291,-0.0034811687107817457,0.023182951794119333,-0.001026229616882086,-0.03300613133375485,0.18494242377903009,0.08026024370508351
2024-06-16 23:00:00,79.24,78.42,78.64,-0.31241959594608315,-0.0074138020019318684,0.022084481980748194,-0.0010224865869665788,-0.008236072926141147,0.17629700842034127,0.07435603472064242
2024-06-17 03:00:00,78.67,77.6,77.71,-0.26209916208783796,-0.019551203595962297,0.017761609969120906,-0.0010201263108554541,-0.34928296539463,0.12325007904573923,0.06816922838547479
2024-06-17 07:00:00,78.31,77.0,77.4,0.27352200153457906,-0.02434137260231184,0.010170692468865816,-0.0010180255266994827,-0.015167457091552983,0.08630793459885269,0.06036887257106619
2024-06-17 11:00:00,77.88,76.87,77.19,0.2575018963160524,-0.024141675838979193,0.004813036136248394,-0.00101621015434285,-0.2102892205083482,0.05966008864627792,0.05249183218140865
2024-06-17 15:00:00,77.98,75.1,77.96,0.9667706760143066,-0.031086522082822254,0.0042308755442586055,-0.0010246804554793442,0.1475442875924764,0.0,0.05240059516196534
2024-06-17 19:00:00,78.05,76.36,76.84,-0.45924917011576444,-0.022118049698771514,-0.0034811687107817457,-0.0010268650549319948,-0.11795499742270132,0.04593785059205837,0.05418054031431593
2024-06-17 23:00:00,76.98,71.14,73.16,4.155577340703,-0.06830918720215784,-0.0074138020019318684,-0.001081843701602346,-0.11274143900624967,0.0,0.06887108878944245
2024-06-18 03:00:00,73.73,72.85,73.21,-0.2517599138668127,-0.06216926239735798,-0.019551203595962297,-0.001130089045268863,0.33477704302832834,0.0,0.07854331668131034
2024-06-18 07:00:00,73.84,73.02,73.07,0.016120885775683134,-0.05482353274849283,-0.02434137260231184,-0.0011802594140257728,-0.022133613855736423,0.00991387329558776,0.08741716075585856
2024-06-18 11:00:00,73.09,71.0,71.83,1.2597058410408668,-0.06987023757611233,-0.024141675838979193,-0.0012597604129423485,0.2496147276323457,0.0,0.10065914788599167
2024-06-18 15:00:00,72.2,70.65,71.57,0.72041493203053,-0.0663222642681649,-0.031086522082822254,-0.0013353332429229215,-0.0007595235492918739,0.0,0.11195313900829645
2024-06-18 19:00:00,72.72,71.02,72.69,-0.15357906895897216,-0.06650377939370644,-0.022118049698771514,-0.0013850618060053332,0.15335414314354145,0.030514634044346057,0.11642160673999072
2024-06-18 23:00:00,74.66,72.39,74.58,0.01859041662651882,0.0022228430642783348,-0.06830918720215784,-0.001399711828666407,0.25437363889497644,0.1326063238610401,0.11559881679161503
2024-06-19 03:00:00,74.97,74.1,74.33,-0.3939461569478439,0.01713186396994426,-0.06216926239735798,-0.0013989149484181897,-0.07092416074839558,0.1959376481184879,0.11810406480056221
2024-06-19 07:00:00,74.42,73.61,73.96,-0.0644268528757967,0.0069931688150970395,-0.05482353274849283,-0.0014122214451548862,0.0010675442703238502,0.16099789315528876,0.12108829701813362
2024-06-19 11:00:00,73.99,73.24,73.81,-0.5801313317453904,0.024000043866867493,-0.06987023757611233,-0.001420534686688921,-0.0819985509261344,0.1442618181083009,0.12318700160299159
2024-06-19 15:00:00,74.47,73.6,74.15,-0.1693944977943822,0.035771543973653674,-0.0663222642681649,-0.0014189060255015038,0.10033379611759363,0.1703048691925276,0.12369331482589255
2024-06-19 19:00:00,74.34,73.81,73.81,-0.5429426173155205,0.03069699120899383,-0.06650377939370644,-0.0014067086101388084,0.01752032913381707,0.1808890255274178,0.12547119790720254
2024-06-19 23:00:00,74.28,73.42,73.94,-0.42136427388453307,0.005298805648553451,0.0022228430642783348,-0.0013946786227110423,-0.08875318471969218,0.1630220319048942,0.12663693361309253
2024-06-20 03:00:00,74.49,73.89,74.33,-0.29399731676611623,-0.003697194481197541,0.01713186396994426,-0.0013691898197938958,0.31748914217235513,0.1837139289143477,0.12702271167708232
2024-06-20 07:00:00,75.0,74.0,74.75,0.34835411754432605,0.0080601148996986,0.0069931688150970395,-0.0013414467881537192,0.3206253085403725,0.20253490520487313,0.1267559449395366
2024-06-20 11:00:00,75.35,73.79,74.2,0.8244372705915797,0.014812007490383472,0.024000043866867493,-0.0013058115739068954,-0.00291143735966104,0.22596865708752203,0.1283777232957539
2024-06-20 15:00:00,74.96,73.24,74.8,-0.20998057579477758,-0.0007163948915281937,0.035771543973653674,-0.0012803478191104885,-0.09669425181244407,0.17239355060397812,0.12706081368737834
2024-06-20 19:00:00,75.07,74.5,74.73,-0.7156056357259187,0.008096505158067258,0.03069699120899383,-0.00123156726942299,-0.07104025791901425,0.22834613880520568,0.12702680976021566
2024-06-20 23:00:00,74.98,74.1,74.33,-0.22249366870853218,0.0070742906909648795,0.005298805648553451,-0.0011960786262532898,-0.019564958124388965,0.20452440272037253,0.12883494571758644
2024-06-21 03:00:00,74.39,73.77,73.82,-0.4491052127855376,-0.0019912563202670874,-0.003697194481197541,-0.001170868638965399,-0.0968692777311172,0.17972847791439572,0.13149269883752632
2024-06-21 07:00:00,73.86,72.46,72.85,3.3476538942513754,-0.020258530337950886,0.0080601148996986,-0.0011549718987321478,-0.15711803400132285,0.105420466707294,0.13512347135188923
2024-06-21 11:00:00,73.36,72.17,73.3,0.29720263493040383,-0.02494371923982297,0.014812007490383472,-0.0011372614886559923,0.10169331249257096,0.09757466654259118,0.13642824114496166
2024-06-21 15:00:00,73.8,72.7,73.75,0.3941091714091495,-0.011844908347544925,-0.0007163948915281937,-0.0011140125766280966,0.10932446774863824,0.11205828361379266,0.13716592738088693
2024-06-21 19:00:00,74.42,73.59,74.1,-0.1977444681571113,-0.010854265000321384,0.008096505158067258,-0.0011326616414321362,0.12347221347112103,0.17244965931623546,0.1375685050433914
2024-06-21 23:00:00,74.22,73.56,74.0,-0.7647024084142867,-0.007277534035868172,0.0070742906909648795,-0.0011476690239695954,-0.10759038088711026,0.16722046748049715,0.13888459659221253
2024-06-22 03:00:00,74.22,73.76,74.13,-0.9102188793337767,-0.0012159414691691461,-0.0019912563202670874,-0.0011523369473627892,-0.18761812637128827,0.1735258300001568,0.13956833386593673
2024-06-22 07:00:00,74.82,73.93,74.44,-0.6776503743816538,0.016812040800121997,-0.020258530337950886,-0.0011511598891674848,-0.05489466593800052,0.18993122157568182,0.13948251549026608
2024-06-22 11:00:00,74.48,74.0,74.37,-0.2763808094831138,0.0181954723586637,-0.02494371923982297,-0.0011525789920808422,0.14424542984693933,0.18889689615631586,0.13909566178728472
2024-06-22 15:00:00,74.39,74.07,74.34,-0.8102075606128505,0.015233838097399532,-0.011844908347544925,-0.0011584444490176063,-0.09069803339569804,0.18873684967432403,0.13901690036842562
2024-06-22 19:00:00,74.88,74.33,74.6,-0.7673484142507546,0.008633833881598552,-0.010854265000321384,-0.0011551368562786365,-0.18871094085625795,0.21642892831338065,0.13809162927965787
2024-06-22 23:00:00,74.75,74.5,74.75,-1.0004407750053115,0.009489642291171663,-0.007277534035868172,-0.0011500403316649396,-0.11298086544272568,0.215509454575634,0.13765701561583482
2024-06-23 03:00:00,74.92,74.59,74.65,-1.0366366678818528,0.009837650469406434,-0.0012159414691691461,-0.001139817272133312,-0.04762441882398172,0.2236477212190882,0.1376927307461748
2024-06-23 07:00:00,74.75,74.1,74.1,-0.8176925126658025,0.0026898250626541387,0.016812040800121997,-0.0011354435811684882,0.061640157931694084,0.20367975145510545,0.13776459837092392
2024-06-23 11:00:00,74.52,74.0,74.5,-0.8638221796493076,0.0008395231533604441,0.0181954723586637,-0.0011287836627970093,-0.0767853951184777,0.19318709094838665,0.13598556072059267
2024-06-23 15:00:00,75.06,74.27,74.53,-0.2089642430801998,0.0062058432382199324,0.015233838097399532,-0.0011109151297470626,0.06040401344550883,0.2204494265108589,0.13404362905439585
2024-06-23 19:00:00,74.63,73.23,74.0,-0.27483421237943495,-0.009058463209948964,0.008633833881598552,-0.0011000106669122533,0.17295654424412477,0.1698882857559214,0.1336566301448183
2024-06-23 23:00:00,74.0,72.0,72.45,-0.20665131925626812,-0.020278422674874563,0.009489642291171663,-0.00109781653099308,0.08934029803144528,0.1113414627096651,0.13588877196590984
2024-06-24 03:00:00,72.73,70.5,71.34,1.0116236809748922,-0.04479383170488871,0.009837650469406434,-0.0011199392894817588,0.10300208130197408,0.0,0.1383654355499422
2024-06-24 07:00:00,71.9,68.54,70.14,2.6535537291757127,-0.05460065384943358,0.0026898250626541387,-0.0011563295060445522,-0.10821757508079322,0.0,0.1428728501833154
2024-06-24 11:00:00,70.29,68.78,69.14,1.6873006988562531,-0.06412048826814276,0.0008395231533604441,-0.0012046835255726457,-0.02233039356592892,0.0,0.14876127729221778
2024-06-24 15:00:00,69.71,68.67,69.1,0.6639155505617256,-0.07508956464236527,0.0062058432382199324,-0.0012559881519480177,-0.13563263981370066,0.0,0.15506240303103205
2024-06-24 19:00:00,69.52,67.5,69.17,1.0055250665253324,-0.07351824900772441,-0.009058463209948964,-0.001303312461917478,-0.11555900476886827,0.0,0.16002876493623105
2024-06-24 23:00:00,70.2,69.14,70.07,0.16026141440950206,-0.04619288162217172,-0.020278422674874563,-0.0013258862804899501,0.0701513550719639,0.07162398946521945,0.1604533063533236
2024-06-25 03:00:00,71.25,70.01,70.51,0.6438141010201534,-0.009216060084741073,-0.04479383170488871,-0.0013533232107758165,-0.008561231407262726,0.1309882363830872,0.1596998743301619
2024-06-25 07:00:00,71.16,70.22,70.82,-0.23798348705308706,0.004743538201709141,-0.05460065384943358,-0.0013880947509242244,0.029800247315455497,0.13007859390008245,0.15844577953350317
2024-06-25 11:00:00,71.5,70.27,71.15,0.12075627526439868,0.018401758402111223,-0.06412048826814276,-0.0014095900801067692,-0.06419023042448257,0.13565956353085917,0.15662669235915946
2024-06-25 15:00:00,71.99,70.76,71.87,-0.15368552552414574,0.030874742550119016,-0.07508956464236527,-0.0014260182981966042,0.06322472397194945,0.15962322413124722,0.1526436971353053
2024-06-25 19:00:00,72.03,71.27,71.38,-0.5621984757692475,0.044855062646935506,-0.07351824900772441,-0.0014550743090329698,-0.024011785235655614,0.18197030495345207,0.15073853144767996
2024-06-25 23:00:00,71.95,71.1,71.68,-0.6080348543254586,0.025146108548147028,-0.04619288162217172,-0.001481361202938061,0.02865234809584849,0.1754390692396697,0.14531248926476412
2024-06-26 03:00:00,71.78,71.0,71.13,-0.7126657020644223,0.008345974129167821,-0.009216060084741073,-0.001510253521103705,-0.04923625122868058,0.1659398341580474,0.14169562632544402
2024-06-26 07:00:00,71.86,71.0,71.45,0.022463434909379687,0.009207942622703191,0.004743538201709141,-0.0015316016948324054,-0.07459545716421234,0.16863160120161597,0.13536049165634884
2024-06-26 11:00:00,71.92,71.09,71.25,-0.08142967682232075,0.009566196127326343,0.018401758402111223,-0.0015472957525374787,0.12450024704744944,0.17576594167669013,0.13130163793573835
2024-06-26 15:00:00,71.35,70.36,70.92,-0.01065514057068434,-0.004344324285456835,0.030874742550119016,-0.0015669691071302741,-0.14862329108879135,0.14130549283791363,0.12739527744169937
2024-06-26 19:00:00,71.74,70.85,71.14,-0.5678210794916747,-0.004286750975576292,0.044855062646935506,-0.0015641162345134527,0.11184205017614413,0.16379953366568384,0.12158913880833436
2024-06-26 23:00:00,71.21,70.7,70.95,-0.7056603272629729,-0.007601503400957221,0.025146108548147028,-0.0015771989379554402,0.04003416924863257,0.14326730202022206,0.11672915209550572
2024-06-27 03:00:00,71.22,70.62,70.77,-0.5255602943710543,-0.005483145291728331,0.008345974129167821,-0.0015831161379162133,0.1165140282296786,0.14278565857567502,0.11356969113187024
2024-06-27 07:00:00,71.38,70.55,70.96,-0.15392747947448282,-0.006122062962114816,0.009207942622703191,-0.0015911022574452306,0.14108075585812085,0.1427629307810407,0.10980768974240207
2024-06-27 11:00:00,72.89,70.93,72.36,0.7208011090888249,0.006966681858791457,0.009566196127326343,-0.0015646894962807873,-0.03192888461774168,0.20525323721510116,0.10341483787561905
2024-06-27 15:00:00,72.83,72.04,72.73,-0.4652256343481043,0.020524258679664786,-0.004344324285456835,-0.0015363863889453534,0.10554453697376354,0.227469542308198,0.09627936610517125
2024-06-27 19:00:00,73.23,72.65,73.22,-0.4246051915790814,0.022579557519326166,-0.004286750975576292,-0.0015030192340682409,0.10593343538954358,0.25909995475643266,0.09129855016750014
2024-06-27 23:00:00,73.86,72.87,73.47,-0.3847816827062115,0.03365051937224184,-0.007601503400957221,-0.0014560983541812864,0.05843579528165832,0.28460346370727335,0.09107788890850417
2024-06-28 03:00:00,73.9,73.2,73.25,-0.48467729734324,0.03682684201410136,-0.005483145291728331,-0.0014065523666620785,0.02795009854450692,0.2974450136601723,0.09136112989049204
2024-06-28 07:00:00,74.76,72.76,74.49,1.2523073071114075,0.0416253331641403,-0.006122062962114816,-0.0013457564274553969,0.061199054220176796,0.3175732590673977,0.09059109079423604
2024-06-28 11:00:00,74.74,72.85,73.08,0.8631936190661345,0.025710888830928313,0.006966681858791457,-0.0012897203962169378,-0.07704343603948915,0.3148357249849312,0.09208340556633413
2024-06-28 15:00:00,73.66,72.54,73.41,-0.17507170212430093,0.009307474204141686,0.020524258679664786,-0.0012428192887300876,0.12320299789017874,0.2673457450718328,0.09130308619266748
2024-06-28 19:00:00,73.67,72.84,73.01,-0.24046546275463504,0.005280657105409148,0.022579557519326166,-0.0012110916698844973,-0.20601605881718033,0.28189101173798475,0.09179976177996668
2024-06-28 23:00:00,73.93,72.81,73.82,-0.6381701217403805,-0.0004858336105384442,0.03365051937224184,-0.001181465948482915,-0.07702662714973785,0.28249423921885614,0.0902352062449431
2024-06-29 03:00:00,73.96,73.53,73.92,-0.6142571183810357,0.002126230341887858,0.03682684201410136,-0.001141029295765212,-0.06156942010167721,0.30670324992401704,0.08982625921985558
2024-06-29 07:00:00,74.65,73.9,74.37,-0.41111256016124986,0.0055882511395810575,0.0416253331641403,-0.0010848731048859793,-0.09650075843996964,0.34201864031837037,0.08957685305091585
2024-06-29 11:00:00,75.23,74.19,74.99,0.1497546096400163,0.01179511931828281,0.025710888830928313,-0.001018169517786498,0.17559693530474818,0.3664002913176938,0.08981105235261347
2024-06-29 15:00:00,75.47,74.55,75.3,-0.018840068271872686,0.02746027307759924,0.009307474204141686,-0.0009464956284546682,-0.03117990782571345,0.38608936804250227,0.09056316562888703
2024-06-29 19:00:00,76.9,75.2,75.28,0.7938237501231648,0.03573427134058349,0.005280657105409148,-0.0008668723670233965,0.2541978955725801,0.43693279542422847,0.09184725070842732
2024-06-29 23:00:00,75.53,74.6,75.29,-0.38264015530152545,0.024101121749231735,-0.0004858336105384442,-0.0007911122789653428,-0.0768593055694392,0.38707732671092343,0.09300932136483898
2024-06-30 03:00:00,75.98,74.81,75.02,-0.013986601382443536,0.022912351604482684,0.002126230341887858,-0.0007086613748301592,0.16249045881977286,0.40668253873443905,0.09395591639775205
2024-06-30 07:00:00,75.76,74.8,74.84,-0.015219389330203982,0.01342500322457929,0.0055882511395810575,-0.0006218540844068744,0.05131893191983172,0.4010734791844622,0.09426684380646484
2024-06-30 11:00:00,75.11,74.24,74.76,-0.22908167946659383,0.0007770672928848477,0.01179511931828281,-0.0005385771688638191,-0.08357661014896633,0.3698374552105138,0.09480336524927413
2024-06-30 15:00:00,74.79,74.11,74.42,-0.45098295386062465,-0.008215431862871436,0.02746027307759924,-0.0004617599058063968,-0.03595836212010828,0.34958869432472445,0.09491455409505839
2024-06-30 19:00:00,75.81,74.32,75.54,-0.26050766258716396,-0.012323356626953275,0.03573427134058349,-0.00038518104046389223,-0.06765897133846432,0.38155429532881,0.09439494017788434
2024-06-30 23:00:00,75.96,75.19,75.58,-0.41610152196827443,0.006862794794717075,0.024101121749231735,-0.00030394630740994253,0.04943946522772258,0.4175750947770444,0.09557559987429945
2024-07-01 03:00:00,75.67,75.0,75.14,-0.5646194464294352,-0.001408661284080459,0.022912351604482684,-0.00022003292936008875,-0.09314915218129771,0.40039493187337905,0.09710174521640122
2024-07-01 07:00:00,75.41,74.87,74.94,-0.5079915186606163,-0.002207302544165013,0.01342500322457929,-0.00014493695992693234,-0.06313211976863853,0.3912334911792714,0.09824770487041036
2024-07-01 11:00:00,75.05,74.17,74.62,-0.08753749095544801,-0.0015287449098664307,0.0007770672928848477,-7.593481957063881e-05,-0.07571312176130263,0.3630701777943401,0.09925110545034667
2024-07-01 15:00:00,75.45,74.49,75.0,-0.2518512827742684,0.00628732113811159,-0.008215431862871436,-1.4328811897459574e-05,-0.0101662091447291,0.3772933956464135,0.09953212327163717
2024-07-01 19:00:00,75.03,74.29,74.42,-0.36010621270164445,-0.005266405983703204,-0.012323356626953275,4.15485846486043e-05,-0.18215965136723844,0.3581798512174155,0.10048910921145641
2024-07-01 23:00:00,74.63,74.28,74.4,-0.7524815081421343,-0.01566519168591929,0.006862794794717075,0.00010097907453207883,-0.07363945495101354,0.34748235259756505,0.10072947508191757
2024-07-02 03:00:00,75.1,74.35,75.07,-0.5544150479042553,-0.007045155997149388,-0.001408661284080459,0.00011513192502794878,-0.013081492726943367,0.36899293909145414,0.10050077426567174
2024-07-02 07:00:00,75.49,74.91,75.37,-0.03996496865926677,0.0011739010819107332,-0.002207302544165013,0.0001314349456602844,0.05097216780514513,0.39645510235493886,0.1008843770479313
2024-07-02 11:00:00,75.44,74.56,74.7,-0.3049292464151425,0.004913559220195651,-0.0015287449098664307,0.0001553875050625127,-0.05243901309299126,0.3847877221623038,0.1020085109185081
2024-07-02 15:00:00,75.34,74.67,75.33,-0.6243908890562606,0.0027374511824636016,0.00628732113811159,0.00015930026640171045,0.07047654867662545,0.38943164941661623,0.10193916466293595
2024-07-02 19:00:00,76.21,75.18,76.03,-0.5427118085730107,0.013476693546559781,-0.005266405983703204,0.0001571083183166947,0.36007964265011694,0.41767986875727003,0.1024135470267124
2024-07-02 23:00:00,76.21,75.29,75.47,-0.423530421919713,0.01952801046280106,-0.01566519168591929,0.0001654397483192935,-0.014700654012840153,0.4334902200401059,0.10380918477121513
2024-07-03 03:00:00,75.63,74.5,75.52,-0.4974836947029049,0.006662284387126682,-0.007045155997149388,0.00019546282257986534,-0.11686768212991527,0.3984791699477751,0.10448780363288779
2024-07-03 07:00:00,75.64,73.89,74.29,0.2509322345736013,-0.008570498560513728,0.0011739010819107332,0.00023020286383020476,-0.10549824185517331,0.35828804896819466,0.10630406578984188
2024-07-03 11:00:00,74.63,73.3,74.35,0.3167465802869691,-0.01548485320164128,0.004913559220195651,0.0002509240462575258,-0.08266564653559794,0.3160095988513575,0.10613429771736142
2024-07-03 15:00:00,75.07,73.94,74.19,-0.17548097316693542,-0.008461842062106761,0.0027374511824636016,0.00025606213013129917,-0.09801301396963402,0.35180790802484263,0.10618178521979404
2024-07-03 19:00:00,74.19,71.82,72.32,0.5738110788455412,-0.037286310864883654,0.013476693546559781,0.00028067288335388465,-0.16904415573083986,0.25084112047596907,0.10895321326925766
2024-07-03 23:00:00,72.42,68.8,70.56,0.9748859049520746,-0.06520951215896864,0.01952801046280106,0.0002887337431475467,0.03317573628797654,0.14067726081821696,0.11318863983839415
2024-07-04 03:00:00,70.82,69.67,69.89,-0.48486060940909487,-0.0639322810336832,0.006662284387126682,0.0002662459022699014,-0.0022631797117577124,0.11363975056625772,0.11603522150727127
2024-07-04 07:00:00,70.0,69.01,69.84,0.16782371422124462,-0.067058532622009,-0.008570498560513728,0.00024411866209823012,0.15308684350564983,0.0622153042195018,0.11656704857951695
2024-07-04 11:00:00,69.97,67.24,68.08,0.9354275773806188,-0.07392414631641742,-0.01548485320164128,0.0002164307301542321,0.14736454301687285,0.0,0.12189152119689384
2024-07-04 15:00:00,69.18,67.28,67.58,0.1497842640121236,-0.08364684470713812,-0.008461842062106761,0.00017506383861478437,0.19033115808915646,0.0,0.12623452889034006
2024-07-04 19:00:00,68.47,66.76,66.96,0.5272606440599048,-0.0739575208197144,-0.037286310864883654,0.00012480132666681452,0.092797859544685,0.0,0.13253665385643348
2024-07-04 23:00:00,67.0,57.85,58.55,5.0,-0.11240226382266494,-0.06520951215896864,7.893718709706505e-05,0.007505311261472469,0.0,0.19674153304354877
2024-07-05 03:00:00,60.12,56.86,58.51,5.0,-0.16519149856171256,-0.0639322810336832,-4.01283653984028e-05,0.1626866125134072,0.0,0.23327627886979058
2024-07-05 07:00:00,60.04,57.35,59.0,2.469411210824667,-0.15779930274472287,-0.067058532622009,-0.00022577012447372408,-0.020544076222055674,0.0,0.2599675391145464
2024-07-05 11:00:00,60.7,58.97,60.28,2.015457473143451,-0.12355260811044555,-0.07392414631641742,-0.0004152604654478251,-0.04509329423636044,0.06177714964941655,0.2748127060715909
2024-07-05 15:00:00,61.9,60.17,61.49,1.017763496214989,-0.10452103609873631,-0.08364684470713812,-0.0005765234950858499,-0.12320709870109325,0.11445653610946105,0.2842008137385215
2024-07-05 19:00:00,61.98,61.2,61.72,-0.0072222127357125816,-0.08636790355769486,-0.0739575208197144,-0.000717153870466444,-0.043327922010937825,0.1352129372866305,0.29611578584222353
2024-07-05 23:00:00,63.09,61.4,62.08,-0.16583392044760725,-0.013752717108455603,-0.11240226382266494,-0.0008327844945472241,0.11019533957710093,0.15825197856883902,0.3055979913265066
2024-07-06 03:00:00,62.54,61.5,62.28,-0.5752235354491672,0.05273440497179904,-0.16519149856171256,-0.0009468090492243327,0.012616261019436026,0.15107224822637702,0.3145989189762852
2024-07-06 07:00:00,63.2,62.11,63.2,-0.4166558814811549,0.06759269114225108,-0.15779930274472287,-0.0010447535485072113,0.18145643700764924,0.18066267882441855,0.3175741972246926
2024-07-06 11:00:00,63.8,62.87,63.67,-0.18960497675546764,0.05657715341693015,-0.12355260811044555,-0.0011225099773163815,0.1644406973344683,0.21649252231146368,0.32154544486605785
2024-07-06 15:00:00,65.67,63.63,64.97,0.34254799495555266,0.06070456955193304,-0.10452103609873631,-0.001172022028132543,0.04647639426156047,0.28365658312989056,0.3191708220137918
2024-07-06 19:00:00,65.59,64.85,65.48,-0.47735334429434656,0.057844157321443435,-0.08636790355769486,-0.0012188063259165566,0.12112227802942277,0.2976408786339902,0.3199530521716399
2024-07-06 23:00:00,65.61,64.67,65.54,-0.5764989334007798,0.051699504827766196,-0.013752717108455603,-0.0012559570547551787,-0.11941460878306942,0.3046166783431374,0.3227213554106644
2024-07-07 03:00:00,65.55,64.17,64.82,-0.620588997334634,0.046269039287471614,0.05273440497179904,-0.0013012202441284402,-0.03826951948531476,0.281730743529344,0.33009031022068114
2024-07-07 07:00:00,65.0,63.9,64.59,-0.5218306445742764,0.03155312631161622,0.06759269114225108,-0.0013437877755744377,-0.14424156160091817,0.27069878312962115,0.3351817726085894
2024-07-07 11:00:00,64.79,62.44,62.92,-0.0832774431446388,0.002425371596696202,0.05657715341693015,-0.001407944031028865,-0.08988085634629606,0.22350016384138563,0.34995652472512745
2024-07-07 15:00:00,63.94,62.86,63.14,-0.36240702988780227,-0.019957608294949303,0.06070456955193304,-0.0014622160198683842,-0.11230781623007513,0.22497647882831273,0.3537537090496213
2024-07-07 19:00:00,63.42,61.97,62.19,-0.16421528789740963,-0.03810474835011535,0.057844157321443435,-0.0015291193314680982,0.05595779962875613,0.18678506111780313,0.365050885892044
2024-07-07 23:00:00,62.47,59.25,61.8,0.9417621776984502,-0.06745209521796514,0.051699504827766196,-0.001640055845474013,0.14736740995489073,0.10596788673076646,0.3732622706719264
2024-07-08 03:00:00,63.06,61.39,62.94,-0.3557268157193829,-0.039455977930413444,0.046269039287471614,-0.001701626506634232,-0.029220195131075766,0.16863364501529785,0.370327135862197
2024-07-08 07:00:00,67.03,62.42,64.6,1.380322193870372,0.008097318868724557,0.03155312631161622,-0.0017217597812317082,-0.049544278315637125,0.3007347081953944,0.36148470382672815
2024-07-08 11:00:00,66.0,62.55,64.73,0.7781300592753408,0.018927060936856144,0.002425371596696202,-0.001799747673756262,0.005533551035108442,0.28417884627588136,0.3620545768292153
2024-07-08 15:00:00,65.27,63.8,64.84,-0.23571537871560727,0.015742786340289694,-0.019957608294949303,-0.001887699255019962,0.12349462486467777,0.2797208054618113,0.362212779943032
2024-07-08 19:00:00,65.22,64.16,64.85,-0.33679144602717764,0.03244170441308469,-0.03810474835011535,-0.0019728800418416467,-0.1787196853609846,0.28684182372225325,0.3629713399410877
2024-07-08 23:00:00,65.44,64.26,65.41,-0.6001286053032449,0.06539369028563735,-0.06745209521796514,-0.002060833812422058,0.056896204805327866,0.2953365429699557,0.35947562203594674
2024-07-09 03:00:00,66.0,64.94,65.47,-0.5775099911344935,0.05213463447146416,-0.039455977930413444,-0.0021148284632596034,0.17288890873901086,0.3240657265001067,0.35842735100973905
2024-07-09 07:00:00,66.1,65.06,65.96,-0.471602371288045,0.009431409922131095,0.008097318868724557,-0.0021586761013988476,0.12444302621441028,0.3338015593072106,0.3541506499431185
2024-07-09 11:00:00,66.3,65.27,65.54,-0.4732787646049247,0.017083348414375754,0.018927060936856144,-0.0022005351490455116,0.04150469487166841,0.34023343869756467,0.354167102297009
2024-07-09 15:00:00,66.0,65.32,65.79,-0.4476413106496879,0.01880064477277843,0.015742786340289694,-0.0022446803907681893,0.02134894646206753,0.3369881600063217,0.34980275352369566
2024-07-09 19:00:00,65.79,65.19,65.37,-0.4963556511636634,0.012839290866782482,0.03244170441308469,-0.0022886324200963714,-0.012382255785753138,0.3260421358355196,0.348961226447816
2024-07-09 23:00:00,65.45,64.5,64.98,-0.6249006806480732,0.001681753896530136,0.06539369028563735,-0.0023402996651233124,-0.33443296440500914,0.30048547999351083,0.3478341337367526
2024-07-10 03:00:00,66.33,64.93,66.1,-0.10539526497042286,0.004223263493677409,0.05213463447146416,-0.0023513729649905176,-0.08638998499511807,0.3371172000493257,0.3382199509951205
2024-07-10 07:00:00,66.13,65.57,66.09,-0.49039799823670954,0.0022693427566813362,0.009431409922131095,-0.002377392057555895,0.03295822616225941,0.34083677639576493,0.3344959534196543
2024-07-10 11:00:00,66.74,65.4,66.56,-0.03045332377824919,0.005590164944802467,0.017083348414375754,-0.002390011776849234,-0.03533686608741804,0.3575995323189562,0.32806821004110104
2024-07-10 15:00:00,67.3,66.3,66.62,-0.17861003694071012,0.015449757611426751,0.01880064477277843,-0.0023867280103258624,-0.06331097967468136,0.38493337374590986,0.32387131894928933
2024-07-10 19:00:00,66.84,66.33,66.83,-0.6710258436897079,0.01604010478356721,0.012839290866782482,-0.0024098801447645225,0.12090883223920734,0.37564379785160573,0.31711892640687733
2024-07-10 23:00:00,67.56,66.74,67.18,-0.5342423053987415,0.033048298973020085,0.001681753896530136,-0.00240225384016104,0.36990524282741544,0.40183787395185866,0.3093151508153924
2024-07-11 03:00:00,67.64,66.42,67.61,-0.6749265239341473,0.022342364039600104,0.004223263493677409,-0.0024071141841247442,0.03755432948714743,0.4064551138756415,0.3015740831942013
2024-07-11 07:00:00,67.97,67.45,67.77,-0.5763686366732191,0.027900790860795777,0.0022693427566813362,-0.0023972731732531784,-0.13894715141959968,0.4275286457018226,0.2951258640210226
2024-07-11 11:00:00,69.14,67.71,68.6,0.4473856885695641,0.03502352673785003,0.005590164944802467,-0.002367393450960691,0.022349531771295172,0.4670098825953018,0.28626882026080014
2024-07-11 15:00:00,69.09,67.77,68.61,-0.14807446167902474,0.027097289152846704,0.015449757611426751,-0.0023398931854148853,-0.012860217618659853,0.4703235430719508,0.2801158889341814
2024-07-11 19:00:00,68.62,67.42,67.66,-0.47396010038140907,0.02064502888466957,0.01604010478356721,-0.0023296709522152297,-0.12778817583801672,0.44050953728539755,0.27828715459705744
2024-07-11 23:00:00,68.47,66.78,68.34,-0.32483900660215487,0.006715871673681928,0.033048298973020085,-0.0023101342432600923,0.0725775058871243,0.42311475259027675,0.2697327949073311
2024-07-12 03:00:00,68.95,67.95,68.52,-0.33934679240142507,0.017255187170567288,0.022342364039600104,-0.0022486441968193674,0.0484122167468819,0.4622324431853325,0.26188031612280205
2024-07-12 07:00:00,69.32,68.24,68.93,0.6549378357450785,0.01789110682966455,0.027900790860795777,-0.002184176801069076,-0.014555779535835978,0.4857530730488601,0.25247280777905134
2024-07-12 11:00:00,69.26,67.8,68.92,0.530834516012799,0.00131984120408557,0.03502352673785003,-0.002132889363631571,-0.009711549633130256,0.47329212641856505,0.2455694128784549
2024-07-12 15:00:00,69.42,68.6,69.21,-0.13807334982285904,0.006763289753167978,0.027097289152846704,-0.0020618062168603272,0.08940730732548463,0.4943181181645079,0.2361845394122151
2024-07-12 19:00:00,69.32,68.45,69.25,-0.307781640860536,0.015269400632325736,0.02064502888466957,-0.00200917350888613,-0.012494439828598436,0.4915683336752036,0.2256271596698822
2024-07-12 23:00:00,69.98,69.1,69.6,-0.7132231822492222,0.029787021046199902,0.006715871673681928,-0.0019342516964944041,-0.21058691833794485,0.5203332581845416,0.21511172509063137
2024-07-13 03:00:00,70.5,69.13,70.08,-0.39035012391768925,0.02016340437326436,0.017255187170567288,-0.0018635086943817765,-0.09838666615737979,0.5285293330657201,0.20409785770205102
2024-07-13 07:00:00,70.68,69.97,70.17,-0.21409851979045247,0.022098044329202482,0.01789110682966455,-0.0017730705871624565,-0.006521861745875657,0.5588894342073913,0.19687826167884312
2024-07-13 11:00:00,70.16,69.43,69.86,-0.4363361015998217,0.01798786408025066,0.00131984120408557,-0.0016972975917801671,0.08362909630331461,0.5317783908441648,0.18991280194098611
2024-07-13 15:00:00,70.36,69.4,69.53,-0.45068183990010013,0.012133441550948199,0.006763289753167978,-0.0016065817876927367,-0.04603174058824544,0.5340242605515002,0.1825219300244663
2024-07-13 19:00:00,70.43,69.36,69.96,-0.3743938214583422,0.012039395046167467,0.015269400632325736,-0.001512340966873674,0.2201215071570768,0.5309336073585318,0.17756795193532537
2024-07-13 23:00:00,70.38,69.61,69.75,-0.4606223017009751,0.005428113587376604,0.029787021046199902,-0.0014021956929955517,0.1736040776684049,0.5382377291791012,0.1770087559611944
2024-07-14 03:00:00,70.48,69.74,70.42,-0.5306352956172634,0.005653417511844339,0.02016340437326436,-0.0012986037928271854,0.2884505372669546,0.5489217167039773,0.17603466513961505
2024-07-14 07:00:00,70.51,70.0,70.02,-0.49027201223112504,-0.001915001080610823,0.022098044329202482,-0.0011891040710733812,-0.0036953917983998386,0.5634730941769237,0.17726918720456095
2024-07-14 11:00:00,70.13,69.23,69.66,-0.4047230071046802,-0.0020021933906197997,0.01798786408025066,-0.0010889171196517228,-0.19555351605353744,0.5420927111702364,0.17966490120150863
2024-07-14 15:00:00,69.73,69.25,69.44,-0.6915600098085326,-0.0059032058623069705,0.012133441550948199,-0.0009941060839517568,-0.008462756273170613,0.535129399715278,0.18174234908721776
2024-07-14 19:00:00,70.27,69.42,70.0,-0.38997049854551635,0.0012588286861616726,0.012039395046167467,-0.0008956296263561873,-0.1249727234987259,0.5594606983606949,0.18264214557420097
2024-07-14 23:00:00,71.01,69.76,70.88,-0.10545014255535967,0.00623166583395629,0.005428113587376604,-0.0007843822149289896,-0.001239672281674098,0.6034817281697604,0.1753057690660173
2024-07-15 03:00:00,71.09,70.36,70.5,-0.32583737383616657,0.0077544386755927786,0.005653417511844339,-0.0006618292114864383,-0.281108451191319,0.6331484628219611,0.16956491042456442
2024-07-15 07:00:00,70.77,69.86,69.95,0.22413058221952112,0.0007745650393151671,-0.001915001080610823,-0.0005439969401827497,0.06377694601596717,0.6238355705130025,0.1636853719247964
2024-07-15 11:00:00,70.67,69.67,70.64,0.09972406780496974,0.0065046117454150565,-0.0020021933906197997,-0.00042877858274987797,0.08757908750391152,0.6221083832797863,0.15793152517724468
2024-07-15 15:00:00,71.15,70.12,70.97,0.07919457719066625,0.018346798262488306,-0.0059032058623069705,-0.0003160712302537213,0.053440404815818354,0.6542504846760164,0.1553150882949169
2024-07-15 19:00:00,72.38,70.76,72.09,0.5082996405554562,0.027001823050309737,0.0012588286861616726,-0.0001928194999625829,-0.04737890988336635,0.7610944531194641,0.15266627032736815
2024-07-15 23:00:00,73.42,71.81,73.34,0.37804170492230865,0.03119629392237311,0.00623166583395629,-6.388448729699807e-05,0.07746108276195796,0.8079436975812248,0.15216118784036622
2024-07-16 03:00:00,73.48,70.84,71.18,0.2395978295229177,0.026587315509278397,0.0077544386755927786,7.094329237709873e-05,0.11976901456470812,0.8068469592186243,0.15497605650085894
2024-07-16 07:00:00,71.92,70.34,71.72,0.021777169304872095,0.013419255042716571,0.0007745650393151671,0.00021426324929658697,-0.02494015083136314,0.7309285401223444,0.1537945955229527
2024-07-16 11:00:00,73.32,71.39,73.23,-0.009578507810358088,0.03163374546033437,0.0065046117454150565,0.0003417421291895769,0.01299624759509066,0.7943019165347205,0.1532778698906136
2024-07-16 15:00:00,74.09,72.78,73.03,0.6208088192614769,0.038075062691208306,0.018346798262488306,0.00047692425521172213,-0.015723035376700056,0.8561266816124707,0.1569626866654387
2024-07-16 19:00:00,73.51,72.52,72.73,-0.32938348811063073,0.016993890557140956,0.027001823050309737,0.0006346706727798679,0.20117741723716875,0.8315603555134751,0.16044966378702813
2024-07-16 23:00:00,74.25,72.58,73.78,-0.31372504415035923,0.014372274650586103,0.03119629392237311,0.0007840230765139314,0.052012753856677474,0.868212286409526,0.16236900379620361
2024-07-17 03:00:00,73.86,73.26,73.42,-0.5902587893058401,0.013584843394564006,0.026587315509278397,0.0009509056117816177,0.037787682008942,0.863798640699245,0.16569244914406897
2024-07-17 07:00:00,73.47,72.27,72.68,-0.2688210632884581,0.02242060720407313,0.013419255042716571,0.0011204934336050381,-0.07883970529210371,0.8232202197801305,0.16821215578977236
2024-07-17 11:00:00,73.24,72.11,72.93,-0.15040088818944056,0.005799148761492123,0.03163374546033437,0.0012666737167886363,-0.09247807250292117,0.8185409127804746,0.16603124287687399
2024-07-17 15:00:00,73.05,71.12,72.43,0.4947266836040281,-0.01816218861509855,0.038075062691208306,0.0014159950378156267,-0.046461997932204846,0.7790903875191973,0.16478976200773013
2024-07-17 19:00:00,72.65,71.4,71.63,-0.011129663622769969,-0.014222231838206367,0.016993890557140956,0.0015556881395595507,-0.2826990574940603,0.7715850735059795,0.16097584904101783
2024-07-17 23:00:00,72.42,71.31,72.29,-0.6107803846619353,-0.023371343222479912,0.014372274650586103,0.0016727020638304102,-0.1763934516734197,0.7687985129868324,0.15292920565522783
2024-07-18 03:00:00,72.46,71.51,72.25,-0.6483835639737726,-0.020259840241969806,0.013584843394564006,0.001762285632199731,-0.07490928813712172,0.7777095662112732,0.14818880352911168
2024-07-18 07:00:00,72.39,71.65,72.36,-0.5861833680729314,-0.010491777969547034,0.02242060720407313,0.0018509101811608592,0.0004260943812171014,0.7790637987784752,0.14588545423392
2024-07-18 11:00:00,72.95,71.59,72.03,-0.27986570366163915,-0.004012617408273078,0.005799148761492123,0.0019191387863132668,-0.0020248374622692245,0.8016719104369799,0.14396603419445872
2024-07-18 15:00:00,72.02,70.5,71.1,-0.025788687204883556,-0.011641688612642587,-0.01816218861509855,0.002021575591013766,0.019650801021481312,0.7306081189733108,0.1423342297205626
2024-07-18 19:00:00,71.63,70.66,71.44,-0.5608417824534225,-0.010549522472936279,-0.014222231838206367,0.0020746820759755848,0.20714398647397014,0.727730351137316,0.13805075735765177
2024-07-18 23:00:00,71.78,70.68,71.34,-0.5419365817195442,-0.007026416166931004,-0.023371343222479912,0.0021084737052466536,0.144730222826285,0.7396090424392578,0.13520621162404375
2024-07-19 03:00:00,71.79,71.11,71.38,-0.6192701377077482,-0.008227016609830051,-0.020259840241969806,0.002093999402382521,0.06933691058202518,0.7434591931056186,0.13191888211700453
2024-07-19 07:00:00,71.41,69.67,70.33,0.1623935906336374,-0.02455892986706354,-0.010491777969547034,0.0020635343978838067,0.12836323782819492,0.6767878257032777,0.13075793339138525
2024-07-19 11:00:00,71.89,70.06,71.75,0.022860266103647962,-0.018468088881355427,-0.004012617408273078,0.0019557880793656013,0.19001282890472826,0.7243437928257348,0.12476326195771631
2024-07-19 15:00:00,73.25,71.4,73.1,0.3160751579404714,0.01839711271144484,-0.011641688612642587,0.0018576353964517886,0.06043181852977497,0.8063316822116476,0.12053627922341202
2024-07-19 19:00:00,74.13,72.95,73.36,0.1745753103277112,0.032686663469963184,-0.010549522472936279,0.0018007599161610495,0.03157220320177401,0.8621764541500511,0.11726893198361683
2024-07-19 23:00:00,73.66,72.82,73.01,-0.5528169143159961,0.02620949150230034,-0.007026416166931004,0.0017876112382266105,-0.015807076130421316,0.8477247111540064,0.11308717282058411
2024-07-20 03:00:00,73.34,72.82,73.32,-0.6970545727220069,0.02274065009148174,-0.008227016609830051,0.00177241615172927,-0.06071455286724725,0.8373532452509252,0.11014719896671231
2024-07-20 07:00:00,73.58,72.79,73.03,-0.6842353839598119,0.039849143366492035,-0.02455892986706354,0.0017452676079723986,0.0885964180008223,0.8386644757648392,0.10727763947701209
2024-07-20 11:00:00,73.23,72.31,73.19,-0.5958387245505181,0.02385087693471144,-0.018468088881355427,0.0017301448972668239,0.03127627488827245,0.8223659504090362,0.10444377385042519
2024-07-20 15:00:00,73.92,73.13,73.61,-0.25124483747845544,0.013169924670608735,0.01839711271144484,0.0016955698924756147,0.048712809859305484,0.8615371155221365,0.10148843460519304
2024-07-20 19:00:00,73.66,72.94,73.04,-0.6781971355326681,-0.0023349984562667236,0.032686663469963184,0.0017030489184856684,0.01429757626691086,0.8522582557168202,0.09920203448054717
2024-07-20 23:00:00,73.36,72.95,73.17,-0.7971685659816374,-0.0017193725390687309,0.02620949150230034,0.0017109414998612836,-0.0832331787815278,0.8404463088496221,0.09640487864618981
2024-07-21 03:00:00,73.27,72.5,72.67,-0.7736466884663571,-0.001176154916009975,0.02274065009148174,0.001714517018807619,-0.0692972012833748,0.8323865758549894,0.09443269585629883
2024-07-21 07:00:00,73.58,72.42,73.11,-0.4556012247434572,0.00037823431650729766,0.039849143366492035,0.0017019424460203473,0.049439550415772304,0.8402621803661092,0.09165086759796508
2024-07-21 11:00:00,73.56,72.85,73.51,-0.5435199820481249,0.006182315682666806,0.02385087693471144,0.001685766537619806,-0.01975839515964517,0.8483799895884713,0.09053303087351418
2024-07-21 15:00:00,73.78,71.21,72.39,0.09490785583425797,-0.011224550842438452,0.013169924670608735,0.0016735772399417588,-0.07848257789656088,0.8138666060805261,0.09009466611183062
2024-07-21 19:00:00,73.92,72.2,73.82,0.08224051538239385,-0.00028382776029578505,-0.0023349984562667236,0.0016238192376102061,0.05410546189267351,0.8510554768117333,0.08589160174794648
2024-07-21 23:00:00,74.61,73.77,74.18,-0.2792987597923583,0.013928429820915689,-0.0017193725390687309,0.001565426430649427,-0.03411453961998967,0.899306392434962,0.08453179725806524
2024-07-22 03:00:00,74.21,72.56,73.02,-0.5459747311263481,0.004389238862125389,-0.001176154916009975,0.0015286118960169404,-0.006409627818110719,0.8508996628420772,0.08356576694521134
2024-07-22 07:00:00,74.57,72.65,74.02,0.26836779095201757,0.009913677402909826,0.00037823431650729766,0.0014656164273257678,-0.09663246947139859,0.8821545159167591,0.08173216563632119
2024-07-22 11:00:00,74.08,71.66,71.84,0.6381663999595354,-0.0034558159091868657,0.006182315682666806,0.0014666065904422885,-0.06058833305339961,0.8337486566680915,0.08163802319148762
2024-07-22 15:00:00,72.3,71.39,71.82,-0.0817677214520552,-0.012342145775080415,-0.011224550842438452,0.001459311649975633,0.09215946798213537,0.7620380430669019,0.07944207846070671
2024-07-22 19:00:00,72.47,71.1,71.3,-0.15626044272437611,-0.01961825407155615,-0.00028382776029578505,0.001405662451959582,-0.028696642566100272,0.767942659349243,0.07783055656253915
2024-07-22 23:00:00,72.85,70.7,72.29,-0.27319001098193946,-0.03190697006288701,0.013928429820915689,0.001356789634164997,0.06436361805922841,0.7625928364826423,0.07501586388916656
2024-07-23 03:00:00,72.34,70.47,70.85,-0.37181870441236436,-0.02792488462205922,0.004389238862125389,0.0013146474352229048,-0.18551812421182157,0.7326001205353795,0.07574311817123486
2024-07-23 07:00:00,72.65,70.58,72.34,0.15491431009057602,-0.02752081830672093,0.009913677402909826,0.00125211588425512,0.010713217725477397,0.7647065801950649,0.07312330408496291
2024-07-23 11:00:00,73.11,71.58,72.84,0.034409380989180734,-0.01020085383332714,-0.0034558159091868657,0.0011995711461066014,0.040286912964809796,0.7907092400226036,0.07126211209007172
2024-07-23 15:00:00,72.87,70.43,71.85,0.3412967930718234,-0.0012528833639318115,-0.012342145775080415,0.0011694337333903605,-0.10471160838303639,0.7568417257872978,0.06993624482709837
2024-07-23 19:00:00,72.75,71.81,72.27,-0.27479337605029036,0.005857993477730972,-0.01961825407155615,0.0011104645267632747,-0.0035227683934211385,0.7922731994837445,0.0678540301977694
2024-07-23 23:00:00,73.15,72.27,72.83,-0.45864386621155784,0.013760511419332655,-0.03190697006288701,0.0010571780754466721,0.11086957599189784,0.8196720109189249,0.06536315524291637
2024-07-24 03:00:00,72.93,71.77,72.22,-0.7559806312782399,0.014190615816851881,-0.02792488462205922,0.0010152207669904883,0.3399695798115394,0.791037770815345,0.0647111012976751
2024-07-24 07:00:00,73.57,72.13,73.43,-0.014733003033717948,0.017083481918527488,-0.02752081830672093,0.0009570871557069212,0.18994136681696627,0.8356056847525974,0.06234133260696514
2024-07-24 11:00:00,73.67,73.12,73.13,-0.397683942465502,0.01540341162556147,-0.01020085383332714,0.0009134530311747423,0.09438732915077686,0.8550363214715377,0.06011328516149051
2024-07-24 15:00:00,73.35,72.53,72.62,-0.34346317117419267,0.018326141825911302,-0.0012528833639318115,0.0008848696916811994,-0.11752839279208127,0.8327539296195989,0.05695430329740673
2024-07-24 19:00:00,72.95,70.76,71.13,-0.026821787559099225,-0.007994328320539035,0.005857993477730972,0.0008670284444644518,-0.17077905268790505,0.7588751181126429,0.05625474058832535
2024-07-24 23:00:00,71.66,68.23,68.87,1.2458891671676837,-0.04336620928835189,0.013760511419332655,0.0008389123228942914,-0.10943433730293461,0.6373118613413911,0.06279676461596641
2024-07-25 03:00:00,69.67,68.52,69.25,-0.23078746610053064,-0.04409136864660901,0.014190615816851881,0.0007703793881771995,-0.039127527237394766,0.6068907613586646,0.06515856259735138
2024-07-25 07:00:00,69.39,68.3,68.58,-0.3379536742538491,-0.05629318444796105,0.017083481918527488,0.0006910715626012565,-0.3154303639910023,0.5979890855473613,0.06933883612181588
2024-07-25 11:00:00,68.75,67.29,68.68,0.12318299050575107,-0.0725694876834464,0.01540341162556147,0.0006210818082414438,-0.18274637433192342,0.5473064879936171,0.07336020787405419
2024-07-25 15:00:00,69.54,68.05,68.56,0.07798164899378734,-0.05644323039732335,0.018326141825911302,0.0005351007509044631,0.021578029914520735,0.5946649405574833,0.07801654745883095
2024-07-25 19:00:00,69.5,67.7,68.88,-0.1494911249785954,-0.04218420597961792,-0.007994328320539035,0.00046875902992201,0.16871051468012332,0.5840501039074342,0.0815721713574719
2024-07-25 23:00:00,70.05,68.72,69.98,-0.5765376025065602,-0.0037235839126118497,-0.04336620928835189,0.00038699932314404273,0.10462616327041752,0.6223327744234642,0.08137260062591725
2024-07-26 03:00:00,71.66,69.89,71.58,-0.3422771915121412,0.02252203650802098,-0.04409136864660901,0.00030723681697521373,0.24175707198241536,0.6968063789241122,0.07936035809491895
2024-07-26 07:00:00,71.7,70.63,71.04,-0.26760748284364677,0.032459312019190056,-0.05629318444796105,0.0002572517592065794,0.09122503756743194,0.7272887390891052,0.08029345845500303
2024-07-26 11:00:00,71.43,70.66,71.08,-0.46153121294794125,0.04438973959483916,-0.0725694876834464,0.00022142132142744528,-0.038122109603653365,0.7218804715359395,0.08013998681740762
2024-07-26 15:00:00,71.55,71.05,71.3,-0.5362927439271564,0.03505253599101121,-0.05644323039732335,0.00017951274144706775,0.01707401075939874,0.7341780210268154,0.07975677181366947
2024-07-26 19:00:00,71.42,70.92,71.37,-0.44530128043972805,0.035990627959554544,-0.04218420597961792,0.00014566960483020945,-0.02111054188192185,0.7269148624827838,0.07965279456709913
2024-07-26 23:00:00,71.59,71.12,71.48,-0.7429688087669555,0.02857921621178683,-0.0037235839126118497,0.0001084125275239369,0.046086472367123044,0.736872030837685,0.0785435187982077
2024-07-27 03:00:00,71.52,71.14,71.38,-0.9036944497315748,0.009189399159959866,0.02252203650802098,8.027634044791744e-05,-0.0921280178392937,0.734319851322604,0.07803682789657422
2024-07-27 07:00:00,71.55,71.3,71.47,-0.701332174865367,0.003978170085566779,0.032459312019190056,5.3013477292330844e-05,0.2513824274841039,0.743649908574363,0.07781723216701916
2024-07-27 11:00:00,72.25,71.21,71.92,-0.15969244149589745,0.00913286067178709,0.04438973959483916,3.496580448259324e-05,0.2863738173217918,0.7593921375920426,0.07697647159309448
2024-07-27 15:00:00,72.37,71.23,71.34,0.07500753244047484,0.00670632800174964,0.03505253599101121,1.313816183311183e-05,0.2039235264141832,0.7618055897965859,0.0776074730632602
2024-07-27 19:00:00,71.99,70.27,71.6,0.18798329177313267,0.0025798745708554005,0.035990627959554544,-8.203970801538793e-06,-0.0030409684721238728,0.7400103709665499,0.07733114961843231
2024-07-27 23:00:00,71.76,70.78,71.46,-0.7488524096357192,0.00029833612606711135,0.02857921621178683,-3.5898912521288256e-05,-0.14510287872098449,0.7405899412022139,0.0774828890407965
2024-07-28 03:00:00,71.46,70.34,70.81,-0.7066255927501988,-0.004966901851924943,0.009189399159959866,-6.243129010910564e-05,-0.08597025256358604,0.7162637118881955,0.07851866912869893
2024-07-28 07:00:00,71.54,70.69,71.4,-0.6366010416897327,-0.004021754769578112,0.003978170085566779,-9.153421013126453e-05,-0.12382849913699279,0.72949448313719,0.07784131272987044
2024-07-28 11:00:00,71.77,70.65,70.84,-0.6405915711449949,-0.004957853197835815,0.00913286067178709,-0.0001166941670499743,-0.06472686203681854,0.7413331948049559,0.07877043539381334
2024-07-28 15:00:00,71.67,70.62,71.58,-0.6939422321137424,-0.009278499539679963,0.00670632800174964,-0.00014748469560606748,-0.11017942928838331,0.7257635544250524,0.07780190858390833
2024-07-28 19:00:00,71.61,70.9,71.0,-0.745569592653915,-0.0009190039848830933,0.0025798745708554005,-0.0001837557380898888,-0.0662209037615823,0.7362085698348136,0.07861622117871578
2024-07-28 23:00:00,73.08,70.95,73.02,-0.197879917371906,0.007962589422078281,0.00029833612606711135,-0.00021158723095853586,0.13141853309687934,0.7735347630608621,0.07683905770860629
2024-07-29 03:00:00,73.72,72.96,73.55,-0.01761472983549059,0.034600967328548116,-0.004966901851924943,-0.00022337826993552715,0.01990554365337527,0.8585818002735418,0.07714972893672076
2024-07-29 07:00:00,76.78,73.53,76.2,1.6475841665136393,0.056301104484351994,-0.004021754769578112,-0.00021434491559462976,0.042336986235640195,0.9618128455642391,0.07925554398120853
2024-07-29 11:00:00,76.44,75.29,75.6,1.6385350970443586,0.06342839583514981,-0.004957853197835815,-0.00019389374612885062,0.006192481317846665,0.9999999994224824,0.08361975677887795
2024-07-29 15:00:00,75.81,72.91,74.16,1.3688887701363717,0.04595399077671436,-0.009278499539679963,-0.0001742983218852003,-0.021321234149072277,0.9117388626246629,0.0862102254967786
2024-07-29 19:00:00,74.41,73.6,73.87,-0.46712028292447794,0.03873655059730541,-0.0009190039848830933,-0.00016338451795205015,-0.05701961685005086,0.8929054836230983,0.08700360967687615
2024-07-29 23:00:00,74.56,73.08,73.6,-0.2153240591010723,0.02637399999400558,0.007962589422078281,-0.000144658831316755,-0.0189544195133311,0.8801693906868024,0.08774067405380323
2024-07-30 03:00:00,74.06,73.27,73.68,-0.7903096373114499,0.0036200136435315944,0.034600967328548116,-0.00011939770072723796,0.02077670662552733,0.87066739815245,0.08793740972093668
2024-07-30 07:00:00,74.07,73.4,73.51,-0.5067979430102696,-0.019302681115770493,0.056301104484351994,-9.61742786617743e-05,-0.15444845202885138,0.8743455727331217,0.08846499533836306
2024-07-30 11:00:00,73.84,72.94,73.15,-0.39861151334616174,-0.033341340327531666,0.06342839583514981,-8.839514735022037e-05,-0.16853783695005342,0.8538328806503049,0.08887562535894698
2024-07-30 15:00:00,73.44,72.25,72.5,-0.19995103825936333,-0.020913330040419065,0.04595399077671436,-7.258800621269932e-05,-0.10454182199357653,0.8219014842386256,0.08904475003567963
2024-07-30 19:00:00,72.59,71.08,71.71,-0.25426891432767007,-0.030640801234953385,0.03873655059730541,-5.085929166736591e-05,0.12806568289451525,0.76185888331395,0.08977625688479672
2024-07-30 23:00:00,72.93,71.25,72.35,-0.554620222689512,-0.026317199275846526,0.02637399999400558,-4.5115241941585436e-05,-0.14656919304351934,0.767949434790358,0.08863641800030504
2024-07-31 03:00:00,72.55,71.31,72.2,-0.6981777935618353,-0.022940968216108137,0.0036200136435315944,-3.0244017576123005e-05,-0.16051443289503797,0.7730621149219898,0.08870806465705758
2024-07-31 07:00:00,72.4,71.53,71.54,-0.49651856344896256,-0.02471798712360873,-0.019302681115770493,-1.4835722503205299e-05,0.03629941383840407,0.7690888182231481,0.08923287778977351
2024-07-31 11:00:00,72.33,71.33,71.55,-0.39747470803178137,-0.02156313418280531,-0.033341340327531666,-8.179843186637984e-06,0.2339480436518364,0.7624527734876057,0.08857825512737896
2024-07-31 15:00:00,71.86,70.9,71.61,-0.20921042314882343,-0.018547269847322134,-0.020913330040419065,-3.5692709013526936e-06,0.2117759976315554,0.7438942271995876,0.0884841499715611
2024-07-31 19:00:00,71.69,69.86,70.84,0.10686783381128614,-0.01677439267528158,-0.030640801234953385,-1.0782498449230065e-05,0.03265218719465102,0.692315281128899,0.08871559509887503
2024-07-31 23:00:00,71.45,70.1,70.87,-0.24818562653063306,-0.015708614230698026,-0.026317199275846526,-2.991797475469812e-05,0.028267520238927313,0.7027286834085031,0.08735532990444715
2024-08-01 03:00:00,71.2,69.28,69.96,-0.1674139857586956,-0.02433969398693092,-0.022940968216108137,-4.7493586338264976e-05,-0.013079537608290837,0.6718814567397524,0.08912257564273846
2024-08-01 07:00:00,70.97,69.6,70.24,-0.17485767113501824,-0.02270619342783875,-0.02471798712360873,-6.896537631290732e-05,0.13568343612654932,0.6747888772390817,0.08790526700181411
2024-08-01 11:00:00,70.75,68.76,68.76,0.05479361902481924,-0.024923279053001512,-0.02156313418280531,-8.940128513210575e-05,-0.16096372032396344,0.6591105585689973,0.09252275494441163
2024-08-01 15:00:00,68.86,65.94,66.71,1.3028249917455663,-0.05407157021009479,-0.018547269847322134,-0.00011130846993889235,-0.08941845935503023,0.52069464086,0.10282308690390903
2024-08-01 19:00:00,69.93,66.64,69.87,0.17153900877271056,-0.034635508860992203,-0.01677439267528158,-0.00017340192040430778,0.13345490500503465,0.5511313954218826,0.09897743316131738
2024-08-01 23:00:00,69.97,67.98,68.45,-0.35113435190079767,-0.023654351364814308,-0.015708614230698026,-0.0002262489524878059,0.08831491443130823,0.6060607017025343,0.10357189388203554
2024-08-02 03:00:00,69.08,67.41,67.9,-0.28881907233781373,-0.02624683589623844,-0.02433969398693092,-0.0002692003905923828,0.17602495839016274,0.5654284386545119,0.10785738070537725
2024-08-02 07:00:00,69.28,67.43,69.15,-0.23488263867816395,-0.026135658099397552,-0.02270619342783875,-0.00031668486149706386,0.016522131241518245,0.5321156927369332,0.10707466466134881
2024-08-02 11:00:00,69.42,65.92,66.09,0.8750461592059269,-0.028030258165410382,-0.024923279053001512,-0.00037949553646548335,0.03848173119824727,0.47707159243951264,0.11887138413877918
2024-08-02 15:00:00,66.15,63.97,65.15,2.4402718637631047,-0.03617231192906001,-0.05407157021009479,-0.0004535949143660847,-0.025140186578735846,0.2855827508498096,0.12993980123589782
2024-08-02 19:00:00,65.63,64.28,64.91,0.3699810072716676,-0.0446437719496241,-0.034635508860992203,-0.0005289247410692254,-0.15516349896330528,0.2809774459002342,0.139306532723572
2024-08-02 23:00:00,65.31,63.15,64.87,0.5208063742175897,-0.06785670998341498,-0.023654351364814308,-0.0005959542641972777,-0.16944597085671997,0.2347618464216234,0.14706458077415016
2024-08-03 03:00:00,66.1,64.79,65.91,-0.5957470206830323,-0.042356516495730356,-0.02624683589623844,-0.0006559575047906585,-0.1384521467347175,0.3071021559613722,0.14958410235030495
2024-08-03 07:00:00,66.09,65.36,66.01,-0.870624525573199,-0.039086702312670196,-0.026135658099397552,-0.0007085081034435771,-0.11695489166333728,0.32560059966160154,0.15253564881266718
2024-08-03 11:00:00,66.38,65.87,66.07,-0.546371511604644,-0.0275780800886245,-0.028030258165410382,-0.0007530437086019956,-0.1676043061864556,0.3523027158756665,0.15535621817064166
2024-08-03 15:00:00,66.07,62.81,63.28,2.5029922252430405,-0.015453048643098377,-0.03617231192906001,-0.0008232136357078195,0.00959965483936931,0.21862908360853,0.17186779736028343
2024-08-03 19:00:00,64.51,62.57,64.34,0.947186322262281,-0.027627977441377793,-0.0446437719496241,-0.0008969566579094412,0.038489743041044466,0.16140050816092738,0.17582611753085464
2024-08-03 23:00:00,65.25,64.0,64.91,-0.9475326850798373,0.0027404307270844086,-0.06785670998341498,-0.0009508985935046426,0.31849407970262944,0.2464960826265393,0.17916775919070368
2024-08-04 03:00:00,65.16,64.51,64.98,-1.2749800778847549,-0.009768852575144482,-0.042356516495730356,-0.0010013222672231562,0.28856507564320255,0.2645662746536953,0.18365438879406276
2024-08-04 07:00:00,65.05,64.01,65.03,-0.938485280596264,-0.017727310005675845,-0.039086702312670196,-0.0010554210735272047,0.09212290361618991,0.24808379558344706,0.18760923397477988
2024-08-04 11:00:00,65.23,63.19,63.51,-0.4060538702106015,-0.028269976710753153,-0.0275780800886245,-0.0011097377448138104,0.20363941611047842,0.22793077067177536,0.19916398035238397
2024-08-04 15:00:00,63.5,60.31,62.71,3.0868092455944725,-0.03246266969573275,-0.015453048643098377,-0.001199951275505719,0.09341270383617717,0.08015105811574941,0.2102138428521741
2024-08-04 19:00:00,63.99,62.27,63.25,0.03977417231937843,-0.0012666250708109894,-0.027627977441377793,-0.0012626451870555947,0.07828221116287648,0.15606987410923437,0.2152979152294307
2024-08-04 23:00:00,63.26,54.25,56.36,5.0,-0.11452119449683107,0.0027404307270844086,-0.0014589645043315662,-0.18095431147914864,0.0,0.27132868990435316
2024-08-05 03:00:00,56.38,49.8,52.11,5.0,-0.17297491244204777,-0.009768852575144482,-0.0017001099283135927,-0.23166826234208893,0.0,0.3401208119076616
2024-08-05 07:00:00,54.72,51.85,52.59,3.808238470393549,-0.1770381395675591,-0.017727310005675845,-0.0019241130100560576,-0.04326748104199529,0.0,0.3742353173069809
2024-08-05 11:00:00,56.29,50.22,56.01,5.0,-0.17696041174061383,-0.028269976710753153,-0.0021341119984385607,0.03725616646088881,0.0,0.37053770424838195
2024-08-05 15:00:00,57.91,55.07,55.12,1.7417051576824782,-0.08669925060208139,-0.03246266969573275,-0.002188732262277843,-0.07133050917958639,0.1641417967749259,0.39662603632076293
2024-08-05 19:00:00,57.0,54.78,56.79,0.5580679208494576,-0.11646143835221423,-0.0012666250708109894,-0.002376280284456165,-0.1098386431212075,0.12766377622450228,0.3982839262250744
2024-08-05 23:00:00,59.04,55.98,57.99,0.45070387321248806,0.007968082401967003,-0.11452119449683107,-0.0024580891858489336,0.07593856155199519,0.2051992899059369,0.399321010102849
2024-08-06 03:00:00,58.88,57.52,58.46,-0.016809487251650025,0.08509617843886197,-0.17297491244204777,-0.002558373189630721,0.17352709658892462,0.22947988377236064,0.40370234190732074
2024-08-06 07:00:00,58.74,56.91,57.31,0.24698712355007704,0.08514636841308176,-0.1770381395675591,-0.0027003408273169613,-0.011746058721724406,0.20753047059193533,0.4209726252902406
2024-08-06 11:00:00,59.07,56.38,58.49,0.6150843553139511,0.08887743320673724,-0.17696041174061383,-0.002817713011311769,0.04205217183263299,0.2045807991303048,0.41817210682214895
2024-08-06 15:00:00,59.32,57.95,58.78,0.19912892462102397,0.03559827580030439,-0.08669925060208139,-0.0028670486577951054,-0.06197171369350862,0.25192616376347254,0.42116989909453784
2024-08-06 19:00:00,59.2,58.11,58.55,-0.017523845400986327,0.04970253734265628,-0.11646143835221423,-0.0029606505086594457,0.006905771144543049,0.24841581326601447,0.42748824167815735
2024-08-06 23:00:00,59.25,57.34,58.71,0.2027785478996145,0.00894421204966922,0.007968082401967003,-0.0030629512496139384,-0.009840386315095095,0.22762269723103956,0.43029476230515934
2024-08-07 03:00:00,59.5,58.41,58.51,0.0732399260092429,0.012366609327584932,0.08509617843886197,-0.0030954610910191565,-0.11280275225266667,0.26078361213037926,0.4360589790658352
2024-08-07 07:00:00,59.03,58.23,58.44,0.19294502670451713,0.015863447960307697,0.08514636841308176,-0.0031756060177938255,-0.02290822803791026,0.24733759001385944,0.43996600769660626
2024-08-07 11:00:00,58.57,55.92,56.66,0.8803869558839775,-0.003268066312156037,0.08887743320673724,-0.0032937381973112997,-0.08969720798526082,0.19638968033541185,0.4600409858037219
2024-08-07 15:00:00,57.28,55.35,55.64,0.7587428453282447,-0.03697309204569266,0.03559827580030439,-0.0034071425955810647,1.3706459154327888e-06,0.15750587832469046,0.47520493147230725
2024-08-07 19:00:00,57.26,55.4,56.4,1.0414373460776303,-0.04089483231004687,0.04970253734265628,-0.003500961442318732,0.12518744454980713,0.14412391213196488,0.4738975773395323
2024-08-07 23:00:00,58.53,55.16,58.39,-0.04476833171690984,-0.023701423225632845,0.00894421204966922,-0.0035601032559031665,0.042031684607023,0.16767105311037356,0.45693554379544904
2024-08-08 03:00:00,58.59,57.75,58.4,-0.5716619738404475,-0.011288384802668694,0.012366609327584932,-0.003577984706392746,0.015106892179974407,0.2318558363298753,0.4546451784281769
2024-08-08 07:00:00,58.6,57.69,57.97,-0.33835872759163865,-0.008752629448801619,0.015863447960307697,-0.0036779914399323087,0.014733746534969283,0.2250256650771015,0.4508141128896514
2024-08-08 11:00:00,59.26,57.55,59.05,0.20915497063591765,0.018318493627339283,-0.003268066312156037,-0.003743723367893035,0.17425693127884,0.24215331338830373,0.43448280389329114
2024-08-08 15:00:00,60.72,58.82,59.93,0.2256323913734237,0.05752611974078925,-0.03697309204569266,-0.003753855222475201,0.26131601203556065,0.2989819654710784,0.42119190036905424
2024-08-08 19:00:00,62.0,59.67,61.68,-0.07884642652184139,0.07839665584332689,-0.04089483231004687,-0.0037590573544499578,0.07290309797603256,0.3358785695142529,0.4013486681257827
2024-08-08 23:00:00,61.92,60.53,60.83,-0.05659024633087744,0.07620475157172701,-0.023701423225632845,-0.003775982425114562,-0.05022711429367532,0.3558588162859839,0.39922632893403104
2024-08-09 03:00:00,61.13,59.8,60.54,-0.4831224988459688,0.037711886952666474,-0.011288384802668694,-0.003843999587951376,0.07952789022772455,0.3274059343710662,0.3927113508125108
2024-08-09 07:00:00,60.87,59.8,60.38,-0.38186060690754925,0.040774572173486234,-0.008752629448801619,-0.003858172597156308,-0.04871718389862534,0.32805714993870966,0.38498684077395673
2024-08-09 11:00:00,61.09,59.33,60.21,0.012635031358263892,0.028733936416646788,0.018318493627339283,-0.0038810585603685772,-0.12928983948610784,0.3152519866050501,0.37733329644340774
2024-08-09 15:00:00,60.53,59.53,60.12,-0.2946250301604716,0.0057299007768711885,0.05752611974078925,-0.0038889416840952565,-0.03530994623065953,0.3138843636506543,0.36972889319045504
2024-08-09 19:00:00,60.45,59.64,60.39,-0.33060676131917177,-0.010509621688464588,0.07839665584332689,-0.0038970442087072014,-0.06496720451718552,0.3081572435779197,0.360624810454684
2024-08-09 23:00:00,61.41,60.1,60.32,-0.3066650804393877,-0.006675681361104635,0.07620475157172701,-0.0038522724437623068,0.13620017482849756,0.33811692830624596,0.35172251212659117
2024-08-10 03:00:00,60.66,60.14,60.6,-0.649340218909053,-0.0008286800899147684,0.037711886952666474,-0.0038548408531025626,0.11871768173644748,0.32522713836861955,0.34025350687585665
2024-08-10 07:00:00,61.04,60.54,60.89,-0.5650081198029054,0.006007954076515665,0.040774572173486234,-0.0038126500497181757,-0.028569673034008813,0.3438573950185752,0.3293808611343126
2024-08-10 11:00:00,61.55,60.89,61.1,-0.4019465797772365,0.01671147493381464,0.028733936416646788,-0.003764244184442081,0.1632259001674532,0.3589872973513379,0.3182615952660316
2024-08-10 15:00:00,61.35,60.82,61.06,-0.41571878250459304,0.015880960504450092,0.0057299007768711885,-0.003730379311220132,0.0645419326347787,0.35542443034499066,0.3075908257270786
2024-08-10 19:00:00,61.3,60.72,61.17,-0.41000305905000795,0.016572084990435387,-0.010509621688464588,-0.0036940842996893695,-0.0017746877895440383,0.3514101846403677,0.29711613533609493
2024-08-10 23:00:00,61.82,61.04,61.72,-0.5007883359180385,0.011980969783138562,-0.006675681361104635,-0.0036307067315352356,0.06834739178629712,0.36974606037417523,0.2838280802242807
2024-08-11 03:00:00,62.18,61.47,61.71,-0.46470753195128717,0.023001577026548592,-0.0008286800899147684,-0.0035621491723884548,-0.09800604575584415,0.38565361025508044,0.27459927336616397
2024-08-11 07:00:00,62.42,61.56,61.61,-0.31746111530060134,0.017425768088003002,0.006007954076515665,-0.0035070717676315023,0.1485884589220383,0.389960541183439,0.2644416502190142
2024-08-11 11:00:00,61.63,60.14,60.3,-0.1315221637465198,-0.004429874886376917,0.01671147493381464,-0.003505869448999468,-0.1286096628002592,0.34720020678494656,0.2621592672906984
2024-08-11 15:00:00,61.5,59.84,61.32,-0.09560575383943862,-0.007636678892231186,0.015880960504450092,-0.003471460691428281,-0.05573336922511496,0.3351318266233641,0.2532547389454726
2024-08-11 19:00:00,61.36,58.81,59.56,0.0881687666598682,-0.01876644725959231,0.016572084990435387,-0.003469256003227984,-0.08344078254399923,0.3016182806017593,0.2489312225605067
2024-08-11 23:00:00,60.35,59.13,60.21,-0.32862605227976244,-0.02621307068563361,0.011980969783138562,-0.003429548488749052,-0.17505527411545108,0.2997158314348936,0.23709456759693454
2024-08-12 03:00:00,60.89,59.94,60.51,-0.42306848454678087,-0.020634871347448125,0.023001577026548592,-0.0033356973737902716,0.04750216063539381,0.33019771846319224,0.22743188065251102
2024-08-12 07:00:00,61.11,59.87,60.9,0.028461825396254362,-0.020262356416190563,0.017425768088003002,-0.003240482278801799,-0.08062241453926944,0.33541850883347446,0.2135045406401817
2024-08-12 11:00:00,61.92,59.43,61.55,1.1233166636309317,0.004674513439508532,-0.004429874886376917,-0.003092291975071831,0.038326177464786504,0.3595831370888823,0.20588285791159208
2024-08-12 15:00:00,62.06,60.51,60.73,0.43448748686745786,0.011844371661458908,-0.007636678892231186,-0.0029433874073969356,-0.15873431443410546,0.36636499015808854,0.2045111232266336
2024-08-12 19:00:00,61.48,60.4,61.04,-0.3709349277675907,0.019218703412612115,-0.01876644725959231,-0.002832404219756128,0.05186460955235317,0.3516531932935551,0.19963900099422174
2024-08-12 23:00:00,62.62,61.04,62.2,-0.23924395808070997,0.0351290646923299,-0.02621307068563361,-0.0026703303193649774,0.158768278208256,0.39110572579741687,0.19268171680840085
2024-08-13 03:00:00,62.31,61.51,61.88,-0.5251009965089363,0.023650726502890906,-0.020634871347448125,-0.002534975083276746,-0.12512606429508888,0.39244710136242467,0.18803526529427564
2024-08-13 07:00:00,62.18,61.12,61.66,-0.44872233728434296,0.0166201066989331,-0.020262356416190563,-0.0024107272457139684,0.11152452766032273,0.37924987111063796,0.18237955760417013
2024-08-13 11:00:00,62.54,61.5,62.08,-0.036969200319726565,0.012128145897321474,0.004674513439508532,-0.0022627521324859114,0.057730499330772345,0.39186115169382163,0.17468710017464592
2024-08-13 15:00:00,63.52,61.89,62.9,0.24749874303642547,0.026905264302277354,0.011844371661458908,-0.002087239953120284,0.13191400572954226,0.4381534988492826,0.17193412377195688
2024-08-13 19:00:00,63.48,62.69,63.19,-0.3751749406212597,0.03555181809668362,0.019218703412612115,-0.001934101326961135,0.1721949879839182,0.44598936792549315,0.16938731214794137
2024-08-13 23:00:00,63.96,63.0,63.83,-0.38361859776003937,0.02459537472936435,0.0351290646923299,-0.0017881434402325167,0.04383043920883023,0.45733950488371566,0.16576792117090727
2024-08-14 03:00:00,64.13,63.64,63.73,-0.4713885923988716,0.03111242568827377,0.023650726502890906,-0.0016313107600298567,0.08781381182821835,0.4762726174338125,0.16377068595978148
2024-08-14 07:00:00,63.88,63.28,63.46,-0.4658610422080908,0.03199775489650558,0.0166201066989331,-0.0014830604406401646,-0.07317178440828298,0.46503842822433183,0.16163171825831316
2024-08-14 11:00:00,64.08,62.57,63.63,0.09426879734075849,0.025625419675739725,0.012128145897321474,-0.0013319452714129244,-0.07466601450844368,0.4608881343822253,0.1613847905314644
2024-08-14 15:00:00,64.67,63.45,64.02,0.49576821427645495,0.016850377881872713,0.026905264302277354,-0.0011688601695385716,0.08684370285801513,0.4843232670115526,0.16227854008593226
2024-08-14 19:00:00,64.69,63.67,64.37,-0.20895025492107924,0.01781503685972119,0.03555181809668362,-0.0010077688541665175,-0.221385054603779,0.4949418826847379,0.16316609505493532
2024-08-14 23:00:00,64.76,63.81,64.38,-0.3258222794482927,0.013828864729868773,0.02459537472936435,-0.0008573716131024423,-0.21534267114130834,0.49549569561053153,0.16442921512261519
2024-08-15 03:00:00,64.95,63.59,63.78,-0.2652192473811706,0.008202322074248425,0.03111242568827377,-0.0007017221628217223,-0.1352773482143197,0.49905951512253716,0.1553875339581941
2024-08-15 07:00:00,65.0,63.65,64.79,-0.017581348722536347,0.012386466286419484,0.03199775489650558,-0.0005511548069694075,0.0836097812375931,0.499310158680589,0.1442632897898186
2024-08-15 11:00:00,66.16,64.79,65.7,0.7653573063838323,0.030344717433851365,0.025625419675739725,-0.0003917170194360766,-0.037493497124926556,0.5447220549982571,0.14372009881731426
2024-08-15 15:00:00,66.89,64.69,65.09,1.0646796965734906,0.026945195083289075,0.016850377881872713,-0.0002282398448668833,-0.16856579347236134,0.5593967276197329,0.14252811046930225
2024-08-15 19:00:00,65.5,63.74,64.77,1.1055845917525196,0.004102651062009244,0.01781503685972119,-9.415586510969583e-05,0.0728211416780451,0.5064160644529982,0.1430641107562162
2024-08-15 23:00:00,65.88,64.78,65.63,-0.18403122553833245,0.016874272758651276,0.013828864729868773,3.552032904472612e-05,0.09968826772255013,0.54269854322495,0.14406673386380758
2024-08-16 03:00:00,66.77,65.11,66.63,-0.0645463742726834,0.024393392286678584,0.008202322074248425,0.0001867172271076556,0.03294735654533909,0.5673827274751282,0.14693730026188
2024-08-16 07:00:00,66.7,65.25,65.38,0.08032693351264115,0.02033498024691638,0.012386466286419484,0.00033871547667674746,-0.2269432182907022,0.5562713015295965,0.15016000309717642
2024-08-16 11:00:00,66.52,64.28,65.85,0.6227685946928871,0.001122249737242953,0.030344717433851365,0.0004896426672130777,0.07465014311988472,0.5479165980144196,0.15159117361099722
2024-08-16 15:00:00,66.7,65.06,66.43,0.06636517535640014,0.0033937814392364096,0.026945195083289075,0.0006280727500031253,0.23787671258423804,0.5691071079599059,0.15375429853853492
2024-08-16 19:00:00,66.79,66.04,66.37,-0.3072748441824298,0.028453061544990055,0.004102651062009244,0.000735136634643147,-0.14615305512437604,0.5863192808228931,0.1565405495302976
2024-08-16 23:00:00,66.59,66.05,66.06,-0.5769186065878628,0.015018391566638423,0.016874272758651276,0.0008500631873247094,-0.1199126262069875,0.5854187963501609,0.15915762549734616
2024-08-17 03:00:00,66.49,65.88,66.19,-0.6209529232901922,0.003062890289265763,0.024393392286678584,0.000958157991254292,0.22642987228767386,0.5761708132420746,0.16031021112421232
2024-08-17 07:00:00,67.0,66.08,66.79,-0.4030787436890482,0.014042333244537852,0.02033498024691638,0.0010668658208473302,0.21159216743279252,0.5964057214663517,0.16084912592007705
2024-08-17 11:00:00,67.87,66.77,67.46,-0.14016973388243664,0.029265788315591346,0.001122249737242953,0.0011773362065346812,0.0940003424308602,0.6313166974912281,0.15888207357290585
2024-08-17 15:00:00,67.69,66.9,67.69,-0.384311833216916,0.019715925149157654,0.0033937814392364096,0.0013178912479117693,-0.2689472449142163,0.6257103017443936,0.15526414084549733
2024-08-17 19:00:00,67.75,67.32,67.71,-0.5348499234220425,0.017696769430226578,0.028453061544990055,0.0014227989935740569,0.11449332291243497,0.6374302040855687,0.15312929332639078
2024-08-17 23:00:00,67.93,67.39,67.8,-0.48662200372919767,0.018600963521631986,0.015018391566638423,0.001523529474717343,0.05161481781746491,0.639124417829243,0.1543205761537122
2024-08-18 03:00:00,67.86,67.24,67.29,-0.5112555834184688,0.02003075790434461,0.003062890289265763,0.001643537517073672,-0.2958942426269471,0.6338193636387416,0.15543339676747256
2024-08-18 07:00:00,67.71,67.11,67.61,-0.3421106358751893,0.011193830547581607,0.014042333244537852,0.0017648168804759562,0.015089029649160368,0.6288480882049176,0.15385995542910735
2024-08-18 11:00:00,68.16,66.54,66.66,-0.08818801229798873,-0.002038173134225274,0.029265788315591346,0.001880173990999353,-0.09740870488058817,0.6253384353853194,0.15514305470171735
2024-08-18 15:00:00,67.25,66.5,66.76,-0.2084312319860879,-0.006049133737360046,0.019715925149157654,0.0019995391155444805,0.19464087129050722,0.6080012150545815,0.15508472066192483
2024-08-18 19:00:00,66.83,66.09,66.32,-0.2277702336504365,-0.01608732867144258,0.017696769430226578,0.002085995485491678,0.06611556656419149,0.5901453488048038,0.15725359081900864
2024-08-18 23:00:00,66.8,66.06,66.56,-0.31882076384831504,-0.018122877334219134,0.018600963521631986,0.002171471740253974,0.026469787229470576,0.585825850035989,0.15720709851085235
2024-08-19 03:00:00,66.62,66.0,66.29,-0.5550292131673376,-0.01802189048015268,0.02003075790434461,0.0021770398413044315,0.29889037155718157,0.580913400750535,0.1575261716710443
2024-08-19 07:00:00,67.42,66.27,66.59,-0.30426849661140337,-0.008471362195592191,0.011193830547581607,0.0021116390212238202,-0.15066407136872406,0.6040212472031264,0.15639836054357706
2024-08-19 11:00:00,67.38,65.59,66.57,0.20735420117746162,-0.009654187067113185,-0.002038173134225274,0.002065312488495681,-0.2473584850043018,0.5970789975359622,0.15551673760775475
2024-08-19 15:00:00,66.89,66.22,66.89,5.206073044999498e-05,-0.005708767767227063,-0.006049133737360046,0.0020085572655801154,-0.13120228863766858,0.591389660741445,0.15379779930709686
2024-08-19 19:00:00,67.19,66.16,66.24,-0.17855388343090495,0.003925149772831871,-0.01608732867144258,0.001983803044175338,-0.03991413491255369,0.6014967877078251,0.15375868217428104
2024-08-19 23:00:00,67.3,66.08,66.76,-0.3643201720831336,0.005011051301569092,-0.018122877334219134,0.00195598301157686,0.15481209305835897,0.6002960448584803,0.15116985501506577
2024-08-20 03:00:00,67.29,66.51,66.93,-0.54855224768752,0.010249962090099096,-0.01802189048015268,0.0019398855943828426,-0.02033127684462155,0.6104614179033482,0.14971321169922047
2024-08-20 07:00:00,67.18,66.14,66.2,-0.32628332093759216,-0.004600760072365095,-0.008471362195592191,0.0019512489116523056,0.15368687774452416,0.5906521198554503,0.14975440862245423
2024-08-20 11:00:00,66.3,65.02,65.04,0.21153730189064154,-0.01468853056584829,-0.009654187067113185,0.0019588584169872737,0.22383349474243275,0.5544982746892075,0.15027301621134326
2024-08-20 15:00:00,65.04,63.15,64.15,1.5024959009358045,-0.03795071534949779,-0.005708767767227063,0.001978018166448044,0.1083008861618775,0.48158988059182145,0.14991487317783814
2024-08-20 19:00:00,64.92,64.09,64.69,-0.32557593018609143,-0.033189793939159995,0.003925149772831871,0.0019197095027032602,0.11596424826186458,0.5051359485806266,0.1462762360875663
2024-08-20 23:00:00,64.82,63.78,64.37,-0.546606866062333,-0.03670869410632793,0.005011051301569092,0.0018899671484125182,-0.038677964944344834,0.49376276405578473,0.14524706784052918
2024-08-21 03:00:00,64.66,63.83,63.87,-0.36122078488094034,-0.04123469662599066,0.010249962090099096,0.0018429699263276548,-0.13669284850927121,0.49037393833032555,0.1446326715272713
2024-08-21 07:00:00,64.01,62.37,62.55,0.38146209223161903,-0.051092749628597445,-0.004600760072365095,0.0018321212909224375,0.14643654772561487,0.4428672223031158,0.1465730579552353
2024-08-21 11:00:00,63.56,62.17,63.14,0.17919019152889235,-0.04198120000169547,-0.01468853056584829,0.0017742719859391075,0.1594612276954661,0.4345861591704862,0.14128948014574155
2024-08-21 15:00:00,63.39,62.06,63.38,0.5064135923311867,-0.01821080734533531,-0.03795071534949779,0.0016931453383462723,-0.02405632535399249,0.43090154569533917,0.13845029682110888
2024-08-21 19:00:00,64.77,63.34,64.54,0.2164194393832071,-0.006584208097227262,-0.033189793939159995,0.0015626031910573439,-0.0779452092760271,0.48665429642681785,0.12943422747083483
2024-08-21 23:00:00,64.63,62.48,62.91,-0.07072951519199801,-0.01022119695520729,-0.03670869410632793,0.0014880551028075518,-0.15947712033086503,0.46518845324664604,0.12821491967716356
2024-08-22 03:00:00,63.66,62.79,63.4,-0.5732637345053676,-0.014140546946227017,-0.04123469662599066,0.0014069525348976097,0.37976642427199336,0.4508906383798512,0.12273523085017878
2024-08-22 07:00:00,63.74,63.13,63.7,-0.3665011618023798,0.005513554313856472,-0.051092749628597445,0.001328203307966671,-0.033146409481670025,0.4580002630526257,0.11813935491495546
2024-08-22 11:00:00,63.71,62.92,63.32,-0.17577399110844524,0.006896078965570096,-0.04198120000169547,0.0012535702221707066,-0.08134316115064799,0.4534567055135062,0.11632054118920467
2024-08-22 15:00:00,63.84,62.78,63.68,0.05688348339942742,0.008245348351858528,-0.01821080734533531,0.0011790083875172417,0.15815896018295672,0.45343387453454914,0.11086953594690588
2024-08-22 19:00:00,64.14,63.48,63.85,-0.18413055626150504,-0.005023345158588377,-0.006584208097227262,0.001112866075122062,-0.12754063808189275,0.4726467741119858,0.10615852239030274
2024-08-22 23:00:00,64.04,63.59,63.9,-0.4877399194656251,0.0027673338458551466,-0.01022119695520729,0.0010709479890440735,0.3442164386527127,0.47284571884082316,0.10393284507997808
2024-08-23 03:00:00,64.4,63.67,64.3,-0.4282703434169428,0.01172035719079445,-0.014140546946227017,0.0010305404413026124,-0.19133377568647336,0.4831535150316451,0.10018613860593951
2024-08-23 07:00:00,64.47,63.97,64.07,-0.3417854761798049,0.011388031448000824,0.005513554313856472,0.0009853437508229282,-0.03279108359574878,0.4894293041895976,0.09691380526239701
2024-08-23 11:00:00,64.69,63.47,63.98,0.3712894610510729,0.011473999709970872,0.006896078965570096,0.0009448998218426244,0.07701804377249855,0.4850708717388236,0.09425618783042947
2024-08-23 15:00:00,65.76,63.86,65.53,0.6646533964147406,0.026511740153864594,0.008245348351858528,0.000883348576435051,0.026457795602033762,0.5264807314499077,0.09024819716322513
2024-08-23 19:00:00,66.88,65.36,66.13,0.2206306610330648,0.03621807850937997,-0.005023345158588377,0.0008325703433654379,0.2222518214129383,0.5731330149882683,0.08824455510045298
2024-08-23 23:00:00,66.39,65.43,66.24,-0.23559660584029105,0.03346217602462165,0.0027673338458551466,0.0008086436007197074,-0.2772579097878075,0.5656924276358979,0.08767954660505596
2024-08-24 03:00:00,66.33,65.8,66.3,-0.34624112152859604,0.03225050804068896,0.01172035719079445,0.0007855025069910092,0.0021764429812842767,0.5729706689785469,0.08704018678241154
2024-08-24 07:00:00,67.55,66.27,67.19,-0.2289970005651414,0.04141783290493484,0.011388031448000824,0.0007526789646952632,0.10234891673784441,0.6050372422317276,0.08575431716246204
2024-08-24 11:00:00,67.35,66.68,66.99,-0.42548328924468604,0.045902171748252396,0.011473999709970872,0.0007395555602801416,-0.13341257955818153,0.6129957036641726,0.08571474580691224
2024-08-24 15:00:00,67.99,66.7,67.79,-0.1749990991438437,0.03791892629039473,0.026511740153864594,0.0007282545697011002,0.0277158160014217,0.6337272619429375,0.0857748334149134
2024-08-24 19:00:00,67.88,65.96,66.3,-0.19899829437228503,0.010776749291721677,0.03621807850937997,0.0007327054502542174,-0.18714952316433686,0.6041157775415607,0.08742113238808481
2024-08-24 23:00:00,66.87,65.47,66.39,-0.4653529227140794,0.003276049280222626,0.03346217602462165,0.0007252897361313999,-0.0023698870073082245,0.5750865745239325,0.08703341693292724
2024-08-25 03:00:00,66.43,65.45,65.6,0.042256875474250666,-0.004119103385039291,0.03225050804068896,0.000709148129561753,-0.039670484788677296,0.5611290651675167,0.08687973555279949
2024-08-25 07:00:00,65.62,64.42,64.93,-0.23083532569760748,-0.027888614534645084,0.04141783290493484,0.0006977598575325708,-0.28402416721489565,0.5239687243075314,0.08769791529407114
2024-08-25 11:00:00,65.76,64.9,65.69,-0.4860329546305495,-0.025002874143793763,0.045902171748252396,0.0006622650212813537,0.23063466714906156,0.5401166673945624,0.08668278072801008
2024-08-25 15:00:00,65.91,64.75,65.17,-0.4258508734927811,-0.03280331809492809,0.03791892629039473,0.0006221942747509312,-0.04345876191924569,0.5374312222365006,0.08734550974635659
2024-08-25 19:00:00,65.48,64.87,65.23,-0.6879767954037509,-0.024835161877562184,0.010776749291721677,0.0005767828120338046,0.12275156364626527,0.5319461278067554,0.0870535347149661
2024-08-25 23:00:00,65.5,64.0,64.38,-0.4173694577054961,-0.02207419101539998,0.003276049280222626,0.0005206589876118252,0.13408679327386297,0.5115809543526962,0.088773692583266
2024-08-26 03:00:00,64.53,64.0,64.05,-0.41555164832748315,-0.023498466053272105,-0.004119103385039291,0.0004549038270624383,-0.07630031151058891,0.4938539036786774,0.08970889933299905
2024-08-26 07:00:00,64.85,64.0,64.34,-0.2219903242126197,-0.008669316844819308,-0.027888614534645084,0.0003875886365114594,0.2638971676081925,0.49947097426183085,0.08983737344212313
2024-08-26 11:00:00,64.62,63.52,64.37,0.16021434429097337,-0.018500376170072275,-0.025002874143793763,0.0003246743733133301,-0.19223478984312647,0.5222565220724553,0.09025762464942222
2024-08-26 15:00:00,64.58,62.97,64.0,-0.07515875418577173,-0.022927302704814467,-0.03280331809492809,0.00026421238056019197,-0.04436592606403644,0.5137754655784842,0.09129531223970104
2024-08-26 19:00:00,64.15,63.1,63.54,-0.403004513035539,-0.023640336955639052,-0.024835161877562184,0.0001990644726435076,0.04068188762505898,0.5110806440233423,0.09300061797419812
2024-08-26 23:00:00,63.65,62.88,63.17,-0.5278241329579836,-0.022302181818597777,-0.02207419101539998,0.00012635497142284114,-0.2314138209290708,0.49575283779496737,0.09521101079746219
2024-08-27 03:00:00,63.78,62.99,63.08,-0.5052483796215415,-0.014823722442799836,-0.023498466053272105,5.898710164539864e-05,0.18508510325520433,0.49970232416639065,0.09695697213991862
2024-08-27 07:00:00,63.44,62.37,62.64,-0.34213175632972354,-0.022676579396982977,-0.008669316844819308,-7.173943963291592e-06,-0.0538568493529934,0.48987626954588487,0.09935585492382387
2024-08-27 11:00:00,63.12,62.1,62.78,-0.19218747537359512,-0.02166474560801912,-0.018500376170072275,-8.360512057508851e-05,0.19513817868028505,0.4932749839468649,0.09949526990838164
2024-08-27 15:00:00,63.7,62.6,63.69,-0.2996877080282631,-0.008456220797926961,-0.022927302704814467,-0.0001579187794490768,-0.1401110120013218,0.5414147463632047,0.09661497451729023
2024-08-27 19:00:00,63.97,59.0,60.44,1.402971110365755,-0.03749041330732328,-0.023640336955639052,-0.00021899889433312688,-0.1331488329956354,0.43569638080024325,0.10692994341922997
2024-08-27 23:00:00,60.76,59.76,60.5,-0.18417899422759873,-0.04766950108522672,-0.022302181818597777,-0.00030507349355071657,0.25454097780333473,0.3832117374309527,0.1107694031087038
2024-08-28 03:00:00,61.05,60.41,60.82,-0.5051735482899331,-0.04013662231255488,-0.014823722442799836,-0.0003934575260308048,-0.03752904909870991,0.41383735114369635,0.11346923887906557
2024-08-28 07:00:00,61.79,59.73,61.54,0.19989550376624776,-0.031972675925163174,-0.022676579396982977,-0.0004685583583927458,-0.008232495539039708,0.42433054931084085,0.11271932106143154
2024-08-28 11:00:00,62.0,60.53,60.94,0.1446722073246482,-0.02104799514604072,-0.02166474560801912,-0.0005408382702442599,-0.06082627488338899,0.45801617277197837,0.11682140777446068
2024-08-28 15:00:00,61.48,59.4,61.48,0.15708640201747348,-0.043211349638827556,-0.008456220797926961,-0.0006198135100648319,0.19807239434274937,0.42521722344993507,0.11714350185838601
2024-08-28 19:00:00,62.38,61.18,62.02,-0.21997834965051843,0.009101504949407868,-0.03749041330732328,-0.0006805970586290359,0.02943621575102906,0.4966644568025117,0.11686435756763895
2024-08-28 23:00:00,62.19,61.52,62.08,-0.6450565244396441,0.02723523261372507,-0.04766950108522672,-0.0007312894738617144,-0.005247792897787318,0.5152635936149604,0.11691734722008242
2024-08-29 03:00:00,62.32,61.84,62.19,-0.677406935539805,0.02113928295421541,-0.04013662231255488,-0.0007782530759791407,0.015448565275993476,0.5267786492882515,0.11688284415115549
2024-08-29 07:00:00,62.73,62.13,62.57,-0.15751989086194365,0.023334105395809157,-0.031972675925163174,-0.0008191372897176172,-0.044571844775573854,0.5519692812866601,0.11536078671284553
2024-08-29 11:00:00,63.37,62.14,62.93,-0.01289958515077493,0.02239301085320644,-0.02104799514604072,-0.0008528494926501164,0.009221442148690251,0.610682191217775,0.11345210318699689
2024-08-29 15:00:00,63.96,61.72,61.81,1.3220566664736098,0.04349904531266624,-0.043211349638827556,-0.0008666828669839379,-0.14262879553017893,0.6320156588384395,0.11474309345664316
2024-08-29 19:00:00,63.43,61.09,61.95,2.4691361521483493,0.009613783909526052,0.009101504949407868,-0.0008858444538237624,0.16115836300761877,0.584813933062924,0.11430557825266878
2024-08-29 23:00:00,62.6,61.51,62.43,-0.04936777576388415,0.0016378264771788054,0.02723523261372507,-0.0009267233625909978,-0.13412224778811654,0.5827631511684935,0.11171632533797253
2024-08-30 03:00:00,62.58,61.91,62.57,-0.6494832963080562,0.0019875836524823054,0.02113928295421541,-0.000951593770249929,-0.05049795683079594,0.5970603548286112,0.10909337857005567
2024-08-30 07:00:00,64.04,62.52,63.43,0.3349423080758828,0.01779028925709758,0.023334105395809157,-0.000948383119768432,0.03821985524254767,0.6969180040342028,0.10588110961709946
2024-08-30 11:00:00,63.94,62.01,62.08,0.08288552424145322,0.007287171471562548,0.02239301085320644,-0.0009528073424223909,-0.08239353463736776,0.7031439063304524,0.10859931881056507
2024-08-30 15:00:00,63.92,61.55,63.77,0.3782694548998583,-0.011425285920974249,0.04349904531266624,-0.0009715788441922479,0.15844519286492997,0.6463828642782657,0.10567056773350421
2024-08-30 19:00:00,65.42,63.36,65.06,0.45897001686070027,0.03277374679633982,0.009613783909526052,-0.000950889626880394,0.020213957178207176,0.7826631277704142,0.10383286624125483
2024-08-30 23:00:00,66.07,64.84,65.77,-0.22848000342720537,0.05741106352089265,0.0016378264771788054,-0.0009122444349227397,0.18428057999904568,0.8577416824835115,0.10382267231940269
2024-08-31 03:00:00,66.45,65.16,66.07,0.17687688923032294,0.05677653422920126,0.0019875836524823054,-0.0008725213256259363,0.19351453288155906,0.8710268249532671,0.10489596404206952
2024-08-31 07:00:00,66.21,65.13,65.95,-0.33190297002450375,0.034715761498101294,0.01779028925709758,-0.0008362241233488883,0.048188327675289244,0.8673270066015626,0.10591102288516066
2024-08-31 11:00:00,66.04,64.89,64.96,0.07857099069295932,0.03418709942563036,0.007287171471562548,-0.000796699271931296,0.03409307952699825,0.8503084819705605,0.10770626507094448
2024-08-31 15:00:00,65.64,64.89,64.95,-0.46510590239152416,0.04533747322958148,-0.011425285920974249,-0.0007482367338194535,0.005074909297732466,0.8389728459184752,0.10796001752131973
2024-08-31 19:00:00,65.42,64.86,65.09,-0.7177060085370391,0.009988589306065387,0.03277374679633982,-0.0007029403130809522,0.08539207529254611,0.8264551085639923,0.10801687986230314
2024-08-31 23:00:00,65.14,64.02,64.44,-0.5294222118462971,-0.015244216377717001,0.05741106352089265,-0.0006591619688499117,-0.1441202142997069,0.7897634637723232,0.10885743698672462
2024-09-01 03:00:00,64.68,63.81,64.46,-0.5670549687522687,-0.020833639163278517,0.05677653422920126,-0.0006168981620162612,-0.1490959014711556,0.7778470309874813,0.10879939555318953
2024-09-01 07:00:00,64.59,63.85,63.97,-0.4916812249467615,-0.022106198349569284,0.034715761498101294,-0.0005770129828806092,0.008182782860919335,0.7685373985721066,0.1096092364467212
2024-09-01 11:00:00,64.48,63.72,64.22,-0.21179004836153695,-0.019679626354052515,0.03418709942563036,-0.0005388647107977697,-0.021908264036415548,0.7626978139231687,0.1090637747790085
2024-09-01 15:00:00,64.99,64.1,64.62,-0.32929793105113037,-0.01047006551750429,0.04533747322958148,-0.0004977554840135489,-0.11681128770917093,0.792480410316112,0.10847067764909546
2024-09-01 19:00:00,65.13,62.84,63.05,-0.2919954645562316,-0.012715290051960149,0.009988589306065387,-0.00046126550983270864,-0.1756179498858491,0.7701518965593471,0.1114440537930918
2024-09-01 23:00:00,64.13,62.96,63.44,-0.45539773889220997,-0.014452152710734523,-0.015244216377717001,-0.00043565941906055326,0.20286191302051182,0.726299709782415,0.11084985986454737
2024-09-02 03:00:00,63.74,62.96,63.33,-0.6455361798230915,-0.01477933715380697,-0.020833639163278517,-0.00041578731068203455,0.09305780205330128,0.7131226285730062,0.11114163316730685
2024-09-02 07:00:00,63.97,62.6,63.9,0.07837560371552477,-0.01446699324003542,-0.022106198349569284,-0.0003985121101108951,-0.025045264925821376,0.7053155526914276,0.11014905869747678
2024-09-02 11:00:00,64.57,63.54,64.44,0.3777932473545925,0.000308640082778755,-0.019679626354052515,-0.0003688319526066377,0.06632195553954712,0.7051488957106044,0.1092903612309841
2024-09-02 15:00:00,65.01,64.29,64.63,0.19178264563222205,0.0010543987194651105,-0.01047006551750429,-0.0003317244205300317,0.09075864641991216,0.7464717068877683,0.10837349318519739
2024-09-02 19:00:00,65.74,64.53,65.42,-0.38263760407320224,0.014549868953114942,-0.012715290051960149,-0.00028961754616053074,0.10018695957687607,0.7853569411529238,0.10629893280953455
2024-09-02 23:00:00,66.29,65.18,66.02,-0.08558326259871624,0.03402217292309473,-0.014452152710734523,-0.00023752416194204045,0.1403977524586646,0.8367227808027615,0.1050493510470974
2024-09-03 03:00:00,66.38,65.44,65.65,-0.535935778190035,0.04067290002164081,-0.01477933715380697,-0.00017980494188716208,0.015277998098561563,0.8561808505612468,0.10485212418596157
2024-09-03 07:00:00,66.31,65.65,65.91,-0.4825456270218581,0.04343180932525481,-0.01446699324003542,-0.000116620215295373,-0.027484414074567476,0.8610325165466751,0.10241265467573588
2024-09-03 11:00:00,66.0,64.68,64.78,0.11652427284974128,0.017999536828655627,0.000308640082778755,-5.917384866539636e-05,-0.04378849044780275,0.7968015783292955,0.10144020468881339
2024-09-03 15:00:00,65.1,64.41,64.92,-0.4487177226295981,0.0025166938759897395,0.0010543987194651105,-2.0798913872892044e-05,-0.029878545481689223,0.7523343966083064,0.09655548863496996
2024-09-03 19:00:00,65.89,64.81,65.03,-0.3245631315712104,0.0009598416342411209,0.014549868953114942,-1.060100537213022e-05,0.04809033279434072,0.7908536414951332,0.09482216579326272
2024-09-03 23:00:00,65.05,62.02,64.54,1.0839475859825594,-0.028741003743941174,0.03402217292309473,1.2253115130380487e-05,-0.22307650253060773,0.67065610981219,0.09341428614890133
2024-09-04 03:00:00,65.96,64.53,64.76,0.9647837832286108,-0.01085958206686044,0.04067290002164081,1.3300071912242394e-05,-0.294343756160376,0.7932224438411318,0.09227268201703667
2024-09-04 07:00:00,66.22,64.7,65.28,0.14124148859453275,-0.005452417518648667,0.04343180932525481,3.1469813538414464e-05,0.02345760157328791,0.8293956828722722,0.09186206466612272
2024-09-04 11:00:00,65.74,64.08,65.26,0.4131990206577587,-0.004642823832846865,0.017999536828655627,4.076764592393141e-05,0.08657800179127428,0.770160503342918,0.09138039113462386
2024-09-04 15:00:00,66.22,65.22,65.26,0.02624978277453334,0.014486004085080939,0.0025166938759897395,3.72802316290661e-05,0.01666739671886175,0.8348126580397621,0.09147122355749197
2024-09-04 19:00:00,65.81,65.23,65.47,-0.7710525415110043,0.004095740654050495,0.0009598416342411209,4.205225899971323e-05,-0.09848046937691646,0.805057736531713,0.09144079066199297
2024-09-04 23:00:00,67.0,65.22,65.94,0.9969992836383131,0.0367159994289723,-0.028741003743941174,5.9003803667235934e-05,0.36861993046407826,0.8526174547342245,0.09225221425681404
2024-09-05 03:00:00,66.79,64.64,66.71,0.8508707997617634,0.004316732719088945,-0.01085958206686044,7.937624873717006e-05,0.483628303786535,0.7824153864652105,0.09392152637121019
2024-09-05 07:00:00,68.55,65.82,66.24,2.8839917464455826,0.02601061847297026,-0.005452417518648667,8.31286420510427e-05,-0.040038903376368395,0.9744320437592698,0.09635078107789583
2024-09-05 11:00:00,66.38,64.9,65.16,0.27740110710023097,0.00983608636255573,-0.004642823832846865,0.00011639097269873467,0.003966314104491442,0.7472757763223964,0.09840299648631289
2024-09-05 15:00:00,65.89,64.43,65.63,1.8036551304853634,-0.007105205821272609,0.014486004085080939,0.00012324498249263854,0.09148524405601899,0.6992329137316987,0.09865535835583669
2024-09-05 19:00:00,66.33,64.79,66.1,3.761217927496282,0.000956382018964419,0.004095740654050495,0.00012338731965504557,-0.06336966135566902,0.7372446942440601,0.09938015069145342
2024-09-05 23:00:00,66.62,65.8,66.48,-0.43717641991195694,0.0005061937747563583,0.0367159994289723,0.00013172555962225272,-0.11569278669888339,0.8244796069384742,0.1005273683703808
2024-09-06 03:00:00,66.81,65.53,65.88,-0.09893638834122948,0.01020060728712835,0.004316732719088945,0.000149558125006123,-0.057903557071998235,0.8202135063164164,0.10220892564604755
2024-09-06 07:00:00,65.91,64.73,65.72,-0.11408262905527067,-0.030755034887164134,0.02601061847297026,0.00017157113635834925,0.11072335675653067,0.7045249778450545,0.10264036724444371
2024-09-06 11:00:00,66.03,64.03,64.42,0.9724094669439258,-0.008256661507131557,0.00983608636255573,0.00018171718300759532,-0.023213944840447254,0.6772770315305171,0.10417552096913534
2024-09-06 15:00:00,64.64,62.84,62.84,1.5120836542049787,-0.022081066956763595,-0.007105205821272609,0.00019059806204766087,-0.09597960592213439,0.5145430502960966,0.10726609149005732
2024-09-06 19:00:00,63.48,61.18,62.46,1.6146671569504436,-0.04788805599484969,0.000956382018964419,0.00019596094125985723,0.03158289227524036,0.334880400330349,0.10436155745227944
2024-09-06 23:00:00,63.77,62.41,63.54,-0.12413315422172169,-0.04710546355356193,0.0005061937747563583,0.00019120199614237388,0.03020880959558747,0.42458155830196115,0.0981921719590697
2024-09-07 03:00:00,64.16,63.42,63.73,-0.46314323833030596,-0.036825792605674756,0.01020060728712835,0.00019477784680154214,-0.040903546066506036,0.5077410009148525,0.09393805373368312
2024-09-07 07:00:00,63.98,63.47,63.54,-0.6853392038210102,-0.023946029829897908,-0.030755034887164134,0.00021209183101270613,-0.052361082440193885,0.5041095184268325,0.09171691930663257
2024-09-07 11:00:00,63.63,62.87,63.07,-0.1930242540427304,-0.028617583058559992,-0.008256661507131557,0.00024157460794416142,0.08899657855697107,0.4385429410668793,0.08871072595584482
2024-09-07 15:00:00,63.25,62.2,62.63,-0.14318844992014101,-0.01684502519507758,-0.022081066956763595,0.0002680641715722672,0.0463172233995619,0.3767594512473921,0.08728278864315009
2024-09-07 19:00:00,62.77,61.68,61.86,-0.43286406979281083,-0.003664635335095756,-0.04788805599484969,0.00029662419171786836,0.06949993119097386,0.3055639756028624,0.0886768435467778
2024-09-07 23:00:00,62.17,61.64,61.81,-0.4990973543808552,-0.019443553215044873,-0.04710546355356193,0.0003088898117246735,0.045927470123496406,0.26729251426335227,0.08926383116114744
2024-09-08 03:00:00,62.31,61.73,61.76,-0.32473411097387134,-0.028252667771479945,-0.036825792605674756,0.00030752984797054975,0.16275933428641443,0.27684095814375126,0.09013911038755122
2024-09-08 07:00:00,62.32,61.76,61.93,0.5077682969798095,-0.027388159440641102,-0.023946029829897908,0.0003043471498982653,0.035734063985796594,0.2803742861381855,0.09092934972452435
2024-09-08 11:00:00,62.17,60.77,60.97,-0.220305520109222,-0.02909303483340242,-0.028617583058559992,0.0002939438738832238,-0.15877700009443596,0.20278802789149286,0.09593241422603814
2024-09-08 15:00:00,61.21,60.22,60.94,-0.13899161048390368,-0.03155233721762285,-0.01684502519507758,0.0002812870874655767,-0.028557694367213893,0.1230250365161922,0.09788227080650014
2024-09-08 19:00:00,61.2,59.89,60.61,0.5806370454593691,-0.024154909636813104,-0.003664635335095756,0.0002577838335690551,-0.13579979029390532,0.11303717090165827,0.10136575855665375
2024-09-08 23:00:00,61.27,60.0,60.44,0.4481829930902181,-0.020421561623140128,-0.019443553215044873,0.0002327867206407938,-0.23597280163103262,0.05520662649297506,0.10563727473841157
2024-09-09 03:00:00,60.67,59.97,60.6,-0.5079212319272958,-0.025090352764751134,-0.028252667771479945,0.00020226144672852122,0.017622169046356495,0.02592913126251643,0.10890755961359792
2024-09-09 07:00:00,61.02,60.17,60.6,0.4213206705662783,-0.02195623880380526,-0.027388159440641102,0.00016284904876050102,0.012892569934732201,0.05586253483124087,0.112946303336155
2024-09-09 11:00:00,60.67,59.65,59.85,1.0465365429933298,-0.017646161818422934,-0.02909303483340242,0.00013106882571162036,0.16300672477512723,0.011540113092584802,0.11892326446678267
2024-09-09 15:00:00,61.17,59.7,60.99,2.3777127447976674,-0.0012299339431270928,-0.03155233721762285,9.061068682572973e-05,0.0645160085723695,0.06380496612822807,0.11960759415110449
2024-09-09 19:00:00,61.82,60.86,61.45,1.9246736615580151,0.010988182135794,-0.024154909636813104,5.208174720252985e-05,0.3009928764924472,0.15362424698956517,0.12037475242345645
2024-09-09 23:00:00,61.63,60.35,60.49,-0.3436157730417714,0.006006234765706164,-0.020421561623140128,2.2392990150990443e-05,0.1524385929659251,0.10448975540237707,0.12487381351426914
2024-09-10 03:00:00,60.88,60.43,60.79,-0.7030497487250142,0.004169737636925852,-0.025090352764751134,-1.7181850951854764e-05,-0.09005596802883697,0.06002111858684834,0.12558971774164146
2024-09-10 07:00:00,61.47,60.62,60.85,0.27644394594525146,0.005193012121245788,-0.02195623880380526,-5.9237450814836886e-05,-0.18246088992310316,0.09847631099214278,0.12657146423426088
2024-09-10 11:00:00,61.33,60.47,60.96,0.5526189608324913,0.01099021577887438,-0.017646161818422934,-0.00010188431302293902,0.018354632514010927,0.10123853872348106,0.12803489120187977
2024-09-10 15:00:00,61.72,60.63,61.39,0.2591738689911722,0.008564557626452363,-0.0012299339431270928,-0.00014589466836119225,-0.09203375733241448,0.13415361532772235,0.1280699046132444
2024-09-10 19:00:00,61.75,61.24,61.59,-0.46746927631329077,0.002732801588469558,0.010988182135794,-0.00017844311139092217,-0.1992195908156088,0.17631673739984977,0.1281144752062688
2024-09-10 23:00:00,61.77,60.54,61.33,-0.5786634773451651,0.0038935969494591216,0.006006234765706164,-0.00023611942165717008,-0.0470190052552375,0.1366298858059798,0.1297599881067047
2024-09-11 03:00:00,61.95,60.87,61.76,-0.027811949910239404,0.012303336831179568,0.004169737636925852,-0.0003102118603359248,0.045384823434147625,0.16103327244909985,0.12939445767040947
2024-09-11 07:00:00,62.0,61.08,61.19,0.17846073127374978,0.010367665688146177,0.005193012121245788,-0.00037404865798756074,0.05631889290134762,0.18399501868937118,0.13189791133339132
2024-09-11 11:00:00,61.49,60.13,60.66,1.6757785083101495,-0.0012207178778054217,0.01099021577887438,-0.00043942454403757064,-0.09633837075753193,0.09116595563159166,0.13487826834976646
2024-09-11 15:00:00,62.42,60.57,61.99,1.8109504103382708,0.005349768601635274,0.008564557626452363,-0.0004980872249646572,0.034830359008673595,0.17847257187662227,0.1320079975264346
2024-09-11 19:00:00,62.3,61.76,62.28,-0.5555379860369319,0.008276335479937558,0.002732801588469558,-0.0005606310174533968,0.07027170205030697,0.24522913615757308,0.13165054046142222
2024-09-11 23:00:00,62.36,61.81,62.05,-0.7136853924630853,0.01487600884633089,0.0038935969494591216,-0.0006020543745168044,0.021614218604582014,0.2599036773156176,0.13253094017053427
2024-09-12 03:00:00,62.53,62.01,62.13,-0.6164811379593478,0.013404031695896323,0.012303336831179568,-0.0006409737787784683,-0.04233917226526518,0.27243625858166415,0.13269351379901587
2024-09-12 07:00:00,62.23,61.66,61.67,-0.567327097268271,0.005703253885897208,0.010367665688146177,-0.0006801695108076777,0.1131057511759288,0.2315266028687141,0.13420591790851638
2024-09-12 11:00:00,62.46,61.52,61.76,1.319361346593761,0.017157972155033674,-0.0012207178778054217,-0.000716311731886817,0.010128946371982472,0.23256974160763733,0.1341302004837088
2024-09-12 15:00:00,62.92,61.6,62.75,0.5912332198801324,0.015822231050679925,0.005349768601635274,-0.000739301848680307,0.07078952005056616,0.31024951648798876,0.13147973594572318
2024-09-12 19:00:00,63.12,62.66,62.81,-0.5845954013662553,0.013729039251302089,0.008276335479937558,-0.0007516655359784541,-0.1172815914094999,0.36048923880319683,0.1299727021904278
2024-09-12 23:00:00,62.94,62.4,62.72,-0.6991368175487148,0.007259454603596005,0.01487600884633089,-0.0007772871625211206,-0.022556221385268138,0.3209558755439056,0.12784847770157212
2024-09-13 03:00:00,63.04,62.45,62.98,-1.141919328300098,0.0077485162755730475,0.013404031695896323,-0.0008075297231863676,0.011170984766746272,0.33769858684525605,0.12543555597087522
2024-09-13 07:00:00,63.62,62.8,63.48,-0.37420529973321426,0.02144748759681603,0.005703253885897208,-0.0008276303231228808,0.024534058743896026,0.4112919032092383,0.1221563290525329
2024-09-13 11:00:00,64.05,63.14,63.98,1.0367292207533392,0.027204699690849488,0.017157972155033674,-0.0008255413276523635,-0.008286647040766537,0.4606183478253038,0.12057057495685938
2024-09-13 15:00:00,65.01,63.97,64.75,1.3925505250321182,0.03363884193140643,0.015822231050679925,-0.0008134675687927235,-0.10270436941258465,0.5948466101652761,0.11896102876737795
2024-09-13 19:00:00,65.0,64.4,64.87,-0.14503101776221658,0.0285828317365171,0.013729039251302089,-0.000811565996832238,0.10984380887262901,0.6037466023389694,0.11856540092190675
2024-09-13 23:00:00,65.62,64.6,65.43,-0.6466351114499088,0.04016821543433857,0.007259454603596005,-0.0007785733792649666,-0.09987978404554321,0.6612239489116438,0.11852937323327473
2024-09-14 03:00:00,65.54,64.87,65.2,-0.74517696539766,0.03882239989481073,0.0077485162755730475,-0.0007303977872990088,-0.025887632970260865,0.6672161444629234,0.11942631568217887
2024-09-14 07:00:00,65.95,65.17,65.84,-0.44493178615989554,0.03730786677901987,0.02144748759681603,-0.0006746163162123282,0.04501214181855895,0.7306999854002297,0.11903453831989823
2024-09-14 11:00:00,66.33,65.48,66.21,1.1386194564945324,0.03458180642644115,0.027204699690849488,-0.0006166649031612382,0.031480278345089374,0.7583932970946015,0.11973535303748561
2024-09-14 15:00:00,66.76,65.92,66.48,1.6780617058230736,0.027927537341452924,0.03363884193140643,-0.0005564159119256462,0.06630237210618528,0.8390720422232371,0.12104607593295955
2024-09-14 19:00:00,66.58,65.57,65.98,-0.594829965776966,0.019621606316239326,0.0285828317365171,-0.0004999789110523614,-0.070469105925971,0.7755115620377062,0.12267107513489935
2024-09-14 23:00:00,66.31,65.85,65.95,-0.8998624417438632,0.01421758905235082,0.04016821543433857,-0.0004477737754655238,0.13600850170925516,0.7996994701514066,0.12274181459926098
2024-09-15 03:00:00,65.95,65.05,65.18,-0.8098764194104461,0.003854739106277316,0.03882239989481073,-0.0004063276468959083,-0.1772882426272152,0.7131804359929345,0.1218474159548586
2024-09-15 07:00:00,65.39,64.61,64.63,-0.7143718220681956,-0.011032418987203085,0.03730786677901987,-0.000374332403000498,-0.18789109220828448,0.6435292063254203,0.12076570999144673
2024-09-15 11:00:00,65.04,64.5,64.68,-0.7103589384223338,-0.017068366848733252,0.03458180642644115,-0.00034891283326102094,-0.06564585766664599,0.6166950610726863,0.12016289070983131
2024-09-15 15:00:00,64.77,63.85,64.0,-0.09061000460962786,-0.03296493953614166,0.027927537341452924,-0.00032864042066480664,-0.1795867535978476,0.5520132386127423,0.11975345940653705
2024-09-15 19:00:00,64.37,63.52,63.72,-0.2655697648888277,-0.02959264856866972,0.019621606316239326,-0.00030739153142739554,-0.047433568350348065,0.5201121746790753,0.11758965515244625
2024-09-15 23:00:00,63.73,62.4,62.49,-0.17793090451921045,-0.04534526126681093,0.01421758905235082,-0.0002967607161867307,-0.1317361896868544,0.387778175720428,0.11605061863805
2024-09-16 03:00:00,63.18,62.41,63.07,-0.6607385648631193,-0.03858342891020239,0.003854739106277316,-0.00030374716382689513,0.1787574587334595,0.3658332417618818,0.11213681024745323
2024-09-16 07:00:00,63.75,63.02,63.32,-0.6292809675813126,-0.023770445997203016,-0.011032418987203085,-0.00031222668824352654,0.014724829738819833,0.43119148375126265,0.10908265423124101
2024-09-16 11:00:00,63.52,62.45,62.77,-0.3156804452338865,-0.02606294839856338,-0.017068366848733252,-0.00031978715074331294,-0.06861075698505237,0.3845781455839441,0.10912169429753321
2024-09-16 15:00:00,63.19,62.21,62.33,-0.06396821019926598,-0.024561175120678902,-0.03296493953614166,-0.0003202604148688723,0.004049844752015419,0.334859794621787,0.10992679837987591
2024-09-16 19:00:00,62.67,62.1,62.27,-0.8458064061325528,-0.02594412451779282,-0.02959264856866972,-0.00031829435425627416,0.16063084053159526,0.2915592644576479,0.11007154713191232
2024-09-16 23:00:00,62.78,61.93,62.76,-0.9209838878942949,-0.009548961143236112,-0.04534526126681093,-0.00031039470358774755,0.13193905628050673,0.30492093738822423,0.10898006446313524
2024-09-17 03:00:00,63.46,62.76,63.08,-1.0703609369049525,0.004286430177415923,-0.03858342891020239,-0.000289408893624532,0.0582813551688004,0.40293293610366465,0.10812510591673187
2024-09-17 07:00:00,63.33,62.23,62.71,-0.508923430233184,-0.010596035688425931,-0.023770445997203016,-0.0002602875557897873,0.248621939638473,0.3387886716679884,0.10851504865886462
2024-09-17 11:00:00,63.48,62.4,63.15,0.13536139552363627,-0.002205496375509153,-0.02606294839856338,-0.00023287184231480542,0.23918985024459039,0.3654479027424306,0.10778228727954409
2024-09-17 15:00:00,64.03,63.14,63.36,0.4037814742941113,0.015180760472647936,-0.024561175120678902,-0.00021015956996419538,0.14139752061956767,0.46578134674040295,0.10758113087457137
2024-09-17 19:00:00,63.65,62.77,63.58,-0.9431827276129019,0.016226638834111906,-0.02594412451779282,-0.00018730977420481604,-0.008714921350875926,0.4307980337128316,0.10725712012030846
2024-09-17 23:00:00,64.27,63.31,64.25,-0.9612429973966545,0.020660220830192033,-0.009548961143236112,-0.00015970769967732777,0.030883124660207262,0.4824797773312765,0.10662106448843299
2024-09-18 03:00:00,64.35,63.54,63.86,-0.9862988085071063,0.012780746435131274,0.004286430177415923,-0.00014560871194456575,-0.08144707941344786,0.5140263700061914,0.10735332546350321
2024-09-18 07:00:00,64.13,63.27,63.7,-0.5964411307583475,0.016737258134762678,-0.010596035688425931,-0.00011064718223858909,-0.04078335975544145,0.48319949240147286,0.10766152772629843
2024-09-18 11:00:00,63.75,62.55,62.91,-0.5984604096164723,0.00361850242664441,-0.002205496375509153,-7.287293191588871e-05,-0.12876914770707126,0.3967651881437194,0.10794637388491295
2024-09-18 15:00:00,64.46,62.39,63.89,0.4792128792253731,-0.0016529585679789793,0.015180760472647936,-5.061311866763462e-05,0.1473528180847994,0.4513095330116011,0.10548252632789851
2024-09-18 19:00:00,64.47,63.58,64.16,-0.33188480752529875,0.01175021564537082,0.016226638834111906,-1.2869532555716479e-05,-0.0051437031296179825,0.5332612580136821,0.10387272214804265
2024-09-18 23:00:00,65.48,64.16,65.21,0.05237726199194642,0.018490042706958976,0.020660220830192033,2.9413526759823414e-05,0.0540294274344828,0.6446706620904744,0.10175247770052663
2024-09-19 03:00:00,65.36,64.69,64.93,-0.9188453525946293,0.015926636875736255,0.012780746435131274,9.176587310848232e-05,0.04874798158873195,0.6542340125834142,0.10140899949583962
2024-09-19 07:00:00,65.41,64.86,65.03,-0.2307949902074686,0.021855441189700064,0.016737258134762678,0.0001462639581964052,0.021660632926677525,0.6749266961830496,0.1003825988818941
2024-09-19 11:00:00,65.93,64.96,65.11,0.767098205629794,0.037284571156674495,0.00361850242664441,0.00022622460394554364,0.09051282829902219,0.720622012817379,0.09779697613007064
2024-09-19 15:00:00,66.06,65.08,65.82,-0.2629854855774372,0.03406366175614561,-0.0016529585679789793,0.00028806265362413605,-0.0908754127427781,0.7490472561634626,0.0971046707668714
2024-09-19 19:00:00,65.88,65.27,65.59,-0.6313561269309528,0.02339839324308901,0.01175021564537082,0.0003488135042193163,0.07440432259274665,0.7396953979848954,0.09786341194591482
2024-09-19 23:00:00,65.75,64.85,65.46,-0.365956130280041,0.0047527677005527735,0.018490042706958976,0.0004145770118041905,-0.011614386169421231,0.6871318269339485,0.09655657455402931
2024-09-20 03:00:00,66.45,65.42,66.44,-0.07299137115815668,0.016748066001787354,0.015926636875736255,0.0004761484755056619,0.009559205484103828,0.804021184118108,0.0954495559263284
2024-09-20 07:00:00,66.44,65.79,66.14,-0.47830496026370933,0.01562263168030098,0.021855441189700064,0.000553066378507835,-0.17976508460187368,0.8149717633734368,0.09545716164510824
2024-09-20 11:00:00,66.29,64.92,65.02,0.19712852884024465,0.0015360241230966132,0.037284571156674495,0.0006253975716591737,-0.1712739481658655,0.7344614954693537,0.09518632810723529
2024-09-20 15:00:00,65.19,64.33,64.73,-0.4201856248429993,-0.013939862923984636,0.03406366175614561,0.0006907755728850917,0.06315978169137071,0.6230537066263184,0.09401987102803842
2024-09-20 19:00:00,65.83,64.68,65.19,0.10638270579661314,-0.0055218360929263355,0.02339839324308901,0.0007154477796907239,0.17166805591674805,0.6898386751066421,0.09230097044932563
2024-09-20 23:00:00,65.58,64.86,65.16,-0.9718577611625867,0.0005589454411969452,0.0047527677005527735,0.0007325382734294589,-0.019300243784263427,0.6921491717129709,0.09064995302408217
2024-09-21 03:00:00,65.46,64.82,65.4,-1.2615103331063908,-0.012738887970331625,0.016748066001787354,0.0007587225943150925,0.02793292803481351,0.6881821761681107,0.08939092812161765
2024-09-21 07:00:00,65.99,65.38,65.55,-0.9634830748711264,-0.006164567847340652,0.01562263168030098,0.0007859262930972634,0.13682110332046182,0.7588477616807905,0.08719777815438075
2024-09-21 11:00:00,66.42,65.46,66.37,-0.9124544177711624,0.006210838393983398,0.0015360241230966132,0.0008219245662649528,0.24764157253253338,0.7905067212861588,0.08373527118315273
2024-09-21 15:00:00,67.0,66.03,66.86,0.17760005161929251,0.02906567282272876,-0.013939862923984636,0.0008477552989914735,-0.07228701666097559,0.8955662805915348,0.08398993031501846
2024-09-21 19:00:00,66.99,66.44,66.75,-1.12882195589108,0.02259378793207767,-0.0055218360929263355,0.0008821077927426874,-0.23022131155597958,0.9063424050564541,0.08495779719518913
2024-09-21 23:00:00,67.35,66.54,66.73,-0.6183403913801038,0.02578830640825358,0.0005589454411969452,0.0009069988558048796,0.030214057016846985,0.9378707206370704,0.08517253970503252
2024-09-22 03:00:00,67.55,66.72,66.98,-0.761976799338308,0.030055956735752343,-0.012738887970331625,0.0009290371437922785,0.10145069818816022,0.9726371037934798,0.08534411820614574
2024-09-22 07:00:00,67.56,66.8,67.02,-0.8296947490635118,0.02160801545499713,-0.006164567847340652,0.0009573592220726687,0.03225344028357524,0.9689325386323292,0.08471210253416347
2024-09-22 11:00:00,67.56,66.66,66.88,-0.3559111568272085,0.01838261092324922,0.006210838393983398,0.0009834389148368537,-0.05415047093101366,0.9720361588520451,0.08391418809746792
2024-09-22 15:00:00,67.91,66.53,67.77,-0.3137564712647513,0.00983052253625849,0.02906567282272876,0.0009991986872399288,0.10561914932097971,0.9871027019433811,0.08489888315784333
2024-09-22 19:00:00,68.3,66.46,68.26,0.11175804970771128,0.013579281342416927,0.02259378793207767,0.0010032890092921873,0.06907604604703432,0.9999999986471305,0.08716836957148677
2024-09-22 23:00:00,69.35,67.28,68.98,0.29111812051811703,0.023717309695339805,0.02578830640825358,0.0009999404366539517,0.0501917675063015,0.9999999987950318,0.09028219237310585
2024-09-23 03:00:00,69.33,67.88,68.04,-0.2098825249653655,0.018893900395768215,0.030055956735752343,0.001019230295567165,-0.26107152848829507,0.9916412916930086,0.09332906163321279
2024-09-23 07:00:00,68.18,67.04,67.06,-0.43306510434135903,0.0052077228435782885,0.02160801545499713,0.0010460595665445778,-0.2391779209648104,0.8776334198333017,0.09525932071574776
2024-09-23 11:00:00,67.67,66.73,67.56,-0.21084422278878795,-0.0004525490827229639,0.01838261092324922,0.0010528171347252324,-0.07722401175697935,0.8345035751458701,0.0960928515081142
2024-09-23 15:00:00,68.03,67.16,67.49,-0.523017133174132,0.005051952125919801,0.00983052253625849,0.0010358741081917839,-0.10754693814829241,0.8921197850709771,0.09785177114360111
2024-09-23 19:00:00,67.54,66.63,67.04,-0.7776508644842887,-0.008000980945452651,0.013579281342416927,0.0010437170716010768,0.09836894960908915,0.8254876506845561,0.09954116374529914
2024-09-23 23:00:00,67.23,66.24,66.62,-0.5747918542972132,-0.026422854666382722,0.023717309695339805,0.0010481767774928358,-0.11133109405514607,0.7818305786547078,0.1007642925596499
2024-09-24 03:00:00,66.68,66.16,66.47,-0.8128676420668479,-0.02967275250128376,0.018893900395768215,0.0010405091674214573,0.041343449987140124,0.7468859941327561,0.10146327771205944
2024-09-24 07:00:00,67.13,66.41,66.69,-0.20299705409279953,-0.010219626285231764,0.0052077228435782885,0.0010125722477171135,0.22045746161845425,0.7945020885262216,0.10165239103780853
2024-09-24 11:00:00,67.1,65.66,66.18,0.04675471312727489,-0.010133094238169549,-0.0004525490827229639,0.0010029048903234879,0.0011531657332071177,0.7525131757044412,0.10241855976344699
2024-09-24 15:00:00,66.57,65.75,66.26,-0.30723948396362055,-0.021879895099739533,0.005051952125919801,0.000986767910294328,0.010018581585718778,0.7138212864818239,0.10214534716543644
2024-09-24 19:00:00,67.0,66.15,66.92,-0.5449562403816643,-0.007955118549162421,-0.008000980945452651,0.0009574745311923705,-0.0387157630970838,0.7611917348692363,0.101810521707252
2024-09-24 23:00:00,67.21,66.42,67.07,-0.5859979311982751,0.0015704258953628258,-0.026422854666382722,0.000937614314629836,0.018894631205927492,0.7923207601133345,0.1024049141907199
2024-09-25 03:00:00,67.07,66.03,66.1,-1.0462290878316796,0.002544083403420938,-0.02967275250128376,0.0009230038457351406,0.009789933364488412,0.7648317331082151,0.10410249433663027
2024-09-25 07:00:00,66.49,65.91,66.32,-0.845230998695672,-0.008688993978037463,-0.010219626285231764,0.0009078290754638272,0.0979185725731504,0.7216842068593725,0.10392582319521443
2024-09-25 11:00:00,67.39,66.22,67.35,-0.5262115021285259,0.0032577711595205283,-0.010133094238169549,0.0008778949013150682,0.06734215586371883,0.7763073266711329,0.10337895731196614
2024-09-25 15:00:00,67.85,67.1,67.42,-0.33472223265470696,0.01987292373233629,-0.021879895099739533,0.0008396745413525737,-0.022253747266141377,0.8708951442249385,0.10389408850725375
2024-09-25 19:00:00,67.51,66.61,66.96,-0.6642929359598868,0.008168728964933036,-0.007955118549162421,0.0008323965477783345,-0.08830834587155967,0.824889596166391,0.10440248442395665
2024-09-25 23:00:00,66.96,65.63,66.42,-0.8484981055952585,-0.007778767649443741,0.0015704258953628258,0.0008299362626123546,-0.15805711318617421,0.729041355054929,0.10280301296198728
2024-09-26 03:00:00,67.36,66.23,67.28,-1.0786560775766156,0.003235356820272317,0.002544083403420938,0.0008013211110904654,0.22236899540144184,0.791062062274147,0.1004847222526824
2024-09-26 07:00:00,67.89,67.17,67.77,-0.22218595054387988,0.018802630201865345,-0.008688993978037463,0.000777513767037622,0.008399027767988176,0.873313348177513,0.09948321744823908
2024-09-26 11:00:00,67.97,67.22,67.28,0.03893205407442791,0.01360393736205312,0.0032577711595205283,0.0007636656957509761,-0.03809327519134864,0.886755990264565,0.09830519008410027
2024-09-26 15:00:00,68.5,67.22,68.36,-0.19125459161535677,0.009631558292140907,0.01987292373233629,0.0007451695271900907,0.1005146943227957,0.9500035877558572,0.09504897769876931
2024-09-26 19:00:00,68.42,67.54,68.41,-0.35894052252870223,0.013936893864206601,0.008168728964933036,0.0007454942694967969,-0.05989742067057657,0.9387185778327218,0.09280759512857217
2024-09-26 23:00:00,68.85,68.0,68.51,-0.5504357535949337,0.034863648286552085,-0.007778767649443741,0.0007402775914762414,0.23849763539233093,0.9999999987951095,0.09130970570002511
2024-09-27 03:00:00,69.71,68.41,69.17,0.20753393772804976,0.03626624076765239,0.003235356820272317,0.0007368318245261575,-0.04588515168623897,0.9999999988789731,0.09049219202678728
2024-09-27 07:00:00,69.91,68.8,69.56,0.2611933641997456,0.02635163236546867,0.018802630201865345,0.0007470060395202544,0.186884699924889,0.9999999988828582,0.08962680185555773
2024-09-27 11:00:00,70.57,69.55,70.17,1.1609299639748092,0.036588014784318945,0.01360393736205312,0.0007539745610880664,0.08096433619908616,0.9999999989750579,0.09025372899884448
2024-09-27 15:00:00,70.72,69.92,70.14,-0.0942269236036609,0.03116197446328095,0.009631558292140907,0.0007800485033520496,-0.13829629857292214,0.9999999989925011,0.09152838767989825
2024-09-27 19:00:00,70.97,70.09,70.89,-0.7598619650813384,0.0378396474673699,0.013936893864206601,0.0008160868465051247,0.12355638559391413,0.9999999990276351,0.09342553934280724
2024-09-27 23:00:00,71.47,70.86,71.39,-0.2031011519860985,0.03684359754530653,0.034863648286552085,0.0008529857831065796,0.05229779822037828,0.9999999990764101,0.09729988442030883
2024-09-28 03:00:00,71.52,69.77,70.17,0.7586453894410218,0.019693279492503546,0.03626624076765239,0.000912963392772924,0.014838422727821543,0.9497974765694841,0.09974613595711807
2024-09-28 07:00:00,70.64,69.28,70.03,-0.11842400102271763,0.009959633495955078,0.02635163236546867,0.0009675200001863515,-0.25398698728043645,0.890454185757421,0.09980681804583623
2024-09-28 11:00:00,70.04,69.01,70.02,-0.4017708377000599,-0.007160099388277441,0.036588014784318945,0.0010157777520069147,-0.1226825445947517,0.8547793077740357,0.09762377548670871
2024-09-28 15:00:00,70.05,69.37,69.7,-0.049651906303596505,-0.007225862652670556,0.03116197446328095,0.0010528009754371113,-0.028420507675767648,0.8698424616928001,0.09697703583579037
2024-09-28 19:00:00,69.98,69.12,69.79,-1.3651682482563867,-0.012447011064541824,0.0378396474673699,0.0011006364966629264,-0.10702451064395768,0.8686845334374401,0.09605710948992179
2024-09-28 23:00:00,70.18,69.37,69.63,-1.3461205874143414,-0.019437749278599203,0.03684359754530653,0.0011407353837988318,-0.008276574018116323,0.8722913140779368,0.09657695415728924
2024-09-29 03:00:00,69.66,68.77,68.96,-1.191385580595448,-0.020241054432132533,0.019693279492503546,0.001191907493518041,-0.05934758989680344,0.8178271182672294,0.0964995456062069
2024-09-29 07:00:00,69.22,68.49,68.83,-0.8899036514276034,-0.015277368314875472,0.009959633495955078,0.0012222468615619231,0.15791811702432712,0.7917533473835809,0.09552977414314984
2024-09-29 11:00:00,69.6,68.63,69.55,-0.608668589346925,-0.006697324992399278,-0.007160099388277441,0.0012329547520855647,0.20796618184214744,0.811749552012951,0.09407187989642928
2024-09-29 15:00:00,70.05,69.37,69.83,-0.5062115657500316,0.0002476306888665736,-0.007225862652670556,0.001234979811633289,0.19493133196045243,0.8714371983614662,0.09428055544589854
2024-09-29 19:00:00,70.32,69.6,69.68,-0.9271967336211895,0.004064648778950186,-0.012447011064541824,0.0012446168930375682,0.009786302152394732,0.8948560834626708,0.09445792124746881
2024-09-29 23:00:00,69.74,67.85,67.88,-0.46983147594485886,-0.014771430624446413,-0.019437749278599203,0.001280649063034096,-0.23004324312642876,0.777127424128039,0.09543797846862193
2024-09-30 03:00:00,68.37,67.5,67.99,-0.6007824087550753,-0.018212338452978316,-0.020241054432132533,0.0012794507299780193,-0.005616875835092294,0.7014873450208003,0.0947880267711551
2024-09-30 07:00:00,68.37,66.53,67.02,0.7586552205594129,-0.02085262531669385,-0.015277368314875472,0.001257457259323035,-0.12269281452219016,0.6590912217035104,0.0955095243838391
2024-09-30 11:00:00,67.66,66.83,67.38,0.4552073935603668,-0.026937372431841133,-0.006697324992399278,0.0012293872004409817,-0.04247141321759895,0.6398382842770709,0.09262478641581315
2024-09-30 15:00:00,67.55,66.55,67.32,-0.0018733773114194613,-0.037872900825902445,0.0002476306888665736,0.0011916195291857092,0.20743228605949193,0.627476079494361,0.08965393784229587
2024-09-30 19:00:00,67.6,66.99,67.04,-0.8752648390483111,-0.03771539863520146,0.004064648778950186,0.0011394878864084866,0.09013203227766065,0.6510262741314176,0.08784010258713783
2024-09-30 23:00:00,67.83,66.28,67.82,-0.3968148228241523,-0.022276602215872576,-0.014771430624446413,0.0010923778392230646,0.4161686660824355,0.6357319287524321,0.0842520744573831
2024-10-01 03:00:00,68.22,67.73,68.17,-1.0415323438243151,0.0010335996271544357,-0.018212338452978316,0.0010281523444550344,-0.04556104889649848,0.707969694099162,0.08155922024091862
2024-10-01 07:00:00,68.59,67.99,68.43,-0.6922981879746036,0.012484765130728048,-0.02085262531669385,0.0009892121607353417,0.218533716216339,0.7368616789604896,0.0791734332939649
2024-10-01 11:00:00,68.5,65.73,65.87,0.5859241097754864,-0.0007691300569604431,-0.026937372431841133,0.0009671385094781051,-0.18750311771859962,0.6350620052655793,0.0829647673263201
2024-10-01 15:00:00,65.95,62.0,64.06,4.444566348830695,-0.04363151568502022,-0.037872900825902445,0.0009587974420299195,-0.24901530136217498,0.35706480636626375,0.09061142684169579
2024-10-01 19:00:00,64.17,62.13,63.35,0.9647200965744236,-0.06096949733138912,-0.03771539863520146,0.0008868678557420891,-0.10906840694833808,0.271725047369242,0.09858191950822277
2024-10-01 23:00:00,64.24,62.91,64.2,-0.5730053516982343,-0.05320710621431979,-0.022276602215872576,0.0007804990266601702,-0.05825275683953279,0.30553557609395154,0.10132441295465482
2024-10-02 03:00:00,64.55,63.88,64.49,-1.2408735974205947,-0.05620642166546508,0.0010335996271544357,0.0006834161070742641,0.10089772229096217,0.35509975514302944,0.10419846603416967
2024-10-02 07:00:00,64.77,63.52,63.54,-0.7094798819548429,-0.05955865464807786,0.012484765130728048,0.0006023784420374815,-0.251930711365249,0.36122529432639894,0.11116159731690063
2024-10-02 11:00:00,63.98,62.68,63.17,0.535130651719299,-0.055918051870146424,-0.0007691300569604431,0.0005263424150096954,0.0062059450545071115,0.2880793387154808,0.11775025090667858
2024-10-02 15:00:00,64.2,62.86,62.93,-0.023184546775906003,-0.008288243999683087,-0.04363151568502022,0.00042218614428196687,0.046588797287676176,0.3079387076008848,0.12449983387612136
2024-10-02 19:00:00,63.39,62.23,62.89,0.828652309519965,-0.00768505310311407,-0.06096949733138912,0.0003324912417545872,-0.07585194772694726,0.2268300236434021,0.130346932708416
2024-10-02 23:00:00,63.94,62.69,63.87,-0.8054448075148051,-0.00510987407389385,-0.05320710621431979,0.00023130750528077904,-0.2133502785871264,0.2755116266899649,0.13112094417277287
2024-10-03 03:00:00,63.97,63.32,63.83,0.5037560590751625,-0.007018155944954363,-0.05620642166546508,0.00015034558581382155,0.12844258704860523,0.3135155162324606,0.13430966759518587
2024-10-03 07:00:00,63.9,61.92,63.43,0.06809713322587395,-0.01976009675244106,-0.05955865464807786,7.868716509996086e-05,-0.07986284268868948,0.24402099207838224,0.13889992843100138
2024-10-03 11:00:00,63.47,62.23,62.3,0.08322279168689703,-0.008575834184555098,-0.055918051870146424,-2.3501991579316636e-06,-0.0744325313456049,0.23784024268118562,0.14736837838781391
2024-10-03 15:00:00,63.18,61.97,62.95,-0.08580133584600444,-0.015999688254742073,-0.008288243999683087,-7.94491222819239e-05,-0.18737264283391097,0.21389132109929884,0.1499756683841548
2024-10-03 19:00:00,63.47,62.79,63.44,-0.7961318769957648,0.007326093077057116,-0.00768505310311407,-0.00015486369928929255,0.027688198576913958,0.26929914712252945,0.1518473247366619
2024-10-03 23:00:00,64.49,63.25,64.07,-0.32776149657501785,0.007387039432586562,-0.00510987407389385,-0.00022113889804703654,0.16468113166921605,0.3186936671327646,0.15227090032921634
2024-10-04 03:00:00,64.52,63.78,64.11,-1.2363318206715068,0.00885024950572788,-0.007018155944954363,-0.0002838053001300136,-0.2171997379860976,0.36558731323341426,0.15394167386334975
2024-10-04 07:00:00,64.6,64.04,64.13,-0.5957247983937483,0.021623605191642747,-0.01976009675244106,-0.0003295185190260371,0.38957662475822663,0.3697440593493654,0.15561132157995922
2024-10-04 11:00:00,64.58,63.81,64.25,-0.05192405218915864,0.021237386746766784,-0.008575834184555098,-0.0003737500799113362,0.1208444211105375,0.3611865117443949,0.15672834233459812
2024-10-04 15:00:00,65.12,64.25,65.11,-0.6610923336707663,0.03430015339015302,-0.015999688254742073,-0.0004223408112517468,0.22153158770119163,0.412284396109352,0.15524528916301075
2024-10-04 19:00:00,65.2,64.76,64.95,-1.3043790666705255,0.027735754062425455,0.007326093077057116,-0.000475772085660704,0.053956705859642184,0.4312603252102502,0.1564074432783669
2024-10-04 23:00:00,65.47,64.81,64.98,-1.300245276576013,0.02140370084423493,0.007387039432586562,-0.0005202942166857743,-0.07545519109353505,0.4447364472778399,0.1570520350137708
2024-10-05 03:00:00,65.56,64.67,65.55,-1.4510238376576066,0.014107879107130739,0.00885024950572788,-0.000563267794823,0.08153756110814614,0.44932780099635033,0.1559124536696795
2024-10-05 07:00:00,65.68,65.17,65.55,-1.2534707772916391,0.018366932657622792,0.021623605191642747,-0.0006033796365375125,-0.19085375576535624,0.47884146353363,0.1561907843493011
2024-10-05 11:00:00,65.89,65.41,65.67,-0.8542391120234737,0.022544032209646403,0.021237386746766784,-0.0006336956485577417,0.03008243262412602,0.4949024708070776,0.1561073978948522
2024-10-05 15:00:00,66.36,65.45,65.93,0.1658998125315653,0.019129751018406083,0.03430015339015302,-0.000656848209897291,0.06149617609315694,0.5267266370413733,0.15555568171991377
2024-10-05 19:00:00,66.26,65.05,66.24,-0.23901632455495897,0.00880475861322405,0.027735754062425455,-0.0006748735023126167,0.03830092798844209,0.48410118420633924,0.15487467405790456
2024-10-05 23:00:00,66.72,66.04,66.48,-1.18080182053214,0.019623785187880438,0.02140370084423493,-0.0006840973418962392,-0.02117295615038739,0.5627710411127432,0.15430821138312434
2024-10-06 03:00:00,66.84,66.3,66.64,-1.2719927338059138,0.02137692363005894,0.014107879107130739,-0.000686216665394342,-0.17103724932433428,0.5780054505516964,0.1538852031403334
2024-10-06 07:00:00,67.6,66.62,67.45,-0.36888606257635925,0.02569536810714923,0.018366932657622792,-0.0006783621687872185,0.1123713715141681,0.6342722040996549,0.1519286713710198
2024-10-06 11:00:00,67.65,67.23,67.49,-0.6347615637660163,0.0270187073816317,0.022544032209646403,-0.0006666313322522629,0.012169635367988985,0.6587720104322595,0.1518913782735495
2024-10-06 15:00:00,67.55,67.07,67.38,-0.6788989807494038,0.019440027057518572,0.019129751018406083,-0.0006554085319221393,-0.1958212668431183,0.6452498403969246,0.1517031073474067
2024-10-06 19:00:00,67.44,66.82,67.3,-1.1010323492480076,0.025145817686257566,0.00880475861322405,-0.000644187189457035,-0.0695190728003584,0.6363399658263901,0.15138616097354002
2024-10-06 23:00:00,67.98,66.82,67.58,-0.38791371873887087,0.015906281902658748,0.019623785187880438,-0.0006266124562459157,0.08419005689852432,0.6603228128953489,0.1502667127639477
2024-10-07 03:00:00,67.82,67.34,67.66,-1.1222276042455774,0.016093542535606353,0.02137692363005894,-0.0005949954390352058,0.26484258574271546,0.6769508502816456,0.14905327781646227
2024-10-07 07:00:00,67.71,66.0,66.19,0.07288215941685745,-0.004460237308065662,0.02569536810714923,-0.0005697902682971257,-0.045900259949551936,0.6065990645626058,0.15066660370935878
2024-10-07 11:00:00,67.03,65.62,66.54,0.7247617070299418,-0.01694436913317332,0.0270187073816317,-0.0005641828984575428,-0.039218386623062096,0.5379387954783614,0.14722353651156844
2024-10-07 15:00:00,66.56,64.69,64.92,0.16976945850081737,-0.022015961295241193,0.019440027057518572,-0.0005695555820539037,-0.032842521000309155,0.49159030244996904,0.1486103449925398
2024-10-07 19:00:00,66.07,64.78,64.79,1.0121166777538397,-0.02510444529800815,0.025145817686257566,-0.000573079018664248,0.008967499057396244,0.4627538664954228,0.14509106371089692
2024-10-07 23:00:00,65.43,64.48,65.33,-0.4050293717106819,-0.03593196079726502,0.015906281902658748,-0.0005888434792892045,-0.1150914455854477,0.41716585628574304,0.13831030327444632
2024-10-08 03:00:00,65.43,64.73,65.12,-0.7817420146715149,-0.03747082869724605,0.016093542535606353,-0.0006102250596499289,-0.05991606460978216,0.4108513340557214,0.13540408717702745
2024-10-08 07:00:00,65.54,64.52,65.5,-0.8000477290740303,-0.026347316939622334,-0.004460237308065662,-0.0006345452918014424,0.08099170301306469,0.41189965839239534,0.13112143472545237
2024-10-08 11:00:00,65.99,65.25,65.9,-0.2543772044797253,-0.009693604885990914,-0.01694436913317332,-0.0006478080825160163,0.07008651628121032,0.4647845290390757,0.12653988849057357
2024-10-08 15:00:00,66.0,64.96,65.8,0.03197365876634018,-0.0029537392833356435,-0.022015961295241193,-0.0006637895397495728,0.13048500363107696,0.4611765314134584,0.12331955491190387
2024-10-08 19:00:00,66.16,65.43,65.75,-0.9316600324355797,0.005682660919988036,-0.02510444529800815,-0.0006810914419104391,0.06641809487866768,0.4870379298206911,0.11959039069974511
2024-10-08 23:00:00,65.97,65.45,65.61,-0.6783631271356795,0.01045265134642781,-0.03593196079726502,-0.0006941750184739821,0.23709539915665934,0.47045818284667074,0.1160886631878039
2024-10-09 03:00:00,65.96,65.4,65.72,-1.2970002042346058,0.009472393843533267,-0.03747082869724605,-0.0007037841549472081,0.09917683902606123,0.4710819802458878,0.11317596392862382
2024-10-09 07:00:00,65.9,65.47,65.6,-0.45192428269732104,0.009022152665747019,-0.026347316939622334,-0.0007161973585338714,-0.2828107736400528,0.4692768837601251,0.1107320457242547
2024-10-09 11:00:00,65.75,64.78,65.04,0.034258394418631606,-0.006346158963843274,-0.009693604885990914,-0.0007382211293374269,-0.07877468083305694,0.3853623877155401,0.10745315932510278
2024-10-09 15:00:00,65.65,64.78,65.2,0.2519269791461024,-0.00671059379831751,-0.0029537392833356435,-0.0007557433779508719,0.15653738120599514,0.3525879559887117,0.10181925149241694
2024-10-09 19:00:00,65.35,64.11,64.43,1.742905007224608,-0.018846510906775027,0.005682660919988036,-0.0007689838607127158,-0.06537358372403712,0.29427775510417736,0.09783742335884607
2024-10-09 23:00:00,64.99,64.15,64.95,-1.057438220249129,-0.015987463756055642,0.01045265134642781,-0.0007869822864647867,-0.04287292120212871,0.29659501066993826,0.09519142889284142
2024-10-10 03:00:00,65.09,64.72,64.96,-1.4442568728118919,-0.012265471208466217,0.009472393843533267,-0.0008115211375175513,-0.024990386925685004,0.32386150002552216,0.09298229474055253
2024-10-10 07:00:00,64.97,64.5,64.56,-0.37554556210388546,-0.014536389531203286,0.009022152665747019,-0.0008307339175516237,0.4071408286130116,0.30508050358069655,0.0928353624725614
2024-10-10 11:00:00,64.72,63.88,64.17,-0.40822844084543153,-0.014529034928154605,-0.006346158963843274,-0.0008464040293451246,-0.006079760229287023,0.22170478957154255,0.09236798994754786
2024-10-10 15:00:00,64.66,63.22,64.12,0.16673117175635221,-0.01699201391457128,-0.00671059379831751,-0.0008627588104944847,-0.1376616536706331,0.1966571498104024,0.0914028900594092
2024-10-10 19:00:00,64.32,63.81,64.1,-0.8373925597656275,-0.009404375383609831,-0.018846510906775027,-0.0008715745687940398,-0.15232569728287249,0.1924555140665355,0.09067950407302192
2024-10-10 23:00:00,64.9,64.1,64.86,-1.2036977313965271,-0.0015437009480079311,-0.015987463756055642,-0.0008731265781440484,0.08338539920583043,0.2526566156508109,0.08708580017038578
2024-10-11 03:00:00,65.18,64.64,64.72,-1.2392979670047526,-0.00012116255829752731,-0.012265471208466217,-0.0008612585602968652,-0.2513965575272261,0.2916427407115907,0.08380007510844201
2024-10-11 07:00:00,65.34,64.6,65.13,-1.1716802738961876,0.0033084907582137113,-0.014536389531203286,-0.000839363551449816,-0.007318469602475286,0.29785372250322967,0.07879009022181963
2024-10-11 11:00:00,65.34,64.87,65.19,-0.08761021526689311,0.012975865989297786,-0.014529034928154605,-0.0008136664849047774,0.09455640170417423,0.31656701335425064,0.0784387933000709
2024-10-11 15:00:00,65.81,65.13,65.78,-0.5251490159223428,0.02236027621221104,-0.01699201391457128,-0.0007715103417450121,0.024412932674293453,0.35956559126245696,0.07757723664339593
2024-10-11 19:00:00,65.92,65.43,65.55,0.16507931321288466,0.026028749837716303,-0.009404375383609831,-0.0007232773414812014,0.6304277819553961,0.38198169140971416,0.07674199053403186
2024-10-11 23:00:00,65.79,65.25,65.28,-1.278102034578919,0.015523709216737736,-0.0015437009480079311,-0.0006700596639667506,-0.23144402846477052,0.36662575772693773,0.07674317238692314
2024-10-12 03:00:00,65.71,65.07,65.71,-1.3865101951531353,0.00769735557590745,-0.00012116255829752731,-0.0006099304108369316,0.25258947218046535,0.3484538745629615,0.0762279059227205
2024-10-12 07:00:00,66.45,65.67,66.45,-0.9616287359475241,0.017810147312182778,0.0033084907582137113,-0.0005496612327200672,0.09204384769489948,0.42941398664999125,0.07501677615297932
2024-10-12 11:00:00,66.65,66.24,66.35,-0.6801948906505997,0.020428036692676343,0.012975865989297786,-0.000491174752049937,-0.0023086770863622874,0.46784741795916984,0.07397855967934727
2024-10-12 15:00:00,66.6,66.15,66.23,-0.6764700506467263,0.012653774201770718,0.02236027621221104,-0.00043585349436783404,-0.00846178712054968,0.45381756898449077,0.07223854003796767
2024-10-12 19:00:00,66.41,66.16,66.3,-1.4083550854922846,0.008787079123129926,0.026028749837716303,-0.00037842762483579625,-0.15471167982091327,0.4476294588108542,0.07005257031183205
2024-10-12 23:00:00,66.35,65.58,65.79,-1.0185470136324302,0.005161527441249536,0.015523709216737736,-0.0003222780262150828,0.11288110563184528,0.4051079750400963,0.06969958273761881
2024-10-13 03:00:00,65.92,65.49,65.69,-1.4084136884556062,0.004904500006760681,0.00769735557590745,-0.0002679050147626806,0.093254632356363,0.384930677454786,0.06875284329939525
2024-10-13 07:00:00,65.71,65.32,65.34,-1.1848882207568403,-0.009071421043604144,0.017810147312182778,-0.00022217097993107275,-0.10729095570827041,0.36121163864289507,0.06728821151605996
2024-10-13 11:00:00,65.5,64.87,64.93,-0.9994438146894247,-0.017959712420009044,0.020428036692676343,-0.00018161429591403896,-0.008935735407178513,0.3321293061398764,0.06295313366149385
2024-10-13 15:00:00,65.11,64.43,64.55,-0.6472993093591126,-0.023635344727046204,0.012653774201770718,-0.00014065433275168532,-0.009488679515025966,0.27554138964799796,0.06039717563130438
2024-10-13 19:00:00,65.05,64.48,64.91,-0.5241862134443876,-0.022752136226070863,0.008787079123129926,-9.496166492659146e-05,-0.013891091381395326,0.2761559186393094,0.05791435431336105
2024-10-13 23:00:00,64.91,64.12,64.33,-0.8428834221917059,-0.021077874641215688,0.005161527441249536,-4.4460139555545666e-05,-0.061023753864458574,0.24714892180152892,0.05804787924255564
2024-10-14 03:00:00,65.88,64.31,65.44,0.7602550057584565,-0.005355062529425636,0.004904500006760681,-1.2106968568243866e-05,-0.029231178418161585,0.34490751844861417,0.05592011774387573
2024-10-14 07:00:00,66.0,65.25,65.8,0.23944180674868856,0.0013850600843394734,-0.009071421043604144,2.115904775516122e-05,-0.03967460061088468,0.37153057583493093,0.054470631765885826
2024-10-14 11:00:00,66.98,65.71,66.6,1.394089681834835,0.015622425938216278,-0.017959712420009044,5.161066959157656e-05,0.15572744157942187,0.44806474489063247,0.053346401558505535
2024-10-14 15:00:00,67.26,66.35,66.98,2.546684127923707,0.031195934482995513,-0.023635344727046204,8.799656235304346e-05,0.0647487055765481,0.5052839338040135,0.053909509580305603
2024-10-14 19:00:00,67.29,66.5,67.28,0.4395101730509729,0.03255027524427945,-0.022752136226070863,0.00012948658714151653,0.0040731323830132116,0.5104890230814092,0.054813259586523624
2024-10-14 23:00:00,67.85,66.79,67.32,0.5305777434528555,0.04295575291302134,-0.021077874641215688,0.0001745838956388413,0.330977872577245,0.5477293410619837,0.05589570603086583
2024-10-15 03:00:00,67.36,66.54,67.0,-0.02711411934901985,0.023341271114336815,-0.005355062529425636,0.00022487571084979087,0.0040188923743222915,0.5024182727276123,0.05698958805607639
2024-10-15 07:00:00,67.18,66.78,67.05,0.0831886981877156,0.021084906184839936,0.0013850600843394734,0.0002789675120910413,0.015220749089778884,0.5131751594187343,0.05779010491621864
2024-10-15 11:00:00,68.23,65.73,66.28,4.638958170302308,0.009378669850247823,0.015622425938216278,0.00033930702455087306,-0.09978648722510752,0.5027577498493383,0.05858496045258219
2024-10-15 15:00:00,72.0,65.27,69.21,5.0,0.03803948199809715,0.031195934482995513,0.00037094827996322064,0.018378783842824653,0.7873241673089337,0.061638907425456434
2024-10-15 19:00:00,70.53,68.71,70.18,1.3329660246105406,0.04081132469707671,0.03255027524427945,0.00040487256324791784,-0.004514397644463375,0.820482312570412,0.06861391891584802
2024-10-15 23:00:00,73.07,69.98,71.53,3.3944149261015717,0.06827953767997741,0.04295575291302134,0.0004171648793632769,-0.11813409927449192,0.999999998919658,0.07852980216372749
2024-10-16 03:00:00,72.14,71.04,71.31,0.8716301702704943,0.07055168341790519,0.023341271114336815,0.0004731326647070326,0.043458137068977276,0.9719127284561113,0.087585085213498
2024-10-16 07:00:00,71.64,70.46,71.49,1.2615321940918882,0.058623536516217545,0.021084906184839936,0.000533873479948889,0.020457262768301065,0.896170956396462,0.09526602913956346
2024-10-16 11:00:00,72.09,69.65,70.17,1.5806671293995396,0.061807695748731906,0.009378669850247823,0.0005793291917066598,-0.15024434987189572,0.9090453947220527,0.10103681640648128
2024-10-16 15:00:00,70.59,69.32,70.25,0.11356944679811547,0.010077941528854328,0.03803948199809715,0.0006245045380933031,-0.06752868192565165,0.7994465922046934,0.10491899970130669
2024-10-16 19:00:00,70.55,69.87,70.1,-0.338082865810373,0.008793382258691862,0.04081132469707671,0.0006477445702030541,-0.12695529350771806,0.8205836096814947,0.1086792563051599
2024-10-16 23:00:00,70.83,69.83,70.37,-0.2885541578549682,-0.021776709463135147,0.06827953767997741,0.0006615645525656989,-0.05726103750821865,0.8308886647052807,0.11197353712392669
2024-10-17 03:00:00,71.29,70.28,70.94,-0.26295659028341134,-0.011615403568316363,0.07055168341790519,0.0006771478343199206,-0.17347534861253866,0.8820372651308425,0.11567163501425795
2024-10-17 07:00:00,71.46,70.43,71.24,0.35872379876089133,0.001050477344919143,0.058623536516217545,0.0007037279681605771,-0.03966122957526075,0.9042195754367909,0.12044052905677477
2024-10-17 11:00:00,72.11,70.57,71.47,1.2095226663858236,0.004583413530034219,0.061807695748731906,0.0007198008912987445,0.11897917651892986,0.9442219143037431,0.1253883079580901
2024-10-17 15:00:00,72.7,71.31,72.08,1.7424233479128195,0.02998645204925854,0.010077941528854328,0.000732992711068302,-0.011752887287836966,0.9999999989473413,0.12990105213823874
2024-10-17 19:00:00,74.0,71.82,73.32,1.6575301075717037,0.039822200394655116,0.008793382258691862,0.0007478917573588066,0.26066168401060974,0.9999999990377166,0.13529602924493206
2024-10-17 23:00:00,74.87,72.09,72.77,1.2742313370747125,0.043293660083802976,-0.021776709463135147,0.0007827712457117227,0.03920251392140672,0.9999999990684881,0.14228664306437516
2024-10-18 03:00:00,73.26,72.39,72.56,0.08798703514493864,0.027778594790636157,-0.011615403568316363,0.0008355370909018523,0.09067718270592895,0.9437026813930495,0.14757784666020027
2024-10-18 07:00:00,72.61,71.9,71.98,-0.11504396302323741,0.01663215655214323,0.001050477344919143,0.000885214529195247,-0.047965520923840765,0.8896457507078892,0.15244236770840391
2024-10-18 11:00:00,73.35,71.89,73.0,0.24860004619828302,0.01759835705094348,0.004583413530034219,0.0009139329899538047,0.12202272406158277,0.9311340464645091,0.15557764851120578
2024-10-18 15:00:00,73.38,72.26,73.05,0.7205723061317354,0.010488936304320129,0.02998645204925854,0.0009465506499539449,0.07720489448488621,0.9553839180097959,0.16033439992103501
2024-10-18 19:00:00,73.85,72.6,73.69,0.3723414130341739,0.004108306462893729,0.039822200394655116,0.0009837526398568,-0.0638558631436581,0.9959657853869955,0.1644658174368019
2024-10-18 23:00:00,74.07,73.0,73.86,-0.22025798983581715,0.003544901223992314,0.043293660083802976,0.0010274932288679213,0.008461128410271357,0.99999999909052,0.1693339000946772
2024-10-19 03:00:00,74.7,73.53,74.53,-0.454423187500917,0.018521399030102748,0.027778594790636157,0.0010711332054958458,-0.0662317244502193,0.9999999991288,0.17380616587495865
2024-10-19 07:00:00,76.19,74.3,75.27,0.48522445143630577,0.04107479015494753,0.01663215655214323,0.0011096814698864726,0.08561188337524772,0.9999999992009699,0.1787895312243148
2024-10-19 11:00:00,75.74,74.57,75.22,0.14131315474620945,0.03396977005547086,0.01759835705094348,0.001176675719627268,-0.1174676775634832,0.9958213843740196,0.18445719594546156
2024-10-19 15:00:00,75.47,74.31,75.35,-0.06998667636721591,0.02821970144986996,0.010488936304320129,0.0012441873841374245,-0.06635374914832892,0.9838436143230652,0.18943826944354292
2024-10-19 19:00:00,75.63,74.84,75.05,-0.42224554319453,0.02638251739221964,0.004108306462893729,0.0013036265376657758,-0.13323154888424593,0.9999999992079978,0.19374774975476947
2024-10-19 23:00:00,75.28,74.56,74.67,-0.4740314206211479,0.01723681122697651,0.003544901223992314,0.0013706558050818613,-0.0709878458131421,0.971333803589558,0.19770726676376146
2024-10-20 03:00:00,75.44,74.35,74.68,-0.18084473959226618,0.01016545697201332,0.018521399030102748,0.0014351123883602874,0.08988615588324222,0.9687551102250801,0.20025142927215628
2024-10-20 07:00:00,74.88,74.07,74.85,-0.500196432992489,-0.008406449406327177,0.04107479015494753,0.0015052096756595448,0.0006631809645614162,0.9411765031697796,0.2017821403305167
2024-10-20 11:00:00,75.88,74.76,75.28,-0.044688422464376834,0.001569687557037902,0.03396977005547086,0.0015549061336001065,0.06592653067931264,0.9963977205546649,0.2023238553265039
2024-10-20 15:00:00,75.37,74.3,74.31,-0.06754173974496444,-0.0035653681344897104,0.02821970144986996,0.0016390683733940226,0.07209436463581231,0.9540293628461838,0.2048539568351938
2024-10-20 19:00:00,74.46,73.6,74.19,0.20390942569398218,-0.01538885694625014,0.02638251739221964,0.0017155483555609519,0.15976618490418382,0.908283107929483,0.20449504869729374
2024-10-20 23:00:00,74.62,73.86,73.92,0.15015585606453336,-0.009524980050036436,0.01723681122697651,0.0017675893422478915,0.1083134279336242,0.9148383982990217,0.20480555022833
2024-10-21 03:00:00,74.16,73.47,73.74,-0.2919972160981863,-0.013804003961210731,0.01016545697201332,0.0018323220403131727,-0.0977121530497661,0.8869151756172251,0.20418568378174837
2024-10-21 07:00:00,73.89,72.83,72.95,-0.02730696576282134,-0.01753054057946668,-0.008406449406327177,0.001900847682508828,-0.12474067876688055,0.8377264820015387,0.20476864535562583
2024-10-21 11:00:00,73.17,71.21,71.49,1.0420359616735546,-0.03901221609797978,0.001569687557037902,0.001960959676019189,-0.14326786847858608,0.7640272102172663,0.20628148482513806
2024-10-21 15:00:00,71.51,70.32,70.7,0.5540332396548178,-0.049119357881401315,-0.0035653681344897104,0.0020124543930196298,-0.1621852567175085,0.6635382599464411,0.20620392409245658
2024-10-21 19:00:00,71.2,70.69,71.0,-0.35644796032319653,-0.04240154854692413,-0.01538885694625014,0.0020077627815089766,-0.18370815986159839,0.6594607348590431,0.20259777820877195
2024-10-21 23:00:00,71.06,70.1,70.49,0.4798206411450919,-0.04710907116336416,-0.009524980050036436,0.002003480551095892,-0.11502039866210567,0.6380823490807668,0.20071782156207915
2024-10-22 03:00:00,71.22,70.27,71.08,1.3496840109973014,-0.039950158822264825,-0.013804003961210731,0.00197557088346307,0.036921951656311736,0.6533317928608743,0.19619368266389547
2024-10-22 07:00:00,71.62,70.31,70.53,2.6140204283898942,-0.03123863034202956,-0.01753054057946668,0.00195347471939495,0.08570410002283224,0.6566148606733686,0.19552530465646845
2024-10-22 11:00:00,71.05,69.43,70.26,2.4228351563479893,-0.02657302659594274,-0.03901221609797978,0.0019469996051054343,0.15781616709458723,0.6119236849447672,0.19385977589896275
2024-10-22 15:00:00,70.34,69.39,69.44,0.17535354327457786,-0.018216597401527035,-0.049119357881401315,0.0019407735717706168,0.13079900853039517,0.5610973515135986,0.19362543816545089
2024-10-22 19:00:00,70.2,69.39,70.07,-0.4980920937641321,-0.015761614061079787,-0.04240154854692413,0.0019036913097376662,0.2035245444708027,0.5708896764952736,0.1892265101876948
2024-10-22 23:00:00,70.17,68.84,68.96,-0.3033588379191742,-0.018176391597262143,-0.04710907116336416,0.0018853910134382624,-0.0861160344270887,0.5363302343121454,0.1891440414987712
2024-10-23 03:00:00,69.68,68.73,69.33,-0.5572287459738282,-0.023778719829674944,-0.039950158822264825,0.0018521312810391018,-0.011717137380577669,0.5198550244685549,0.1845840215885688
2024-10-23 07:00:00,69.46,68.52,68.59,-0.19551782695293143,-0.02683938677648523,-0.03123863034202956,0.0018143087760221378,-0.004316911329572015,0.5058695761224045,0.18269501707052874
2024-10-23 11:00:00,69.63,68.58,69.26,0.02565024887620673,-0.018435620221016302,-0.02657302659594274,0.00176727135104407,0.07984530685147218,0.5092026499167371,0.17577030482819594
2024-10-23 15:00:00,69.31,67.86,68.95,0.153479844454243,-0.015528137973394252,-0.018216597401527035,0.001725792550875794,-0.05402979149524878,0.4753656924840245,0.17052191037748343
2024-10-23 19:00:00,70.34,68.91,70.19,-0.2629467585236281,-0.003464125882911895,-0.015761614061079787,0.0016431095428460585,-0.05434363589578184,0.5517301351097808,0.1614017294262871
2024-10-23 23:00:00,70.58,69.71,70.15,0.11438172073655051,0.011876480495654818,-0.018176391597262143,0.0015740974652071079,0.0759033810595462,0.6016067559096636,0.15363978768835182
2024-10-24 03:00:00,70.44,69.79,70.05,-0.5250958105994172,0.014018363380776444,-0.023778719829674944,0.0015275465941683045,0.026250943892256462,0.5966729893603234,0.1480526268735167
2024-10-24 07:00:00,70.18,69.29,69.56,-0.43030096374782656,0.010559897149729824,-0.02683938677648523,0.0014891924727755191,0.0772426981879577,0.5635881190072618,0.14395366538119359
2024-10-24 11:00:00,70.99,69.54,70.94,-0.15987224585548065,0.015954714510100443,-0.018435620221016302,0.001424587825714944,0.011339883439421161,0.5964614950887495,0.1368585947580321
2024-10-24 15:00:00,71.26,70.68,71.16,-0.3419896424983502,0.035219135922553546,-0.015528137973394252,0.0013496535506519322,0.04893586908554637,0.6667929824725134,0.1325680876921471
2024-10-24 19:00:00,71.33,70.75,70.89,-0.46860811004114894,0.020716152713933678,-0.003464125882911895,0.001298893572360492,-0.0429431160854179,0.6659110412196094,0.1295516931066246
2024-10-24 23:00:00,71.45,70.8,71.12,-0.520211728975312,0.012354256802682206,0.011876480495654818,0.0012443807452152272,0.22471818249005016,0.6703157151677114,0.12545094278917318
2024-10-25 03:00:00,71.6,70.76,71.51,-0.1389331245913847,0.01659540246653779,0.014018363380776444,0.0011920252334995894,0.163228049883966,0.6888874633071338,0.12020819034012657
2024-10-25 07:00:00,71.85,70.88,71.52,-0.15453831264531034,0.024165580035961476,0.010559897149729824,0.0011471469968425971,-0.07222198948607061,0.697067736662221,0.11540449443237862
2024-10-25 11:00:00,72.28,71.45,72.15,-0.1154910203544032,0.025306356612804226,0.015954714510100443,0.001096293827270832,-0.10107253147757578,0.7370741464655997,0.10740521715439433
2024-10-25 15:00:00,72.28,70.01,71.24,0.6466249798548137,0.0069131953308119165,0.035219135922553546,0.001065415355965618,-0.04048809180718471,0.7056917887306905,0.10717848712336141
2024-10-25 19:00:00,71.46,70.13,70.15,-0.25417782965419305,-0.0033355716477814212,0.020716152713933678,0.001037149996350879,-0.01266072278466912,0.6471455627408605,0.10886917428325787
2024-10-25 23:00:00,70.26,66.79,69.15,1.7906054938000882,-0.03722245874721852,0.012354256802682206,0.0010236886850447213,-0.20696812430424594,0.4607432044694831,0.11222933748684505
2024-10-26 03:00:00,69.67,69.02,69.28,-0.4270483939109928,-0.027058021098258833,0.01659540246653779,0.0009295485321856343,-0.14591741954099458,0.5360409711023206,0.11352526689378555
2024-10-26 07:00:00,69.35,68.85,68.93,-0.5378885626375001,-0.033162678314341054,0.024165580035961476,0.0008622948156636004,0.04893047347832402,0.509465719209686,0.11604190143044682
2024-10-26 11:00:00,69.03,68.11,68.17,-0.4188638113013888,-0.04465459078132239,0.025306356612804226,0.0007980541197549283,0.0030729485216525187,0.4826756517373414,0.11982571323121957
2024-10-26 15:00:00,68.67,68.07,68.42,-0.4502157793400285,-0.04359703862888731,0.0069131953308119165,0.0007320258631996399,0.13137429198693074,0.4586863770530842,0.12144189382279844
2024-10-26 19:00:00,68.91,68.3,68.41,-0.5068959950664085,-0.03182290314030134,-0.0033355716477814212,0.0006553100806621386,0.192601480740342,0.4687113521008117,0.12336663477393504
2024-10-26 23:00:00,68.56,68.0,68.46,-0.5136877431046812,-0.0019440390983793687,-0.03722245874721852,0.0005821838692847863,0.09480605876932047,0.4502051556755712,0.12522777382200365
2024-10-27 03:00:00,69.17,68.35,68.9,-0.5521123468275825,-0.007789353541485355,-0.027058021098258833,0.0004946256654821264,0.15609643328699585,0.49323071724828843,0.12596932308586714
2024-10-27 07:00:00,69.46,68.76,69.27,-0.6735285081222149,0.0011522129800323189,-0.033162678314341054,0.00041365652195440004,0.05515754606132295,0.5157676564852954,0.12643528793635994
2024-10-27 11:00:00,70.82,69.19,70.75,-0.34189673884623734,0.021725520583983693,-0.04465459078132239,0.0003295453206959155,0.023506186964928677,0.6009196308956491,0.12391954981093828
2024-10-27 15:00:00,71.05,70.45,70.59,-0.39363059422612195,0.03361400055844532,-0.04359703862888731,0.00025860186597895625,-0.1796777328530743,0.6408285834411692,0.12430914130932778
2024-10-27 19:00:00,71.0,70.52,70.99,-0.4894957932253885,0.0329150524645514,-0.03182290314030134,0.00018830034473607657,-0.21634644822275306,0.6473961821705425,0.12291167260229754
2024-10-27 23:00:00,71.57,70.97,71.26,-0.38046423965548326,0.04409896427414761,-0.0019440390983793687,0.00011678756637298412,0.05426394335442186,0.6887876047520518,0.12206520988410546
2024-10-28 03:00:00,71.3,70.42,70.94,-0.4539131147884837,0.027858221884883072,-0.007789353541485355,4.83965013400533e-05,-0.13817848566666147,0.6451467684030388,0.12237471222383323
2024-10-28 07:00:00,71.49,70.83,70.85,-0.25555990240420895,0.02997813406421934,0.0011522129800323189,-1.8822964563977346e-05,-0.19764748664047427,0.679919597346714,0.12251708446731657
2024-10-28 11:00:00,71.01,70.23,70.46,0.23366948258238154,0.006222659133885422,0.021725520583983693,-7.98965656495664e-05,-0.03127358369260236,0.6355230567500831,0.1227757436805252
2024-10-28 15:00:00,70.49,69.6,70.0,0.22598250958128432,-0.009751993865468211,0.03361400055844532,-0.0001421476016011342,0.2029576925686487,0.5862097785815545,0.12329070819554722
2024-10-28 19:00:00,71.06,69.95,70.93,0.08627330096042242,-0.0023655103519069076,0.0329150524645514,-0.0002044719121354802,0.2811237214125397,0.634131935457314,0.12038741616990273
2024-10-28 23:00:00,72.45,70.69,71.94,0.3837920751975255,0.002358074061668658,0.04409896427414761,-0.0002574788066403024,0.06400595248053831,0.7021077576161311,0.11726821179054714
2024-10-29 03:00:00,72.33,71.73,72.02,-0.31439655366973207,0.018274775823367007,0.027858221884883072,-0.00029662217453711894,0.03038806964835028,0.74757874240031,0.11477519556516823
2024-10-29 07:00:00,72.59,72.01,72.38,-0.1425219623143614,0.015320772698770968,0.02997813406421934,-0.00033580547009955905,0.11848138409153974,0.7663268305078235,0.11063433547190107
2024-10-29 11:00:00,72.92,72.16,72.86,0.07646045495219789,0.026806274007192155,0.006222659133885422,-0.0003723170395018309,0.0680424261033914,0.7855169684515281,0.10663002602729744
2024-10-29 15:00:00,73.99,72.56,73.8,1.064409544087226,0.0476356734034693,-0.009751993865468211,-0.0004051017885685391,0.01929535444634567,0.8504050614400674,0.10266706318315096
2024-10-29 19:00:00,74.38,72.49,74.14,0.34115059906223894,0.0398983656066525,-0.0023655103519069076,-0.0004053212532586397,-0.026704329763752033,0.8573268518830183,0.10062479761897664
2024-10-29 23:00:00,74.27,73.29,73.32,-0.3783628861171519,0.03195764951512703,0.002358074061668658,-0.00040105517269544794,-0.1714065709173379,0.883053967259086,0.09974362028336338
2024-10-30 03:00:00,73.55,72.57,72.58,-0.3782555709836208,0.012917209851515565,0.018274775823367007,-0.0003733611926047118,-0.027345285107120976,0.8213041504549894,0.0978957711016329
2024-10-30 07:00:00,72.76,72.02,72.08,-0.08796994386658183,0.001432267076671101,0.015320772698770968,-0.0003568366450565174,-0.04358588274388042,0.7745283951093745,0.09482532939002926
2024-10-30 11:00:00,72.73,71.49,72.4,0.2580152098016975,-0.00835471149234479,0.026806274007192155,-0.00035513049769261764,-0.06443433700072065,0.7375152097278632,0.08966297133736176
2024-10-30 15:00:00,72.53,71.77,72.05,-0.36692155248399905,-0.01714995441472056,0.0476356734034693,-0.00035473300052964017,-0.08256999405220855,0.7507576552768142,0.08701535055872228
2024-10-30 19:00:00,72.45,71.49,71.92,-0.24153914232980297,-0.019331857656689766,0.0398983656066525,-0.0003659479202721811,-0.26217621904113186,0.7448679917090247,0.08407949465498424
2024-10-30 23:00:00,72.14,71.27,71.82,-0.4621851114869078,-0.027045910510791193,0.03195764951512703,-0.00037722328151828513,-0.0721148012805275,0.7250244759620968,0.08142768408453148
2024-10-31 03:00:00,71.87,70.71,70.95,-0.3229850971554423,-0.024095776637413913,0.012917209851515565,-0.0003924916832590618,-0.23496593861677195,0.6820002269357396,0.07946906667452219
2024-10-31 07:00:00,71.74,70.55,71.67,-0.07563765808847595,-0.018113513680163007,0.001432267076671101,-0.00040680597347842763,0.35270941706239745,0.6706567559330112,0.07729153909307339
2024-10-31 11:00:00,71.75,69.71,69.98,1.0314053980283946,-0.014520226777320788,-0.00835471149234479,-0.0004208504184246982,0.04370216613037181,0.6547866536321807,0.07911611053177935
2024-10-31 15:00:00,70.47,68.73,69.21,0.17419835044878537,-0.0333999688896347,-0.01714995441472056,-0.0004390640197570401,-0.1071295517537163,0.5380721611647434,0.08074703014413748
2024-10-31 19:00:00,69.41,68.42,69.33,-0.20484009260905905,-0.042588734968581066,-0.019331857656689766,-0.0004598019259288471,0.31224635617900565,0.4527225860751492,0.08116513194885168
2024-10-31 23:00:00,69.59,68.1,69.14,-0.2714941749287135,-0.03810553046308651,-0.027045910510791193,-0.00047240124236961305,0.01331140848400314,0.44661317863535094,0.08214101065431134
2024-11-01 03:00:00,69.37,67.72,67.73,-0.12415384425968394,-0.037354813654400854,-0.024095776637413913,-0.00048235798965959043,-0.011572767810959284,0.40479518691304456,0.08658071263406954
2024-11-01 07:00:00,69.13,67.7,69.12,-0.08779910358265464,-0.03851886302535512,-0.018113513680163007,-0.0005027589264559116,-0.14414286934852316,0.3851250980162506,0.0855113484124199
2024-11-01 11:00:00,70.89,69.07,70.67,0.281108980899005,-0.012660418157902753,-0.014520226777320788,-0.000517952071297474,-0.012399491337410584,0.5313836163692877,0.08361810859662244
2024-11-01 15:00:00,71.09,69.33,70.28,1.0435173513790608,0.009202221723161985,-0.0333999688896347,-0.000516127432745605,0.2577326009938721,0.5619055932651869,0.08370720902623333
2024-11-01 19:00:00,70.62,69.55,70.26,-0.014714554704811962,0.01786946884153906,-0.042588734968581066,-0.0005098275189823122,0.004739395165589633,0.5491756812047976,0.08368295716567334
2024-11-01 23:00:00,71.08,70.16,70.96,-0.5844905791553698,0.023356837991967083,-0.03810553046308651,-0.0004948533181575301,0.15075193678660637,0.5903881099084307,0.08206215635643507
2024-11-02 03:00:00,71.25,69.78,70.3,-0.15680921461774314,0.025456740009029533,-0.037354813654400854,-0.00047538779661656646,-0.10140390848980785,0.5604316874789197,0.08233076051658852
2024-11-02 07:00:00,70.89,70.1,70.62,-0.5357586849033724,0.031770814086125254,-0.03851886302535512,-0.00044949463172921954,-0.2032536358643654,0.5787394226160513,0.08058098932359099
2024-11-02 11:00:00,70.97,68.91,69.17,-0.1535162625938362,-0.000845411562317655,-0.012660418157902753,-0.0004122528454695939,-0.08774817789872458,0.5261079502744376,0.0823581818275756
2024-11-02 15:00:00,69.76,68.86,69.09,-0.28361433648929013,-0.013376560474832933,0.009202221723161985,-0.00038055264326302486,0.0010617068308576005,0.47802286256937476,0.08229759549256335
2024-11-02 19:00:00,69.55,69.02,69.27,-0.7317616763776736,-0.012733389131942885,0.01786946884153906,-0.00035302209404670725,0.0017410216394866396,0.4694882921444116,0.08265103765855668
2024-11-02 23:00:00,69.29,67.0,67.44,0.14518472121691278,-0.03404451864933056,0.023356837991967083,-0.00032554717757850293,-0.25385019187963287,0.37592953574321386,0.08825966049737073
2024-11-03 03:00:00,68.45,67.02,68.13,-0.5047122208878962,-0.034196345935018635,0.025456740009029533,-0.00030988547039970474,0.45209610787684773,0.3460410992352287,0.08923304425716953
2024-11-03 07:00:00,68.3,67.4,67.87,-0.5611678856088096,-0.03730971201811717,0.031770814086125254,-0.0002952906888541377,0.30699125192645416,0.344146839174045,0.09156841628689674
2024-11-03 11:00:00,67.88,65.52,65.89,0.42936900093822483,-0.04930306763196168,-0.000845411562317655,-0.0002891990748779676,-0.024475100707042285,0.218699539033625,0.10097030490972973
2024-11-03 15:00:00,66.45,65.28,65.64,0.10564490114972823,-0.05061861128442158,-0.013376560474832933,-0.00028620362665310404,-0.036082286638584815,0.16484593603607503,0.10794656812215911
2024-11-03 19:00:00,67.41,65.54,66.98,-0.36249370254452384,-0.03670200869928386,-0.012733389131942885,-0.000288741001986504,0.090523161051413,0.2427265058046736,0.10880896548007939
2024-11-03 23:00:00,67.65,66.22,67.47,-0.3833955872027168,-0.017733575614372388,-0.03404451864933056,-0.00028758564828009457,0.389085672357417,0.2680225308093486,0.10991229882267166
2024-11-04 03:00:00,67.74,66.57,66.84,-0.3549952108559964,-0.0132639143846367,-0.034196345935018635,-0.00028092544733767494,0.011109547628981753,0.26572796619064026,0.1134734778835313
2024-11-04 07:00:00,66.95,66.05,66.6,-0.12819969083947366,-0.020494436329265953,-0.03730971201811717,-0.0002789800557281859,-0.11102767421622839,0.22009164589234798,0.1165832931479694
2024-11-04 11:00:00,67.19,66.45,66.72,-0.11639499453846781,0.005453345608256166,-0.04930306763196168,-0.00028581321346165086,0.13635591516708057,0.2510251631962882,0.11799229320865119
2024-11-04 15:00:00,67.03,65.92,65.96,-0.2665316953744439,0.009558821161179232,-0.05061861128442158,-0.0003012005491706779,-0.02782716226277604,0.2209926807348019,0.12293558060480517
2024-11-04 19:00:00,66.37,64.45,65.67,0.7996976174917463,-0.01920927006874984,-0.03670200869928386,-0.00033946258589211007,-0.265833963092603,0.12839878310145647,0.12780115720860932
2024-11-04 23:00:00,66.23,65.33,65.98,0.14735104558932402,-0.01974113732847782,-0.017733575614372388,-0.0003841412818344582,-0.13183508186261828,0.15002992392388123,0.13058512814902232
2024-11-05 03:00:00,67.01,65.96,66.95,-0.5354122260354557,-0.005774529219057412,-0.0132639143846367,-0.00042295650278312123,0.06207017214576793,0.2312269050770067,0.1304483184955411
2024-11-05 07:00:00,67.28,66.73,66.99,-0.42090800114319943,0.007666253882702145,-0.020494436329265953,-0.00044894670596033954,0.06490583089571134,0.26554532863909996,0.13191929201644872
2024-11-05 11:00:00,67.27,65.13,66.59,1.237704176810704,-0.009551066105112138,0.005453345608256166,-0.0004764212783578453,0.05900095222603441,0.19410086676475644,0.1343639547820316
2024-11-05 15:00:00,66.91,65.73,66.36,0.2204268663982576,-0.001481376645020016,0.009558821161179232,-0.0005131993280906377,0.00849852813200691,0.21220817427540165,0.13692379710891486
2024-11-05 19:00:00,66.56,64.85,66.26,-0.0303459410659482,0.0050062381386144494,-0.01920927006874984,-0.0005610904956005175,0.20905526879822878,0.15762203537906588,0.13930469037542945
2024-11-05 23:00:00,68.82,65.34,68.28,1.289225655095314,0.021932406445500874,-0.01974113732847782,-0.000597088770387657,0.13705829498487043,0.2785318655371143,0.13527705902328138
2024-11-06 03:00:00,70.9,68.26,70.02,3.4896134352169894,0.045357574825304114,-0.005774529219057412,-0.0006092229671286737,0.051059355705801446,0.5006597767360093,0.13185607635317176
2024-11-06 07:00:00,70.65,68.46,70.1,1.563590944653283,0.03826399910086353,0.007666253882702145,-0.0006152199714738887,-0.10032835308298649,0.4941541322979848,0.13173425849107231
2024-11-06 11:00:00,70.34,69.12,69.22,0.5189431231693336,0.05525591101494198,-0.009551066105112138,-0.0006211615778971049,-0.12226174573312243,0.5202803595822533,0.1331567565695545
2024-11-06 15:00:00,69.92,69.03,69.84,0.15910952961475514,0.04639303908383052,-0.001481376645020016,-0.0006291750206950423,-0.06733969375655846,0.48690956956542364,0.1317731677830677
2024-11-06 19:00:00,71.6,69.54,71.45,0.8461004908908003,0.06969137464008379,0.0050062381386144494,-0.0006357335391750904,0.02921930870596312,0.5664728158989272,0.12911552561563336
2024-11-06 23:00:00,72.28,70.49,71.54,0.7958022773978591,0.061932276735612524,0.021932406445500874,-0.0006198897118041127,-0.0834488948850336,0.6493514143775444,0.12916214711134277
2024-11-07 03:00:00,71.92,69.88,70.51,0.1611206308194099,0.018422238325944917,0.045357574825304114,-0.0005972276420506312,-0.05936924438209812,0.6150550344908577,0.13084388293042765
2024-11-07 07:00:00,71.15,70.3,70.91,-0.2929233801531986,0.017834324797778134,0.03826399910086353,-0.000577768552391733,0.059672914295177515,0.6047826416254133,0.13013819849886268
2024-11-07 11:00:00,71.09,70.17,70.55,0.12662664173430846,0.012218112369724476,0.05525591101494198,-0.0005647535338962857,-0.03787787640438545,0.5963900259247703,0.13083699487061362
2024-11-07 15:00:00,72.28,70.36,71.95,0.2520063085395615,0.030733417672965224,0.04639303908383052,-0.0005404087751698939,0.008354139857431164,0.6773300876795209,0.12938499126804792
2024-11-07 19:00:00,72.39,71.24,71.5,0.1149089511291059,0.02093816137340898,0.06969137464008379,-0.0005004537501911355,-0.024359274293980104,0.6843325185831495,0.13057001686157504
2024-11-07 23:00:00,72.64,70.87,70.93,-0.0017110617823768023,0.00779545258518799,0.061932276735612524,-0.00045976099603247154,-0.03793756498806,0.6854278621387891,0.13086338535745207
2024-11-08 03:00:00,71.48,70.73,71.15,-0.35748703996063713,0.00360861070364793,0.018422238325944917,-0.00042260614557352455,-0.00687225423039961,0.6216515728368125,0.12974663439706843
2024-11-08 07:00:00,71.56,70.64,71.53,-0.31468147591506196,0.002980587656819411,0.017834324797778134,-0.00038737152494472095,0.06948266962919702,0.6067373763632216,0.12822657688049544
2024-11-08 11:00:00,72.2,71.25,71.68,-0.07443707308562927,0.013749622935140593,0.012218112369724476,-0.00034851527030436703,0.09436094834187347,0.6688875101284568,0.12663521406929049
2024-11-08 15:00:00,72.98,71.08,72.6,0.8576193001633182,0.008350087590734745,0.030733417672965224,-0.0002970577324438821,0.11442022837979948,0.7185887161867143,0.12321287624083499
2024-11-08 19:00:00,73.05,71.62,72.4,0.15944988310564706,0.006250859281448307,0.02093816137340898,-0.0002463444316527927,0.024425724904721946,0.7261750593046921,0.12079123442965527
2024-11-08 23:00:00,73.34,72.27,72.91,-0.18222850457812925,0.012630071772359974,0.00779545258518799,-0.0002026928879192799,0.17481463702086786,0.7699859596279557,0.11931489661847014
2024-11-09 03:00:00,73.46,72.27,73.18,-0.13007681074175428,0.02404797685718174,0.00360861070364793,-0.00018315239955468592,-0.09777378500542266,0.7811186434775703,0.11973414942831946
2024-11-09 07:00:00,73.96,72.86,73.52,-0.094013628275589,0.034416736876895504,0.002980587656819411,-0.0001513601321644047,-0.019240972842710202,0.8344485250162517,0.12115115041677213
2024-11-09 11:00:00,73.78,72.42,72.74,-0.33048555963706566,0.02100039950546817,0.013749622935140593,-0.00011978694871869393,-0.07450188384823264,0.80913744335676,0.122881142419231
2024-11-09 15:00:00,72.74,71.58,72.45,0.0520001790624221,0.0016528492355774027,0.008350087590734745,-9.710058006547188e-05,-0.08364426821110116,0.729709321215845,0.12382558760188207
2024-11-09 19:00:00,73.2,71.91,73.13,-0.2006408370147284,0.0019344262883882468,0.006250859281448307,-8.764051840856081e-05,-0.027177334788612617,0.7392048300643621,0.12415000037287043
2024-11-09 23:00:00,75.12,73.05,74.94,0.8062267764458643,0.020303434397085374,0.012630071772359974,-7.486210630703132e-05,-0.026877006615089627,0.9076338981000426,0.1257730709835869
2024-11-10 03:00:00,77.63,74.87,75.65,3.154865402997175,0.04527849186403432,0.02404797685718174,-4.631794927887346e-05,0.17494461032468078,0.9999999991443238,0.13094141058416228
2024-11-10 07:00:00,77.3,75.5,77.21,0.9497619878209038,0.04063341338235671,0.034416736876895504,6.273597088216178e-06,-0.03206664859625641,0.999999999162747,0.13721216041852202
2024-11-10 11:00:00,78.14,76.34,77.28,2.6059974761262477,0.05841405831098734,0.02100039950546817,6.196632355731178e-05,0.1414622285113536,0.9999999992285522,0.1459416298628729
2024-11-10 15:00:00,78.18,76.88,77.97,1.5072573807123475,0.0747026540875726,0.0016528492355774027,0.00013832739533895167,-0.06332387653296634,0.9999999992446332,0.154083939985183
2024-11-10 19:00:00,78.2,73.45,76.13,2.4852097287198878,0.04820953039490261,0.0019344262883882468,0.00022685639062458698,-0.003403669114583341,0.8632844136617972,0.1629977690110507
2024-11-10 23:00:00,77.96,75.85,77.43,0.4238075655761684,0.03878667434352945,0.020303434397085374,0.00028661273223772634,-0.05406044569695334,0.9503745532371638,0.1672353950082475
2024-11-11 03:00:00,77.5,74.57,75.43,1.1115036868561512,-0.001260904187750489,0.04527849186403432,0.00037237954986813,-0.12340598815319737,0.8657895551434649,0.17423156246546398
2024-11-11 07:00:00,76.96,75.04,76.7,1.352718752992036,-0.0031040521281495703,0.04063341338235671,0.0004343993858768987,-0.1468803584138183,0.8752285728832028,0.17619270127564243
2024-11-11 11:00:00,78.02,75.92,77.76,2.047548595796351,-0.0075544677829390006,0.05841405831098734,0.0004974250518848588,0.002007535172437347,0.9298603547364102,0.18024464296508208
2024-11-11 15:00:00,78.89,77.05,78.47,5.0,0.005756098506753071,0.0747026540875726,0.0005545392228513862,0.10961905103348335,0.9999999992142665,0.18579087451535226
2024-11-11 19:00:00,79.31,77.32,79.18,3.2035896278082565,0.033846036732239515,0.04820953039490261,0.0006230808941907848,-0.09446899884696236,0.9999999992331233,0.19197866016858167
2024-11-11 23:00:00,80.37,77.1,78.66,3.000298862166668,0.02457474046200625,0.03878667434352945,0.0006970813058723843,-0.08015708031755031,0.9999999992625802,0.19973887771928425
2024-11-12 03:00:00,79.39,68.0,78.77,3.4905952701027516,0.022008210652556537,-0.001260904187750489,0.0008007617155503013,-0.06491761821699416,0.9074944162500899,0.20561875356479184
2024-11-12 07:00:00,82.78,74.33,76.77,5.0,0.038997926684168904,-0.0031040521281495703,0.0008682567042954825,0.17036994141526263,0.9999999992711266,0.2141806845272928
2024-11-12 11:00:00,77.86,74.05,76.42,3.023665358407446,-0.010932110736738387,-0.0075544677829390006,0.0010060708313651373,-0.03611054002306413,0.7709670654612663,0.21733507597182075
2024-11-12 15:00:00,77.22,74.13,77.06,1.3193053189412138,-0.030149640002622435,0.005756098506753071,0.001077147634076032,-0.05465174992066213,0.7557826689478262,0.21813063806980681
2024-11-12 19:00:00,78.37,76.34,78.3,0.6105509020524498,-0.017885272121683005,0.033846036732239515,0.0011326000462894654,0.03411798178881886,0.848090749205636,0.21858063322182397
2024-11-12 23:00:00,78.36,74.06,75.59,1.013937494906566,-0.03630763607600884,0.02457474046200625,0.0012349946285192598,0.0351083165079793,0.7792517116342466,0.22591149686860543
2024-11-13 03:00:00,75.7,71.86,72.59,1.1712119650289659,-0.056965256883507065,0.022008210652556537,0.0013661242524111365,0.1743347309563441,0.574023706760932,0.23372515131420138
2024-11-13 07:00:00,73.89,72.46,73.28,0.45241732790980954,-0.0772878566588161,0.038997926684168904,0.0014131084812341191,0.06507637358650964,0.5538694685192699,0.22983917460148467
2024-11-13 11:00:00,76.87,72.73,76.79,2.0478348735117895,-0.017919011426778986,-0.010932110736738387,0.0014134371369639393,-0.03709770504462717,0.671636773943753,0.21751156940383515
2024-11-13 15:00:00,77.93,75.42,77.65,2.388548317294975,0.011491238294558004,-0.030149640002622435,0.0014184707247087717,-0.010197444733482386,0.8193074571598147,0.21338873498628444
2024-11-13 19:00:00,77.9,73.16,75.16,2.664437681817543,-0.030887139872818548,-0.017885272121683005,0.001523633779394115,-0.02843514129158986,0.6744922203335734,0.21790871896637443
2024-11-13 23:00:00,75.93,74.17,75.53,0.3382109266250013,-0.01274208412610034,-0.03630763607600884,0.001556911255085066,0.09193685385665074,0.7085130700318045,0.21483829664220921
2024-11-14 03:00:00,85.0,74.55,81.15,5.0,0.10985555304790218,-0.056965256883507065,0.0014790652409637111,0.010454992889520787,0.9999999993723911,0.2034083070648477
2024-11-14 07:00:00,83.13,80.1,80.2,1.3968389771048797,0.11711201105327618,-0.0772878566588161,0.0015732594345079826,-0.10499776119185023,0.999999999381068,0.20679793927425602
2024-11-14 11:00:00,81.7,78.28,78.51,1.7553162336307468,0.07223680355539153,-0.017919011426778986,0.0017020168751855505,-0.003981812677942398,0.9042657510674798,0.20966236960638873
2024-11-14 15:00:00,84.63,77.63,81.97,3.103218628911868,0.05760659284565328,0.011491238294558004,0.0017563135016930751,0.06817520810312683,0.9692531877661869,0.2023332211636935
2024-11-14 19:00:00,84.65,81.32,83.62,1.5271401714142174,0.10921663206588805,-0.030887139872818548,0.0017898006337274488,0.0625477304069697,0.9999999994258014,0.20137615398116665
2024-11-14 23:00:00,83.82,79.37,82.31,1.6392168839590544,0.08532786889299904,-0.01274208412610034,0.0018971315540087489,-0.06833138487469659,0.9265828359154518,0.20485494031676774
2024-11-15 03:00:00,82.8,78.84,81.64,0.8500042654575649,-0.002867199836991241,0.10985555304790218,0.0019712174764344613,-0.020809012149353157,0.9014960359808173,0.2064702885721661
2024-11-15 07:00:00,83.38,80.57,83.36,0.5066587668596252,0.006857433973006533,0.11711201105327618,0.001997447727527451,0.16333586075868767,0.9598676317733262,0.20409195890084042
2024-11-15 11:00:00,87.37,83.05,84.19,4.417252257281938,0.062413608702498236,0.07223680355539153,0.00198325828785835,0.051964996468701674,0.9999999994900176,0.20383942579765552
2024-11-15 15:00:00,84.38,81.6,82.3,1.0586270459226876,0.023529347556280555,0.05760659284565328,0.002129871424879669,-0.08502197036810988,0.895995986837455,0.20602912375765695
2024-11-15 19:00:00,84.84,82.24,84.09,0.4338467845326449,0.009042918408146638,0.10921663206588805,0.0021912862967090885,0.16695117641465873,0.9263909310026274,0.20080890426931475
2024-11-15 23:00:00,84.83,82.84,84.02,0.44499923840598543,0.02743319079975426,0.08532786889299904,0.002263618153391995,0.019874121677141865,0.9371366797068872,0.2023245439099647
2024-11-16 03:00:00,87.28,83.34,86.72,1.292420844074575,0.05307960459743932,-0.002867199836991241,0.0023002686213556556,0.05015455690247239,0.9999999995002208,0.2032625966688343
2024-11-16 07:00:00,90.8,85.97,89.21,2.871208359954155,0.07561142488041495,0.006857433973006533,0.00231070800128822,-0.10778222121782921,0.9999999995639149,0.20844946405926193
2024-11-16 11:00:00,93.16,86.59,92.94,2.7170047794243986,0.05094918243484026,0.062413608702498236,0.002396060216597151,-0.057474947168473456,0.9999999995823496,0.21602593060158012
2024-11-16 15:00:00,97.9,87.9,96.98,5.0,0.11673803976685337,0.023529347556280555,0.0024175845474608787,0.06645807191730846,0.9999999996332106,0.22981380544915203
2024-11-16 19:00:00,98.49,93.53,95.22,2.438543120613511,0.14914967756605613,0.009042918408146638,0.002456285677878379,-0.21037794191764025,0.9999999996736304,0.2512339350415368
2024-11-16 23:00:00,97.43,88.9,91.09,2.957028797692041,0.10596254904791791,0.02743319079975426,0.002698534837550504,0.004176356081444732,0.889714562171371,0.27095913015929907
2024-11-17 03:00:00,91.5,89.0,90.86,0.6405884927910718,0.055637271599360494,0.05307960459743932,0.002882654194409661,-0.05729034386491161,0.8082523961239056,0.27777093898202776
2024-11-17 07:00:00,92.18,89.34,89.67,0.7847763545287908,0.028926904666467745,0.07561142488041495,0.0029366477903963917,-0.07579739133418273,0.8318715672675978,0.2854671507734611
2024-11-17 11:00:00,92.0,86.78,88.99,1.612306863321853,-0.010750629877200213,0.05094918243484026,0.00310052398966178,0.01743287857391751,0.7500679729904477,0.2897624364671467
2024-11-17 15:00:00,89.68,86.19,86.38,0.13033158892823454,-0.04817067123555174,0.11673803976685337,0.0031450160382729213,-0.10101478938435271,0.7440022387492041,0.2986715356674816
2024-11-17 19:00:00,87.42,84.68,86.99,0.5714526681442087,-0.10307092948777452,0.14914967756605613,0.003246144385173735,0.01854479505459472,0.6766751149731721,0.29642410782163103
2024-11-17 23:00:00,91.0,86.13,90.3,0.5987585692177709,-0.038930587233271585,0.10596254904791791,0.003148813393238621,0.19620171909323214,0.7718860431146379,0.28780056603044885
2024-11-18 03:00:00,95.0,89.46,93.66,1.678926515462488,0.029336499966689633,0.055637271599360494,0.0030546391924982544,0.07358466684617149,0.8946533391782066,0.28352605895030597
2024-11-18 07:00:00,94.1,90.0,91.29,0.706445603570974,0.01286844145357513,0.028926904666467745,0.0031424348518065,0.029656926642911197,0.8700752408706905,0.2932895458327597
2024-11-18 11:00:00,91.82,88.43,88.69,0.864963550136421,0.019187527275033478,-0.010750629877200213,0.0032579323299075664,-0.11823431784830474,0.805462063581991,0.30103171879142215
2024-11-18 15:00:00,91.41,88.47,88.99,0.698298774865378,0.015722723939437522,-0.04817067123555174,0.0033016630815808712,0.10994161142655945,0.7892981265363019,0.29981431260421026
2024-11-18 19:00:00,89.51,86.38,88.87,1.0639068897504356,0.020822427661746357,-0.10307092948777452,0.0033766138137186316,-0.053497753376333446,0.7352609198867682,0.2991962805401385
2024-11-18 23:00:00,89.61,88.05,89.03,-0.2571255011913929,-0.0019115018269336703,-0.038930587233271585,0.003322222396027424,-0.16611600479214028,0.7663258620109105,0.2977733377027078
2024-11-19 03:00:00,89.97,87.79,89.4,0.11962109607761225,-0.044139402859415644,0.029336499966689633,0.003316436503314561,-0.11078874360846136,0.7608416630225006,0.29574523205149145
2024-11-19 07:00:00,90.18,87.3,88.28,0.4851112405346744,-0.0380624936483388,0.01286844145357513,0.0033122673731542955,-0.29106820405248346,0.7556216422418952,0.29764580543155356
2024-11-19 11:00:00,89.03,85.8,86.74,0.46915760666008893,-0.030321070569687247,0.019187527275033478,0.0033448040397924565,0.02547398037627091,0.716245999821528,0.29877736320227744
2024-11-19 15:00:00,88.26,86.23,87.99,0.14388017142176635,-0.028461155885397105,0.015722723939437522,0.003319038701998353,-0.10189451550634698,0.7060146799406699,0.2903596364731357
2024-11-19 19:00:00,88.29,85.07,86.05,0.06819746667524156,-0.01741900647149408,0.020822427661746357,0.0032994094322953086,0.10769491330905501,0.6852304452977325,0.29190836173745816
2024-11-19 23:00:00,86.98,85.0,85.56,-0.137092825304591,-0.03462271202256151,-0.0019115018269336703,0.003260649176635186,-0.07342912967235138,0.6658077426992131,0.290013317432578
2024-11-20 03:00:00,85.99,82.96,85.21,0.4756746434828326,-0.046589233048251466,-0.044139402859415644,0.0032482422711942413,0.02843721546993816,0.6258373392683292,0.28795714748433954
2024-11-20 07:00:00,87.15,84.85,85.6,-0.11127901572097333,-0.029410857447512595,-0.0380624936483388,0.003146434549870566,0.6862467844934119,0.6705496194582258,0.28467962651499074
2024-11-20 11:00:00,87.83,85.07,86.78,0.1814099773630617,-0.012353740044575012,-0.030321070569687247,0.003093965854772926,0.025694140207779936,0.6809987737492766,0.2791808124747629
2024-11-20 15:00:00,86.88,82.52,83.55,0.27205189999886625,-0.032470399105732684,-0.028461155885397105,0.0031300955676989775,0.08953971949634609,0.6137035745119275,0.287927212200278
2024-11-20 19:00:00,84.85,82.33,84.16,-0.4114319034815508,-0.031736482207018635,-0.01741900647149408,0.0030824054244459904,0.030052368313054245,0.5956654334924714,0.28209808782074774
2024-11-20 23:00:00,84.95,81.54,82.84,-0.264370579800459,-0.029802456665860566,-0.03462271202256151,0.0030289411031295204,0.10354304365328115,0.5822796791447593,0.2839112048461897
2024-11-21 03:00:00,93.0,82.59,90.19,1.8997762390668291,0.03845749488628636,-0.046589233048251466,0.002807837238316706,0.16896895725223038,0.7320859254492267,0.25874414135246265
2024-11-21 07:00:00,90.81,88.1,89.32,0.8489564525292606,0.04476735678888111,-0.029410857447512595,0.002721393531536341,-0.09306136059400505,0.7962324505392402,0.2594525388970525
2024-11-21 11:00:00,91.17,88.75,89.5,1.3775159495988796,0.04222524023378327,-0.012353740044575012,0.002706342945284934,0.1361270922708655,0.7999859171415558,0.2578807173493397
2024-11-21 15:00:00,89.59,87.08,89.55,0.15634967942910885,0.04999529688653159,-0.032470399105732684,0.0027360866500698105,-0.05701293867191448,0.7512216346548439,0.2570192579259407
2024-11-21 19:00:00,89.79,87.96,89.07,-0.41681368427281107,0.06101205895255912,-0.031736482207018635,0.0026999316466459087,0.0336976221191041,0.7623858748415633,0.2576803905587591
2024-11-21 23:00:00,91.23,88.46,89.98,0.163383820586344,0.07923128275476432,-0.029802456665860566,0.0026437130023780242,0.033787324249848316,0.7977250692214412,0.2542788664495369
2024-11-22 03:00:00,91.5,89.0,90.19,0.2883214289008216,0.027830609561368735,0.03845749488628636,0.002613763534713331,-0.14153225970888927,0.8119320078277785,0.2528391885457697
2024-11-22 07:00:00,91.0,89.04,89.5,0.04763720131042763,0.00185612753788722,0.04476735678888111,0.002599073346096533,-0.07942790207530781,0.801676748815304,0.25119390150220816
2024-11-22 11:00:00,92.78,87.63,88.92,1.1641992930368266,0.002070700200609732,0.04222524023378327,0.0025626599481962833,-0.024247807277088085,0.8060673612716546,0.24806434830245416
2024-11-22 15:00:00,90.98,88.71,89.58,0.24779812358143016,0.0179834753112178,0.04999529688653159,0.002535981842266902,0.06226417803137796,0.8031603929393334,0.24217580067283084
2024-11-22 19:00:00,91.41,89.42,90.9,-0.08154607568484344,0.02001048028542196,0.06101205895255912,0.0024922674916561935,-0.1166676546127654,0.8204023050113067,0.23644270114806318
2024-11-22 23:00:00,103.44,90.7,98.61,4.535646201084662,0.0938220094236486,0.07923128275476432,0.0022710001832985808,0.0416780667839487,0.9999999996958512,0.22067833953708035
2024-11-23 03:00:00,104.99,98.53,103.26,2.477558543523209,0.1296619919316906,0.027830609561368735,0.0022282386411431533,-0.013711288313972836,0.9999999997267239,0.2155263470020064
2024-11-23 07:00:00,105.0,100.86,102.56,1.6250447656750606,0.13652937842662705,0.00185612753788722,0.002288731473828209,0.15573108734197105,0.9999999997286767,0.21977309088005975
2024-11-23 11:00:00,103.97,101.99,102.7,0.5864938620563838,0.14034806938272282,0.002070700200609732,0.002344771733990036,0.02108016584382799,0.9999999997322885,0.22595863112321068
2024-11-23 15:00:00,106.36,96.86,99.75,3.2072039460181467,0.12051157884358554,0.0179834753112178,0.002453037973372198,-0.022321377991880165,0.9494419791703587,0.2345055614709156
2024-11-23 19:00:00,100.2,96.22,99.06,0.42981744578489905,0.08630986339722724,0.02001048028542196,0.002551883314783253,0.12652432292625537,0.8823228131073939,0.23261546091277918
2024-11-23 23:00:00,102.65,98.24,102.11,0.04729144458698202,0.023911850638235865,0.0938220094236486,0.0025040445441147125,-0.08022049116065955,0.9431601745462727,0.2257867405006253
2024-11-24 03:00:00,103.18,99.3,101.67,0.009525686712817645,-0.00802818023762708,0.1296619919316906,0.0025293396972635523,0.027925751580013092,0.9577007842838898,0.23201265190936537
2024-11-24 07:00:00,102.15,97.77,98.72,-0.019157771396623523,-0.02359401861115662,0.13652937842662705,0.002618233819000922,-0.1848173858571751,0.9220515860719777,0.238862000658891
2024-11-24 11:00:00,99.07,91.53,94.52,2.1704864961911516,-0.07864172384197465,0.14034806938272282,0.002804617150562982,-0.0779950425657795,0.7835111065641339,0.24301933250304075
2024-11-24 15:00:00,96.63,92.08,96.19,0.0465709441537038,-0.0687311377475256,0.12051157884358554,0.0028284089519169226,0.017278260288368097,0.7637103561932248,0.2371213764907211
2024-11-24 19:00:00,98.07,95.09,97.28,-0.22030400907048267,-0.016757119313238422,0.08630986339722724,0.0027412277651572173,-0.2624361644533434,0.8381649028148056,0.23476341979929718
2024-11-24 23:00:00,98.15,93.38,95.68,0.2973359304470024,-0.04478610078622236,0.023911850638235865,0.0027567332795086306,-0.14303362098686312,0.8224163776451549,0.236185352909521
2024-11-25 03:00:00,97.63,95.56,96.49,-0.42056964004503883,-0.04630992131068179,-0.00802818023762708,0.002746239184870546,-0.09395756932310562,0.8321753767924499,0.23110481214049186
2024-11-25 07:00:00,98.98,96.08,98.4,-0.047529562277487454,-0.02070608255594486,-0.02359401861115662,0.0027000912188780268,0.19506623840834147,0.8666648467587679,0.2264323612064548
2024-11-25 11:00:00,99.23,93.83,93.91,0.04771088643022169,0.02113498903176092,-0.07864172384197465,0.0027287318055515906,0.06690387295564393,0.8371170771042449,0.2345513475307626
2024-11-25 15:00:00,96.8,92.25,94.73,0.3670889090618253,0.009272387114530378,-0.0687311377475256,0.0027720140665073783,-0.001098810067633349,0.7870448808085946,0.22786009710098112
2024-11-25 19:00:00,95.97,90.92,93.2,-0.1945549256651641,-0.03353800792160677,-0.016757119313238422,0.002791897274761206,0.22997698862246052,0.7512674143673435,0.2280044023620851
2024-11-25 23:00:00,95.31,91.6,94.85,-0.27652805293075,-0.023275390963198972,-0.04478610078622236,0.002747142821437111,0.30624905630974597,0.7624760388534491,0.2206879538081151
2024-11-26 03:00:00,94.91,93.24,93.98,-0.7957651391426387,-0.02550719820738001,-0.04630992131068179,0.0027160446850320588,0.1463218271225355,0.7662386144449644,0.2212068098696343
2024-11-26 07:00:00,93.95,89.33,89.36,0.13362240913782303,-0.06544320805581605,-0.02070608255594486,0.0027532238774451946,-0.16218220812727202,0.6952353719056178,0.23258550811001139
2024-11-26 11:00:00,91.85,87.95,91.27,0.35693890028464276,-0.07171621220532787,0.02113498903176092,0.0027461456100650525,0.05876338175755391,0.6513744269750686,0.2276732619607842
2024-11-26 15:00:00,92.16,88.88,89.91,-0.417014205741459,-0.04251772101788265,0.009272387114530378,0.0026105798918099297,0.003750253228400391,0.6790543260323454,0.2294681601203834
2024-11-26 19:00:00,92.44,89.2,91.74,-0.5642042296893207,-0.02888555822007821,-0.03353800792160677,0.0025109196819131244,0.09715316701669408,0.6789345762956002,0.2240295561474142
2024-11-26 23:00:00,93.83,91.47,93.24,-0.5213240385247762,-0.012520279681710322,-0.023275390963198972,0.0023690391632781626,-0.0961876248817517,0.7309834495813955,0.22055325318190644
2024-11-27 03:00:00,95.4,92.44,94.6,-0.48551800810744455,0.0005229828944035564,-0.02550719820738001,0.002252462756472829,-0.044129011755624226,0.7675560548574876,0.21786994957733788
2024-11-27 07:00:00,95.96,94.28,95.96,-0.3867722129278093,0.040266523846072655,-0.06544320805581605,0.0021309468191391704,0.005981690904476755,0.7938112720512119,0.21558914223364425
2024-11-27 11:00:00,96.7,93.87,96.2,-0.04159396209432428,0.06331031507375928,-0.07171621220532787,0.0020266093112614233,-0.16172227870427458,0.8035866520432288,0.2156447721567257
2024-11-27 15:00:00,97.34,95.65,96.71,-0.3120100154481678,0.06237353495917408,-0.04251772101788265,0.0019230916085371894,0.00470639885719204,0.8307408143353875,0.2136804047504843
2024-11-27 19:00:00,99.0,96.28,97.63,-0.09545039379869379,0.07669889270716945,-0.02888555822007821,0.0018387062898109134,0.18373574324989494,0.8654497837249017,0.21166539295960327
2024-11-27 23:00:00,98.31,96.6,96.76,-0.5747928876336238,0.05100328552175748,-0.012520279681710322,0.001774648869309095,0.030795351384953706,0.8576671315766038,0.21450963083851093
2024-11-28 03:00:00,97.6,95.36,96.74,-0.692780090024542,0.02663354954788799,0.0005229828944035564,0.0017170497952398239,0.06246277063248051,0.8346834224304646,0.21566053723898337
2024-11-28 07:00:00,97.14,94.54,94.81,-0.5384935684780119,0.007194612868871575,0.040266523846072655,0.0017016955886426837,0.15399421297329163,0.8121335161809763,0.22027347596305857
2024-11-28 11:00:00,96.2,94.05,95.13,-0.5129762595917439,-0.004288776783390014,0.06331031507375928,0.0016753867271420359,0.22406600654412756,0.7926226645886533,0.21886252680130072
2024-11-28 15:00:00,95.57,93.66,95.4,-0.5751619409884294,-0.018654675146258404,0.06237353495917408,0.0016189838926724625,-0.08951385230247622,0.7825447613586365,0.2177322138863749
2024-11-28 19:00:00,96.13,94.47,96.06,-0.7721544050975496,-0.026615997149923465,0.07669889270716945,0.001550831888371949,-0.13023676187540767,0.7957611161187934,0.21581914349878303
2024-11-28 23:00:00,97.6,95.25,97.23,-0.6504038187828661,-0.01286230858273607,0.05100328552175748,0.0014918336169211879,0.04220542764417079,0.8240898507917035,0.2133438055619582
2024-11-29 03:00:00,97.38,95.69,95.97,-0.8162566646042887,-0.002338779439858385,0.02663354954788799,0.0014425587677398138,-0.06645398803529567,0.8286317517569854,0.21573474828423633
2024-11-29 07:00:00,97.17,94.72,96.98,-0.5642952658715321,-0.00047504947947962783,0.007194612868871575,0.0014000208354910237,-0.060745580622472484,0.8109150219535111,0.2127346255181052
2024-11-29 11:00:00,99.53,96.5,99.39,-0.3077500283505139,0.030350452133481642,-0.004288776783390014,0.0013173204108440646,-0.022182662905447237,0.8698789200031326,0.20693464453771734
2024-11-29 15:00:00,102.5,98.8,101.15,0.3690990965218054,0.06472865136884898,-0.018654675146258404,0.0012703949810261052,0.09252049562476738,0.9466574644650007,0.2048840217910642
2024-11-29 19:00:00,104.54,100.73,103.07,-0.16877397085845516,0.08160539907762199,-0.026615997149923465,0.0012386519957188187,-0.013832664513055426,0.9999999997332865,0.20245743152526552
2024-11-29 23:00:00,104.92,100.72,101.05,0.04072234860677956,0.0682965350304694,-0.01286230858273607,0.001253763532743088,-0.28338900288461333,0.9963579927774519,0.2047431624690302
2024-11-30 03:00:00,102.09,100.33,101.05,-0.49985098514705384,0.050192145977489,-0.002338779439858385,0.0012836008758068441,0.08833931265325079,0.9546300623139009,0.2020200870903568
2024-11-30 07:00:00,104.82,100.76,101.52,0.09382653769759668,0.07116239759803511,-0.00047504947947962783,0.0012746380614627,0.1448249129824648,0.9896558443978645,0.19867223910446616
2024-11-30 11:00:00,102.6,100.83,101.03,-0.46445118127113294,0.04014338418067953,0.030350452133481642,0.001323033292513866,-0.14206653209320397,0.9715291043268888,0.1976199662450579
2024-11-30 15:00:00,103.04,100.8,102.56,-0.5623030820156596,0.013227420984895488,0.06472865136884898,0.0013594656600944678,0.012233891767120308,0.9787031057048236,0.18909149118042964
2024-11-30 19:00:00,103.3,101.5,101.88,-0.7138028158135418,-0.005097496275557445,0.08160539907762199,0.001423273666895105,-0.041495660970375936,0.9860006624210468,0.1841078824003937
2024-11-30 23:00:00,103.88,99.35,99.61,0.09298748763898906,-0.0127983474779515,0.0682965350304694,0.0015333435016838138,0.27023825337766705,0.9612562936503518,0.17673099166285883
2024-12-01 03:00:00,101.71,99.58,101.21,-0.65461870775416,-0.005675593189589434,0.050192145977489,0.0016058395464846021,-0.02927269393853993,0.9393005893086548,0.17332408704196461
2024-12-01 07:00:00,102.29,100.59,101.09,-0.7583368809634295,-0.01041533985356935,0.07116239759803511,0.0016226248864224368,-0.10952327036792653,0.9611597642696004,0.1716299640590378
2024-12-01 11:00:00,102.98,100.65,102.95,-0.42174045553920875,-4.8498864574364475e-06,0.04014338418067953,0.001656872364492052,0.13868302351834583,0.9715159230850758,0.16803848983299796
2024-12-01 15:00:00,110.78,102.95,106.71,2.1355078750200933,0.05319401492007181,0.013227420984895488,0.0015883275285956237,0.06227160718921598,0.9999999997626381,0.16563378780591492
2024-12-01 19:00:00,120.0,106.57,119.92,3.2750644160619733,0.11642024495267389,-0.005097496275557445,0.001550655380358476,0.057437824496103795,0.9999999997954804,0.17408055091558394
2024-12-01 23:00:00,129.78,118.69,123.38,3.9002046892798043,0.22703746640247058,-0.0127983474779515,0.0015036787890964055,0.06409402930135966,0.999999999830763,0.198412606864098
2024-12-02 03:00:00,124.32,117.48,122.64,1.3161759319740416,0.2002635275210798,-0.005675593189589434,0.0017190917442984476,-0.021203332902882788,0.9372801551801312,0.2223781417633407
2024-12-02 07:00:00,125.09,114.63,115.63,2.564177635562054,0.17860838170666393,-0.01041533985356935,0.0019025945971952267,-0.04225487981340015,0.9167252707918053,0.24440670792716582
2024-12-02 11:00:00,124.37,115.19,121.43,1.815014385331631,0.18785359864102524,-4.8498864574364475e-06,0.0020262591017574205,0.026993967176503153,0.9404139483326986,0.24765332346948984
2024-12-02 15:00:00,129.49,118.1,126.12,3.3216193280877846,0.1443957881446596,0.05319401492007181,0.002126086154163948,-0.08873124517329989,0.975947162756706,0.2587267605310225
2024-12-02 19:00:00,139.74,124.31,136.59,4.1960589774992005,0.17354807188296362,0.11642024495267389,0.002079228345492302,-0.01717976974847868,0.9999999998540172,0.2733875491318505
2024-12-02 23:00:00,137.5,129.11,129.98,0.6353749203040728,0.06655908141459976,0.22703746640247058,0.0022847272417581806,-0.18859638935015,0.9800599118134535,0.3095807625253631
2024-12-03 03:00:00,133.86,128.93,129.88,0.16116010441953868,0.08511196044371827,0.2002635275210798,0.0024914444070247422,-0.02654624132727723,0.9550593143402037,0.32989205322341464
2024-12-03 07:00:00,134.58,127.96,129.81,0.672526210995628,0.09418698633217515,0.17860838170666393,0.0026542211654239614,0.036982459434904635,0.9516658388259098,0.3483872847246937
2024-12-03 11:00:00,134.57,121.42,125.99,2.2268580952419934,0.05991389686266135,0.18785359864102524,0.0028606712812648456,-0.08239241784196161,0.9134152440726845,0.37191577841293216
2024-12-03 15:00:00,130.62,123.43,129.76,1.1646251255583175,0.03326527633469745,0.1443957881446596,0.003005818207106167,0.026206840010030596,0.8979776675363526,0.3766677215673224
2024-12-03 19:00:00,133.58,127.24,131.84,0.25397928571464423,-0.026257981110434092,0.17354807188296362,0.0030293461858643287,0.008018139789798706,0.9474450846643916,0.38698542758387205
2024-12-03 23:00:00,135.16,127.43,128.82,0.2753254936117409,-0.01638140763049034,0.06655908141459976,0.0031445483576520586,0.1227235115133054,0.9452961522778246,0.4086042220548369
2024-12-04 03:00:00,132.06,128.36,130.82,-0.4126585587965811,-0.009757559254849224,0.08511196044371827,0.003268852888644337,0.055849613972416945,0.932723393450802,0.41577113808065785
2024-12-04 07:00:00,132.97,129.09,129.28,-0.08058607230216383,0.0014133165838974282,0.09418698633217515,0.003321562446273513,-0.04060327337141545,0.9517662551565879,0.4313576297409511
2024-12-04 11:00:00,130.15,125.83,127.39,0.12208183535031776,-0.003996932798759345,0.05991389686266135,0.0035034989406598285,-0.14935635597136587,0.9005513008511153,0.444682784265059
2024-12-04 15:00:00,129.85,121.9,126.23,0.467730367128012,-0.012144462570478076,0.03326527633469745,0.003631849897304002,-0.06352792101206406,0.8664390025296134,0.45476006111050055
2024-12-04 19:00:00,134.99,125.91,133.33,0.9488201409173853,0.002880540587654412,-0.026257981110434092,0.0035167738558379985,0.012512205240686969,0.9504232707149392,0.4416881101902171
2024-12-04 23:00:00,135.7,124.94,129.1,0.9136324345209098,-0.0030868715984022632,-0.01638140763049034,0.003596995468739375,0.04038619174419811,0.9378850573036753,0.462486743920627
2024-12-05 03:00:00,132.19,125.44,128.05,0.22144829231467464,-0.012495058866197506,-0.009757559254849224,0.003698235784341172,-0.040293396862669195,0.9058662187870355,0.4714917286690187
2024-12-05 07:00:00,132.11,127.51,130.55,-0.10847039897297399,-0.010612518105718949,0.0014133165838974282,0.0037101668174922046,-0.02368903674019407,0.9289217156715757,0.4694415290553447
2024-12-05 11:00:00,144.43,130.47,140.15,2.756262595264818,0.0917044209884954,-0.003996932798759345,0.0035146561733029238,0.19626431738143868,0.9999999998539528,0.44918057749115053
2024-12-05 15:00:00,147.06,139.5,142.5,1.1319044795793176,0.1416291603579536,-0.012144462570478076,0.0035324142162251448,0.07198249942144108,0.9999999998620045,0.45466817242198193
2024-12-05 19:00:00,143.01,130.0,135.02,0.718330543465314,0.04311318066086334,0.002880540587654412,0.003836575454487755,-0.12776532513404681,0.9065263781516587,0.48476846980063065
2024-12-05 23:00:00,139.28,133.0,137.0,-0.004941735034953678,0.04977144348510176,-0.0030868715984022632,0.003917044041389109,0.07625478030551225,0.9070366235154091,0.4839977932937777
2024-12-06 03:00:00,138.33,135.68,136.51,-0.7154997153654583,0.06686015272423473,-0.012495058866197506,0.00399682630613926,0.06660773383388419,0.9078271305183219,0.49022235294971894
2024-12-06 07:00:00,136.5,131.34,133.16,-0.3932435621171566,0.031033110921355522,-0.010612518105718949,0.004168403402370827,-0.10181570968571296,0.8640003804990772,0.5009979345521577
2024-12-06 11:00:00,134.43,130.08,134.07,-0.2650425143966766,-0.05005071750782342,0.0917044209884954,0.004257936003521105,-0.043481405563187914,0.845967386693879,0.4969765128452993
2024-12-06 15:00:00,136.57,131.86,135.67,0.03651854092263837,-0.0644184623784767,0.1416291603579536,0.004240369945327837,0.11477584418425857,0.8701420628199928,0.4896083945823909
2024-12-06 19:00:00,137.8,134.14,136.47,-0.4610227578695638,-0.005412345253298145,0.04311318066086334,0.004227195529742753,0.061787281786311876,0.8943908953544145,0.4860215043725683
2024-12-06 23:00:00,137.67,134.44,135.93,-0.8119547383289136,-0.005129334905878524,0.04977144348510176,0.004273058579046068,-0.03562112877697465,0.8954518086976943,0.48694486555250305
2024-12-07 03:00:00,137.84,134.27,137.2,-0.8459606310804337,-0.00664937942113808,0.06686015272423473,0.004368794173235055,-0.06618456342751489,0.8933297455475185,0.48220903155409145
2024-12-07 07:00:00,138.67,135.32,136.9,-0.5958395910665403,0.025691116663221436,0.031033110921355522,0.00443562126280337,0.16660384550983953,0.911043211322428,0.4828418277241003
2024-12-07 11:00:00,138.66,135.61,136.65,-0.5976648661119888,0.03538224376929944,-0.05005071750782342,0.004545621393061843,0.0185565266186567,0.9116130704513475,0.48247402876760465
2024-12-07 15:00:00,137.49,131.76,134.01,-0.2799665632018207,0.0007347967748554396,-0.0644184623784767,0.004754143359277455,-0.19366404698923811,0.8712749275925017,0.4888296576917677
2024-12-07 19:00:00,134.84,132.2,132.9,-0.8566671778376391,-0.01695690210537726,-0.005412345253298145,0.004855232574147743,-0.07799845854935772,0.8605613085908499,0.48911677320558
2024-12-07 23:00:00,134.5,132.75,133.93,-0.9019245496157061,-0.016607525606567863,-0.005129334905878524,0.004902433473834463,-0.007921175871309027,0.8622899706826849,0.48074216843766554
2024-12-08 03:00:00,135.1,130.91,132.32,-0.774816303559142,-0.023624111208516707,-0.00664937942113808,0.005005327300026827,-0.05266256763379984,0.8466403603619757,0.4804523631233083
2024-12-08 07:00:00,133.86,130.08,132.86,-0.7004784412848108,-0.039502137091532386,0.025691116663221436,0.005095380763720366,-0.05416362263185692,0.8331860608737859,0.470249316110693
2024-12-08 11:00:00,135.0,131.69,133.1,-0.6839575076435587,-0.02660778162383315,0.03538224376929944,0.005060413405274369,0.006178197897536375,0.8588620631974427,0.46059079337156655
2024-12-08 15:00:00,134.93,132.43,132.44,-0.8942655419630797,-0.006099669524907592,0.0007347967748554396,0.005068601448941283,0.06900134315394268,0.8585002721962209,0.4530467072259922
2024-12-08 19:00:00,135.9,131.8,134.72,-0.9412237389781252,-0.0006286000604827091,-0.01695690210537726,0.005062693901997562,0.11489512487418763,0.8593680803933766,0.43616690210001885
2024-12-08 23:00:00,135.41,130.12,130.86,-0.7286388447283452,-0.010785106276154921,-0.016607525606567863,0.005118821615566967,-0.053964149913345194,0.8417987025015761,0.43825620502571644
2024-12-09 03:00:00,131.59,127.61,128.2,-0.7207200830502715,-0.02281175609662145,-0.023624111208516707,0.005216170441605705,-0.014072568342122005,0.8036559362902469,0.43348036811962215
2024-12-09 07:00:00,128.31,122.54,124.9,-0.04837608013311613,-0.048863129360262714,-0.039502137091532386,0.005367238305943535,0.027985683545273865,0.741770188322959,0.43037008142183847
2024-12-09 11:00:00,127.1,120.51,126.62,-0.12627488624804625,-0.07372578412918318,-0.02660778162383315,0.005379894538319694,-0.04609930466271306,0.7190387635420613,0.4118283818335708
2024-12-09 15:00:00,127.21,121.99,122.69,-0.45974396356290126,-0.07388577320390677,-0.006099669524907592,0.005301980075375225,-0.03709730992419391,0.7184002793687402,0.41296318671302124
2024-12-09 19:00:00,123.05,100.56,109.21,3.83928619685793,-0.17430655629916147,-0.0006286000604827091,0.005834657877013835,-0.006430980824337018,0.528701938129253,0.4581741076122789
2024-12-09 23:00:00,113.03,107.12,107.17,1.10746758072607,-0.1679178448856805,-0.010785106276154921,0.00561671039882031,0.036829912704565926,0.5262023999466046,0.4602997789306771
2024-12-10 03:00:00,114.77,105.01,113.92,0.7603239836956015,-0.15223109096160503,-0.02281175609662145,0.005398132450001519,0.14041246508474092,0.5233489087494343,0.4217345023225513
2024-12-10 07:00:00,114.84,112.51,114.01,-0.10362931008995298,-0.09199618510545149,-0.048863129360262714,0.004990921679644228,0.08652933307760069,0.5780684966311951,0.41019905954297853
2024-12-10 11:00:00,114.06,108.62,110.54,0.9742358451714735,-0.10311095006169613,-0.07372578412918318,0.004893763319308987,-0.03184607635439274,0.5379028732937899,0.4129579552802745
2024-12-10 15:00:00,111.19,101.23,104.9,2.123502438509527,-0.14765301579808232,-0.07388577320390677,0.004874954153660958,0.0771782303644808,0.4591112343643287,0.4322098757094188
2024-12-10 19:00:00,111.5,104.74,110.16,-0.028513428200260003,-0.0143060729744382,-0.17430655629916147,0.004419367962142734,0.08874085569052959,0.5062933095608948,0.4024845740483784
2024-12-10 23:00:00,110.83,106.01,109.74,-0.08976025640413325,-0.014239630025317696,-0.1679178448856805,0.00414201863714986,0.08352278494881649,0.5039334382357267,0.3917042332932173
2024-12-11 03:00:00,110.93,109.37,110.54,-0.7308942180424994,0.001830002590853308,-0.15223109096160503,0.003813596067415103,0.06869482501822732,0.5262055770535325,0.37782232816230665
2024-12-11 07:00:00,112.04,108.86,111.99,-0.5494065455785119,-0.026305194701323642,-0.09199618510545149,0.0035426989201604447,-0.047931144612472276,0.5246600392733763,0.36009826427770003
2024-12-11 11:00:00,116.24,111.68,115.71,0.19277488957879804,0.025263941517672972,-0.10311095006169613,0.0032179893962736164,0.2582843873781131,0.5675452784722834,0.33539906065526554
2024-12-11 15:00:00,118.31,114.45,116.12,0.17785956313494322,0.10661613826967131,-0.14765301579808232,0.002933180036263553,0.03078964020483399,0.6095157937608712,0.32534143082522177
2024-12-11 19:00:00,118.6,116.1,118.02,-0.7141712339329795,0.08225092897175257,-0.0143060729744382,0.0027290560437853635,-0.05653967590360598,0.6218940312502418,0.3210234491425246
2024-12-11 23:00:00,120.54,116.46,120.41,-0.7062961260483064,0.087215186907041,-0.014239630025317696,0.0025561051933715643,-0.03014044572568697,0.5984018510275718,0.3155337406200368
2024-12-12 03:00:00,124.0,119.67,121.96,0.16313732945425374,0.10565391573823613,0.001830002590853308,0.0023152042122076893,-0.1331031792590508,0.6573179770198372,0.31170536202924043
2024-12-12 07:00:00,122.99,119.61,120.72,-0.47378079280231644,0.09605578919023872,-0.026305194701323642,0.0021750049868585206,-0.030875525630126188,0.6520422002871822,0.3122701565680114
2024-12-12 11:00:00,123.86,119.46,121.87,0.21464698099345023,0.06781192529090885,0.025263941517672972,0.002015294586665941,-0.12288446322017554,0.6468218648315305,0.3091857625220715
2024-12-12 15:00:00,125.01,120.25,122.44,-0.08999217300814312,0.05038442007859256,0.10661613826967131,0.0018313221743048553,-0.00027509347542964413,0.6634289221948223,0.30831789782415053
2024-12-12 19:00:00,123.13,116.93,118.93,0.2097068095138071,0.015472869486904184,0.08225092897175257,0.0017069910741532995,-0.07916050955058485,0.6148315118658912,0.3163345562940768
2024-12-12 23:00:00,121.92,117.04,120.89,-0.573151538667404,0.01090796802017513,0.087215186907041,0.0015159965390988996,0.006275156880473753,0.6120368353411909,0.3117953465359077
2024-12-13 03:00:00,122.35,119.69,119.8,-0.6738449505655049,-0.005238873964738988,0.10565391573823613,0.001304991659186329,0.041522478394942164,0.6351367454328781,0.3155534313964514
2024-12-13 07:00:00,121.32,118.46,120.16,-0.6228860602452208,-0.0130120743126787,0.09605578919023872,0.0011385578631416975,0.008551770878572729,0.608871881905341,0.3153069891741598
2024-12-13 11:00:00,122.08,119.12,121.9,-0.6468485956574983,-0.005998554926725186,0.06781192529090885,0.000933405287773106,0.033406999051890596,0.6236148980768049,0.3113198291027135
2024-12-13 15:00:00,123.39,117.5,119.09,0.2736501139747561,-0.02257651208010869,0.05038442007859256,0.0007607456197734979,-0.045534151373481824,0.6054905263292807,0.3196482031976326
2024-12-13 19:00:00,123.58,119.06,123.13,-0.5609479587819797,0.019583398295595744,0.015472869486904184,0.0005801414934379567,0.1136099860035269,0.6400128641958155,0.30831026851791576
2024-12-13 23:00:00,125.34,122.18,123.11,-0.422489453092671,0.036129743972896255,0.01090796802017513,0.00043238090913913166,-0.012912787047677399,0.6698685473580925,0.3082660504678349
2024-12-14 03:00:00,123.8,122.09,123.01,-0.8452486496549064,0.015544674660685098,-0.005238873964738988,0.0003027361305150238,0.008158899552827448,0.6596073294994315,0.3079048118614799
2024-12-14 07:00:00,123.57,121.93,122.65,-0.9125645348501917,0.024578344913253947,-0.0130120743126787,0.00015259888558428393,0.06610205561894267,0.6560538645830619,0.30860817731540685
2024-12-14 11:00:00,123.09,117.87,120.1,-0.5207328410334001,-0.0051297254111432045,-0.005998554926725186,6.224481851420328e-06,-0.1189082658957995,0.6116217833621805,0.31584980091228215
2024-12-14 15:00:00,120.63,116.13,116.43,-0.4286411372372808,-0.01245115431938526,-0.02257651208010869,-0.00017321119706576737,-0.08763400366822571,0.5807132528844164,0.3281196096780965
2024-12-14 19:00:00,118.11,115.42,117.74,-0.8342385302172709,-0.04170338432349574,0.019583398295595744,-0.0003718794433409333,-0.15184031504512874,0.5555851849624306,0.32394437172231977
2024-12-14 23:00:00,120.15,116.71,118.65,-0.8657215212744227,-0.03954899156429936,0.036129743972896255,-0.0005702522063436917,-0.050341327152751414,0.5886216316227061,0.3220138246583101
2024-12-15 03:00:00,119.02,117.16,117.25,-0.8455926941504226,-0.041195769019852224,0.015544674660685098,-0.0007751394467593756,0.011139649889575276,0.5754000983721288,0.32712031301085953
2024-12-15 07:00:00,117.7,114.26,116.59,-0.5713652002097985,-0.054052696327388516,0.024578344913253947,-0.0010060277809702774,-0.14133461828685046,0.5457581873853847,0.3296545842007452
2024-12-15 11:00:00,120.41,116.5,120.37,-0.639238250351021,-0.011643168482168731,-0.0051297254111432045,-0.00120817394805092,0.23227153109933996,0.5883809804937609,0.31207345192682806
2024-12-15 15:00:00,120.66,118.6,119.1,-0.8755350320406943,0.01264462853081394,-0.01245115431938526,-0.0014013790718908267,0.12200386312223044,0.6055622324544783,0.30521723567133274
2024-12-15 19:00:00,119.75,115.61,118.26,-0.7767479032963248,0.00891718280975451,-0.04170338432349574,-0.0015856506422008948,0.11011520576593159,0.5728849886770937,0.3039417801825079
2024-12-15 23:00:00,124.03,118.0,121.95,0.01315322333687292,0.027875473242906956,-0.03954899156429936,-0.0016534630460396116,0.036311811585141074,0.643622422611039,0.28878272957645146
2024-12-16 03:00:00,122.47,119.81,120.61,-0.6998226814100084,0.027903647511759777,-0.041195769019852224,-0.001687222026147673,-0.08491842003060035,0.6300875506984069,0.2861653170715604
2024-12-16 07:00:00,121.29,117.59,118.6,-0.4664654604141001,0.027195900976647147,-0.054052696327388516,-0.0017693657741634453,0.18046754640381701,0.5982524117922319,0.2878578056365109
2024-12-16 11:00:00,118.67,115.38,116.42,-0.39482850957212334,-0.0170022823494701,-0.011643168482168731,-0.0018880776409639255,-0.1125951813170506,0.5548380550022503,0.2897481213402808
2024-12-16 15:00:00,122.73,116.14,121.91,0.1987913842726457,0.006294683770385667,0.01264462853081394,-0.0019132140687390252,-0.04435986164914485,0.6180888397931967,0.2705559718274351
2024-12-16 19:00:00,121.92,118.85,119.35,-0.6687248044482297,0.019124840224590933,0.00891718280975451,-0.001963338960997863,0.0122653522169065,0.6103190407040858,0.2691016081199476
2024-12-16 23:00:00,119.78,115.57,117.27,-0.5152770255277456,-0.040177218861853436,0.027875473242906956,-0.0019771913099280863,-0.07539714095444949,0.5621394132425628,0.2669881096020959
2024-12-17 03:00:00,118.1,115.92,116.96,-0.7149159920611708,-0.03548881019568162,0.027903647511759777,-0.0019744173006025173,0.08552930807845827,0.5585933918113429,0.2587551159932463
2024-12-17 07:00:00,119.69,116.61,118.86,-0.7017975369755483,-0.010128099367964993,0.027195900976647147,-0.001959691128097561,0.026263033577332173,0.5781712283446362,0.24493597934188782
2024-12-17 11:00:00,119.9,116.97,118.64,-0.3714841092319551,0.017363267698796037,-0.0170022823494701,-0.0019452847033021553,-0.00930768997741871,0.5885107350670854,0.23521038558102328
2024-12-17 15:00:00,131.48,114.37,127.49,2.9553024288712115,0.03295737299736712,0.006294683770385667,-0.0018632666325592755,0.0452635242322883,0.6840878333055009,0.21367226825422386
2024-12-17 19:00:00,129.8,123.0,123.87,0.5585967292370505,0.05314881100656388,0.019124840224590933,-0.0018098306580311392,0.014340292451956005,0.7163395691575019,0.21393993450338325
2024-12-17 23:00:00,129.11,122.03,126.67,0.7225128328210229,0.0738472551878635,-0.040177218861853436,-0.0017568728098257477,0.10231737692352239,0.705890984605999,0.20315582692689393
2024-12-18 03:00:00,127.46,117.53,118.18,0.47643279341138484,0.04863855884089863,-0.03548881019568162,-0.0017424979353506025,-0.12481393908110627,0.6531010693053799,0.21095833912682022
2024-12-18 07:00:00,121.0,118.07,120.21,-0.23507158114700283,0.014553971663764154,-0.010128099367964993,-0.001749083118891256,0.03150512039938835,0.6067354155791469,0.19944715198656665
2024-12-18 11:00:00,121.13,115.44,115.67,-0.05054177531463048,-0.0061808828993650256,0.017363267698796037,-0.0017513404820888138,-0.008831194342201032,0.5763159881444729,0.19872743801868223
2024-12-18 15:00:00,117.81,114.57,117.71,0.14265950546559586,-0.0667149141368758,0.03295737299736712,-0.001789329260610387,0.1207978170441597,0.5460843473758493,0.18641644970051202
2024-12-18 19:00:00,118.07,107.1,109.69,2.182391179781407,-0.1150672660094394,0.05314881100656388,-0.001897056961663303,-0.023736864185241013,0.4746054528155466,0.19042075906856248
2024-12-18 23:00:00,110.59,103.3,107.9,1.0266819272192909,-0.15075424616738298,0.0738472551878635,-0.0020161401083624584,-0.09770760165318215,0.3404549475018688,0.19106031127892192
2024-12-19 03:00:00,109.38,107.58,108.22,-0.11075187617988734,-0.11592559201245067,0.04863855884089863,-0.0020577949438236255,0.3539214249682441,0.36201801531356176,0.190267333175589
2024-12-19 07:00:00,110.8,108.01,110.23,-0.4483126049221394,-0.0891268167665421,0.014553971663764154,-0.0021137522869612998,-0.033867810039373114,0.37555338425233137,0.18725727723635668
2024-12-19 11:00:00,111.76,106.51,107.27,-0.15793029690795593,-0.07286805700518573,-0.0061808828993650256,-0.002157828365818804,0.06293186022075203,0.3801176502356232,0.1938386228549381
2024-12-19 15:00:00,107.41,97.24,100.3,2.3329289876193067,-0.11923314546899377,-0.0667149141368758,-0.0022707937018447205,-0.1295162954470116,0.24683292239694088,0.22329086757858368
2024-12-19 19:00:00,101.84,94.69,101.59,1.1591261142097171,-0.12321051545677075,-0.1150672660094394,-0.002350374813560941,0.06546803161569059,0.15434815299763896,0.23070381692971237
2024-12-19 23:00:00,103.3,98.42,102.72,-0.2528754080696021,-0.05930666685619823,-0.15075424616738298,-0.0023613025689338245,0.08372293900800454,0.1991045375740973,0.23405515092017232
2024-12-20 03:00:00,102.89,98.5,99.24,-0.5781320131398864,-0.06997530232094196,-0.11592559201245067,-0.0023925483254805023,-0.2586887358777712,0.20511936174863615,0.25857559042680384
2024-12-20 07:00:00,101.75,90.1,90.79,1.4287964756434883,-0.13351703665050219,-0.0891268167665421,-0.0025807015482666048,-0.07502649419562013,0.08883641845124836,0.3181679252150143
2024-12-20 11:00:00,95.3,86.69,94.3,1.618139834640659,-0.16811861893995683,-0.07286805700518573,-0.0027920886705569536,-0.025854657074653398,0.02238186645204113,0.32760837344092936
2024-12-20 15:00:00,98.52,94.28,98.18,-0.2867245848604351,-0.053241509343631144,-0.11923314546899377,-0.0027599601250969433,0.0038038366637929144,0.13172920430520219,0.32314497372394896
2024-12-20 19:00:00,101.99,97.77,101.79,-0.4109729205494823,0.017391220291464782,-0.12321051545677075,-0.0027394528011026632,-0.08381316189644072,0.18612288251266926,0.31846321204209016
2024-12-20 23:00:00,102.22,100.3,101.2,-0.5931914754919084,0.007168266607941121,-0.05930666685619823,-0.0027140704974172826,-0.04615774176734411,0.2125221861933873,0.3273816458097303
2024-12-21 03:00:00,106.04,100.98,104.9,-0.4969843157294127,0.03139618316804804,-0.06997530232094196,-0.00263533531070381,0.16268994699362493,0.264075961773618,0.31922467900414214
2024-12-21 07:00:00,105.72,102.34,103.87,-0.44127592237239066,0.09959478255248144,-0.13351703665050219,-0.0026006705296278436,0.08762654621089871,0.26427701438721873,0.32705425624084455
2024-12-21 11:00:00,104.43,97.74,99.8,-0.0493516936440594,0.10944780541726074,-0.16811861893995683,-0.002625970313459401,-0.09590661639479148,0.20790569124636432,0.3496767330422455
2024-12-21 15:00:00,101.56,99.12,100.32,-0.5696567743031041,0.03682115591319168,-0.053241509343631144,-0.0026049908871421954,0.04906901678458975,0.19817065412213739,0.3559291358225601
2024-12-21 19:00:00,102.57,98.99,101.03,-0.23917881653886122,0.011304543126338107,0.017391220291464782,-0.00257952893846823,0.04194491043327453,0.20713611214620117,0.3598672293776206
2024-12-21 23:00:00,102.16,99.54,100.17,-0.7646602384196941,-0.0034902072916159765,0.007168266607941121,-0.002563058512463584,-0.025691710239936882,0.2059423433609757,0.3689546028830952
2024-12-22 03:00:00,100.74,96.62,99.73,-0.15557033768695852,-0.04949109014535702,0.03139618316804804,-0.00258986962799292,-0.07826811987803539,0.16822243070255813,0.3756242501250383
2024-12-22 07:00:00,102.84,99.55,102.69,-0.7455674166432126,-0.025332747829710178,0.09959478255248144,-0.002519916259276536,-0.059393588287355636,0.21520787097476687,0.3672142490007749
2024-12-22 11:00:00,103.93,99.21,99.81,-0.41286275150992147,0.007581676173410878,0.10944780541726074,-0.0024856265709598934,0.01692307507135382,0.22216389241540357,0.38166717566789143
2024-12-22 15:00:00,102.13,99.83,100.93,-0.8022039275921944,0.006402632495631444,0.03682115591319168,-0.002451704284428191,-0.0070011235916961345,0.21014920018560462,0.37929478242408865
2024-12-22 19:00:00,101.1,97.54,99.87,-0.6152526925191,-0.015931888743611622,0.011304543126338107,-0.0024439105765824403,0.03824995979654844,0.17718665087512,0.38759298299004635
2024-12-22 23:00:00,101.19,97.91,101.04,-0.5328328080578152,-0.013189436288321699,-0.0034902072916159765,-0.002395111205844878,0.0966586334556605,0.18116400929895246,0.3848742582229381
2024-12-23 03:00:00,105.98,100.75,101.67,-0.262767453099883,0.04904573914519261,-0.04949109014535702,-0.002259217141740267,-0.008597466011312838,0.2585122059852154,0.38398131030753596
2024-12-23 07:00:00,103.52,101.39,102.72,-0.5727067911451923,0.009751681216124242,-0.025332747829710178,-0.0022302267022431647,0.012171551176166195,0.23361822105173508,0.38029285783217204
2024-12-23 11:00:00,103.48,99.83,100.77,-0.5145169627527778,0.002045199906878903,0.007581676173410878,-0.0022230493744799327,-0.000157045046961235,0.2260392834657906,0.38762897641872307
2024-12-23 15:00:00,102.74,99.46,101.63,-0.45429906761980704,-0.0005171128947246695,0.006402632495631444,-0.0022391640729080863,-0.011596116998747075,0.20917555064252702,0.38510864781668086
2024-12-23 19:00:00,107.67,101.59,107.32,-0.31087078381624655,0.0597917768347207,-0.015931888743611622,-0.002149124481408589,0.04713275292061625,0.28779511656915696,0.360063216003243
2024-12-23 23:00:00,107.51,103.96,104.92,-0.6198294320971299,0.06238018308495752,-0.013189436288321699,-0.0022098882487194276,-0.09180751119935338,0.29680886124488304,0.3639202258207228
2024-12-24 03:00:00,107.12,104.87,105.39,-0.63401383189374,0.02294393385793536,0.04904573914519261,-0.002270176624292969,0.07100917390443917,0.3028219860459822,0.3574421753362759
2024-12-24 07:00:00,107.56,105.11,107.01,-0.7576074282131978,0.042252823998245814,0.009751681216124242,-0.002322092389909536,0.043966091788709694,0.31416587149631275,0.3467639611095458
2024-12-24 11:00:00,109.97,106.74,109.21,-0.513950733100962,0.06433994157151779,0.002045199906878903,-0.0023107632747428903,0.12154912611638635,0.33546229720942344,0.3361042993832561
2024-12-24 15:00:00,110.83,108.9,109.35,-0.5478376605803894,0.08594454826304321,-0.0005171128947246695,-0.0023194365653148815,-0.02189043332703733,0.3586148396196164,0.33404395801600795
2024-12-24 19:00:00,109.36,107.17,108.34,-0.7955568359942987,0.02939837049326055,0.0597917768347207,-0.002417663210073889,-0.13611102677647668,0.3304448076122498,0.33477490818024924
2024-12-24 23:00:00,108.85,107.58,108.49,-0.8549446809237368,0.023376065766894216,0.06238018308495752,-0.002474796787434795,0.27159691066486236,0.3278033934729083,0.33123114684064037
2024-12-25 03:00:00,109.55,107.59,108.08,-0.9206420395099029,0.0223743061081354,0.02294393385793536,-0.00252592903534211,-0.01919016852587252,0.3320736519612789,0.330151556505477
2024-12-25 07:00:00,110.67,107.44,109.11,-0.7285953635170647,0.02067829005852273,0.042252823998245814,-0.00255750845072838,-0.07929099467526146,0.34048995214575195,0.3249654327020701
2024-12-25 11:00:00,109.68,107.41,109.31,-0.7865193572905148,0.00287145098453645,0.06433994157151779,-0.002591991108391758,-0.10786190053175548,0.33921796355344885,0.3196123214236925
2024-12-25 15:00:00,109.4,106.92,109.18,-0.8294813303373377,-0.013483083835180043,0.08594454826304321,-0.002615335043795437,-0.07541128760994431,0.32832551108932306,0.3160338273740841
2024-12-25 19:00:00,109.7,107.78,109.05,-0.9032417094786079,0.00476614058884417,0.02939837049326055,-0.002590533324351537,-0.04703780279478609,0.3402837525593874,0.31290413538853845
2024-12-25 23:00:00,110.35,108.06,108.45,-0.8926421220111469,0.008091445357782279,0.023376065766894216,-0.00256109034582799,-0.13677489930100628,0.3444855323836328,0.3076447733855163
2024-12-26 03:00:00,108.77,106.27,106.69,-0.76404571055032,-0.010483325368091267,0.0223743061081354,-0.002572895587546741,-0.011257760571345754,0.3104154057456223,0.306652232627842
2024-12-26 07:00:00,107.2,103.09,103.78,-0.4793470260832295,-0.0377356029590602,0.02067829005852273,-0.002585333545153687,-0.01736491072672619,0.26221169652486614,0.31114570582339146
2024-12-26 11:00:00,104.72,102.34,102.95,-0.7031026313521807,-0.04959106065748742,0.00287145098453645,-0.0025893544588155544,0.0039955540832326,0.23640997628406304,0.31125369254757124
2024-12-26 15:00:00,103.55,101.46,102.33,-0.6926408808434483,-0.05071149775661854,-0.013483083835180043,-0.0025835347004969384,0.21694575837960106,0.22374710109044088,0.3051237794721365
2024-12-26 19:00:00,103.15,101.08,102.5,-0.8599931366730947,-0.062160707156100115,0.00476614058884417,-0.002570332631376106,0.12691567265796744,0.21135118844822062,0.2988588985536315
2024-12-26 23:00:00,103.99,101.5,103.3,-0.8107019547502919,-0.0593018553304151,0.008091445357782279,-0.0025546506814397574,-0.011933829291344122,0.22123357136533944,0.29218794705829515
2024-12-27 03:00:00,104.5,102.19,104.45,-0.9405241902584219,-0.036595930532664855,-0.010483325368091267,-0.0025271699978163943,0.039060799125730794,0.23560187814563197,0.28435771788947517
2024-12-27 07:00:00,106.51,101.69,104.94,-0.6035197644395781,-0.0026913079595759504,-0.0377356029590602,-0.002467247807210955,0.05899852228477953,0.25683955235950146,0.2760799090581373
2024-12-27 11:00:00,105.06,101.39,102.15,-0.8131181048021106,0.0010636307468216977,-0.04959106065748742,-0.002455005303344706,0.04013200912394965,0.2385056557370937,0.2768666466525159
2024-12-27 15:00:00,103.57,100.45,103.41,-0.6728245521947033,-0.009854180737027263,-0.05071149775661854,-0.0024596885006655128,-0.06714027334138539,0.20445611884956544,0.2506351415092498
2024-12-27 19:00:00,103.44,99.68,99.91,-0.8173585938381659,-0.003752980234519976,-0.062160707156100115,-0.002441452406715609,-0.05024268234959284,0.20405070913181791,0.24215507579705509
2024-12-27 23:00:00,101.01,99.35,99.61,-0.9108066948330483,-0.023047872281813153,-0.0593018553304151,-0.00243676904792522,-0.0527087985780591,0.17617196359316797,0.21605250212111993
2024-12-28 03:00:00,100.75,99.42,99.69,-0.9968856948342487,-0.031160941811731235,-0.036595930532664855,-0.002391662133990312,-0.10348037720996617,0.17423042729600038,0.20509337483760784
2024-12-28 07:00:00,100.15,98.9,98.97,-0.9447767541200368,-0.046791960987631054,-0.0026913079595759504,-0.002358540873694363,0.007970993249812208,0.16368906888294918,0.19033083044111188
2024-12-28 11:00:00,101.05,98.67,99.82,-0.8232849003967193,-0.03630656920043096,0.0010636307468216977,-0.0023101001362759595,-0.017955651703207676,0.1668944695145081,0.17945417090616167
2024-12-28 15:00:00,101.8,99.64,100.5,-0.8603667002337267,-0.011067228826490583,-0.009854180737027263,-0.0022633935276911888,-0.029850578719177956,0.1830039174620717,0.163119041879938
2024-12-28 19:00:00,101.75,100.22,101.19,-0.9510354695370443,-0.008553369937898014,-0.003752980234519976,-0.0022356375864380934,0.10815202692336379,0.18747472246077115,0.15901307237991807
2024-12-28 23:00:00,101.24,99.41,100.64,-0.8009168647094074,-0.0009117631134676341,-0.023047872281813153,-0.0022357318092696464,-0.05827818060101175,0.1744304328487755,0.15854416621291592
2024-12-29 03:00:00,100.84,99.82,100.63,-0.9939238616694394,0.0022122862148592493,-0.031160941811731235,-0.0022013533210656086,0.014921311379630708,0.17845175207412503,0.15678791197967348
2024-12-29 07:00:00,100.96,100.0,100.57,-0.9343515191254066,0.008973254686708954,-0.046791960987631054,-0.0021704130615208136,-0.08066487107877895,0.18071659511052882,0.15270958743657867
2024-12-29 11:00:00,101.66,99.61,100.16,-0.7327141989734286,0.007176710452387214,-0.03630656920043096,-0.0021530218981555566,-0.0778952355171435,0.18053590203415226,0.15214167630113487
2024-12-29 15:00:00,101.19,98.31,98.43,-0.8086353621097806,-0.008288560986274063,-0.011067228826490583,-0.00212527880202994,0.01668036162379516,0.1671155644012121,0.15593652484861198
2024-12-29 19:00:00,99.25,96.83,97.57,-0.8031027743365636,-0.0264122151594417,-0.008553369937898014,-0.002109368427039822,-0.1545351475043697,0.1367270298789369,0.15952511146891263
2024-12-29 23:00:00,101.49,97.27,100.13,-0.78097506657637,-0.008022943446474584,-0.0009117631134676341,-0.0020610276008830313,0.21751497900501526,0.1591200269688362,0.15596978125384672
2024-12-30 03:00:00,102.6,99.92,102.44,-0.47744219693508994,0.0058784977860653065,0.0022122862148592493,-0.0019552534054328723,0.12951121576921,0.18969349203744335,0.15149883233360895
2024-12-30 07:00:00,102.51,101.25,102.26,-0.8662350362572737,0.014726776936257568,0.008973254686708954,-0.0018527615169110399,-0.02133163251689052,0.20891268760070159,0.1391047763618791
2024-12-30 11:00:00,103.05,97.91,98.73,-0.31956825767761526,0.002674040374346376,0.007176710452387214,-0.001794929274921808,-0.029130885942581286,0.18565517384435193,0.13855538061312145
2024-12-30 15:00:00,102.04,97.36,101.47,-0.46327819389464026,-0.0044112230019036636,-0.008288560986274063,-0.0017684665579225847,-0.035393139698251974,0.15872977250584566,0.13281486439446846
2024-12-30 19:00:00,102.32,98.18,99.45,-0.6375919525712448,0.020528344648224506,-0.0264122151594417,-0.0016776608204984943,0.06647921159241754,0.17512785185852892,0.13659720781985535
2024-12-30 23:00:00,99.61,98.18,98.82,-0.8788574784182489,-0.003771753009270573,-0.008022943446474584,-0.0016141367768145465,-0.0809921005458265,0.15198003298027288,0.13884136790537543
2024-12-31 03:00:00,99.07,97.75,98.36,-0.9788313410858275,-0.024676354282685775,0.0058784977860653065,-0.0015696013310908868,-0.14501227444015852,0.1422262829219141,0.1410281583955566
2024-12-31 07:00:00,101.86,98.28,101.44,-0.6591268609432646,-0.015671889716484255,0.014726776936257568,-0.0014903855596325225,0.04616893999340288,0.17846518294976765,0.13678201264415663
2024-12-31 11:00:00,104.79,101.29,104.14,-0.16235862170815513,0.023961293782645443,0.002674040374346376,-0.0013729799791922445,0.292038406301135,0.23165013580181654,0.13260091325728068
2024-12-31 15:00:00,104.79,101.51,103.8,-0.44265063692234463,0.042843889270246516,-0.0044112230019036636,-0.001259260071078121,0.0054714733865515175,0.2398172793766633,0.13253877398763442
2024-12-31 19:00:00,104.14,102.66,103.62,-0.8374377746001512,0.03146901275553815,0.020528344648224506,-0.0010994912954965315,0.015087345068595104,0.23520299028962574,0.13250354731987118
2024-12-31 23:00:00,106.04,102.64,104.93,-0.5460070918784212,0.05711334685239744,-0.003771753009270573,-0.0009072060970984499,0.10569025201997939,0.2596888020812644,0.1305133246262284
2025-01-01 03:00:00,105.38,103.75,105.14,-0.9263694634455186,0.06276528493258349,-0.024676354282685775,-0.0007187049723332707,0.10140848676699976,0.25998171731732844,0.12966620700199796
2025-01-01 07:00:00,105.15,102.03,102.74,-0.7743354913535392,0.027326101302231454,-0.015671889716484255,-0.0005604683271919726,-0.12595305710573967,0.23072259525449482,0.13269191248505044
2025-01-01 11:00:00,105.3,102.31,104.75,-0.6888869938664098,0.010552119805597115,0.023961293782645443,-0.0004191784668275222,-0.1253299461453763,0.25239082835664933,0.12937766542058146
2025-01-01 15:00:00,106.74,103.63,106.59,-0.6000949103547415,0.013989829740765458,0.042843889270246516,-0.00028454651117979256,0.004507741340529892,0.2674292109999087,0.1277541605911743
2025-01-01 19:00:00,108.14,104.76,105.05,-0.06562191980723779,0.031013556465528502,0.03146901275553815,-0.00015674656157354998,0.028044038073077537,0.29627179488261063,0.12882418288569303
2025-01-01 23:00:00,108.08,104.67,106.09,-0.44286355200718036,0.02054062729130046,0.05711334685239744,-5.355949316652668e-05,-0.12336664073326364,0.30063831220633075,0.1277564763605672
2025-01-02 03:00:00,107.13,105.44,105.96,-0.5754440991242566,0.01383539088611907,0.06276528493258349,1.1514602637318483e-05,0.15206871015702284,0.28756781359470646,0.12821818569847104
2025-01-02 07:00:00,107.07,105.6,106.75,-0.5642329035904502,0.0318624626748496,0.027326101302231454,8.402719845000824e-05,0.43224197276576426,0.2933202249336377,0.1281910220353817
2025-01-02 11:00:00,108.75,105.91,107.24,0.05592426888306518,0.02560247971799079,0.010552119805597115,0.0001646107231959605,0.09501967890567298,0.303244731159687,0.12809465468087855
2025-01-02 15:00:00,107.36,104.77,105.65,-0.42170665034793225,0.010261645504975991,0.013989829740765458,0.00025414413085128536,-0.03620942578238451,0.3271623007120216,0.12999063652135606
2025-01-02 19:00:00,105.96,104.61,105.34,-0.7233639003720316,-0.01201785472457717,0.031013556465528502,0.00028143513669495653,-0.18727112475555774,0.30887927707922735,0.1293931041070896
2025-01-02 23:00:00,106.84,104.89,106.41,-0.7614904653416241,-0.010132562149298252,0.02054062729130046,0.00026353658476648955,0.029205176229301744,0.3181383054394028,0.12863958326495337
2025-01-03 03:00:00,106.89,104.77,104.89,-0.6054246843691194,-0.003336779520997646,0.01383539088611907,0.00026825778368353695,-0.40507133797657213,0.319046488600216,0.13036801652522187
2025-01-03 07:00:00,106.39,104.11,106.12,-0.6648352159277339,-0.009728814184643442,0.0318624626748496,0.0002760373205544039,-0.1384712423854273,0.31083826098122497,0.12837821337557154
2025-01-03 11:00:00,109.36,106.1,109.01,-0.22582131667039443,0.010061739213790055,0.02560247971799079,0.00022233620394346003,-0.08710444939859174,0.367807693774836,0.1247763731354866
2025-01-03 15:00:00,111.47,108.75,111.33,-0.27291913912953863,0.03729190338329369,0.010261645504975991,0.00016226245203831703,0.07259145711547665,0.41282430699437034,0.12450917202198453
2025-01-03 19:00:00,114.83,111.07,113.45,-0.17902780793908113,0.07744058452887082,-0.01201785472457717,0.00016016147698529469,0.22368605057055913,0.48534965196400465,0.12831860641142961
2025-01-03 23:00:00,113.85,110.7,112.15,-0.4788170370542162,0.05952587487298211,-0.010132562149298252,0.00021013007056408056,-0.13350945703351158,0.4543360760668401,0.13369340376252212
2025-01-04 03:00:00,112.25,110.97,111.42,-0.8710548751940903,0.05493697261769426,-0.003336779520997646,0.0002567359792594119,0.4557640936806866,0.4447945456608311,0.13771082372836063
2025-01-04 07:00:00,112.25,110.52,112.1,-0.6146218520453879,0.05700410635975883,-0.009728814184643442,0.00031910760513966104,0.016049067263226524,0.4408499839094187,0.1399817615949646
2025-01-04 11:00:00,112.78,111.27,112.3,-0.7353701906836242,0.035953557105907974,0.010061739213790055,0.00037667099513542633,0.006036138410907554,0.4816393270508156,0.14283350538288023
2025-01-04 15:00:00,112.34,110.07,110.79,-0.6741981288126042,0.007715263275852369,0.03729190338329369,0.00041845686598294187,-0.055329527996700545,0.465565201710524,0.14623621334714923
2025-01-04 19:00:00,111.7,110.69,111.05,-0.8368679703591599,-0.020208674736382437,0.07744058452887082,0.00044289494751798025,0.0425100521388746,0.4704502265084373,0.14768876333939362
2025-01-04 23:00:00,111.63,110.58,111.25,-0.8000865526569907,-0.008719920611656828,0.05952587487298211,0.0004720152252306674,0.13423420257659102,0.46997285476894773,0.14979740322679905
2025-01-05 03:00:00,112.96,111.01,112.03,-0.8328917254416306,0.004463769936807971,0.05493697261769426,0.000492833462138602,-0.026605086588846083,0.49424879849914827,0.15272933879043665
2025-01-05 07:00:00,112.54,110.71,111.21,-0.7059557136943819,-0.0012640032568574933,0.05700410635975883,0.0005121220925863179,-0.2801843903496263,0.4749697634673664,0.15722982013489784
2025-01-05 11:00:00,112.87,110.8,112.05,-0.6940610345512621,-0.00034879743886229164,0.035953557105907974,0.0005357425113191518,-0.019634772371023845,0.4893004464893948,0.15989436664618212
2025-01-05 15:00:00,112.75,111.2,112.43,-0.7320579417284315,0.010189800724490716,0.007715263275852369,0.0005667369342858603,-0.014242658545293274,0.4943587415135281,0.1631285755735526
2025-01-05 19:00:00,116.17,112.26,116.02,-0.46190489091203213,0.026773806816377643,-0.020208674736382437,0.0005829097990930857,0.043804184850900096,0.5588360851811696,0.16564013138950628
2025-01-05 23:00:00,116.92,113.76,115.95,-0.13488260423579013,0.040968618920203426,-0.008719920611656828,0.0006014475435768021,-0.0926195866519064,0.6353150660589763,0.17273432354079926
2025-01-06 03:00:00,116.21,114.26,114.36,-0.6183814904894233,0.027953098907633755,0.004463769936807971,0.0006390238058667984,-0.03685727234192926,0.6827049467882852,0.18003173678174356
2025-01-06 07:00:00,114.69,112.56,113.37,-0.4769581346646267,0.019936016093451636,-0.0012640032568574933,0.0007107309402432653,0.12171253778228208,0.6336974454313732,0.18531527971795364
2025-01-06 11:00:00,114.69,111.64,114.01,-0.43957454050899164,0.01064540263927416,-0.00034879743886229164,0.000750370078042776,0.07994834583691945,0.6219325351038485,0.18771264730453852
2025-01-06 15:00:00,117.38,113.51,114.6,0.250598555523543,0.031010590042299002,0.010189800724490716,0.0007623451098780206,0.09357867858523128,0.6925147548065178,0.19080614609444335
2025-01-06 19:00:00,115.08,113.01,113.51,-0.6891921560038378,-0.001914924657258621,0.026773806816377643,0.0008115648300341637,-0.11521311214042018,0.6462297150698237,0.19384613128029027
2025-01-06 23:00:00,114.9,113.07,113.14,-0.6246431662594891,-0.014435988061054061,0.040968618920203426,0.0008669892730016789,0.08657943244235655,0.6463939778609974,0.19485443368704597
2025-01-07 03:00:00,113.98,112.39,113.63,-0.6029330892758942,-0.017928620526207473,0.027953098907633755,0.0009309871919519395,0.2767426676885081,0.6243954361252047,0.19448192721390706
2025-01-07 07:00:00,113.83,112.13,112.71,-0.7332725657958532,-0.004337077836011893,0.019936016093451636,0.0009856381716612512,0.2096740232888512,0.6198044540905584,0.19495873912180905
2025-01-07 11:00:00,112.77,108.74,109.38,0.04458161182185675,-0.01995035813134305,0.01064540263927416,0.001061599383198814,-0.07244031454230004,0.5582601294974109,0.19853473446052283
2025-01-07 15:00:00,109.69,104.18,104.77,1.4794541806504666,-0.0794095594221983,0.031010590042299002,0.0011609995195458406,-0.083761948928049,0.43347090887299317,0.20509355644357108
2025-01-07 19:00:00,104.95,102.07,103.53,-0.25050168081594615,-0.09283997326654625,-0.001914924657258621,0.0012258205143225172,0.062346753828195434,0.34767129289753224,0.20623802451255613
2025-01-07 23:00:00,105.03,102.66,103.92,-0.6117899958637942,-0.08724505041705877,-0.014435988061054061,0.001213497032834446,-0.05777936656904059,0.36581359660161117,0.2035664902922272
2025-01-08 03:00:00,104.22,100.6,100.6,-0.031214775066186362,-0.09228546916595848,-0.017928620526207473,0.00122892175209997,-0.26028534248904556,0.3296351966334242,0.21030906824569087
2025-01-08 07:00:00,103.87,100.54,103.18,-0.5362249447697222,-0.09043647428795154,-0.004337077836011893,0.0012207057188204685,0.05471823266519538,0.33136510550343473,0.20336868317536586
2025-01-08 11:00:00,103.28,101.25,102.4,-0.590322294305045,-0.07646217453550697,-0.01995035813134305,0.0012237333166385416,-0.056956699554821966,0.31909641973805875,0.20327127720113894
2025-01-08 15:00:00,103.33,97.21,100.75,1.0024828559869128,-0.0579445319731382,-0.0794095594221983,0.001244349885361786,-0.10520499498250768,0.25945882296436334,0.2043291312107107
2025-01-08 19:00:00,102.24,99.48,101.98,-0.46132826842022,-0.02595413714752981,-0.09283997326654625,0.0012125030397805115,-0.05462458748074106,0.27195578838239237,0.19760437646721665
2025-01-08 23:00:00,102.5,100.35,101.94,-0.6575549233056095,-0.0235274794099678,-0.08724505041705877,0.0011864573913504708,0.17333433436557955,0.29675049129852554,0.19619691428208041
2025-01-09 03:00:00,102.65,101.21,102.23,-0.6972132195857739,-0.00628912589302022,-0.09228546916595848,0.0011756709197805835,0.17903018240973845,0.3114014820521733,0.19577692352962212
2025-01-09 07:00:00,103.42,100.3,103.1,-0.1619167089986559,-0.00686419191745391,-0.09043647428795154,0.0011615911844241635,0.006322108599350784,0.31145225940254284,0.1936202510343011
2025-01-09 11:00:00,104.26,99.88,102.46,0.09786490969893537,4.959201118381884e-05,-0.07646217453550697,0.0011242143027356797,0.042273011046153774,0.3192396764718881,0.19149340855316546
2025-01-09 15:00:00,105.85,102.15,104.16,0.0820159133316105,0.04041647950888949,-0.0579445319731382,0.0010613387757946943,0.13734841750544646,0.37379980287299414,0.1867470086538624
2025-01-09 19:00:00,104.35,100.55,102.63,-0.3047069906638756,0.01618524808280286,-0.02595413714752981,0.0010495213071595687,-0.08331969482472035,0.31794722671913905,0.1867696862601518
2025-01-09 23:00:00,104.2,101.86,103.65,-0.6229911879579858,0.014071760259521282,-0.0235274794099678,0.0009885974930366967,-0.1391460742830961,0.33708522121871876,0.1807862861581457
2025-01-10 03:00:00,104.57,103.41,104.45,-0.7164510571334093,0.019426368986330322,-0.00628912589302022,0.0009346817507370678,-0.040690586176678645,0.36736906348394327,0.17414497563614317
2025-01-10 07:00:00,105.93,104.17,104.8,-0.60025266982875,0.028497319353223194,-0.00686419191745391,0.0008977957417965005,-0.14701844941906417,0.3935547950294405,0.17139784584525744
2025-01-10 11:00:00,106.14,102.06,104.9,0.1667208582337292,0.017351593222924677,4.959201118381884e-05,0.0008929011232343316,-0.00035759131921064835,0.3693658114076127,0.17089103825896035
2025-01-10 15:00:00,106.15,102.73,105.66,-0.11456282659545974,0.003439282901326557,0.04041647950888949,0.0008613892975298372,0.09768391590340086,0.38392301999014394,0.168874864799534
2025-01-10 19:00:00,106.27,104.46,104.8,-0.7310645890776716,0.031031925423360862,0.01618524808280286,0.0008170708542656013,0.12564633240697298,0.4075536701861006,0.16966176345843278
2025-01-10 23:00:00,105.25,103.04,103.29,-0.7593419235430652,0.010063786678483844,0.014071760259521282,0.000796563149575874,0.1838169713191311,0.3663375763356042,0.1730091962559362
2025-01-11 03:00:00,103.84,102.85,103.55,-0.8561454079569641,-0.006059403915616213,0.019426368986330322,0.0007442018380710116,-0.14713344478494805,0.3495727243754922,0.17334852017938732
2025-01-11 07:00:00,104.74,103.45,104.51,-0.8445809268515794,-0.009609716875416341,0.028497319353223194,0.0006772638051649868,0.23864407178590752,0.3650796255733787,0.1707169350118224
2025-01-11 11:00:00,104.63,102.67,103.38,-0.6622095976857716,-0.007080425027454762,0.017351593222924677,0.0006169605700757103,-0.04435986226378519,0.3485566174072715,0.17330914199089897
2025-01-11 15:00:00,103.57,102.37,102.67,-0.7015049547252306,-0.015829814167276024,0.003439282901326557,0.0005507646532556434,-0.18798231733062232,0.3371691498433466,0.17623490694786204
2025-01-11 19:00:00,104.74,102.17,104.57,-0.3355520403995181,-0.015432992517927291,0.031031925423360862,0.00048117735608577827,0.02583554871498861,0.3616071340180285,0.17322441072525988
2025-01-11 23:00:00,105.27,103.67,104.92,-0.5940830804988153,0.006362111896877964,0.010063786678483844,0.00042131277765998623,-0.10108163447186846,0.38501639984441144,0.17299316600662934
2025-01-12 03:00:00,105.01,103.61,103.66,-0.8349915777171466,0.009850551764010174,-0.006059403915616213,0.00036654342428823236,0.06703682725260096,0.37832827949887543,0.17600334329173908
2025-01-12 07:00:00,104.1,102.57,103.11,-0.7950303146092529,-0.006597986713602455,-0.009609716875416341,0.0003132477772075543,-0.18937429067431066,0.345716586040091,0.17828813903247787
2025-01-12 11:00:00,103.5,102.33,102.57,-0.44829291719946496,-0.004285965633116118,-0.007080425027454762,0.0002474721576555204,-0.1358217371178353,0.33604945792797475,0.18091844786596575
2025-01-12 15:00:00,104.45,102.3,103.66,-0.5769852144147137,0.006157223193831607,-0.015829814167276024,0.0001760839393322352,0.2489409144422452,0.3550668344614622,0.1797789541996744
2025-01-12 19:00:00,104.04,101.35,101.58,-0.7005949249680411,-0.010170780172922167,-0.015432992517927291,0.00010628833446623888,-0.1622008661317933,0.3317943744964367,0.1855341687804362
2025-01-12 23:00:00,104.47,100.3,100.8,-0.3841815916780812,-0.02190681169776254,0.006362111896877964,1.4289066746601098e-05,-0.06343826915682493,0.320289967700914,0.1898696437584684
2025-01-13 03:00:00,101.81,98.41,98.83,-0.2767125889146044,-0.04174353488942062,0.009850551764010174,-7.416989390843626e-05,-0.06068249574372675,0.2552709380097575,0.198202994196526
2025-01-13 07:00:00,99.4,95.32,95.73,-0.06445717911742342,-0.05847475980550754,-0.006597986713602455,-0.00017403187650259032,-0.11887342261877865,0.1752435962915644,0.21358293551821006
2025-01-13 11:00:00,96.8,92.57,95.97,0.7125531943245789,-0.07727069645877671,-0.004285965633116118,-0.0002939341071058369,0.19120656244007628,0.11152717039271064,0.22072212796030463
2025-01-13 15:00:00,97.32,94.19,94.91,-0.1251195029374778,-0.07590192608783763,0.006157223193831607,-0.000436213036086993,-0.10296082592746647,0.1330782712402464,0.2307213222669793
2025-01-13 19:00:00,98.99,94.35,98.77,-0.2565301172669318,-0.057566206839865464,-0.010170780172922167,-0.0005788273655940295,0.15315197694617777,0.16477156177372276,0.22209046537178723
2025-01-13 23:00:00,99.4,97.52,98.97,-0.41016706569466366,-0.04040117412056898,-0.02190681169776254,-0.0006984513437444554,-0.10310584379029453,0.20353463811034067,0.22250869527002531
2025-01-14 03:00:00,99.92,98.5,99.14,-0.5978258199316292,-0.007463603976216038,-0.04174353488942062,-0.0008153612430017392,0.16058470224415688,0.23418714950883485,0.2230336399202332
2025-01-14 07:00:00,100.99,97.93,99.82,-0.41867450631662784,0.023033804910435274,-0.05847475980550754,-0.0009335746260745404,0.3446617233197702,0.23846800588197264,0.22107755334062115
2025-01-14 11:00:00,100.91,98.83,100.19,-0.4774338356573967,0.05213657014281714,-0.07727069645877671,-0.0010307450089300928,0.027262098096506593,0.2513124378966919,0.21910334766860942
2025-01-14 15:00:00,101.73,99.73,101.58,-0.49884139159831037,0.05256298822029848,-0.07590192608783763,-0.0010948597766787986,0.13684530703952236,0.27513961412760873,0.21510028783727408
2025-01-14 19:00:00,102.57,100.86,102.48,-0.5035309956765152,0.04951190086264856,-0.057566206839865464,-0.0011461737518334548,0.21483843921696422,0.3055811994733645,0.21151973364088889
2025-01-14 23:00:00,103.34,101.9,102.64,-0.624812378933258,0.04517512042391947,-0.04040117412056898,-0.0011893149765970917,0.13207152521089682,0.36839688463851894,0.20913735173169307
2025-01-15 03:00:00,102.84,101.62,101.93,-0.6935085093169993,0.0287602114919292,-0.007463603976216038,-0.0012303044146112342,0.04230862415011716,0.3868745592042918,0.20790135677334365
2025-01-15 07:00:00,103.18,101.27,101.87,-0.4397057963985032,0.029551733305196226,0.023033804910435274,-0.0012661698185392214,-0.09640362126545943,0.42180960825699404,0.20583069073315943
2025-01-15 11:00:00,105.08,100.75,104.94,0.40844951502782867,0.033003331584025464,0.05213657014281714,-0.0013049789333729727,0.021224862393639965,0.4846037973460235,0.19631609488123583
2025-01-15 15:00:00,106.19,104.36,105.7,0.2767696747990233,0.04419973257747056,0.05256298822029848,-0.0013120933690099889,-0.05828094466295586,0.5780485252166705,0.19097881833806854
2025-01-15 19:00:00,114.9,105.28,113.68,1.0982399407840862,0.06689215845128116,0.04951190086264856,-0.001282002219947136,-0.125144181838173,0.7096187907392583,0.17464573775965445
2025-01-15 23:00:00,119.26,112.29,119.22,5.0,0.13807157612653498,0.04517512042391947,-0.0011639342374777446,0.14565452244812138,0.9999999996126905,0.17141316232593665
2025-01-16 03:00:00,122.0,116.05,119.91,3.252625565614293,0.1668509910275766,0.0287602114919292,-0.0010547665303270765,-0.036908858306355374,0.9999999996453326,0.1780570381584314
2025-01-16 07:00:00,120.7,116.31,118.57,1.8214487639704917,0.15705030056541958,0.029551733305196226,-0.0009646124373114715,-0.004828110558007137,0.9741210682795878,0.1863363574248503
2025-01-16 11:00:00,121.64,115.71,116.54,2.079443186271653,0.15249780065619611,0.033003331584025464,-0.000869725623479361,-0.01509565209211483,0.9908283531060572,0.1924088007098346
2025-01-16 15:00:00,130.49,116.1,127.38,5.0,0.1907573478104263,0.04419973257747056,-0.0007345274377724175,-0.017619181900210945,0.9999999997081719,0.19478363103377683
2025-01-16 19:00:00,128.63,122.92,123.42,1.882584324796798,0.1674956584875822,0.06689215845128116,-0.000601897107531322,-0.12245064675383488,0.9999999997190409,0.21260132857665137
2025-01-16 23:00:00,128.2,122.36,127.71,1.3061169442099356,0.07375750632357314,0.13807157612653498,-0.0004813604226196313,-0.07609920013858418,0.9675120886145668,0.22278851570917427
2025-01-17 03:00:00,140.93,126.85,140.15,5.0,0.13918948458449854,0.1668509910275766,-0.00033581816482887786,0.07380764392207362,0.9999999997767226,0.23856668947334694
2025-01-17 07:00:00,141.22,134.99,137.9,3.5889804012160558,0.1648275145662641,0.15705030056541958,-0.0001629423680629341,-0.07898190561425111,0.9999999997872048,0.26970540251713027
2025-01-17 11:00:00,138.35,133.0,133.92,1.838875128702446,0.13781622435480667,0.15249780065619611,1.1446345271535348e-05,-0.0945489922773356,0.9381058426631737,0.29752869698414297
2025-01-17 15:00:00,137.38,133.21,134.44,1.5249102429577919,0.08277542055272291,0.1907573478104263,0.00018393665459417625,-0.02085446687269743,0.945239246255225,0.3150983148545591
2025-01-17 19:00:00,138.63,134.43,134.99,0.6979458529555123,0.07963898718907747,0.1674956584875822,0.00036467755781578997,0.06370183986190692,0.9693604430359637,0.33123778124274883
2025-01-17 23:00:00,139.6,134.03,134.45,0.796646503151981,0.08679117337724729,0.07375750632357314,0.0005719776636100546,-0.07264193612928949,0.9612010584504189,0.3479283842917715
2025-01-18 03:00:00,134.49,124.17,127.42,3.5511446937803623,-0.053204781957795766,0.13918948458449854,0.0008097745629510944,-0.17405528620021837,0.7808921584203175,0.37408430151852984
2025-01-18 07:00:00,127.76,123.52,125.86,1.5177572129268095,-0.08634195319775351,0.1648275145662641,0.0009743604485492644,-0.09003011784870663,0.7231794898598334,0.3846772981425205
2025-01-18 11:00:00,130.33,125.17,127.53,0.8907561385715156,-0.055786564479970324,0.13781622435480667,0.0010877831880114375,0.1621606697358895,0.762701676068586,0.38609933467533286
2025-01-18 15:00:00,128.43,123.58,124.84,0.959174786782106,-0.07395564624584694,0.08277542055272291,0.001247690054674425,-0.06018655509831694,0.7121802808340257,0.3979336166653956
2025-01-18 19:00:00,126.07,123.23,124.33,-0.14509888249756808,-0.08802324360599378,0.07963898718907747,0.0013756455812561478,0.021627327576084987,0.6898465494163681,0.4027862845175382
2025-01-18 23:00:00,128.66,123.92,126.06,0.6007233174878308,-0.07115495039565156,0.08679117337724729,0.001463319403033512,0.25343089216883374,0.7358322599984032,0.4011280307402388
2025-01-19 03:00:00,126.38,119.55,120.74,1.3234923183967036,-0.05223787245582401,-0.053204781957795766,0.0016447159363323569,0.06638159058577142,0.6248583008898472,0.4195272529397767
2025-01-19 07:00:00,121.3,114.85,116.91,2.0456946637729256,-0.06752894727316405,-0.08634195319775351,0.0018039115003003882,0.12664178938313508,0.5253686629914026,0.43272247369494043
2025-01-19 11:00:00,124.93,114.21,122.82,2.4062716627405023,-0.0676191207132516,-0.055786564479970324,0.0018402471657486582,0.07892780014119039,0.5619542509566087,0.41321623063805035
2025-01-19 15:00:00,125.67,121.94,124.58,0.6538766527398316,-0.016075294095478698,-0.07395564624584694,0.0018459646345301871,0.14040779073488308,0.6652681464208499,0.40988755520738324
2025-01-19 19:00:00,124.68,111.0,116.78,1.912489096071965,-0.03945502472324125,-0.08802324360599378,0.0020112523845043032,-0.07153882710370973,0.5755871014781997,0.4359246225511253
2025-01-19 23:00:00,118.84,111.32,116.6,3.4608679124051953,-0.09424247058410207,-0.07115495039565156,0.0021950833216264364,-0.12403270573103164,0.45857776074470247,0.4354806553249993
2025-01-20 03:00:00,123.48,115.39,122.01,0.6710194919760611,-0.027826463125330214,-0.05223787245582401,0.0021916554777518275,0.06471847335287184,0.5460828814836622,0.41691251455609046
2025-01-20 07:00:00,127.97,119.41,120.08,2.4435455845795215,0.04643006587708065,-0.06752894727316405,0.0021973915783847346,0.0649214236713731,0.6521907037573617,0.4235466765137113
2025-01-20 11:00:00,122.2,116.51,122.17,0.45260443985560705,0.002981806245522467,-0.0676191207132516,0.0023710101622391243,-0.04908700777529218,0.5702080376906331,0.41684735217838975
2025-01-20 15:00:00,122.17,113.04,121.15,1.7801982929475995,-0.04326159260826867,-0.016075294095478698,0.002476311390868717,-0.07839338081652125,0.5410484009990568,0.4205763828692342
2025-01-20 19:00:00,121.34,116.54,119.52,-0.3096040692220891,-0.0036129479586073376,-0.03945502472324125,0.0025419521670023443,0.009173061190875353,0.5655370285784278,0.4255416937219663
2025-01-20 23:00:00,119.7,114.37,116.14,0.3110497935595288,0.016554497022145398,-0.09424247058410207,0.002685505708935004,-0.020926555837913363,0.5026900790801174,0.4356495121365938
2025-01-21 03:00:00,117.2,113.69,115.0,-0.07158952143865231,-0.026987247053393837,-0.027826463125330214,0.0027813992164244248,-0.07545071139942472,0.4718091753450993,0.43756462594261614
2025-01-21 07:00:00,119.17,114.41,118.94,0.05374165729282347,-0.04413763942359594,0.04643006587708065,0.0027741705649409645,0.09931914125711261,0.5260327171886559,0.42159143777942215
2025-01-21 11:00:00,124.88,118.52,119.36,1.0304764581232901,0.017438261317586523,0.002981806245522467,0.0027442616952750246,-0.09704930036326465,0.618621936667564,0.41802793179350484
2025-01-21 15:00:00,122.74,118.03,121.61,0.29429388792435296,0.020532527250320953,-0.04326159260826867,0.0028378955042456535,0.014155860568310086,0.5974541990462412,0.40826842199676644
2025-01-21 19:00:00,122.11,119.13,119.13,-0.2599846746295745,0.008542649711823058,-0.0036129479586073376,0.002879596138436664,0.06821216173000288,0.5892141106718569,0.4147896860496443
2025-01-21 23:00:00,120.27,118.07,118.51,-0.4145871433144699,0.01928224817833457,0.016554497022145398,0.002922158986815508,-0.00983442181456573,0.5549215464628383,0.4148616238139855
2025-01-22 03:00:00,118.67,116.11,116.36,-0.28343883097826267,0.016881732680269934,-0.026987247053393837,0.0029609250923055687,-0.05631815636455051,0.5170168388501373,0.4193548768678613
2025-01-22 07:00:00,117.24,115.18,116.53,-0.09266251978893619,-0.011271378458382442,-0.04413763942359594,0.0029590060316925762,-0.08561089941618849,0.4952378709748565,0.4151065784340109
2025-01-22 11:00:00,117.48,114.67,115.86,-0.11857802793041154,-0.044856309631162716,0.017438261317586523,0.0029279642748560133,0.03200676115819778,0.49191555628367095,0.41331585192500225
2025-01-22 15:00:00,117.2,115.33,116.38,-0.2935794382892506,-0.03554946399362169,0.020532527250320953,0.0028803937439487795,-0.053208100744110975,0.4977895254798644,0.4078030895429943
2025-01-22 19:00:00,118.13,114.86,114.92,-0.38018327790478645,-0.03096199352320117,0.008542649711823058,0.002817904613681217,-0.02848231620679642,0.5026657661230645,0.40772138153443044
2025-01-22 23:00:00,115.66,113.05,113.57,-0.3577546644721473,-0.036912923760309524,0.01928224817833457,0.0028141628809664416,-0.15405386282846611,0.4530043508350667,0.4065589429623089
2025-01-23 03:00:00,115.13,112.55,113.1,-0.49748691295342934,-0.028904239821415767,0.016881732680269934,0.0027611408585443728,0.08610334477579973,0.4383073593615004,0.40030759888484446
2025-01-23 07:00:00,113.62,111.24,111.82,-0.4312807531639488,-0.03179782500767381,-0.011271378458382442,0.0027192148284797017,0.007366281469969538,0.4093413590341465,0.393477553635934
2025-01-23 11:00:00,115.99,111.44,115.63,-0.29918668183950303,-0.02169434262742287,-0.044856309631162716,0.0026112914455073367,0.1268455602009173,0.43338398948373963,0.3684506435202876
2025-01-23 15:00:00,117.21,113.94,114.49,0.010368685476866488,-0.0061518680889457444,-0.03554946399362169,0.00249091952327049,0.009213702257479861,0.4811555841601827,0.3579658292796234
2025-01-23 19:00:00,116.79,113.08,116.17,0.057107731863522235,-0.014573526071348986,-0.03096199352320117,0.0024607585232620695,-0.039095408149335986,0.4631895695502147,0.34243619340206716
2025-01-23 23:00:00,116.72,113.03,113.19,-0.3840847029362428,0.0014781575709734707,-0.036912923760309524,0.002396963051515993,0.12086174314096998,0.45693491876646797,0.34106732641374177
2025-01-24 03:00:00,117.28,112.82,116.77,-0.11043454826590232,0.014495530393684453,-0.028904239821415767,0.0023111716811442073,0.06092110116911842,0.47663937505650444,0.3194599408639811
2025-01-24 07:00:00,119.2,116.52,118.18,-0.36568820486397785,0.04561512716955596,-0.03179782500767381,0.002212218960137832,0.09593420720023205,0.528644824055965,0.30462326081374114
2025-01-24 11:00:00,122.28,117.15,122.13,0.08088585416504264,0.05154442196927955,-0.02169434262742287,0.002145998661278626,-0.0054293882013741745,0.569434411574367,0.2840654815144137
2025-01-24 15:00:00,122.99,119.17,119.35,0.12651534376279383,0.04955214281942566,-0.0061518680889457444,0.0020826281587244815,-0.07021089139290093,0.614314612049017,0.28026147634302856
2025-01-24 19:00:00,122.9,116.44,118.62,1.1302861237113688,0.04057725156544634,-0.014573526071348986,0.002099741218175357,0.00570507918185803,0.5715018036088625,0.27188731394561333
2025-01-24 23:00:00,125.6,117.85,122.98,1.0541454835147155,0.06470765917588972,0.0014781575709734707,0.002032716574619034,0.063864206721707,0.6292533552398657,0.25227504603459316
2025-01-25 03:00:00,124.95,121.66,121.96,0.024957149774848805,0.06845037751698824,0.014495530393684453,0.0019911569968238067,-0.01794802750225355,0.6602735601595773,0.24227290994679732
2025-01-25 07:00:00,122.54,120.41,121.41,-0.1366000366566934,0.0323798353260758,0.04561512716955596,0.0020036975663372193,-0.17931321778843023,0.6171952512775423,0.22989376330583164
2025-01-25 11:00:00,127.54,121.41,126.76,1.3388641015160394,0.04972006419445618,0.05154442196927955,0.0019124664616164233,-0.04206459952347952,0.7074339152530678,0.21165358227115239
2025-01-25 15:00:00,129.35,125.67,125.79,0.9545725096496103,0.050499453616618784,0.04955214281942566,0.0018708039679648874,0.13017635295458097,0.7567437596437346,0.2042814953849399
2025-01-25 19:00:00,127.34,124.26,124.46,-0.35215240189113006,0.050591781876854425,0.04057725156544634,0.0018973694051150885,0.022236717175855958,0.7120253784559435,0.2042661581763788
2025-01-25 23:00:00,124.58,123.12,123.62,-0.39148228534113916,0.01445259335118787,0.06470765917588972,0.0019117358734177501,-0.05897475494991733,0.6702314929461247,0.20559010263167513
2025-01-26 03:00:00,125.08,123.1,124.11,-0.45077030841316373,0.00563579702262218,0.06845037751698824,0.0018844620699213545,0.026217411458542506,0.6764278319150341,0.20490463360109532
2025-01-26 07:00:00,125.1,121.41,122.45,-0.29283721850880795,0.013151468467730298,0.0323798353260758,0.0018726929396825842,-0.012982626228562832,0.654325664828751,0.20727058186490913
2025-01-26 11:00:00,123.03,121.63,122.91,-0.538061439386126,-0.025262989506214084,0.04972006419445618,0.0018417590673453904,-0.060935275132958266,0.6338294632345437,0.20533529753246696
2025-01-26 15:00:00,123.0,120.8,121.81,-0.5279822733069908,-0.0449801040064951,0.050499453616618784,0.001792076928566391,-0.0817676935460585,0.6234749612202691,0.20582143791982616
2025-01-26 19:00:00,122.47,119.75,120.31,-0.5812002599261511,-0.035163082778182475,0.050591781876854425,0.00174278495480699,-0.07012728732710405,0.60941526779563,0.20835469660299913
2025-01-26 23:00:00,120.3,113.13,113.49,0.828119129775694,-0.06157150473038686,0.01445259335118787,0.0017434583761461305,-0.06488260776158039,0.49313173876431854,0.22223086343132192
2025-01-27 03:00:00,115.44,110.45,110.86,0.10076313505189548,-0.08991476807091947,0.00563579702262218,0.0016736731887128974,-0.1273875414197031,0.4172464543067227,0.2150468860459961
2025-01-27 07:00:00,111.46,106.17,106.53,0.9218114946861562,-0.118815256671434,0.013151468467730298,0.0015706540467400987,-0.07381684109783826,0.3144640417935705,0.21877367916580728
2025-01-27 11:00:00,113.65,106.5,113.2,0.5098899213654784,-0.09806359743028736,-0.025262989506214084,0.0013188496309555924,-0.02448362849853447,0.3553362477037739,0.19882044111473024
2025-01-27 15:00:00,113.57,109.16,109.66,-0.14736424121366817,-0.0829085941377552,-0.0449801040064951,0.0010717953472614544,0.027432218526976637,0.38887928844904474,0.1993594786308404
2025-01-27 19:00:00,115.84,109.66,114.92,-0.30667269615322373,-0.0655592416266142,-0.035163082778182475,0.0008440645891089613,0.1871596869795713,0.4248325456781921,0.17813608570278067
2025-01-27 23:00:00,115.93,112.78,115.83,-0.4723112014702204,-0.014318949970791195,-0.06157150473038686,0.0006409151539472507,0.21675882339803132,0.45448164522161055,0.1636576847215435
2025-01-28 03:00:00,116.5,114.7,115.58,-0.39257483694809864,0.024002962377079218,-0.08991476807091947,0.00045950897736923905,0.0229809041229172,0.4802144220629906,0.16026363246058584
2025-01-28 07:00:00,116.95,113.86,114.7,-0.30669306776297994,0.060349418909724895,-0.118815256671434,0.00029903478585578935,0.26914557274300077,0.4665783191309917,0.1593421858875923
2025-01-28 11:00:00,115.48,113.25,114.04,-0.3785068197890953,0.0370417110950807,-0.09806359743028736,0.00013099123977946547,0.06258997015485068,0.45021604632655465,0.15633649570605976
2025-01-28 15:00:00,115.6,112.17,112.67,-0.14140507488064363,0.019054155865841693,-0.0829085941377552,-4.360226718185672e-05,0.14109242235314134,0.43832433422062894,0.15758837756441815
2025-01-28 19:00:00,113.11,109.1,110.66,-0.2846353651312859,-0.01945386747164146,-0.0655592416266142,-0.00022423414890751666,-0.08915856953057133,0.37365082864003624,0.1616732860948875
2025-01-28 23:00:00,113.59,109.3,113.35,-0.5433282925538835,-0.028842502676946102,-0.014318949970791195,-0.00041969117822257806,-0.00032253797804693285,0.37774395437553565,0.1547825316810197
2025-01-29 03:00:00,115.06,112.62,115.04,-0.706301212130285,-0.016878727326236853,0.024002962377079218,-0.0005948781077043816,0.16808848122564823,0.43487293674079625,0.15241842155340338
2025-01-29 07:00:00,115.07,112.97,113.44,-0.6128310992523238,-0.009409937037198501,0.060349418909724895,-0.0007643440500603135,-0.23188093956804123,0.44142863087860545,0.15575616715326168
2025-01-29 11:00:00,113.75,110.92,111.42,-0.5237945189660664,-0.017213674860842687,0.0370417110950807,-0.0009466843461649529,0.03372932279540408,0.40449117055123357,0.15928792313978307
2025-01-29 15:00:00,114.06,110.48,113.65,-0.4769693604547228,-0.015582703689273392,0.019054155865841693,-0.001129145523859449,-0.2261289955815139,0.39711713031440316,0.15360026212444503
2025-01-29 19:00:00,119.49,109.87,116.48,1.5529291501617135,0.03954468642178588,-0.01945386747164146,-0.0012595953279337675,0.08675048366651139,0.47566607099610214,0.1498948790541457
2025-01-29 23:00:00,120.74,114.22,120.62,0.29509839450267666,0.06365712549328495,-0.028842502676946102,-0.0013422985874203066,-0.03833168575255641,0.5422237189965152,0.14541469119522352
2025-01-30 03:00:00,131.67,120.3,128.09,2.484258554170075,0.11416944941229246,-0.016878727326236853,-0.0012845662197415026,0.0967235272764746,0.7363907992538699,0.14243279860931318
2025-01-30 07:00:00,130.65,126.54,129.47,0.5052141392190187,0.1263565219148861,-0.009409937037198501,-0.0012275382963099482,0.22694341284734887,0.7759605165987127,0.14851348464486505
2025-01-30 11:00:00,134.0,128.42,131.27,1.96566726662571,0.16890920427377476,-0.017213674860842687,-0.0011555479953859343,-0.05229896292297098,0.8454432140478387,0.15505428090031356
2025-01-30 15:00:00,132.24,128.59,129.57,0.41779564048754303,0.16345989248471926,-0.015582703689273392,-0.0010990250045316097,0.04612237607862002,0.8226379156446743,0.16347302821063694
2025-01-30 19:00:00,130.65,126.69,129.66,-0.06395882592819625,0.11454668350727326,0.03954468642178588,-0.0010135842885540987,-0.07301012225045023,0.7828529149214652,0.16983843340367874
2025-01-30 23:00:00,130.92,126.82,126.95,-0.09244492440496382,0.08743982911234349,0.06365712549328495,-0.0009167317550028422,-0.09362681297895337,0.7825362436919887,0.17697222625172182
2025-01-31 03:00:00,129.71,125.72,129.35,-0.07590899228274965,0.006421649751034542,0.11416944941229246,-0.0008355380965099668,-0.10994326654710318,0.755286412862414,0.17870447960916327
2025-01-31 07:00:00,135.32,128.54,132.83,0.33121327066515993,0.020796390122365338,0.1263565219148861,-0.0006656764971187395,0.1376601322872244,0.8379765078108615,0.18272904702291906
2025-01-31 11:00:00,134.65,128.89,129.74,0.5927230702997887,0.0008775856041329799,0.16890920427377476,-0.00047831334619405044,0.0915275848131929,0.8481212001107532,0.1921410888865815
2025-01-31 15:00:00,131.22,126.79,127.06,-0.09668610378319702,-0.0097163970091797,0.16345989248471926,-0.0003123515095028097,0.04253054775664089,0.7932095435836496,0.19869307389211419
2025-01-31 19:00:00,128.39,125.21,127.68,0.02650563300766684,-0.013551972668302326,0.11454668350727326,-0.00015295722613169408,-0.031350560129071336,0.7423467736097213,0.2008283479017589
2025-01-31 23:00:00,130.64,126.34,130.3,-0.24033988557070238,-0.00038872890742802646,0.08743982911234349,5.342759863380629e-06,0.08385620084430401,0.7813744763092042,0.2016807751429187
2025-02-01 03:00:00,130.68,128.59,130.26,-0.41973136073602024,0.01781923863241408,0.006421649751034542,0.00017028990923279724,-0.08404384063757453,0.8080559760729026,0.2059548393595909
2025-02-01 07:00:00,131.24,122.96,123.5,1.659644349894786,-0.040762239666061184,0.020796390122365338,0.00030188108297498674,-0.43028900569448403,0.7138933328568391,0.21745400245450258
2025-02-01 11:00:00,124.82,121.32,121.65,-0.02316288835074907,-0.06636533425551161,0.0008775856041329799,0.0003928968316386546,-0.15828809585004655,0.6454271168817355,0.22029413463062292
2025-02-01 15:00:00,123.56,121.21,122.03,-0.4380005389756985,-0.05080379270836133,-0.0097163970091797,0.00046923706823643734,0.03122937552985472,0.6408334940516448,0.21931953411305025
2025-02-01 19:00:00,122.4,118.39,118.6,-0.08958054208663938,-0.04899909118463319,-0.013551972668302326,0.000537256415662747,-0.046743295331070245,0.5978758031762604,0.22467354858778274
2025-02-01 23:00:00,121.41,117.53,118.22,0.02870365002880482,-0.07172387371714295,-0.00038872890742802646,0.0005852971122981242,-0.010911944600621282,0.5671015882957734,0.2237594368069433
2025-02-02 03:00:00,119.1,112.99,116.6,0.8204762431085374,-0.11008728015803926,0.01781923863241408,0.000654435517668985,-0.031755187037871835,0.4762362861310574,0.22526685285229034
2025-02-02 07:00:00,118.21,114.77,115.45,-0.28532309166589864,-0.07508697554048571,-0.040762239666061184,0.0006365816427586104,0.5183316201286368,0.49464023555444925,0.2254038672147489
2025-02-02 11:00:00,117.21,113.6,115.74,-0.07926032162948084,-0.058694479953180445,-0.06636533425551161,0.0006020221013492667,0.1509606066375615,0.4780585054240784,0.22479510008783113
2025-02-02 15:00:00,115.8,108.1,108.6,1.2381439104393193,-0.09326636771295715,-0.05080379270836133,0.0005930001390020719,-0.019027885222822838,0.3753108083422643,0.24435063502691529
2025-02-02 19:00:00,112.18,104.02,108.91,0.9154832116696572,-0.09617983584632595,-0.04899909118463319,0.0005721119339832393,0.1340070115085521,0.3281903454929499,0.24866414553396962
2025-02-02 23:00:00,109.71,80.04,89.7,5.0,-0.19603048823348246,-0.07172387371714295,0.0005642857035122118,-0.05244380490275402,0.023470494659449358,0.3465241505919445
2025-02-03 03:00:00,95.63,89.48,94.97,2.2694298795385026,-0.19659093927688587,-0.11008728015803926,0.00033158787458591806,0.11420639174462677,0.0,0.3532331038055149
2025-02-03 07:00:00,99.53,94.62,99.29,1.3083304121285202,-0.16408707954305946,-0.07508697554048571,8.526909399766357e-05,0.03382702596367504,0.09758501695345341,0.35329272885276114
2025-02-03 11:00:00,99.33,92.7,97.34,1.6204024003684614,-0.16807825799027176,-0.058694479953180445,-6.268279729481542e-05,-0.03971603704157434,0.07420555599648278,0.37748038535477096
2025-02-03 15:00:00,104.6,96.63,103.8,1.4000266131986385,-0.08562283662439452,-0.09326636771295715,-0.0002336419474690479,0.1047495692062459,0.19538773864444983,0.3613420477798049
2025-02-03 19:00:00,108.96,103.14,107.97,0.3968814070005637,-0.030830033967306436,-0.09617983584632595,-0.0003542339628133125,-0.046926531749501676,0.2865075400812746,0.350780374045228
2025-02-03 23:00:00,108.76,105.04,105.14,-0.11994467004101676,0.11750329306985918,-0.19603048823348246,-0.0004331579184876413,-0.004002776278974163,0.32018086265022905,0.3647855341891391
2025-02-04 03:00:00,105.56,98.87,101.4,0.41232553416737244,0.09346158222186407,-0.19659093927688587,-0.0005543868098036855,-0.10584714110019722,0.19162145352302773,0.38652184529344524
2025-02-04 07:00:00,101.54,98.76,101.26,-0.23308150548615209,0.03055681448243397,-0.16408707954305946,-0.000717466543006264,0.030474463682773623,0.16321661617952576,0.39502286686622806
2025-02-04 11:00:00,105.49,100.71,104.28,0.09886584093256137,0.07294370079224155,-0.16807825799027176,-0.0008364370970693891,0.05904115424534573,0.22917264604798507,0.38548585342572084
2025-02-04 15:00:00,104.72,101.42,103.86,-0.27483675600344293,0.012702755520035858,-0.08562283662439452,-0.0009172836537713186,-0.027193600278820784,0.22391377652861968,0.3893600148850358
2025-02-04 19:00:00,106.21,98.42,100.98,0.5956023583764846,-0.03881193470115285,-0.030830033967306436,-0.001014665215764855,0.0016836541336588962,0.19581269302469773,0.4056653153052158
2025-02-04 23:00:00,102.99,100.47,102.67,-0.36334840758661374,-0.052013035293579146,0.11750329306985918,-0.001110013167078249,0.12976544575684312,0.1968865319926767,0.40243328266408734
2025-02-05 03:00:00,104.06,101.6,101.94,-0.5664115880282202,0.01161723268663839,0.09346158222186407,-0.0012030892022507167,0.19467530452299164,0.21766602513168873,0.40861651701586793
2025-02-05 07:00:00,105.01,101.65,104.68,-0.6638276047387748,0.032669699675192954,0.03055681448243397,-0.0012987005711823638,0.035948653289052945,0.23553055054556524,0.3995196238755104
2025-02-05 11:00:00,109.45,104.68,107.04,0.37130712141633737,0.03238709769563086,0.07294370079224155,-0.0013618913520986999,-0.029178124707939457,0.3029971691720857,0.3904793999335887
2025-02-05 15:00:00,108.96,103.12,103.73,0.5380373704142227,0.0299581519282055,0.012702755520035858,-0.0014436526077672006,-0.07746159800677022,0.29204411171433664,0.4048362452032138
2025-02-05 19:00:00,106.6,101.75,102.59,-0.41484355809012197,0.027310317244524596,-0.03881193470115285,-0.001542044768600069,0.04670784618615764,0.257153916723058,0.4123386681793704
2025-02-05 23:00:00,106.02,102.19,105.88,-0.5824587351866207,0.026679579102420137,-0.052013035293579146,-0.0016277859158876867,-0.024138721607335545,0.25683971540432976,0.40148267579085267
2025-02-06 03:00:00,108.48,104.46,108.13,-0.4575494030644538,0.03871806893104335,0.01161723268663839,-0.001692998356250721,0.00627604760885192,0.3054761182685213,0.3938302244471161
2025-02-06 07:00:00,109.66,106.24,108.19,-0.19832048400897712,0.04185636746047794,0.032669699675192954,-0.0017584557031351511,-0.12466728181682063,0.3312058472871392,0.3929774985760257
2025-02-06 11:00:00,108.62,103.48,104.11,-0.010639263591263048,-0.005541269060374887,0.03238709769563086,-0.001874184490878224,-0.15209989812754743,0.2899570840787702,0.411224902385179
2025-02-06 15:00:00,104.6,99.86,100.31,0.9381202112225326,-0.04194129086151632,0.0299581519282055,-0.0020485635401622515,0.09460890073152606,0.19380444533172203,0.4318778363507801
2025-02-06 19:00:00,102.34,99.49,101.58,-0.5387196977333827,-0.03332899544090473,0.027310317244524596,-0.0021727967156171517,0.037833078602889314,0.18024980431591478,0.4307253570835353
2025-02-06 23:00:00,106.01,100.73,104.39,-0.3686806507783034,-0.004383536456968873,0.026679579102420137,-0.0022270710234636735,0.023202997129939673,0.24672641701318412,0.42124859887388943
2025-02-07 03:00:00,104.8,102.65,104.02,-0.7724873677513315,-0.026917979496684397,0.03871806893104335,-0.0023241301393497472,-0.11475889101088321,0.24206419965964088,0.4249643254886064
2025-02-07 07:00:00,105.82,103.91,104.43,-0.578434620531789,-0.027050303295376277,0.04185636746047794,-0.0023835353939986137,-0.019499396771157196,0.2667862104643869,0.4252803100528211
2025-02-07 11:00:00,108.13,104.25,107.3,-0.1429560313711612,0.003917095424661676,-0.005541269060374887,-0.0024045640399944315,0.15742384221952777,0.29912397584899414,0.41469075773345104
2025-02-07 15:00:00,107.32,103.52,104.85,-0.16484592548880525,0.03637927849124711,-0.04194129086151632,-0.0024549096237924273,-0.07990082255606146,0.275442244935192,0.4261220894061608
2025-02-07 19:00:00,104.9,100.57,101.73,-0.3378518912502838,0.010881415836235364,-0.03332899544090473,-0.0025487132711076122,-0.06327856167708223,0.20452101496667144,0.44251604045281734
2025-02-07 23:00:00,105.04,101.44,104.07,-0.6065254544161891,-0.0020826356717198458,-0.004383536456968873,-0.002561554602480057,-0.05442405749898538,0.24194261088678443,0.4344943008157415
2025-02-08 03:00:00,104.55,102.43,103.5,-0.70785649984268,-0.0024140819685241066,-0.026917979496684397,-0.0025843339661167993,0.05107870646829116,0.2365303176393452,0.43879811232970445
2025-02-08 07:00:00,103.79,102.27,102.68,-0.6019974901151569,-0.017115634511933764,-0.027050303295376277,-0.0025990298543888597,0.12098451515682096,0.22712832773827765,0.4447286440190283
2025-02-08 11:00:00,103.46,101.75,102.49,-0.6598946506781235,-0.035953501902336704,0.003917095424661676,-0.0026325169473562244,-0.07371954472073916,0.21465504455497544,0.4480448752987459
2025-02-08 15:00:00,104.73,101.93,104.54,-0.8047965158844484,-0.01674644434357686,0.03637927849124711,-0.0025950214153433572,0.18377069490925013,0.23649483868460755,0.44056343817240234
2025-02-08 19:00:00,105.17,104.18,104.32,-0.954588036690168,0.02601557539935495,0.010881415836235364,-0.0025230544323304955,0.03952188826912306,0.2631806937623504,0.44221707040705294
2025-02-08 23:00:00,106.18,104.21,105.5,-0.8282983792838368,0.014847168500287777,-0.0020826356717198458,-0.0024688429900570704,0.16275578399032997,0.27597547384181387,0.4357257588309238
2025-02-09 03:00:00,108.02,105.45,106.36,-0.4577488082205126,0.03304545027929229,-0.0024140819685241066,-0.002397340777335973,-0.07317438521722619,0.3120986551158224,0.4245379237078036
2025-02-09 07:00:00,107.22,105.5,106.2,-0.6879441964526242,0.03167418520760723,-0.017115634511933764,-0.002357887155573547,-0.04788307212723064,0.2992630558056072,0.41547619223152266
2025-02-09 11:00:00,107.53,104.54,106.43,-0.47495834344170923,0.03681705282588443,-0.035953501902336704,-0.0023155567123130196,-0.010899159354345267,0.2980428998531781,0.4018992497162361
2025-02-09 15:00:00,109.18,106.43,108.1,-0.41102610467470746,0.04534678595935948,-0.01674644434357686,-0.002236239637785653,-0.00043831283808737354,0.34019226239948835,0.3840936249350925
2025-02-09 19:00:00,108.18,102.28,105.11,-0.387281932376572,0.0015622925946590094,0.02601557539935495,-0.0022526514220211407,-0.04468122067647862,0.2667949802371271,0.3826081174042911
2025-02-09 23:00:00,113.29,104.74,108.61,0.8927167700991485,0.04162794349878807,0.014847168500287777,-0.002129732077118831,-0.08967276920777412,0.3728122780080556,0.36016475931383907
2025-02-10 03:00:00,114.4,108.21,113.66,0.40556873802023424,0.05384355947632824,0.03304545027929229,-0.0020486647840520862,0.09054738285319774,0.4392969780964284,0.33171717111486004
2025-02-10 07:00:00,117.52,113.13,115.76,0.24389015191410307,0.09080290573846161,0.03167418520760723,-0.00196786129293153,0.06114317773059397,0.5126074604437973,0.3084504480551709
2025-02-10 11:00:00,120.1,115.47,117.67,1.0561774136731426,0.10662949265252109,0.03681705282588443,-0.0019274577012899977,0.13182719444683233,0.5484422848206654,0.2911302349578686
2025-02-10 15:00:00,122.48,117.35,119.39,0.5443368822181468,0.10756388780788795,0.04534678595935948,-0.00185609897635093,-0.05526240579502373,0.5973196486214571,0.2791148075439599
2025-02-10 19:00:00,121.52,118.69,119.32,-0.28702048796365087,0.14161045420677953,0.0015622925946590094,-0.00179730588022844,-0.0037862654726669165,0.594915567152491,0.2702503019243052
2025-02-10 23:00:00,124.01,117.81,122.68,0.8941125128615494,0.10422241227144169,0.04162794349878807,-0.001708174642142604,-0.0031722910175241426,0.6253517306560941,0.2528911660072592
2025-02-11 03:00:00,132.48,122.21,129.01,2.5825221904429707,0.14013941762079174,0.05384355947632824,-0.0015288877683539202,-0.04670956919798119,0.7881834075602975,0.23861910511791382
2025-02-11 07:00:00,131.21,126.06,127.21,0.6374236199248267,0.10965125205535586,0.09080290573846161,-0.0013903248391600764,-0.17609957309178437,0.793630153915419,0.24648076448872372
2025-02-11 11:00:00,129.85,124.56,127.46,0.6791451224235998,0.08242590212535084,0.10662949265252109,-0.0012728885919866463,-0.07402866475753478,0.7626434675139112,0.25251090406436033
2025-02-11 15:00:00,127.86,119.62,120.27,0.6719204877984621,0.029020855924624334,0.10756388780788795,-0.001193881079716127,-0.12759126615135485,0.6741549587047365,0.265961374553398
2025-02-11 19:00:00,121.62,117.88,119.31,0.3968390475691133,0.003227353352690532,0.14161045420677953,-0.0011360024132502713,0.029715708569321597,0.6034525148096215,0.2686615740606067
2025-02-11 23:00:00,120.42,116.6,117.17,-0.22901681246820707,-0.0195357475397544,0.10422241227144169,-0.0011028714046220985,-0.08961215142374845,0.5730814651684463,0.27281999268439683
2025-02-12 03:00:00,118.29,115.74,116.22,-0.4026566712768389,-0.08879279202875479,0.14013941762079174,-0.001081808730819781,-0.07302233277927328,0.5361492278866611,0.27481182476340765
2025-02-12 07:00:00,118.85,115.78,116.61,-0.5145915267274725,-0.088682801409662,0.10965125205535586,-0.0010380874286313678,0.23608103499270938,0.5414251447349863,0.2745843441846359
2025-02-12 11:00:00,117.94,111.33,115.57,0.7529193358750961,-0.09879417936067791,0.08242590212535084,-0.0010155742276482705,0.01615754273096215,0.4847440159442265,0.2769579101726768
2025-02-12 15:00:00,121.64,114.29,120.79,0.8734673617879132,-0.03972312088613972,0.029020855924624334,-0.0009700827819734701,0.18431420489910266,0.5659323072054785,0.27070337048898646
2025-02-12 19:00:00,125.0,120.54,122.95,0.29043043004844965,0.024453983855328598,0.003227353352690532,-0.0008975968842763862,0.01454257219753452,0.6683465958913354,0.2732088050473841
2025-02-12 23:00:00,129.32,121.17,124.31,0.5359735139925599,0.05515678408979663,-0.0195357475397544,-0.000792963658555723,0.09404377378723106,0.7177770809717752,0.2666931629544893
2025-02-13 03:00:00,125.06,120.78,121.21,-0.2750042205809267,0.053440222300004336,-0.08879279202875479,-0.0006815776595937321,-0.01000370281114138,0.67436803228621,0.27177152661755766
2025-02-13 07:00:00,122.91,120.28,121.28,-0.3227404620182192,0.037120590857153024,-0.088682801409662,-0.0005207598557753794,-0.10172727243121271,0.6376303900352311,0.27282438753905297
2025-02-13 11:00:00,122.19,118.85,119.89,-0.3859118605126082,0.05258296162255838,-0.09879417936067791,-0.00035206048888055845,0.01339953499921065,0.61804254678373,0.2740865126025584
2025-02-13 15:00:00,126.55,119.48,126.11,0.1806720303631496,0.042694361903307554,-0.03972312088613972,-0.00015968825901474084,-0.0072230920544476,0.677629384057056,0.2673948782390708
2025-02-13 19:00:00,129.11,124.35,124.99,0.14597048664947998,0.029643850053579834,0.024453983855328598,3.727417228708653e-05,-0.04376990993741425,0.7489368507918498,0.2762132950226741
2025-02-13 23:00:00,128.61,124.14,125.54,-0.3367530939617755,0.00947840220091778,0.05515678408979663,0.00024147459074933404,-0.049093437575429055,0.7440137420155113,0.28066666585665295
2025-02-14 03:00:00,127.55,124.76,126.44,-0.5038673407049602,0.02506302725123022,0.053440222300004336,0.0004445743254510968,0.14985751387948953,0.7426557029264842,0.28273026461255546
2025-02-14 07:00:00,133.87,125.98,131.03,1.6215078137274792,0.07116651529181817,0.037120590857153024,0.0006203550712198135,0.0920241456254598,0.8538077005679582,0.28039479390316263
2025-02-14 11:00:00,131.8,127.02,129.3,0.7852480060158054,0.06832069017597586,0.05258296162255838,0.0008669241458897517,-0.07098419051191174,0.8243743140435196,0.290699060324314
2025-02-14 15:00:00,130.56,125.24,128.05,0.3593517965917001,0.03499752175717741,0.042694361903307554,0.0011125176263645739,-0.022342214487982903,0.7963118929093903,0.29812892366937566
2025-02-14 19:00:00,129.28,124.39,124.93,-0.5226757179416195,0.0018254041302263602,0.029643850053579834,0.0013351179006431575,0.007881887080873895,0.7829476388400293,0.30556678741713184
2025-02-14 23:00:00,129.86,124.31,129.46,-0.5577231631162717,0.0017495339061652793,0.00947840220091778,0.0015326295473069146,0.06330569227402227,0.8753943434080123,0.2987906051184835
2025-02-15 03:00:00,132.15,127.96,128.72,-0.24630191830639495,0.027692186007561848,0.02506302725123022,0.0016945260326600476,-0.07120064311097307,0.9584980646732457,0.30268852905767685
2025-02-15 07:00:00,133.39,127.65,132.07,0.13398105588363896,0.007489268311059227,0.07116651529181817,0.0019029050835439353,0.0174201094532076,0.9941308793978804,0.30086199340671743
2025-02-15 11:00:00,133.38,130.77,133.06,0.18918379432663313,0.023521128201217323,0.06832069017597586,0.0020990890696086077,0.07522811877871471,0.9999999997451776,0.30564598258470255
2025-02-15 15:00:00,135.0,130.24,131.73,0.8543771739520423,0.03983523441528236,0.03499752175717741,0.002276924731139402,-0.012000410244649706,0.9999999997504075,0.3123301277075808
2025-02-15 19:00:00,132.51,129.2,131.4,-0.3961094541490156,0.03233459282881568,0.0018254041302263602,0.00250511813141603,-0.027053059494974163,0.9538763106467307,0.3150523884092797
2025-02-15 23:00:00,137.5,130.91,135.93,0.5830592133501307,0.06658904924828746,0.0017495339061652793,0.0025944209875543665,0.14092872095407927,0.9999999997636779,0.31137643800334225
2025-02-16 03:00:00,136.9,133.5,133.99,-0.0540666184874961,0.04336764404565052,0.027692186007561848,0.002766729118648657,-0.07996893735032617,0.9999999997659744,0.32134489743913763
2025-02-16 07:00:00,134.14,131.02,131.88,-0.14802799121075075,0.009088490341645716,0.007489268311059227,0.002989893817538308,-0.1107136027478739,0.9283947808200382,0.32988054960140034
2025-02-16 11:00:00,132.59,126.77,128.05,0.8409235514377581,-0.023448676819567082,0.023521128201217323,0.0032173937408223373,0.023946071999248364,0.8459494184760418,0.3381865796314203
2025-02-16 15:00:00,128.33,125.04,126.3,-0.2688435576068827,-0.046723741848938904,0.03983523441528236,0.0033931483839727355,-0.09847066636400925,0.7923931991129428,0.3369879217179858
2025-02-16 19:00:00,127.89,125.17,126.75,-0.7353039262556389,-0.03312478876321345,0.03233459282881568,0.0034628328276469335,0.03381446431081758,0.7928502153674108,0.3305714242212449
2025-02-16 23:00:00,128.86,124.71,125.54,-0.019672233255911793,-0.06333372786692892,0.06658904924828746,0.0035201992985872733,-0.15806379398500492,0.7900790060246335,0.3297209903498981
2025-02-17 03:00:00,127.13,123.14,126.67,-0.14838660370881035,-0.07567291412251376,0.04336764404565052,0.003517176224089022,0.06595838179644398,0.7600559915831572,0.3224580596256552
2025-02-17 07:00:00,127.52,123.91,124.34,-0.23451205434598416,-0.05132221324539776,0.009088490341645716,0.003431626081049204,-0.05050141393405749,0.7693370201552663,0.32316370144482337
2025-02-17 11:00:00,126.29,122.99,123.94,-0.006652898884468168,-0.03471725335496567,-0.023448676819567082,0.0034175260528434954,-0.12158242099295813,0.7412160122449828,0.3205170247369351
2025-02-17 15:00:00,124.2,120.64,120.8,1.5197447810875777,-0.034330189293733215,-0.046723741848938904,0.003409409687834563,0.0571552680475762,0.6906660650107949,0.3223709876981999
2025-02-17 19:00:00,124.96,120.0,122.83,-0.48803941894986014,-0.03590046506067457,-0.03312478876321345,0.0033649275554181873,-0.05360993206955522,0.6864536368044861,0.3073622473924549
2025-02-17 23:00:00,124.32,121.46,123.67,-0.7320573042270283,-0.02770495526380634,-0.06333372786692892,0.003314757703124637,0.02879690651588973,0.7080478640342192,0.2975279479310876
2025-02-18 03:00:00,126.12,119.85,121.41,-0.038401709260886076,-0.016590884677239015,-0.07567291412251376,0.0033002170442058185,-0.030734442184673583,0.7114304250098558,0.2937402633065089
2025-02-18 07:00:00,124.91,121.4,124.29,-0.10207676825447229,-0.01679127305186745,-0.05132221324539776,0.0032377268419175325,0.08416182750963586,0.7199683029491533,0.27650417888562784
2025-02-18 11:00:00,128.46,124.16,126.69,0.49940106897498115,0.017835601994091288,-0.03471725335496567,0.0030965551377908993,0.1349887838606747,0.7931536491137664,0.2604668091459902
2025-02-18 15:00:00,128.36,120.69,124.77,1.5496262813498183,0.01825771857775882,-0.034330189293733215,0.0031255998656830957,0.029350145817827133,0.7429099872720464,0.2545243902747175
2025-02-18 19:00:00,129.85,123.75,128.17,0.12765442919289033,0.042902168754830106,-0.03590046506067457,0.003012909634636941,0.15061191655444395,0.8090362027880177,0.23787452197249864
2025-02-18 23:00:00,133.9,128.16,133.31,1.4696137566794574,0.07249619541675201,-0.02770495526380634,0.002872365748950425,-0.03218425490764454,0.9167536995197415,0.22235205188660337
2025-02-19 03:00:00,134.1,130.07,132.4,0.09978047245660669,0.07210014882488336,-0.016590884677239015,0.0028603197791808375,-0.009188328175249061,0.9192399840219676,0.21684431962028952
2025-02-19 07:00:00,140.0,132.36,137.83,2.110240179662663,0.10382729234772525,-0.01679127305186745,0.002762567539620226,0.08164792726362524,0.9999999997705877,0.2045955909855003
2025-02-19 11:00:00,137.89,133.4,134.39,0.7726536029859328,0.07333439090019067,0.017835601994091288,0.0027909216635220763,-0.08470802430506574,0.990593461804587,0.20209505078243248
2025-02-19 15:00:00,138.48,134.39,134.89,0.7688396933166645,0.0949758067908637,0.01825771857775882,0.002814749453849875,0.06464705359886014,0.9995421631649716,0.1949639130854641
2025-02-19 19:00:00,136.87,133.19,134.93,-0.23503030597792127,0.05748846805087138,0.042902168754830106,0.0028768990527951177,-0.1425150698015326,0.9610171899785371,0.18288063191313653
2025-02-19 23:00:00,136.63,129.84,132.99,0.8816161244021967,0.0062345778581180955,0.07249619541675201,0.0029198955729288654,0.009231644505089065,0.9175518984955892,0.17564238878160518
2025-02-20 03:00:00,133.57,129.65,129.84,-0.15718366895367258,-0.0028696291473250257,0.07210014882488336,0.002929300025444995,0.024010445507549383,0.8924265363785467,0.1737605020996633
2025-02-20 07:00:00,130.77,127.96,130.24,-0.07585545108184537,-0.051450130298181906,0.10382729234772525,0.0029699145183961963,-0.024414217304193353,0.8390634083754701,0.1689248198836369
2025-02-20 11:00:00,130.96,126.6,128.13,1.0898236073383074,-0.050971973929402115,0.07333439090019067,0.002953949359052956,-0.031088995862756263,0.8316320187647869,0.16816117635628436
2025-02-20 15:00:00,129.89,125.86,129.04,0.09760452113158521,-0.06080869052934268,0.0949758067908637,0.0029346637999778397,-0.06508837526417366,0.8093597296164307,0.16475849657997768
2025-02-20 19:00:00,129.95,126.84,128.12,-0.21374428151004204,-0.046019543168352106,0.05748846805087138,0.0028445100254353073,-0.09847050600919283,0.8188615078463244,0.1633024768807924
2025-02-20 23:00:00,139.33,128.11,136.14,3.1094483410720404,0.013039920424720686,0.0062345778581180955,0.0026345069323709743,-0.015042562206496357,0.9572658008728029,0.15687366171229933
2025-02-21 03:00:00,137.63,133.94,134.03,-0.2311197295664362,0.02871686977977861,-0.0028696291473250257,0.0025865453007901905,0.03789349121734498,0.9791640577699483,0.16145619836285974
2025-02-21 07:00:00,136.03,132.38,135.5,0.3556293029858616,0.037864596510135184,-0.051450130298181906,0.0025802100063009327,0.06280073948734421,0.9514104968249392,0.16289011007081436
2025-02-21 11:00:00,140.17,132.9,135.18,1.2178965653130402,0.05937948591650599,-0.050971973929402115,0.002499941495617223,0.12380996859625881,0.9999999997722671,0.1660779078518414
2025-02-21 15:00:00,135.81,127.33,127.51,2.4975230922724894,0.027962651412022366,-0.06080869052934268,0.0025809703952585274,-0.010525401798697653,0.8849705336873037,0.17363207371070727
2025-02-21 19:00:00,129.38,123.65,127.63,1.2797991427606241,-0.01728238763229406,-0.046019543168352106,0.0026297468261441324,0.05065543315905141,0.7623111346268536,0.17018269021398863
2025-02-21 23:00:00,131.2,126.74,128.59,-0.003014250489752488,-0.04254834191042811,0.013039920424720686,0.0024571708783291354,0.00020143170915742914,0.8199459932459446,0.16346775249896
2025-02-22 03:00:00,130.52,127.66,129.46,-0.56484793273869,-0.04746435300778962,0.02871686977977861,0.0023557656292976853,-0.0060002351623885675,0.8255959434332905,0.15552704502954934
2025-02-22 07:00:00,129.91,126.65,127.49,-0.515567752156778,-0.04766841044374159,0.037864596510135184,0.0022759473222692668,-0.2388619448081709,0.7987294253206413,0.1507949787503327
2025-02-22 11:00:00,128.62,126.55,127.42,-0.510968681733945,-0.06554520286641596,0.05937948591650599,0.0021617523579150646,-0.002644274388549639,0.7959948815538623,0.14165999579991245
2025-02-22 15:00:00,129.17,127.22,127.54,-0.7157306296606286,-0.026843435597929677,0.027962651412022366,0.0020309470887560073,-0.015275205302391459,0.8045098980055112,0.1380678171552486
2025-02-22 19:00:00,127.92,125.7,126.38,-0.9044449700927409,0.0034999643866633345,-0.01728238763229406,0.001932848777671388,0.04226015328186827,0.7723726402345337,0.1377030838415
2025-02-22 23:00:00,126.97,125.17,125.61,-0.6674291453180965,-0.02081314348757446,-0.04254834191042811,0.0018154993558151256,-0.11826293205425087,0.7589139475927497,0.13796116861352792
2025-02-23 03:00:00,127.31,125.45,127.02,-1.0592638959467509,-0.019591977781287184,-0.04746435300778962,0.0016802309365419753,0.12719360185545447,0.7680341259726108,0.13314736358029444
2025-02-23 07:00:00,128.85,126.76,128.16,-0.8412903373022649,-0.0005620865642995687,-0.04766841044374159,0.0015455628516591634,0.2623134949247754,0.7970930994702583,0.1284461332923965
2025-02-23 11:00:00,129.61,126.33,128.7,-0.7195047823829253,0.00327672168825921,-0.06554520286641596,0.0014249206246193114,-0.06415262409169853,0.8055249935635569,0.12262550482690747
2025-02-23 15:00:00,129.36,126.78,128.46,-0.6903578190100964,-0.0011486342790816284,-0.026843435597929677,0.0013093693129140641,-0.06743135394380095,0.8011593962489343,0.12232223153638343
2025-02-23 19:00:00,129.05,127.6,128.52,-1.2366469707201397,0.012453470076086326,0.0034999643866633345,0.0011968541866496975,-0.031351156426154825,0.808298493460039,0.12118483568500159
2025-02-23 23:00:00,130.5,126.66,127.09,-0.649727039305922,0.020139887178632687,-0.02081314348757446,0.0010611194473088904,0.14822844870963636,0.8167425713985104,0.12196274131438832
2025-02-24 03:00:00,127.1,121.3,124.87,0.08064976593582053,-0.02279019803778015,-0.019591977781287184,0.0009986492209149039,-0.16220172808735567,0.7023876868376091,0.12487914935099738
2025-02-24 07:00:00,125.42,121.81,123.19,-0.49656647666282266,-0.034638548946046566,-0.0005620865642995687,0.0008786579723736765,-0.11300173489467868,0.6963113024695103,0.12864356068858607
2025-02-24 11:00:00,124.66,120.8,121.11,-0.3911732508472334,-0.04050695658228376,0.00327672168825921,0.0007785207774069308,0.06729886505325933,0.6873273551200827,0.13500964302190296
2025-02-24 15:00:00,124.31,120.16,123.11,-0.013117583724071492,-0.042878092298770154,-0.0011486342790816284,0.0006857181720418963,0.1712174956630097,0.6762300694905027,0.13490601456594858
2025-02-24 19:00:00,123.84,112.01,113.68,1.3530077862550356,-0.08652535383042892,0.012453470076086326,0.000628309917858737,0.0396461350022248,0.5555810806299512,0.16042918794864933
2025-02-24 23:00:00,117.32,112.68,115.6,1.0560935501759416,-0.1031395023153221,0.020139887178632687,0.0005084364859738054,-0.07944156188569407,0.5146287571665636,0.1679047542856216
2025-02-25 03:00:00,115.86,112.1,112.19,0.06817712212932318,-0.07882510747682125,-0.02279019803778015,0.00038133651757805075,0.06360163951660636,0.4805090644897767,0.18817816165067353
2025-02-25 07:00:00,113.61,106.08,112.22,2.704863072113584,-0.10494562987479861,-0.034638548946046566,0.0003023916381199134,-0.0022025840706166866,0.40154575707163404,0.20065957719681726
2025-02-25 11:00:00,114.01,108.93,109.7,0.29561943490651765,-0.09303027741968795,-0.04050695658228376,0.00018777500881889123,-0.060818294503112824,0.42686477912563586,0.22036755190594803
2025-02-25 15:00:00,112.89,108.95,111.6,-0.04738105160594713,-0.09321051214254561,-0.042878092298770154,7.737283542136433e-05,-0.15388379054699508,0.4162972629602622,0.2273890183417713
2025-02-25 19:00:00,117.07,110.36,115.49,-0.3144314957747046,-0.022512740961635802,-0.08652535383042892,-6.349057766959183e-05,0.22633807772669146,0.4955167481366675,0.22464542961478082
2025-02-25 23:00:00,121.62,113.96,121.23,0.21383566087699626,0.014967380293446242,-0.1031395023153221,-0.00019400804323328516,0.23068027764488663,0.5539490045751893,0.2114410614504682
2025-02-26 03:00:00,121.31,117.19,119.23,-0.3521308030729903,0.04626397136631599,-0.07882510747682125,-0.00031121265618807724,0.07184183796016619,0.6004689083880408,0.2146085653695277
2025-02-26 07:00:00,127.19,118.1,126.4,0.8222533707358581,0.1200643311211329,-0.10494562987479861,-0.0004134481163736498,0.08273072486195798,0.7033850555968848,0.2010573415397508
2025-02-26 11:00:00,128.94,120.91,127.24,2.1826096344037005,0.11649637624816545,-0.09303027741968795,-0.0004916590952784964,-0.01555272098203897,0.7226838856294819,0.19962501384638542
2025-02-26 15:00:00,128.5,121.34,122.05,1.7911633245090475,0.1319315043304019,-0.09321051214254561,-0.000580157950425578,-0.014752614061069536,0.7499165831237146,0.20881244250058886
2025-02-26 19:00:00,128.9,121.41,127.8,1.1216137544501945,0.08852367612035184,-0.022512740961635802,-0.0006470892289788247,-0.09927390761621813,0.7263821359009681,0.19952626454643893
2025-02-26 23:00:00,127.91,122.87,123.43,0.333999188841321,0.06509075134015996,0.014967380293446242,-0.0006851080340957882,-0.09434588194829752,0.7275058779965772,0.20686965455369916
2025-02-27 03:00:00,127.84,121.73,127.82,0.12487912551259427,0.04692571258900502,0.04626397136631599,-0.0007078198574352163,-0.00883111167617523,0.7277738107601337,0.19988228098708266
2025-02-27 07:00:00,132.0,127.4,131.86,1.2461632092339474,0.04949448744684348,0.1200643311211329,-0.0007150365347495042,0.04096524691507408,0.842752576719469,0.19497342013265706
2025-02-27 11:00:00,131.96,128.23,128.37,0.7620202005757974,0.043094000552736045,0.11649637624816545,-0.0007278268440773636,-0.004789867474074283,0.8448604575538249,0.20026297602676532
2025-02-27 15:00:00,130.06,123.01,126.62,1.8684668847353887,0.007012871692909428,0.1319315043304019,-0.0007670936504921179,0.06094070527171502,0.769989880534849,0.20178513526867764
2025-02-27 19:00:00,128.1,123.14,126.63,0.30924296913664084,0.006905301745467662,0.08852367612035184,-0.0007990694547017888,-0.0013919821646568575,0.7459850179503459,0.2012521263313376
2025-02-27 23:00:00,127.48,119.31,123.7,1.3128510785590428,-0.015044556541880527,0.06509075134015996,-0.0008277739761720699,-0.14106632041931555,0.684780241858805,0.2060120886308655
2025-02-28 03:00:00,126.09,115.95,116.9,1.681078069866491,-0.029660746293663,0.04692571258900502,-0.0008716094318766263,-0.0339325258401304,0.6435311273304023,0.22092820011545347
2025-02-28 07:00:00,121.7,114.05,119.05,1.409984006904373,-0.08983201091467474,0.04949448744684348,-0.0009380172798738488,-0.03144913235465596,0.5772822235003956,0.21905155293564776
2025-02-28 11:00:00,126.91,118.45,124.15,1.165311443869535,-0.05983437753519194,0.043094000552736045,-0.0009425428999814686,0.10123625092751731,0.6679125842285204,0.21021890758229897
2025-02-28 15:00:00,126.75,123.25,125.39,0.2760000086918231,-0.013310882761983445,0.007012871692909428,-0.0009359042856066404,0.09928664220855232,0.7316222741307995,0.20808330152524918
2025-02-28 19:00:00,129.32,124.87,129.1,-0.15589566105550548,0.01891136393583137,0.006905301745467662,-0.0009168761576856054,-0.08386262888142759,0.8000416203650218,0.2022860022054714
2025-02-28 23:00:00,129.59,126.02,128.53,-0.6722039460146256,0.039352996151765574,-0.015044556541880527,-0.0009070562135086925,0.022227927072336673,0.7948590033314555,0.20133826251291695
2025-03-01 03:00:00,131.0,126.53,127.3,-0.3773710793084228,0.06260060183829586,-0.029660746293663,-0.0008923238384439134,-0.03465247488559797,0.8160562032283898,0.2016956342523014
2025-03-01 07:00:00,127.92,125.77,126.3,-0.7398492927064075,0.07231986493623954,-0.08983201091467474,-0.0008698539717037285,-0.05500008028887249,0.771802137826249,0.197302196869839
2025-03-01 11:00:00,126.53,122.93,125.22,-0.3941076229231556,0.0224488012825792,-0.05983437753519194,-0.0008492242508627241,-0.10825424787869786,0.7303280322956002,0.19576282329977732
2025-03-01 15:00:00,126.02,124.11,124.54,-1.0126090163428136,0.002322983124257494,-0.013310882761983445,-0.0008198663621131644,-0.06126639717766036,0.7382289688704992,0.19301942640680203
2025-03-01 19:00:00,126.4,124.0,124.91,-1.1579143684935906,-0.020970352990116736,0.01891136393583137,-0.0007835167460617777,0.07386202806699349,0.738965978436476,0.18834875674165044
2025-03-01 23:00:00,125.16,122.29,122.83,-0.9753743466193144,-0.031178643418674823,0.039352996151765574,-0.0007679864128008392,-0.031285414908100884,0.7042135513266492,0.18900502936253144
2025-03-02 03:00:00,124.13,122.12,123.14,-1.0403484330044384,-0.044015331463001295,0.06260060183829586,-0.0007281091542438638,0.08856779019395034,0.6871577360490391,0.18766295252776993
2025-03-02 07:00:00,123.2,121.42,122.18,-0.7640687034590233,-0.03533882764766094,0.07231986493623954,-0.0006881370168497281,-0.11921729195858888,0.6698766138974014,0.18820399193940382
2025-03-02 11:00:00,122.71,117.46,118.55,-0.1410013083349041,-0.03889075262697128,0.0224488012825792,-0.0006805897301554098,-0.1160433078772507,0.619770877145209,0.19541017862539714
2025-03-02 15:00:00,130.0,118.27,125.44,4.739675229027635,0.0005819400134290387,0.002322983124257494,-0.0006699209175443919,0.029904598997193776,0.7398878837195045,0.18383862299940323
2025-03-02 19:00:00,127.96,124.82,126.75,-0.3082147902860129,0.010225204067364935,-0.020970352990116736,-0.0006602690413453485,0.03978847065797386,0.76812212513969,0.1815917611234291
2025-03-02 23:00:00,130.4,125.38,125.99,0.8993660857967941,0.031104328468253062,-0.031178643418674823,-0.0006433015168406428,0.11588420240951147,0.7918234820824058,0.17645665587306267
2025-03-03 03:00:00,126.5,119.03,119.82,0.2872479559649824,-0.0006901505191799773,-0.044015331463001295,-0.0006494782468399136,-0.1248476855867221,0.6591670525872053,0.18186830319489006
2025-03-03 07:00:00,119.85,114.6,117.16,1.3999568154007676,-0.04203284408347563,-0.03533882764766094,-0.000705686847414346,0.14368674821390992,0.5159174237704715,0.1816784535206669
2025-03-03 11:00:00,119.27,112.48,112.83,1.0939512851102626,-0.02939752648836258,-0.03889075262697128,-0.0007719428630349158,0.3093739617321578,0.4463452696194712,0.1881314789189911
2025-03-03 15:00:00,115.86,111.64,112.53,0.42422681210230995,-0.09020775293976191,0.0005819400134290387,-0.0008648133389871899,0.02890630952862483,0.37798495748147154,0.19444241898197834
2025-03-03 19:00:00,113.4,106.7,110.33,0.8673140067960676,-0.13389109676616184,0.010225204067364935,-0.0010131764648494243,-0.1044742971617233,0.25759440869378764,0.2063942788332821
2025-03-03 23:00:00,110.99,101.1,104.25,1.3544691813332677,-0.17365914901180268,0.031104328468253062,-0.0012063533971235186,-0.072106506201009,0.14342663830238664,0.23569071202415987
2025-03-04 03:00:00,106.23,102.87,104.79,-0.042823643820273934,-0.1500818270840334,-0.0006901505191799773,-0.0013956123124049449,0.17453335110542834,0.11682896461624198,0.2479612284028368
2025-03-04 07:00:00,105.01,100.45,102.53,-0.05755346575393317,-0.12470670701317554,-0.04203284408347563,-0.0016071404529162353,0.0020623161440953552,0.04276716001881701,0.2707245324299845
2025-03-04 11:00:00,106.33,98.92,101.42,1.6526116376220221,-0.11977741058216684,-0.02939752648836258,-0.0018002491500878999,-0.0978321623767836,0.04433328430841284,0.29117647869092733
2025-03-04 15:00:00,104.42,93.93,103.92,3.087166879107837,-0.12810133339988594,-0.09020775293976191,-0.002025533547264709,-0.011245581587945308,0.0,0.29539295549571815
2025-03-04 19:00:00,104.85,101.11,102.61,-0.2685958964468279,-0.057433370716744814,-0.13389109676616184,-0.002149547497344819,0.10958368546520414,0.10471561459443118,0.31183458126921093
2025-03-04 23:00:00,105.5,101.67,104.58,-0.6433909742339301,-0.018730754794656135,-0.17365914901180268,-0.0022866568690939346,0.10427558655219316,0.10867910457637686,0.31494497299272595
2025-03-05 03:00:00,104.76,102.01,102.68,-1.032674415625003,-0.012381970526918473,-0.1500818270840334,-0.002389331312598531,-0.1164224945172414,0.10089595267490864,0.33079634788766066
2025-03-05 07:00:00,106.87,101.96,105.64,-0.32327432266846,0.02206405575833914,-0.12470670701317554,-0.0024438669588963615,0.08916388683821053,0.14338445476488493,0.32621725643985927
2025-03-05 11:00:00,105.69,101.32,101.66,-0.3374305589086294,0.008328097516028032,-0.11977741058216684,-0.002513261395929979,-0.0679376711339873,0.107189683572405,0.34742869558648704
2025-03-05 15:00:00,104.42,100.61,103.85,-0.5605778679513386,0.03076115063920981,-0.12810133339988594,-0.0025824973716056083,0.04304483178836205,0.08189786516149199,0.34493870259995474
2025-03-05 19:00:00,105.34,103.48,104.96,-1.0186632926445045,0.012647378792036923,-0.057433370716744814,-0.002572401011952506,0.010058925582986156,0.13971211807616374,0.3441517828185227
2025-03-05 23:00:00,106.98,103.64,106.98,-0.7879084033615235,0.018123985557096045,-0.018730754794656135,-0.0025877800177031476,0.026733972857866606,0.15890173559572854,0.3391064271572408
2025-03-06 03:00:00,113.0,106.63,108.53,0.46163726998589166,0.06329627767269064,-0.012381970526918473,-0.0025202163300288554,0.047400749673492504,0.27580102009888846,0.335457623598076
2025-03-06 07:00:00,109.69,107.13,108.22,-0.47244539629560733,0.03435142401799052,0.02206405575833914,-0.0025570598928915094,-0.17574323532463365,0.2397664513417652,0.33826515322029327
2025-03-06 11:00:00,108.43,104.05,105.35,-0.45324040381863584,0.02507656463738739,0.008328097516028032,-0.0026449437366229535,-0.052080745252425786,0.1766409709908026,0.3519028072448707
2025-03-06 15:00:00,106.94,102.11,102.81,-0.40956188104598273,0.020550261130224623,0.03076115063920981,-0.00273014439513802,-0.0450410912637228,0.13829348717638448,0.3663080513444148
2025-03-06 19:00:00,104.59,102.52,103.51,-1.0226697519212127,-0.009929691652595274,0.012647378792036923,-0.0028207558930472866,0.0717159467535382,0.11188820964605949,0.3695147576496063
2025-03-06 23:00:00,104.55,97.29,100.72,0.5923574139956522,-0.04452143957699595,0.018123985557096045,-0.002969459860779364,-0.10912983773280505,0.03329422151792742,0.38837059514167893
2025-03-07 03:00:00,102.6,100.55,102.4,-1.1222699583279552,-0.07540712116183512,0.06329627767269064,-0.002980633250886995,0.08904816970919827,0.05424126527007244,0.3879067255939304
2025-03-07 07:00:00,104.74,101.88,104.54,-0.8347159762766629,-0.048424274517108734,0.03435142401799052,-0.0029445850760125057,-0.00666038582187245,0.09923212603428413,0.3838342342652784
2025-03-07 11:00:00,105.96,103.6,104.75,-0.5481052759504937,-0.011542765921393472,0.02507656463738739,-0.0028999403066028535,0.10861949851470865,0.1438708191324139,0.38586539633616374
2025-03-07 15:00:00,105.72,102.15,105.31,-0.44782667909013907,-0.0056937636180182105,0.020550261130224623,-0.0028848190810724247,-0.06759115317195463,0.12234711567913574,0.3867985070169237
2025-03-07 19:00:00,106.68,102.73,104.07,-0.4845478955161727,0.010248073965346105,-0.009929691652595274,-0.0028708551878307556,-0.21590933438065818,0.14031911310040981,0.39577003512830883
2025-03-07 23:00:00,106.1,102.38,105.06,-0.9618220662627048,0.03730485199384437,-0.04452143957699595,-0.00291568017424284,0.09398165588104823,0.13385594079241486,0.3944755565977069
2025-03-08 03:00:00,109.05,104.07,105.27,-0.707649138534458,0.05157757870154622,-0.07540712116183512,-0.002868670261545557,-0.046358091504542065,0.1943580005151962,0.3963300008267897
2025-03-08 07:00:00,106.19,103.87,105.01,-1.11503033148235,0.017967118703237084,-0.048424274517108734,-0.0029052536133816567,0.003191291317441225,0.1488503347812819,0.39638949804345347
2025-03-08 11:00:00,105.64,103.69,104.2,-1.0272721958995084,-0.0002225543761217308,-0.011542765921393472,-0.0029201768197836156,0.0040677821015806526,0.1432462757833246,0.3979110314098618
2025-03-08 15:00:00,104.39,102.84,104.03,-1.3038208146487047,-0.002962025615845465,-0.0056937636180182105,-0.002958262092650692,-0.06611333203344105,0.11409868331083839,0.3999830454707944
2025-03-08 19:00:00,104.94,102.81,103.0,-1.4010270728655574,-0.006755784243057228,0.010248073965346105,-0.0029591444806602927,0.13326225574451733,0.12138468414842282,0.4016858155970148
2025-03-08 23:00:00,103.14,101.08,101.12,-1.1784047619216702,-0.022108647271203097,0.03730485199384437,-0.0030261363086275224,-0.09788948882072812,0.07203495177698993,0.410990304955401
2025-03-09 03:00:00,101.64,99.87,100.29,-1.1982431522572217,-0.05529996133712911,0.05157757870154622,-0.0030957154445433407,-0.20858775809867447,0.036380512259457494,0.4127358064192378
2025-03-09 07:00:00,101.69,98.5,98.62,-1.0170231954326754,-0.0455199920947299,0.017967118703237084,-0.00314622772542827,-0.025012994447359382,0.020883162638519876,0.41391251972372833
2025-03-09 11:00:00,99.8,97.51,99.51,-0.35883781204395176,-0.0571951536722729,-0.0002225543761217308,-0.0032131654619667175,-0.03251353086210229,0.0,0.4066664167331468
2025-03-09 15:00:00,100.96,95.15,95.78,0.06775572383127226,-0.05240534876105096,-0.002962025615845465,-0.0032554435876234367,0.0899395852234337,0.0,0.4233893037482839
2025-03-09 19:00:00,97.94,94.06,94.18,-0.8952356326128479,-0.07723951207819313,-0.006755784243057228,-0.0033600157071899707,-0.1394371606396546,0.0,0.43214288055119837
2025-03-09 23:00:00,96.47,92.96,95.05,-0.568757033497711,-0.06917551224603713,-0.022108647271203097,-0.0034283284731292684,0.06809556634533886,0.0,0.4305896368341495
2025-03-10 03:00:00,97.66,94.01,96.31,-1.0052375986366886,-0.045351712926183674,-0.05529996133712911,-0.0034213109110644035,0.1603719446809686,0.02784545032514265,0.4299684624943161
2025-03-10 07:00:00,99.1,94.46,97.1,-0.6013768508541114,-0.03521972018335495,-0.0455199920947299,-0.003466727625920064,0.09498289198433185,0.03893851720091018,0.4290304340469668
2025-03-10 11:00:00,98.69,91.23,92.07,-0.2876367858176771,-0.04109060637426609,-0.0571951536722729,-0.003593713135793486,-0.022044034466914275,0.0,0.4552942630053375
2025-03-10 15:00:00,94.04,86.3,86.51,0.5417045045568887,-0.08407509432024385,-0.05240534876105096,-0.0038570718692230678,-0.03494246893829933,0.0,0.4926812096286082
2025-03-10 19:00:00,89.75,86.26,87.65,-0.4516240310269275,-0.07960441539810459,-0.07723951207819313,-0.004050469685844789,0.20543459298519395,0.0,0.4854408387571212
2025-03-10 23:00:00,88.73,83.28,88.07,0.4590892910393255,-0.09489608797205185,-0.06917551224603713,-0.004341164954565542,-0.01584136168082817,0.0,0.4805304413196145
2025-03-11 03:00:00,89.49,87.0,87.69,-0.6555877357257791,-0.08266974284888395,-0.045351712926183674,-0.00444362301477901,-0.042154311748852424,0.04390691714342465,0.48044791709699114
2025-03-11 07:00:00,89.81,87.5,89.17,-0.702002403830267,-0.08137356513124949,-0.03521972018335495,-0.004613576416389569,0.07005243933388372,0.05474359707873246,0.4680959556798273
2025-03-11 11:00:00,89.8,86.1,87.08,-0.22430636757786154,-0.06941748341979692,-0.04109060637426609,-0.004869875536374407,0.08727367315745194,0.041707878700611475,0.47742603174719456
2025-03-11 15:00:00,93.29,86.94,92.64,0.3491787203244596,0.012798548671312027,-0.08407509432024385,-0.004914970346729881,0.11993243668322173,0.10075646677081627,0.44040219292023913
2025-03-11 19:00:00,93.06,91.38,91.57,-1.0780642756925443,0.04232183315990867,-0.07960441539810459,-0.005042719251180901,-0.07898348979281733,0.11820457876681292,0.43604407019865976
2025-03-11 23:00:00,91.94,88.83,89.17,-0.9354761285318471,0.05317573602601433,-0.09489608797205185,-0.005253939035788739,-0.11407810879235858,0.09016438008868102,0.44209434328898484
2025-03-12 03:00:00,89.87,88.07,89.16,-1.1211751436327226,0.008550946258581993,-0.08266974284888395,-0.005465796294789388,0.01726938242834386,0.05878128332113696,0.43442815110647165
2025-03-12 07:00:00,91.08,89.01,90.04,-1.0247380221387703,0.013833156624046383,-0.08137356513124949,-0.005509536113280821,0.04331094472777397,0.07895627068872886,0.4215273506543546
2025-03-12 11:00:00,93.0,88.43,88.43,-0.2638667541154791,0.033913177363306124,-0.06941748341979692,-0.005488821726386116,-0.005584813475774109,0.10062525515143746,0.4259597507251033
2025-03-12 15:00:00,91.24,87.3,90.91,-0.7974843403863576,-0.01495690741337552,0.012798548671312027,-0.005592179317993601,-0.07189035127138421,0.07388864133928781,0.3960209720190022
2025-03-12 19:00:00,91.98,90.51,91.76,-1.2558626002417168,-0.0059278491042868975,0.04232183315990867,-0.005501922588643963,0.027188352312724318,0.10745266327764748,0.36801547839315735
2025-03-12 23:00:00,91.79,90.4,90.87,-1.026481168379138,0.0057918639021794505,0.05317573602601433,-0.005523158018443542,0.2593232153345948,0.10050724099867071,0.34600179899946065
2025-03-13 03:00:00,91.21,88.81,89.25,-1.0736235222930348,0.01147311299677134,0.008550946258581993,-0.005585677058925087,-0.1417093987674971,0.07890941217015005,0.338352174850006
2025-03-13 07:00:00,90.55,88.29,90.3,-0.9321657109385724,-0.006045317047969734,0.013833156624046383,-0.005617327857821183,-0.07915648366787864,0.06822856065040082,0.3227397341872243
2025-03-13 11:00:00,91.37,88.05,89.11,-0.5981445045139109,-0.014781191307855823,0.033913177363306124,-0.005545408392299375,-0.08291044643998025,0.07407501663152936,0.3221658484881229
2025-03-13 15:00:00,89.31,86.41,86.78,-0.8504065414574349,-0.023171260429500906,-0.01495690741337552,-0.005609843880891554,-0.00196970029765009,0.03288753259561884,0.3278474855500319
2025-03-13 19:00:00,88.43,86.28,88.39,-1.077818241855961,-0.04848158709595152,-0.0059278491042868975,-0.005627005543704852,0.1233661073203125,0.020038171334812945,0.31912745519056884
2025-03-13 23:00:00,89.59,87.76,89.54,-1.1477440036172661,-0.025251901619106953,0.0057918639021794505,-0.005497296539138733,-0.1118891919960826,0.05515230661300942,0.31660882575807825
2025-03-14 03:00:00,89.56,88.55,88.78,-1.2712462569294762,-0.011133075041063534,0.01147311299677134,-0.005468360362214744,0.13771853227637654,0.05915374903281408,0.3207939776614248
2025-03-14 07:00:00,90.7,88.57,90.3,-1.0812551280332647,0.0047661186038356895,-0.006045317047969734,-0.0054059554517867465,0.11289939010121142,0.07663514110215944,0.3166703175807164
2025-03-14 11:00:00,91.36,89.61,90.91,-0.7793591188429718,0.00905914725919521,-0.014781191307855823,-0.005369028398984561,0.17232362821638647,0.09010669541800388,0.31569686430417554
2025-03-14 15:00:00,92.84,90.86,91.93,-0.6071087183083986,0.04785740607396094,-0.023171260429500906,-0.005247459401295603,0.040069222868411414,0.11560810421716,0.3110886225118483
2025-03-14 19:00:00,92.5,90.82,92.1,-1.1270964302779647,0.05281161585917227,-0.04848158709595152,-0.005170652700263857,-0.0617060672443438,0.11064340020038262,0.3099588820229766
2025-03-14 23:00:00,92.09,90.96,91.71,-1.2223393759324879,0.030730452830105115,-0.025251901619106953,-0.005050916446719469,-0.009680581979427894,0.10895348783086811,0.3092738818529088
2025-03-15 03:00:00,92.5,91.24,91.96,-1.1552338047391026,0.03348380270107598,-0.011133075041063534,-0.004896926081328261,0.16557688086743982,0.11790932679321972,0.30746264636935144
2025-03-15 07:00:00,93.79,91.09,93.0,-0.6066120525943516,0.03304955504887164,0.0047661186038356895,-0.0047022026013659535,0.10780773195814075,0.1352064766458775,0.3000035690647383
2025-03-15 11:00:00,94.25,92.69,92.78,-0.8384826521199831,0.03290403824222676,0.00905914725919521,-0.004522094419715014,-0.09860834311803501,0.14886341059066585,0.2996494212841729
2025-03-15 15:00:00,93.69,92.36,93.07,-0.8709447128139358,0.012369448544448547,0.04785740607396094,-0.004405937854272204,-0.23935033490199376,0.1380116571042819,0.2958238960977532
2025-03-15 19:00:00,93.5,92.55,93.05,-1.21420050218841,0.01641504920404513,0.05281161585917227,-0.004252669169814055,-0.08707131338753116,0.14029285165441535,0.291721396686031
2025-03-15 23:00:00,93.07,91.25,91.49,-1.0427781140339571,0.007094598267372687,0.030730452830105115,-0.004138309195787746,-0.024462268756754058,0.12175601678973585,0.29030130159671097
2025-03-16 03:00:00,92.65,91.44,92.36,-1.257152187150326,0.0033389582110923133,0.03348380270107598,-0.003991485663095276,0.03643361962513092,0.12396453366519619,0.2780911174581319
2025-03-16 07:00:00,92.49,90.63,90.66,-0.8621819874459693,-0.01358916837832802,0.03304955504887164,-0.003877791765309963,-0.33563137805491616,0.110327440855116,0.273970621101094
2025-03-16 11:00:00,90.72,88.34,89.65,-0.5246139017770434,-0.04469178786654826,0.03290403824222676,-0.0038338382064795223,-0.04396938763387237,0.0664313775481046,0.2715987053470457
2025-03-16 15:00:00,91.2,88.82,90.58,-0.8258014347383834,-0.029687093454298097,0.012369448544448547,-0.003692539418886922,0.2665554451675134,0.08357727863112982,0.26539835913667476
2025-03-16 19:00:00,91.09,89.03,89.72,-1.0091286722974504,-0.03208754740398445,0.01641504920404513,-0.0035272411299527543,-0.06899561295786072,0.08138379286124335,0.2637636410911262
2025-03-16 23:00:00,94.12,89.5,93.12,-0.5248400024341142,0.0037115547717083697,0.007094598267372687,-0.0032524631660775932,0.18730910832316283,0.12850120541197127,0.2514303057361547
2025-03-17 03:00:00,94.4,91.42,92.36,-0.6033877960117767,0.007849252184583877,0.0033389582110923133,-0.0030133377616554007,-0.13079314996407454,0.1382466958196627,0.2490771470437477
2025-03-17 07:00:00,93.8,91.59,93.37,-0.6246674660269899,0.01430329502740535,-0.01358916837832802,-0.0028259421027065123,0.401979031814399,0.13615804680739138,0.23888867236836403
2025-03-17 11:00:00,94.1,92.13,92.88,-0.3532624426910469,0.042239382223894895,-0.04469178786654826,-0.002676519409754462,0.038268664986936374,0.14085817831517772,0.23179133688160547
2025-03-17 15:00:00,95.0,92.5,94.16,-0.3058367629216215,0.03810476626853787,-0.029687093454298097,-0.002517977047489705,-0.017979650925031954,0.15137212784354914,0.21889052088407013
2025-03-17 19:00:00,94.38,92.53,92.67,-0.9938774488835671,0.035179395335452224,-0.03208754740398445,-0.002397491910257949,0.09735426841960626,0.1438967449656028,0.213793970339842
2025-03-17 23:00:00,92.68,89.92,90.35,-0.6818926360168852,-0.012519988504612,0.0037115547717083697,-0.002355311690970138,-0.09227509441143655,0.10566357297674393,0.20837666742773428
2025-03-18 03:00:00,90.35,88.88,89.21,-0.9151168025607959,-0.03427009566488948,0.007849252184583877,-0.0023553363186252403,0.005779590039484583,0.07540085056423823,0.1988525986244875
2025-03-18 07:00:00,90.23,88.78,89.06,-0.6562804690123629,-0.035578518546256155,0.01430329502740535,-0.0023414500399140084,-0.08281574479174325,0.0709870754028597,0.18609272298284582
2025-03-18 11:00:00,89.34,87.1,88.41,-0.43905864764020713,-0.05210002717548645,0.042239382223894895,-0.002374061053821862,0.03530496270526284,0.04517904718575169,0.17488096687975163
2025-03-18 15:00:00,88.88,87.56,88.28,-0.7512756637411349,-0.05777713801923057,0.03810476626853787,-0.00238162756777308,-0.09847436654485209,0.04465979664503987,0.16121329251124433
2025-03-18 19:00:00,89.75,87.76,89.64,-0.5777294783345144,-0.05236161190257893,0.035179395335452224,-0.0024121120854066263,0.08882972246898935,0.04757812213454907,0.14486598457425576
2025-03-18 23:00:00,91.01,89.31,90.31,-0.8276532946694539,-0.01469101217055746,-0.012519988504612,-0.002361734507190584,-0.15006441910633184,0.07920129783743274,0.13266967354064815
2025-03-19 03:00:00,90.78,89.85,90.16,-1.026793204732451,0.004566532959915159,-0.03427009566488948,-0.00232897447717314,-0.025415604150677118,0.08348815014875399,0.12240196495090168
2025-03-19 07:00:00,90.98,89.51,90.47,-0.4635289342733962,0.007642897113087743,-0.035578518546256155,-0.0022983451399988014,-0.09383196728724497,0.08448886146924445,0.11412800875027046
2025-03-19 11:00:00,92.28,90.25,91.87,-0.15950258018578245,0.035506793886411314,-0.05210002717548645,-0.0022224453422536247,-0.024723720640360325,0.10698826431662026,0.10158046925411944
2025-03-19 15:00:00,92.56,90.49,92.26,-0.45022786800311887,0.03810701581671849,-0.05777713801923057,-0.0021694619024923965,0.2600294877033511,0.11097561908404498,0.09761516301484484
2025-03-19 19:00:00,94.25,91.68,93.8,-0.6866498707095327,0.052169658931298324,-0.05236161190257893,-0.00209383000030661,0.0227556183040869,0.13851873983431215,0.09562920567978886
2025-03-19 23:00:00,94.57,93.17,93.75,-0.5880675946689706,0.04273384592857732,-0.01469101217055746,-0.001997835401021817,0.015962144992278215,0.15504506327327963,0.09417594382521438
2025-03-20 03:00:00,94.03,92.61,92.81,-0.970993478267853,0.03427506478210374,0.004566532959915159,-0.0019149150022256351,-0.09730328373108088,0.1444662552659347,0.09066993856690451
2025-03-20 07:00:00,92.96,91.0,91.43,-0.6336487059361479,0.019446054109299338,0.007642897113087743,-0.0018075269455617793,0.11821365341950951,0.11910442027281772,0.08466564084791797
2025-03-20 11:00:00,93.0,91.37,92.62,-0.6560972945785287,0.007222912120240732,0.035506793886411314,-0.0016932565515910953,0.22900184735993356,0.12000814688929823,0.08392330846539418
2025-03-20 15:00:00,92.66,90.07,91.69,-0.3951161755713999,-0.002640814220959853,0.03810701581671849,-0.0016101476411146856,-0.1549990463778046,0.10620480825929013,0.08150122246935822
2025-03-20 19:00:00,93.17,91.67,93.11,-0.8552379659809649,-0.003606841384106496,0.052169658931298324,-0.001509378456837824,-0.14746524993837618,0.1319033914503098,0.07932214659357922
2025-03-20 23:00:00,93.48,92.53,92.64,-0.8812484139391328,-0.009350526663361447,0.04273384592857732,-0.0014211711961423588,0.045776029556568565,0.13774062723524247,0.07872954125506228
2025-03-21 03:00:00,93.6,92.19,93.12,-0.9027469092686138,-0.0039425332211675546,0.03427506478210374,-0.001360272128738773,0.43317518720644554,0.13721176242759772,0.07705758643051958
2025-03-21 07:00:00,93.91,92.01,93.03,-0.574539879317216,0.01053209703598501,0.019446054109299338,-0.0012895935294576794,-0.21460001916297378,0.1382169845064862,0.07719222135432945
2025-03-21 11:00:00,93.73,92.07,93.47,-0.8075945779982627,0.010599071830488027,0.007222912120240732,-0.0012011413902128507,-0.13100909397003035,0.15465961004082043,0.07454342743461455
2025-03-21 15:00:00,93.94,92.6,92.92,-0.6698196240731964,0.02173480296588548,-0.002640814220959853,-0.0010917007922237243,0.04829612977934539,0.1679299258988451,0.07516942201647456
2025-03-21 19:00:00,92.91,91.2,91.52,-0.9640249537935625,-0.004238123838708474,-0.003606841384106496,-0.0009998460001676797,0.15793223926936029,0.14342975184760737,0.07631208281650657
2025-03-21 23:00:00,91.71,90.38,90.87,-0.7930710890291979,-0.021648440807685687,-0.009350526663361447,-0.0009095325077220654,0.2884367625947877,0.11327116873774436,0.07598247090528769
2025-03-22 03:00:00,91.6,90.59,91.35,-0.9806582131630005,-0.019508762625357612,-0.0039425332211675546,-0.0008148887620811979,0.12111393621599298,0.11720375462916591,0.07463972609595011
2025-03-22 07:00:00,91.82,90.83,91.56,-0.9355069730889712,-0.01725485573149288,0.01053209703598501,-0.0006940939138350669,0.3250972904917573,0.12311713593511348,0.07414981786425272
2025-03-22 11:00:00,91.61,90.67,90.74,-1.0259075765120977,-0.019563806049963217,0.010599071830488027,-0.0005868363885064438,-0.11573830216271275,0.11939782549933296,0.07304100442358508
2025-03-22 15:00:00,91.99,90.56,91.92,-0.9083871485514078,-0.021284857269999402,0.02173480296588548,-0.00047805769357540885,0.1132011992490296,0.12266325298055807,0.07213650823211605
2025-03-22 19:00:00,92.22,91.03,91.6,-0.9956319690405766,-0.005641945720248787,-0.004238123838708474,-0.00037453549575659203,-0.18569314439386297,0.1315692102800694,0.07236481612467761
2025-03-22 23:00:00,92.2,91.01,91.69,-0.9920911500907986,0.008435024645441214,-0.021648440807685687,-0.00026431747070620185,0.011742450412557393,0.13074895385328406,0.07226676603330993
2025-03-23 03:00:00,91.93,91.16,91.57,-1.023052372003872,0.004430433594931449,-0.019508762625357612,-0.00016923570244708133,-0.2540523744156279,0.12640125357527462,0.07134857535798993
2025-03-23 07:00:00,92.44,91.52,91.85,-0.9855942923754502,0.0056463377654008,-0.01725485573149288,-8.523401004789091e-05,0.06964522894908542,0.13487221860331658,0.07089444992421272
2025-03-23 11:00:00,92.55,91.76,92.45,-0.7995021411809279,0.011001288963771394,-0.019563806049963217,-1.9005545842863493e-06,0.17488624232828198,0.14226043737412522,0.06941437587027914
2025-03-23 15:00:00,93.0,91.14,91.6,-0.8586409956363733,0.00846775297839919,-0.021284857269999402,7.269590209473773e-05,-0.15094552859849608,0.14028838265784319,0.06466782102612866
2025-03-23 19:00:00,91.64,90.63,91.19,-0.8905119344248266,-0.006343947849270837,-0.005641945720248787,0.00014450229468967882,0.3505555074834279,0.11830815710962554,0.062385052900847504
2025-03-23 23:00:00,92.52,90.81,91.69,-0.7737966552122248,-0.002604995530449017,0.008435024645441214,0.00018544488896608916,-0.13587363028520094,0.1253057456906295,0.06090458219295989
2025-03-24 03:00:00,93.69,91.53,93.51,-0.1803204596611166,0.010854167332367215,0.004430433594931449,0.00021998294746293054,-0.06304194175204736,0.1490341372245343,0.05838247873321651
2025-03-24 07:00:00,93.95,92.6,93.87,-0.47153649045568236,0.01550736225485072,0.0056463377654008,0.0002752460605060934,-0.1359408599799744,0.16733920971084884,0.05878383362114623
2025-03-24 11:00:00,94.98,92.65,93.6,-0.3221178180640636,0.016047539192693083,0.011001288963771394,0.00034329678786897404,-0.08881483319169303,0.1759769327318,0.05958641071569362
2025-03-24 15:00:00,94.84,93.25,94.67,-0.6718395096189501,0.021737116856494154,0.00846775297839919,0.0003968013396199043,0.06118047630507206,0.18591603213080887,0.060919795759170114
2025-03-24 19:00:00,95.6,93.58,93.81,-0.49585533466717474,0.03853501315632135,-0.006343947849270837,0.00041039495479559064,-0.20101303372136825,0.19834869635149005,0.06238718093573743
2025-03-24 23:00:00,94.34,92.78,92.98,-0.7637208298696091,0.021909175009883874,-0.002604995530449017,0.00042011459115693294,-0.026698022014099987,0.17096629941975247,0.06321780540879839
2025-03-25 03:00:00,93.21,91.9,92.41,-0.7352163058290482,-0.0008762431870145138,0.010854167332367215,0.0003959784314193542,0.029763199769745174,0.1471871812713933,0.06366592314185228
2025-03-25 07:00:00,93.49,92.15,93.01,-0.783251309393759,-0.005501155644533906,0.01550736225485072,0.00037518694402831007,0.040054057073277693,0.15564310847127413,0.06326054789400962
2025-03-25 11:00:00,94.77,92.76,93.8,-0.3273492918617789,-0.0011985283149008596,0.016047539192693083,0.00036048064286139226,0.035648503494128514,0.17341836859749307,0.06340157969224462
2025-03-25 15:00:00,94.07,92.67,93.43,-0.7072058256513275,-0.006605599470837942,0.021737116856494154,0.00034922548757085006,-0.06300132993151819,0.1717490429068807,0.06388069740145705
2025-03-25 19:00:00,93.97,92.88,93.78,-0.4432527111220554,-0.01398473286158819,0.03853501315632135,0.000364002344161508,0.17941221175913902,0.16818185689727816,0.06415522297535038
2025-03-25 23:00:00,96.1,93.44,93.97,-0.4098917486219247,0.015047975559597804,0.021909175009883874,0.0003782185970401609,-0.10180152753976879,0.20301463835585912,0.06490489974918172
2025-03-26 03:00:00,94.88,93.26,94.79,-0.8136498164085588,0.016470265511858706,-0.0008762431870145138,0.00040258605109292836,-0.037048433582406504,0.18187298561967555,0.06608481421527601
2025-03-26 07:00:00,96.09,94.72,95.87,-0.5307875845292551,0.029877733876168433,-0.005501155644533906,0.0003926324478175686,0.101411250205512,0.21881721721065614,0.0680480340136961
2025-03-26 11:00:00,96.52,92.76,93.38,-0.17710768124343598,0.014079668642988263,-0.0011985283149008596,0.00041484639085013954,-0.028931317337239082,0.20343898579850628,0.06877521501992352
2025-03-26 15:00:00,93.73,91.63,91.69,-0.5388590188296248,-0.008064949719422843,-0.006605599470837942,0.0004471665804571278,0.046290931907036814,0.15456645008905193,0.06949368743435594
2025-03-26 19:00:00,93.1,90.9,92.12,-0.5608091291576721,-0.01547039627707203,-0.01398473286158819,0.00044107275356659566,-0.1417984685717476,0.1352769463099284,0.06769626949166438
2025-03-26 23:00:00,93.9,91.62,93.75,-0.7861505876994591,-0.019213927170823708,0.015047975559597804,0.00043296711577950407,0.19915526013015317,0.16147811361427228,0.06686186182611197
2025-03-27 03:00:00,94.12,93.28,93.87,-0.7983330330140932,-0.002388824363230957,0.016470265511858706,0.000434204058373752,-0.024208302114080982,0.17675934658727308,0.0673567690120521
2025-03-27 07:00:00,95.02,93.67,94.38,-0.4164122560833183,-0.011875810123058494,0.029877733876168433,0.0004308002165928435,0.03962391338300675,0.1929565108567001,0.06771256033011684
2025-03-27 11:00:00,94.81,92.23,94.15,-0.27395504156413303,-0.013950076182714377,0.014079668642988263,0.0004352308378827737,-0.2203680943737344,0.17841766089414698,0.06856004981836525
2025-03-27 15:00:00,94.17,92.17,92.88,-0.6659539748788625,0.0021961765685170054,-0.008064949719422843,0.0004324232769288689,-0.05714158783381307,0.1639320361825866,0.0687976647368405
2025-03-27 19:00:00,93.24,92.34,92.95,-0.8183703285450561,0.009861858730084716,-0.01547039627707203,0.00040159341119504145,0.12354234262657515,0.160555212590907,0.06880987377957493
2025-03-27 23:00:00,93.43,91.99,92.66,-0.8496901289386255,-0.002892110829058714,-0.019213927170823708,0.0003616878933089242,-0.014606429644244634,0.15995581742601772,0.06814697549425269
2025-03-28 03:00:00,92.71,88.61,88.75,-0.07268100530115873,-0.03231988943186104,-0.002388824363230957,0.0003444372452579401,0.08031325609149498,0.11093605146045275,0.07189463773902335
2025-03-28 07:00:00,89.12,87.41,87.63,-0.32650006857753516,-0.06257364672814392,-0.011875810123058494,0.00030788591594435875,-0.2295906811033288,0.06004506165102534,0.07552698859885916
2025-03-28 11:00:00,88.48,86.75,87.4,0.11592876915451429,-0.06268349286797736,-0.013950076182714377,0.00025286700414667074,0.4473966728823868,0.040807329570829796,0.07778352677795448
2025-03-28 15:00:00,87.84,86.0,86.71,-0.3123020154032987,-0.06553113867198168,0.0021961765685170054,0.00019600608624350914,-0.007436479630385628,0.021019470292857636,0.08179139179496997
2025-03-28 19:00:00,87.43,85.71,87.39,-0.5698596966302055,-0.06716093667159673,0.009861858730084716,0.00014246810676798256,-0.028694251681250504,0.014315117684460435,0.08475850778977503
2025-03-28 23:00:00,88.04,86.5,86.52,-0.6919560115292399,-0.05819852703002104,-0.002892110829058714,8.339080252969964e-05,-0.1678110542010013,0.03326587381433898,0.09148931182274683
2025-03-29 03:00:00,87.67,85.93,86.38,-0.6144690551257783,-0.04312142507571781,-0.03231988943186104,3.394599093255363e-05,0.030452383253909865,0.01967171466953688,0.09727108425271887
2025-03-29 07:00:00,87.04,85.55,85.8,-0.6332198109948713,-0.025663658921046162,-0.06257364672814392,-1.6529265005313514e-05,0.09221419497151317,0.006915633667770543,0.10461767239828297
2025-03-29 11:00:00,87.05,85.0,86.2,-0.1264782257953373,-0.022106550569682804,-0.06268349286797736,-6.277110634147664e-05,-0.30004646208996455,0.0,0.10984122909578051
2025-03-29 15:00:00,86.59,84.16,85.49,-0.29002755215923315,-0.017187186909752294,-0.06553113867198168,-0.00010568176338792779,0.016810052850333435,0.0,0.11737772400640699
2025-03-29 19:00:00,85.77,84.49,84.81,-0.620864577352232,-0.017599409029305346,-0.06716093667159673,-0.00015650164171977598,-0.0183728227509663,0.0,0.12513145471466916
2025-03-29 23:00:00,86.75,84.56,86.54,-0.8006762994414173,-0.018953125232641144,-0.05819852703002104,-0.00020544638756818634,0.20726151790578395,0.01589802716608416,0.12572393243454044
2025-03-30 03:00:00,86.81,85.79,86.35,-0.8298943083668221,-0.004309209816294568,-0.04312142507571781,-0.00025451908535821554,-0.031485335377269275,0.031952656854445975,0.1295361151798668
2025-03-30 07:00:00,86.78,85.87,86.09,-0.8751085565123348,0.0007961266653020438,-0.025663658921046162,-0.00029626412106374596,0.11831943492024632,0.029892735854193147,0.13384493376233592
2025-03-30 11:00:00,86.34,85.01,86.04,-0.6202509393843337,-4.780297764772623e-05,-0.022106550569682804,-0.00034637137658040796,0.3157029043282029,0.016714407327409125,0.13743147411444964
2025-03-30 15:00:00,86.79,85.59,86.56,-0.7329175815759306,0.010466427093854147,-0.017187186909752294,-0.0004186831799878739,0.07178411149470532,0.028490203623368505,0.13940754749073203
2025-03-30 19:00:00,86.66,84.78,86.14,-0.928480353926597,0.010286370412470935,-0.017599409029305346,-0.0004804871091558408,0.03646079125497925,0.020598875433590288,0.1427559778949114
2025-03-30 23:00:00,86.27,84.47,85.59,-0.7685628302248121,-0.003189970091647454,-0.018953125232641144,-0.0005471333983847436,-0.12800374557167804,0.010630842940102496,0.1470393742246804
2025-03-31 03:00:00,85.74,84.25,84.59,-0.5743932067367823,-0.01651859422711821,-0.004309209816294568,-0.0005940089302542127,0.00468322970450763,0.0,0.15307215151706308
2025-03-31 07:00:00,84.86,80.8,82.17,0.7321884189410905,-0.04375377896094401,0.0007961266653020438,-0.0006546074370011006,-0.1620585027446566,0.0,0.16593506940594996
2025-03-31 11:00:00,83.64,81.13,83.04,0.258190381318237,-0.03900401127332642,-4.780297764772623e-05,-0.000722741349957926,0.028330504954359403,0.0,0.1697627762332114
2025-03-31 15:00:00,83.79,82.58,83.61,-0.48764686584566247,-0.034233083721064816,0.010466427093854147,-0.000777719667131212,0.13075059191884542,0.032772012527287064,0.17302737447115957
2025-03-31 19:00:00,84.3,82.77,83.11,-0.7344348877773076,-0.027529258323381045,0.010286370412470935,-0.0008208474176732379,-0.043489978347650116,0.042041470439196295,0.1794734769808793
2025-03-31 23:00:00,83.94,82.79,83.93,-0.8427571904152394,-0.025348252397289772,-0.003189970091647454,-0.0008680292442925498,0.1768617796978924,0.03198702217317927,0.1817055225353347
2025-04-01 03:00:00,84.83,83.58,84.57,-0.7678574834138815,-0.010004648317187392,-0.01651859422711821,-0.0009235879576276381,0.14770603891947065,0.06298449102581308,0.18316855185976041
2025-04-01 07:00:00,85.79,84.19,84.31,-0.4303302456555121,0.03004693377891332,-0.04375377896094401,-0.0009827491197750915,0.02735293185640586,0.0958011163129683,0.1865934230831657
2025-04-01 11:00:00,85.0,83.46,84.79,-0.3902564420876509,0.022931826982028447,-0.03900401127332642,-0.0010525930013594617,-0.19443140629316735,0.06942294302806795,0.18791051202578035
2025-04-01 15:00:00,85.9,84.51,84.77,0.251808033805532,0.023345276494840306,-0.034233083721064816,-0.0011208978951870513,-0.1870586290106283,0.1042116886189226,0.18979123067468992
2025-04-01 19:00:00,85.26,84.05,84.79,-1.1046058643637051,0.013244897171545311,-0.027529258323381045,-0.0011991273997357657,-0.10709625814810453,0.08269540461029627,0.19152390347392903
2025-04-01 23:00:00,84.97,82.39,82.73,-0.884964510734038,0.004026163485494116,-0.025348252397289772,-0.0012891133012576479,-0.23945625440458118,0.04430446174707063,0.2001838488113138
2025-04-02 03:00:00,83.47,81.27,81.39,-0.6190064101279779,-0.022596918236913344,-0.010004648317187392,-0.0013802013081653348,-0.22254103124278668,0.0,0.20902246906350258
2025-04-02 07:00:00,84.75,81.15,82.46,0.2586750180801652,-0.02886111476469133,0.03004693377891332,-0.001453827308646216,0.11210531624409037,0.012425872642159868,0.2097398107195605
2025-04-02 11:00:00,83.82,82.12,83.63,-0.6619028395425434,-0.015826745288564203,0.022931826982028447,-0.0015198075255360246,0.21192641990288763,0.027073339614540493,0.2082365004623257
2025-04-02 15:00:00,87.3,83.57,86.35,1.637036907811448,0.00797309971886162,0.023345276494840306,-0.0015207776087870766,0.23324782914562348,0.13510269718390283,0.20150290837126886
2025-04-02 19:00:00,88.56,81.26,81.62,1.934935335600306,0.007772314974397343,0.013244897171545311,-0.0015521245403368542,-0.006533505939596007,0.11294216090866682,0.21727566527078987
2025-04-02 23:00:00,83.6,80.95,83.24,-0.2598508384640286,-0.0161707656247847,0.004026163485494116,-0.0016212566552443544,0.1248190979019812,0.0014710064898041217,0.2146745753558501
2025-04-03 03:00:00,84.8,83.02,83.54,0.015659383423617536,0.017676315291303313,-0.022596918236913344,-0.001625383043244706,0.12832873724849492,0.055764028059587516,0.2136117124032407
2025-04-03 07:00:00,84.66,81.88,81.99,-0.09244530499504208,0.011428771357907541,-0.02886111476469133,-0.0016487512230498591,-0.21311986430445762,0.05269658179162756,0.21820380263577915
2025-04-03 11:00:00,82.85,80.12,80.71,0.6574566584383502,-0.02038180852631033,-0.015826745288564203,-0.001727649575071195,-0.11185326516496397,0.0,0.2236416490628342
2025-04-03 15:00:00,82.6,80.66,82.16,-0.7267275149447205,-0.04979034899687207,0.00797309971886162,-0.0017735836630690873,-0.08231630903619513,0.014754643702159745,0.21819980977447911
2025-04-03 19:00:00,83.39,81.99,82.95,-0.7048859549804454,-0.031834245049407794,0.007772314974397343,-0.0018071483494777017,0.013528969681331882,0.05246905455901681,0.21450954830560384
2025-04-03 23:00:00,83.69,82.56,83.3,-1.1851423140972577,0.011435685368540671,-0.0161707656247847,-0.0018222800092457705,-0.0996921913878357,0.0762305308719811,0.21228975061904853
2025-04-04 03:00:00,84.03,82.85,83.63,-1.2513650413009632,-0.0021469787520079775,0.017676315291303313,-0.001832451277529134,-0.003838121211930723,0.08779120292752347,0.2101989910820974
2025-04-04 07:00:00,85.12,82.55,82.79,-0.17927658009431227,0.007953691130744067,0.011428771357907541,-0.0018292008342922815,0.1040919388727457,0.11443661439016845,0.21077521631779153
2025-04-04 11:00:00,83.88,81.61,83.13,0.12897367744525734,0.01857536362745038,-0.02038180852631033,-0.0018618084986437317,0.10463874382240479,0.05962921921354885,0.20679133899435828
2025-04-04 15:00:00,84.95,83.09,84.21,0.28703571240613557,0.030436780279446518,-0.04979034899687207,-0.0018450792416408821,0.049860621799619365,0.11290956415431082,0.20052470282799587
2025-04-04 19:00:00,84.96,83.96,84.3,-0.9454977080603828,0.02226251876530916,-0.031834245049407794,-0.0018323707310453658,0.004118247907828554,0.1251025920109838,0.19583594609911092
2025-04-04 23:00:00,84.98,84.0,84.77,-0.9546805847708809,0.014270405096945327,0.011435685368540671,-0.0018331732088695317,0.3878313728620546,0.12312814026286686,0.18944427429965946
2025-04-05 03:00:00,84.83,83.59,83.83,-1.2641162283097294,0.009041648481669773,-0.0021469787520079775,-0.0018480695789361184,-0.036968750460145805,0.1260645681807455,0.1847266244083786
2025-04-05 07:00:00,84.25,83.71,83.71,-1.2964044328489537,-0.0030912933076800986,0.007953691130744067,-0.001865525920283203,0.01468939041442563,0.11264448361079107,0.17528279553137419
2025-04-05 11:00:00,83.75,82.07,82.68,-0.9766484812664269,0.0007353533960021696,0.01857536362745038,-0.0018987116450524214,0.0018751249899904288,0.06950895575485198,0.1722549800277259
2025-04-05 15:00:00,82.68,81.87,82.46,-1.2024049745865486,-0.02290410122849429,0.030436780279446518,-0.00193348495353153,-0.06336123603844623,0.041232837501317246,0.16979569419632254
2025-04-05 19:00:00,82.53,81.62,82.21,-1.2845128084989876,-0.028532140805537898,0.02226251876530916,-0.001960615467926906,0.24255167745751205,0.03652615007756054,0.16651678155086566
2025-04-05 23:00:00,83.13,82.13,82.18,-1.2142437560119255,-0.02136973010483456,0.014270405096945327,-0.001965756791457033,-0.11799657639544414,0.06764699586395181,0.1592006415021262
2025-04-06 03:00:00,82.52,81.67,81.68,-1.1697452550701242,-0.024852794059832872,0.009041648481669773,-0.001986784169175048,-0.21038645400028178,0.046895588038904715,0.1519376247108898
2025-04-06 07:00:00,81.95,81.04,81.24,-0.9614143567331578,-0.028410578117873397,-0.0030912933076800986,-0.0020171555127589135,-0.08529134379419567,0.01452914166667821,0.14236760416879776
2025-04-06 11:00:00,81.43,78.1,79.48,1.384321008156922,-0.03927268620820812,0.0007353533960021696,-0.002081853506272121,-0.10417735148912322,0.0,0.13623414349880134
2025-04-06 15:00:00,79.59,72.45,73.15,2.64488378589451,-0.07830282048413184,-0.02290410122849429,-0.0022183193507896073,-0.10530268301079726,0.0,0.15742548207189944
2025-04-06 19:00:00,73.64,69.68,70.11,2.9362541987115045,-0.12746114619784077,-0.028532140805537898,-0.002423890359789977,-0.06593282583412263,0.0,0.18288308232764225
2025-04-06 23:00:00,71.77,68.41,70.07,2.356641291399176,-0.15213036426413395,-0.02136973010483456,-0.0026123767071871045,-0.1427246149971022,0.0,0.1983824676995018
2025-04-07 03:00:00,70.3,63.08,63.76,5.0,-0.19419627150928032,-0.024852794059832872,-0.002915399184075886,0.1675526093900257,0.0,0.26662648936827327
2025-04-07 07:00:00,67.34,63.54,66.86,4.14168714900994,-0.19616336119295796,-0.028410578117873397,-0.003127643524965077,0.23352147341674168,0.0,0.2810720841823391
2025-04-07 11:00:00,73.04,66.71,70.76,5.0,-0.12209129017882636,-0.03927268620820812,-0.003095113682146359,0.19049885627840246,0.14451504010339702,0.2773600603594053
2025-04-07 15:00:00,71.59,69.16,70.39,1.0957238323817138,-0.07142154208837881,-0.07830282048413184,-0.0031699736649021793,0.12709122235889647,0.16061933056712416,0.2907478528055415
2025-04-07 19:00:00,72.35,70.35,71.82,-0.16657893496856874,-0.0020536274006437427,-0.12746114619784077,-0.0031993976171010674,-0.06582477779953155,0.19632071228827708,0.29200380640043816
2025-04-07 23:00:00,72.87,70.14,72.25,-0.29008488288594647,0.020256220725603846,-0.15213036426413395,-0.0032498803594779202,0.11080985608372607,0.19675559904862971,0.2964674010194665
2025-04-08 03:00:00,72.9,71.18,71.24,-0.41832833965542826,0.08844991045194495,-0.19419627150928032,-0.0032803785785074685,0.05964664447756074,0.2172865520314739,0.3080702250396009
2025-04-08 07:00:00,72.39,70.87,72.01,0.02658297304567067,0.0917927026358718,-0.19616336119295796,-0.00336149044255133,-0.12234930035985525,0.20034829608923269,0.3105144717597797
2025-04-08 11:00:00,73.53,71.24,71.25,1.0410870723438392,0.040405564969567154,-0.12209129017882636,-0.0033611587127228303,-0.06214537493935024,0.2385441173891232,0.31984686845645754
2025-04-08 15:00:00,71.84,68.24,69.54,1.6760558475119371,-0.011119078577802588,-0.07142154208837881,-0.0035373667174714127,0.08087041013641971,0.13456470375979174,0.33670719594422754
2025-04-08 19:00:00,69.86,68.41,69.23,0.04251628390850765,-0.032432012673535016,-0.0020536274006437427,-0.003619339703596623,-0.23392288722807364,0.11916698031664709,0.3474034752009953
2025-04-08 23:00:00,70.06,66.51,68.78,0.26082097947388044,-0.041757374815943105,0.020256220725603846,-0.003713328587229479,0.026615766174098887,0.09739925340951218,0.3573238369750279
2025-04-09 03:00:00,70.71,68.19,69.92,0.7318082971143042,-0.03225991192213107,0.08844991045194495,-0.0036857554680102722,0.20679246312659738,0.13986588085201043,0.35637857997414346
2025-04-09 07:00:00,71.9,69.91,71.25,1.154244466253024,-0.010636391824366265,0.0917927026358718,-0.0036591382350622823,0.21696315970168167,0.17500214548453205,0.3522104059662824
2025-04-09 11:00:00,72.12,69.48,71.1,0.4011626615617727,-0.02770970892283997,0.040405564969567154,-0.0036537920586466716,-0.03764324887107273,0.17145445275103716,0.3551078510694914
2025-04-09 15:00:00,78.55,71.04,77.0,4.107726181900346,0.08263254397335063,-0.011119078577802588,-0.003420691317735811,-0.03877855263967944,0.32603930734260456,0.324597841882697
2025-04-09 19:00:00,78.14,76.54,76.72,0.13844026346413885,0.11859406972825903,-0.032432012673535016,-0.003292201569933214,0.23362600735807026,0.39214488800768493,0.322743315948103
2025-04-09 23:00:00,76.8,74.72,75.04,0.4663176596020651,0.1027116255539906,-0.041757374815943105,-0.0033127417566548166,-0.15272980103693756,0.33158340988576895,0.3279268619280458
2025-04-10 03:00:00,75.11,73.72,74.76,-0.19765097370467788,0.06613571782402028,-0.03225991192213107,-0.0033073457320784627,-0.2115822435378535,0.2934649409477181,0.32791826179804545
2025-04-10 07:00:00,75.09,73.36,73.57,-0.3476509110720833,0.04810372497971649,-0.010636391824366265,-0.0032579926260297874,-0.23688229052569754,0.28841239947330394,0.33425459455382145
2025-04-10 11:00:00,74.66,72.92,73.79,0.032585633215301994,0.043254821686790734,-0.02770970892283997,-0.0032097215808903562,0.039433489079185646,0.27327938559167353,0.33340419346832245
2025-04-10 15:00:00,73.91,71.07,72.46,0.6109859523672511,-0.0434954316651156,0.08263254397335063,-0.0032250825595461787,-0.06434324689499082,0.216924226486377,0.3400589642760615
2025-04-10 19:00:00,73.69,72.38,73.44,-0.8944499732853763,-0.05417485667862154,0.11859406972825903,-0.0031398421392742097,0.021663996855731282,0.2526575418707618,0.33537945742413927
2025-04-10 23:00:00,75.28,73.31,74.84,-0.5719351632058745,-0.014344908478505558,0.1027116255539906,-0.003032136195333259,0.23254487853429695,0.29551743779097955,0.32727638385932434
2025-04-11 03:00:00,76.1,74.84,75.79,-0.41381980835922016,0.012800883013521336,0.06613571782402028,-0.002924161685965872,0.07947296924893421,0.3251609738126804,0.3202000946409719
2025-04-11 07:00:00,77.55,75.24,77.22,0.01985099216169447,0.02913823148635175,0.04810372497971649,-0.002821372373492057,0.13221648355649007,0.36041382067762456,0.3111510489395638
2025-04-11 11:00:00,77.21,75.55,76.04,-0.17224031415637311,0.03330241984407567,0.043254821686790734,-0.0027736665198906307,-0.145944963016425,0.3550666718926272,0.3123122788506165
2025-04-11 15:00:00,77.31,75.59,76.94,-0.5572762295140309,0.06235903859988068,-0.0434954316651156,-0.0027155190142890543,0.14810242281915809,0.3665572987934214,0.30469941221357993
2025-04-11 19:00:00,77.27,76.19,76.36,-0.36279970189219146,0.04841952655084936,-0.05417485667862154,-0.002668322745910889,0.02435716327635218,0.37057237315791425,0.3028467144770107
2025-04-11 23:00:00,76.35,75.14,75.14,-0.8578118957433635,0.019510605815540982,-0.014344908478505558,-0.0026523005639505367,-0.24642249395338545,0.34386733831731564,0.30570245273757085
2025-04-12 03:00:00,76.3,74.92,75.99,-0.4883007169068345,0.004683924163680686,0.012800883013521336,-0.002612346341311942,-0.15954893390194747,0.3369072147857531,0.3009396176521727
2025-04-12 07:00:00,76.86,75.7,75.77,-0.829806720359563,-0.0016912891921563311,0.02913823148635175,-0.0025516822393209576,0.034348296207467266,0.3561128204514624,0.2995818627400267
2025-04-12 11:00:00,79.14,75.77,78.72,0.3119997588586324,0.016149118418828712,0.03330241984407567,-0.002468620334882742,0.14904805415652622,0.39604802300062625,0.2851479564944314
2025-04-12 15:00:00,80.11,78.02,79.19,0.4620937169268223,0.03310400220725729,0.06235903859988068,-0.0023645153764326053,-0.15390589479257377,0.4509451642188865,0.2768512162924875
2025-04-12 19:00:00,79.39,78.45,78.75,-0.659437777142679,0.027862664780975877,0.04841952655084936,-0.0023046247293250087,0.09726787606282361,0.4417110275759053,0.2768274501962651
2025-04-12 23:00:00,79.06,77.68,78.33,-0.7004900219965093,0.03314407775658634,0.019510605815540982,-0.0022533238343726194,0.05171369797522596,0.4276053254813347,0.2750653487347595
2025-04-13 03:00:00,78.44,77.26,78.2,-0.734853253988996,0.030213646024421115,0.004683924163680686,-0.002197351069832742,0.18356019123560485,0.4130312219130958,0.2717934292744806
2025-04-13 07:00:00,79.63,78.19,79.39,-0.43818144881154747,0.03479699956648563,-0.0016912891921563311,-0.0020986026167566503,0.012846364325536319,0.4444529944081708,0.265960462121187
2025-04-13 11:00:00,79.55,77.54,78.27,-0.312495490869594,0.01426944262499319,0.016149118418828712,-0.0020238095308048043,-0.0892187939027892,0.432844132927875,0.2685472125343504
2025-04-13 15:00:00,80.03,77.62,79.66,-0.5582347688107117,-0.0018642856259635243,0.03310400220725729,-0.0019378738621043316,0.1042434493094917,0.446035452479562,0.2620333639247223
2025-04-13 19:00:00,79.75,76.41,77.18,-0.3035155814282064,-0.013503976641480064,0.027862664780975877,-0.0018789945370508007,-0.07843852296744003,0.4062721657163777,0.2668128847286298
2025-04-13 23:00:00,80.67,76.98,79.86,-0.42489334933556555,0.007930592573524242,0.03314407775658634,-0.0017762203408749494,0.35652096768522856,0.44830593378849615,0.2548264248169875
2025-04-14 03:00:00,79.91,77.78,77.9,-0.5346888465627638,0.009665264327469059,0.030213646024421115,-0.001699677304592903,-0.00968875991485274,0.4381188462721826,0.25671351606382153
2025-04-14 07:00:00,78.28,77.06,78.14,-0.3558222056431576,-0.01532348578322229,0.03479699956648563,-0.0016442810320054276,0.04299408463834298,0.4041971275619062,0.25238012117468506
2025-04-14 11:00:00,79.41,77.47,78.76,0.01856022230052515,-0.0005653824458801138,0.01426944262499319,-0.0015863166511276795,0.1083846960863486,0.43136539722112877,0.2466128051979418
2025-04-14 15:00:00,78.81,75.66,77.14,0.3338950224057169,-0.027576185367896855,-0.0018642856259635243,-0.0015716167469875275,-0.2725059828298456,0.37354725033731256,0.2456476950668031
2025-04-14 19:00:00,77.5,76.51,77.16,-0.8007373769327742,-0.008657207122283794,-0.013503976641480064,-0.0015228618261381964,-0.1571391952978135,0.3838596176105164,0.23898472599931575
2025-04-14 23:00:00,78.57,76.72,77.99,-0.7797028742265159,-0.01807236533905876,0.007930592573524242,-0.0014628734500603598,-0.1925800896397416,0.40075893672861757,0.22906139278907273
2025-04-15 03:00:00,78.72,77.65,77.82,-0.863736310271268,-0.0053054260118624574,0.009665264327469059,-0.0013960161204944852,0.09705604203638218,0.4242147271349484,0.22334148384650968
2025-04-15 07:00:00,78.36,77.22,77.49,-0.7807488721990145,0.004269406108158957,-0.01532348578322229,-0.0013285783503621455,-0.13365964039044098,0.4152412868006664,0.21779762894623747
2025-04-15 11:00:00,78.27,75.95,76.51,-0.30870761291148324,-0.01724154765647823,-0.0005653824458801138,-0.001261906188426022,-0.08218799343080274,0.3862962983693874,0.21506409661960146
2025-04-15 15:00:00,76.86,74.65,75.41,-0.03810001071374875,-0.014380678233512634,-0.027576185367896855,-0.0012194031732286927,0.3442463651718084,0.3367878774295334,0.21248831594477752
2025-04-15 19:00:00,76.4,74.91,75.81,-0.7594908928809863,-0.018416060288615088,-0.008657207122283794,-0.0011560127593739768,0.28722322488207563,0.3365952329339862,0.20579832939613124
2025-04-15 23:00:00,76.53,74.68,76.12,-0.6872136306524196,-0.023896599800605434,-0.01807236533905876,-0.0010956305719087578,0.04146155223811543,0.33902504030134,0.19921985193961678
2025-04-16 03:00:00,76.37,75.2,76.09,-0.7470688170622422,-0.03136707872127498,-0.0053054260118624574,-0.0010436030045581138,-0.11137636551547081,0.34244603700056386,0.1940770504979089
2025-04-16 07:00:00,76.28,74.85,75.19,-0.5504747946602115,-0.03072771028221144,0.004269406108158957,-0.0010084243690121012,0.006537461435649705,0.3354150557538643,0.1913872118576162
2025-04-16 11:00:00,75.34,73.57,74.71,-0.15435688505855652,-0.03455357164104378,-0.01724154765647823,-0.0009818579596924133,0.09834788353632962,0.2975311751340095,0.18980562843296211
2025-04-16 15:00:00,76.07,73.27,74.36,0.5388600915308791,-0.011797792784651984,-0.014380678233512634,-0.0009425695596466722,-0.0035592308714239573,0.3070644629504625,0.19039039813386863
2025-04-16 19:00:00,75.81,73.75,74.86,-0.47079379353589396,-0.00879071896202932,-0.018416060288615088,-0.0008648700756409553,-0.05857779233055915,0.31444954783189777,0.18628925288873407
2025-04-16 23:00:00,75.3,74.11,74.46,-0.8208701070879398,-0.015892072744013608,-0.023896599800605434,-0.0007963701925878468,0.2456365742914961,0.2989509245333789,0.18427714409156778
2025-04-17 03:00:00,75.6,73.92,75.43,-0.3702532849567813,-0.012535475971306442,-0.03136707872127498,-0.0007565828672077227,0.0948834586892271,0.3107931723175964,0.16453358906210305
2025-04-17 07:00:00,75.73,74.43,74.88,-0.6881866810952847,-0.0072534155929190325,-0.03072771028221144,-0.0006964707521630775,0.18884195357957556,0.3171507241331459,0.1553538962229063
2025-04-17 11:00:00,75.58,73.67,74.26,-0.5966627938043721,0.005293571013716081,-0.03455357164104378,-0.0006373641330940343,-0.0015747457896639894,0.3106600146340372,0.15359336469921928
2025-04-17 15:00:00,76.6,74.25,75.66,0.0461099012648179,0.01356712370278923,-0.011797792784651984,-0.0005948169237075722,0.05740727933866463,0.34084227680260876,0.14686953579826925
2025-04-17 19:00:00,75.76,74.64,74.7,-0.7827272784157869,0.003649880688510132,-0.00879071896202932,-0.0005476353912295074,-0.0372060763273232,0.3235635421204438,0.1467233233344477
2025-04-17 23:00:00,75.39,74.59,75.21,-0.8211969266799454,0.006373420528085427,-0.015892072744013608,-0.0004913691673396859,-0.22961187898042534,0.31476699929398816,0.14403848365533672
2025-04-18 03:00:00,75.56,74.84,75.17,-0.8010520853043842,0.003931314868403035,-0.012535475971306442,-0.0004262493049650735,-0.2585942839754597,0.32059555206613405,0.14106249653018513
2025-04-18 07:00:00,75.99,75.03,75.6,-0.7564168809017356,0.007713949745810966,-0.0072534155929190325,-0.00035252098484179887,-0.12870486493304,0.33643380529126,0.13809331279152348
2025-04-18 11:00:00,76.12,75.44,75.79,-0.8536291636158484,0.012256872129279062,0.005293571013716081,-0.00026577679571900405,0.01220336707769376,0.3412197898939724,0.13440281816559857
2025-04-18 15:00:00,77.08,75.36,77.0,-0.15753472183179237,0.005209934534925242,0.01356712370278923,-0.00019062071580526268,-0.12012811911296706,0.3539893334623526,0.1257501350995593
2025-04-18 19:00:00,77.07,75.96,75.98,-0.7353703704934493,0.015736293405513857,0.003649880688510132,-9.513008076652841e-05,-0.40727473152115556,0.36300153151669196,0.1190600664580121
2025-04-18 23:00:00,76.24,75.75,76.18,-0.9140246868539043,0.013166125406112617,0.006373420528085427,8.297800663337914e-06,0.10199243497040822,0.3476478677546312,0.1080775309270323
2025-04-19 03:00:00,76.77,76.03,76.09,-0.7172859916269579,0.01628369479664382,0.003931314868403035,0.00010818558732805642,0.4115598929733446,0.36135709823102624,0.09961815886282538
2025-04-19 07:00:00,76.5,75.93,76.03,-0.861944880962841,0.007477185769473538,0.007713949745810966,0.00021381586412229955,-0.06470458547405644,0.3552692147273763,0.09380061136327209
2025-04-19 11:00:00,76.27,75.81,76.0,-0.8457523666476127,0.003106214009279906,0.012256872129279062,0.000316189175530404,0.018292796668020195,0.34905936650720026,0.08692823920023175
2025-04-19 15:00:00,76.24,74.24,75.84,-0.00972285536729166,-0.010701067705585654,0.005209934534925242,0.0004095495246571784,0.05906351387304287,0.3268449393460167,0.08703353491089251
2025-04-19 19:00:00,76.49,75.62,76.42,-0.8601599768829741,-0.005324630070033143,0.015736293405513857,0.0004828610883785763,0.7106101344357512,0.34944705553233313,0.08632676117483386
2025-04-19 23:00:00,76.55,76.05,76.29,-0.8417346830444326,0.0039001798196498516,0.013166125406112617,0.0005653890501840135,0.009254844143089747,0.3575163550011155,0.08605091840509517
2025-04-20 03:00:00,76.97,76.23,76.71,-0.7034819371130734,0.0024054954672754203,0.01628369479664382,0.0006574092959800764,0.05899330880814091,0.36747661594350306,0.08496527783396425
2025-04-20 07:00:00,76.9,75.44,75.77,-0.5998564388049882,0.0020875239424500425,0.007477185769473538,0.0007537985435033511,-0.13359614621135074,0.36056711257359125,0.08396193369739992
2025-04-20 11:00:00,76.45,75.39,76.34,-0.825001549860726,-0.0012783364656429042,0.003106214009279906,0.0008453950047372259,-0.1492648052373381,0.34582303252766067,0.08142323738236029
2025-04-20 15:00:00,77.01,75.8,76.96,-0.6781549071513656,0.014946583278458103,-0.010701067705585654,0.0009005268841930781,0.03423124985388637,0.3643528184124526,0.07619661627743682
2025-04-20 19:00:00,78.5,76.96,77.86,-0.6150318795834813,0.021908418316124667,-0.005324630070033143,0.0009113658939744919,0.12185702603044346,0.40492056996858966,0.07298168164633202
2025-04-20 23:00:00,79.84,77.69,79.2,-0.4396814207283356,0.034847291895740984,0.0039001798196498516,0.0008887530296710724,-0.002553647390916347,0.44603311696258013,0.07284585884405476
2025-04-21 03:00:00,79.35,78.56,79.05,-0.7206893442606144,0.03187061864893015,0.0024054954672754203,0.000874138384947591,-0.15452626545489234,0.44874967113840303,0.07443892796803561
2025-04-21 07:00:00,81.85,79.0,81.07,0.46774923802969043,0.054010850789231624,0.0020875239424500425,0.0008024138011062843,0.45781789736980594,0.4979266401105373,0.07770792795205303
2025-04-21 11:00:00,81.11,79.58,80.34,-0.27732440294720706,0.05692768271399351,-0.0012783364656429042,0.0007540699702831539,0.04512091618030323,0.48976125381867003,0.08157768638124874
2025-04-21 15:00:00,80.39,77.5,77.52,0.4285657680964876,0.028625195609150778,0.014946583278458103,0.0007583708021740951,-0.23689419883064888,0.4372603223239064,0.08466909041723038
2025-04-21 19:00:00,78.42,77.45,77.77,-0.405537906236189,0.003392755313611495,0.021908418316124667,0.0007399970481941114,-0.03880043456722326,0.4136994511740268,0.08456049348909951
2025-04-21 23:00:00,79.54,77.38,78.71,-0.4996163023346732,-0.006136581633065519,0.034847291895740984,0.000712346100934173,0.138481563440096,0.429902192082247,0.08361995418897489
2025-04-22 03:00:00,79.06,78.25,78.64,-0.7243194625254084,-0.004233609898254276,0.03187061864893015,0.0006909164176306026,-0.0544090875208032,0.43760949194496784,0.08421379147513747
2025-04-22 07:00:00,80.12,78.5,79.43,-0.45314425294202554,-0.011515916593052955,0.054010850789231624,0.0006714490206423052,-0.04957287003941113,0.4670577252797759,0.0845150122329821
2025-04-22 11:00:00,81.89,79.4,81.85,0.6537546993340997,0.006133827399012803,0.05692768271399351,0.0006521917688699752,0.17162916405727513,0.506153159625809,0.08687163131729479
2025-04-22 15:00:00,83.39,81.82,83.23,0.9231903040170494,0.05041416839666324,0.028625195609150778,0.0006498611617343784,0.3222037327899514,0.5693392494056976,0.09271359757415545
2025-04-22 19:00:00,84.7,82.51,83.43,-0.18776506341472352,0.07186821072571359,0.003392755313611495,0.000640114622796261,-0.012967079463780284,0.6002920555625656,0.09990004827654692
2025-04-22 23:00:00,85.18,83.08,84.05,0.9417489308300284,0.07250129411612294,-0.006136581633065519,0.0006346796244105588,-0.10218177555473695,0.6193132008579961,0.10749741873005222
2025-04-23 03:00:00,85.22,83.93,84.15,0.3535639912099649,0.07646849706599035,-0.004233609898254276,0.0006249697001899594,0.49237455394286256,0.6379742594614395,0.11517143959781243
2025-04-23 07:00:00,85.18,83.63,84.43,0.11561563313859877,0.06253580607044928,-0.011515916593052955,0.0006354038304849357,-0.09385437663594032,0.647305924874005,0.12200121607658951
2025-04-23 11:00:00,85.18,83.26,83.59,0.44885143084888307,0.04323805650922341,0.006133827399012803,0.0006526790519839383,-0.09159578266206436,0.6468591344353227,0.12877713255191525
2025-04-23 15:00:00,84.36,82.22,83.37,0.3787373247281563,0.009858539519825849,0.05041416839666324,0.000666279546508455,-0.11955841757106589,0.6198993267806219,0.13341386164732202
2025-04-23 19:00:00,83.39,82.51,83.39,-0.6118923075383017,-0.007047195338750312,0.07186821072571359,0.000714587378190275,0.08873236109928917,0.6034899516804259,0.1379936533826589
2025-04-23 23:00:00,84.15,82.69,82.75,-0.4058879603629566,-0.009462767224268198,0.07250129411612294,0.0007695176123482472,-0.010140368911876418,0.6160848256662967,0.14193499407589205
2025-04-24 03:00:00,83.29,81.69,82.25,-0.26466483106997524,-0.027575973228399553,0.07646849706599035,0.0008207251678462117,-0.2567547542178886,0.5821985822256257,0.14550475964636958
2025-04-24 07:00:00,82.68,80.77,81.7,-0.06856775788250008,-0.034665935418607186,0.06253580607044928,0.0008466342424740821,0.05058720840495279,0.5733198081600315,0.14846230890088372
2025-04-24 11:00:00,83.04,81.25,82.71,-0.06267967478750609,-0.028164851350681697,0.04323805650922341,0.0008510730336612263,0.16655759893806632,0.5952674416511907,0.14957702329265607
2025-04-24 15:00:00,83.88,82.43,83.43,-0.16364175908682294,-0.0009561522965131353,0.009858539519825849,0.0008385012898775823,0.1159036600746739,0.6539163888138624,0.15193314739250594
2025-04-24 19:00:00,84.15,82.96,83.92,-0.5722004576868871,0.00617872202041414,-0.007047195338750312,0.0008360115982415389,-0.25643671996628525,0.6588743694989959,0.15509366178741016
2025-04-24 23:00:00,84.85,82.89,83.11,-0.672256249446311,0.00850267444680819,-0.009462767224268198,0.0008385942395776559,-0.06881981348914235,0.735860058980388,0.1595190264836031
2025-04-25 03:00:00,84.85,82.98,84.81,-0.56080621962355,0.01868946805665339,-0.027575973228399553,0.0008645503890765535,0.037609898836438393,0.7988485098001444,0.1612267972104561
2025-04-25 07:00:00,85.55,84.46,84.75,0.027949043565346242,0.04094783913753641,-0.034665935418607186,0.0008832799437653223,0.06205816389727836,0.8758079478963817,0.16576797962496823
2025-04-25 11:00:00,86.99,84.76,86.66,0.5383587534050629,0.05037511374650139,-0.028164851350681697,0.0009206144834333433,-0.10470279045777131,0.9358279814751663,0.16867696717653982
2025-04-25 15:00:00,87.26,85.48,86.67,-0.07154943728853844,0.038544084997524486,-0.0009561522965131353,0.0009681618108162202,-0.045453456602243314,0.9634551163652667,0.173968050202227
2025-04-25 19:00:00,87.24,86.13,86.82,-0.5718460312728697,0.03734293239585251,0.00617872202041414,0.0010288555860701876,0.06111795273453158,0.9644916578514778,0.1788972344475139
2025-04-25 23:00:00,88.01,86.21,87.95,-0.3143662780628641,0.03951788827430014,0.00850267444680819,0.001079357547023218,0.15410188174952189,0.9999999995419518,0.1831857831136238
2025-04-26 03:00:00,88.04,86.54,87.53,-0.7289718700234142,0.04058421065333584,0.01868946805665339,0.0011368356539487622,-0.11256737323575139,0.9970314125464014,0.18935262169503342
2025-04-26 07:00:00,87.96,86.05,86.81,-0.4826567144846342,0.024534327817629098,0.04094783913753641,0.0011918474141771318,-0.1446523825114867,0.9846592518518715,0.19404269302305774
2025-04-26 11:00:00,86.9,85.21,86.06,-0.4795264051992941,-0.00029674466553653023,0.05037511374650139,0.001259346138546078,-0.06603388047261605,0.9351761217239349,0.19706595762155293
2025-04-26 15:00:00,87.55,86.05,87.25,-0.4849938735836973,0.0029642011756576547,0.038544084997524486,0.001297399178320919,0.07267694815609316,0.9757437945475079,0.19637025388987675
2025-04-26 19:00:00,87.89,86.93,87.32,-0.7252422291145997,0.009286919701643637,0.03734293239585251,0.0013622676176147674,-0.01811333717224861,0.9999999995428057,0.1982827995002778
2025-04-26 23:00:00,87.59,85.8,86.09,-0.622484304333075,-0.007166132823139604,0.03951788827430014,0.0014475997896801988,-0.11979113137531572,0.9695091861020263,0.20091586391115632
2025-04-27 03:00:00,86.34,84.56,85.06,-0.5090272607662568,-0.023239896054473297,0.04058421065333584,0.0015357716557352532,-0.10327255715450634,0.9024046928419327,0.20281275278585972
2025-04-27 07:00:00,86.54,84.73,86.24,-0.6546100597870188,-0.012494021598375427,0.024534327817629098,0.001565834753954263,0.11121777304344715,0.9331048821469891,0.19970301959156775
2025-04-27 11:00:00,87.19,85.59,86.97,-0.23133601811863772,0.006393064508216417,-0.00029674466553653023,0.0016117410219880265,0.15199895140396724,0.9585577894986251,0.19731885304432836
2025-04-27 15:00:00,87.14,85.85,86.61,-0.6728065916355556,-0.004872354701364268,0.0029642011756576547,0.0016696904475058216,-0.06079176433416755,0.9545791789345341,0.1981704860568856
2025-04-27 19:00:00,87.11,85.42,85.96,-0.6870637936883061,-0.012659650335907768,0.009286919701643637,0.0017295135179911558,0.06841610708798473,0.9494045501700026,0.19764213894795282
2025-04-27 23:00:00,85.95,83.7,84.83,-0.34746607581232225,-0.023791405376752506,-0.007166132823139604,0.0018063746844580193,-0.16135669068364467,0.8751500798210048,0.1976174307133072
2025-04-28 03:00:00,87.15,84.51,86.95,-0.3222963683030397,0.009023688876421465,-0.023239896054473297,0.001815451942911779,0.3333426931605217,0.9375880203138947,0.1914870135705795
2025-04-28 07:00:00,88.1,86.27,87.12,-0.02351436533219473,0.015181476988081366,-0.012494021598375427,0.0018363837108607809,-0.022287776206454835,0.992763475487691,0.19005329058453382
2025-04-28 11:00:00,87.36,85.2,85.41,-0.03712142110966586,-0.00032714936723121646,0.006393064508216417,0.0018991944911302134,-0.12324002451897065,0.9572638649512348,0.19120776135588205
2025-04-28 15:00:00,85.62,83.84,85.19,-0.14750358772506786,-0.02064719930274872,-0.004872354701364268,0.001986178610612784,-0.012900704911754324,0.8729985729702565,0.18996891217627454
2025-04-28 19:00:00,85.7,84.96,85.56,-0.6597112492855961,-0.010500947871633692,-0.012659650335907768,0.001976084024971349,0.14414407495514836,0.907967852628595,0.1862098298307896
2025-04-28 23:00:00,87.05,85.42,86.09,-0.24454871732369934,0.01826143938332292,-0.023791405376752506,0.0019734086687970324,0.2820830914038839,0.9458536517574502,0.1823973121938749
2025-04-29 03:00:00,86.96,85.25,86.54,-0.38913354495866576,0.0011157947980744432,0.009023688876421465,0.002002875377574526,-0.06958314121923503,0.9419777572210142,0.17863129049220536
2025-04-29 07:00:00,86.96,85.25,85.45,-0.36877934023674486,-0.011954645481285775,0.015181476988081366,0.002032978296567025,-0.11190668907263912,0.9450721525174581,0.1768393632360917
2025-04-29 11:00:00,86.84,85.0,85.65,-0.0578605022408464,-0.008228339531265672,-0.00032714936723121646,0.0020714666608084385,0.14320170383410047,0.9247302015563122,0.1720137076643166
2025-04-29 15:00:00,87.5,84.96,86.82,0.12908244128586863,0.019471042975107045,-0.02064719930274872,0.0020719153542621545,0.21445386336584127,0.9483435251979604,0.1653998585577423
2025-04-29 19:00:00,86.97,84.74,85.38,-0.3232791346642806,0.0033241010827440576,-0.010500947871633692,0.002087437725030118,-0.19393013152596117,0.9209470021941374,0.1633267822196119
2025-04-29 23:00:00,86.62,84.48,85.94,-0.08811107940994896,-0.004180738719008481,0.01826143938332292,0.00207556061792698,-0.10407151704410189,0.9293713191747708,0.15702846765927855
2025-04-30 03:00:00,86.31,85.04,85.11,-0.43535856958657665,-0.006016574866959168,0.0011157947980744432,0.002074189961638301,-0.13216711237736223,0.9182810611513992,0.15308316995315782
2025-04-30 07:00:00,85.26,84.52,84.97,-0.32041024327879997,-0.0158811299250613,-0.011954645481285775,0.0020822369270286664,0.03352612798940213,0.882474081871436,0.1454706133483085
2025-04-30 11:00:00,85.34,81.43,82.96,0.7892188933524236,-0.0282112229318916,-0.008228339531265672,0.0020958390886391025,-0.11439807339533226,0.8141049242931437,0.14135491786014412
2025-04-30 15:00:00,83.73,82.47,83.62,-0.36036342566988755,-0.037390509020726936,0.019471042975107045,0.002050154208565272,-0.1665837722361463,0.8008404011208231,0.1332059897825602
2025-04-30 19:00:00,84.63,83.04,83.55,-0.5672849721015567,-0.020933430572277145,0.0033241010827440576,0.0019751996209155694,0.1433445562852742,0.8389394845020686,0.12753704956301554
2025-04-30 23:00:00,84.9,83.3,84.41,-0.5257880130107146,-0.01858168853213471,-0.004180738719008481,0.001920476791279528,0.0008010151436557145,0.8564203031506016,0.12240705967797905
2025-05-01 03:00:00,84.92,84.03,84.4,-0.5667987123755837,-0.013525274151510502,-0.006016574866959168,0.0018673164429361267,0.0807504997549926,0.8653313381462403,0.11806913810842995
2025-05-01 07:00:00,86.73,84.21,86.7,0.15913907501216787,0.007424506852521828,-0.0158811299250613,0.0018003929263897527,0.24499029000964767,0.9112742299582286,0.11404803229645036
2025-05-01 11:00:00,87.44,86.1,87.34,-0.0642632882404434,0.0419503872979794,-0.0282112229318916,0.0017370846193125581,0.04424381557123103,0.9739651100413907,0.11177146450006875
2025-05-01 15:00:00,89.78,87.21,89.43,0.386084403222967,0.06492804140347075,-0.037390509020726936,0.0016800402456355916,0.032805566227156246,0.9999999995634961,0.10472632780849075
2025-05-01 19:00:00,91.0,88.87,89.12,0.26565995967244915,0.07107181594625045,-0.020933430572277145,0.0016497122260174474,0.0374547638556586,0.999999999588683,0.09980318959575446
2025-05-01 23:00:00,90.69,88.63,90.47,-0.39403585655981255,0.06279050540404629,-0.01858168853213471,0.0016562230748256464,0.19958685978756896,0.9881382562332932,0.09653281960122537
2025-05-02 03:00:00,91.04,88.27,88.55,-0.1502115574701783,0.058765344784621254,-0.013525274151510502,0.0016513282135793364,-0.011407546728165907,0.9826734877096656,0.09282222047902747
2025-05-02 07:00:00,89.1,87.92,88.92,-0.47315856844358073,0.03497666985579251,0.007424506852521828,0.0016590928896862915,-0.06252577249230717,0.9428006109089182,0.0880997024249538
2025-05-02 11:00:00,89.49,88.06,89.26,-0.2851930376239379,0.022395303736031602,0.0419503872979794,0.0016348814389734899,0.038643020392763905,0.956231171461867,0.08786919212429897
2025-05-02 15:00:00,89.46,87.55,87.69,-0.35981354576520475,0.0009550118222325654,0.06492804140347075,0.0016229787528257648,-0.06604368742464939,0.9457729920662402,0.08916528968915721
2025-05-02 19:00:00,88.0,86.95,87.37,-0.5557568797958996,-0.02591815783800866,0.07107181594625045,0.001623248291023261,-0.2866969343937614,0.9042091480104236,0.08904132175272844
2025-05-02 23:00:00,88.0,87.27,87.53,-0.8271266215924024,-0.022239400943285026,0.06279050540404629,0.0015939942745630722,-0.11257344059524432,0.906207510680379,0.08893513263244958
2025-05-03 03:00:00,87.66,86.91,87.0,-0.703964093012362,-0.02348371291028517,0.058765344784621254,0.0015633192234862116,-0.01466335926886475,0.8962869855856938,0.08921758734089454
2025-05-03 07:00:00,87.36,86.44,86.5,-0.6941174527977858,-0.017490212591719012,0.03497666985579251,0.0015346074636817372,-0.10909949197678581,0.8791590095306767,0.0894167657175409
2025-05-03 11:00:00,87.18,86.17,87.12,-0.6334454182507845,-0.024474417821620742,0.022395303736031602,0.0014951702311692915,-0.096481247522475,0.8668474514108346,0.08801768362081379
2025-05-03 15:00:00,87.49,85.53,86.34,-0.551406900160133,-0.022326511450940445,0.0009550118222325654,0.0014441354173944632,0.0328929027621947,0.864467196854579,0.08747831100357087
2025-05-03 19:00:00,87.2,86.21,87.03,-0.7369307256688732,-0.007334535139271292,-0.02591815783800866,0.0013772698477172742,0.30918865689297337,0.8778040401923083,0.08559195552258095
2025-05-03 23:00:00,87.04,85.66,86.3,-0.7136268472546602,-0.013965506077615597,-0.022239400943285026,0.0013312002555761415,-0.0690197860287024,0.8559022929691655,0.08398768554248441
2025-05-04 03:00:00,86.84,85.77,86.69,-0.7651379663210771,-0.011632063880571697,-0.02348371291028517,0.0012718285606571637,0.15422072384010832,0.8545024676008904,0.08037521640501387
2025-05-04 07:00:00,86.78,85.61,85.87,-0.6736460000773226,-0.010759782665560103,-0.017490212591719012,0.0012169534719230935,0.10637914770376589,0.8406921797866993,0.07644799230940877
2025-05-04 11:00:00,86.78,85.56,86.66,-0.5228027729177848,-0.005963827371216368,-0.024474417821620742,0.0011478671048888113,0.14308015309380573,0.8455998562821838,0.0727156796989711
2025-05-04 15:00:00,86.88,85.85,86.2,-0.36232503330234583,-0.0021119799521160942,-0.022326511450940445,0.0010715124877822993,-0.006919023169268179,0.8569477782508456,0.0709908729682769
2025-05-04 19:00:00,86.82,85.11,85.68,0.1097788565666094,-0.00940786876298949,-0.007334535139271292,0.0010082898142401823,-0.03063432474145622,0.8441831262544469,0.0699886204614672
2025-05-04 23:00:00,86.3,84.65,86.02,-0.038383028985866,-0.012200194761483707,-0.013965506077615597,0.0009565694261003772,-0.006386333183470039,0.8125696452329413,0.06684987180045081
2025-05-05 03:00:00,88.48,85.89,87.83,-0.010613819039653336,0.01234475591517592,-0.011632063880571697,0.0008772191820710506,-0.08653063184334742,0.8983312870926982,0.06526623869796062
2025-05-05 07:00:00,89.51,87.47,87.72,0.4437792033943868,0.030706045522201908,-0.010759782665560103,0.0008283308449885967,-0.16610749502563782,0.942351490799495,0.06492747060615657
2025-05-05 11:00:00,88.77,86.98,87.04,0.6549277710741805,0.020330034871683944,-0.005963827371216368,0.0008230360169014317,0.011996437796566894,0.9063296658068357,0.06550231074064443
2025-05-05 15:00:00,87.3,85.5,87.27,0.24975463529129743,-0.0001594870115146918,-0.0021119799521160942,0.0008125993786701014,-0.1129691512453952,0.8367402845503035,0.06547248708002763
2025-05-05 19:00:00,87.79,82.19,83.91,2.464923611943549,-0.019487426430172317,-0.00940786876298949,0.0007736870888449508,-0.02452752258608859,0.744452591949544,0.06995919599575351
2025-05-05 23:00:00,84.3,81.7,82.7,0.48409012028579895,-0.0280456249158213,-0.012200194761483707,0.0006993490894407909,0.038592599398013405,0.6750836280200891,0.07419634148140229
2025-05-06 03:00:00,83.2,82.1,82.28,-0.23233050138045533,-0.054336280557117034,0.01234475591517592,0.0006015746269723312,0.010079281977439791,0.6624221744218157,0.07856594908427718
2025-05-06 07:00:00,82.53,80.99,81.74,1.4397435057764811,-0.07613416371791148,0.030706045522201908,0.000504717199120461,0.2865173372824006,0.6268752607780758,0.08412110527430079
2025-05-06 11:00:00,82.79,81.18,82.54,0.018376494185051905,-0.06697359418841087,0.020330034871683944,0.0004023316668575664,0.11709345580982378,0.631224490042007,0.08644319890833861
2025-05-06 15:00:00,84.13,81.86,84.06,0.10309740553253649,-0.041910643601824504,-0.0001594870115146918,0.00031029170276685814,0.20455901174228353,0.6675018820176379,0.08558334782049827
2025-05-06 19:00:00,87.0,83.6,86.92,1.4079736707897408,0.007279311342287986,-0.019487426430172317,0.00024270934780807522,0.173056325936219,0.7731752202097715,0.08259274739525528
2025-05-06 23:00:00,93.7,86.49,91.81,5.0,0.10037226847115299,-0.0280456249158213,0.0002004306425767311,0.18007633904981968,0.9999999995345467,0.084507371873099
2025-05-07 03:00:00,92.66,91.06,91.75,0.743285439876209,0.11054762672043572,-0.054336280557117034,0.00023570479664311057,-0.12971504784485588,0.9999999995255877,0.0898574786371636
2025-05-07 07:00:00,93.3,91.52,91.99,0.9079566586904567,0.12750464943784046,-0.07613416371791148,0.00027917189452851077,-0.26197810897692364,0.9999999995375246,0.09510717812886427
2025-05-07 11:00:00,92.02,89.11,89.37,0.4527920549181677,0.10506887585483504,-0.06697359418841087,0.0003322101933506091,-0.27246661338658706,0.9143944927308578,0.09932991164941408
2025-05-07 15:00:00,89.67,87.21,88.2,0.8835468215634974,0.06787662181661225,-0.041910643601824504,0.0003681497908504018,-0.008300487588860261,0.8048025985946159,0.10116266553931842
2025-05-07 19:00:00,90.26,87.22,90.12,0.06289452076871367,0.04298737788115603,0.007279311342287986,0.00036436000428651964,0.08928595891786983,0.819502746200292,0.10112408566138677
2025-05-07 23:00:00,91.98,89.3,91.77,3.150764714972454,-0.007402319332494134,0.10037226847115299,0.00035139891509359736,-0.013057116417286685,0.9130079487507249,0.10304390000565514
2025-05-08 03:00:00,93.17,91.21,91.81,0.9099164700555264,0.003591099615440907,0.11054762672043572,0.00035967896800310307,0.13536195407002305,0.9894110217605143,0.1069813336268561
2025-05-08 07:00:00,93.47,91.34,92.89,1.5716112608367017,0.002652677787345681,0.12750464943784046,0.00037537983978834543,0.22219546564451909,0.9999999995122478,0.11110717956551926
2025-05-08 11:00:00,92.94,91.03,91.97,0.8789593937106518,0.015709121203050902,0.10506887585483504,0.0003902619456017209,0.006100382559039996,0.9728769994398725,0.1155295746313742
2025-05-08 15:00:00,94.39,91.74,92.64,2.1003846995047213,0.052555261422045696,0.06787662181661225,0.0003934239742171099,0.056833455677716804,0.9999999994968275,0.1185314929644314
2025-05-08 19:00:00,95.46,92.2,93.89,1.2184962836975939,0.058434314188353875,0.04298737788115603,0.00041787623874587346,-0.11909222607528613,0.9999999994851066,0.1224748442044043
2025-05-08 23:00:00,95.81,93.64,95.47,0.650067663282317,0.047701992517527936,-0.007402319332494134,0.0004473850637170654,0.012386177233185025,0.9999999995096607,0.12827295038645317
2025-05-09 03:00:00,96.13,94.36,95.94,1.024846325537693,0.034545171870748126,0.003591099615440907,0.0004913419791142577,0.10024962287104588,0.9999999995193197,0.1356192240225686
2025-05-09 07:00:00,101.55,95.81,98.97,5.0,0.06463201609267188,0.002652677787345681,0.0005194255601993869,-0.006124838020891921,0.9999999995844402,0.14389011722610112
2025-05-09 11:00:00,100.4,97.23,98.46,2.371625406515681,0.07488104050760147,0.015709121203050902,0.0005962807190096425,0.037941865220174176,0.9999999995904132,0.15467978770354762
2025-05-09 15:00:00,99.71,97.56,99.31,0.7361357444838584,0.06039314185098732,0.052555261422045696,0.0006860229980262089,-0.15431244733277716,0.9888728205096805,0.1641594024670698
2025-05-09 19:00:00,100.91,98.7,100.09,-0.26724121465103956,0.0639040438464531,0.058434314188353875,0.0007650026755301839,-0.08337917438854847,0.9999999996056426,0.1733893676941245
2025-05-09 23:00:00,107.05,99.87,103.73,3.6209063528795338,0.0989696752521807,0.047701992517527936,0.0008237867207271894,-0.14692265847111752,0.9999999996642434,0.1833314545627934
2025-05-10 03:00:00,104.37,102.14,103.81,0.5516012740930519,0.08392677054486763,0.034545171870748126,0.0009635337726172272,-0.07846286035042604,0.9669969407490019,0.19702117455763907
2025-05-10 07:00:00,104.55,101.0,102.4,0.8062249681767129,0.04792593646823984,0.06463201609267188,0.0010837376511688135,-0.08319180385713021,0.9665302057025797,0.2096688259783445
2025-05-10 11:00:00,102.72,100.52,102.22,0.49059207277344397,0.029137334913404755,0.07488104050760147,0.0012158638417199357,-0.0016929565255554557,0.916491921102292,0.21731498026984364
2025-05-10 15:00:00,104.48,101.3,103.25,0.6689868830072069,0.04492425723471993,0.06039314185098732,0.0012912461685465986,0.05512544010028475,0.9593793827121142,0.2234170080053236
2025-05-10 19:00:00,104.78,102.8,104.61,-0.3187511913437739,0.0398064768099744,0.0639040438464531,0.0013862057474859273,0.15635135915458753,0.9848349184434388,0.229642391266984
2025-05-10 23:00:00,105.96,102.08,104.32,1.5388719369567947,0.0005565782730061475,0.0989696752521807,0.0014909791999342314,0.0012647710699402737,0.9999999996648963,0.23849602861666824
2025-05-11 03:00:00,105.07,101.76,102.21,0.1912888750625281,0.002741367489002444,0.08392677054486763,0.0016096411301849945,-0.11301239030136512,0.9746041122916523,0.24813484370853095
2025-05-11 07:00:00,102.27,99.77,101.43,0.8463406913383806,-0.022811715668244914,0.04792593646823984,0.0017401841579966018,0.002628966149710976,0.8857123612800423,0.25465215115469036
2025-05-11 11:00:00,101.96,98.08,100.05,0.4526124646369249,-0.01474109787653255,0.029137334913404755,0.0018198319762915468,0.026635063729518516,0.8644353707134171,0.26134198963635286
2025-05-11 15:00:00,100.8,98.21,100.47,0.8825111599337967,-0.03548411458938816,0.04492425723471993,0.0019015684041621156,0.10331424670050371,0.8349767459796379,0.2641565373764944
2025-05-11 19:00:00,100.83,99.35,99.76,-0.5265768974413934,-0.03564844351169627,0.0398064768099744,0.001942263538428557,-0.09488546492178207,0.8589096195926038,0.2690312459886032
2025-05-11 23:00:00,101.8,99.21,100.46,0.3258871082427325,-0.03561086163240634,0.0005565782730061475,0.001989078758660876,0.15228295261040015,0.8755122991879825,0.2707660560448017
2025-05-12 03:00:00,101.78,99.66,101.47,-0.10301925734625897,-0.025210204160852512,0.002741367489002444,0.0020259542549974203,0.09110489341401196,0.8871150467728491,0.2718155956633199
2025-05-12 07:00:00,104.31,101.25,102.97,1.6767738152570906,0.017697721878819017,-0.022811715668244914,0.0020456430780956118,0.0969027292574387,0.9455570540441696,0.2727493421521884
2025-05-12 11:00:00,104.08,99.81,100.39,2.2302746641949,0.018106569572905684,-0.01474109787653255,0.0021337577589445487,0.06764087875369174,0.9252773250927724,0.2822644416116625
2025-05-12 15:00:00,102.2,98.32,99.87,1.9112326195538512,0.011424424678153855,-0.03548411458938816,0.0022292031234130085,-0.1508925105509875,0.8730287135506252,0.2850286764741092
2025-05-12 19:00:00,103.27,99.54,102.2,0.6021839230533872,0.016294464451661606,-0.03564844351169627,0.00223272903161463,0.030433786480388525,0.9135724732375616,0.2811332380875562
2025-05-12 23:00:00,105.07,99.42,100.92,2.149494638867417,0.02151038034785624,-0.03561086163240634,0.0022532908517030985,-0.1292149809910701,0.9480300562231784,0.2860686860834981
2025-05-13 03:00:00,103.31,99.69,102.82,0.653194686859833,0.005122242966099311,-0.025210204160852512,0.0023379109062664416,0.08400972304495591,0.9044430517532983,0.28299655003792684
2025-05-13 07:00:00,103.7,101.54,102.4,0.44855175982020534,-0.0013654485894648571,0.017697721878819017,0.0023536483190518204,-0.019503029031942676,0.9408580866514609,0.2853323268692067
2025-05-13 11:00:00,103.5,99.63,100.27,1.0962426634702536,-0.0038218485786188916,0.018106569572905684,0.0024207908046118094,-0.104714561459479,0.9122025660301207,0.2911701947406915
2025-05-13 15:00:00,102.98,100.1,102.94,0.3384798364477507,0.011032452809287996,0.011424424678153855,0.002455505189023828,0.23734568205489714,0.9101949251232196,0.28438635029199494
2025-05-13 19:00:00,104.96,102.41,103.58,0.8922292956043396,0.022658637748510735,0.016294464451661606,0.0024319263332725884,-0.006759199904086022,0.990823732095928,0.28396172849135404
2025-05-13 23:00:00,105.0,102.41,103.72,0.8226351229923266,0.008062804279673763,0.02151038034785624,0.0024873405874486325,0.0804463497448984,0.9757968142175943,0.28408023432371643
2025-05-14 03:00:00,104.63,102.74,104.15,-0.059700991399763696,0.024384765426167077,0.005122242966099311,0.0025181478157416675,0.025667459443231122,0.9873566676649433,0.283591088883093
2025-05-14 07:00:00,105.97,101.12,101.81,1.7885436691956818,0.008896077833702165,-0.0013654485894648571,0.0025662711124563244,0.04385617570067457,0.9714306772164247,0.28806835344533077
2025-05-14 11:00:00,102.8,99.03,99.77,1.507019258126567,-0.007493448935199654,-0.0038218485786188916,0.0026537478210151176,-0.07748845544045657,0.8865028775377684,0.29117291695084907
2025-05-14 15:00:00,100.49,98.57,100.41,-0.0809533387607388,-0.02014223155825079,0.011032452809287996,0.0026750147727264556,-0.05385284262507262,0.8413643683532799,0.28610288606825457
2025-05-14 19:00:00,101.64,99.97,101.23,-0.37579259494626494,-0.031155159693654455,0.022658637748510735,0.002611236294786539,-0.029140646701694806,0.8820295246480186,0.28011112427182705
2025-05-14 23:00:00,101.9,99.59,100.47,-0.3949714784296702,-0.027113357550401784,0.008062804279673763,0.002593914449661655,-0.03619695285827218,0.8800864919799976,0.2781044272327989
2025-05-15 03:00:00,100.75,97.55,98.03,-0.08270085434562,-0.047283383209639096,0.024384765426167077,0.0026217258673317625,-0.24844828962552645,0.8202879508066636,0.28147202524948384
2025-05-15 07:00:00,98.12,95.58,97.67,0.6129002372053381,-0.06310004289441118,0.008896077833702165,0.002642539109058896,-0.02016953426581669,0.7493379586185517,0.27857655771274875
2025-05-15 11:00:00,99.09,95.63,96.99,0.6909755676573595,-0.0343941460794599,-0.007493448935199654,0.002580571167283526,0.259634176835025,0.7662749249020959,0.27563361598529784
2025-05-15 15:00:00,99.92,96.62,97.66,0.10444585411929036,-0.011456691828150567,-0.02014223155825079,0.0025216821111790095,-0.020657302873525296,0.7998849048781481,0.268879564599631
2025-05-15 19:00:00,100.49,97.37,98.92,0.16014067797158954,-0.014474620075729416,-0.031155159693654455,0.0024863260485038442,0.051135400879970705,0.8303608364849993,0.25632176585291894
2025-05-15 23:00:00,101.2,97.74,100.57,-0.27658583539831977,-0.009645003195333679,-0.027113357550401784,0.002479565664787427,0.0192617704707716,0.8455095430932781,0.24087806929366962
2025-05-16 03:00:00,101.15,100.08,100.45,-0.49190989510843736,0.016722304170674773,-0.047283383209639096,0.0024627048860903855,0.1278524397585561,0.8744506966344017,0.22794076780966785
2025-05-16 07:00:00,100.98,98.26,100.83,-0.12543669864854123,0.028617906077305966,-0.06310004289441118,0.00249530792490857,-0.15024323581712018,0.8409202069697471,0.2114222496470646
2025-05-16 11:00:00,101.7,100.11,100.66,-0.24575754681242754,0.03641294204664458,-0.0343941460794599,0.002453050852141778,-0.011396344316612073,0.8858913123773787,0.19574315481677218
2025-05-16 15:00:00,102.19,100.51,100.67,-0.17977437723015227,0.030019902071990234,-0.011456691828150567,0.0024448396118498168,0.1510612269190741,0.8994287923604666,0.18094534678212673
2025-05-16 19:00:00,100.87,98.73,99.36,-0.20742310303105435,0.00413685733803093,-0.014474620075729416,0.0024852208333756287,-0.16806037948944508,0.8424269004249684,0.17232167744764815
2025-05-16 23:00:00,100.16,97.34,98.7,-0.08231037500787551,-0.010283116331886277,-0.009645003195333679,0.0024839634042468743,-0.04260263728725355,0.8090672643090827,0.16924840238036853
2025-05-17 03:00:00,101.23,97.97,100.96,-0.3956120362870509,-0.006889785666305381,0.016722304170674773,0.0024187217049055068,0.24733073679842343,0.8504984650850492,0.16124552289302005
2025-05-17 07:00:00,101.16,99.2,99.54,-0.4187205739364658,0.005603397427544232,0.028617906077305966,0.0023823225538208387,-0.008129043256358992,0.8602124453718029,0.15901124344819575
2025-05-17 11:00:00,99.7,97.04,98.16,-0.3485245066447113,-0.027616063713009842,0.03641294204664458,0.0023978637522220807,-0.09640973275521147,0.7895685562789583,0.15229074826377434
2025-05-17 15:00:00,98.35,96.35,96.56,-0.3066563145096198,-0.04040322086757786,0.030019902071990234,0.002362927454754731,-0.21167806039815817,0.7530998903278892,0.14305416724790604
2025-05-17 19:00:00,97.57,95.62,95.88,-0.4488402327449228,-0.0328848207131337,0.00413685733803093,0.0023144392391259544,0.05666562825588328,0.7237197428622155,0.1359361702203162
2025-05-17 23:00:00,97.06,95.65,96.57,-0.6303167579248201,-0.023143690197757083,-0.010283116331886277,0.002238242663798891,-0.20957664108841023,0.7247044889492914,0.12902311428043545
2025-05-18 03:00:00,98.27,96.06,97.79,-0.7153050867818143,-0.02639331618720797,-0.006889785666305381,0.0021374346689078095,-0.10969890157476236,0.7545445796057406,0.12046446192288868
2025-05-18 07:00:00,99.23,97.67,98.43,-0.7590995705985313,-0.016416550398009266,0.005603397427544232,0.0020343766091553204,0.041482454257627976,0.7994274057092678,0.11395372954659126
2025-05-18 11:00:00,100.22,97.86,99.85,-0.3308533730195023,0.007565320523822416,-0.027616063713009842,0.001957783713911097,0.1388333222036231,0.8077502293520832,0.10405948873108303
2025-05-18 15:00:00,102.48,98.19,98.66,1.3260490920017363,0.034875587172901845,-0.04040322086757786,0.0018570538568546346,0.017358855092866277,0.8641416082184803,0.0977964350170033
2025-05-18 19:00:00,99.42,95.8,99.38,0.3666661247953602,0.010549131544422607,-0.0328848207131337,0.0018637172617801895,-0.00020272745188276708,0.740969718596085,0.09122296909629961
2025-05-18 23:00:00,101.33,98.13,98.42,0.11885805293131181,0.0318593044903146,-0.023143690197757083,0.0017386703239874808,0.31218310086229617,0.8200784956483241,0.0889902246449421
2025-05-19 03:00:00,98.47,94.36,94.41,1.0507610833521772,-0.016547967811641695,-0.02639331618720797,0.0017278710905631153,-0.1875678553276786,0.6744298614579564,0.09534624107091293
2025-05-19 07:00:00,96.04,94.29,95.6,-0.22092544518913892,-0.032568638519223314,-0.016416550398009266,0.0016349808175169145,-0.13497921400844326,0.6620275160753107,0.09734928883942892
2025-05-19 11:00:00,97.02,94.4,96.76,-0.13639394456428136,-0.03436696792853278,0.007565320523822416,0.0015402057238333333,-0.01276737568830677,0.6678756001951117,0.09754831203942704
2025-05-19 15:00:00,99.19,96.65,98.49,-0.14276191238594846,-0.025103090286673235,0.034875587172901845,0.0014027588059044832,0.01942379312746123,0.7668556978738795,0.09616351813863314
2025-05-19 19:00:00,99.4,98.1,98.13,-0.6618311105446324,0.013172282107938083,0.010549131544422607,0.0013059148549846905,0.07450116201651458,0.7857447734328767,0.09716788102760424
2025-05-19 23:00:00,99.69,98.09,98.75,-0.3670600337079295,-0.006700674100555304,0.0318593044903146,0.0012015029489485392,0.05751267839794205,0.789010683221316,0.09504765441880711
2025-05-20 03:00:00,98.99,96.55,97.1,-0.4015787201683279,0.020206280964907064,-0.016547967811641695,0.001097854427428765,0.10588440643321628,0.7315139395179004,0.09594717514304764
2025-05-20 07:00:00,97.37,92.8,93.13,3.5519475513119096,-0.014830105910173197,-0.032568638519223314,0.0010003039540505568,0.17846335336760855,0.5622123744291201,0.10621975249195684
2025-05-20 11:00:00,93.87,92.29,93.36,0.6062332142791244,-0.026338405413535493,-0.03436696792853278,0.0008250695041626022,-0.046898683979937794,0.5036665627863748,0.11109823076269713
2025-05-20 15:00:00,94.61,93.06,93.14,0.0726820704767737,-0.04404741233717968,-0.025103090286673235,0.0006239330787572815,0.021759048314921703,0.5389501894576209,0.11543140557793098
2025-05-20 19:00:00,94.88,92.95,93.8,0.41002293385366767,-0.04891495581745442,0.013172282107938083,0.0004412912672703926,0.02140673197998355,0.5431214849070947,0.1154194402205013
2025-05-20 23:00:00,94.9,93.43,94.6,0.0866706194443565,-0.046215526956434716,-0.006700674100555304,0.00027727269704128186,-0.05435445279716933,0.5604648376989336,0.11405709634709607
2025-05-21 03:00:00,96.19,93.99,95.92,0.4507968986240039,-0.025884068845081987,0.020206280964907064,0.00017198712394113981,0.09871438156888046,0.5959846595882329,0.1126715331918328
2025-05-21 07:00:00,96.12,94.36,95.25,-0.3559445041995817,0.010412174639313099,-0.014830105910173197,8.056633405233896e-05,0.0839307829005509,0.5885223461864146,0.11465096097733767
2025-05-21 11:00:00,96.18,94.61,96.18,-0.03156764719507832,0.025636016070478718,-0.026338405413535493,-8.409685423087391e-06,0.0473078594691716,0.6087253406011996,0.11441240709723384
2025-05-21 15:00:00,98.35,94.17,95.02,2.9095113819989282,0.023979297386422127,-0.04404741233717968,-0.00010840491014042586,-0.039248344608885155,0.6380656566195406,0.11744629076420704
2025-05-21 19:00:00,97.14,94.79,96.99,-0.45784982850046607,0.02261567371733353,-0.04891495581745442,-0.00022360882769422466,0.08309404675178489,0.6366949185346776,0.1153850778398979
2025-05-21 23:00:00,98.32,96.61,98.1,0.22501108543632106,0.03466712508892189,-0.046215526956434716,-0.0003326823597528999,0.0451729839586239,0.7045029729982476,0.11379943286185135
2025-05-22 03:00:00,100.18,97.89,98.07,1.2161698617282495,0.03983779672744925,-0.025884068845081987,-0.0004112767974772066,0.09605461027001039,0.7629214047695,0.1129738002854805
2025-05-22 07:00:00,99.94,97.84,98.49,2.036745718963027,0.04176995893701707,0.010412174639313099,-0.0004710120940668947,0.13317177427669158,0.7606329735483761,0.11019337651906229
2025-05-22 11:00:00,99.14,97.74,98.74,0.05865566696520535,0.03177411296321497,0.025636016070478718,-0.000530672440714952,-0.010167144228744762,0.7392751112254948,0.1095255399958653
2025-05-22 15:00:00,100.75,98.46,100.41,0.47695908913464097,0.03460551882910856,0.023979297386422127,-0.0005925178491142866,0.0886134191074226,0.7820237450573255,0.10790789126309287
2025-05-22 19:00:00,101.04,99.06,100.48,-0.11183515557983517,0.040169488606492054,0.02261567371733353,-0.0006407914940728299,-0.06962435509661202,0.8044050727823512,0.10665941473740434
2025-05-22 23:00:00,102.44,99.71,102.09,0.2301279021766657,0.03293063674086527,0.03466712508892189,-0.0006758801778547494,0.03998177181413465,0.8442766587662438,0.10581305734523086
2025-05-23 03:00:00,102.94,99.65,99.95,0.2896776916085118,0.02270836056905523,0.03983779672744925,-0.0006991160633119179,-0.10549505616876009,0.8602608550764619,0.1060502484010734
2025-05-23 07:00:00,102.03,99.93,101.66,-0.576029880469243,0.021595205189045563,0.04176995893701707,-0.0007202051936707507,-0.09675169931209171,0.8556873012607255,0.10361956516521205
2025-05-23 11:00:00,101.67,95.07,99.45,2.827578870595195,-0.005983965204575892,0.03177411296321497,-0.0007382502289385733,-0.07922046316130915,0.7130221880979958,0.10564474243751369
2025-05-23 15:00:00,99.73,97.67,98.28,-0.10287711787756874,-0.007475043615546517,0.03460551882910856,-0.0007514808615294452,-0.20894303769932987,0.7489095971355989,0.10429916164225196
2025-05-23 19:00:00,99.18,96.38,96.38,-0.39368292221454854,-0.02260929003553469,0.040169488606492054,-0.0007739904545067111,-0.023425937544241826,0.7037407851555002,0.10320574702088368
2025-05-23 23:00:00,96.71,94.59,96.64,-0.2259857332483627,-0.05035898336129607,0.03293063674086527,-0.0008025364314344348,-0.11885551423219498,0.6180533584182027,0.09908328451304721
2025-05-24 03:00:00,97.18,96.03,96.61,-1.011781599894414,-0.043999927699655106,0.02270836056905523,-0.00078411826010359,0.10221999776302915,0.6619004863618737,0.09410055038553924
2025-05-24 07:00:00,97.81,96.36,97.62,-0.8362331323997417,-0.03880909696133139,0.021595205189045563,-0.0007688875351487606,0.011951092575450017,0.6809057187466827,0.09099827160843339
2025-05-24 11:00:00,97.77,96.38,96.85,-0.6656521166417699,-0.00910340224611117,-0.005983965204575892,-0.0007534884775204776,-0.12301130129225712,0.6733226246983784,0.09144720946383672
2025-05-24 15:00:00,97.05,95.84,96.51,-0.2522094175641699,-0.023672741431816746,-0.007475043615546517,-0.0007551437317409472,0.285460286217343,0.6448241904253491,0.09114278852148759
2025-05-24 19:00:00,96.9,95.0,95.58,-0.6520761164084407,-0.016747573437384977,-0.02260929003553469,-0.0007473913333083485,-0.22570134637290107,0.6308607460461659,0.09105997626227746
2025-05-24 23:00:00,96.06,94.25,95.42,-0.5191306875911395,-0.005667191554209694,-0.05035898336129607,-0.0007380890811044378,-0.15750324989223907,0.5938771753008648,0.09095105830468872
2025-05-25 03:00:00,95.95,95.34,95.88,-0.9123153596718877,-0.010814587830131894,-0.043999927699655106,-0.0007197027864182243,0.039427116438836896,0.6152913730269486,0.09105374797508056
2025-05-25 07:00:00,95.88,93.87,94.06,-0.5629606354470662,-0.026760448808430537,-0.03880909696133139,-0.0007141032674198035,-0.28588242459529045,0.5650639514404573,0.09495309602976734
2025-05-25 11:00:00,95.26,93.84,94.52,-0.7170943232635514,-0.024240124980828615,-0.00910340224611117,-0.0007317877544779873,0.08162507989764012,0.5685747573615739,0.09596557394739372
2025-05-25 15:00:00,94.66,93.08,94.31,-0.3937096559395302,-0.02420811086056407,-0.023672741431816746,-0.0007587612925936593,-0.122230745730601,0.5409045576621205,0.09785784918019569
2025-05-25 19:00:00,95.79,93.76,95.68,-0.8543011146822163,-0.013616385786349716,-0.016747573437384977,-0.0007873273205510521,0.4044646650975936,0.5725989886273588,0.09667979282004137
2025-05-25 23:00:00,96.52,95.21,95.96,-0.7596934859131472,0.007962448504021724,-0.005667191554209694,-0.0007972430427761394,0.17478480574056987,0.6276524002511329,0.0952558884118421
2025-05-26 03:00:00,96.93,95.72,96.84,-0.9456123615910746,0.007216956638801175,-0.010814587830131894,-0.0007974642173726165,-0.028751603994536357,0.646058905537969,0.09299260430121932
2025-05-26 07:00:00,97.31,96.42,96.74,-0.7823475339482935,0.024483174759819315,-0.026760448808430537,-0.000789361234103444,0.452218459778982,0.6682115838967997,0.091212823390026
2025-05-26 11:00:00,97.59,96.53,96.79,-0.6685005028808446,0.025213267722742794,-0.024240124980828615,-0.0007634080700493158,0.13901770354409115,0.6748867908730295,0.08934746118756999
2025-05-26 15:00:00,97.48,94.32,94.83,-0.35561816377862565,0.01930739020308092,-0.02420811086056407,-0.0007507521205277112,0.04249334795331006,0.6217801513034994,0.09008501933240212
2025-05-26 19:00:00,95.68,94.4,94.57,-0.7938611499625462,0.002634791378819168,-0.013616385786349716,-0.0007587477826136707,-0.005283640487025676,0.583719219807616,0.09053438572313295
2025-05-26 23:00:00,95.3,93.03,94.0,-0.4831654223765546,-0.019204942259662627,0.007962448504021724,-0.00076246349710579,-0.13016687659115134,0.5455399574790402,0.09212502747120689
2025-05-27 03:00:00,95.38,93.73,94.46,-0.5068764307121277,-0.017225141570720748,0.007216956638801175,-0.0007513073133832112,0.11376163262831218,0.5720942224533834,0.08995389148856044
2025-05-27 07:00:00,96.27,94.45,95.37,-0.2093776653712347,-0.012874780800689378,0.024483174759819315,-0.0007424960118741499,-0.0008930118699587153,0.6126421201842402,0.0882180260747008
2025-05-27 11:00:00,96.82,94.95,95.61,-0.05436756456748608,-0.011041630730790564,0.025213267722742794,-0.0007191780614191793,-0.06189523641837269,0.6271557696114409,0.0879004598974577
2025-05-27 15:00:00,96.97,95.3,96.49,-0.1229119238746176,0.006301179730975326,0.01930739020308092,-0.0006982191654124023,0.19830604905980165,0.6486844049040749,0.08710409760462116
2025-05-27 19:00:00,97.0,95.32,95.85,-0.5330967826323272,0.014566917546133373,0.002634791378819168,-0.0006765040597296066,-0.09168722672959428,0.6453614034151475,0.0876946433485086
2025-05-27 23:00:00,96.29,95.07,95.36,-0.8639273181088886,0.01690308495078119,-0.019204942259662627,-0.0006366075152933553,0.12534218909069894,0.616422650518305,0.088462054613677
2025-05-28 03:00:00,95.96,94.94,95.17,-0.8614355604025139,0.008481078573772116,-0.017225141570720748,-0.0006014329494394111,-0.20348394436278794,0.6078846367213487,0.0888405091034779
2025-05-28 07:00:00,96.35,95.0,96.29,-0.8348972608069615,0.001391092518796988,-0.012874780800689378,-0.000560480081871456,-0.08837456188874004,0.6185689795774196,0.08731296026258283
2025-05-28 11:00:00,97.49,94.93,94.95,-0.03251085048770132,0.005979288367293778,-0.011041630730790564,-0.0005172786105493067,0.015548489681034061,0.6527177805878773,0.08722023632747342
2025-05-28 15:00:00,95.79,94.0,94.55,-0.5976819152348386,-0.01597994238018463,0.006301179730975326,-0.0005012632034300293,-0.16211781467991682,0.5800246464063451,0.08748941170531338
2025-05-28 19:00:00,95.29,93.5,94.41,-0.3478529432705069,-0.020736645021502964,0.014566917546133373,-0.0005048883791911114,0.043904928971775226,0.556332803619589,0.08686387863015169
2025-05-28 23:00:00,98.91,94.42,98.33,0.15838412375391422,0.01022374228441092,0.01690308495078119,-0.00048636941123123304,0.20400091512567942,0.6600203620455499,0.0833417032134502
2025-05-29 03:00:00,98.95,96.05,97.1,0.10830568658901726,0.020523345984092778,0.008481078573772116,-0.00045485008054840055,0.07646457614628144,0.6952283315040748,0.08376824652957506
2025-05-29 07:00:00,97.68,96.54,97.56,-0.8004706332442799,0.015856322695344538,0.001391092518796988,-0.00043606017444335743,-0.043211169707058183,0.6862200712199165,0.08344190288883435
2025-05-29 11:00:00,97.58,94.73,96.31,-0.03037590169545171,-0.0034684078283254705,0.005979288367293778,-0.0004411609739484135,-0.08465824630605745,0.6378013567442671,0.08451789722457437
2025-05-29 15:00:00,96.65,94.35,94.38,-0.16421772997365386,0.004909909690984593,-0.01597994238018463,-0.00045006783949663335,-0.11102158645724791,0.600783555043627,0.086271005707442
2025-05-29 19:00:00,94.72,93.55,93.82,-0.2778494233669503,-0.003326347996366552,-0.020736645021502964,-0.0004596085609177742,0.005559096247725881,0.5423479400110404,0.08740633122170492
2025-05-29 23:00:00,94.12,89.33,91.67,1.5334375711272143,-0.05176879160653647,0.01022374228441092,-0.00047775952405882776,-0.14717137358094612,0.4370026280204398,0.09216604429261156
2025-05-30 03:00:00,92.13,89.95,90.45,-0.49388987679899554,-0.06357914512617091,0.020523345984092778,-0.0005023378833296748,-0.1124246880765819,0.4190936084289627,0.09890540820867683
2025-05-30 07:00:00,91.1,89.16,90.13,1.3509660508831094,-0.07357771596888474,0.015856322695344538,-0.0005252189715947412,0.13268158569769062,0.3673227116042872,0.10366116265598342
2025-05-30 11:00:00,90.74,88.96,89.81,0.08207293377099634,-0.06528122555452331,-0.0034684078283254705,-0.0005609179029308426,0.05489382915382457,0.3580231206776601,0.10901944670433097
2025-05-30 15:00:00,90.37,86.46,88.68,1.1803625923028607,-0.07951537978333922,0.004909909690984593,-0.0005968884140977504,0.0783227867277625,0.26294494633080606,0.1172465711518507
2025-05-30 19:00:00,89.08,85.7,85.79,-0.3772646180890873,-0.06874565911474484,-0.003326347996366552,-0.0006346519623985072,-0.08066200124772371,0.25428405706239604,0.13517637873317884
2025-05-30 23:00:00,86.25,83.3,83.78,0.7122559178457274,-0.07652558938536891,-0.05176879160653647,-0.0007096460938182268,-0.009776881272513638,0.12440023445224138,0.15687939350888366
2025-05-31 03:00:00,85.31,83.11,85.07,-0.4156730008269295,-0.07842866362512813,-0.06357914512617091,-0.0008038039598803027,-0.0013005327969514147,0.10012185243133707,0.16722491643059637
2025-05-31 07:00:00,85.71,84.63,85.22,-0.5570416713755381,-0.05606915858157202,-0.07357771596888474,-0.000873331413453931,0.06778746890002663,0.1421904920602455,0.1780486157306046
2025-05-31 11:00:00,87.19,84.73,87.11,-0.5896971236494728,-0.04215053056785545,-0.06528122555452331,-0.0009243724928693326,0.21340724130238287,0.18916978666108447,0.1806733081248168
2025-05-31 15:00:00,87.93,86.8,87.32,-0.7268488800315345,-0.004527625074460362,-0.07951537978333922,-0.0009783908107499964,0.08612974686157893,0.24523794029560128,0.18605039945428187
2025-05-31 19:00:00,87.92,87.27,87.29,-1.0384896557285859,0.0006901817053373005,-0.06874565911474484,-0.001036704674169084,0.23149665630400507,0.2569772984741736,0.19118621210093945
2025-05-31 23:00:00,87.72,86.17,87.02,-0.9775468280948112,0.027108082796314603,-0.07652558938536891,-0.001109947116409264,-0.016378850304369363,0.2266610577842227,0.19623470635417659
2025-06-01 03:00:00,87.57,86.45,86.62,-1.166374078183132,0.03443526627659055,-0.07842866362512813,-0.001178551363009667,0.016569909089329204,0.2291872484540822,0.20171779386268276
2025-06-01 07:00:00,86.9,85.74,86.51,-0.9596120896746205,0.01604721582296542,-0.05606915858157202,-0.0012451389873681807,-0.1954255306181032,0.20301148192302174,0.2059233367071194
2025-06-01 11:00:00,87.92,86.22,87.49,-0.8902371024271561,0.012373155757958942,-0.04215053056785545,-0.001283112288950796,0.012530176832930895,0.2366469035090473,0.20565548355166305
2025-06-01 15:00:00,88.45,86.77,87.45,-0.6569329103120646,0.004644660000067136,-0.004527625074460362,-0.0013093795984825218,-0.02799399010504433,0.263320413056635,0.20581654972748029
2025-06-01 19:00:00,88.56,87.42,88.3,-1.1567554936454993,0.004214794287156209,0.0006901817053373005,-0.0013155363695303303,-0.09701505595221815,0.2734357079009154,0.20250184975100224
2025-06-01 23:00:00,88.72,87.43,87.48,-0.9846065723969898,0.013564536422151052,0.027108082796314603,-0.0013493300367060086,0.041826902203276006,0.27921818088003186,0.2011890267622522
2025-06-02 03:00:00,88.41,86.98,88.12,-1.0225555230828107,0.00613774342089024,0.03443526627659055,-0.0013704453793586262,0.06310835093166922,0.25298404077251657,0.19821603098999388
2025-06-02 07:00:00,89.94,87.8,88.4,-0.26623611520383067,0.027921186056870217,0.01604721582296542,-0.0014025288237856635,0.20612537725070368,0.31053452402442483,0.19303598603694416
2025-06-02 11:00:00,88.71,87.36,88.19,-0.8266187976792072,0.010588645143174036,0.012373155757958942,-0.0014556645562625106,-0.1377023697324986,0.2777793813535636,0.19160649451785308
2025-06-02 15:00:00,89.15,87.72,88.67,-0.7618532062726238,0.007892993167659457,0.004644660000067136,-0.0014948451936027045,0.2266320152039718,0.2941919391279619,0.1892507759296854
2025-06-02 19:00:00,89.82,88.01,89.51,-0.9111135490322992,0.010716711363726317,0.004214794287156209,-0.001501409878988177,-0.04366251162638968,0.31545992469054335,0.1870242934716826
2025-06-02 23:00:00,90.58,89.34,89.74,-0.7912631206911073,0.0209956544760741,0.013564536422151052,-0.00148612746249589,0.044772382200375604,0.36167136889972296,0.18564286619684134
2025-06-03 03:00:00,89.88,89.04,89.87,-0.9543509896171974,0.022345747006880856,0.00613774342089024,-0.001482937664510794,0.13323976470317356,0.34015302987501195,0.18428930921382827
2025-06-03 07:00:00,89.98,88.99,89.24,-0.4097510158411178,0.005798166042810582,0.027921186056870217,-0.0014886226625051384,-0.16104298683907015,0.330712590441718,0.18373259629124294
2025-06-03 11:00:00,90.16,88.71,90.12,-0.6581652857917807,0.012986447167600002,0.010588645143174036,-0.0015286013758287575,-0.1012884551469917,0.3017279566411779,0.18022209461337307
2025-06-03 15:00:00,90.25,89.5,90.13,-0.6715793152862243,0.01580858192220913,0.007892993167659457,-0.0015649769181024053,-0.1040192399762494,0.28491585414321235,0.17862640085119671
2025-06-03 19:00:00,90.56,88.67,89.74,-0.7087353487150038,0.009044629148578398,0.010716711363726317,-0.001599674799266706,0.0353121770546756,0.27913282041179394,0.1785575596163697
2025-06-03 23:00:00,90.73,89.41,90.03,-0.9256491591691917,0.001962698850385136,0.0209956544760741,-0.0016242198760741107,-0.028145253742212772,0.299395168605169,0.17703988569950305
2025-06-04 03:00:00,90.93,89.89,90.17,-0.9858329138653562,0.009533103217014727,0.022345747006880856,-0.0016439810895648888,-0.222348316770279,0.3089863329972831,0.17533678042825554
2025-06-04 07:00:00,90.97,90.06,90.65,-0.9246006342435138,0.013049500524575874,0.005798166042810582,-0.0016538210543539115,0.08854065831086988,0.3170652932919918,0.17393912142889242
2025-06-04 11:00:00,90.78,89.29,90.15,-0.7011402515293678,0.00858766596198346,0.012986447167600002,-0.001675007236423709,0.04956942449850188,0.2920275175960733,0.17425979102092867
2025-06-04 15:00:00,90.33,88.81,89.18,-0.8664337863698248,-0.0033681558903133624,0.01580858192220913,-0.0016946399012397063,-0.09113152090444632,0.26992759637217645,0.17589657205836864
2025-06-04 19:00:00,89.38,87.4,87.73,-0.5824837313928042,-0.017619092983847118,0.009044629148578398,-0.0017294335308579985,-0.11021082295449658,0.20082993645222322,0.17828723376070651
2025-06-04 23:00:00,89.05,87.66,88.66,-1.2194270233356213,-0.019291206245393266,0.001962698850385136,-0.0017445403004053472,0.07849650092427973,0.21327018322385458,0.17489540708309426
2025-06-05 03:00:00,88.69,87.29,87.39,-1.0746591773863823,-0.02638888183057886,0.009533103217014727,-0.0017543377913931317,0.07346599853593028,0.19092089741913607,0.17552441017028328
2025-06-05 07:00:00,88.09,87.09,87.36,-0.9143482992985501,-0.03167217117528254,0.013049500524575874,-0.0017507645902021644,0.05140863805158369,0.1751062269889199,0.17348818155175316
2025-06-05 11:00:00,89.13,86.8,87.88,-0.20417041804324268,-0.022056255455350393,0.00858766596198346,-0.0017338217040882649,0.025890166167792605,0.1937205595114365,0.16965359072314118
2025-06-05 15:00:00,88.23,86.09,86.79,-0.4923995482344811,-0.029302319270302024,-0.0033681558903133624,-0.0017443346418734387,-0.029783230179349807,0.13997177901251565,0.17152881051393426
2025-06-05 19:00:00,86.89,81.95,83.21,1.8063983701321678,-0.05046395160204953,-0.017619092983847118,-0.0017983799809181166,-0.02098722015248289,0.0,0.18286103823583658
2025-06-05 23:00:00,84.41,83.17,84.39,-0.6452767371803271,-0.05161996275770431,-0.019291206245393266,-0.0018065297640510133,0.0004939195065245539,0.006621980929167547,0.18257731058408885
2025-06-06 03:00:00,84.58,83.61,84.08,0.2647650127356107,-0.044358844123054686,-0.02638888183057886,-0.0017986231094026643,-0.26116748694056713,0.016856281607693747,0.18516455141055363
2025-06-06 07:00:00,84.57,83.62,84.3,-0.5318219153046818,-0.040646722326513895,-0.03167217117528254,-0.0017849535205527658,-0.14335346401738402,0.017835325009776807,0.18500527380606274
2025-06-06 11:00:00,86.67,84.28,86.66,-0.033436405945913864,-0.0297786776009048,-0.022056255455350393,-0.0017411678876935726,0.13270680673040913,0.08181754957365878,0.1775715075037768
2025-06-06 15:00:00,87.03,86.07,86.43,-0.4767894443830516,-0.004411302985936949,-0.029302319270302024,-0.0017170209285201994,0.05565704424507123,0.13778615928501975,0.17429496539229872
2025-06-06 19:00:00,87.67,86.4,87.23,-0.9128862843258359,0.04038564784607335,-0.05046395160204953,-0.0016833585535038316,0.1890850888883362,0.16422123831018415,0.1690209259457825
2025-06-06 23:00:00,87.5,86.63,87.41,-0.9619748971308596,0.03907712711036293,-0.05161996275770431,-0.0016617600477291967,-0.040720104936420864,0.1657811144189891,0.1652467026211069
2025-06-07 03:00:00,88.16,87.35,88.16,-1.1325129422478213,0.04408372606381494,-0.044358844123054686,-0.0016449321671915366,0.5411173015968602,0.1968582018304158,0.16016924232104235
2025-06-07 07:00:00,88.49,87.77,88.42,-1.038190631689302,0.04783142760521808,-0.040646722326513895,-0.0016162689006610285,0.04593645127186474,0.21318662544652553,0.15404983030019892
2025-06-07 11:00:00,88.85,88.24,88.81,-1.01228305927946,0.036751052098385584,-0.0297786776009048,-0.0015766870034485676,-0.0843448208255948,0.23426621516233676,0.14934570300041677
2025-06-07 15:00:00,89.31,87.96,88.07,-0.7138727610506238,0.02467014212532881,-0.004411302985936949,-0.0015379078150309779,-0.2298995107081946,0.24150222114256484,0.14691047235442542
2025-06-07 19:00:00,88.94,88.06,88.55,-1.1315639013160492,0.015639185007026102,0.04038564784607335,-0.0015085392030214939,-0.020954668476361626,0.23038356026701348,0.14232595334981143
2025-06-07 23:00:00,88.63,88.06,88.24,-1.1309712488587242,0.013838161359990941,0.03907712711036293,-0.0014807446782170541,-0.044476152049821915,0.22736946615892836,0.1309296610698867
2025-06-08 03:00:00,88.56,87.75,87.81,-0.2049372020892792,0.003651029252054183,0.04408372606381494,-0.0014624258972295871,-0.14546845892182358,0.21528628258681579,0.12132524884926976
2025-06-08 07:00:00,87.98,86.59,86.93,-0.26256410122647644,-0.011149198927462134,0.04783142760521808,-0.001451984412785333,0.0461566623087728,0.1677037532935426,0.10967124901909682
2025-06-08 11:00:00,88.16,86.89,87.95,-0.7763623703020702,-0.012316709581260188,0.036751052098385584,-0.0014386335673281794,0.09192313857462242,0.18374060672156736,0.09709065337543189
2025-06-08 15:00:00,88.46,87.87,88.0,-0.8799589174360302,-0.006037947533921062,0.02467014212532881,-0.0014136870543412974,0.15594967520334047,0.21839620253622138,0.08949637953533382
2025-06-08 19:00:00,88.22,87.2,87.27,-1.0339570015669655,-0.007091555431150698,0.015639185007026102,-0.0014030373601668026,-0.08096787314125287,0.2026076576089722,0.08322711751238347
2025-06-08 23:00:00,87.78,86.92,87.62,-0.9379500430439728,-0.012656011847700155,0.013838161359990941,-0.001391720947088032,-0.05084073847429349,0.1723347650328514,0.07973087378457672
2025-06-09 03:00:00,88.12,86.87,87.46,-1.0117581500951451,-0.006987713715264632,0.003651029252054183,-0.0013586461344289183,-0.01573148152768611,0.18498462476861585,0.07831282230794501
2025-06-09 07:00:00,88.84,86.71,88.46,-0.5133773395946023,0.008680322868842572,-0.011149198927462134,-0.0013150145615964872,0.00012900594649756236,0.20493224268627425,0.07626337426427578
2025-06-09 11:00:00,89.54,87.67,87.8,1.5651327728900053,0.01172854227941933,-0.012316709581260188,-0.001258334823789703,-0.02783730732042966,0.23423050104468923,0.07583028540773486
2025-06-09 15:00:00,89.34,87.59,88.63,0.1778922609079757,0.00410554147157649,-0.006037947533921062,-0.0012007897145500464,-0.1093508626037325,0.236212320421152,0.07509823682609042
2025-06-09 19:00:00,90.64,88.29,90.61,-0.3621721559531749,0.019122797345520137,-0.007091555431150698,-0.0011402268996042037,0.04871286793045382,0.2852896775971972,0.07444500738360371
2025-06-09 23:00:00,91.5,90.05,91.18,-0.225265752167042,0.04170501611149824,-0.012656011847700155,-0.001074124863707892,-0.044638451252791755,0.35139391523865876,0.07278559748668526
2025-06-10 03:00:00,91.25,89.63,90.29,-0.6553975900779455,0.032509649171208244,-0.006987713715264632,-0.0010254129861337973,0.16111994597418566,0.32497500419087955,0.07286678301936783
2025-06-10 07:00:00,90.72,89.53,89.91,-0.8609199867219832,0.024731440249015746,0.008680322868842572,-0.0009717579550731173,-0.06796630844164375,0.31192207142849515,0.07216638255148364
2025-06-10 11:00:00,93.12,89.54,90.73,1.11052415755651,0.03581153840690532,0.01172854227941933,-0.00089212307717478,-0.07489379182553102,0.39020277511420676,0.07286873123160893
2025-06-10 15:00:00,91.68,90.12,91.59,-0.7694041282653693,0.027005139849156423,0.00410554147157649,-0.0008170598384200068,0.21251907215946342,0.3538830452797759,0.07460922509061806
2025-06-10 19:00:00,93.38,91.25,92.95,-0.264679170205781,0.029164133417177718,0.019122797345520137,-0.0007263213705068785,0.09351884663559451,0.41591721349487,0.07790898243293314
2025-06-10 23:00:00,93.65,91.45,91.6,0.14141726976255337,0.016443171020955827,0.04170501611149824,-0.00063320466846779,-0.004268321954920995,0.4271114809136416,0.08086433481110034
2025-06-11 03:00:00,92.18,91.48,91.89,-0.4397443907626273,0.01675173303385802,0.032509649171208244,-0.0005480060521091335,0.28456446899184207,0.41116693973998164,0.08235211298719852
2025-06-11 07:00:00,92.44,90.95,91.45,0.11637386732614727,0.017942089630164526,0.024731440249015746,-0.0004658562332863067,0.2985605881947482,0.4498942697707462,0.08367046638709859
2025-06-11 11:00:00,93.14,90.84,92.69,-0.1037975806245876,0.0027742108227648554,0.03581153840690532,-0.00038021332526172794,0.09224088570761291,0.4628325697047321,0.08549021037052187
2025-06-11 15:00:00,94.17,91.81,92.34,0.23057991316108853,0.023506492298775328,0.027005139849156423,-0.00028205026387966936,-0.0037087702440461445,0.5276018499579006,0.0880070915425743
2025-06-11 19:00:00,92.58,90.38,90.92,-0.115761038441371,-0.006597313333983612,0.029164133417177718,-0.0001955200935962488,-0.11164787195420223,0.4411833262992191,0.09022178823153179
2025-06-11 23:00:00,91.9,90.81,91.18,-0.9845374814072151,-0.010739958354606283,0.016443171020955827,-0.0001231138383143557,0.025122143229591165,0.4322546724882443,0.09069292728511331
2025-06-12 03:00:00,91.25,89.47,89.95,-0.3991458476392056,-0.018291735031489287,0.01675173303385802,-2.96659530971405e-05,-0.35466648458216354,0.3640497400036714,0.09206914648786456
2025-06-12 07:00:00,90.08,88.69,88.97,-0.42171414902357424,-0.024588744537917706,0.017942089630164526,6.344605198457244e-05,-0.1780947587060796,0.3223722280167898,0.09304846932656757
2025-06-12 11:00:00,89.4,88.09,89.13,-0.5121059797539981,-0.03472897766566185,0.0027742108227648554,0.00015078496077437501,-0.1834054412061783,0.28227196034505114,0.09281110397193233
2025-06-12 15:00:00,89.83,87.8,88.54,-0.22100139215740167,-0.045775424774618045,0.023506492298775328,0.0002219590725732382,-0.15962350951259385,0.28664444028670766,0.09344233168841477
2025-06-12 19:00:00,88.84,86.0,86.25,-0.10057610255974422,-0.04896845595330701,-0.006597313333983612,0.0002934305845902755,-0.1042667446405634,0.18764989092900433,0.09710782071450817
2025-06-12 23:00:00,86.8,81.3,82.16,2.662271531543615,-0.08882099517440167,-0.010739958354606283,0.00034722930700508656,0.026066027418967685,0.0,0.10999312482883909
2025-06-13 03:00:00,83.99,81.96,83.97,0.1449957815531895,-0.08069508563245986,-0.018291735031489287,0.0003281008102372492,0.2656993338191944,0.0,0.11118828913357655
2025-06-13 07:00:00,84.42,83.22,83.84,-0.23218323068591226,-0.0642194141487743,-0.024588744537917706,0.0002987456758058346,0.15943813050856526,0.042987773129541496,0.11505082027779619
2025-06-13 11:00:00,84.49,82.84,83.68,-0.2969895602666221,-0.05554906002948301,-0.03472897766566185,0.00027024516129975205,0.23930204980136427,0.04870388020152335,0.11856971413516668
2025-06-13 15:00:00,85.07,83.46,84.36,-0.17159738446085981,-0.049006937392968686,-0.045775424774618045,0.00024071638809922366,0.30464318392735223,0.0850432306541155,0.11965221637758393
2025-06-13 19:00:00,85.97,84.15,85.95,-0.35519805019188877,-0.02143689141151106,-0.04896845595330701,0.0001977849114557163,0.2952802760254818,0.12525155736954371,0.11793537242515303
2025-06-13 23:00:00,86.7,85.62,86.02,-0.8087206160191152,0.03447341998256026,-0.08882099517440167,0.00016122940081801884,0.08710625089598745,0.17688559094755818,0.11805755621767448
2025-06-14 03:00:00,86.49,85.96,86.0,-1.0670219977896716,0.04044689610593788,-0.08069508563245986,0.00010735056463438769,-0.04054509205152901,0.18325616909640163,0.11814574489585247
2025-06-14 07:00:00,86.91,85.79,86.36,-0.9172820238783799,0.0316542878223256,-0.0642194141487743,4.899299091868761e-05,-0.17595064273671535,0.18830948582721735,0.11706363831823367
2025-06-14 11:00:00,86.59,85.72,85.75,-0.8251833950569168,0.028067016864146144,-0.05554906002948301,5.664289404047227e-07,0.015050347703833289,0.17784862840518462,0.11795006250423463
2025-06-14 15:00:00,85.97,84.2,84.73,-0.1378713924684977,0.006524236902639036,-0.049006937392968686,-4.013417969639636e-05,-0.034871065042696436,0.11515798413300188,0.12071460609026512
2025-06-14 19:00:00,85.43,84.24,85.15,-0.9962571996567673,-0.0032867948459749385,-0.02143689141151106,-7.953438631287263e-05,-0.27707519982976003,0.10994812212286444,0.12125192601269316
2025-06-14 23:00:00,85.83,85.03,85.59,-1.0153409612169355,-0.008252831399765292,0.03447341998256026,-0.00011589217747383007,-0.16100884461474796,0.13803398357539778,0.12127184585998066
2025-06-15 03:00:00,86.27,85.56,85.64,-1.109878996630142,-0.003741382722526887,0.04044689610593788,-0.00015297480183079366,0.11345287549686511,0.16561913886270435,0.12186891457592235
2025-06-15 07:00:00,85.64,85.01,85.43,-1.065038986357221,-0.011624426968651513,0.0316542878223256,-0.00018614433190813185,0.07423338926309131,0.13345272267605948,0.12295475111358668
2025-06-15 11:00:00,86.59,85.09,86.46,-0.8755054396588328,-0.0025544595615911714,0.028067016864146144,-0.0002281349402875838,-0.06580364591781152,0.16582061554220803,0.12171909589690225
2025-06-15 15:00:00,86.48,85.6,85.92,-0.8965062648689945,0.012518658782203262,0.006524236902639036,-0.000257385277320824,-0.030045277870798914,0.1733189525494414,0.12283238915394325
2025-06-15 19:00:00,86.35,84.92,86.13,-0.7605067762827493,0.00955179430975095,-0.0032867948459749385,-0.00028051124620903894,0.18508896485298099,0.15427544537437543,0.11985641412263974
2025-06-15 23:00:00,87.03,85.34,86.82,-0.617626556483178,0.010583010032141349,-0.008252831399765292,-0.00030118720698230365,0.2406655320229527,0.1874441362020051,0.1173135866571082
2025-06-16 03:00:00,87.6,86.41,87.25,-0.5571015729415609,0.012416437425846638,-0.003741382722526887,-0.0003136681675901846,-0.053884326625777246,0.22393174050915524,0.11465139898618594
2025-06-16 07:00:00,87.74,86.83,87.02,-0.6866928731066155,0.024083006998709244,-0.011624426968651513,-0.0003259146565675636,-0.04813802665510103,0.2457815798452187,0.11308418294575993
2025-06-16 11:00:00,88.82,86.61,88.37,-0.139061334360427,0.020740250238495683,-0.0025544595615911714,-0.0003217244743907431,0.07378607717928487,0.2632293804723009,0.11115857263784461
2025-06-16 15:00:00,88.65,87.89,88.53,-0.38560029175485866,0.02512345124154125,0.012518658782203262,-0.0003206476659374398,0.07662445158427089,0.2915022657445898,0.11067058479730843
2025-06-16 19:00:00,88.92,86.8,87.26,-0.33401905299282675,0.028960123744594224,0.00955179430975095,-0.0003129442067836445,-0.0742531135423834,0.2899553605321557,0.11227473553003757
2025-06-16 23:00:00,87.98,85.31,87.22,0.056036142731543975,0.005913479996894289,0.010583010032141349,-0.00030541759693458276,-0.13733815381760084,0.21534528673817557,0.11236355968326953
2025-06-17 03:00:00,87.39,86.04,86.21,-0.911050529981614,-0.0035667887710714163,0.012416437425846638,-0.0002962466555645224,-0.14778396728688303,0.206972672088141,0.11413683770127758
2025-06-17 07:00:00,86.5,85.11,85.48,-0.7502608961706677,-0.016571123729625103,0.024083006998709244,-0.0002945855600582497,0.07535409967702944,0.16662851268304923,0.11598569749253906
2025-06-17 11:00:00,85.89,84.79,84.85,-0.46910443370514016,-0.028119036381099805,0.020740250238495683,-0.00030087479693185484,-0.1883877661552985,0.12842633034915765,0.11810159653290637
2025-06-17 15:00:00,84.94,82.49,84.02,1.0550061550880065,-0.05128579941695832,0.02512345124154125,-0.0003176394636974645,-0.21915064810640805,0.044187435027769,0.12147384396225906
2025-06-17 19:00:00,85.21,83.7,83.73,0.1764390376618694,-0.04251590583129905,0.028960123744594224,-0.00033398222122641726,0.04770067982996418,0.084997239481732,0.1242240209961273
2025-06-17 23:00:00,85.68,83.72,84.95,-0.9619451344685132,-0.02321551143481504,0.005913479996894289,-0.0003439096923583682,0.21449821284544712,0.10516145689292215,0.12346055021934023
2025-06-18 03:00:00,85.61,84.79,84.95,-0.8294030715333319,-0.015781936506398364,-0.0035667887710714163,-0.00034420525895672243,0.08962498108785444,0.13220168954853567,0.12448237519569483
2025-06-18 07:00:00,85.38,83.41,83.55,-0.4665556994158056,-0.016865376517844255,-0.016571123729625103,-0.0003416788398553982,-0.12791490618709345,0.08740487392021402,0.12889835957732332
2025-06-18 11:00:00,85.33,83.34,84.65,-0.3909119019657208,-0.009918853383927062,-0.028119036381099805,-0.00034147509480535556,0.22243307175620175,0.0822123014474221,0.1283482835135278
2025-06-18 15:00:00,85.17,83.79,83.87,-0.1921488834060901,0.010450625650183953,-0.05128579941695832,-0.00034480899054471884,0.17359363708256925,0.09199875386031735,0.1313170177510129
2025-06-18 19:00:00,85.46,83.72,85.2,-0.7817590710867615,0.003638581341329772,-0.04251590583129905,-0.0003495408252209672,0.035977995456677014,0.10179213671788155,0.12992494522459147
2025-06-18 23:00:00,85.6,84.45,84.93,-0.8530973374612772,0.002411879710344289,-0.02321551143481504,-0.0003650543288781873,-0.13517247458579262,0.11634280083370997,0.13112917730366971
2025-06-19 03:00:00,85.48,84.84,84.98,-1.0482858278238332,-0.0020536362535094055,-0.015781936506398364,-0.00037516413382103074,-0.08892911071382192,0.12262561210339984,0.13178523660136507
2025-06-19 07:00:00,86.05,84.64,85.78,-0.24972192975535185,0.010749116023868188,-0.016865376517844255,-0.0003871836572603244,0.16468820615027768,0.13704632709385425,0.1306255146390841
2025-06-19 11:00:00,85.78,84.36,84.38,-0.6205445918380872,0.009327435955747143,-0.009918853383927062,-0.000401325120606952,-0.17283925332141103,0.12523973348016587,0.1338390987276281
2025-06-19 15:00:00,85.39,84.21,85.07,0.7742466167658685,0.004330484174390081,0.010450625650183953,-0.0004134534364589477,0.060130544096383964,0.11201764349141541,0.13300719430561
2025-06-19 19:00:00,85.43,84.74,85.03,-0.5812383099004059,0.004354069007590944,0.003638581341329772,-0.00043621585324687983,0.13793446227006778,0.12196269498522713,0.13181582484993573
2025-06-19 23:00:00,85.22,84.55,84.71,-0.2299658750349032,-0.0005696519590592253,0.002411879710344289,-0.0004910217484273084,0.0749579813809238,0.1136955556748131,0.1304172393714057
2025-06-20 03:00:00,85.17,84.16,84.55,-1.0572369428716628,-0.005583554418368442,-0.0020536362535094055,-0.0005475077015667148,-0.017688708173833945,0.09718836417088089,0.1296675791770123
2025-06-20 07:00:00,85.95,84.36,85.73,-0.08668018036346287,4.114443069713758e-05,0.010749116023868188,-0.0005981551744523678,0.033703251750981655,0.158952737139976,0.12657560773832582
2025-06-20 11:00:00,85.98,83.83,83.89,-0.5672435428149037,0.0018691779085295845,0.009327435955747143,-0.0006466471900989416,0.012860430255911881,0.1551355664916383,0.1279995904036126
2025-06-20 15:00:00,84.21,80.96,82.92,1.5432460247557698,-0.025238517981907793,0.004330484174390081,-0.0007033067228627215,-0.17689879214583826,0.0,0.12754286010366211
2025-06-20 19:00:00,83.69,82.26,82.57,-0.6746992725512032,-0.025335325667413477,0.004354069007590944,-0.0007523859257432405,-0.00035743392111975414,0.011515771058524905,0.12349428776947224
2025-06-20 23:00:00,83.68,82.47,83.46,-0.555340613557943,-0.024643905374929886,-0.0005696519590592253,-0.0007954691201395757,0.18176792691557275,0.00547809598086863,0.11869744539711302
2025-06-21 03:00:00,84.12,83.4,84.04,-1.1594288736486364,-0.011191515371322125,-0.005583554418368442,-0.0008289520477864508,0.24841882495505918,0.06230888336520355,0.11294016592124304
2025-06-21 07:00:00,84.05,83.01,83.23,-0.8124704994687361,-0.023924656852736925,4.114443069713758e-05,-0.000857995300664411,-0.12109506189680475,0.038267843150966575,0.1100188650423443
2025-06-21 11:00:00,83.39,82.51,82.63,-0.5776297692381608,-0.027762234457086588,0.0018691779085295845,-0.0008867361263593789,0.12964090696584019,0.0119587699081461,0.10384888316717747
2025-06-21 15:00:00,83.14,81.63,81.71,-0.6545915147661027,-0.0035863830981540668,-0.025238517981907793,-0.0009149414000628072,-0.09348277516666281,0.0,0.09905417328182249
2025-06-21 19:00:00,81.9,78.6,80.23,1.86341611866996,-0.030814266731805873,-0.025335325667413477,-0.0009643933092289581,-0.10897662649250384,0.0,0.1002675627640859
2025-06-21 23:00:00,81.41,78.85,80.39,0.27764208977375193,-0.03350952231155313,-0.024643905374929886,-0.0010167044887128085,-0.2046897180537106,0.0,0.09765862358486542
2025-06-22 03:00:00,82.04,80.1,81.84,-0.8914187005896312,-0.030911151520884306,-0.011191515371322125,-0.0010543527998140376,0.11020009240919348,0.058918610567981165,0.09317230734794517
2025-06-22 07:00:00,81.87,80.24,80.98,-0.5576221187253652,-0.027891307560805156,-0.023924656852736925,-0.0010959939018764671,-0.08665427359489952,0.05371741644916878,0.09413458975813503
2025-06-22 11:00:00,81.51,77.41,78.72,3.0913617530670985,-0.04794283091083451,-0.027762234457086588,-0.00117550160865141,-0.13384175053599512,0.0,0.10093238081479934
2025-06-22 15:00:00,79.32,77.35,78.27,0.28738874925977154,-0.05006443656835946,-0.0035863830981540668,-0.0012532090496698738,0.3983821372398886,0.0,0.10690730577003829
2025-06-22 19:00:00,80.2,76.17,80.19,1.1258091203422464,-0.027853752570742407,-0.030814266731805873,-0.0013216941828747097,0.11992642871362813,0.0,0.1074498926910141
2025-06-22 23:00:00,81.03,79.8,79.94,-0.5842219937399583,0.003242640917408224,-0.03350952231155313,-0.001352230549658263,0.026215322528558627,0.11340488711043263,0.11070629479965076
2025-06-23 03:00:00,80.9,79.71,80.7,-0.7006958334834086,-0.00959732184498796,-0.030911151520884306,-0.001400281184555848,-0.12100875150813939,0.11267053126156634,0.11218723300131273
2025-06-23 07:00:00,81.25,80.53,80.91,-0.5024647395300703,-0.0018546772236137654,-0.027891307560805156,-0.0014341554259773613,0.23374371751262757,0.14052173336639243,0.1140066234680846
2025-06-23 11:00:00,82.28,80.51,81.7,-0.045702266746630145,0.030293054053612156,-0.04794283091083451,-0.0014565769383192934,0.09024477326865554,0.16661729811039697,0.11404428083830752
2025-06-23 15:00:00,82.87,79.47,82.74,0.7304068385052237,0.037530700883584345,-0.05006443656835946,-0.001476026943407447,-0.1276358456247152,0.16264803645206724,0.11301931882632615
2025-06-23 19:00:00,85.42,82.64,85.18,0.8802258054701128,0.07542702010682278,-0.027853752570742407,-0.0014437828045170736,-0.050468421731004076,0.3053002250018814,0.10943612256472822
2025-06-23 23:00:00,85.38,84.3,84.58,-0.5892566519320773,0.05679105069382495,0.003242640917408224,-0.0014060779957406112,-0.10344805915766364,0.3497140957274701,0.10968111923163919
2025-06-24 03:00:00,85.3,84.19,85.07,-0.6069007737273274,0.05414335640215451,-0.00959732184498796,-0.0013632108774403178,-0.18587574864949286,0.33792284666951944,0.10862512257461616
2025-06-24 07:00:00,85.18,84.07,84.35,-0.4715309125204432,0.045713412699801115,-0.0018546772236137654,-0.001324651021654388,-0.138611254517509,0.3319761726736114,0.10873146689431751
2025-06-24 11:00:00,84.75,83.81,84.42,-0.2839170356659306,0.035529140484086064,0.030293054053612156,-0.0012913384456756782,-0.03528195674056167,0.31634567307273403,0.10820849870266869
2025-06-24 15:00:00,85.1,83.99,84.53,-0.19374771917897593,0.039733222360742504,0.037530700883584345,-0.001234886515056559,0.08799097308306969,0.32993571577888653,0.10803361411365528
2025-06-24 19:00:00,85.18,84.17,84.84,-0.7494781540908012,0.008776303793653684,0.07542702010682278,-0.0011819156840756821,0.01902473868267429,0.3435028113417582,0.10754613374847094
2025-06-24 23:00:00,85.36,84.44,84.86,-0.8153079922981085,2.8223573082852838e-05,0.05679105069382495,-0.0011146786604699158,-0.01481505266719374,0.34983820432364143,0.10724098888119556
2025-06-25 03:00:00,85.26,84.57,85.02,-0.6480253189391844,0.0034562371746655884,0.05414335640215451,-0.001043122744867623,-0.2654069447729249,0.3530803370865395,0.10677608667890331
2025-06-25 07:00:00,85.47,84.3,84.5,-0.29514757298459876,0.003949447611871104,0.045713412699801115,-0.0009760833491345658,0.17688454619538851,0.34927317454426726,0.10715101198157141
2025-06-25 11:00:00,85.34,83.9,84.79,1.3524691014561616,0.004811090197841539,0.035529140484086064,-0.0009113521780672336,-0.12726770311597224,0.33734112531159083,0.10587291505742767
2025-06-25 15:00:00,84.85,83.96,84.53,-0.4039582474399958,-0.0022972954862008343,0.039733222360742504,-0.0008456761250562162,-0.15771453796319723,0.31987916735444744,0.10561863160465441
2025-06-25 19:00:00,85.18,84.2,84.31,-0.8628058777710661,-0.0014181567485310742,0.008776303793653684,-0.0007632579053879503,-0.06375492745192068,0.3372755050670066,0.10511369125093203
2025-06-25 23:00:00,85.55,84.07,85.23,-0.8653135201151962,0.0005710247938859325,2.8223573082852838e-05,-0.0006919249887216756,0.2669868443011092,0.35234926433433017,0.10281978135443162
2025-06-26 03:00:00,85.7,84.69,85.36,-0.5805963956162279,0.001973261033150875,0.0034562371746655884,-0.0006189704289270887,0.3136607970432441,0.3655915986244357,0.10105520796223427
2025-06-26 07:00:00,85.95,85.02,85.38,-0.2034038435161064,0.006372561662614906,0.003949447611871104,-0.0005544104645783022,-0.24524676741018203,0.40427460732389014,0.09966183580444221
2025-06-26 11:00:00,85.44,83.78,85.15,-0.3248590463966742,-0.00021722070326557485,0.004811090197841539,-0.0004999275739299552,0.0993348843070303,0.37786440298911816,0.09643094039151504
2025-06-26 15:00:00,85.4,84.01,84.39,0.1660872054385337,0.004459322227264195,-0.0022972954862008343,-0.0004540604383646024,0.2518762613345067,0.412679058630268,0.09296654885182595
2025-06-26 19:00:00,85.54,84.27,84.33,-0.4687435805768199,0.0030250713280448593,-0.0014181567485310742,-0.00040517567189337717,0.09943869223492441,0.4546860967830249,0.09058831279799569
2025-06-26 23:00:00,85.65,83.55,85.05,-0.25496110195298405,-0.0036344458424047987,0.0005710247938859325,-0.0003732721427545132,-0.20477207648455098,0.43629016436783463,0.08762899251762948
2025-06-27 03:00:00,85.57,84.68,85.1,-0.7713029964052601,0.00018338459608346902,0.001973261033150875,-0.0003785477452300526,0.164621218390397,0.4702935344539644,0.08665262597329902
2025-06-27 07:00:00,85.29,84.2,84.51,-0.7903058388934708,-0.009913010080098816,0.006372561662614906,-0.0003876414832158042,0.2672240956759977,0.4324904739104365,0.0867089172412506
2025-06-27 11:00:00,84.7,83.31,83.49,-0.09606996615600616,-0.008897156738389755,-0.00021722070326557485,-0.00039550986864711723,-0.010770040848199214,0.38573638056251963,0.08747225270905715
2025-06-27 15:00:00,84.98,83.17,83.47,-0.2673290622321683,-0.009317735901147595,0.004459322227264195,-0.00040616811643827714,0.0349222981429802,0.3871569463116555,0.08747337009409305
2025-06-27 19:00:00,85.28,83.39,84.97,-0.892062416808815,-0.004148976047107622,0.0030250713280448593,-0.0004068726913418081,-0.0032247202188229185,0.4310167489759108,0.08629714587126971
2025-06-27 23:00:00,85.27,84.53,85.08,-1.1447898828890188,0.0032848113181460636,-0.0036344458424047987,-0.0003949533213317609,0.1195964083894212,0.4549691419809911,0.08626091830805137
2025-06-28 03:00:00,85.62,85.0,85.54,-0.9492192878232849,0.0011418963824731954,0.00018338459608346902,-0.0003700838363134049,0.1571738569065333,0.4768257211182687,0.08619318445740283
2025-06-28 07:00:00,85.85,85.05,85.68,-0.3187308917339961,0.010097361238470492,-0.009913010080098816,-0.0003412798588930542,0.21816960427269239,0.4898704383639153,0.08687614374277589
2025-06-28 11:00:00,85.84,85.23,85.73,-0.8673406562519634,0.019362511802625937,-0.008897156738389755,-0.00030997574290329404,0.14761835934700818,0.49486185475718103,0.08749003662445241
2025-06-28 15:00:00,87.37,85.7,86.88,-0.040639574987886624,0.0327373789862766,-0.009317735901147595,-0.00027626152766948767,-0.03642854408462126,0.5717085430987306,0.08831884077168527
2025-06-28 19:00:00,86.9,85.81,86.23,-0.4814827144589024,0.019217184054926673,-0.004148976047107622,-0.0002481349513475208,-0.20049330457361547,0.5401933294850896,0.08978759897118983
2025-06-28 23:00:00,86.54,85.85,86.27,-0.969990280749333,0.014594825769836506,0.0032848113181460636,-0.0002245013202915563,-0.003196571350736588,0.5382347821796324,0.09070705338245384
2025-06-29 03:00:00,86.81,86.18,86.76,-1.049713305969044,0.014274179856357705,0.0011418963824731954,-0.00019555778479794054,-0.12204737001859545,0.5585740136852977,0.09161971843822078
2025-06-29 07:00:00,86.93,86.45,86.83,-0.8413534475296273,0.015083974873811412,0.010097361238470492,-0.00015912590721033895,-0.20165211927481486,0.5764531968439328,0.09254350743543897
2025-06-29 11:00:00,86.98,86.21,86.54,-0.5276053973047661,0.01295859834679658,0.019362511802625937,-0.0001268407152070771,0.10584820006709528,0.5693095290831249,0.0941582351144457
2025-06-29 15:00:00,87.0,86.33,86.78,-0.9090930613342996,-0.00036415871557948787,0.0327373789862766,-8.983763679406873e-05,0.12076257540791491,0.5695884520817618,0.09519548337518477
2025-06-29 19:00:00,88.42,86.33,88.19,-0.39520513538303936,0.014264015165263766,0.019217184054926673,-5.113897181554298e-05,0.30695202285100254,0.6227872853470025,0.09672533958669334
2025-06-29 23:00:00,88.49,87.48,87.53,-0.3496431580670989,0.021208666254684205,0.014594825769836506,-9.147676310299605e-06,-0.029467236386717444,0.6609993139798596,0.09957933983984636
2025-06-30 03:00:00,87.72,85.86,86.21,-0.3312699151010177,0.005361949350672024,0.014274179856357705,4.401188493621879e-05,-0.19905445407321154,0.5897202520607526,0.10189157604647282
2025-06-30 07:00:00,86.6,85.39,85.61,-0.5585399770958658,-0.008484532056468708,0.015083974873811412,9.425159461913484e-05,-0.09956669881024105,0.5270169508887852,0.10253656098305196
2025-06-30 11:00:00,86.05,84.76,84.93,-0.009309529676047285,-0.013925271801136563,0.01295859834679658,0.0001398391705561511,-0.16245590709548308,0.48827157236255053,0.10348197856251577
2025-06-30 15:00:00,86.33,84.75,86.05,-0.028521060914321956,-0.009589431608651,-0.00036415871557948787,0.00018184839815323984,-0.13947342016503572,0.5137801920434105,0.10254887291201698
2025-06-30 19:00:00,87.15,86.02,86.42,-0.15542768007357016,-0.007723457849354576,0.014264015165263766,0.00023136263208699617,-0.13060395375426004,0.5774276793391586,0.10254869616814989
2025-06-30 23:00:00,86.84,85.71,86.14,-0.5254361696227255,-0.019885898815025116,0.021208666254684205,0.0002940357849918836,0.06433513337863128,0.5434502241354487,0.10342500626846894
2025-07-01 03:00:00,86.71,85.58,86.04,-0.6700983627585976,-0.009447550557062478,0.005361949350672024,0.0003376601922035583,0.24168167923181305,0.5345475105219654,0.10409060646412162
2025-07-01 07:00:00,86.69,85.32,85.65,-0.3743823658805547,0.0008157206791807869,-0.008484532056468708,0.0003783265428299453,0.029502125154227787,0.5317295289301418,0.10468086396826075
2025-07-01 11:00:00,85.89,84.31,84.52,0.00017843463414064895,-0.002690255133645292,-0.013925271801136563,0.0004154007219820407,0.057358655061455766,0.47283367679018673,0.10556178291833684
2025-07-01 15:00:00,84.63,83.68,83.79,0.15809877267969794,-0.017869663370040034,-0.009589431608651,0.00043758455405946435,-0.04430436851544184,0.41078018518387394,0.10524974836006722
2025-07-01 19:00:00,84.27,82.39,82.8,0.4410358597091364,-0.04103134997645863,-0.007723457849354576,0.00043585461654397706,-0.03131748123862976,0.3383131183763761,0.10370648988246761
2025-07-01 23:00:00,83.95,82.61,83.56,-0.19004432067793514,-0.03411837500053416,-0.019885898815025116,0.00042456572471607715,-0.1376692753475074,0.34578101648937104,0.099742066045019
2025-07-02 03:00:00,84.34,83.49,84.29,-0.4180750594706946,-0.02406650521756104,-0.009447550557062478,0.00041541336251316353,0.08656198182735064,0.39532936459704554,0.09750547786931979
2025-07-02 07:00:00,84.34,83.89,84.27,-0.18933353408413495,-0.02253302644574484,0.0008157206791807869,0.0004223305629357189,0.021297524629228404,0.4014456356563059,0.0950108457680447
2025-07-02 11:00:00,85.76,83.94,85.57,0.46456744185281523,-0.005038951832430527,-0.002690255133645292,0.0004193693668454216,-0.060159337058873,0.44399569258521415,0.08654217196306037
2025-07-02 15:00:00,87.98,85.54,87.51,2.494869124102501,0.03410965077865957,-0.017869663370040034,0.0004133552973550691,0.07285172041331678,0.6038735192274601,0.07700000143366398
2025-07-02 19:00:00,88.66,87.24,87.84,0.8697815695505294,0.05628289188357338,-0.04103134997645863,0.00043974394509643355,0.2159759879730676,0.6528496047885481,0.07349373119716894
2025-07-02 23:00:00,87.89,86.89,87.78,-0.11399000439722302,0.048890785996501984,-0.03411837500053416,0.00048041725821715726,0.2148192982557462,0.6193718903032406,0.06896417626157052
2025-07-03 03:00:00,90.42,87.39,90.13,2.069787714284598,0.057206803031629505,-0.02406650521756104,0.0005071374677846072,0.02384460154944401,0.7182908381602136,0.06822822307205326
2025-07-03 07:00:00,92.29,89.91,91.44,4.240828182646529,0.08633774521045745,-0.02253302644574484,0.000540815967312989,0.15964728405283912,0.8893941461734025,0.07130351274910186
2025-07-03 11:00:00,91.89,90.08,90.56,2.8333293113001314,0.07322001089818309,-0.005038951832430527,0.000616563904381755,0.06504946648769505,0.8609232109598006,0.07445892284097749
2025-07-03 15:00:00,90.7,88.69,89.76,1.3100429343348463,0.027386252533827538,0.03410965077865957,0.0006934725317496675,-0.1109388536816226,0.7641940743773428,0.07699635094662322
2025-07-03 19:00:00,89.99,89.05,89.06,-0.3104740544688199,0.0192034643482768,0.05628289188357338,0.0007430634971005332,0.0464626942562385,0.7662082002992543,0.07992967965878384
2025-07-03 23:00:00,89.33,88.06,88.33,0.1226202848059019,0.013659128446586344,0.048890785996501984,0.000802769394905826,-0.059462927687262135,0.6995448371004956,0.08164074241080481
2025-07-04 03:00:00,89.2,87.48,87.57,0.1766273531644091,-0.005173278746111509,0.057206803031629505,0.0008439671676446386,-0.1785079127408894,0.6874142810363324,0.0828487764035796
2025-07-04 07:00:00,88.1,87.02,88.07,0.11694164752381865,-0.04220771874229012,0.08633774521045745,0.0008864768729634351,-0.17241186260414632,0.6302567780800624,0.08285830785708669
2025-07-04 11:00:00,88.64,86.79,87.17,0.7104178394277072,-0.036277516034277535,0.07322001089818309,0.0009176492874003345,-0.2120813217463885,0.6392276097843,0.0835212010648581
2025-07-04 15:00:00,87.35,85.65,86.49,0.6784789813962114,-0.03295412446548296,0.027386252533827538,0.000962329512029005,-0.053739661825805474,0.5659956821061859,0.0837646430101169
2025-07-04 19:00:00,87.1,86.02,87.05,-0.532988248577491,-0.03409499698439422,0.0192034643482768,0.0009598469146488093,-0.1876861095163882,0.5610795036804477,0.08314202946975947
2025-07-04 23:00:00,87.1,85.97,86.56,-0.79258928298378,-0.02212148365846045,0.013659128446586344,0.0009555059754892918,-0.08661203077409885,0.5679281228986798,0.08335054010296918
2025-07-05 03:00:00,87.05,86.3,86.9,-0.9994191045728815,-0.019630840926958104,-0.005173278746111509,0.0009510932531870374,0.0006420191174361101,0.5708543357811846,0.0829141700175323
2025-07-05 07:00:00,86.93,85.82,86.32,-0.5351886547413393,-0.015107046395480439,-0.04220771874229012,0.0009598479599538454,0.026621996654196733,0.5414207649822859,0.08290088370572093
2025-07-05 11:00:00,86.94,86.21,86.88,-0.9725673668294009,-0.012561385715004092,-0.036277516034277535,0.0009513664206296136,0.33392492886840075,0.5652485042434987,0.08207070482340492
2025-07-05 15:00:00,86.9,85.98,86.33,-0.9840119890379032,-0.001991707118339181,-0.03295412446548296,0.0009475147767279869,0.03413617139641678,0.5544115659894517,0.08198761247683094
2025-07-05 19:00:00,87.66,86.23,87.51,-0.7187125320467662,0.007086588617324585,-0.03409499698439422,0.0009271232185222458,0.05808084756081633,0.6022615006248682,0.08042826854462597
2025-07-05 23:00:00,87.82,86.91,86.92,-1.0709491805576563,0.008548219949706892,-0.02212148365846045,0.0008974295072970843,0.16992983017158392,0.6176625805631838,0.08082517301220948
2025-07-06 03:00:00,87.2,86.76,87.02,-1.0809274156634119,0.0033254702998604113,-0.019630840926958104,0.0008718473856626726,0.178058882173729,0.5902120085874264,0.08065002300099879
2025-07-06 07:00:00,87.33,86.47,87.15,-0.6879815792346555,0.006102094937585845,-0.015107046395480439,0.0008484950866223308,0.03735609653076977,0.5767616553659004,0.08047849543065717
2025-07-06 11:00:00,88.4,87.02,88.04,0.062172982762834283,0.01222208901912647,-0.012561385715004092,0.0008106458065853676,-0.06489162125151049,0.636325174435437,0.07995115984010867
2025-07-06 15:00:00,88.11,87.12,87.44,-0.6671612641232131,0.01532259351425358,-0.001991707118339181,0.0007676223233024084,-0.09218392706855083,0.6433529446782636,0.07982016009328732
2025-07-06 19:00:00,88.52,87.28,87.66,-0.4483621632745467,0.009010941036109443,0.007086588617324585,0.0007170258887709071,-0.019060041058873267,0.6549974950876218,0.07891301265802546
2025-07-06 23:00:00,88.21,87.07,87.72,-0.6860018313543459,0.0016652689718090752,0.008548219949706892,0.0006686046230654013,-0.13073426065374338,0.6274341147450809,0.07869569082452366
2025-07-07 03:00:00,88.28,87.42,87.55,-0.2966460309026885,0.009736697739593625,0.0033254702998604113,0.0006300553893981975,-0.2692764079371349,0.6470781285679325,0.07858485916245511
2025-07-07 07:00:00,88.06,87.13,87.14,-0.4868987474472903,0.01062756906589657,0.006102094937585845,0.0005955915672402071,-0.006106046837374146,0.638687867494009,0.07801907243162141
2025-07-07 11:00:00,87.33,86.17,86.42,0.2793529800727079,-0.00954379780785286,0.01222208901912647,0.0005682386136521839,-0.11778601366239483,0.5801455707120389,0.07633806987151462
2025-07-07 15:00:00,86.8,85.16,85.66,0.56119563790297,-0.0218538223087269,0.01532259351425358,0.000535907310266163,0.1353459876920251,0.5145567491677774,0.07474253204341028
2025-07-07 19:00:00,86.38,85.32,85.93,-0.3918390351127138,-0.02300526736138664,0.009010941036109443,0.00048511624160437166,-0.11155646158017796,0.5191473356120133,0.07390331731147282
2025-07-07 23:00:00,86.2,85.52,85.76,-0.48438675468773756,-0.01818606030555525,0.0016652689718090752,0.0004618437167508638,-0.051320945082759084,0.520543491831935,0.07360298491734724
2025-07-08 03:00:00,86.61,85.74,86.61,-0.857866426303643,-0.01906603560563347,0.009736697739593625,0.00044596157826783513,0.2820112373986732,0.5346408179997502,0.07252135149958318
2025-07-08 07:00:00,86.72,86.07,86.6,-0.1577053762562566,-0.014636702819038838,0.01062756906589657,0.00042941792204741246,-0.2150676399728314,0.5524942761466847,0.0722416416051896
2025-07-08 11:00:00,87.1,86.12,86.26,-0.3591854446120862,-0.0015389872057121057,-0.00954379780785286,0.0004140191058808821,0.08305670961262601,0.5711727761009638,0.07231730109333952
2025-07-08 15:00:00,87.55,86.18,87.53,-0.22860940789128562,0.013212441829415722,-0.0218538223087269,0.00039793684814279655,-0.0021839943079915436,0.5907229822679502,0.07140227805808633
2025-07-08 19:00:00,87.79,87.0,87.76,-0.7061433653182719,0.01742876904536561,-0.02300526736138664,0.0003861768763066762,0.060770258353135764,0.6196995883701644,0.07135728634756264
2025-07-08 23:00:00,88.0,87.12,87.68,-0.4177305139747087,0.018674442840953098,-0.01818606030555525,0.00038198795337272677,0.07486319884135617,0.6283085154144545,0.07152231325144405
2025-07-09 03:00:00,88.3,87.4,88.05,-0.5234514300295132,0.019940482980453034,-0.01906603560563347,0.00037880110237063617,0.13820734793389766,0.6499929151296602,0.07157005671823664
2025-07-09 07:00:00,88.32,87.58,88.03,0.24871256563325644,0.017172662881718814,-0.014636702819038838,0.00037998257296435186,0.1744991428984104,0.6521416246894567,0.07191134953986598
2025-07-09 11:00:00,89.09,87.93,88.46,1.5295950735395982,0.021571001864253425,-0.0015389872057121057,0.00037737728564035753,0.10334542622756593,0.6967451617930694,0.0721169047453718
2025-07-09 15:00:00,89.18,88.23,88.47,1.1090802690639812,0.019637552397531177,0.013212441829415722,0.0003804518660349558,0.13840503034170282,0.7860844355619832,0.07267032163933924
2025-07-09 19:00:00,91.28,88.46,91.24,3.481876208159122,0.0337717527483401,0.01742876904536561,0.0003740798209478064,0.13724496083211513,0.9196548828809592,0.07423345858855937
2025-07-09 23:00:00,91.45,90.11,91.24,-0.2400622546530235,0.038218024171077,0.018674442840953098,0.00039032001826600784,0.0555338527052609,0.9590491333174539,0.07797863853034429
2025-07-10 03:00:00,91.26,90.28,90.88,-0.45492965324523005,0.03225109204061183,0.019940482980453034,0.0004158915919641353,-0.2754418964532055,0.9447778570814888,0.08107516214009339
2025-07-10 07:00:00,91.4,90.63,91.01,-0.19088368000049244,0.03541008733523121,0.017172662881718814,0.0004378078413671323,0.18088005586268174,0.9682358597131446,0.0833898563773206
2025-07-10 11:00:00,91.23,90.27,90.97,0.4365385096828257,0.025578522335121923,0.021571001864253425,0.00046655757277532455,0.029698264849319367,0.9544235164760189,0.08501131973404752
2025-07-10 15:00:00,93.13,90.56,92.58,2.1432424976898043,0.03703101852280977,0.019637552397531177,0.00047796948615663683,0.0450967493649288,0.9999999992746376,0.08818816555999609
2025-07-10 19:00:00,95.3,92.3,94.92,2.6288472812005006,0.040163406662390155,0.0337717527483401,0.0004940277950939052,-0.06578332751254512,0.9999999993673434,0.09496086692433447
2025-07-10 23:00:00,95.88,93.57,95.62,2.1496106652035203,0.04324303557188225,0.038218024171077,0.0005341704759445566,-0.06885895587952262,0.9999999993986336,0.10343755206429328
2025-07-11 03:00:00,96.58,94.66,94.84,1.8565518360598106,0.05616537139772282,0.03225109204061183,0.0005755557127864683,0.1753445261590738,0.9999999994319284,0.11078251932839055
2025-07-11 07:00:00,96.04,94.52,95.84,1.2139172304241097,0.04681848104823305,0.03541008733523121,0.000636808978427123,-0.1607807249941967,0.9703247222724241,0.11700453720997901
2025-07-11 11:00:00,97.45,95.1,96.87,1.6936368934039583,0.06074909078939639,0.025578522335121923,0.0006753461383627439,-0.09553647118594577,0.9999999994491736,0.12334645535793833
2025-07-11 15:00:00,98.32,95.5,97.67,4.052801564991993,0.05434813461278476,0.03703101852280977,0.000717205030578932,-0.15480134109495547,0.9999999994676235,0.12971729516231914
2025-07-11 19:00:00,97.69,92.67,93.73,1.9120280079290128,0.010964244181633553,0.040163406662390155,0.000782203819482502,-0.16521547933862923,0.8963468500335313,0.13438337621142474
2025-07-11 23:00:00,95.45,93.1,94.8,-0.058587675120231435,-0.0038709566757041403,0.04324303557188225,0.000823405280238289,0.02123808344252409,0.8657423910696075,0.13392431979656289
2025-07-12 03:00:00,95.19,92.46,93.15,0.886869994366104,-0.02375026273121339,0.05616537139772282,0.0008642842988423657,0.024704522134053164,0.8160713517409287,0.13586619463510288
2025-07-12 07:00:00,93.84,92.55,93.79,0.011977678003629593,-0.020093388721991734,0.04681848104823305,0.0008910417697914369,0.06600897369499847,0.8074644730260512,0.13482012596434734
2025-07-12 11:00:00,94.06,91.38,91.77,0.7987905742135017,-0.03974152120900454,0.06074909078939639,0.0009231662479723765,-0.060935088155007255,0.7627129266116076,0.13699481125668828
2025-07-12 15:00:00,92.81,90.75,92.69,0.13551131219633206,-0.054101615675389625,0.05434813461278476,0.0009465884585623833,0.12367269575526874,0.720758200830494,0.13658347188582143
2025-07-12 19:00:00,92.91,91.87,92.68,-0.741954522060269,-0.025853770980448387,0.010964244181633553,0.0009552853679931752,0.2962571422555593,0.7655841995817764,0.13756355340061416
2025-07-12 23:00:00,93.65,92.45,93.45,-0.8167383796771561,-0.015294089437610348,-0.0038709566757041403,0.0009701941820020389,0.06174521823352519,0.7888563396308712,0.1378850683870886
2025-07-13 03:00:00,95.31,92.99,94.19,0.0876784959271646,0.006286311509406062,-0.02375026273121339,0.000980308647839519,-0.010032381057516804,0.8473614869858066,0.13913807473415463
2025-07-13 07:00:00,94.8,93.96,94.11,-0.627753879638643,0.011461981314106806,-0.020093388721991734,0.0010094390425106328,0.030424288351080353,0.8644178690659089,0.1410971368991772
2025-07-13 11:00:00,96.36,94.1,95.71,0.3901987413533411,0.029640260156684528,-0.03974152120900454,0.0010364198949095636,0.11482595468287049,0.9086658568576707,0.14248037470875666
2025-07-13 15:00:00,96.7,95.25,96.44,0.01730350899806115,0.04746653858607308,-0.054101615675389625,0.0010677246843196259,-0.09106527498939232,0.9524988600889507,0.14590000833743297
2025-07-13 19:00:00,96.88,93.87,94.28,0.034077056841133886,0.029364813757869257,-0.025853770980448387,0.0011226129037577484,-0.18261997396649354,0.9102651062963114,0.1511389363223647
2025-07-13 23:00:00,96.14,94.09,95.63,-0.08482203018157053,0.021786785761809035,-0.015294089437610348,0.0011698941086265276,-0.024212529877368327,0.896707206420808,0.15187454628153912
2025-07-14 03:00:00,97.87,95.5,96.35,1.5041095518154495,0.029973143765440025,0.006286311509406062,0.0011916553051895763,-0.028353993218470985,0.997490767762518,0.15383852888352761
2025-07-14 07:00:00,97.99,95.99,97.93,1.3621299008831815,0.026338172379687164,0.011461981314106806,0.0012419688760929076,0.020338153981902307,0.996789563559978,0.15629503183292506
2025-07-14 11:00:00,97.96,95.77,96.56,1.1356231330636615,0.01670848827446214,0.029640260156684528,0.0012824813643720365,0.009581238195614183,0.9933795238258727,0.16095626158182727
2025-07-14 15:00:00,96.58,94.69,94.82,1.076648021634991,-0.0035119233768354796,0.04746653858607308,0.0013293891351676638,-0.11623370184733695,0.9345391275154958,0.16401959083638853
2025-07-14 19:00:00,95.77,94.14,95.58,-0.47155422036980976,-0.002331430864916051,0.029364813757869257,0.0013624420785283867,0.034815512437690765,0.8984407956307914,0.16363263166023367
2025-07-14 23:00:00,96.09,92.49,92.69,1.0203283493465298,-0.012446796103994684,0.021786785761809035,0.0014044418058812799,-0.13883359442729826,0.8337495817521363,0.1673284627736983
2025-07-15 03:00:00,93.14,91.2,92.78,1.1505551038874724,-0.04907919559713414,0.029973143765440025,0.0014372255146150204,0.07345488529455668,0.744294998816533,0.1659358512618652
2025-07-15 07:00:00,93.42,91.94,92.94,-0.30409976946249034,-0.041848834694612425,0.026338172379687164,0.0014156052678738966,0.01296594591333089,0.7809240111039021,0.1638584496024511
2025-07-15 11:00:00,93.97,91.65,92.01,1.005216503648279,-0.04044104146096572,0.01670848827446214,0.001408025569117167,-0.22025657042921631,0.7849135860375973,0.16381488378123066
2025-07-15 15:00:00,96.34,91.88,95.33,2.0306534425697746,-0.014722117066401808,-0.0035119233768354796,0.0013719793598830393,0.2785597881594093,0.8595156472019152,0.15736746773371554
2025-07-15 19:00:00,96.61,94.63,96.03,0.27605852468693803,0.007104378222607677,-0.002331430864916051,0.0013392839344150117,-0.08794106590942541,0.9343880441885475,0.15679347197803453
2025-07-15 23:00:00,97.26,95.19,95.52,0.8063845262976163,0.025378129816342243,-0.012446796103994684,0.00132050069444098,0.03247538318889087,0.9605179428864253,0.15708699834431195
2025-07-16 03:00:00,96.31,95.1,96.23,-0.8792082410242257,0.039191411191550785,-0.04907919559713414,0.00131736021367809,-0.04008622587739763,0.9365573543214145,0.15579286293599448
2025-07-16 07:00:00,97.7,96.0,96.89,0.9796087281185094,0.041403773306715186,-0.041848834694612425,0.0012955152160875319,0.1523539182570881,0.9855561900097158,0.15502048187300096
2025-07-16 11:00:00,98.03,96.37,97.69,1.4460101875899185,0.04650656837561162,-0.04044104146096572,0.001285229988671932,0.29489900042673667,0.9999999994754659,0.15524618665031784
2025-07-16 15:00:00,99.81,95.82,98.79,3.063790751212514,0.04016235974307847,-0.014722117066401808,0.0012786535055575934,-0.09236643223505414,0.9999999994983112,0.1553908510833955
2025-07-16 19:00:00,99.96,97.56,97.87,1.2532867233779181,0.03246275806195631,0.007104378222607677,0.0012995822028230818,0.12207432728374279,0.9999999995159389,0.15756453053701594
2025-07-16 23:00:00,98.84,95.56,96.74,1.726804993096877,0.01133694186101697,0.025378129816342243,0.0013611978572478263,0.00732076782068769,0.9261444761378826,0.15890000631994222
2025-07-17 03:00:00,98.69,95.32,98.38,0.8481006238292772,0.015189537459976199,0.039191411191550785,0.0013837994586349467,0.0773374349814735,0.9219694570123467,0.1567592862063162
2025-07-17 07:00:00,101.39,97.46,100.09,2.967241963712196,0.029902844278149265,0.041403773306715186,0.0013819178647361025,-0.0977791826708454,0.9999999995327842,0.15569689672843956
2025-07-17 11:00:00,101.45,98.2,100.76,2.4679867969617253,0.02858378848285681,0.04650656837561162,0.0014466023543845293,-0.11332861029535501,0.999999999542204,0.15580036082004733
2025-07-17 15:00:00,101.96,99.91,101.58,2.648815382667071,0.03087947986948225,0.04016235974307847,0.0014990131079255394,0.04455466510370942,0.9999999995644968,0.1551892784659487
2025-07-17 19:00:00,103.59,99.82,102.21,2.7284449793965155,0.030696762003039613,0.03246275806195631,0.00155144477368518,0.028677150018460384,0.9999999995779197,0.15538200640729477
2025-07-17 23:00:00,104.85,101.06,104.47,2.9070010087530984,0.06315776365659742,0.01133694186101697,0.001593783726512856,0.12641965437392266,0.9999999996043998,0.15557069490232175
2025-07-18 03:00:00,110.2,103.89,108.8,5.0,0.10689967543342771,0.015189537459976199,0.0015978615512091366,-0.02713803412408322,0.9999999996603106,0.16060814749975583
2025-07-18 07:00:00,112.39,107.46,109.88,5.0,0.09908287213113942,0.029902844278149265,0.0016635164850924628,-0.07308403288439613,0.9999999996801956,0.17039356983083198
2025-07-18 11:00:00,110.45,104.12,105.04,5.0,0.07210770789027787,0.02858378848285681,0.001796039811697568,-0.0625575145408307,0.9292026336720616,0.17989249877832086
2025-07-18 15:00:00,105.79,102.85,102.94,2.387020288459109,0.03131386106850309,0.03087947986948225,0.0019263872400383155,-0.0867008412362098,0.8356069077621695,0.18343178489909992
2025-07-18 19:00:00,103.35,100.09,100.85,1.7657778027218427,-0.001370840254445338,0.030696762003039613,0.002019856309552331,-0.08285419797923399,0.7532206564540739,0.18492942342632618
2025-07-18 23:00:00,102.29,100.04,101.77,0.8831332479425124,-0.023468563542968,0.06315776365659742,0.002053286980588784,-0.12819974081652852,0.7307637555125926,0.1811625744595547
2025-07-19 03:00:00,104.34,101.6,102.48,1.3950192783849444,-0.045350428152404976,0.10689967543342771,0.002030321705508944,-0.075343860418431,0.7853977100589528,0.17838406905960796
2025-07-19 07:00:00,103.23,101.36,101.58,0.34432274559441506,-0.06523360221084873,0.09908287213113942,0.002061605085815716,-0.09643101232282691,0.7716942666199981,0.17712113404327354
2025-07-19 11:00:00,102.02,99.66,99.87,0.5758464151509916,-0.0600597003256923,0.07210770789027787,0.0021051674728914858,0.06886553315005095,0.7232566839745761,0.1761951824583299
2025-07-19 15:00:00,104.17,99.73,103.74,0.9858635339705184,-0.018402570974973886,0.03131386106850309,0.002072150010209921,0.10847699624968254,0.774226514769449,0.16835645700140586
2025-07-19 19:00:00,114.18,103.55,113.52,5.0,0.09227633302526539,-0.001370840254445338,0.0019173347059398085,0.13243220806848788,0.9999999996964072,0.16952848222329625
2025-07-19 23:00:00,113.78,110.57,111.8,1.4980954480469881,0.11266996609655089,-0.023468563542968,0.001971020966746738,0.004218303315616234,0.9999999997078753,0.18267012605158411
2025-07-20 03:00:00,118.88,111.5,116.37,3.9003714890098413,0.12149510170396294,-0.045350428152404976,0.0020038204769373953,0.12357384801392057,0.999999999730017,0.19191919672812263
2025-07-20 07:00:00,120.17,115.75,118.04,3.9771383325587046,0.15468924499978853,-0.06523360221084873,0.0020459066938614823,0.21357546875618394,0.9999999997497152,0.2061634179751537
2025-07-20 11:00:00,118.56,115.68,117.99,1.8757315542614716,0.16088036766281166,-0.0600597003256923,0.0021725721701257887,-0.03779650562203063,0.9718445963723148,0.2207403164623608
2025-07-20 15:00:00,121.47,116.54,118.04,2.2321324640641644,0.155673581562918,-0.018402570974973886,0.0022472806265394925,-0.08899709580760129,0.9999999997509135,0.2343052163316694
2025-07-20 19:00:00,118.08,114.0,116.98,0.7770028030103513,0.047350848539168044,0.09227633302526539,0.0023906052060097163,-0.21342349685035833,0.9487271878735566,0.2481810053751136
2025-07-20 23:00:00,118.26,115.42,117.25,0.773579430993313,0.0401468454164744,0.11266996609655089,0.0024666910640811297,0.08063767945994682,0.9630701631205794,0.2587902469713962
2025-07-21 03:00:00,121.27,116.79,120.7,1.0950333445504912,0.03153181964568397,0.12149510170396294,0.0025085199963128407,-0.002588628229999057,0.9999999997365531,0.26550053076978386
2025-07-21 07:00:00,122.0,117.64,118.37,0.9875063290696843,0.015085845073455895,0.15468924499978853,0.002578007339478312,-0.16445339972252027,0.9999999997409019,0.2810104203799266
2025-07-21 11:00:00,119.36,116.26,118.28,1.1584149329063052,0.007936835985645985,0.16088036766281166,0.0027158951780757263,0.09858210693992264,0.9487422201739567,0.29081496360621056
2025-07-21 15:00:00,119.32,115.2,115.32,1.2227294219876663,-0.009839370196591979,0.155673581562918,0.002802977134521053,-0.04982559923466012,0.9249609577097769,0.3044944587553736
2025-07-21 19:00:00,116.56,114.56,116.0,0.6098570305971269,-0.00738275038896552,0.047350848539168044,0.0028945293584526433,0.31456369049151256,0.8802234093813783,0.3074781471969875
2025-07-21 23:00:00,117.12,112.73,115.62,1.0239790744231192,-0.016216336194593395,0.0401468454164744,0.0029418479677025123,0.11833119876709586,0.8668130228541027,0.31287636562739707
2025-07-22 03:00:00,116.67,114.05,115.38,1.678809885437906,-0.02862806771166082,0.03153181964568397,0.002957293562481519,-0.25107380676878965,0.8782940641346653,0.316293530441971
2025-07-22 07:00:00,116.48,112.59,114.55,1.1495005924040091,-0.048352168129143,0.015085845073455895,0.003017801604169234,0.056471674383800075,0.8420251446404105,0.32055955656957164
2025-07-22 11:00:00,116.2,112.8,115.7,0.3575105082897739,-0.02752508101372808,0.007936835985645985,0.003015659963007674,0.08117924203181337,0.857648781794252,0.31838458601887953
2025-07-22 15:00:00,119.86,115.21,118.53,0.9798772864432939,0.00426770545084354,-0.009839370196591979,0.0029535039802844765,0.1260838841423142,0.9385840413965442,0.31417214319679393
2025-07-22 19:00:00,119.34,116.04,118.05,0.12557129685604657,0.018617206545016085,-0.00738275038896552,0.002985789352783803,-0.08426456664651849,0.9388191218178825,0.31771325967790864
2025-07-22 23:00:00,122.29,117.45,120.73,1.241455329535972,0.04387353323477772,-0.016216336194593395,0.002955844237451962,0.00424299641720105,0.9999999997286866,0.31510186071995694
2025-07-23 03:00:00,121.52,117.43,117.99,0.3613642029802636,0.0337058705115465,-0.02862806771166082,0.00301675018055926,0.0815464008330733,0.9800885742475764,0.3243005498581068
2025-07-23 07:00:00,119.1,116.22,117.64,0.5403127651273018,0.029825766332146397,-0.048352168129143,0.0030983366648627496,-0.05318034785784187,0.9307459366275453,0.32626007256230705
2025-07-23 11:00:00,117.77,110.91,114.21,2.319659573547088,-0.007629638571267416,-0.02752508101372808,0.003216446644089792,-0.1838796088935818,0.8302275666517446,0.33541404410868597
2025-07-23 15:00:00,114.91,110.85,113.64,0.5655375326011735,-0.038965477691678685,0.00426770545084354,0.0032270390091640364,-0.0803298245999724,0.8101767202310007,0.33625964230927086
2025-07-23 19:00:00,113.7,108.89,112.01,0.7726108094294287,-0.056233086946032684,0.018617206545016085,0.0032660217973282607,-0.020623487165440157,0.7552795546847267,0.33780461132750866
2025-07-23 23:00:00,114.35,111.42,113.72,-0.38492388651664655,-0.05681046120935085,0.04387353323477772,0.0031765156225093544,-0.05372822769990604,0.8149434456298303,0.3307415353437253
2025-07-24 03:00:00,114.25,106.69,107.91,0.7300184689867203,-0.07700121484598998,0.0337058705115465,0.0032561988141568163,-0.02331412674698785,0.7307950963257905,0.3450349628185696
2025-07-24 07:00:00,114.32,106.58,113.12,0.8577769852657938,-0.050679445856976035,0.029825766332146397,0.0031763860014059338,0.26623810457606023,0.769170542344954,0.327816060560326
2025-07-24 11:00:00,114.91,110.93,114.83,0.20701673322009273,-0.007576828718101614,-0.007629638571267416,0.003108694466598587,0.18036729150523012,0.8068328536513616,0.32122710430461177
2025-07-24 15:00:00,115.43,111.13,113.42,0.2733931432498124,0.0027835252222967455,-0.038965477691678685,0.0030733728666293213,0.053439672650867465,0.8187155031267527,0.32116143721846413
2025-07-24 19:00:00,115.0,112.32,113.09,-0.4636681913334236,0.022776360146042007,-0.056233086946032684,0.003052922232063111,0.12150963002922333,0.8238982943169477,0.3181184128354678
2025-07-24 23:00:00,113.08,109.04,109.5,0.1458807413736495,-0.02122754992024034,-0.05681046120935085,0.00312578585319911,-0.13360516496190988,0.7497243155022963,0.3203955846036616
2025-07-25 03:00:00,112.46,108.18,111.56,0.1266511934781083,-0.001481317231035173,-0.07700121484598998,0.0031297323399683053,0.16466842448905505,0.7263685751766219,0.30633332446098394
2025-07-25 07:00:00,115.58,110.16,114.86,0.7222118324530762,0.016424023514934216,-0.050679445856976035,0.0030138640513626886,-0.06119345086877048,0.8188796319181371,0.290190198075629
2025-07-25 11:00:00,116.38,111.35,111.42,1.0644353866415008,0.014243308859830384,-0.007576828718101614,0.002980269894172773,-0.1919099030970216,0.85047820959271,0.28859140625307217
2025-07-25 15:00:00,112.17,109.33,111.28,0.04774290606013549,-0.021964012809756905,0.0027835252222967455,0.003089458071536677,-0.025498432797947945,0.7511508285761997,0.28158031053890814
2025-07-25 19:00:00,113.9,110.93,113.66,-0.5460557300636337,-0.008322990297350175,0.022776360146042007,0.0030266796923461886,0.04714366333173725,0.7982523623868757,0.26921521216735206
2025-07-25 23:00:00,113.86,112.01,113.15,-0.5035236616992159,0.019318645393685774,-0.02122754992024034,0.0029977086288651747,0.040894291520976456,0.807818617567642,0.2626300581812936
2025-07-26 03:00:00,113.88,112.47,113.13,-0.7519956312470947,0.028936423714186033,-0.001481317231035173,0.0029685324009458983,-0.03413269361191151,0.8127092659942099,0.25505599054752265
2025-07-26 07:00:00,114.42,112.98,113.82,-0.6294481114163927,0.0037094759473048633,0.016424023514934216,0.002918342570608307,0.12936302541227995,0.8302911581129752,0.24625437922614837
2025-07-26 11:00:00,114.71,113.3,113.53,-0.5855473769025333,-0.004585172183549258,0.014243308859830384,0.0028795833560568717,0.31767869176180397,0.8362278787225403,0.23985301317593274
2025-07-26 15:00:00,115.47,113.05,115.11,-0.44718633191583457,0.02958288146619381,-0.021964012809756905,0.002834460425462983,0.08613023560508615,0.8401535547379059,0.23075442735419724
2025-07-26 19:00:00,115.3,114.0,114.55,-0.7721738593010975,0.01805452980050859,-0.008322990297350175,0.002772417730987591,-0.17160924789535315,0.8534214147694615,0.2242080946776969
2025-07-26 23:00:00,115.27,113.62,115.21,-0.7964617798616079,0.012066744864559054,0.019318645393685774,0.002735977431455956,0.1643138459447171,0.8448062868981796,0.21322514770888726
2025-07-27 03:00:00,115.6,114.44,115.44,-0.6963109631870903,0.016395852414151424,0.028936423714186033,0.0026731608383495408,0.016094584984501115,0.8630469471608793,0.20453865851412564
2025-07-27 07:00:00,115.44,112.41,113.47,-0.4420740074228449,-0.002334858847453658,0.0037094759473048633,0.0026699066335572554,-0.2512847542121722,0.8230817464118064,0.20071426402837209
2025-07-27 11:00:00,114.13,112.73,113.12,-0.5752763776956478,-0.005196247876122717,-0.004585172183549258,0.0026222591336489726,-0.13362703892772887,0.8201524240646939,0.194177269129362
2025-07-27 15:00:00,115.3,112.66,114.34,-0.2194053234313957,-0.0005006632181080439,0.02958288146619381,0.0025588197569536637,-0.0382219328799277,0.8386027045907738,0.18566894076939916
2025-07-27 19:00:00,115.4,113.2,114.94,-0.6567252309604198,-0.001914296085927747,0.01805452980050859,0.002511804192595625,-0.030588916878784067,0.8474663088024892,0.17867240943750515
2025-07-27 23:00:00,116.25,113.84,115.32,-0.2510973021645739,0.005862110463164427,0.012066744864559054,0.0024530657638100277,-0.009204602788768557,0.8629919854857663,0.17423120508939924
2025-07-28 03:00:00,116.41,114.56,115.81,-0.25203856666245483,0.004781520647388682,0.016395852414151424,0.002394233993435331,0.11150340378212942,0.8779676102791899,0.17283421553590944
2025-07-28 07:00:00,115.83,113.64,113.78,-0.4013154276552222,0.008545732399166894,-0.002334858847453658,0.0023834361944256414,0.13200480347680799,0.8494070436605653,0.17527951540144932
2025-07-28 11:00:00,113.83,109.79,110.19,0.32666782756791524,-0.014977120266023713,-0.005196247876122717,0.0023976535425267696,-0.04543081894301848,0.7740589824245587,0.17735499761312068
2025-07-28 15:00:00,111.13,108.6,109.13,-0.28468460764379405,-0.035654997743833294,-0.0005006632181080439,0.002363805173524779,-0.11667508688466721,0.728213380898079,0.173206563554713
2025-07-28 19:00:00,110.12,108.45,108.97,-0.4052432393513877,-0.04414889290040569,-0.001914296085927747,0.002282476983828824,0.023986878568855285,0.7103882218049544,0.16403062348836359
2025-07-28 23:00:00,110.2,107.65,108.0,-0.41071063438431565,-0.05426429827357393,0.005862110463164427,0.0021862381752999443,-0.1358506491161463,0.6936640429921478,0.15768239140416448
2025-07-29 03:00:00,110.41,108.01,110.15,-0.7089167932818816,-0.052400079718253556,0.004781520647388682,0.00204614507445105,-0.03184603572409905,0.7136721072983988,0.14615542205363666
2025-07-29 07:00:00,110.77,108.26,108.45,-0.4122812602188502,-0.03981600764979776,0.008545732399166894,0.0019027596790780101,-0.18414531229199171,0.7257048783549366,0.1387013782021777
2025-07-29 11:00:00,110.54,107.1,108.07,-0.2899763536560462,-0.02401228652366827,-0.014977120266023713,0.0017878518932332478,0.05859064831389649,0.7012658087208596,0.12475693182661905
2025-07-29 15:00:00,109.93,106.74,108.94,0.13450193980245906,-0.01505253877981616,-0.035654997743833294,0.00165778135174646,0.04602548616734059,0.6832717479761066,0.11608677256532694
2025-07-29 19:00:00,109.57,107.29,108.72,-0.5340874225859455,-0.010474352727266711,-0.04414889290040569,0.0015217940729761556,0.09932538239260769,0.6783318149152052,0.11909876228732612
2025-07-29 23:00:00,109.63,107.21,109.12,-0.769944794787666,-0.0024033665417607653,-0.05426429827357393,0.0013875438551166723,0.06744843007791634,0.6791825979921405,0.1204824903859141
2025-07-30 03:00:00,109.39,107.47,109.18,-0.6219161082553846,-0.008050586261712067,-0.052400079718253556,0.0012593209488892647,-0.12203745711774305,0.6816339571827111,0.12199357086211203
2025-07-30 07:00:00,110.4,107.88,108.13,-0.2907589763161668,-0.008978129829464776,-0.03981600764979776,0.0011241471966376949,0.12473444123446442,0.6854956942043676,0.12450755422446894
2025-07-30 11:00:00,109.49,106.82,109.45,-0.041247278250020225,-0.010986358153551312,-0.02401228652366827,0.0010106742532050225,0.04362568120092858,0.6433711038399859,0.12289195489232617
2025-07-30 15:00:00,110.56,107.83,108.04,-0.3470471579608197,0.009442851161505894,-0.01505253877981616,0.0008665315192757879,0.02760243535554663,0.6888918451698943,0.12533829416266856
2025-07-30 19:00:00,110.45,105.2,110.07,0.5053794276373648,-0.005056554202388708,-0.010474352727266711,0.0007656313993653695,0.03636233718625048,0.6387328425098687,0.12280911851901424
2025-07-30 23:00:00,111.86,109.98,110.48,-0.313856252564261,0.021856039657935922,-0.0024033665417607653,0.000622761214805809,0.052387888876430644,0.7318236914067414,0.12158022530786672
2025-07-31 03:00:00,111.35,110.31,111.02,-0.8074548739787202,0.019308226472150247,-0.008050586261712067,0.0005133134433025928,-0.036582150670308344,0.7272394349287772,0.1160304923298679
2025-07-31 07:00:00,111.42,110.48,110.62,-0.6637457459392406,0.01730106761743233,-0.008978129829464776,0.0003981855986028753,-0.13742863081352363,0.730913023882776,0.11415724444884684
2025-07-31 11:00:00,110.81,108.69,108.76,0.09934257407331827,0.01619495083352973,-0.010986358153551312,0.00030384977242143467,0.037277792532413034,0.6943931322385427,0.11477065620948329
2025-07-31 15:00:00,110.46,108.13,109.1,-0.22866609713175928,-0.0029073897727699416,0.009442851161505894,0.00019767357208562571,0.08413997533880568,0.6795997966313523,0.11499447748718772
2025-07-31 19:00:00,109.23,106.74,106.82,-0.09678988977769169,0.002058250585649901,-0.005056554202388708,9.424377520165596e-05,-0.14562717639591594,0.6452077934070191,0.11955214361591582
2025-07-31 23:00:00,107.49,103.8,106.82,0.647839669137784,-0.04636252435722776,0.021856039657935922,-1.6514799535433118e-05,-0.014540414690283998,0.5816581432487656,0.12160321007694376
2025-08-01 03:00:00,107.01,104.37,105.28,-0.2569542825153836,-0.046326349464743344,0.019308226472150247,-0.0001349406382998558,0.040645118995247476,0.5774034270332714,0.1271595857296834
2025-08-01 07:00:00,105.65,103.16,104.87,0.9699956560300049,-0.0585919260794725,0.01730106761743233,-0.00022366026329718338,0.3359325716403063,0.5411905051317071,0.1320141195892609
2025-08-01 11:00:00,107.0,103.88,106.39,0.6813232330354151,-0.038132306241633884,0.01619495083352973,-0.00030218911375920373,-0.040174677500767975,0.572312100440173,0.1316225975973904
2025-08-01 15:00:00,106.94,103.98,105.1,-0.16523996702336083,-0.0329783977300927,-0.0029073897727699416,-0.0003913025936071549,-0.14025513909153609,0.574506924714367,0.13303361658151788
2025-08-01 19:00:00,108.4,103.99,105.18,0.8955798035337859,-0.01860491092672867,0.002058250585649901,-0.0005015995058393109,0.21212495421405375,0.5865590387239084,0.13269072997927117
2025-08-01 23:00:00,108.47,104.78,107.59,-0.12461041910624618,0.009572509602568946,-0.04636252435722776,-0.0006263159297111153,-0.005833078037540407,0.6112254897870153,0.12273510554983727
2025-08-02 03:00:00,108.26,106.21,107.31,-0.6387916362352043,0.01823311081806267,-0.046326349464743344,-0.0007494205105261367,-0.055930321950583894,0.6336438618363327,0.11984125585985794
2025-08-02 07:00:00,108.5,106.1,106.72,-0.2477521655570873,0.028223686574793794,-0.0585919260794725,-0.0008601618699257054,-0.14468268609666046,0.6272250303304069,0.1177492516027226
2025-08-02 11:00:00,109.36,106.32,108.38,-0.19832095630872537,0.025229984919825643,-0.038132306241633884,-0.0009683923560201141,-0.04413837976873891,0.6500060945361551,0.11534450291457135
2025-08-02 15:00:00,110.5,104.06,105.11,1.8621774267912286,0.014992947534274048,-0.0329783977300927,-0.0010999703524060805,0.0855843848551745,0.620709576881248,0.1211718215534189
2025-08-02 19:00:00,107.17,104.46,106.82,0.015415571790841425,-0.00011762250790392503,-0.01860491092672867,-0.0012325200325327863,-0.05978242119165478,0.5861951525829235,0.12039480407301831
2025-08-02 23:00:00,109.12,104.14,108.75,0.20574573106517582,-0.0014038045952404765,0.009572509602568946,-0.0012835597666356513,0.06673553643444907,0.6068479438037716,0.11750867110344035
2025-08-03 03:00:00,108.75,106.88,107.95,-0.7349900116643073,0.001972360019432573,0.01823311081806267,-0.0013118733507787976,0.13856011329867268,0.6398385764563411,0.11835993806128654
2025-08-03 07:00:00,110.15,107.68,109.24,-0.406279647911835,0.015382987430502926,0.028223686574793794,-0.001306536782889304,0.1825895810894247,0.675440601414469,0.11636264290739778
2025-08-03 11:00:00,110.28,108.43,109.19,-0.6961590032445248,0.012008875973744448,0.025229984919825643,-0.0012770525465956482,0.008468402634726147,0.6879196153124126,0.11452427456953804
2025-08-03 15:00:00,110.1,108.54,108.97,-0.6879865915960259,0.02154577548898917,0.014992947534274048,-0.0012564710270257255,0.023071122616977302,0.6881010639321096,0.11389164901937925
2025-08-03 19:00:00,110.04,108.7,109.77,-0.9205019519152765,0.03167338206489001,-0.00011762250790392503,-0.0012256489288865716,-0.05120007825974082,0.6841708658891892,0.11221815366696355
2025-08-03 23:00:00,111.91,109.71,111.44,-0.41063862706586984,0.041124292874817,-0.0014038045952404765,-0.0011890904693112794,0.05314962325126582,0.7349076224118799,0.1106602129465062
2025-08-04 03:00:00,111.98,110.38,111.92,-0.6467982479581564,0.0317650591913361,0.001972360019432573,-0.0011513026033450444,-0.12568516951906816,0.7398018624276016,0.11029688373892516
2025-08-04 07:00:00,113.42,111.08,112.1,-0.061073883933134294,0.030189618842321186,0.015382987430502926,-0.0010874141745146621,-0.015675419133333923,0.7715208553894052,0.1083015665584534
2025-08-04 11:00:00,119.78,111.71,118.44,3.1433894475030764,0.06671130973185191,0.012008875973744448,-0.000978331201784885,0.09991615860160241,0.9010648097758613,0.10860896464811116
2025-08-04 15:00:00,119.84,116.88,119.33,0.9826727084076271,0.08660571015073315,0.02154577548898917,-0.0008755221627556093,0.10014565656052521,0.9647549798445851,0.1146865186731983
2025-08-04 19:00:00,121.0,118.9,120.73,0.6695932282240489,0.09789589202439664,0.03167338206489001,-0.0007735735994984637,0.034021768565113186,0.9965760955136241,0.12094873447618493
2025-08-04 23:00:00,125.0,120.09,122.07,1.7071119537211479,0.09842862061979663,0.041124292874817,-0.0006729811593437577,0.011336679159871244,0.9999999997205445,0.12882554735888224
2025-08-05 03:00:00,125.06,121.05,122.74,0.9648909781995747,0.10504309430505776,0.0317650591913361,-0.0005712159607734812,0.22924635498784562,0.9999999997255562,0.13751817606484087
2025-08-05 07:00:00,128.93,120.69,128.27,2.926054040657276,0.11061916585653608,0.030189618842321186,-0.0004595519963629104,0.013044172376792229,0.9999999997367384,0.14878857365205925
2025-08-05 11:00:00,129.16,121.0,123.13,2.901574948070147,0.06725209023708767,0.06671130973185191,-0.0003547191895373094,-0.058505227282862005,0.9964317123133991,0.16278949332084744
2025-08-05 15:00:00,123.95,119.54,120.0,0.3569722704269451,0.024679170760575353,0.08660571015073315,-0.0002536118900581264,-0.053092466508960934,0.9231114477647162,0.17048024185804556
2025-08-05 19:00:00,121.4,119.59,121.11,-0.40515154251427343,0.0031451780901183835,0.09789589202439664,-0.00014579858783339675,-0.033327737566125726,0.8832921885017142,0.1735165371830147
2025-08-05 23:00:00,121.39,117.93,118.43,-0.2408495109306483,-0.023124753104873053,0.09842862061979663,-4.6255824582850084e-05,-0.2501309879636988,0.848845993095834,0.1793279535572961
2025-08-06 03:00:00,119.02,117.29,117.69,-0.1119702033618462,-0.03840300117884621,0.10504309430505776,6.354959800232704e-05,-0.10617781752343614,0.8221067250026639,0.1816962350189301
2025-08-06 07:00:00,118.91,116.28,116.57,-0.10231630621738969,-0.059117173504825926,0.11061916585653608,0.00016273349802260796,-0.18684977258323499,0.7959512737149945,0.184622044311676
2025-08-06 11:00:00,117.38,115.19,117.35,-0.05609035178828423,-0.06686555631346236,0.06725209023708767,0.0002446903445244932,-0.05729360733199618,0.7648905674673202,0.1850517494750429
2025-08-06 15:00:00,119.38,116.8,119.38,-0.025120331895585896,-0.031728094189777956,0.024679170760575353,0.00028556938716755355,-0.040271384444650504,0.8038752500573728,0.184632448587986
2025-08-06 19:00:00,121.13,118.48,119.22,-0.401369863937246,-0.005387642797138104,0.0031451780901183835,0.00033166179361068435,0.07406838228957291,0.8533739719147605,0.18723028501094902
2025-08-06 23:00:00,121.12,117.9,120.29,-0.23234033218308958,0.003818283246811882,-0.023124753104873053,0.0003792221126340397,0.18176111123269512,0.8496257437977064,0.18855366280820984
2025-08-07 03:00:00,122.34,119.31,120.6,1.142916540025703,0.02456745565705032,-0.03840300117884621,0.0004345645757240872,-0.15308772562295214,0.8924368245947986,0.1910471398976947
2025-08-07 07:00:00,120.62,117.37,119.77,0.25464219462673565,0.014263761726452717,-0.059117173504825926,0.0004899144436375011,0.13425185652929428,0.8317210659574724,0.19517679546366323
2025-08-07 11:00:00,121.27,119.48,120.53,0.004027516993603295,0.036218937232964876,-0.06686555631346236,0.0005252427081610262,0.10014727646424681,0.8709505317671145,0.1971540316456051
2025-08-07 15:00:00,122.43,119.85,121.06,-0.06037178610718147,0.027098637016767624,-0.031728094189777956,0.0005817303268839756,0.02249358761587361,0.8927599528556462,0.19941432999531092
2025-08-07 19:00:00,123.0,120.66,122.1,-0.2344565011354333,0.01812570165386762,-0.005387642797138104,0.0006443506503319589,0.06881227853482463,0.9146307945902651,0.20134340409620896
2025-08-07 23:00:00,124.39,121.09,121.64,1.2042790479583025,0.021997267569192624,0.003818283246811882,0.0007134934996358875,-0.007895575758394946,0.9247418955457432,0.20467677148805713
2025-08-08 03:00:00,122.61,119.32,120.66,-0.3578171135710491,-0.0009886684429900594,0.02456745565705032,0.000774173831263043,0.18306660371986205,0.8858668479845073,0.20867532981686945
2025-08-08 07:00:00,123.99,120.14,120.65,0.023434071707728474,0.027490565522952704,0.014263761726452717,0.0008015150566137902,0.04527911738256951,0.926371360962444,0.21024642645633276
2025-08-08 11:00:00,124.17,120.62,122.34,-0.3483512150481042,0.018395088587616737,0.036218937232964876,0.0008659297310172115,-0.03921810205874732,0.9381678601272323,0.20965659964391994
2025-08-08 15:00:00,124.91,120.66,124.82,-0.10758918026300061,0.014238522640549256,0.027098637016767624,0.0009405107416354784,0.007422766916933998,0.9450993447736661,0.2098699874734456
2025-08-08 19:00:00,126.42,123.9,124.11,-0.34010379749381564,0.02670511881573745,0.01812570165386762,0.0009734593195482444,-0.1018579363986587,0.9999999997005207,0.21433748435871308
2025-08-08 23:00:00,124.66,122.89,123.13,-0.9578801374335465,0.012359151062091067,0.021997267569192624,0.0010604018749568321,-0.05841364046319042,0.9577532283924627,0.21838492665297146
2025-08-09 03:00:00,125.9,122.8,124.38,0.1368481077449163,0.030106576898341064,-0.0009886684429900594,0.0011193873687199212,0.05309931113411315,0.9831730316857673,0.21917819423895923
2025-08-09 07:00:00,125.66,124.31,124.99,-0.5159722918165112,0.02319741424560373,0.027490565522952704,0.0011857829271555251,-0.12338143941530755,0.999054873554198,0.22071491118659886
2025-08-09 11:00:00,126.35,121.27,122.27,0.0386920326241829,0.007019389411663468,0.018395088587616737,0.0012793292946757242,0.0001296762553868458,0.9515571319062823,0.22666009091982595
2025-08-09 15:00:00,122.46,120.9,122.09,-0.3737869715384903,-0.009082203702011626,0.014238522640549256,0.001365866113432283,-0.05092689359947933,0.8978546977337972,0.2269804660298166
2025-08-09 19:00:00,122.75,120.37,120.8,-0.32317488119690807,-0.026725241061681948,0.02670511881573745,0.0014211543132254371,-0.1576732091028128,0.8985332969829061,0.2295357794562611
2025-08-09 23:00:00,121.82,120.1,121.63,-0.6491060688965413,-0.022092027833754968,0.012359151062091067,0.001488828159460753,0.0979284028327696,0.8742562472788191,0.228496828882123
2025-08-10 03:00:00,123.88,120.53,121.0,-0.2794294738342862,-0.01672372187912119,0.030106576898341064,0.0015192755570080714,-0.08186165962076675,0.9197381182961654,0.22998236777672978
2025-08-10 07:00:00,121.25,118.25,121.1,-0.3249615609642915,-0.04183943520944622,0.02319741424560373,0.0016164401573971548,0.0859965292248972,0.8402320793243072,0.2298323715120298
2025-08-10 11:00:00,124.98,120.43,124.4,0.13074679261351027,-0.005519844981116795,0.007019389411663468,0.001610340543987378,0.10582141826316538,0.9302211314639637,0.2244078525937745
2025-08-10 15:00:00,126.14,122.87,123.95,0.28942880485292305,0.022761111102686193,-0.009082203702011626,0.0016390202125265085,-0.03611096106048595,0.9819459989648793,0.22550238865730773
2025-08-10 19:00:00,125.1,123.33,124.07,-0.3038328543257283,0.020860213624805946,-0.026725241061681948,0.001707284488430141,0.21471925641313638,0.9756158567836687,0.22378613822195764
2025-08-10 23:00:00,125.85,122.07,124.78,-0.18913617231702298,0.025370324765181085,-0.022092027833754968,0.0017758307243007161,-0.04516428097953484,0.9673886311667041,0.22103835756320767
2025-08-11 03:00:00,127.33,123.41,124.65,0.4483349961188765,0.022793171626685815,-0.01672372187912119,0.0018232204105353474,0.030439643854595078,0.9999999996978459,0.21789491108560724
2025-08-11 07:00:00,125.86,122.88,125.53,-0.2739740540980404,0.04113306192539867,-0.04183943520944622,0.0019057808690442525,-0.07986378121022564,0.9854467148352662,0.212570991642283
2025-08-11 11:00:00,128.15,123.5,123.64,2.248730486478965,0.028104836793081844,-0.005519844981116795,0.001946029155870564,-0.058584493750573174,0.9999999997067555,0.2118262088383398
2025-08-11 15:00:00,127.16,123.24,124.45,0.16277510970876888,0.007240875840766048,0.022761111102686193,0.002011521423191923,0.037843855114036096,0.975208677794185,0.20500647523168666
2025-08-11 19:00:00,124.8,119.56,120.63,-0.04451786877775886,-0.023060366023600842,0.020860213624805946,0.002111233022993244,-0.11187595398458416,0.858604998590604,0.20387917078906345
2025-08-11 23:00:00,121.52,119.73,120.29,-0.419459446391789,-0.027734278452553718,0.025370324765181085,0.0021251181042019045,-0.10260158697407396,0.833840532450121,0.19891401049252588
2025-08-12 03:00:00,120.43,118.44,118.96,-0.19945161429213273,-0.046377361567065845,0.022793171626685815,0.002132206042405954,-0.01654875331959693,0.7960686857349386,0.19470460219693042
2025-08-12 07:00:00,120.2,118.74,118.93,-0.3479348543909058,-0.04394791190398872,0.04113306192539867,0.0021168761249131434,-0.01719343614281732,0.7909246464235754,0.18713748604911049
2025-08-12 11:00:00,122.72,118.36,122.47,0.5124217974094689,-0.041361648025460274,0.028104836793081844,0.0020688435674421895,0.07862406812177647,0.8364946446034316,0.17627544726738448
2025-08-12 15:00:00,126.76,122.26,126.59,0.6229317210829327,-0.00648065502581574,0.007240875840766048,0.001996768383433078,0.0581631700495735,0.9456901384141422,0.16245425992486526
2025-08-12 19:00:00,131.99,126.33,130.88,2.8643206848740443,0.06811047395247671,-0.023060366023600842,0.0019225748340853065,0.016667466540618348,0.9999999997053498,0.15448329571715128
2025-08-12 23:00:00,131.54,128.58,131.09,0.8120884205088427,0.08005176764786914,-0.027734278452553718,0.0019485104205090424,0.06461644996650606,0.9999999997099469,0.15332109817438727
2025-08-13 03:00:00,134.19,130.38,130.73,0.44824568380289787,0.10595016223820797,-0.046377361567065845,0.001956447237748641,-0.04083524020106599,0.9999999997175908,0.150523831208455
2025-08-13 07:00:00,134.12,130.64,132.64,-0.06775320386729286,0.10954430982871743,-0.04394791190398872,0.0019970822304980896,0.1112596703174431,0.9999999997153542,0.1480159466262075
2025-08-13 11:00:00,133.22,130.26,130.4,0.1497733722198412,0.08724016039795335,-0.041361648025460274,0.0020535190191705837,-0.12640905023061244,0.9783800330029735,0.1467895041203208
2025-08-13 15:00:00,131.2,128.9,129.07,-0.3968009182783937,0.04383483775798935,-0.00648065502581574,0.002107263297263671,-0.13833111105741225,0.9347367273613222,0.14204578637327503
2025-08-13 19:00:00,131.25,128.96,130.64,-0.7895065069275211,0.0020819935342886176,0.06811047395247671,0.002134895347941139,0.06984345450709806,0.932329841178894,0.13569604655523906
2025-08-13 23:00:00,133.29,130.53,133.07,-0.36811238029949916,0.01291058481718732,0.08005176764786914,0.0021143128796479167,0.1462545221154199,0.9878153402738399,0.13262892235089654
2025-08-14 03:00:00,133.99,129.44,131.26,0.30640013312099984,0.0009832902741466754,0.10595016223820797,0.0021501428512524018,0.14189854714377703,0.9961536647196507,0.13161396832564637
2025-08-14 07:00:00,131.43,126.83,127.76,0.9250069921366632,-0.02847267126477937,0.10954430982871743,0.0022504708268668416,0.08449151633157403,0.8834601795572888,0.12892653514639774
2025-08-14 11:00:00,128.21,120.27,123.96,2.2106106353975514,-0.05840456907125635,0.08724016039795335,0.0023489807413978893,-0.041388786894760665,0.7324427884836724,0.13132941981090068
2025-08-14 15:00:00,124.05,119.53,121.33,-0.15810915757702346,-0.06554611158014667,0.04383483775798935,0.0023645263792186786,0.0650875393826249,0.6572749026700452,0.13334055207735412
2025-08-14 19:00:00,122.03,119.26,121.46,-0.37195543501025224,-0.07013991423951926,0.0020819935342886176,0.0023247736813063733,0.004219192760229307,0.6358550519073679,0.13296678510419313
2025-08-14 23:00:00,122.38,120.73,121.97,-0.7176218907061043,-0.07738346061012091,0.01291058481718732,0.0022407350397930905,0.023798853865150127,0.663008090252243,0.13242968598348553
2025-08-15 03:00:00,123.27,121.47,122.39,-0.4197450610660407,-0.07336807910018972,0.0009832902741466754,0.002147166626871102,-0.0679864418010302,0.6886570624949268,0.13201473740225173
2025-08-15 07:00:00,122.38,120.53,120.83,-0.8138157038917477,-0.05660867428779803,-0.02847267126477937,0.0020911180244453896,-0.19674770960766985,0.6500013225641841,0.1324450025012783
2025-08-15 11:00:00,121.81,118.43,118.7,0.7537757472913201,-0.02729408271516054,-0.05840456907125635,0.002006295707872222,-0.04586492865023617,0.6252978727882924,0.1362741514076136
2025-08-15 15:00:00,119.14,116.55,117.51,0.2931222159166986,-0.030568233564747804,-0.06554611158014667,0.0019510704581136979,0.021434046666138018,0.5395748181083034,0.13921248656351404
2025-08-15 19:00:00,119.78,117.23,119.74,-0.9396867662962199,-0.02093578884962044,-0.07013991423951926,0.0018205640508656994,0.08070719822641803,0.5556922237512252,0.13713273498970055
2025-08-15 23:00:00,120.81,118.53,119.85,-1.0439905915088008,-0.01544519816485923,-0.07738346061012091,0.0016815303643091986,-0.12752865785935275,0.6034492691651037,0.1362229690719938
2025-08-16 03:00:00,120.37,118.0,118.1,-0.9324366316046225,-0.02878390312044865,-0.07336807910018972,0.0015910508992556815,-0.27861443736246294,0.5769240720531593,0.13793815584690455
2025-08-16 07:00:00,119.09,117.91,118.14,-0.8955450870588489,-0.022891940448767745,-0.05660867428779803,0.0014920501708794779,0.1257092075176347,0.5620245830668547,0.13659976568814544
2025-08-16 11:00:00,119.05,117.14,118.82,-0.816530190067024,-0.01993495698467873,-0.02729408271516054,0.0013845837311249544,0.15175790262056532,0.5252021421583686,0.13475215131643636
2025-08-16 15:00:00,120.56,118.32,120.46,-0.8499097591432269,0.012582209504060415,-0.030568233564747804,0.0012602863759626178,0.11450994853342689,0.5337710477737372,0.13241657475432772
2025-08-16 19:00:00,120.74,119.44,120.62,-1.125700868317395,0.014810446149849277,-0.02093578884962044,0.001141592055154664,0.0020790327663480213,0.5615935603803537,0.13158541881317876
2025-08-16 23:00:00,121.09,119.76,120.62,-1.091303786893534,0.0051187514831527725,-0.01544519816485923,0.0010228553400049316,0.1421492936141744,0.5747519303118777,0.13145479119475514
2025-08-17 03:00:00,122.04,120.23,121.33,-1.1301870295613599,0.01970083331510253,-0.02878390312044865,0.0009061240140119962,0.48215757000118,0.6066799215822032,0.13044948517547533
2025-08-17 07:00:00,123.2,121.22,122.02,-0.6766641616627693,0.03157113542943546,-0.022891940448767745,0.0008026813619529411,-0.0369263290649946,0.6398116944695612,0.1289555360502323
2025-08-17 11:00:00,122.53,120.72,121.68,-0.16268208606211707,0.030269687352006747,-0.01993495698467873,0.0007221899525229043,0.036472755239287835,0.6193757609264556,0.1289561948198638
2025-08-17 15:00:00,122.99,120.47,121.42,0.23905816101282848,0.01960018023704091,0.012582209504060415,0.0006350836258011337,-0.1435483204861001,0.6173083210831684,0.12912556995603308
2025-08-17 19:00:00,121.72,120.53,121.65,-1.1637998162857839,0.008057572869961671,0.014810446149849277,0.0005478944360595474,-0.04371802464105401,0.596159654413517,0.12897398123843168
2025-08-17 23:00:00,121.7,115.88,115.96,-0.09993757631047362,-0.014767249168398555,0.0051187514831527725,0.00045951084837870897,-0.192405619830068,0.5112077561292144,0.13903618912347104
2025-08-18 03:00:00,117.34,115.31,116.01,-0.21806810200416596,-0.041243811109742845,0.01970083331510253,0.00036098855987745204,0.004800916667150323,0.4278890124650352,0.14220838734523383
2025-08-18 07:00:00,117.04,115.29,116.5,-0.6278184344478915,-0.04993829432702668,0.03157113542943546,0.00023666530041195014,0.02172727391982332,0.42167586972528953,0.14424213302606403
2025-08-18 11:00:00,118.5,116.21,118.12,-0.46940017477172197,-0.03516158522227453,0.030269687352006747,0.00011642812484647657,-0.022512891532365686,0.46650474594830044,0.14387581297638524
2025-08-18 15:00:00,118.45,116.64,118.35,-0.5711045329129263,-0.03126981510047844,0.01960018023704091,3.938996681977721e-05,0.12134808529032748,0.4814220918363298,0.14478430809090947
2025-08-18 19:00:00,119.13,117.13,118.27,-1.140889915743877,-0.02283195862592957,0.008057572869961671,-1.837272270369489e-05,0.011396639351328952,0.49742387232706464,0.1461737391918143
2025-08-18 23:00:00,119.07,116.26,116.28,-0.8381579355064965,-0.00987000986767872,-0.014767249168398555,-6.514999339551614e-05,0.014610670732661424,0.4693638167589403,0.1514578095372253
2025-08-19 03:00:00,117.4,114.69,115.72,-0.5763173259941775,-0.002645691150969798,-0.041243811109742845,-0.00010403430177723904,-0.15004317231236552,0.4168930317718636,0.15511834904881183
2025-08-19 07:00:00,116.35,113.42,115.78,-0.08819044382223434,-0.011027529518580437,-0.04993829432702668,-0.00014659074709881005,0.05863737726191598,0.375911937499455,0.15751909948210022
2025-08-19 11:00:00,116.76,113.18,113.82,-0.4899736672782497,-0.01928989434286954,-0.03516158522227453,-0.00018119476216083935,-0.02077270098569972,0.3855874916362299,0.16488219659782458
2025-08-19 15:00:00,115.11,112.52,112.92,-0.3504970960482951,-0.03401954438569621,-0.03126981510047844,-0.00021593957470896895,-0.07074566952760875,0.3382094159970295,0.17158567562840324
2025-08-19 19:00:00,115.52,112.11,114.0,-0.8802025656189257,-0.038720690580711925,-0.02283195862592957,-0.00027764256636479895,-0.1010143623958748,0.33380109846801387,0.17378995048668192
2025-08-19 23:00:00,114.5,112.35,113.79,-0.7107867883374971,-0.03366734477420097,-0.00987000986767872,-0.0003502180354282744,0.1347245856243935,0.3280397719386123,0.1780340317869809
2025-08-20 03:00:00,114.58,113.48,114.11,-1.1302077617643076,-0.01703154752089775,-0.002645691150969798,-0.0004298028386913574,0.15960912112791759,0.34629405562274296,0.18092878422531242
2025-08-20 07:00:00,115.45,113.81,115.16,-0.3210533988846223,-0.0005189219154483338,-0.011027529518580437,-0.000510148560546918,0.09155440257598602,0.3737821742936536,0.18167329493300788
2025-08-20 11:00:00,115.53,112.06,114.06,-0.028932762544084643,-0.011231781609919333,-0.01928989434286954,-0.0005982379691807376,-0.045770211606362965,0.33938125585224427,0.1861334815647602
2025-08-20 15:00:00,116.63,113.91,115.37,-0.3237894135171861,0.015589006346226064,-0.03401954438569621,-0.0006864301393105486,0.08007801310797391,0.40160218756843263,0.1856598987289319
2025-08-20 19:00:00,117.12,115.29,116.68,-0.8444533373506952,0.025476402753494165,-0.038720690580711925,-0.0007511835800636534,0.011713538984945426,0.437288708462074,0.18428446395980685
2025-08-20 23:00:00,117.19,115.56,116.23,-0.7345767354473886,0.023916130747477338,-0.03366734477420097,-0.0008036790585402448,-0.049411189606072714,0.4250516176228388,0.18557511080955455
2025-08-21 03:00:00,117.3,115.57,115.81,-1.0285522761172725,0.01952115630993223,-0.01703154752089775,-0.0008566821508348353,-0.10724550841354696,0.42583475602448706,0.18696954109884453
2025-08-21 07:00:00,116.36,114.82,115.13,-1.1967915314273183,0.005248638923758486,-0.0005189219154483338,-0.0009048851529058334,-0.24206604100794282,0.3953124990549976,0.18863059331245388
2025-08-21 11:00:00,116.18,114.27,115.13,-0.8418650890256327,0.01138956009289327,-0.011231781609919333,-0.0009697178982129747,-0.04526184525601262,0.3857103051610201,0.18980860388803722
2025-08-21 15:00:00,115.36,113.45,115.13,-1.0068215516346166,-0.010829156925045491,0.015589006346226064,-0.001030204562246374,-0.11455882442079635,0.3568788769884502,0.1905372111013734
2025-08-21 19:00:00,115.63,114.35,115.22,-1.0888831385857969,-0.013987304622946284,0.025476402753494165,-0.0010775979623105622,-0.2087278429851681,0.37902341264143813,0.19181612301560838
2025-08-21 23:00:00,116.42,114.22,116.17,-1.0014181146053303,-0.007415536024528935,0.023916130747477338,-0.0011152913265624481,0.04038696738175451,0.3942523221505405,0.19115247195020693
2025-08-22 03:00:00,116.58,115.37,115.82,-0.8755944617151102,-0.0013926021995870341,0.01952115630993223,-0.0011430166349898259,0.2442075596292974,0.42004970503638916,0.1926760170240844
2025-08-22 07:00:00,116.86,115.02,115.11,-0.8854950634061589,0.007273233597654638,0.005248638923758486,-0.0011792685459454664,0.20511624386323057,0.4253044635907333,0.19514106031333917
2025-08-22 11:00:00,119.8,112.51,119.08,1.7625908777625008,0.014036394341384595,0.01138956009289327,-0.0011999470271733524,0.16070360977270237,0.4434561135313288,0.1884154911148543
2025-08-22 15:00:00,122.8,119.08,122.47,0.6130462681482475,0.06059256700997384,-0.010829156925045491,-0.0011729456667515213,0.16505430548148414,0.6044100816182642,0.18137891788120084
2025-08-22 19:00:00,123.66,122.23,122.5,-0.2909585570637123,0.06915308456910418,-0.013987304622946284,-0.0011412576395060999,0.2721101358126172,0.6630571875497148,0.17563199612575145
2025-08-22 23:00:00,123.43,119.76,120.84,-0.3071279212123752,0.05547806638997832,-0.007415536024528935,-0.0011081169823008786,-0.1540133614240099,0.6229633061620287,0.17134204776521383
2025-08-23 03:00:00,122.67,120.07,122.45,-0.2920627918834556,0.04852900534430615,-0.0013926021995870341,-0.0010822060610335932,-0.11338833160645556,0.621364773619615,0.16283552375348972
2025-08-23 07:00:00,122.78,121.33,121.38,-0.9584476118590023,0.04853213806200518,0.007273233597654638,-0.0010485504402223242,0.0515563782591546,0.6268875524361728,0.15450096372646988
2025-08-23 11:00:00,121.81,120.47,120.54,-0.6690379465088541,0.037874274892127024,0.014036394341384595,-0.0010169323130952994,-0.04981809643075452,0.6014581824519929,0.14812530436530444
2025-08-23 15:00:00,121.36,120.4,120.77,-1.0566344312399192,-0.003008542273279957,0.06059256700997384,-0.0009971473500287726,-0.11878310990968743,0.5913749535969044,0.14171346064580687
2025-08-23 19:00:00,121.63,120.62,121.56,-1.2594176267286847,-0.016020207766187067,0.06915308456910418,-0.0009887038935528726,-0.02575507574351199,0.592706804474201,0.13215308777499216
2025-08-23 23:00:00,122.13,120.94,121.06,-1.1274203436665302,-0.0021524262966018393,0.05547806638997832,-0.0009752965083766737,0.19613441013679545,0.613597542197482,0.11814036673652123
2025-08-24 03:00:00,121.82,120.07,120.16,-1.1183923439711083,-0.0061116001373622275,0.04852900534430615,-0.0009723463992502278,-0.03550017711312625,0.5947813890472989,0.1059518563895834
2025-08-24 07:00:00,120.52,118.65,118.89,-0.9340037296374113,-0.01828273105439171,0.04853213806200518,-0.0009688970655816573,-0.116889861501554,0.5472629112581885,0.09910202312928922
2025-08-24 11:00:00,119.69,118.28,119.52,-1.0367785723587428,-0.018602753388480164,0.037874274892127024,-0.0009886667857026946,-0.044902480621410445,0.520912841713914,0.09566258265553068
2025-08-24 15:00:00,123.84,119.18,123.69,-0.41896678539637155,0.006443881938327456,-0.003008542273279957,-0.0009638605206468007,0.123200573893538,0.6192104002723544,0.09429617972469537
2025-08-24 19:00:00,124.77,117.1,118.59,1.7150160290574923,-0.004831526508563999,-0.016020207766187067,-0.0009399563060956084,-0.029547949400862583,0.5718297671016314,0.09740846134631904
2025-08-24 23:00:00,119.13,115.51,118.42,-0.24215565652660398,-0.034488999716220436,-0.0021524262966018393,-0.0009392952163340521,-0.08745391247588641,0.4638499929057543,0.09620809944254854
2025-08-25 03:00:00,118.66,113.61,113.76,0.009022120003713564,-0.043142245064082485,-0.0061116001373622275,-0.000949971512820735,-0.02516690151233958,0.4082741447284997,0.1003786293372448
2025-08-25 07:00:00,114.24,110.51,110.87,1.0825616205248547,-0.0626672287283262,-0.01828273105439171,-0.0009796108961524909,0.0446840402190658,0.2793255118301336,0.1075809651017916
2025-08-25 11:00:00,112.65,110.66,112.25,0.5691670677843543,-0.061780412898315595,-0.018602753388480164,-0.0010130006141097765,-0.10848003996525635,0.25839499337922284,0.10939405981043238
2025-08-25 15:00:00,112.66,111.12,111.27,-0.4015228602442428,-0.08010523840525996,0.006443881938327456,-0.0010286651526280738,-0.25551262113123097,0.2709524004307769,0.114508718013658
2025-08-25 19:00:00,111.53,106.7,108.48,1.1236394359234667,-0.09755400916045531,-0.004831526508563999,-0.0010807748406169364,-0.00849499540316001,0.15233530346770607,0.1250487526388155
2025-08-25 23:00:00,110.29,108.23,109.64,-0.08598680791178907,-0.06704429614983365,-0.034488999716220436,-0.0011471196405877873,0.10685481067930636,0.18279054627117125,0.12871679729600932
2025-08-26 03:00:00,111.35,109.35,110.18,-0.6542924342200314,-0.045500399064091646,-0.043142245064082485,-0.0012080946740833077,0.10407654059241556,0.22005857330115206,0.13241764753349317
2025-08-26 07:00:00,111.29,109.9,110.7,-1.008225739810557,-0.015282775197413723,-0.0626672287283262,-0.0012795090311236263,-0.02713402720595992,0.2180779402132914,0.1352251377955385
2025-08-26 11:00:00,112.6,110.0,112.41,-0.2567962568621205,-0.0006919521888196778,-0.061780412898315595,-0.0013375904494775427,0.06992398333514438,0.25563639413826467,0.1346786696829574
2025-08-26 15:00:00,113.87,111.75,113.74,-0.32815473504175297,0.005429729653188886,-0.08010523840525996,-0.001371965193198581,0.20553911948998782,0.29266723556527124,0.13297270593177798
2025-08-26 19:00:00,114.79,113.0,113.59,-0.5980150794139762,0.04722573385430051,-0.09755400916045531,-0.0013673571163221783,0.09065582141533524,0.33560094288447745,0.1328779063454548
2025-08-26 23:00:00,114.08,112.77,113.69,-0.9867097242497928,0.0352011426817298,-0.06704429614983365,-0.0013325477951934518,0.07649715837609983,0.320465245646737,0.13231151737786448
2025-08-27 03:00:00,116.27,113.13,113.16,-0.07562669702652879,0.03736583027965645,-0.045500399064091646,-0.0012740045161553919,-0.059293876838483084,0.3675921029957031,0.13211444826595609
2025-08-27 07:00:00,113.37,112.17,112.95,-0.7111020559089785,0.02150265859944933,-0.015282775197413723,-0.0012235384269943875,-0.021412234493445537,0.30293546187169446,0.13088173140008522
2025-08-27 11:00:00,114.59,112.65,113.59,-0.5826998210136095,0.017905938360034845,-0.0006919521888196778,-0.0011541521466779388,0.0612150008755461,0.32697243378772806,0.12843163916865918
2025-08-27 15:00:00,114.38,113.08,113.44,-0.9282040649023209,0.009335164401126805,0.005429729653188886,-0.0010884480154112635,0.005981939968032979,0.3302035841292215,0.12698131814988967
2025-08-27 19:00:00,114.28,112.27,112.74,-0.5558801005826598,-0.0047002276459678916,0.04722573385430051,-0.0010348810613167335,-0.04713047959165284,0.3164997042836422,0.12606682288571064
2025-08-27 23:00:00,113.0,111.32,112.36,-0.940364314154278,-0.00833163296958439,0.0352011426817298,-0.000985425331011633,-0.25969628559941715,0.2867324567961934,0.12758510102154272
2025-08-28 03:00:00,114.23,112.25,113.7,-0.9004304845381004,-0.009242199344562163,0.03736583027965645,-0.0009068679543911274,-0.051696383557575,0.3297370929030031,0.12648420591706017
2025-08-28 07:00:00,114.11,113.02,113.51,-0.9177724682230549,0.005720664989211199,0.02150265859944933,-0.000824837448682672,-0.04565672960472522,0.3259967839295084,0.1271201120924353
2025-08-28 11:00:00,114.5,113.07,114.35,-0.7755671439161579,0.0023894831856037246,0.017905938360034845,-0.0007650285496867487,0.13984297365759035,0.3366624284250394,0.12591901727653435
2025-08-28 15:00:00,114.62,111.44,112.48,-0.6107329079654485,-0.004934525727746886,0.009335164401126805,-0.0007427031154187148,-0.14815763459039355,0.3101768157834566,0.12831555061704392
2025-08-28 19:00:00,113.92,111.6,113.76,-1.185906128736177,-0.0041766398141892536,-0.0047002276459678916,-0.0007390552181108653,0.12666080502186605,0.2996060514246754,0.1265900748444738
2025-08-28 23:00:00,113.94,112.34,112.97,-1.0202752132923671,0.0072804181169032756,-0.00833163296958439,-0.0007363089016496306,0.20711731086418683,0.3159635393664671,0.12799680818488998
2025-08-29 03:00:00,113.56,111.01,111.78,-0.4800523240460119,-0.013814752515713735,-0.009242199344562163,-0.0007328494521168643,-0.13478249228338524,0.27367637637396747,0.13051881474269345
2025-08-29 07:00:00,111.78,108.86,110.14,-0.1807295258177706,-0.029802493730284763,0.005720664989211199,-0.0007353188911289972,-0.13639309661379728,0.1737172266962492,0.13479452038686077
2025-08-29 11:00:00,112.1,108.79,109.82,0.04775272541427857,-0.030139647176805284,0.0023894831856037246,-0.0007455637973274875,-0.17634608298559828,0.18076352554811406,0.13751679225218644
2025-08-29 15:00:00,110.65,109.0,109.14,-0.4475325398490833,-0.028198778033677985,-0.004934525727746886,-0.0007630496182438648,0.1889842616067967,0.14948100454956867,0.14099607512345402
2025-08-29 19:00:00,110.17,108.63,109.74,-0.5659157041909718,-0.02839808420969747,-0.0041766398141892536,-0.0008025531735813147,0.10026890955054579,0.1377603895908596,0.14249827752137145
2025-08-29 23:00:00,110.08,108.3,109.58,-0.8696216841756399,-0.03354678113438936,0.0072804181169032756,-0.0008378621834427641,-0.03250531127079381,0.13254353632559357,0.14499595720749164
2025-08-30 03:00:00,110.91,109.56,110.53,-0.973630229488483,-0.014021105075403106,-0.013814752515713735,-0.0008516151804010401,0.452229149970375,0.17198731558163913,0.14526977349550954
2025-08-30 07:00:00,111.27,110.41,110.63,-0.7585257809271085,0.006364229821862022,-0.029802493730284763,-0.0008671790218705302,0.4908145380247544,0.1853614021217477,0.1465983490069828
2025-08-30 11:00:00,110.66,109.29,110.07,-0.8616329159456435,-0.0033401517895992328,-0.030139647176805284,-0.000891450777435612,0.08839306060740726,0.15443451047852746,0.14907999345398087
2025-08-30 15:00:00,110.79,109.67,110.01,-0.9905622363432784,0.003210696303351357,-0.028198778033677985,-0.0009154286363653323,0.06989229445200373,0.16281566985812676,0.15090460660865218
2025-08-30 19:00:00,110.56,109.68,110.56,-1.204422009609423,0.004872086984870405,-0.02839808420969747,-0.0009298940180469046,-0.06690618576669194,0.1348104888057191,0.1511920084586467
2025-08-30 23:00:00,111.78,110.55,111.5,-0.9851883419940914,0.016585980816392176,-0.03354678113438936,-0.0009268864360655268,0.09922287000708674,0.1415436604532625,0.15047832492247523
2025-08-31 03:00:00,111.91,110.75,110.77,-1.1011791764658743,0.0076872344022884675,-0.014021105075403106,-0.0009194855927210975,-0.2676298272739027,0.11273532342911749,0.15243047213563266
2025-08-31 07:00:00,111.9,110.77,111.21,-0.6893604434248156,0.0055433284009829276,0.006364229821862022,-0.0009025918243544029,-0.04631380800610341,0.1177472451628469,0.1525928439777584
2025-08-31 11:00:00,111.49,110.19,110.25,-0.8054982761425447,0.00882037055732865,-0.0033401517895992328,-0.0008804460852191214,-0.23306195535029262,0.09827001036715853,0.15516299659670427
2025-08-31 15:00:00,110.83,110.09,110.72,-1.0848062023846632,0.0022664180007216927,0.003210696303351357,-0.0008643821022442778,0.0320526343676506,0.07725404446277417,0.1554170343189119
2025-08-31 19:00:00,110.82,109.71,109.87,-1.0301651799431748,0.0019251312814965171,0.004872086984870405,-0.0008478997931158766,-0.035231262236877,0.07022091949455933,0.1579554297292367
2025-08-31 23:00:00,109.88,107.36,107.67,-0.5424740379873031,-0.025260828060976404,0.016585980816392176,-0.0008483977346741934,-0.21685490715166245,0.0,0.16394473569556173
2025-09-01 03:00:00,108.61,107.24,108.49,-0.9702837678616739,-0.031130287392920675,0.0076872344022884675,-0.000870267286853948,0.12841679476111456,0.0,0.16465680388471207
2025-09-01 07:00:00,111.35,108.08,109.81,-0.1344983277588318,-0.009389616155534908,0.0055433284009829276,-0.0008878865024672056,-0.12407710738502786,0.10349971179085754,0.1637589314434085
2025-09-01 11:00:00,110.56,109.18,109.95,-0.8078115047490073,-0.008932038581547563,0.00882037055732865,-0.0009093434104205782,0.2569314278829333,0.08689779692883216,0.16267849756501096
2025-09-01 15:00:00,110.2,108.28,108.74,-0.8709999437160604,-0.013030516561355565,0.0022664180007216927,-0.0009277262345173189,-0.05780497963762532,0.048275691946694836,0.16066351575291057
2025-09-01 19:00:00,109.64,106.38,107.37,-0.11391096091657613,-0.021153984415412497,0.0019251312814965171,-0.0009500724069634295,-0.00025390168293237814,0.005014470386087407,0.15929729831578152
2025-09-01 23:00:00,110.0,107.31,109.7,-0.6061491915079479,0.0044414652790418785,-0.025260828060976404,-0.0009580289125982493,0.5021477387071589,0.043193685931650426,0.15249625289823102
2025-09-02 03:00:00,113.0,109.07,111.17,-0.3427819415186839,0.026075598473586092,-0.031130287392920675,-0.0009558298054198911,0.25681308586828,0.11468879751335816,0.14404895109920343
2025-09-02 07:00:00,111.26,110.2,110.86,-0.8064218243460639,0.0020530964276213037,-0.009389616155534908,-0.0009657604460341043,0.005614836723770944,0.11274237949408175,0.13901785333871197
2025-09-02 11:00:00,112.01,108.71,111.16,0.27763268620752757,0.003770178752031228,-0.008932038581547563,-0.0009855334739854672,-0.09290788092845326,0.10380786560601774,0.13378585047812552
2025-09-02 15:00:00,111.27,109.32,110.04,-0.5056198305209487,0.010928527778360397,-0.013030516561355565,-0.0010037067699481999,0.0865893563671083,0.09687042442959724,0.12982162362795888
2025-09-02 19:00:00,112.1,109.34,111.78,-0.43197651812212523,0.029444973775560657,-0.021153984415412497,-0.0010225360045475484,-0.03413995687062421,0.13467050590975674,0.1203200861106392
2025-09-02 23:00:00,112.23,110.79,111.56,-0.9544745205969616,0.023311724862149052,0.0044414652790418785,-0.0010402557533546806,-0.3337194362652258,0.14673300523350755,0.11316584103065767
2025-09-03 03:00:00,111.7,110.97,111.54,-0.9509190970318658,0.006604097184760738,0.026075598473586092,-0.0010597602096976534,0.0024886561520298667,0.14449313892258553,0.10657914857371176
2025-09-03 07:00:00,112.53,110.88,112.04,-0.7681298509470531,0.011368913496632604,0.0020530964276213037,-0.001070232039262681,0.21773404777500982,0.16402824492298287,0.10094644160277175
2025-09-03 11:00:00,113.31,111.5,113.15,-0.5500906088298805,0.01852461590244192,0.003770178752031228,-0.0010698037956416015,0.23965678728500417,0.18720803462484104,0.09355836453368456
2025-09-03 15:00:00,113.23,112.17,112.29,-0.6659962779943777,0.022660347015314608,0.010928527778360397,-0.0010746733132959165,-0.16185627020664772,0.19873297434960027,0.07585397936825748
2025-09-03 19:00:00,113.28,112.15,113.05,-0.7477943404883579,0.013746928879303288,0.029444973775560657,-0.0010669672564110814,0.11375081487066141,0.19698518884029467,0.06819930709862103
2025-09-03 23:00:00,113.5,112.01,112.09,-0.9679785701294459,0.012718951637676446,0.023311724862149052,-0.001049296183416664,0.16714660800170789,0.20454130056698894,0.06055190126657749
2025-09-04 03:00:00,112.27,110.83,110.94,-0.7654332616920649,0.0007224684142941307,0.006604097184760738,-0.0010468130696517075,-0.3227671463269741,0.14777517713051513,0.06008578986799537
2025-09-04 07:00:00,111.6,110.88,110.92,-0.9613548647241603,-0.005816286054151409,0.011368913496632604,-0.0010432919939108328,-0.2973491407302873,0.13749232886802185,0.06008993759410864
2025-09-04 11:00:00,111.57,109.91,110.41,-0.714782694902339,-0.014424252907566326,0.01852461590244192,-0.001048834868675212,-0.15640083304308705,0.12106523445061888,0.0603096132760843
2025-09-04 15:00:00,110.43,109.5,109.9,-0.8223301020279012,-0.024436733769755525,0.022660347015314608,-0.001063111722573535,-0.14923560943345582,0.08639604164704742,0.06090996090860008
2025-09-04 19:00:00,111.81,109.68,111.61,-0.9521374086108942,-0.018336210385978102,0.013746928879303288,-0.0010749804839606549,-0.0019204629197214773,0.1127247263373136,0.0586119852609328
2025-09-04 23:00:00,112.55,111.01,111.99,-0.834621300885655,-0.00922232501409359,0.012718951637676446,-0.0010708026506645772,0.04205829112518433,0.16209222783186444,0.05800872664897488
2025-09-05 03:00:00,112.08,111.01,111.9,-0.9430691900901254,0.0010157466747704458,0.0007224684142941307,-0.0010673622831494575,0.11563183476988059,0.15239285706936634,0.057880485059134346
2025-09-05 07:00:00,113.39,111.9,112.84,-0.37711266738315175,0.014696948778408325,-0.005816286054151409,-0.0010453197716936058,0.3181988170454262,0.20415491412110454,0.05773533653888395
2025-09-05 11:00:00,115.12,111.5,111.95,0.9932021098986707,0.022259599529875995,-0.014424252907566326,-0.0010200121143192405,0.08131933059200147,0.221664915335313,0.05805362344683984
2025-09-05 15:00:00,113.19,111.87,113.06,-0.6279682706767221,0.023179318418294903,-0.024436733769755525,-0.0009977720142306773,0.17444361907604433,0.1903486772220317,0.05696656642437136
2025-09-05 19:00:00,113.36,111.91,112.37,-0.755572459914699,0.019114722459095734,-0.018336210385978102,-0.0009374535399334281,-0.18141666890554686,0.1989520731956408,0.05655844628445247
2025-09-05 23:00:00,112.53,111.78,112.41,-1.1055309419084693,0.0034426567223397875,-0.00922232501409359,-0.00086731068253991,0.13648834394789722,0.1777921578469249,0.05568754851714895
2025-09-06 03:00:00,112.42,111.29,111.46,-1.0989739661160716,0.00044784764310024094,0.0010157466747704458,-0.0008076078035138585,-0.1730602449744355,0.15443088260279303,0.055482348686323985
2025-09-06 07:00:00,111.77,111.23,111.61,-1.1054189103289414,-0.01121878597335757,0.014696948778408325,-0.0007466824297809762,-0.11551355913743977,0.1525207454877025,0.054869190825571644
2025-09-06 11:00:00,111.8,111.3,111.6,-1.028284588368448,-0.015045273649611612,0.022259599529875995,-0.0006827942455886919,0.14351866048749762,0.15215599462402943,0.053788883539147805
2025-09-06 15:00:00,112.43,111.31,112.28,-0.8647566394867776,-0.005177319280852299,0.023179318418294903,-0.0006205600221039531,0.08098051020856256,0.1665916801173047,0.05268644104673868
2025-09-06 19:00:00,112.45,111.58,111.85,-0.8322378942237129,-0.005749743405789931,0.019114722459095734,-0.0005575314530389186,-0.02595770691346655,0.17251894475092272,0.052484707480434975
2025-09-06 23:00:00,113.09,111.5,113.06,-1.029301455277764,0.0011172077407322067,0.0034426567223397875,-0.0004911902391983269,0.037521840136282236,0.1829046245396956,0.052356127761040094
2025-09-07 03:00:00,113.76,112.64,113.39,-0.7247960581396371,0.014163795023449,0.00044784764310024094,-0.0004148643183279799,0.6646101633958257,0.21891509727218383,0.05190827836723929
2025-09-07 07:00:00,114.39,113.3,114.24,-0.7572962686062208,0.021035234832390337,-0.01121878597335757,-0.00033603583266437315,0.1272665936936399,0.24824872604907852,0.05230482544395272
2025-09-07 11:00:00,115.41,113.9,114.73,-0.31508737988421903,0.028464405419152516,-0.015045273649611612,-0.00026130142151670476,0.004395874984205461,0.2816825567849606,0.052580312243558115
2025-09-07 15:00:00,115.12,113.98,114.21,-0.7727933729621541,0.02328949614308451,-0.005177319280852299,-0.0001878323900324539,-0.040499334661352915,0.27290614739338837,0.05424548277728715
2025-09-07 19:00:00,115.02,113.94,114.83,-0.8923200134278364,0.020472965744234406,-0.005749743405789931,-9.41701061143621e-05,0.16681915809320014,0.26609755130471346,0.055182100018047325
2025-09-07 23:00:00,115.19,113.77,114.97,-0.6614596908394126,0.021157664728615133,0.0011172077407322067,-1.0141769128014175e-05,-0.11751128572473579,0.2798326158523568,0.057088336753398104
2025-09-08 03:00:00,115.55,111.9,112.58,1.0760701851266894,0.002324279981221089,0.014163795023449,5.505000771796925e-05,-0.3508525129999014,0.2296468418133631,0.05855950095132827
2025-09-08 07:00:00,113.82,112.48,113.51,-0.22495134666086142,-0.006266429904430271,0.021035234832390337,0.00010014043606237179,-0.10154323588612035,0.2191313357439112,0.05868122300424456
2025-09-08 11:00:00,114.44,112.87,113.38,0.47225756573175787,-0.011978612004786782,0.028464405419152516,0.00011600568712191022,-0.020691858715952804,0.22562263518988634,0.05901931729335567
2025-09-08 15:00:00,113.9,112.47,113.2,0.16915753308765322,-0.011984933091845784,0.02328949614308451,0.0001288024783311125,-0.05361997453224465,0.21692182778103383,0.05870306417601524
2025-09-08 19:00:00,113.22,111.9,112.42,-0.45344171414532136,-0.017086833920576527,0.020472965744234406,0.0001430988218854801,-0.1368258469818917,0.18639744211848447,0.05869315228394553
2025-09-08 23:00:00,113.94,111.6,111.88,0.22905218142416492,-0.016836469832100853,0.021157664728615133,0.00012490500662163417,-0.12410773678063147,0.20106905903854544,0.05828049091030972
2025-09-09 03:00:00,113.86,111.71,113.65,-0.004855654186890103,-0.004233759767388379,0.002324279981221089,0.00011544989403617826,0.26238128125403715,0.21005314666410785,0.05793637156063403
2025-09-09 07:00:00,114.69,113.29,113.61,0.21112892116196652,0.007452932068885865,-0.006266429904430271,0.00011415581499122225,0.1224440287323234,0.25354487865898345,0.05846784212012669
2025-09-09 11:00:00,113.99,111.87,112.31,0.6041583584338512,-0.002933307387521178,-0.011978612004786782,0.00012203008092636845,-0.27609708952241263,0.21205919333445275,0.05873743824976683
2025-09-09 15:00:00,112.46,110.8,111.92,-0.031552031507615264,-0.014257106049518131,-0.011984933091845784,0.00013040087673863351,0.13240464889353798,0.15112185132574407,0.05840797802380828
2025-09-09 19:00:00,112.27,111.35,111.87,-0.8182331385867507,-0.004674154248930806,-0.017086833920576527,0.00013319787020171133,0.0658078133707114,0.16496777076249658,0.05817372878837647
2025-09-09 23:00:00,113.21,111.52,113.12,-0.633135944758414,-0.003916296886437909,-0.016836469832100853,0.0001477819714314378,0.1978860806665601,0.18305649030733234,0.05784977935269245
2025-09-10 03:00:00,113.29,112.2,112.77,-0.8438010003641252,-0.0018290289296999385,-0.004233759767388379,0.00016264272733462783,-0.16742799222867877,0.20162430087767844,0.05800408644222205
2025-09-10 07:00:00,113.28,112.62,112.91,-0.7953569863475265,-0.008942388983351646,0.007452932068885865,0.0001913099218828334,-0.1740794226371829,0.2130415699988556,0.05807233983511379
2025-09-10 11:00:00,115.23,112.71,114.05,1.1637624590065403,0.010421924140060046,-0.002933307387521178,0.00020661996332231282,0.3931045298667215,0.2614526018742782,0.05786137019403545
2025-09-10 15:00:00,118.73,114.05,115.95,3.1938367540711465,0.04379031982714765,-0.014257106049518131,0.0002331162735322904,0.049956702430535405,0.35215410464298813,0.05941393746889032
2025-09-10 19:00:00,116.5,114.87,116.2,-0.45574034298374105,0.03345736113119435,-0.004674154248930806,0.0002819959289936696,0.15292323848623557,0.31928507504098097,0.06135665174764775
2025-09-10 23:00:00,117.8,116.02,116.04,-0.08193875342058375,0.04051377660503963,-0.003916296886437909,0.0003166573491844701,-0.16194392034324967,0.3705707964377079,0.06055671042393601
2025-09-11 03:00:00,117.0,115.92,116.85,-0.7006630136558754,0.03252554545166264,-0.0018290289296999385,0.0003580886090756907,0.2866000237665389,0.41503232269465373,0.06111060726830687
2025-09-11 07:00:00,117.68,116.48,117.38,-0.23103045820374735,0.034903509713099856,-0.008942388983351646,0.00040156317245675473,0.09907552881033821,0.5687824548007199,0.06358363886370065
2025-09-11 11:00:00,117.55,112.95,113.9,4.153032435918537,0.009479319644284834,0.010421924140060046,0.0004557560359972092,-0.2674139721898219,0.4944931537909194,0.06474257902330578
2025-09-11 15:00:00,114.94,113.64,114.83,0.038518217114178625,-0.018359223285945858,0.04379031982714765,0.0004978007656495523,-0.04444196857876814,0.4276889239586935,0.0625546396427702
2025-09-11 19:00:00,116.12,114.68,115.93,-0.4605408682055715,-0.002357954497365755,0.03345736113119435,0.0005177500930134807,-0.11087785902372571,0.4981601677625662,0.058817784120425716
2025-09-11 23:00:00,116.96,114.72,115.89,0.6711559599972545,-0.008809864113937693,0.04051377660503963,0.0005452715358953954,0.04948088038308329,0.5309006191430581,0.05867446668531501
2025-09-12 03:00:00,116.46,115.25,116.02,-0.013324242659748834,-0.006401101114678176,0.03252554545166264,0.000582248381775656,-0.29604802680659503,0.5214236664889669,0.05965157189754174
2025-09-12 07:00:00,116.3,115.34,115.51,-0.3789224776047457,-0.010847569913245092,0.034903509713099856,0.000608212549756967,-0.14097149015395405,0.5218580391508274,0.060138390789166975
2025-09-12 11:00:00,116.86,114.92,116.7,-0.09533570112374624,0.00504967428229941,0.009479319644284834,0.0006184454421268421,0.26836017786001487,0.5330858957506512,0.060993359150549556
2025-09-12 15:00:00,117.82,115.83,117.2,0.8592050837072364,0.024021080476902767,-0.018359223285945858,0.0006254469511584777,-0.002784948095853945,0.6096682056617801,0.061625418318998995
2025-09-12 19:00:00,118.01,116.82,117.79,0.21057569965745992,0.01756004331308403,-0.002357954497365755,0.0006403409470742798,0.08478892726618881,0.6324292999427068,0.06401865509086949
2025-09-12 23:00:00,118.55,117.46,117.84,-0.45699279406891175,0.01898536101157,-0.008809864113937693,0.0006523010922717678,0.04101046714025669,0.6766897289047019,0.06635133169256564
2025-09-13 03:00:00,119.49,117.63,118.99,0.20703123062096448,0.02251293133405441,-0.006401101114678176,0.0006688003255186445,0.5722846207476824,0.6940877318655908,0.06931289856742184
2025-09-13 07:00:00,120.54,118.52,119.92,0.35676816965310015,0.0348354841770846,-0.010847569913245092,0.0006864107691826211,0.3621980907994604,0.7890456783076104,0.07356066478329384
2025-09-13 11:00:00,120.83,118.0,119.84,0.8997983780977641,0.03478587892928653,0.00504967428229941,0.000722267563371297,-0.057201094432407285,0.8002836342639932,0.0780824609540024
2025-09-13 15:00:00,120.75,117.8,119.66,1.5528335143158383,0.017702291731188646,0.024021080476902767,0.0007579845559504766,-0.030450511513220424,0.7469989578996441,0.08177429512163105
2025-09-13 19:00:00,120.18,118.96,119.29,0.9648041466567194,0.01748482896690229,0.01756004331308403,0.0007809465817673659,-0.46429362125388274,0.7684709944516636,0.08505956288772687
2025-09-13 23:00:00,119.69,116.87,117.69,4.2487109035250015,0.00021514911517206414,0.01898536101157,0.0008150820536733166,-0.40669493350722796,0.6783732312798469,0.08716598525310672
2025-09-14 03:00:00,117.93,115.74,117.19,1.4341423912710856,-0.013703914052887844,0.02251293133405441,0.0008472131223138817,-0.2182408157161425,0.5866186964991259,0.0872942309800492
2025-09-14 07:00:00,117.25,115.95,116.57,-0.21903494176056243,-0.025815485268743887,0.0348354841770846,0.0008593668090701743,-0.35952382427915075,0.584143716410468,0.08699488785993834
2025-09-14 11:00:00,116.7,113.93,114.66,0.5837303895021266,-0.03884829830892389,0.03478587892928653,0.0008814842184673396,-0.02631886765741298,0.4915014105569536,0.08655621405225526
2025-09-14 15:00:00,115.55,114.17,115.03,-0.056130202797502145,-0.03501506354261952,0.017702291731188646,0.0008810366993819853,-0.002520260141894548,0.47055062413691373,0.08376447485990113
2025-09-14 19:00:00,116.11,114.77,115.88,-0.6918506899363865,-0.0341571619219555,0.01748482896690229,0.000868228909107455,0.9556306536934136,0.4980624781326693,0.08228397505809265
2025-09-14 23:00:00,116.07,114.59,115.73,-0.7341747480463939,-0.0222311496736457,0.00021514911517206414,0.0008588743292556212,0.6043374876273286,0.5043811353317372,0.08166825070154
2025-09-15 03:00:00,116.76,115.25,115.71,-0.45350604365065916,-0.005624223905585035,-0.013703914052887844,0.0008318290188259178,0.11505405616158448,0.5431167553841464,0.08082720998808549
2025-09-15 07:00:00,116.31,112.41,113.46,1.2033209273301926,-0.02538140825826074,-0.025815485268743887,0.0008244710899398244,0.15990048575278615,0.3878877990077608,0.08217738609839115
2025-09-15 11:00:00,114.23,112.74,112.81,0.5944144199974061,-0.015632161626763064,-0.03884829830892389,0.0008021015213180615,0.2131086749472817,0.37207750596141415,0.08212266214322404
2025-09-15 15:00:00,113.52,111.92,113.4,0.22146032354464265,-0.01956348644799244,-0.03501506354261952,0.0007777834759757896,-0.03520082724743101,0.32150272954607456,0.08156059074939997
2025-09-15 19:00:00,113.77,112.9,113.57,-0.7493565502727736,-0.016236493050067247,-0.0341571619219555,0.0007293697103130098,-0.06261395428343008,0.3739151773556435,0.08087658885666721
2025-09-15 23:00:00,114.01,112.84,112.92,-0.5478348108505008,-0.016382879789313964,-0.0222311496736457,0.0006830699172632967,-0.08027245454911058,0.37901101602194526,0.08105804751790459
2025-09-16 03:00:00,114.48,112.0,113.85,0.2937311444671219,-0.0237971899128393,-0.005624223905585035,0.0006455659746989237,0.09570609723321821,0.36008676933456396,0.07904047303032016
2025-09-16 07:00:00,115.23,113.85,114.25,0.3670655573468406,0.008612860081099738,-0.02538140825826074,0.0006091855698440598,0.2501071805557833,0.4527944392215856,0.07740964116637708
2025-09-16 11:00:00,114.72,113.2,114.54,0.45656759517935164,0.004663699435762059,-0.015632161626763064,0.0005936727975237838,-0.19273199407652364,0.40714947902913956,0.07575616744787131
2025-09-16 15:00:00,115.79,114.14,114.92,0.05441548307113902,0.020993262783819633,-0.01956348644799244,0.0005617352424605373,0.07504980963244012,0.47831462735970154,0.07452951224947095
2025-09-16 19:00:00,115.56,114.7,115.25,-0.4612420294424805,0.014394753838489427,-0.016236493050067247,0.0005409984743098635,-0.10141931632811829,0.4821931214923984,0.07294801673787842
2025-09-16 23:00:00,115.87,114.84,115.59,-0.7251667441875732,0.014507715429453727,-0.016382879789313964,0.0005266360418675986,0.12535300645101133,0.4882125909768566,0.0722193557886889
2025-09-17 03:00:00,115.72,113.76,115.32,-0.3711030446489471,0.012411358222509605,-0.0237971899128393,0.0005172400336869319,-0.22142576727192398,0.4532738988565708,0.0719889568019803
2025-09-17 07:00:00,115.43,113.94,114.11,-0.5429030314428988,0.0014833857335645462,0.008612860081099738,0.0004997737532040038,-0.1630028726221443,0.4640695375053943,0.07278683149753494
2025-09-17 11:00:00,114.73,113.5,113.91,1.2653941841256966,0.0014836816916070639,0.004663699435762059,0.0004901844795109595,0.3073458308707353,0.4183591042749996,0.07309651924438774
2025-09-17 15:00:00,115.33,113.13,113.73,1.1884375982325797,-0.006547116955656795,0.020993262783819633,0.000475625375625264,0.0034983135713682056,0.4283834226925523,0.07336517918009733
2025-09-17 19:00:00,117.29,113.7,117.12,0.17347918994233172,0.004843496247637136,0.014394753838489427,0.00045914854943564074,0.17894747417375712,0.5191505479084765,0.0717961249130639
2025-09-17 23:00:00,117.75,116.67,117.57,0.21838482152071714,0.01784190214339909,0.014507715429453727,0.0004514525813366657,0.18438259439934157,0.6244594129959739,0.0723228707034148
2025-09-18 03:00:00,118.12,114.91,115.05,0.6340886880694497,0.017561284090815477,0.012411358222509605,0.0004644567187507487,0.03708646684397188,0.5867642578594039,0.07296493771371103
2025-09-18 07:00:00,116.26,115.02,115.33,0.2707427938046601,0.007168821890079613,0.0014833857335645462,0.0004642251298713105,0.10133765441708031,0.5186400179932599,0.07237991743698646
2025-09-18 11:00:00,116.51,115.29,116.27,-0.24425774405462797,0.015629756263068728,0.0014836816916070639,0.00044855628721918883,-0.18943315003415473,0.5366214363662455,0.07144499714382166
2025-09-18 15:00:00,118.8,116.1,118.75,1.9490851949774661,0.02776277744236655,-0.006547116955656795,0.0004265054733161167,0.25663510277945467,0.6387283927071551,0.07093410405621789
2025-09-18 19:00:00,119.11,117.84,118.07,-0.18925160272836897,0.02440762400969243,0.004843496247637136,0.00041068148259328145,-0.06325196334990957,0.7062905731544933,0.07107135939610451
2025-09-18 23:00:00,119.47,117.59,117.86,0.23788882793568988,0.010341684224868475,0.01784190214339909,0.0004092337460735938,-0.18017779870021555,0.7048410463061342,0.0701279627162948
2025-09-19 03:00:00,118.31,116.28,116.69,-0.2607314507084817,0.004035820613441876,0.017561284090815477,0.0004196402353794347,-0.09386293294438075,0.617980891056778,0.07046875245336538
2025-09-19 07:00:00,117.8,116.13,116.58,-0.5300062237247302,0.011515861342234368,0.007168821890079613,0.00041376198831457174,-0.09517973239666844,0.6069294428204696,0.0700733854093093
2025-09-19 11:00:00,116.61,115.3,115.59,-0.029746024289261784,0.0004994962480278087,0.015629756263068728,0.00041803959639989284,-0.09116472373613438,0.5404599393297433,0.0690102075989539
2025-09-19 15:00:00,115.8,113.86,113.99,0.7055420356613309,-0.022171972674156826,0.02776277744236655,0.0004179795015510122,-0.3189584561287335,0.4660784498311084,0.06823811796008648
2025-09-19 19:00:00,114.61,113.61,114.27,-0.8766818809438697,-0.036513076736337524,0.02440762400969243,0.000401853198680413,-0.0016966872141527256,0.4496808425921557,0.06605913290234276
2025-09-19 23:00:00,114.58,113.37,114.24,-0.8716507626027824,-0.037647092958381756,0.010341684224868475,0.0003796698270572293,0.17670139743681146,0.43863771734342094,0.06532332916812462
2025-09-20 03:00:00,114.65,113.96,114.57,-0.9275638990599057,-0.023336418033359174,0.004035820613441876,0.00035034236509858473,0.40631424562488094,0.4681676681437552,0.0638897750782158
2025-09-20 07:00:00,115.31,113.59,113.61,-0.4852056567740874,-0.022242781695866132,0.011515861342234368,0.0003209150213251899,0.01141017466237737,0.4729101755486525,0.06383537918261654
2025-09-20 11:00:00,114.4,113.4,114.33,-0.8292714508059857,-0.018434523368762834,0.0004994962480278087,0.00029164971496305545,0.14239693415464716,0.4340366100725889,0.06328029909022817
2025-09-20 15:00:00,114.89,113.64,113.75,-0.880434205118606,-0.0039427732245985725,-0.022171972674156826,0.00025505959986334544,0.11431366184344327,0.4746757669241965,0.06431916850581317
2025-09-20 19:00:00,114.42,113.6,114.18,-1.0785646000396667,-0.0013286284348232869,-0.036513076736337524,0.00022709623291030433,-0.12331943277382151,0.4457087810810434,0.06448114005712294
2025-09-20 23:00:00,114.41,113.68,114.33,-1.120881969650929,0.00030676218046643555,-0.037647092958381756,0.00019587627761378213,-0.17595065188204284,0.44796305851178847,0.06472199573919872
2025-09-21 03:00:00,114.99,114.05,114.87,-0.9919806592055412,0.0018582221767342588,-0.023336418033359174,0.00016566272212949115,-0.11423756377066785,0.4907699160971432,0.06434600133456411
2025-09-21 07:00:00,116.27,114.46,114.94,-0.17851884345951316,0.007820443259592746,-0.022242781695866132,0.00014630905088107297,0.047640866863889686,0.5374608512520022,0.06395510614775018
2025-09-21 11:00:00,115.39,114.6,114.77,-0.9530438699057774,0.009922763020589365,-0.018434523368762834,0.00013808225498791542,0.086255203203502,0.5155542980386143,0.063667934698792
2025-09-21 15:00:00,115.96,114.6,115.35,-0.49177924352048646,0.007688067037549651,-0.0039427732245985725,0.0001327841357164466,0.10460694310067353,0.5950985395765647,0.06324429527430284
2025-09-21 19:00:00,115.42,114.27,114.91,-0.8277077925157885,0.008092947953535878,-0.0013286284348232869,0.00012889573132958702,0.16826926098786266,0.5880541483205447,0.0635801047219567
2025-09-21 23:00:00,114.9,110.01,110.71,2.121550027551831,-0.016205332462069566,0.00030676218046643555,0.00012353265341649442,-0.05579535897262089,0.361136181342655,0.0699583182210427
2025-09-22 03:00:00,111.54,102.2,106.91,4.231867945292038,-0.06440667462663896,0.0018582221767342588,0.00010145091545322942,-0.0930989608471271,0.0,0.08370750917318065
2025-09-22 07:00:00,106.9,104.79,105.75,1.177279472288804,-0.08317565756902778,0.007820443259592746,2.5932215174691963e-05,0.004437010962097032,0.0,0.09699513136205812
2025-09-22 11:00:00,106.7,105.29,105.87,0.40767823308571477,-0.07845692754677647,0.009922763020589365,-6.422065741188276e-05,-0.14320215226859023,0.01858958740319842,0.10696143096611711
2025-09-22 15:00:00,106.01,104.59,104.92,0.12084409647507746,-0.0869432968567383,0.007688067037549651,-0.0001504647131263774,-0.08160032180816601,0.0,0.11848991539424579
2025-09-22 19:00:00,106.16,104.59,105.72,-0.5417870526898276,-0.08321669817906341,0.008092947953535878,-0.00024188168417409452,-0.02496573857309181,0.006906908990530078,0.12496769172700996
2025-09-22 23:00:00,106.16,104.74,104.82,-0.1564448711034715,-0.0584933163802378,-0.016205332462069566,-0.00033639644053042674,-0.23927577540268152,0.024822040222629276,0.13411873587996173
2025-09-23 03:00:00,106.65,104.39,106.44,-0.018185683762962333,-0.012625636298199905,-0.06440667462663896,-0.00042407631622198556,-0.015785745074383684,0.04302805551308025,0.1358265443953343
2025-09-23 07:00:00,106.68,105.75,106.36,-0.5373625012899621,0.005130373118254594,-0.08317565756902778,-0.0005057198989952486,-0.014329217275860673,0.06611890083069015,0.1383680129589428
2025-09-23 11:00:00,107.24,105.91,106.4,-0.20327896180777735,0.006186114682749544,-0.07845692754677647,-0.000574011321061126,0.08472017018444578,0.09190215765742248,0.1402212178380498
2025-09-23 15:00:00,106.98,105.36,106.01,-0.14256200751315648,0.0090315449456988,-0.0869432968567383,-0.0006502508423057057,0.1558947629316798,0.06494594726810188,0.1427896969732518
2025-09-23 19:00:00,106.76,105.67,106.3,-0.5825275046687064,0.008342377588899774,-0.08321669817906341,-0.000738156045667119,0.0925998496632161,0.06695466563083996,0.14392755024318415
2025-09-23 23:00:00,107.6,106.04,107.1,-0.5912303621206485,0.01186058795538969,-0.0584933163802378,-0.0008173518503012911,0.8423279367776693,0.11040607345795002,0.14442976303360613
2025-09-24 03:00:00,107.5,104.56,106.92,2.946310157036201,0.008036038989263306,-0.012625636298199905,-0.0008924321510710055,0.039349641523162004,0.10116108272394685,0.14646547327259105
2025-09-24 07:00:00,107.14,106.54,107.11,-0.6486370043936479,0.005710252586192732,0.005130373118254594,-0.0009619961236936746,0.10629496629336921,0.10755895081023556,0.14791124461170474
2025-09-24 11:00:00,107.69,105.97,107.34,-0.20103110610941813,0.0007222762982435071,0.006186114682749544,-0.0010298919543651796,-0.2260758067461338,0.09716243387046548,0.1497058518668968
2025-09-24 15:00:00,107.46,106.26,106.28,-0.45224840147218015,0.005292474992039331,0.0090315449456988,-0.0010859936256247314,-0.09912696166572599,0.10334792276974306,0.15399757958824026
2025-09-24 19:00:00,106.53,105.79,105.91,-0.6093092379258817,-0.00157114234583966,0.008342377588899774,-0.0011304071452599728,-0.11528987763667797,0.055551366999546284,0.15706803905607658
2025-09-24 23:00:00,106.12,104.53,105.44,-0.010734813425361344,-0.014308937247257347,0.01186058795538969,-0.0011859846799427772,-0.2865447224004224,0.005930541720009872,0.16057207542659988
2025-09-25 03:00:00,105.45,103.31,103.85,0.14063053610452972,-0.02342194139322007,0.008036038989263306,-0.0012405359280498142,-0.014211154164058493,0.0,0.16736045449872355
2025-09-25 07:00:00,104.67,103.36,103.36,-0.5675658140336213,-0.025595050803306485,0.005710252586192732,-0.0012944562581488834,-0.050588443834673535,0.0,0.1735345014949061
2025-09-25 11:00:00,105.27,101.85,104.77,0.9255100858861004,-0.028801577278878,0.0007222762982435071,-0.0013474287288006708,0.16831798962393352,0.0,0.17470689513351248
2025-09-25 15:00:00,104.85,100.25,103.18,1.532386327399941,-0.04091321867093034,0.005292474992039331,-0.0014262963451715303,-0.02311708070670171,0.0,0.18232343583613692
2025-09-25 19:00:00,103.77,101.94,102.41,-0.3071895800262576,-0.031043975662728096,-0.00157114234583966,-0.0014998507112514083,-0.011004075527876855,0.02148549150450697,0.1891491885545946
2025-09-25 23:00:00,103.9,101.52,103.29,-0.44222061484007463,-0.024143895127306747,-0.014308937247257347,-0.0015639562511747117,0.17128405792267176,0.022806804395111572,0.1917145974057739
2025-09-26 03:00:00,103.63,102.62,102.99,-0.8003192353302513,-0.010438975039263165,-0.02342194139322007,-0.0016161122774395686,-0.07779832484080085,0.0427685579967913,0.1962040608303478
2025-09-26 07:00:00,103.36,101.2,101.5,-0.2804247747731765,-0.0165444123862597,-0.025595050803306485,-0.0016819865720703112,0.07840891472360689,0.0,0.2042405897870546
2025-09-26 11:00:00,103.5,100.97,102.86,-0.062324087615502434,-0.01205846013123657,-0.028801577278878,-0.0017397513546086264,0.0939954776853229,0.0,0.20459142580679246
2025-09-26 15:00:00,104.88,102.82,104.54,-0.6935417262562628,0.016549453339578246,-0.04091321867093034,-0.0017633584736688362,0.09547015449122154,0.09915048868541423,0.20239565702727508
2025-09-26 19:00:00,104.78,103.73,104.43,-0.843692440312376,0.014130294979216806,-0.031043975662728096,-0.0017875206372652136,-0.01828495358643578,0.10675888045798827,0.2033632760971528
2025-09-26 23:00:00,104.66,103.26,103.59,-0.5550705145814603,0.010181801289542713,-0.024143895127306747,-0.0018141761191712525,-0.3519982235521366,0.08494972134641128,0.20594065599347042
2025-09-27 03:00:00,104.08,103.57,103.87,-1.0901145112902517,0.006348784968652765,-0.010438975039263165,-0.0018300009688783465,0.11279653352288688,0.08251882618184517,0.20598519410392194
2025-09-27 07:00:00,104.5,103.33,104.27,-0.7697194780484898,0.015119832371423003,-0.0165444123862597,-0.001838389786062624,0.07880532563022813,0.08926024153825919,0.20597835867566985
2025-09-27 11:00:00,104.87,103.93,104.6,-1.0032402734645018,0.020002469724006655,-0.01205846013123657,-0.0018247560676655176,0.11987254253602986,0.1167476102426343,0.20581298221636757
2025-09-27 15:00:00,104.96,104.07,104.46,-0.8736302289737432,0.0042315287251775136,0.016549453339578246,-0.0018089832619241067,0.08905700944997874,0.12426804028191117,0.20657647305168242
2025-09-27 19:00:00,104.93,104.25,104.68,-0.9537075422069825,0.003406039232377367,0.014130294979216806,-0.0017972443929374145,-0.1675362516791511,0.12700239753952464,0.2038155725765241
2025-09-27 23:00:00,104.81,103.67,103.79,-1.0912409418814115,0.003424249272542479,0.010181801289542713,-0.001786991665343029,0.488472846045064,0.10522678832298066,0.20293469765940517
2025-09-28 03:00:00,104.22,103.57,103.9,-1.0879720700254756,0.0009330855553870698,0.006348784968652765,-0.00178674182260442,0.07767524860678643,0.08804192622521495,0.20195790296838834
2025-09-28 07:00:00,104.25,103.17,103.6,-0.913485697256216,-0.0029443952822775232,0.015119832371423003,-0.0017974338121006452,-0.1640220492754575,0.07181199062728076,0.2014700974359719
2025-09-28 11:00:00,104.47,102.7,104.21,-0.5746241473644736,-0.009805999355574468,0.020002469724006655,-0.0018074531156240243,-0.3518205050220896,0.05836850135562348,0.19771151724300592
2025-09-28 15:00:00,105.41,104.19,105.4,-0.7646057813853702,0.0028617593012598697,0.0042315287251775136,-0.0017990554463736803,-0.1799108544976834,0.14132678087337291,0.18912241774016864
2025-09-28 19:00:00,107.04,105.17,106.93,-0.4528618657306834,0.016142259810729698,0.003406039232377367,-0.0017799840756718165,0.1205165972753921,0.22326938159379833,0.18010128044938703
2025-09-28 23:00:00,107.25,106.46,106.79,-0.49479198757568693,0.02558816078391657,0.003424249272542479,-0.0017587270794833787,0.1411594585510585,0.2572687368141829,0.17381076505146278
2025-09-29 03:00:00,106.78,105.71,105.71,-0.7466722290830492,0.021526559219839925,0.0009330855553870698,-0.0017522147423624742,-0.24253267498308373,0.21558036804545147,0.17027202009555417
2025-09-29 07:00:00,106.51,105.56,105.74,-0.8577995332473306,0.023695440825600267,-0.0029443952822775232,-0.001734084095461283,0.022610930043585054,0.21181583348709102,0.16458411159223768
2025-09-29 11:00:00,107.66,105.3,106.56,0.766336173503121,0.030549814201615177,-0.009805999355574468,-0.0017248988085753819,0.2932204535344496,0.23846051961200532,0.15839536917367342
2025-09-29 15:00:00,106.76,105.45,105.83,-0.3008464194813234,0.01268091417577799,0.0028617593012598697,-0.0017261748947708841,0.06936834567746053,0.21713311520801765,0.15617097102096472
2025-09-29 19:00:00,107.18,105.78,106.98,-0.7443026330773025,0.0034862362239134193,0.016142259810729698,-0.0017214509458007108,0.22432443044458839,0.24439572609968127,0.15053549951955464
2025-09-29 23:00:00,107.31,106.3,106.34,-0.7090918594681933,-0.001241218854247661,0.02558816078391657,-0.0017115886333723886,-0.2624156317459896,0.24970483786105238,0.14727463138937763
2025-09-30 03:00:00,106.71,106.05,106.19,-0.5389319807008369,0.002074565870710199,0.021526559219839925,-0.0017066293129854551,0.06978964715289204,0.22813613886721368,0.14260473705607105
2025-09-30 07:00:00,106.3,105.11,105.38,-0.5572004768668308,-0.004725918527358708,0.023695440825600267,-0.0017122638726986767,-0.12854947454939425,0.18323123059300392,0.13978158307068483
2025-09-30 11:00:00,105.87,104.72,105.17,-0.5389460923709289,-0.01199687743080291,0.030549814201615177,-0.0017037102761119523,0.03613767456577488,0.1655780461777951,0.13489191100493184
2025-09-30 15:00:00,105.36,103.84,105.26,-0.09781181407696667,-0.015137757647483596,0.01268091417577799,-0.0017078802373818088,-0.1380477858402026,0.12549226573641944,0.12996326784222034
2025-09-30 19:00:00,107.61,105.19,106.41,-0.04375396270219639,0.002299343087204475,0.0034862362239134193,-0.0016587539041372113,-0.15640074423263806,0.25837815900649636,0.1226448277808291
2025-09-30 23:00:00,107.11,105.98,106.16,-0.6631257503199257,-0.0014263324805569022,-0.001241218854247661,-0.0016307289412690368,0.2777211104997397,0.24102365833920214,0.11623544106193047
2025-10-01 03:00:00,106.7,105.39,105.53,-0.7386725332714879,-0.0016316302467276333,0.002074565870710199,-0.0016040877315499358,0.02175577838415177,0.21824063442991667,0.10850444449498622
2025-10-01 07:00:00,110.77,105.44,109.45,1.8148514883519105,0.03219450870586971,-0.004725918527358708,-0.0015367985737810026,0.1280290832879165,0.37703866366527816,0.09685322761654605
2025-10-01 11:00:00,111.6,109.45,111.13,1.0955170393276195,0.051589083445574335,-0.01199687743080291,-0.0014630477871466112,0.07868145249101177,0.4752279934888713,0.08921926668766522
2025-10-01 15:00:00,111.9,110.48,111.31,0.6225464876301208,0.06264819872791949,-0.015137757647483596,-0.0013991493660717167,0.11490622218005875,0.49901035101626073,0.08121427186318905
2025-10-01 19:00:00,115.06,111.16,114.85,0.8062428827473116,0.05634618618955911,0.002299343087204475,-0.0013144620685649228,0.1812119771123626,0.6018103007159599,0.07856744112484727
2025-10-01 23:00:00,121.5,113.97,118.36,5.0,0.11267896123973142,-0.0014263324805569022,-0.0011688646777971582,-0.05748880262239586,0.9258507132469365,0.09166345376538726
2025-10-02 03:00:00,119.15,117.43,117.96,1.0416896715164081,0.11286796351265371,-0.0016316302467276333,-0.0010377052360411505,0.09542667000455296,0.9016449118075,0.10608590312329844
2025-10-02 07:00:00,122.59,117.93,122.11,2.757091856108677,0.10160118266951912,0.03219450870586971,-0.0008955554571184304,0.20275387535145728,0.9999999994345353,0.12295336693788673
2025-10-02 11:00:00,122.71,117.18,117.7,2.9316740019986582,0.08490393371727123,0.051589083445574335,-0.0007637922973671278,-0.25442946668056954,0.9999999994360869,0.13697236940980084
2025-10-02 15:00:00,120.01,117.43,119.22,1.5048052571131278,0.07002565391038984,0.06264819872791949,-0.0006372195962017332,0.01188274904687825,0.9322914379850468,0.1457950659145571
2025-10-02 19:00:00,120.19,118.92,119.04,0.053919910587367524,0.0591645304837316,0.05634618618955911,-0.0004980380853347032,-0.10755412934371555,0.971919856046646,0.15535823207295524
2025-10-02 23:00:00,119.68,117.19,117.54,0.05885362849137829,-0.0026047960723046826,0.11267896123973142,-0.0003544443060643785,-0.08852692712345223,0.8982364994101572,0.1637267020492678
2025-10-03 03:00:00,118.57,116.41,116.81,0.374667381919351,-0.005567715811568119,0.11286796351265371,-0.00021639660632838845,-0.1609844209515594,0.8546142996368967,0.17011498148488088
2025-10-03 07:00:00,117.59,115.79,117.41,0.15749563499373528,-0.02862443268352788,0.10160118266951912,-9.18217351025413e-05,-0.2043694940247105,0.8034786294630368,0.1748553348866791
2025-10-03 11:00:00,119.87,117.07,119.02,0.2830582264904644,-0.016627684512922403,0.08490393371727123,2.6271925636979835e-05,0.3011128051394889,0.8873906546081304,0.17944764636315202
2025-10-03 15:00:00,124.86,118.53,123.37,5.0,0.022396456872470605,0.07002565391038984,0.00014238377965517836,-0.0938513468311275,0.9999999994790414,0.1848674644661966
2025-10-03 19:00:00,123.91,120.6,120.91,0.6003678996675818,0.021579602459160352,0.0591645304837316,0.00027346299672490897,-0.002195521812489609,0.9999999994953616,0.1962980381877481
2025-10-03 23:00:00,121.0,119.07,119.8,-0.07872879772837155,0.01462186723860448,-0.0026047960723046826,0.0004107303688059744,-0.09493595390618581,0.8911048404536116,0.20415831904282364
2025-10-04 03:00:00,119.96,118.86,119.11,-0.5586486631088026,0.015373409232565916,-0.005567715811568119,0.0005285724577770706,-0.01012469042643993,0.8559540779343447,0.21029835573827182
2025-10-04 07:00:00,119.22,118.07,118.26,-0.5650899968829296,0.016487898890658936,-0.02862443268352788,0.0006453639470681974,0.021588480391013576,0.8160483404727137,0.21575101140813785
2025-10-04 11:00:00,118.94,117.68,117.9,-0.3483894921368653,0.0009504333422791778,-0.016627684512922403,0.0007539821737796572,-0.18316678158535338,0.7997786491436826,0.21985799717072724
2025-10-04 15:00:00,118.73,117.42,118.53,-0.5384381728125881,-0.027814525882175256,0.022396456872470605,0.0008541630668785003,0.07362606332645116,0.7980496767078401,0.22217130478361358
2025-10-04 19:00:00,120.15,118.53,120.0,-0.5770449538769867,-0.02339944550116757,0.021579602459160352,0.0009480651657272194,0.2526867479790651,0.8557273007220493,0.2237323545444964
2025-10-04 23:00:00,124.14,119.89,123.88,0.6290732406819288,0.015479683033465808,0.01462186723860448,0.0010325201322088648,0.34693457055140886,0.9848614244892988,0.2241316336623626
2025-10-05 03:00:00,124.17,120.55,121.0,1.4047328559233783,0.02213165052065813,0.015373409232565916,0.0011530438677586517,0.14469130913969863,0.9892220275964166,0.23287248657295126
2025-10-05 07:00:00,122.54,119.9,120.03,0.25367371734502064,0.02311493509555551,0.016487898890658936,0.0012850662624815357,-0.07749829089809657,0.9543148181278815,0.2367070018790992
2025-10-05 11:00:00,120.6,119.4,119.98,-0.4062298765197919,0.015257577306525105,0.0009504333422791778,0.0014238634068452854,0.08213417556387359,0.8907965776953685,0.2390711326670343
2025-10-05 15:00:00,120.35,118.78,119.44,-0.5327411597993859,0.011237228917094111,-0.027814525882175256,0.0015437400411795713,-0.13800947871861624,0.8650650908089204,0.24086397907243154
2025-10-05 19:00:00,119.45,118.35,118.61,-0.5955449920666925,-0.004771350171532629,-0.02339944550116757,0.0016658717472943494,-0.26678901595595794,0.8269972199402592,0.24188358184133274
2025-10-05 23:00:00,120.5,118.1,120.26,0.2535835145044332,-0.021969007684200847,0.015479683033465808,0.0017628519703989118,0.0025683581015596424,0.8497408784654383,0.2391937238539225
2025-10-06 03:00:00,121.47,119.44,120.55,0.11263647019698074,-0.010804042991635954,0.02213165052065813,0.0018267179557079176,-0.09598418724191582,0.9227245682511341,0.23886445486901994
2025-10-06 07:00:00,120.93,119.73,120.14,-0.4674114690240796,-0.007803107383225094,0.02311493509555551,0.0018903818102621703,0.07335321364005254,0.9065601062731836,0.23810758291452203
2025-10-06 11:00:00,120.8,119.65,120.08,-0.25729711935092925,0.0008371094372363608,0.015257577306525105,0.0019369570079819385,0.11855699888227833,0.8958664829771913,0.2372441273021094
2025-10-06 15:00:00,121.39,118.64,120.22,0.6418710686097414,0.0032780385760831088,0.011237228917094111,0.001981746754139059,0.15823330120800327,0.8848339945779232,0.2368618780089354
2025-10-06 19:00:00,120.28,118.13,118.48,-0.22137844663946743,0.004104772449498029,-0.004771350171532629,0.0020252547149845817,0.009013537604683819,0.8515956569446699,0.2389153997984365
2025-10-06 23:00:00,119.04,117.67,117.96,-0.3075761056901481,-0.007217162876372862,-0.021969007684200847,0.0020669686299651323,-0.08919446162798239,0.8063268512202074,0.2374167331301655
2025-10-07 03:00:00,119.27,117.37,117.99,-0.364474912551891,-0.01947689280082887,-0.010804042991635954,0.0020872574261279336,0.09248135735834406,0.8041420263389173,0.2347259775147395
2025-10-07 07:00:00,118.72,117.46,117.99,-0.07887810146879881,-0.019271199699471442,-0.007803107383225094,0.002111408472141756,-0.06376642718325742,0.7895414087709755,0.2321047102117756
2025-10-07 11:00:00,119.19,116.28,116.62,0.4239505750342083,-0.020482776293901606,0.0008371094372363608,0.002135111242905089,-0.23402748108541327,0.7717098777101936,0.23172459360679745
2025-10-07 15:00:00,116.88,115.16,115.46,0.4157055418243011,-0.03338601272797348,0.0032780385760831088,0.0021833658438439405,-0.1439278276302186,0.6828325907156056,0.23032722897938804
2025-10-07 19:00:00,117.49,115.43,117.41,-0.6321168525904538,-0.021448378451631944,0.004104772449498029,0.0021668336132316854,0.18727875259086146,0.7225355795254117,0.22318449198340454
2025-10-07 23:00:00,118.32,116.57,117.73,-0.34028508224993576,-0.00678429831395011,-0.007217162876372862,0.0021533999903345096,-0.09609596377411611,0.7658112055184971,0.21826476578950793
2025-10-08 03:00:00,117.83,115.34,115.85,-0.2931891760652882,-0.01454021793747362,-0.01947689280082887,0.0021826012639710323,-0.15434226045130994,0.7173400066319694,0.2167564644371131
2025-10-08 07:00:00,117.39,115.56,116.72,-0.39359399192558203,-0.012935134531703696,-0.019271199699471442,0.0021860806958480007,0.21918799534638733,0.7125102577978335,0.20959415508537843
2025-10-08 11:00:00,117.68,115.79,116.51,-0.274617355080865,-0.008797413721401193,-0.020482776293901606,0.002183471053423532,0.3320544014834741,0.7194765011808605,0.2046113560014676
2025-10-08 15:00:00,119.6,116.17,118.65,0.28246803965846995,0.019035726066479963,-0.03338601272797348,0.0021543065072321984,0.27040265080038917,0.7941626280736447,0.19698225257927396
2025-10-08 19:00:00,118.9,117.71,118.39,-0.7927422778256183,0.014885793960324856,-0.021448378451631944,0.0021561945170354025,-0.17569875477553631,0.8101858381008112,0.19442595217830488
2025-10-08 23:00:00,119.49,116.85,117.09,-0.16176743467673713,0.007191626037123866,-0.00678429831395011,0.0021597119099283787,0.20740433935849234,0.8084680279733986,0.19287846626967042
2025-10-09 03:00:00,120.0,117.09,117.73,0.7144777964013621,0.019627813355605372,-0.01454021793747362,0.002146231424555525,0.26773524384998115,0.8328101589743723,0.18692672337766605
2025-10-09 07:00:00,118.07,115.44,116.63,0.3775384095628664,-5.494168212194506e-05,-0.012935134531703696,0.002178503993143804,-0.2735567870095601,0.7121873020023698,0.18323259076259438
2025-10-09 11:00:00,119.05,116.36,118.03,0.5968438243678099,0.008896936375970776,-0.008797413721401193,0.002124347456168863,-0.10632542574119386,0.7718360621058102,0.1763734247928612
2025-10-09 15:00:00,119.2,115.6,117.32,1.2122951940984799,-0.0015279755481760748,0.019035726066479963,0.002090148582539695,-0.10093286004247315,0.7850561861379105,0.17138985322098102
2025-10-09 19:00:00,128.2,117.28,126.68,3.4512151278608094,0.04399022264847452,0.014885793960324856,0.0019566290977416985,0.31875244787949364,0.999999999529722,0.15942361076603317
2025-10-09 23:00:00,129.61,124.91,128.07,4.987790059144709,0.07622697038561865,0.007191626037123866,0.001900353268879526,-0.02916217539708077,0.9999999996007154,0.15851800935811108
2025-10-10 03:00:00,132.83,125.8,127.75,5.0,0.09290261043427961,0.019627813355605372,0.001886875848816736,-0.01646279176263732,0.9999999996369723,0.15838931211840074
2025-10-10 07:00:00,130.99,127.01,129.77,1.9348572445413894,0.1092285059862732,-5.494168212194506e-05,0.0019352352366093545,0.34798817896858814,0.9741971106554356,0.15589674285596977
2025-10-10 11:00:00,135.99,129.78,131.88,4.478586181717334,0.13163689845399995,0.008896936375970776,0.00190114767891722,0.14080771422742733,0.9999999996751452,0.15479008149862303
2025-10-10 15:00:00,132.12,124.98,126.42,5.0,0.08392517626701124,-0.0015279755481760748,0.0020262711619565676,-0.044610188349264224,0.8268616838057362,0.15565484387937742
2025-10-10 19:00:00,128.25,52.71,98.1,5.0,-0.2054094755255782,0.04399022264847452,0.0026594469991191995,-0.1810383378028757,0.0,0.21875280011635004
2025-10-10 23:00:00,102.77,94.58,101.29,5.0,-0.2343739601625383,0.07622697038561865,0.002442669352803262,-0.13281953960607373,0.0,0.22060418557357825
2025-10-11 03:00:00,101.5,97.75,98.89,2.2355315525644657,-0.2339658422998674,0.09290261043427961,0.0021556540400845883,-0.17647636950030632,0.05528437893211596,0.23871912949352417
2025-10-11 07:00:00,100.69,97.48,98.49,1.212998832240489,-0.2345530485381515,0.1092285059862732,0.0019466149538735114,-0.005282527324625641,0.037858780447337766,0.25719555781927805
2025-10-11 11:00:00,98.65,95.18,96.03,1.2444239787028049,-0.2740097574652719,0.13163689845399995,0.0017604193276544156,-0.17410632975427343,0.0,0.2869534226910669
2025-10-11 15:00:00,97.97,95.44,97.17,0.5678397990140351,-0.24346651707769418,0.08392517626701124,0.0015146813148984456,0.13614745415916585,0.0009487044929649106,0.302254451738441
2025-10-11 19:00:00,97.18,90.05,93.93,1.1769757185536285,-0.050161387736499474,-0.2054094755255782,0.0013189357779370648,0.08247554233724719,0.0,0.33840196981732684
2025-10-11 23:00:00,94.28,91.61,92.59,0.2830934466702344,-0.04756666946053245,-0.2343739601625383,0.0010441842581854074,0.1637992582672263,0.0,0.3697054004625849
2025-10-12 03:00:00,96.07,92.47,95.94,0.037106179888321364,-0.051643095822954566,-0.2339658422998674,0.0007472765255150027,0.40061160834282217,0.036501759873886166,0.3739743803580694
2025-10-12 07:00:00,96.6,93.98,95.52,0.2519698817867465,-0.03620562144347561,-0.2345530485381515,0.0004746554009775368,-0.04126752737900896,0.05982176666374028,0.39088814169856856
2025-10-12 11:00:00,98.0,94.12,96.41,0.4805423114390765,-0.007039453469132817,-0.2740097574652719,0.00021560776313285344,0.21483610379130913,0.07642969093829337,0.4010926666381198
2025-10-12 15:00:00,99.97,96.21,99.01,1.7276644903395277,0.019370325064267613,-0.24346651707769418,-3.373550993457132e-05,0.02445555831829349,0.1407480910809744,0.39956043530513374
2025-10-12 19:00:00,102.16,98.37,98.84,0.4846767875033127,0.07425357244191444,-0.050161387736499474,-0.00023712847682313203,0.04205669243878507,0.18208281638616197,0.4088388269244083
2025-10-12 23:00:00,99.72,97.65,98.86,0.160604855524516,0.06279629690113175,-0.04756666946053245,-0.0004197824642260396,-0.02131395156103677,0.1449879046680947,0.4170589427497008
2025-10-13 03:00:00,100.11,95.79,97.32,0.6653097276737803,0.033663277923627666,-0.051643095822954566,-0.0006124902423762113,-0.1903707844654705,0.11545434961153327,0.4333363827480607
2025-10-13 07:00:00,98.7,96.7,97.92,0.5599492059301191,0.026349686060841426,-0.03620562144347561,-0.000812809101091627,0.06267903109765971,0.12223580714907221,0.4389295949318737
2025-10-13 11:00:00,98.8,94.81,96.07,1.2061379706474067,0.009723576601624817,-0.007039453469132817,-0.0010207896154734153,-0.13072075789228588,0.09962324518165495,0.4567387225235279
2025-10-13 15:00:00,100.05,96.04,99.23,0.574400794380868,-0.0026682971097645725,0.019370325064267613,-0.0012058377032558667,0.03198081452489898,0.13421180691118167,0.44537753306712086
2025-10-13 19:00:00,101.34,98.83,100.14,0.135418600302765,0.0006278098161582868,0.07425357244191444,-0.0013670692362444234,0.03890530271334636,0.1836466552037139,0.4445333705992946
2025-10-13 23:00:00,100.55,98.2,99.12,0.11689042595607464,0.006157579044610895,0.06279629690113175,-0.0015444515483051754,-0.10615633069222696,0.16009767167445502,0.45321412221610774
2025-10-14 03:00:00,99.25,91.85,93.7,0.5979573159034868,-0.019811465407739703,0.033663277923627666,-0.0017815802857961242,-0.0989443275177253,0.06742511503342505,0.4890196270413064
2025-10-14 07:00:00,95.0,91.85,92.93,0.5073246246376035,-0.04427625403766777,0.026349686060841426,-0.0020384055388973036,-0.016259093325104557,0.014595958741732593,0.5031375800528722
2025-10-14 11:00:00,94.67,91.12,93.69,0.745908078621177,-0.04229452272665124,0.009723576601624817,-0.002295386474557197,0.07428681406997528,0.0,0.5075135031145679
2025-10-14 15:00:00,97.32,93.28,97.27,0.6568473642413865,-0.026753547603315275,-0.0026682971097645725,-0.0024677950173390036,-0.04017036795415385,0.07093431908961402,0.49281586699827606
2025-10-14 19:00:00,98.5,96.1,97.65,0.36370843541387127,-0.027013802803634412,0.0006278098161582868,-0.0026348022829758397,-0.08200488052084676,0.11829172587020252,0.49337585179121046
2025-10-14 23:00:00,98.36,96.49,97.96,-0.14271563459499856,-0.020088215286835243,0.006157579044610895,-0.002818020300672618,0.01620251825937724,0.11249088551925032,0.49095167900523007
2025-10-15 03:00:00,98.68,96.75,98.33,-0.1470626976913194,0.02214023800955589,-0.019811465407739703,-0.0029859117384732816,0.18212778357104287,0.12200549558667281,0.4894568067404254
2025-10-15 07:00:00,99.97,97.43,97.72,-0.11260481404633442,0.05309854690980709,-0.04427625403766777,-0.0031399910096059917,-0.10226219346780618,0.13989685923371695,0.4933943869735267
2025-10-15 11:00:00,97.91,95.41,95.94,0.09360699969637719,0.04201457116400964,-0.04229452272665124,-0.003342868256837998,-0.19690328374032728,0.09669474725149205,0.5042581738199672
2025-10-15 15:00:00,96.35,93.36,95.33,0.10307215865343375,-0.010708320536299443,-0.026753547603315275,-0.003562805821134774,-0.22799415267001888,0.04552998773188231,0.5094500891874898
2025-10-15 19:00:00,95.33,93.38,94.45,-0.2693228080958318,-0.03229432009147182,-0.027013802803634412,-0.003729958471449002,0.02990870751640995,0.04014757187591779,0.5168205184803621
2025-10-15 23:00:00,96.38,94.43,95.94,-0.27693367667490243,-0.01911441376470746,-0.020088215286835243,-0.003828058510486894,0.1776080787029244,0.0663496784834043,0.5086076197824085
2025-10-16 03:00:00,95.97,93.84,95.5,-0.1486728438323227,-0.030471731257958323,0.02214023800955589,-0.003933218229304613,-0.2969466668031918,0.048158384403078194,0.5102671544425808
2025-10-16 07:00:00,96.23,92.06,95.39,0.05011763317320193,-0.04218125909163384,0.05309854690980709,-0.004033460391689391,-0.03104297678263901,0.03691746114615776,0.5099541419265321
2025-10-16 11:00:00,96.96,94.14,94.81,0.075007817452874,-0.010771986985431914,0.04201457116400964,-0.00403810965591817,0.24734395285098,0.07086188313782478,0.5120019622077483
2025-10-16 15:00:00,95.05,90.59,91.78,0.7577521103035331,-0.02590430459434978,-0.010708320536299443,-0.0042363666963732135,0.1389879198278594,0.0,0.5293840669844185
2025-10-16 19:00:00,91.9,89.59,90.79,0.002343996061418865,-0.04073096796905451,-0.03229432009147182,-0.004396849833814997,-0.15068522080661662,0.0,0.5371515356360644
2025-10-16 23:00:00,93.14,90.68,92.24,-0.30607967008153464,-0.03642136908485938,-0.01911441376470746,-0.004414816714528394,-0.07359289515376732,0.033489596003292994,0.5291167739782059
2025-10-17 03:00:00,92.48,88.15,88.58,-0.09620358911167128,-0.04933808992338029,-0.030471731257958323,-0.004590027601208859,0.34229006203793233,0.0,0.553958928074331
2025-10-17 07:00:00,88.8,83.36,85.79,1.8350647369839044,-0.08949630416032728,-0.04218125909163384,-0.004920504388992364,0.1500537003912572,0.0,0.5771392566014659
2025-10-17 11:00:00,89.36,85.67,88.54,0.3493201211600039,-0.08051031200989966,-0.010771986985431914,-0.004948028478800628,0.011716701277082686,0.044546243057837207,0.56148253786883
2025-10-17 15:00:00,90.99,88.46,90.69,0.1266256319984737,-0.023396441119119205,-0.02590430459434978,-0.004935357755927121,0.08701946900518909,0.08837113147095257,0.5487274696013457
2025-10-17 19:00:00,91.85,90.16,90.56,-0.20801438138143638,0.005583086039163021,-0.04073096796905451,-0.004919933604245852,0.377142971731647,0.11060701950741954,0.5479509739685632
2025-10-17 23:00:00,91.36,89.96,90.6,-0.3107955157496377,-0.015978686153237498,-0.03642136908485938,-0.004968946066950952,0.015945309076834446,0.0989568396584921,0.5450900099267032
2025-10-18 03:00:00,91.01,89.88,90.8,-0.44560472007190954,0.004752031057642769,-0.04933808992338029,-0.005008498771498715,0.04691913220632049,0.09826844613927409,0.5420814498671279
2025-10-18 07:00:00,91.9,90.65,91.32,-0.3757178258386583,0.062431207733421035,-0.08949630416032728,-0.00500706965287978,-0.02590295024828826,0.11338018771304183,0.5354479274010209
2025-10-18 11:00:00,91.65,90.0,90.68,-0.4320091240106423,0.03301486510833662,-0.08051031200989966,-0.005058766580456203,-0.1316548140960987,0.10597463093328441,0.5355672583005594
2025-10-18 15:00:00,91.93,90.44,91.76,-0.5071160980193075,0.012790252123932477,-0.023396441119119205,-0.005073547069846392,0.018359727028073758,0.11272956617889042,0.5220836074703651
2025-10-18 19:00:00,92.24,91.58,91.6,-0.4764909974103381,0.009313168432827146,0.005583086039163021,-0.0050558839461972566,-0.16047957780076472,0.12855059813432257,0.515331278152568
2025-10-18 23:00:00,91.84,90.75,91.57,-0.5123457072780184,0.008175582848742424,-0.015978686153237498,-0.005092518994567715,-0.16651731309917472,0.11461339771033208,0.5084611978466549
2025-10-19 03:00:00,92.63,91.42,92.01,-0.4383851410477809,0.017866650536139783,0.004752031057642769,-0.005022073827656221,0.13855014899997387,0.13247147516475372,0.49727044514244173
2025-10-19 07:00:00,93.49,90.72,93.23,-0.22927792162965313,0.010009357704008126,0.062431207733421035,-0.004982501283703692,-0.06458951864714602,0.13269286414224296,0.4820535893673412
2025-10-19 11:00:00,94.66,92.88,94.42,-0.33920559496126274,0.03181341157389195,0.03301486510833662,-0.0048574902963590405,0.10701591713715075,0.16712180710972763,0.4645402317986751
2025-10-19 15:00:00,94.78,93.68,94.29,-0.3387813699996715,0.032244904821326026,0.012790252123932477,-0.004790801390240095,0.1420588351948444,0.17492390902303978,0.4537784260263046
2025-10-19 19:00:00,94.38,93.6,94.06,-0.5548591308346392,0.022966385380083443,0.009313168432827146,-0.004742948373896912,-0.1271231333519871,0.17321177800692067,0.42655924135148277
2025-10-19 23:00:00,94.08,92.24,93.37,-0.4714872086053541,0.01993753213985694,0.008175582848742424,-0.0047410518762781365,0.04463675776568565,0.153106697692861,0.39462476476931413
2025-10-20 03:00:00,95.79,92.96,95.57,-0.277636900715753,0.02852669200635205,0.017866650536139783,-0.004607987614040917,0.046901037209700736,0.1880572577743505,0.3466672540208614
2025-10-20 07:00:00,95.58,94.21,94.61,-0.36079360241153785,0.029312970653809778,0.010009357704008126,-0.004520267302065783,0.011319399246441764,0.18981724224980684,0.2976092091346922
2025-10-20 11:00:00,95.62,94.12,95.48,-0.40472751567634885,0.01198922424834814,0.03181341157389195,-0.00443084215383929,-0.018048720457454093,0.19089888134429564,0.21869308629050316
2025-10-20 15:00:00,95.74,93.37,94.81,-0.2658788931954209,0.0035939666071291843,0.032244904821326026,-0.004359038350864892,-0.23934489920001523,0.18207951749317025,0.13711404066935262
2025-10-20 19:00:00,95.54,94.5,94.92,-0.4554726486507879,0.010320086027900022,0.022966385380083443,-0.004243207205004669,0.1358244046131465,0.1937414601224041,0.1357200146142175
2025-10-20 23:00:00,94.94,92.78,92.97,-0.4772813109360321,0.006170107215263565,0.01993753213985694,-0.00420797937418081,-0.10768082459183836,0.16525680260144127,0.1338226164954786
2025-10-21 03:00:00,93.82,91.62,92.79,-0.24778772666567586,-0.024204141527934597,0.02852669200635205,-0.004181087299935266,-0.24043854546027443,0.13954878943326457,0.13219853426517006
2025-10-21 07:00:00,93.41,91.75,92.72,-0.31162046548000627,-0.025670587806700063,0.029312970653809778,-0.004107498540542508,-0.0023862098317630753,0.1383246316308726,0.13067983191427673
2025-10-21 11:00:00,95.59,92.4,95.44,-0.24158728741456775,-0.011203187054465547,0.01198922424834814,-0.00396776366923073,-0.046266440765202144,0.16841429999334198,0.1267682773868349
2025-10-21 15:00:00,96.94,94.95,96.46,0.3063946171357094,0.018011757919330407,0.0035939666071291843,-0.0037806828112034556,0.15353399010704738,0.2180699176192197,0.12502407175075594
2025-10-21 19:00:00,96.82,94.15,94.46,-0.2331815204394019,0.003664807576582607,0.010320086027900022,-0.003711639617072363,-0.1298042728613814,0.20110707607961043,0.12764907014696478
2025-10-21 23:00:00,94.84,91.95,93.03,-0.08865349539319357,-0.009055871186720799,0.006170107215263565,-0.0037053980533075107,-0.1405045171485897,0.14731405433712647,0.1294442594051168
2025-10-22 03:00:00,93.49,91.96,92.51,-0.4338702454382218,0.0026571656217202477,-0.024204141527934597,-0.003612617610439123,0.26613431500397233,0.14474522412760352,0.1302791855692848
2025-10-22 07:00:00,93.28,91.72,91.84,-0.38697075543124587,-0.0013344543356693661,-0.025670587806700063,-0.003535884242447962,-0.0893689801207116,0.13571656533215218,0.13178233775760004
2025-10-22 11:00:00,93.72,90.93,93.46,-0.04858213482248338,-0.014251764903897013,-0.011203187054465547,-0.0034342133543797584,0.10808873804441332,0.14013172638944382,0.1290049445293079
2025-10-22 15:00:00,94.51,92.07,94.09,-0.052808482784219034,-0.02713229339468537,0.018011757919330407,-0.0032937438510262478,-0.016476007437340567,0.16287871310613286,0.1253149095668943
2025-10-22 19:00:00,94.97,89.91,90.87,0.06039567710260396,-0.03665454588774708,0.003664807576582607,-0.003222404171220847,-0.0011145524270693707,0.12716792939713237,0.12815415057143786
2025-10-22 23:00:00,92.82,90.81,92.32,-0.4445435571471364,-0.007490010294783467,-0.009055871186720799,-0.0030889497713601647,0.43924880502212815,0.13260819826405454,0.12339807133407686
2025-10-23 03:00:00,94.0,92.13,93.83,-0.4062529996348849,0.00195651934442842,0.0026571656217202477,-0.002932592200113532,0.0788481126597318,0.14858162036944783,0.11988554868847638
2025-10-23 07:00:00,93.86,93.03,93.64,-0.44914661792990623,0.013205627696948774,-0.0013344543356693661,-0.0027661497006669492,0.0014760698897891,0.16149128949104505,0.11792330700675249
2025-10-23 11:00:00,93.99,92.57,93.53,-0.26966410581338457,0.009725750910631659,-0.014251764903897013,-0.0026328475519054447,-0.03442000440639792,0.159157373058503,0.11735290520558345
2025-10-23 15:00:00,94.79,93.32,93.94,-0.334111597377689,0.0060227161656216666,-0.02713229339468537,-0.0024619028172042003,-0.07267616257427567,0.17479743131236206,0.11271891623411548
2025-10-23 19:00:00,93.97,92.9,93.76,-0.5454561445947783,0.018500905044164684,-0.03665454588774708,-0.002310979534857339,0.005383190572153085,0.1631198103689168,0.10689659652877197
2025-10-23 23:00:00,95.3,93.69,95.15,-0.4354185195074414,0.025832482028486536,-0.007490010294783467,-0.0020720963200474354,0.05128997622738307,0.18294770076648587,0.10113782616651847
2025-10-24 03:00:00,96.05,94.45,96.02,-0.3715678401424049,0.025721327584908638,0.00195651934442842,-0.0017924405922844656,-0.13362510310391718,0.19911537492851603,0.10115839529681957
2025-10-24 07:00:00,96.68,95.32,95.38,-0.34085312090282444,0.025977900318397973,0.013205627696948774,-0.0014829665834268215,0.18993488508502554,0.21286448924306706,0.10229351155863799
2025-10-24 11:00:00,97.45,94.87,95.37,0.022903144354469256,0.02899533971438828,0.009725750910631659,-0.0011769427990605222,0.007481334683723251,0.21643010742652796,0.10278213389297672
2025-10-24 15:00:00,96.04,94.93,95.76,-0.3798629682138982,0.015057073797133391,0.0060227161656216666,-0.0008344696079998874,0.03674094247959925,0.20477424865149152,0.10106315117777351
2025-10-24 19:00:00,97.04,95.74,96.6,-0.48254277924252204,0.0318322165767253,0.018500905044164684,-0.0005246652057716,0.14422784982977999,0.22612218855238853,0.09908386042862044
2025-10-24 23:00:00,96.97,96.13,96.24,-0.5607588142821692,0.02039393421049196,0.025832482028486536,-0.00047225842731446894,-0.12500839175352296,0.2237157793713949,0.09761904826506433
2025-10-25 03:00:00,96.57,95.88,96.1,-0.5988179708949898,0.0094246128742419,0.025721327584908638,-0.00042716909618814515,-0.15857157220469997,0.2181078293142288,0.09522369669735026
2025-10-25 07:00:00,96.99,95.67,96.18,-0.5604466096024829,0.0036605463158692064,0.025977900318397973,-0.00036486025934494987,-0.01431848138270242,0.22029154155265177,0.09346625499383757
2025-10-25 11:00:00,96.48,95.97,96.46,-0.6030616513048015,0.001559746265294315,0.02899533971438828,-0.00030705549861163715,0.1240153421188599,0.21960031047308604,0.09364338583033831
2025-10-25 15:00:00,96.92,96.0,96.89,-0.5336867697176684,0.007452452356913497,0.015057073797133391,-0.00026878656169452615,-0.020032986090317007,0.21983458298102906,0.09450333026620414
2025-10-25 19:00:00,97.07,96.48,96.91,-0.5605537860659756,0.0029911572081025017,0.0318322165767253,-0.00022866734168642655,0.139808624216758,0.2322307420971135,0.09611865459929175
2025-10-25 23:00:00,97.06,96.37,96.56,-0.5913033577980771,0.003924496980755476,0.02039393421049196,-0.00021519235939072826,0.14284409639362816,0.23172095929050612,0.09697746498215144
2025-10-26 03:00:00,97.23,96.34,97.22,-0.627866575482568,0.006593699646058493,0.0094246128742419,-0.00020617320123466154,0.21587346060153423,0.23152066555534637,0.09775740391179939
2025-10-26 07:00:00,98.57,97.18,98.0,-0.4240127433060432,0.016855876543379278,0.0036605463158692064,-0.00018291423153637322,0.15174202735099573,0.2546164012450413,0.09932729540293617
2025-10-26 11:00:00,99.65,97.75,98.77,-0.17680332954424557,0.028055509131929224,0.001559746265294315,-0.0001433082810948901,-0.03476184882396216,0.27671241192684043,0.1020294646052425
2025-10-26 15:00:00,99.54,98.62,99.19,-0.4887234051604069,0.029755100117446975,0.007452452356913497,-9.13173649319517e-05,-0.07459778190490773,0.28041348240785047,0.10509081076486713
2025-10-26 19:00:00,101.02,98.7,100.34,-0.34093228691632305,0.02960561303494158,0.0029911572081025017,-1.613606604401285e-05,-0.12585617945316274,0.29287229419533994,0.1080285915403983
2025-10-26 23:00:00,100.9,99.81,100.43,-0.401328242057122,0.03596083961301111,0.003924496980755476,7.725545221344162e-05,-0.12034416357212652,0.3053616702519915,0.11258206920673375
2025-10-27 03:00:00,101.23,99.9,100.9,-0.28215096553475744,0.03915982455871836,0.006593699646058493,0.00016231222531420218,0.18989692002113023,0.31170442363728906,0.11369303736370713
2025-10-27 07:00:00,100.89,98.67,98.99,-0.29333026480295304,0.015810947759475003,0.016855876543379278,0.00024239764716801814,-0.24185474275738816,0.28735610425437247,0.10940009296556355
2025-10-27 11:00:00,99.37,98.16,99.12,-0.40548677599401606,-0.0010654811989496693,0.028055509131929224,0.00031454222665083033,-0.06426344601016232,0.27448257891111855,0.10721049878800837
2025-10-27 15:00:00,103.1,99.1,101.98,0.7492913483389211,0.02631249447384265,0.029755100117446975,0.00036120803858260246,0.24857942165398916,0.3355775061422338,0.10853363634114072
2025-10-27 19:00:00,102.32,99.1,99.26,-0.23178781355308467,0.011727547580263842,0.02960561303494158,0.00045586378895078674,-0.1428434089033539,0.3176051551065648,0.11144940401998965
2025-10-27 23:00:00,100.78,98.65,99.81,-0.3257536947012345,-0.007475857455142232,0.03596083961301111,0.000564110672654788,0.03832165165101209,0.2895020603596157,0.11110318263404068
2025-10-28 03:00:00,105.9,99.11,105.52,0.18422331489800778,0.019560140857576958,0.03915982455871836,0.0006277199854035183,-0.04507155269302521,0.3533242242664385,0.11447702538312997
2025-10-28 07:00:00,106.98,100.86,101.58,0.7997345005923551,0.03885513430792309,0.015810947759475003,0.0006962606523085046,0.014152936992538612,0.3690854712602755,0.12106562179819562
2025-10-28 11:00:00,102.81,97.13,98.61,0.9101770724834143,0.017338499235325378,-0.0010654811989496693,0.0007770726489460364,-0.11257031227330994,0.3107298299059404,0.12292477833652864
2025-10-28 15:00:00,100.06,98.5,99.3,-0.015905425721539645,-0.02447046723902313,0.02631249447384265,0.0008186492669882703,-0.2109096983742771,0.2829253946042814,0.12165456465526507
2025-10-28 19:00:00,99.38,95.33,97.19,-0.003997900825458627,-0.036583061746754186,0.011727547580263842,0.0008802188738642168,0.022471126127372676,0.23954834902839026,0.12235815866328513
2025-10-28 23:00:00,97.28,96.33,96.75,-0.49349357353438544,-0.028195057012650016,-0.007475857455142232,0.0009271957096200576,0.04807474123703859,0.23013499994120928,0.12067993785565818
2025-10-29 03:00:00,97.54,96.21,97.48,-0.4988730882805167,-0.055143850268196126,0.019560140857576958,0.0009625845799418992,-0.12390450882948367,0.23369481658370453,0.11804668741016283
2025-10-29 07:00:00,98.8,97.11,98.14,-0.26859921854107593,-0.05237933053272681,0.03885513430792309,0.000994421869863842,0.16218608827526215,0.25462786611634874,0.11670454809995556
2025-10-29 11:00:00,100.75,98.08,98.97,0.04728233263852079,-0.011361139456027236,0.017338499235325378,0.00103503311516027,-0.013259831870144234,0.2865668249995046,0.1162333241078228
2025-10-29 15:00:00,99.71,95.79,98.66,0.23115479096031952,-0.012083196637628801,-0.02447046723902313,0.0011037700335152255,0.04019993622761486,0.2575626764578498,0.11677895732557896
2025-10-29 19:00:00,99.88,98.29,99.53,-0.2980892108294057,0.020213593707512967,-0.036583061746754186,0.0011149511626565832,-0.03980093094550652,0.2811000241332664,0.11628852427954672
2025-10-29 23:00:00,99.76,97.82,99.7,-0.38163089991855675,0.02210298105602715,-0.028195057012650016,0.001148517428951303,-0.16178350808382957,0.27536249379622857,0.11616843547101148
2025-10-30 03:00:00,99.71,95.66,98.25,-0.1289629037957041,0.004350718516826557,-0.055143850268196126,0.0012037997595911293,-0.06604762191537594,0.24261281819420996,0.11810780255884792
2025-10-30 07:00:00,99.0,96.54,96.8,-0.45735132649508686,0.00030369444236089116,-0.05237933053272681,0.0012128026282677365,-0.025409815944925418,0.2552567291706434,0.11940385485375393
2025-10-30 11:00:00,97.15,92.61,93.29,0.3831002211016646,-0.0510344569102964,-0.011361139456027236,0.0012766054057691783,-0.09572304885817895,0.17925928813982378,0.12510937703264535
2025-10-30 15:00:00,93.44,91.07,91.51,0.00012202658512020118,-0.060656755993865996,-0.012083196637628801,0.0013049687286386495,0.046153266173083685,0.13178212205086895,0.13035435804529502
2025-10-30 19:00:00,92.92,90.37,92.77,-0.2791552258377936,-0.07664212048250063,0.020213593707512967,0.0012569345011750612,0.14831680018358773,0.12036755276885577,0.12997881007711484
2025-10-30 23:00:00,94.53,92.55,93.56,-0.3738735378768783,-0.05428113041388849,0.02210298105602715,0.0011563658602827538,0.2657969987499902,0.1618365267266018,0.12842254340968315
2025-10-31 03:00:00,94.81,93.32,94.03,-0.46565584706447527,-0.03277753914002146,0.004350718516826557,0.0011052440433250148,0.04811792501351131,0.17513387078077003,0.12685484489803311
2025-10-31 07:00:00,94.81,93.7,94.23,-0.5513750539411332,-0.037151527341232726,0.00030369444236089116,0.001047814880743199,0.15047673901417102,0.178303334650776,0.12546690193132073
2025-10-31 11:00:00,95.96,93.96,95.85,-0.2949200280628673,0.006771603731309472,-0.0510344569102964,0.000947237476872831,0.4755312998334005,0.19277094812144546,0.12325769549358195
2025-10-31 15:00:00,96.12,93.95,94.94,-0.3726396372594933,0.03106149464055563,-0.060656755993865996,0.0008777565957212075,-0.08167963028421188,0.19228569060561085,0.12474701015922046
2025-10-31 19:00:00,96.3,94.71,95.49,-0.4457045388515222,0.045093771067427735,-0.07664212048250063,0.0008188479526001343,-0.013492755137212264,0.20768936205309632,0.12364266400832742
2025-10-31 23:00:00,95.93,95.03,95.81,-0.564865289456135,0.021367846854377426,-0.05428113041388849,0.00078282043458896,-0.12261178553992391,0.20410038522250845,0.121790741406207
2025-11-01 03:00:00,98.28,95.64,97.74,-0.3641134879393015,0.025096087154856672,-0.03277753914002146,0.0007303156873593658,0.04401524327620643,0.22510559585238274,0.11749523639789772
2025-11-01 07:00:00,99.45,97.09,98.72,0.14253108977622816,0.04366533574126663,-0.037151527341232726,0.0006797657333012896,-0.06297829514674125,0.26538883646570044,0.11391055077177431
2025-11-01 11:00:00,99.61,98.36,98.82,-0.2707636739029968,0.041747250793305435,0.006771603731309472,0.000661055378296167,-0.13004441382970933,0.2766350326837152,0.11288099794303565
2025-11-01 15:00:00,99.78,98.48,99.44,-0.2509215573260642,0.04430773274772837,0.03106149464055563,0.0006445696102785628,0.2022263309659862,0.2812719060297616,0.1119671790458475
2025-11-01 19:00:00,104.0,99.25,100.24,-0.22440335356993263,0.04930103571819955,0.045093771067427735,0.0006247256860521706,0.2117780378077514,0.307463382397673,0.10762054018746732
2025-11-01 23:00:00,101.96,99.82,99.93,-0.30522999667265577,0.05631352807589485,0.021367846854377426,0.0006249400324403473,-0.005126865978873463,0.3178639782804429,0.1058968077116831
2025-11-02 03:00:00,100.46,99.4,100.03,-0.4605569557154695,0.03460756194697434,0.025096087154856672,0.0006315221452143416,-0.04857715158762521,0.29574611931062406,0.10519415147666604
2025-11-02 07:00:00,101.27,99.8,100.14,-0.28430129835451784,0.02198914037788735,0.04366533574126663,0.0006235357261851339,-0.09411893149837314,0.31115858915893774,0.10420425386948147
2025-11-02 11:00:00,101.3,98.23,98.77,0.05661435602671019,0.008851479341437596,0.041747250793305435,0.0006294833295592308,-0.09900877787701756,0.2951586735727033,0.10375994724366948
2025-11-02 15:00:00,99.12,97.5,98.28,-0.3484987889947501,-0.008356434870780416,0.04430773274772837,0.0006462752689535935,-0.24753212388136536,0.2637455053675596,0.10253544774438439
2025-11-02 19:00:00,98.87,97.79,98.26,-0.555371713346847,-0.020537560244264674,0.04930103571819955,0.0006428166261850729,-0.057633067220616896,0.2638509427838422,0.10049992151617072
2025-11-02 23:00:00,99.79,96.51,97.11,-0.3148930326252452,-0.028144648878799083,0.05631352807589485,0.0006397198124599593,-0.02896995313926909,0.2578048201998263,0.1008073547985607
2025-11-03 03:00:00,97.35,89.0,93.43,0.3656925280755148,-0.05896926210322018,0.03460756194697434,0.000650220080906128,-0.2455333375169908,0.1712131780447757,0.1070459946562058
2025-11-03 07:00:00,93.89,91.47,91.65,-0.30079278797647874,-0.0775231307309131,0.02198914037788735,0.0006180630324082288,-0.09353036981595719,0.14624824494141508,0.11360474642440495
2025-11-03 11:00:00,92.8,91.32,92.21,0.003964350589621341,-0.07820467576938916,0.008851479341437596,0.0005726154294105627,0.09252908279831296,0.13004978735013523,0.11626611559760348
2025-11-03 15:00:00,92.33,85.35,88.78,1.1464642270148144,-0.09897033971165581,-0.008356434870780416,0.0005358242658702851,0.1968953431733551,0.0579042783714761,0.1307751439474138
2025-11-03 19:00:00,88.86,86.22,86.88,0.08461578956067259,-0.1096977728420716,-0.020537560244264674,0.0004465381062070885,-0.24234822023916358,0.035686939891607754,0.1476318800793455
2025-11-03 23:00:00,89.9,86.4,89.09,-0.3281176637140184,-0.10064326035649207,-0.028144648878799083,0.0003450227057934923,0.09584789386661341,0.049082096887377545,0.1515277491772487
2025-11-04 03:00:00,91.2,85.21,86.75,0.3838356167138381,-0.06050046776933393,-0.05896926210322018,0.00024107701365066602,0.1902431109239917,0.050980894915986105,0.1674492715912145
2025-11-04 07:00:00,87.89,85.54,87.21,-0.23838524295851563,-0.06523159838550274,-0.0775231307309131,0.00013002719882778587,0.07852109664947116,0.018242311612895367,0.17636074885292
2025-11-04 11:00:00,89.01,85.93,88.57,-0.020654756238636728,-0.05253544188393422,-0.07820467576938916,7.954145794644954e-08,0.0007999098314619424,0.027808898052130594,0.18026570612582823
2025-11-04 15:00:00,89.03,82.38,84.38,0.6116015334971895,-0.03366216065637495,-0.09897033971165581,-0.0001114654941940694,-0.015779608096196163,0.0,0.20376767352042965
2025-11-04 19:00:00,85.76,79.68,85.47,0.888034747138148,-0.05821046683987463,-0.1096977728420716,-0.0002213294819615761,0.15281203919771214,0.0,0.2119543001501441
2025-11-04 23:00:00,87.03,82.01,86.98,0.12550769849381807,-0.0391386359588467,-0.10064326035649207,-0.00035513063122073155,0.1200849736523888,0.04494661796278861,0.21555162639300468
2025-11-05 03:00:00,87.72,86.42,87.29,-0.3429419710483475,-0.014407001794880636,-0.06050046776933393,-0.0004821193812817128,0.059829445399018244,0.0897183322473428,0.22101924018350907
2025-11-05 07:00:00,87.28,85.31,85.44,-0.3262717226488998,-0.0030290184985386492,-0.06523159838550274,-0.0005994814045468951,-0.08422105128623558,0.07908877278953697,0.23430426859384992
2025-11-05 11:00:00,87.58,85.42,86.97,-0.2578101949204563,-0.005706494476508062,-0.05253544188393422,-0.0007201765930615738,0.022997558985087263,0.08337998868953242,0.23534009202043524
2025-11-05 15:00:00,89.15,86.51,88.87,-0.20076624527385672,0.02606762950395236,-0.03366216065637495,-0.0008256934357206241,0.18764558078506433,0.1064570830510518,0.2325949300902255
2025-11-05 19:00:00,89.65,88.43,89.53,-0.48526149716332767,0.07892414317780094,-0.05821046683987463,-0.0009062702688506088,0.06311578850738764,0.1283846296870077,0.231532384509713
2025-11-05 23:00:00,89.97,87.54,88.55,-0.36478820626369945,0.04675645544610507,-0.0391386359588467,-0.001004718222721327,-0.30874834735507817,0.12310613381861601,0.2352646115463075
2025-11-06 03:00:00,88.86,86.93,86.94,-0.4951785789776025,0.012073577396230162,-0.014407001794880636,-0.001107824585710183,-0.014349769096261178,0.1104414469302531,0.24174984020821438
2025-11-06 07:00:00,87.73,86.52,87.35,-0.36322537150692386,0.005787989217738154,-0.0030290184985386492,-0.0012166039864658093,0.166515234906911,0.0889617663824941,0.24328172331697992
2025-11-06 11:00:00,88.57,86.56,86.99,-0.29056452194835075,0.007930027549143626,-0.005706494476508062,-0.001308781519262102,-0.05409150766442805,0.09694084210188192,0.2469017619142135
2025-11-06 15:00:00,88.15,85.3,87.76,-0.14270895479257267,-0.011754472477986111,0.02606762950395236,-0.0014111611406604084,-0.15410481722209723,0.08608492556298794,0.24359085191752575
2025-11-06 19:00:00,87.92,86.55,87.46,-0.47276227140466026,-0.019611363639290946,0.07892414317780094,-0.0014949593763815066,-0.17443588929379317,0.09396534336977723,0.24568115184237452
2025-11-06 23:00:00,88.86,86.31,88.69,-0.37502961725698264,-0.01112562900367109,0.04675645544610507,-0.0015762610326423533,0.1963264068838515,0.10363861953908367,0.24172578410321335
2025-11-07 03:00:00,90.28,88.35,89.5,-0.2772883606390309,0.016236924258659524,0.012073577396230162,-0.0016178238147515674,-0.09314962273922933,0.13864701892869238,0.23069829581420548
2025-11-07 07:00:00,90.87,87.99,88.34,0.009045372548675119,0.029299878665116408,0.005787989217738154,-0.0016645395466107558,-0.20668809118170273,0.13922997499928885,0.23070415778275485
2025-11-07 11:00:00,89.94,85.95,89.68,0.0686505896147802,0.0021782687840059545,0.007930027549143626,-0.001741963175855253,-0.04337870957553036,0.11252683084128658,0.22606700161321347
2025-11-07 15:00:00,104.85,88.97,101.12,4.302446737946135,0.14785721448221567,-0.011754472477986111,-0.001579635465562382,0.17445754828921012,0.8245811761840738,0.20217439713574345
2025-11-07 19:00:00,103.72,99.66,103.36,0.6347201600553873,0.16392327151760133,-0.019611363639290946,-0.0015017459335860532,0.20293401828588098,0.913737972163822,0.20327441594344048
2025-11-07 23:00:00,103.59,99.92,101.27,0.8912659548924816,0.16070846087853852,-0.01112562900367109,-0.0014256087664168996,0.047802323405731206,0.9275801117813317,0.2107074724670272
2025-11-08 03:00:00,102.92,98.4,99.55,0.9201200032891564,0.12533873694485753,0.016236924258659524,-0.0013681495054057569,0.09492823811348616,0.8745940681182804,0.21569534000876017
2025-11-08 07:00:00,100.84,98.14,99.63,0.07196212059197188,0.1130513769460797,0.029299878665116408,-0.0013216093363508624,0.2041413561418992,0.8234604928884899,0.21654997596772274
2025-11-08 11:00:00,100.93,98.29,99.78,0.37485160714764504,0.1383119278224001,0.0021782687840059545,-0.0012689658897659226,-0.026442688851311735,0.8252673250896639,0.2168282254661275
2025-11-08 15:00:00,101.82,98.02,100.89,0.6209242478374026,0.0010523707045078101,0.14785721448221567,-0.0012163624959869862,0.004018863976242404,0.8296088411362178,0.21618113024141358
2025-11-08 19:00:00,101.88,99.7,101.45,-0.4217138227690645,-0.005847496693855647,0.16392327151760133,-0.00115134495082545,0.05089301382479938,0.8852804131656998,0.21662425261028692
2025-11-08 23:00:00,109.94,101.02,101.5,3.275027350000446,0.03381487445852027,0.16070846087853852,-0.0010417180160643103,0.0670844578685994,0.9999999995612435,0.2180569654536635
2025-11-09 03:00:00,102.06,99.41,101.13,0.6951578183805428,-0.0009120521126665393,0.12533873694485753,-0.000989471789807929,-0.023407128196019977,0.7964316961225163,0.2209766993926751
2025-11-09 07:00:00,106.0,98.8,105.5,0.8448215002734417,0.024246367946227254,0.1130513769460797,-0.0009165878096784518,0.028605066265142476,0.8596548070728699,0.2191753370952743
2025-11-09 11:00:00,110.0,101.0,106.39,3.54411110656531,0.055945194740116166,0.1383119278224001,-0.0008119102403534666,0.0835293552927443,0.9999721307606652,0.22581590649538816
2025-11-09 15:00:00,109.9,104.51,108.62,1.4676698742457395,0.07268739330354301,0.0010523707045078101,-0.0006902240924460831,-0.12854605240525063,0.9999999995927826,0.23152762064383944
2025-11-09 19:00:00,113.71,107.7,111.47,1.9851723291532768,0.09835576553204417,-0.005847496693855647,-0.0005482014036265962,-0.04785559954850771,0.9999999996478024,0.2391530745983744
2025-11-09 23:00:00,112.49,108.8,109.48,1.1917425372981996,0.047186866386419224,0.03381487445852027,-0.0004001444305718679,-0.048152011796826155,0.9776303770939455,0.253393316560326
2025-11-10 03:00:00,109.81,107.08,108.28,0.18804820219638427,0.07715041873646511,-0.0009120521126665393,-0.0002554807030681478,-0.02437649609434711,0.9126848040964037,0.26406654167085575
2025-11-10 07:00:00,108.59,106.78,107.13,0.017190518450276332,0.054222206333958356,0.024246367946227254,-0.00011863994047074632,-0.10118017136549673,0.8849429726647409,0.27311712901270735
2025-11-10 11:00:00,108.05,105.1,106.39,0.5512487875690509,0.014936520924931473,0.055945194740116166,3.2711950972366e-06,-0.031406644844762854,0.8580617029332738,0.28024760382762354
2025-11-10 15:00:00,109.77,106.27,107.54,1.0486098655669396,0.007797499614853098,0.07268739330354301,0.00011249775656291958,0.1609498025114564,0.8942770709248953,0.28323701094232856
2025-11-10 19:00:00,108.25,103.4,105.15,0.3902872337166161,-0.04656279377339401,0.09835576553204417,0.00025645565400814636,-0.13803600570128882,0.8182144516513656,0.29339097320644003
2025-11-10 23:00:00,106.99,102.77,105.08,0.5688858690905276,-0.0512624622786767,0.047186866386419224,0.0003768584221019885,-0.14899288835952884,0.778643600973599,0.29708605349924705
2025-11-11 03:00:00,105.95,102.89,103.68,-0.2854141759041328,-0.037526525740273264,0.07715041873646511,0.00047479454477093865,0.030890465745449847,0.7694543365407296,0.3034168840368909
2025-11-11 07:00:00,103.85,101.9,102.26,0.02482905900869975,-0.046725778539107865,0.054222206333958356,0.0006037267699361041,0.1253413549771294,0.7078972458998514,0.30893420894802515
2025-11-11 11:00:00,103.03,100.75,102.75,-0.029706337542257575,-0.04642526630043031,0.014936520924931473,0.0007210469275788738,0.027379426752496494,0.6834025984135554,0.30897139897584824
2025-11-11 15:00:00,102.92,99.2,100.19,1.9685849613352806,-0.06398077471757735,0.007797499614853098,0.00081262993773117,-0.33207573982696215,0.6512543138637114,0.3170963601037153
2025-11-11 19:00:00,100.8,99.02,100.61,-0.45040796016407453,-0.05514052179094042,-0.04656279377339401,0.0008881915035607181,0.09421486492763242,0.6129643926800229,0.31590455439712184
2025-11-11 23:00:00,100.64,98.84,99.28,-0.33886328861555765,-0.045683883432594,-0.0512624622786767,0.0009284136941642521,0.09835771661279202,0.61040182193615,0.3199473620748153
2025-11-12 03:00:00,100.0,99.09,99.47,-0.671223297274363,-0.04535536260678874,-0.037526525740273264,0.0009650723104067721,0.10753038252175595,0.602839196092494,0.3191659896254367
2025-11-12 07:00:00,102.77,99.33,102.26,0.15137939575465503,-0.010322284313286412,-0.046725778539107865,0.000979817209257103,0.01768669850444482,0.6706132399536006,0.31133832475562445
2025-11-12 11:00:00,104.32,100.37,101.51,0.4323242875793808,0.006536812737373721,-0.04642526630043031,0.0010262489100768563,0.07604784963574485,0.7068533952733683,0.31452882964516465
2025-11-12 15:00:00,102.16,95.18,96.45,2.172175891668212,-0.032822984314541115,-0.06398077471757735,0.001158176248484877,0.21455784553452917,0.5345571548526833,0.3308532988708219
2025-11-12 19:00:00,98.96,94.86,98.14,2.3034710266487632,-0.025940450628470058,-0.05514052179094042,0.001188276634173797,-0.014977884582625611,0.5217302995947505,0.3251356847319372
2025-11-12 23:00:00,99.78,97.4,99.2,-0.4637562742368762,-0.012369071677233778,-0.045683883432594,0.0012049274978730945,0.18423841587313539,0.5669307647717086,0.3219987240940286
2025-11-13 03:00:00,101.82,97.67,100.9,-0.16227697273806788,0.005130446498960772,-0.04535536260678874,0.0012269610137918474,0.0731884704841117,0.6208313318989953,0.31708536459876857
2025-11-13 07:00:00,101.76,98.99,99.37,-0.29909506380812384,-0.013443739848295277,-0.010322284313286412,0.0012664023442106988,-0.23252245694236462,0.6225557987933008,0.3213303377676712
2025-11-13 11:00:00,102.75,99.37,101.79,0.9577548707645115,-0.015262211619026522,0.006536812737373721,0.0013006724941740189,-0.15435758078564643,0.6517423440431385,0.313993819410252
2025-11-13 15:00:00,101.8,93.58,95.31,1.7926095090545247,-0.0030448222733119312,-0.032822984314541115,0.001370362077890715,0.030166550820879268,0.5240870716425224,0.33259249746572345
2025-11-13 19:00:00,96.77,94.19,96.5,0.04315566293767975,-0.02123442912468987,-0.025940450628470058,0.00136909630356525,0.06086221770307976,0.4489848652666174,0.32402629970536506
2025-11-13 23:00:00,97.57,95.53,96.3,-0.09078886307769987,-0.02148560233390384,-0.012369071677233778,0.0012955654335600334,-0.0553728843911967,0.4923536958092997,0.3218721270222416
2025-11-14 03:00:00,97.73,93.22,97.54,0.46379606783783317,-0.04597215769677798,0.005130446498960772,0.0012796254659281302,-0.13890535497893253,0.458782884759886,0.3128693869887425
2025-11-14 07:00:00,99.1,95.56,96.23,0.5376158247352496,-0.029334829051864797,-0.013443739848295277,0.0012254306066580068,0.24890820103927203,0.5191021145618646,0.31240807825906125
2025-11-14 11:00:00,96.93,93.73,96.44,1.1748638576017838,-0.05396535442918593,-0.015262211619026522,0.0012309457064969946,0.10654328976872196,0.45985034737545516,0.30803951942791924
2025-11-14 15:00:00,98.57,95.4,96.77,0.4494640198876797,-0.0035913771754789714,-0.0030448222733119312,0.0011872966939195475,0.07833273648206296,0.5117751785204192,0.2985999174905174
2025-11-14 19:00:00,100.2,96.75,98.4,0.331894293007517,0.03674801991011467,-0.02123442912468987,0.0011543965375321085,0.0414751557630777,0.5722038932815136,0.28624645765213746
2025-11-14 23:00:00,105.36,96.12,105.25,0.781390506835731,0.04396371448332426,-0.02148560233390384,0.0011398966179376622,0.1450314205452714,0.6416741754324261,0.2642350280652044
2025-11-15 03:00:00,106.56,102.92,103.69,0.902371503746874,0.09375936891567171,-0.04597215769677798,0.0011205751531558723,-0.005043883416753658,0.774084147983507,0.26366143712855894
2025-11-15 07:00:00,104.1,101.48,102.29,-0.09029138551586918,0.05550509089080058,-0.029334829051864797,0.0012009383391544635,-0.14911423074146213,0.7091069549077404,0.25926351281870585
2025-11-15 11:00:00,109.59,102.27,105.19,2.084179541011497,0.1157726866570643,-0.05396535442918593,0.0012133703178524604,0.11601558798120304,0.8493032824532643,0.2469190085809135
2025-11-15 15:00:00,105.54,102.2,103.91,-0.17051848099419195,0.06940411526616375,-0.0035913771754789714,0.0013414492593199058,-0.08274144843050735,0.7488505928200251,0.2455835902115544
2025-11-15 19:00:00,104.08,101.61,102.31,-0.4517812103940285,0.03926681684390898,0.03674801991011467,0.00142908817515163,0.09726015967854518,0.7087070663758711,0.2446354165866476
2025-11-15 23:00:00,102.76,99.87,101.98,-0.2607228659112635,0.004944568497611268,0.04396371448332426,0.0015228394774208789,-0.2404220505741873,0.6592064716243401,0.238998522420972
2025-11-16 03:00:00,103.38,101.34,101.44,-0.507242641441942,-0.02016927728633844,0.09375936891567171,0.0015708729789281892,-0.0038466855944401246,0.6998979425175504,0.23093816900739134
2025-11-16 07:00:00,102.75,101.38,102.15,-0.6960033981611043,-0.005701013065556149,0.05550509089080058,0.001641927438458949,0.18082105838065998,0.6885080460900407,0.22002312400044605
2025-11-16 11:00:00,102.24,100.07,100.94,-0.37812863022614757,-0.05259633193443625,0.1157726866570643,0.0017286129598337817,-0.1818558113823473,0.6518883257464021,0.21160957749433706
2025-11-16 15:00:00,100.99,95.05,96.07,0.981183811865855,-0.060695512855134526,0.06940411526616375,0.0018478293418586302,-0.092527943400037,0.5271332157576245,0.21256956453874468
2025-11-16 19:00:00,97.0,94.87,96.36,-0.22731403573686348,-0.06484022582667337,0.03926681684390898,0.0018892913435174855,-0.19840304084361016,0.4744521956396087,0.20078630073549633
2025-11-16 23:00:00,97.58,94.15,97.13,0.009004837685562225,-0.05013028442744549,0.004944568497611268,0.0018856560843400275,0.08440844276261639,0.4805771794068969,0.18921164165427515
2025-11-17 03:00:00,97.94,96.16,97.23,-0.5380951973082126,-0.05166757395883603,-0.02016927728633844,0.0018666481068032727,0.11086732668636401,0.513688395406415,0.1797929942603524
2025-11-17 07:00:00,97.54,96.04,96.59,-0.44545494195816987,-0.05104114926182057,-0.005701013065556149,0.0018427598613494937,-0.07965484671567713,0.5051374822690009,0.16905843668026446
2025-11-17 11:00:00,97.52,93.73,95.75,0.1763831693634628,-0.054051128701088635,-0.05259633193443625,0.001825279417998655,0.03680167495064124,0.45968343928485833,0.16126299828548815
2025-11-17 15:00:00,96.14,92.41,92.77,0.3806878119901695,-0.03151072792997145,-0.060695512855134526,0.00178537648822932,0.08835753860819273,0.4190127321061722,0.1731442487994912
2025-11-17 19:00:00,93.17,90.77,91.36,0.06501743446668501,-0.04278592887672761,-0.06484022582667337,0.0017273085864279987,0.06364592700555427,0.3298979361518184,0.18392292280550399
2025-11-17 23:00:00,92.99,90.43,91.65,-0.1279658385066814,-0.04705853879516775,-0.05013028442744549,0.0015900018351090483,-0.09772367307691676,0.32129947492514616,0.1907461679688009
2025-11-18 03:00:00,94.61,90.81,93.8,0.14501025400843326,-0.042386757362753213,-0.05166757395883603,0.0014297920822874495,-0.03758930254016657,0.36881966024684093,0.1902483334974906
2025-11-18 07:00:00,96.5,93.47,95.09,0.08530645859382832,-0.01389534941571291,-0.05104114926182057,0.0012704354475872109,0.13016885672695433,0.4577650123563808,0.19007946340873394
2025-11-18 11:00:00,96.4,94.31,94.91,-0.20550993983742452,-0.0013961981035951476,-0.054051128701088635,0.001157153848382066,-0.025598910455998936,0.4549869388770026,0.19295042802630286
2025-11-18 15:00:00,97.55,94.8,95.34,0.0412857117694294,0.021617266289823966,-0.03151072792997145,0.0010333233493681306,0.23436156577515987,0.4908492264874926,0.19415988242161408
2025-11-18 19:00:00,96.64,94.62,96.16,-0.640163560576659,0.038674610752872374,-0.04278592887672761,0.0009247199492084663,-0.059033159858856266,0.4549713355763973,0.19382560544103156
2025-11-18 23:00:00,96.36,94.73,95.27,-0.6894589316891556,0.04248860909382679,-0.04705853879516775,0.00076449714326489,0.11005495212979821,0.45834197955478984,0.19750109024024523
2025-11-19 03:00:00,95.4,92.32,93.94,-0.49534487865444293,0.009218398265435468,-0.042386757362753213,0.0006350506031125376,-0.13722697753169089,0.3989906866501824,0.20326195603239755
2025-11-19 07:00:00,95.02,93.42,93.73,-0.6058930375847713,-0.01383980365666826,-0.01389534941571291,0.0004934453007450185,-0.14785116587635505,0.4112375365054157,0.2045528245333324
2025-11-19 11:00:00,94.2,92.35,93.61,-0.6483753525782924,-0.021299948289581594,-0.0013961981035951476,0.0003538727089308789,-0.028744983001376068,0.38343867749957644,0.20458286484260857
2025-11-19 15:00:00,94.59,88.86,89.45,0.4477451937037711,-0.05646048670926973,0.021617266289823966,0.00020871402730174337,-0.1530823310884426,0.2991690502026526,0.2158459785281501
2025-11-19 19:00:00,92.72,89.06,92.28,-0.05820483320941761,-0.045895510775184056,0.038674610752872374,4.170312809357332e-05,-0.06914176706042297,0.3008052924010889,0.20154657500846637
2025-11-19 23:00:00,93.82,92.1,93.16,-0.5524218631373953,-0.026258549053142954,0.04248860909382679,-0.00011251873600616508,0.10304260803655829,0.37004927578963415,0.19362078527603024
2025-11-20 03:00:00,93.76,92.33,92.8,-0.6799103380917649,-0.008156681086867956,0.009218398265435468,-0.00025085317532189404,-0.13000989889274994,0.37204847401569285,0.1897860348755295
2025-11-20 07:00:00,93.27,92.07,92.61,-0.8440780437749982,-0.014963099863910423,-0.01383980365666826,-0.000396873643147279,0.06255464840254765,0.3616298918598968,0.18679696614446167
2025-11-20 11:00:00,93.17,91.22,92.08,-0.5928118402379933,-0.011163668347491162,-0.021299948289581594,-0.00055851126121138,0.05426975596045236,0.34673774719982836,0.1854390603946817
2025-11-20 15:00:00,92.13,86.01,86.81,0.9578408215631131,-0.0327088376953486,-0.05646048670926973,-0.0007550568560703836,0.0009399839203663163,0.19439402198508896,0.19961695222463113
2025-11-20 19:00:00,89.04,86.12,88.71,-0.273985672014361,-0.03895523754535113,-0.045895510775184056,-0.0009777948415068062,0.2553270262433185,0.17595765889473414,0.19739281741421355
2025-11-20 23:00:00,88.78,86.42,86.66,-0.3875043915911414,-0.055873324103903665,-0.026258549053142954,-0.0011930593743504987,-0.17655223599840375,0.18711197831720847,0.20687840721803788
2025-11-21 03:00:00,87.8,86.21,86.96,-0.5131214664348451,-0.06446589374940304,-0.008156681086867956,-0.0014160970451723245,0.4037786820775733,0.1608489878469891,0.2111580276298163
2025-11-21 07:00:00,87.25,80.52,82.97,1.7618419624881112,-0.09443089936716897,-0.014963099863910423,-0.0016774699337775102,-0.055037778593089115,0.05324459854999598,0.23510670925150123
2025-11-21 11:00:00,84.45,80.01,83.84,1.2085565240245495,-0.10786804301379804,-0.011163668347491162,-0.0019547846966055694,0.0913266778886277,0.0,0.24232569275171364
2025-11-21 15:00:00,84.54,80.98,83.22,0.6253930044812329,-0.06003291857511828,-0.0327088376953486,-0.0022252063997851906,0.03255622239784439,0.01225778990894293,0.25591875533356173
2025-11-21 19:00:00,83.68,80.94,81.04,-0.29168790330816746,-0.0581614536448718,-0.03895523754535113,-0.002382636532837077,-0.18730662441912116,0.0007376206943057023,0.27778358204106235
2025-11-21 23:00:00,83.9,80.32,83.39,-0.5584405946635643,-0.058262584751876845,-0.055873324103903665,-0.0025021518285888392,-0.005114414486472096,0.010890739163719241,0.2794417619767827
2025-11-22 03:00:00,83.76,81.67,83.25,-0.8024514972869636,-0.05071966601725797,-0.06446589374940304,-0.002620822688732072,-0.08270048206584901,0.009282826320148603,0.2886469952070536
2025-11-22 07:00:00,83.56,81.27,82.08,-0.6872918479007134,-0.021488302529937053,-0.09443089936716897,-0.002760286328835644,0.06798436086816495,0.0,0.30042812869664415
2025-11-22 11:00:00,83.11,80.82,81.97,-0.6038721913360617,-0.0047392384993536485,-0.10786804301379804,-0.0029041945180730212,-0.0033367321184019083,0.0,0.308335837341566
2025-11-22 15:00:00,82.52,80.92,82.39,-0.6526852825660898,-0.01045251421815896,-0.06003291857511828,-0.003043122846555088,0.07404653493420055,0.0,0.3156768809422628
2025-11-22 19:00:00,83.08,81.31,82.9,-0.8773569763289641,-0.0028455572721498568,-0.0581614536448718,-0.0031619151902114243,0.3931668519271079,0.010393356619628709,0.32055018142486824
2025-11-22 23:00:00,84.15,81.85,83.88,-0.4620634432606069,0.003240587863601707,-0.058262584751876845,-0.003240968956741746,0.24439141792465757,0.03767292211479953,0.321099244081502
2025-11-23 03:00:00,84.39,82.95,83.05,-0.5818748976964004,0.012791131209672235,-0.05071966601725797,-0.0032634726500073235,-0.02739853603747444,0.0632758848866827,0.3277698153185647
2025-11-23 07:00:00,83.68,82.5,83.12,-0.8750947249899401,0.012376970070620219,-0.021488302529937053,-0.0033691653550674966,0.18954362097489375,0.046545958789239804,0.3314699213017895
2025-11-23 11:00:00,84.17,82.58,83.04,-0.7568037373310712,0.017916878711757622,-0.0047392384993536485,-0.0034316847291116243,-0.03734848907384081,0.05489695785786043,0.3331029026910147
2025-11-23 15:00:00,84.03,82.88,83.5,-0.8440139496917011,0.020785147793096037,-0.01045251421815896,-0.0034595103549708334,-0.06911358517688304,0.05861056454710215,0.3358776834975484
2025-11-23 19:00:00,84.45,83.39,84.12,-0.7910692046331573,0.022382800017827442,-0.0028455572721498568,-0.003449065000431251,-0.13309608397088535,0.0737416598207752,0.3365760814809645
2025-11-23 23:00:00,85.0,82.19,84.31,-0.6289609742603887,0.006944542589366387,0.003240587863601707,-0.003426549754588386,-0.04913028379601703,0.057516966590649095,0.33858890540175035
2025-11-24 03:00:00,84.89,83.02,83.92,-0.7366902659587061,0.0033042342010440873,0.012791131209672235,-0.0033714419815943464,-0.03286145099816251,0.07280233897536799,0.3423210316955579
2025-11-24 07:00:00,84.49,82.62,83.27,-0.6926238412889397,0.0039285694166271146,0.012376970070620219,-0.0033598787695493194,-0.24000076645146273,0.057806712172772015,0.34815657517598286
2025-11-24 11:00:00,83.68,82.26,83.46,-0.5972972836064344,-0.005408743022429219,0.017916878711757622,-0.003358865086861464,-0.028948958556373694,0.039348303363431265,0.34989603484232185
2025-11-24 15:00:00,86.98,83.22,86.31,-0.04214846504855547,0.023452778309651645,0.020785147793096037,-0.0032451436385993316,0.07088640299639648,0.126117971823644,0.3382989581161769
2025-11-24 19:00:00,87.25,85.78,86.11,-0.5929733863521919,0.02986116828339358,0.022382800017827442,-0.0031531802630850765,-0.12231684705349066,0.16014706315120322,0.33783225364625086
2025-11-24 23:00:00,86.51,85.21,85.86,-0.8796012350346611,0.028230386123252238,0.006944542589366387,-0.0031273949971112763,-0.015542530564643608,0.13874555699597735,0.3291907469192068
2025-11-25 03:00:00,86.07,84.37,84.5,-0.7105464325987039,0.01417830926471586,0.0033042342010440873,-0.003117883348014027,0.15608406302573474,0.11381496207348302,0.32706663123162694
2025-11-25 07:00:00,84.67,83.52,83.98,-0.5377322048982837,0.00690313792157804,0.0039285694166271146,-0.0031256324975592574,0.01062009540504305,0.07767142905644023,0.32321796604092307
2025-11-25 11:00:00,84.56,83.08,84.03,-0.5199923613715239,0.010902344987298251,-0.005408743022429219,-0.0031259584235994826,0.11638152543745361,0.07052004176978241,0.31143360622250277
2025-11-25 15:00:00,86.76,83.41,85.65,-0.3187958987327013,-0.001698838921055712,0.023452778309651645,-0.003069575896489655,0.0585524555209076,0.12111328228255618,0.2942357845976548
2025-11-25 19:00:00,86.13,84.14,85.52,-0.3349517842279592,-0.016002519162939266,0.02986116828339358,-0.003066473165894417,-0.048871505089874034,0.11245993753197586,0.285125528114321
2025-11-25 23:00:00,86.2,85.1,85.14,-0.8230150755772647,-0.0038263024605859064,0.028230386123252238,-0.003048515540285901,-0.07440107865124113,0.1274251555148622,0.27660495259033674
2025-11-26 03:00:00,85.47,84.42,85.18,-0.9256724955235733,-0.002761560776688099,0.01417830926471586,-0.0030616519027073,-0.11148370978379352,0.10571352570523047,0.26662403825595976
2025-11-26 07:00:00,85.45,84.3,84.68,-0.8302986867996817,0.009555832087335903,0.00690313792157804,-0.0030575460332158202,-0.10859459614555533,0.10535945756315404,0.25613256799387785
2025-11-26 11:00:00,84.78,83.6,83.88,-0.692358850072346,0.0033631096152717532,0.010902344987298251,-0.0030564076994171957,0.018149415232187938,0.0802406027522473,0.2480082943639366
2025-11-26 15:00:00,87.09,83.28,87.01,0.007480845518616743,0.001593070272466024,-0.001698838921055712,-0.002974814673074566,0.06611158379343651,0.1257984101611524,0.23440104612472223
2025-11-26 19:00:00,87.48,86.11,87.15,-0.8119757943249898,0.018954043292695122,-0.016002519162939266,-0.0029303744679216523,0.09822742146519015,0.1680386708525809,0.2286434474624781
2025-11-26 23:00:00,87.72,86.35,86.53,-0.774147541534889,0.016192906042977295,-0.0038263024605859064,-0.00290996071476983,-0.012886367184985148,0.17514976672204097,0.2234697488696689
2025-11-27 03:00:00,86.78,85.97,86.57,-0.9120202755107977,0.017605029619382373,-0.002761560776688099,-0.0028966840792109595,-0.04884507489672918,0.15721779024315918,0.21586186922785827
2025-11-27 07:00:00,87.32,86.04,86.7,-0.8897889581039818,0.02090971609236525,0.009555832087335903,-0.0028440771057475916,0.20885918432354322,0.1665243197704781,0.20848860090917054
2025-11-27 11:00:00,86.93,86.01,86.76,-0.8613747494481835,0.02765217356426586,0.0033631096152717532,-0.0027999034142223186,-0.043067930958537115,0.16043383345780085,0.20210064261990313
2025-11-27 15:00:00,87.63,86.58,87.37,-0.776517293569673,0.0193712881974073,0.001593070272466024,-0.0027197699337033606,-0.1133989630678619,0.1828590095382669,0.19790665613187516
2025-11-27 19:00:00,87.8,86.41,86.6,-0.8670211686064696,0.007336524427913993,0.018954043292695122,-0.00268036621250362,-0.09798521977183172,0.18995923572399168,0.19803397209627333
2025-11-27 23:00:00,86.87,84.69,85.35,-0.7300477636924841,-0.014148651015969738,0.016192906042977295,-0.0027156374240920505,-0.2248006795347669,0.13277485596903635,0.19917814543936335
2025-11-28 03:00:00,85.58,84.43,84.71,-0.7470542136653118,-0.016124103177426297,0.017605029619382373,-0.002722771673906076,-0.2307506547566408,0.10921557905782331,0.19656449976626142
2025-11-28 07:00:00,86.31,84.58,85.81,-0.7449933511271617,-0.013763525343970962,0.02090971609236525,-0.002706934161090002,0.11049337514222346,0.12542156882297967,0.1873610806650118
2025-11-28 11:00:00,86.25,84.57,86.03,-0.6191575794596555,-0.011756254081125128,0.02765217356426586,-0.002681748704881312,-0.0697682738765607,0.12539710521047465,0.17996256059898333
2025-11-28 15:00:00,86.77,83.13,84.03,-0.3751344714661743,-0.02808605709905243,0.0193712881974073,-0.002695300711763362,-0.28010582290762354,0.09852533990754497,0.17633392056164485
2025-11-28 19:00:00,84.85,84.02,84.77,-0.9281633717340108,-0.03258631799626377,0.007336524427913993,-0.0026806170764329994,0.14807263013613148,0.09188131598938121,0.16400262753465078
2025-11-28 23:00:00,84.98,84.1,84.4,-1.0297742041362334,-0.014059407808353575,-0.014148651015969738,-0.002641839757305718,0.3862908500997315,0.09126299288775512,0.15485819350990174
2025-11-29 03:00:00,85.73,83.98,84.47,-0.860520769251476,-0.0023060693486888217,-0.016124103177426297,-0.0025692893529694234,0.3454474697126513,0.10246099890779707,0.14673516099173148
2025-11-29 07:00:00,84.67,84.01,84.53,-1.0093697034060354,-0.01398787365514964,-0.013763525343970962,-0.002477081709366095,-0.062328712106532236,0.08422377461682021,0.1382255150492029
2025-11-29 11:00:00,84.72,83.96,84.03,-0.9700928403184031,-0.013893342043522439,-0.011756254081125128,-0.0023879299505307244,-0.14629957076371636,0.08447807017780441,0.13009336064353114
2025-11-29 15:00:00,84.64,83.14,83.57,-0.8391754259243471,-0.010294927147329491,-0.02808605709905243,-0.002266358720347936,0.2636392189383501,0.06848109358222287,0.12888578441039966
2025-11-29 19:00:00,84.27,83.53,83.9,-1.0261116537761272,-0.006543315238144887,-0.03258631799626377,-0.0021568687777787777,0.1608178999657388,0.07282907687037998,0.12115216839318874
2025-11-29 23:00:00,84.54,83.73,83.99,-1.1002723362264926,-0.003907469997042723,-0.014059407808353575,-0.002051400853559829,-0.07247445787486373,0.07988798788512982,0.11059973671389024
2025-11-30 03:00:00,84.24,83.41,83.9,-0.9988962364008768,-0.010787313114571595,-0.0023060693486888217,-0.001965093045184959,-0.06598924106312554,0.07093734062400713,0.09980748755077487
2025-11-30 07:00:00,84.71,83.83,84.02,-1.0206446871343193,-0.0006351892990008601,-0.01398787365514964,-0.0018517441850963785,0.15991005789413704,0.0823791513085878,0.08746039466223991
2025-11-30 11:00:00,84.83,83.77,84.22,-0.8874754756558777,0.0012030800622362392,-0.013893342043522439,-0.0017383505288017743,0.26352788310565733,0.08797218422609578,0.0744985042985239
2025-11-30 15:00:00,84.52,83.74,84.0,-0.8831162320924313,0.003657231178135101,-0.010294927147329491,-0.001638268510230398,-0.031170234728374657,0.07904431166592925,0.07356244889081713
2025-11-30 19:00:00,84.27,83.57,84.04,-0.9702036907479794,-0.0008689382517456101,-0.006543315238144887,-0.0015724004598962706,-0.04268171523343489,0.07031553553326562,0.06897548525996255
2025-11-30 23:00:00,84.08,77.87,78.47,1.274381972891531,-0.05026596021155594,-0.003907469997042723,-0.0015912393321769222,-0.045086239539526174,0.0,0.08260382106259913
2025-12-01 03:00:00,78.65,76.94,77.43,-0.13882114274992394,-0.07522701146424149,-0.010787313114571595,-0.00161628711205136,0.07326752066544095,0.0,0.09398161194710501
2025-12-01 07:00:00,78.18,76.98,77.86,-0.5388970723946889,-0.07801291522109699,-0.0006351892990008601,-0.0016025299118428253,0.06519923952557805,0.002176840098783704,0.1022783082409646
2025-12-01 11:00:00,77.95,75.75,76.72,-0.15441799270376988,-0.08939927248768076,0.0012030800622362392,-0.0016038663276426036,-0.11358852043214329,0.0,0.11520455675796668
2025-12-01 15:00:00,76.82,74.66,76.1,0.02031608355752187,-0.10230407915547801,0.003657231178135101,-0.0016346787905639128,0.04494780316646829,0.0,0.12791578230340556
2025-12-01 19:00:00,77.91,75.65,77.52,-0.49672137380593656,-0.0837908648410095,-0.0008689382517456101,-0.0016316483369885138,-0.003534444217627941,0.03751067364602477,0.13126289255922874
2025-12-01 23:00:00,78.53,77.35,77.63,-0.8299680667496022,-0.026924580916381835,-0.05026596021155594,-0.0016459045082211818,0.10971505305300644,0.06365712579057424,0.13743414002539867
2025-12-02 03:00:00,78.05,77.31,77.98,-0.940633304236027,0.0009138038328373455,-0.07522701146424149,-0.0016708966027484695,-0.0067873271052519835,0.06031820541890549,0.1420359110854459
2025-12-02 07:00:00,78.75,77.32,78.48,-0.7582074379898086,0.003290191380457941,-0.07801291522109699,-0.001670579415783095,-0.13783236933903587,0.0675926675221718,0.1448522803809319
2025-12-02 11:00:00,80.41,78.24,80.38,-0.4641424412027784,0.02977393267381534,-0.08939927248768076,-0.0016158064404285083,0.009540512997849637,0.10215494151546453,0.14256509674919784
2025-12-02 15:00:00,83.06,80.38,82.73,0.3401087245685066,0.08724405837680993,-0.10230407915547801,-0.001513240046651197,0.06757378738718423,0.1864736410021868,0.13841587899776372
2025-12-02 19:00:00,83.31,82.23,83.28,-0.5710060982031154,0.07775045944130321,-0.0837908648410095,-0.0014118973476332933,-0.19074887540112706,0.20660936528308482,0.13744778098151048
2025-12-02 23:00:00,83.99,82.5,83.71,-0.5855545729796243,0.06991114482977223,-0.026924580916381835,-0.0013172879031492228,0.02973570855290464,0.21753409938876092,0.13673193036476913
2025-12-03 03:00:00,85.97,83.62,85.02,-0.2682580804667649,0.0947233940046599,0.0009138038328373455,-0.001195416813142642,0.15672131905356101,0.2684915684141334,0.1348604118757867
2025-12-03 07:00:00,85.88,84.79,85.13,-0.7792097452127893,0.09361226283434165,0.003290191380457941,-0.0010952764422060147,-0.20374376890650336,0.27400507921814954,0.13495714232364528
2025-12-03 11:00:00,85.96,83.68,84.69,-0.18769238540889735,0.07357820752294142,0.02977393267381534,-0.0009932604627325616,0.016513698615068906,0.2669358538077934,0.1357480623714059
2025-12-03 15:00:00,85.88,84.46,85.47,-0.5102021434584241,0.038237657558980453,0.08724405837680993,-0.0008932419738358656,-0.03937169535869822,0.27533233247855265,0.13493539446617128
2025-12-03 19:00:00,86.73,85.42,86.12,-0.0207804361070593,0.03900512224166608,0.07775045944130321,-0.0008083101128555929,0.12200144762836862,0.29803692817633787,0.134672234774183
2025-12-03 23:00:00,86.77,85.47,86.42,-0.5947385381170094,0.03583579845469442,0.06991114482977223,-0.0007209135888250313,-0.06914980746147392,0.3019242999425754,0.13511379514048738
2025-12-04 03:00:00,86.48,85.61,85.7,-0.826898578760893,0.010770600704110844,0.0947233940046599,-0.000614566167326491,-0.21101511937032147,0.29440424246121355,0.1367354406171055
2025-12-04 07:00:00,85.76,84.53,84.61,-0.5817654674347281,-0.001181143833271614,0.09361226283434165,-0.0005113100999164883,0.0423166321893893,0.2711568874752953,0.13853885209190128
2025-12-04 11:00:00,84.68,83.3,83.45,-0.07167995493546793,-0.009493856120017408,0.07357820752294142,-0.0004162090880814872,-0.18491856719307187,0.2441096320425707,0.14046567518347702
2025-12-04 15:00:00,84.84,83.33,83.62,-0.10750935915616451,-0.015367246919730015,0.038237657558980453,-0.0003281409408408271,0.04884420786954635,0.23825559767862192,0.13932104002095425
2025-12-04 19:00:00,84.17,82.16,83.82,-0.39598719276642363,-0.03171275821497155,0.03900512224166608,-0.00028559692460367286,-0.07064174357670272,0.22080316342266054,0.1382283096124788
2025-12-04 23:00:00,84.13,83.37,83.8,-0.8650255978592412,-0.028184997298432823,0.03583579845469442,-0.0002499573512010389,-0.08211175306925622,0.23317253567312768,0.13763069549408538
2025-12-05 03:00:00,83.91,83.06,83.66,-0.8554746147247293,-0.029120962920259008,0.010770600704110844,-0.00020801076726522665,0.13496232984952372,0.22358836523279005,0.13777418395702326
2025-12-05 07:00:00,83.95,81.93,82.26,-0.22405011445341821,-0.03048501634317513,-0.001181143833271614,-0.00017711932245034452,0.09853133684970294,0.19773262363214542,0.14039961448064492
2025-12-05 11:00:00,82.57,81.56,81.78,-0.6363056631669844,-0.024458719302263954,-0.009493856120017408,-0.0001851542160929642,0.2201547524269376,0.18586146369119583,0.141709244380464
2025-12-05 15:00:00,82.99,79.76,79.98,-0.03704615843201147,-0.03342759626110581,-0.015367246919730015,-0.0002157432770629584,-0.15694954164211594,0.1588438347657546,0.14618165747775794
2025-12-05 19:00:00,80.79,79.59,80.28,-0.5420478577778528,-0.03718437788577211,-0.03171275821497155,-0.00025310592207190033,-0.07993635802997723,0.13311561703696265,0.1465424601010397
2025-12-05 23:00:00,80.65,79.88,80.54,-0.9771038192013295,-0.0412779734455212,-0.028184997298432823,-0.00030038223187567824,0.0843380689106723,0.13532096156728118,0.14682970449216354
2025-12-06 03:00:00,80.9,80.09,80.44,-1.0471590874423566,-0.035106646308137646,-0.029120962920259008,-0.00034263472203402835,-0.06058648658431487,0.14070270984086683,0.14772825445849633
2025-12-06 07:00:00,80.79,79.9,80.61,-0.9289282399537983,-0.026582758064328416,-0.03048501634317513,-0.00038435978701033643,0.031155119924092256,0.1356589093552791,0.1481325185877582
2025-12-06 11:00:00,82.03,80.55,81.64,-0.6469155871818628,-0.008741801409909988,-0.024458719302263954,-0.0004258310066676223,0.1748804609893817,0.16555215465032158,0.14654697501664898
2025-12-06 15:00:00,82.52,80.84,82.01,-0.18229676218402735,0.008422494126350877,-0.03342759626110581,-0.0004606072973292609,0.2810900694543599,0.17818376030090655,0.14400086152922406
2025-12-06 19:00:00,82.18,81.36,81.71,-0.8818141132769367,0.01905993706897835,-0.03718437788577211,-0.0004946717022299583,0.09646641715998627,0.17639110652387854,0.14243181610678685
2025-12-06 23:00:00,82.33,81.27,82.23,-1.0608876017283404,0.020158823086111832,-0.0412779734455212,-0.000524774932951857,0.07505618545135762,0.18113592327765088,0.13982303895359227
2025-12-07 03:00:00,82.74,81.9,82.69,-1.0739286300528372,0.022552422635030434,-0.035106646308137646,-0.0005431960165339822,0.478774382264179,0.19207897723989126,0.13713797962926047
2025-12-07 07:00:00,82.74,81.34,81.77,-0.9092231272046674,0.019467888398996935,-0.026582758064328416,-0.0005550178266028406,-0.1224705424633602,0.17991016277842634,0.1366622306055636
2025-12-07 11:00:00,82.39,79.88,79.98,-0.6076597041115182,-0.005125646689645547,-0.008741801409909988,-0.0005797110913849282,-0.16883968822968942,0.1537481418642631,0.13843429075859137
2025-12-07 15:00:00,83.76,79.92,83.16,-0.22886837886058375,0.0017345500358167953,0.008422494126350877,-0.0005973411688866085,-0.10968768476427238,0.18220022022208474,0.1298651564520209
2025-12-07 19:00:00,83.34,80.1,81.02,-0.6113259721976938,0.0024950502100495875,0.01905993706897835,-0.0006100412033679215,-0.09903093151219644,0.1854986987735766,0.13114090625315483
2025-12-07 23:00:00,82.98,80.59,82.56,-0.8378984595069726,-0.002152296802483633,0.020158823086111832,-0.0006193517670644837,0.06383021297439595,0.18943821230448038,0.12743755965584516
2025-12-08 03:00:00,83.74,82.38,83.53,-0.6411385705912529,0.009978260264093208,0.022552422635030434,-0.0006231663030333745,-0.03187890142593375,0.23531537562742064,0.12535599584034746
2025-12-08 07:00:00,84.18,82.9,83.84,-0.3170746752842225,0.021215578963009962,0.019467888398996935,-0.0006146881132360959,-0.030854733419576008,0.25034191628796887,0.12343580082313312
2025-12-08 11:00:00,84.04,83.07,83.37,-0.4473509257801982,0.03338456891128416,-0.005125646689645547,-0.0006089297598725837,0.08026074185504761,0.2516136020521396,0.1221992224085982
2025-12-08 15:00:00,84.23,82.72,83.22,-0.18849561980243273,0.019639114037166117,0.0017345500358167953,-0.0006092348123017315,0.06229568211275205,0.25913660796939436,0.12209590561742159
2025-12-08 19:00:00,84.49,83.15,84.15,-0.8908241744554952,0.02287875903879133,0.0024950502100495875,-0.0005821753537123077,0.21056086979873023,0.26764458592081136,0.12033403293666255
2025-12-08 23:00:00,84.38,83.21,83.21,-0.9367890924070579,0.02486319085493638,-0.002152296802483633,-0.0005441436741786424,-0.028898993638125647,0.2658640070983838,0.12113515699913034
2025-12-09 03:00:00,83.62,82.47,82.89,-0.7679089607739331,-0.0005600240009555613,0.009978260264093208,-0.0005163036847951902,-0.2166396066865829,0.2434927511874049,0.12090729176029223
2025-12-09 07:00:00,83.86,82.81,83.38,-0.7997576889172641,-0.0027559097836011848,0.021215578963009962,-0.0004961239108668648,0.22348731238024078,0.25321597364643267,0.11957934713377065
2025-12-09 11:00:00,84.83,83.01,83.68,-0.4796384666133919,0.005063946216602444,0.03338456891128416,-0.0004810866056055249,0.0031884453800319346,0.2756017849807738,0.11897274986561299
2025-12-09 15:00:00,87.54,83.67,86.5,1.6413626388531584,0.03362925762331592,0.019639114037166117,-0.0004527777021540236,-0.020891452487691087,0.34963366068878626,0.11757798254071915
2025-12-09 19:00:00,86.78,84.86,86.22,-0.6466233113390653,0.02437789609541552,0.02287875903879133,-0.000402668110020558,-0.12242390557014826,0.33345343317493326,0.11988299278744928
2025-12-09 23:00:00,86.47,84.8,84.99,-0.5211838506790246,0.021851366882346568,0.02486319085493638,-0.0003587064065211073,-0.2458326418350788,0.32481350637719,0.12226595558829548
2025-12-10 03:00:00,85.06,84.27,84.35,-0.8745705333087301,0.01794715030374916,-0.0005600240009555613,-0.00031574953508866255,-0.019545554399356124,0.29150815449585005,0.12343393147241889
2025-12-10 07:00:00,85.08,83.82,83.82,-0.746285930739593,0.010674666836252067,-0.0027559097836011848,-0.0002861241664929913,-0.08749381858746297,0.28187852999222623,0.12411988049451156
2025-12-10 11:00:00,84.59,83.74,84.25,-0.7949823721800102,0.0010799354522321725,0.005063946216602444,-0.00025870602993863045,0.015340293799903426,0.2785256957470665,0.12350343894516982
2025-12-10 15:00:00,85.64,83.92,84.98,-0.4866995677286212,-0.018677137935778187,0.03362925762331592,-0.00023759896716799895,-0.18437230610744337,0.29768285643827197,0.12306713221796863
2025-12-10 19:00:00,87.09,84.19,85.27,0.5317215236430655,-0.003990955038112198,0.02437789609541552,-0.00019720185726870588,-0.0005816441776128611,0.3224170925593379,0.12347990853127272
2025-12-10 23:00:00,85.41,80.8,80.91,0.8157277043071187,-0.03423744922360139,0.021851366882346568,-0.00014368684440771012,0.18380116855966944,0.23043118755746095,0.12796783618868054
2025-12-11 03:00:00,81.71,80.31,81.27,-0.527656510006489,-0.04262776826048609,0.01794715030374916,-0.00011227663116721686,-0.04892067378378695,0.17541599008903896,0.12343112375144381
2025-12-11 07:00:00,81.3,80.46,80.88,-0.6526810655324125,-0.039666701655626246,0.010674666836252067,-0.00010008230908028041,0.13051369682368086,0.17423248900299249,0.1207580950224657
2025-12-11 11:00:00,81.5,80.51,80.85,-0.2976741284942847,-0.038429412622866255,0.0010799354522321725,-8.398435745879842e-05,0.012832835700166134,0.17436621183336784,0.11522844873887489
2025-12-11 15:00:00,82.22,80.55,81.74,-0.48600834289901806,-0.041159353890352524,-0.018677137935778187,-6.800684225353341e-05,0.2237178899676051,0.1853356146616937,0.10609747011082668
2025-12-11 19:00:00,83.52,81.57,82.87,-0.19298114475130884,-0.03536518270087374,-0.003990955038112198,-3.997871481597362e-05,0.1307045025826603,0.22501070236779344,0.09925779579706816
2025-12-11 23:00:00,83.36,82.25,83.26,-1.0099334996417184,0.003692737775935706,-0.03423744922360139,3.1527053620195572e-06,0.15010767774820266,0.24026242243339374,0.09318498357125306
2025-12-12 03:00:00,83.65,82.54,83.42,-0.7256138978635932,0.025337098229686106,-0.04262776826048609,3.480640897622585e-05,0.12955067812942,0.2414774267143452,0.08765214687607607
2025-12-12 07:00:00,84.41,83.09,83.93,-0.9161751692528641,0.03448986853200875,-0.039666701655626246,5.9908479974949274e-05,-0.017203422314093775,0.2641171322139627,0.08250054509135703
2025-12-12 11:00:00,84.49,83.8,84.22,-0.41806856473365284,0.039290146751848276,-0.038429412622866255,9.721740675301463e-05,0.1366093916662301,0.2767661971690741,0.08068524985726896
2025-12-12 15:00:00,84.21,80.5,81.73,0.5107358025717273,0.007958307812773846,-0.041159353890352524,0.00014286840402506835,-0.08397125891483803,0.2061642604587245,0.08360268992353646
2025-12-12 19:00:00,82.12,81.11,82.04,-0.8944374218665095,-0.00971075608890759,-0.03536518270087374,0.0001559822589644259,-0.11157165276339354,0.1992102380401607,0.08358289788913556
2025-12-12 23:00:00,82.45,81.76,82.15,-1.0406319079981585,-0.011237646198695828,0.003692737775935706,0.00016446398420896002,-0.1876617845790094,0.2102337771827837,0.08362191960458856
2025-12-13 03:00:00,82.45,81.66,81.66,-1.017472185485498,-0.010101857467278097,0.025337098229686106,0.00017731919547910442,-0.1827949056037277,0.2144715023851897,0.0837169005820591
2025-12-13 07:00:00,82.28,81.63,81.81,-0.967854720098141,-0.02150238450913866,0.03448986853200875,0.0001964036994961749,-0.0386927137449391,0.20614666169703655,0.08285936205403377
2025-12-13 11:00:00,81.89,81.22,81.45,-0.930950524420722,-0.03006751191131629,0.039290146751848276,0.00020822030339351884,-0.17325962351669766,0.21507831218656276,0.08308197793334733
2025-12-13 15:00:00,82.0,81.27,81.31,-0.9706015402113807,-0.0029757280452480384,0.007958307812773846,0.0002161823282906287,0.0546818614900757,0.22756875838023488,0.08225193571140586
2025-12-13 19:00:00,81.53,80.77,81.3,-1.0441506416066768,-0.005609854910968215,-0.00971075608890759,0.00022228583830011676,0.14043235601290704,0.21363418759035377,0.08015151221745158
2025-12-13 23:00:00,81.99,81.2,81.7,-1.0742829585291485,-0.006372073960735025,-0.011237646198695828,0.00022389535509365207,0.26085694234524226,0.22399775286891058,0.07657935880927572
2025-12-14 03:00:00,81.77,80.7,80.9,-1.0860150883432031,-0.012302485875836378,-0.010101857467278097,0.00023297829065153935,0.2295770192363067,0.21327005627587048,0.07573718812184697
2025-12-14 07:00:00,81.25,80.39,80.55,-0.9695237101346592,-0.013640327778630223,-0.02150238450913866,0.00023634926076513993,0.1324535027226188,0.20764367667921402,0.07613465789967633
2025-12-14 11:00:00,80.61,79.11,79.36,-0.2246483706961254,-0.019486235310410938,-0.03006751191131629,0.00024150758484516014,-0.017218156695972153,0.2043151803876886,0.07982711044540569
2025-12-14 15:00:00,79.55,78.78,79.42,-0.6404641715375526,-0.031914034913018696,-0.0029757280452480384,0.0002411822035379467,0.08577741688858298,0.16500986361439743,0.08189724938934818
2025-12-14 19:00:00,79.52,78.02,78.67,-0.2620757532067101,-0.03282031913501704,-0.005609854910968215,0.00022793244462989985,0.05975672703507362,0.1422254320586042,0.08576137619850102
2025-12-14 23:00:00,81.02,77.96,80.19,-0.3112061019860158,-0.02546584034829935,-0.006372073960735025,0.00020420480432630544,-0.01639121521175202,0.1825664881967209,0.0847267527452667
2025-12-15 03:00:00,81.32,80.05,81.04,-0.9278096431145617,-0.005744507448743663,-0.012302485875836378,0.00014835232801458504,-0.05347868818144719,0.2435372214997682,0.08373586360661935
2025-12-15 07:00:00,81.42,80.51,80.97,-0.8400024815218871,0.0018515201063873388,-0.013640327778630223,8.361846876651962e-05,-0.08356718345065062,0.260290928583841,0.08420413184868934
2025-12-15 11:00:00,81.14,79.26,79.62,-0.36737914663878013,0.0059645305354294464,-0.019486235310410938,2.2069467671918076e-05,-0.08344006096438339,0.23725387112192495,0.08724548253512078
2025-12-15 15:00:00,79.62,75.74,76.8,1.8674977144803848,-0.020058557108547537,-0.031914034913018696,-5.660829099902276e-05,-0.0860452161103118,0.0941606979449905,0.0963581903240148
2025-12-15 19:00:00,77.45,76.21,77.4,-0.31969065278753117,-0.02124091269948314,-0.03282031913501704,-0.00018553352440055733,0.10823151244732365,0.06668912425820718,0.09997650568322837
2025-12-15 23:00:00,77.82,76.82,77.48,-0.4917313862946778,-0.026198944501368504,-0.02546584034829935,-0.0003041870931795823,0.07794672762578503,0.08853073764576341,0.10401573031250778
2025-12-16 03:00:00,78.09,76.44,78.04,-0.6382098438623504,-0.04060444386504447,-0.005744507448743663,-0.0004084177188321161,-0.0022454528585408307,0.09130155859164839,0.10610669327652844
2025-12-16 07:00:00,79.0,77.09,78.45,-0.22255519015794475,-0.0396849778044307,0.0018515201063873388,-0.0005113724410353135,0.043246492882655474,0.10639985126305916,0.10774002864547406
2025-12-16 11:00:00,79.24,77.17,78.28,0.6502309710802681,-0.02522153358334822,0.0059645305354294464,-0.0006042154285496132,0.15895546410285677,0.14003041204829836,0.11066116115124924
2025-12-16 15:00:00,79.89,77.95,79.45,1.080853127782558,0.02095738314065887,-0.020058557108547537,-0.0006749405334277011,-0.007421532125465591,0.17990207553575713,0.1101916079338097
2025-12-16 19:00:00,79.47,78.77,79.24,-0.7241288673534018,0.029349642615394078,-0.02124091269948314,-0.0007105535546351082,-0.08828914922862618,0.18290649506964318,0.111797907399831
2025-12-16 23:00:00,79.76,78.82,79.35,-0.641094086720787,0.022700061434436813,-0.026198944501368504,-0.0007379611714929695,-0.4333457556977326,0.19362435651979573,0.11275914080620707
2025-12-17 03:00:00,79.5,78.43,79.0,-0.767586279431241,0.020705090368262846,-0.04060444386504447,-0.0007612271449080694,-0.04079179337506278,0.18850470944762412,0.11452562488703584
2025-12-17 07:00:00,79.21,77.9,78.27,-0.8632979652404061,0.009204106709824966,-0.0396849778044307,-0.0007695379842483828,-0.14185576286715895,0.16474270096670154,0.11780427921593684
2025-12-17 11:00:00,80.32,78.12,80.31,-0.015513702367172881,0.006841119927761374,-0.02522153358334822,-0.0007696143171156394,0.024979183564353358,0.19767767951682255,0.11462879931657814
2025-12-17 15:00:00,81.04,75.42,75.58,1.7689472506168262,-0.01657085130328606,0.02095738314065887,-0.0007819084577140075,-0.021486898150098188,0.13018956298024587,0.1282165614959813
2025-12-17 19:00:00,76.73,75.16,76.21,-0.37985839454263487,-0.042102024508145486,0.029349642615394078,-0.0008108937909800825,-0.14447810649130144,0.018074657147247576,0.1321454079070567
2025-12-17 23:00:00,76.44,75.49,76.26,-0.7792459239873958,-0.03990953149601484,0.022700061434436813,-0.0008288745666442663,0.42747152065814986,0.025517100485347614,0.1364188898068251
2025-12-18 03:00:00,76.26,74.79,75.25,-0.373148359152075,-0.0466964368914059,0.020705090368262846,-0.000849547777499083,-0.12174909441858639,0.0,0.1435709213548229
2025-12-18 07:00:00,76.38,75.16,76.17,-0.14702145498123562,-0.03349356893495947,0.009204106709824966,-0.0008649763412127568,0.14278034572158016,0.028894088419535897,0.14469682526421696
2025-12-18 11:00:00,78.56,75.81,77.35,0.5618186158503199,-0.023586585986478337,0.006841119927761374,-0.0008721452311988585,0.07993748751220542,0.14069098245365952,0.14377400490446848
2025-12-18 15:00:00,78.31,73.61,74.49,1.2700402989130382,-0.03092148997256927,-0.01657085130328606,-0.0009082608057105551,-0.003918757909818438,0.0043663148036108546,0.1550584010000932
2025-12-18 19:00:00,74.69,72.64,74.31,0.972738788761534,-0.02833661716916369,-0.042102024508145486,-0.0009659758775954139,0.1650686132656629,0.0,0.16010857607626014
2025-12-18 23:00:00,74.48,73.56,74.26,-0.5532789838022736,-0.02444654676712843,-0.03990953149601484,-0.0010211231423251197,-0.02289028351773892,0.030904442092381093,0.16525921063901922
2025-12-19 03:00:00,76.25,74.23,75.66,-0.06501169513293653,0.002211599897854244,-0.0466964368914059,-0.0010495106105152083,0.215949221571601,0.13310749958935467,0.16469444132243055
2025-12-19 07:00:00,76.56,75.6,76.12,-0.22572229546465372,0.0026516907152944746,-0.03349356893495947,-0.0010750422060774685,0.09224647025481247,0.17152184004629914,0.16492752375713368
2025-12-19 11:00:00,76.92,75.86,76.56,0.06641319982747501,-0.011204212002296043,-0.023586585986478337,-0.0011070030897000673,0.08595339584896466,0.1878491980491092,0.1641887894699547
2025-12-19 15:00:00,77.44,76.01,76.54,1.0654776948928562,0.015747518980148367,-0.03092148997256927,-0.001137781152956299,0.05293670821163721,0.21181093313508673,0.16014339828664784
2025-12-19 19:00:00,78.02,76.55,77.65,-0.6495435784330095,0.05189642914555059,-0.02833661716916369,-0.0011647206721315197,-0.061829898107043535,0.2799935120114054,0.15287347164268744
2025-12-19 23:00:00,77.72,77.13,77.25,-1.296128143370004,0.04490925899973597,-0.02444654676712843,-0.0012052853747206679,0.1259649977582329,0.27458841385586713,0.15059347712157894
2025-12-20 03:00:00,77.29,76.43,76.84,-1.052944293516406,0.017071371570869243,0.002211599897854244,-0.001254387119406605,-0.03881018982920059,0.22748391525217415,0.14926177867018858
2025-12-20 07:00:00,77.74,76.67,77.17,-1.0360283032686044,0.017044403205082936,0.0026516907152944746,-0.0012886257379746773,-0.30522304455061056,0.266403914811853,0.14667798898926498
2025-12-20 11:00:00,77.47,76.67,77.0,-0.9690085646288996,0.009832172429830699,-0.011204212002296043,-0.0013322937801214846,-0.24484349229234847,0.24274305994155534,0.14428229528471137
2025-12-20 15:00:00,77.37,76.58,77.26,-0.7601943394653883,0.004076928126397927,0.015747518980148367,-0.0013634428195639242,0.018392284502256606,0.23467046277782927,0.13930158181285368
2025-12-20 19:00:00,78.43,77.15,78.39,-1.0651890417286527,0.0025461400735242723,0.05189642914555059,-0.001373162436670909,-0.06982864198709282,0.2944434427316747,0.13131200068445825
2025-12-20 23:00:00,79.41,76.81,77.0,-0.4712468122161083,0.007864591119488784,0.04490925899973597,-0.0013817888162793506,-0.12762630386045293,0.31917926901732613,0.1338685961586358
2025-12-21 03:00:00,77.48,76.95,77.2,-0.738601921443941,0.005143040122088882,0.017071371570869243,-0.0014052618909327758,-0.06583905439550974,0.2564017922667382,0.13323402101889736
2025-12-21 07:00:00,77.99,76.9,77.44,-0.7522673517767948,0.0020212128345002967,0.017044403205082936,-0.0014120356641021477,0.46395627423128327,0.27784729520978424,0.13259272179004272
2025-12-21 11:00:00,77.63,75.46,76.01,-0.1807220749118448,-0.006795781500889775,0.009832172429830699,-0.0014430585936087818,0.08834124721810466,0.2044285823180743,0.13586893737046735
2025-12-21 15:00:00,76.72,75.68,76.36,-0.5738946706478085,-0.009839201234931205,0.004076928126397927,-0.0014824827471740293,-0.04541655026285629,0.1792766746179703,0.13480327781697285
2025-12-21 19:00:00,76.79,75.96,76.59,-0.8717933956728996,-0.017464219677705506,0.0025461400735242723,-0.0015023762111892136,0.0794548739808445,0.19507762121700958,0.13218513921859706
2025-12-21 23:00:00,78.24,76.44,77.5,-0.15436823796054294,-0.009677899975914839,0.007864591119488784,-0.0015040453437237034,0.20031777051247657,0.2638757241749884,0.12706757243126007
2025-12-22 03:00:00,78.3,77.34,77.51,-0.8063404850691585,0.008262295916693363,0.005143040122088882,-0.001504236843006598,0.11016822585386699,0.30309730077147967,0.12289124779830794
2025-12-22 07:00:00,78.34,77.45,77.93,-0.7185474738682959,0.0057110171319454395,0.0020212128345002967,-0.0014906615511994608,-0.1534146034911632,0.31024637431456403,0.11659044150215958
2025-12-22 11:00:00,78.57,77.67,78.56,0.035017127162625776,0.020214170768801054,-0.006795781500889775,-0.0014692761641191612,0.16272937698121415,0.31762116981215377,0.10885341104730682
2025-12-22 15:00:00,79.49,78.21,78.33,-0.0662920207767893,0.03493587966151601,-0.009839201234931205,-0.0014326550279775846,0.004034462337173972,0.374027198256356,0.106686761260839
2025-12-22 19:00:00,78.33,76.35,77.17,0.33134901687455065,0.009283008529642478,-0.017464219677705506,-0.0014332582338600515,0.009682004666377475,0.24697255547179608,0.10532211688284664
2025-12-22 23:00:00,77.44,76.42,76.54,-0.6433580807963515,-0.004528270051815553,-0.009677899975914839,-0.0014185119000025446,0.11272262090386143,0.2382497354854449,0.10306936027944208
2025-12-23 03:00:00,77.09,76.16,76.66,-0.6226580391818662,-0.014215309495775208,0.008262295916693363,-0.0014057154015277337,0.06782918402368177,0.22209372128875426,0.10027271716783025
2025-12-23 07:00:00,77.03,76.32,76.58,-0.39959532756768323,-0.01693189945589857,0.0057110171319454395,-0.001399350345829371,0.052496247742290114,0.21364171087385136,0.09724313922550458
2025-12-23 11:00:00,77.12,75.53,76.0,-0.15469355806896343,-0.01918115961865563,0.020214170768801054,-0.0013884461235696812,-0.02255355648038082,0.20804193376182023,0.09560721206833031
2025-12-23 15:00:00,77.72,75.8,77.25,0.1439119332118401,-0.024447966640337104,0.03493587966151601,-0.001361313629486904,-0.013882268154096988,0.23298043028364876,0.09100181419038147
2025-12-23 19:00:00,77.96,76.67,76.85,-0.6763652097860678,0.0025125693094303347,0.009283008529642478,-0.0013023646629857018,-0.10974776065631575,0.2611489969400721,0.08829342989359697
2025-12-23 23:00:00,77.42,76.22,76.28,-0.806243488385184,7.411282328773083e-05,-0.004528270051815553,-0.0012540997494101822,-0.26865632054458266,0.2386672490599726,0.08489338600351379
2025-12-24 03:00:00,76.93,75.56,75.91,-0.7233148914109251,-0.007892870282877995,-0.014215309495775208,-0.001217890344107839,-0.21024489641695654,0.17775686201935983,0.08279607671584131
2025-12-24 07:00:00,76.31,75.29,76.12,-0.5614165781899035,-0.011301705373592985,-0.01693189945589857,-0.0011924338825979978,-0.08916183194430005,0.15025182114701163,0.08025713425491396
2025-12-24 11:00:00,76.83,75.22,75.32,-0.017434359040427144,-0.004308432451765598,-0.01918115961865563,-0.0011592077174741636,-0.21524684559670149,0.18390058685040736,0.0811504365567528
2025-12-24 15:00:00,76.19,75.28,75.57,0.7014931371664859,-0.015081922044885343,-0.024447966640337104,-0.0011342926250888375,-0.04675716432644861,0.14809610034035228,0.08042048670132991
2025-12-24 19:00:00,76.14,75.42,76.12,-0.5945415063613629,-0.020020143297512227,0.0025125693094303347,-0.0010984614149592614,0.08200142850387837,0.14790734748556217,0.07960450371219739
2025-12-24 23:00:00,76.3,75.54,76.19,-0.9618410457972183,-0.014015685196635763,7.411282328773083e-05,-0.0010492343814740579,-0.07649960739284412,0.1597042268030421,0.0771302503771978
2025-12-25 03:00:00,76.7,76.04,76.49,-0.7651285139860503,0.0028897870566784167,-0.007892870282877995,-0.001024038481434625,0.20944166415569465,0.1938616262857226,0.072148333720474
2025-12-25 07:00:00,77.3,75.94,76.18,-0.5782677789458464,0.011866054637224677,-0.011301705373592985,-0.0010135495705702843,-0.03974037659145524,0.2160548893025238,0.06751422203473675
2025-12-25 11:00:00,76.5,76.02,76.27,-0.7858695118296799,0.0005355357570888675,-0.004308432451765598,-0.0010082165386848542,0.04703421884917813,0.1868884142878153,0.06512921781147578
2025-12-25 15:00:00,77.54,76.2,77.35,-0.29633680469843865,0.01773933309670972,-0.015081922044885343,-0.000990229105020933,0.14521120302043466,0.24643112491991584,0.06427097384027447
2025-12-25 19:00:00,77.57,75.71,76.13,-0.6207317969933528,0.015393946197796327,-0.020020143297512227,-0.0009712463838477194,-0.07127908192879129,0.25102437063062316,0.06545748989724218
2025-12-25 23:00:00,77.91,75.36,77.42,0.21606512193439098,0.008594935310456853,-0.014015685196635763,-0.0009413202972790447,0.23970320383344634,0.2232680952210859,0.0643447173118084
2025-12-26 03:00:00,78.0,77.15,77.79,-0.45361338044898514,0.0164752553676748,0.0028897870566784167,-0.000891484071536218,0.04714681316980984,0.3077487803944501,0.06386498283600828
2025-12-26 07:00:00,77.98,76.75,77.43,-0.44028362751132955,0.007614888503321371,0.011866054637224677,-0.000844978151346422,-0.06868829569822543,0.2785184895114105,0.06341912782071767
2025-12-26 11:00:00,77.5,75.68,75.93,0.14295801372552527,0.008838245333988803,0.0005355357570888675,-0.0007921292497943778,0.053104502920231944,0.25423850358546835,0.0642947082146789
2025-12-26 15:00:00,76.82,75.48,76.69,-0.3463963124471332,-0.010021971757841475,0.01773933309670972,-0.0007392376392196982,-0.06230270739408783,0.20437106598440366,0.06115400166200011
2025-12-26 19:00:00,77.22,76.54,76.83,-0.882817749412046,-0.00043813306132101104,0.015393946197796327,-0.0007044133921164052,0.14734118461304524,0.2483702971462601,0.05875842212179245
2025-12-26 23:00:00,77.33,76.73,77.19,-1.0321383782026956,0.005716178174506981,0.008594935310456853,-0.0006687520547185057,-0.0012823108712936016,0.25773626059659516,0.05589056261469856
2025-12-27 03:00:00,77.66,77.07,77.15,-0.7760471058608225,-0.0031453719516866263,0.0164752553676748,-0.0006246019036831813,-0.09620435608471634,0.28851667840770895,0.053850532681204794
2025-12-27 07:00:00,77.49,77.02,77.44,-0.7918380994627081,0.00020389028654221875,0.007614888503321371,-0.0005776183643784161,0.21689655391275298,0.2797591990821498,0.05283849313531064
2025-12-27 11:00:00,78.7,77.4,78.64,-0.09385714536315536,0.01491355708839337,0.008838245333988803,-0.0005269428900818189,0.06751411081397252,0.3446281168336453,0.04794432641707087
2025-12-27 15:00:00,79.16,78.28,78.73,-0.1999532510684858,0.03224054042473368,-0.010021971757841475,-0.0004718798045242575,-0.14801436289707193,0.39817008016779976,0.04919012078641364
2025-12-27 19:00:00,80.0,78.67,79.44,-0.6704387600939086,0.03248619924099505,-0.00043813306132101104,-0.0004090984751565961,-0.061511057427182214,0.4450753428414455,0.051720479689498
2025-12-27 23:00:00,80.58,79.44,79.69,-0.3615024977475272,0.04047066461380444,0.005716178174506981,-0.0003442739526070627,0.043854375767184095,0.5031665635315081,0.05477977698969211
2025-12-28 03:00:00,79.68,79.07,79.51,-0.5961145975606672,0.026487373460673425,-0.0031453719516866263,-0.0002743223315190597,-0.16296506912305675,0.449962001357532,0.056576877706626186
2025-12-28 07:00:00,80.11,79.27,79.33,-0.6811998060561573,0.03140549792631586,0.00020389028654221875,-0.00021137608655810215,-0.05680249285605854,0.47090634550941046,0.05863782990171732
2025-12-28 11:00:00,79.58,78.92,79.36,-0.8377300503326143,0.014850877748004976,0.01491355708839337,-0.00015087282052099856,-0.0037473774084675338,0.43598020181621694,0.060619655380142155
2025-12-28 15:00:00,79.7,78.27,78.31,-0.3858606499876811,0.00433242142173218,0.03224054042473368,-0.00010255872682435595,-0.00022709091257500091,0.42505203560247684,0.0596942937425413
2025-12-28 19:00:00,78.58,77.87,78.34,-0.029870828145425864,-0.014650386783799374,0.03248619924099505,-6.606938677742651e-05,0.07667529027691122,0.3534849456039161,0.05734743239385117
2025-12-28 23:00:00,79.89,78.16,79.07,-0.3965114608386971,-0.011608119558883523,0.04047066461380444,-4.301902364258442e-05,-0.013378013023447433,0.42992129770211457,0.05496175440420672
2025-12-29 03:00:00,80.25,79.06,79.11,-0.19710951084581996,0.0046970282487570625,0.026487373460673425,-9.253970004408585e-07,0.239434471834846,0.4793495497203648,0.055351239675239756
2025-12-29 07:00:00,79.29,77.6,78.13,0.21901110277071564,-0.01364539060706682,0.03140549792631586,6.196344745103915e-05,-0.07737927354275653,0.3852464481368196,0.05580348645886581
2025-12-29 11:00:00,78.29,76.92,77.98,0.3532059680206461,-0.018979304573995215,0.014850877748004976,0.00011635698935344274,0.02639688603671564,0.3174991590214628,0.055870982821563206
2025-12-29 15:00:00,78.53,77.37,77.49,0.1384471739559746,-0.012195196545965903,0.00433242142173218,0.00015526302913572434,0.24660623003910875,0.34905503556645834,0.0559872830769283
2025-12-29 19:00:00,78.47,77.43,78.38,-0.6177038676985646,-0.0015544968194638464,-0.014650386783799374,0.0001670182351962541,-0.09085729260310338,0.3439090138946845,0.05574375750684433
2025-12-29 23:00:00,78.6,77.8,78.02,-0.9861966042774344,-0.011613861272125492,-0.011608119558883523,0.0001710755931312985,-0.0962597899267763,0.35749046299206677,0.05617441469628968
2025-12-30 03:00:00,78.55,77.7,78.16,-0.42609321659302896,-0.018952377604121273,0.0046970282487570625,0.00018199342075140006,-0.24560725772112646,0.3602146501559871,0.05621069618538607
2025-12-30 07:00:00,78.82,77.95,78.07,-0.16801253713446512,-0.0045724070771665515,-0.01364539060706682,0.00019387580457042925,-0.1699691295560174,0.3569345136712586,0.05644081428953303
2025-12-30 11:00:00,78.73,77.74,78.61,-0.22428835448150017,0.005517719791717335,-0.018979304573995215,0.00020865759055282602,-0.10141571893335422,0.35129057446064027,0.05655098955664611
2025-12-30 15:00:00,78.77,77.82,78.06,-0.2848869224574141,0.002055018911361284,-0.012195196545965903,0.000229711423245225,-0.06229345354170157,0.36170515428805367,0.05709409180346173
2025-12-30 19:00:00,78.25,77.62,78.12,-0.7350315382572807,-0.00039711218651128366,-0.0015544968194638464,0.0002607945973168591,0.0028041774098410688,0.3414665464566515,0.0568770545051376
2025-12-30 23:00:00,79.03,77.9,78.11,-0.37737045500771466,0.002480401897861917,-0.011613861272125492,0.0002877669037982695,0.07601431686276361,0.37278004304719675,0.05698420841618464
2025-12-31 03:00:00,78.33,77.82,78.31,-1.1025671149158551,-0.002268414372652683,-0.018952377604121273,0.00032150216691265296,0.3080573557238009,0.3462256143332297,0.05709437158078348
2025-12-31 07:00:00,78.45,77.78,78.06,-0.4984037641548939,-0.001293653699715125,-0.0045724070771665515,0.0003493462602652455,0.33425265119498504,0.3489609518453348,0.05741067522861299
2025-12-31 11:00:00,78.55,77.87,78.21,-0.39608246591423707,0.0008138606170335905,0.005517719791717335,0.00037120389090811276,0.1992478168765377,0.3563022910476949,0.056639424636489515
2025-12-31 15:00:00,78.23,76.34,76.74,0.8541092856923422,-0.014648879427137773,0.002055018911361284,0.0004059194558032039,-0.0593163637851698,0.27134546049117864,0.05743029496329252
2025-12-31 19:00:00,77.0,76.08,76.88,-0.5783514739025466,-0.017524061537623536,-0.00039711218651128366,0.0004132811537659741,0.02931304331391571,0.23372633105861917,0.05714246138142699
2025-12-31 23:00:00,77.37,76.75,77.16,-1.0890977753720328,-0.017511899108594742,0.002480401897861917,0.00038904030678452666,-0.053439138483433735,0.2645662450557327,0.0569875296421976
2026-01-01 03:00:00,77.34,76.7,77.25,-1.138371741172234,-0.013203856327163033,-0.002268414372652683,0.00037238212814701485,0.03286204193266995,0.26498374585740203,0.05694973969024406
2026-01-01 07:00:00,77.65,77.08,77.49,-0.8411321912084704,-0.008414292255929046,-0.001293653699715125,0.0003466749006237904,0.05131631151324845,0.2971657257499527,0.05670401143012138
2026-01-01 11:00:00,78.35,77.43,78.13,-0.698935486103331,-0.0038780111092836522,0.0008138606170335905,0.000330452888316508,-0.13466896175550147,0.3324022398889649,0.05595338497848629
2026-01-01 15:00:00,79.22,78.12,79.04,0.6830116509632902,0.022205336960930966,-0.014648879427137773,0.00033086627405999873,0.1100788915130626,0.40630970526861515,0.055961707258848026
2026-01-01 19:00:00,79.92,79.01,79.9,-0.5279864442070877,0.03643909615425822,-0.017524061537623536,0.0003237105029849651,0.015475719657488618,0.45383268965297807,0.05741446558438039
2026-01-01 23:00:00,80.03,79.04,79.49,-0.25588826801605286,0.0321628598164998,-0.017511899108594742,0.00030579682054986335,0.04306543081876857,0.45983436749688794,0.058650514325015626
2026-01-02 03:00:00,80.35,79.44,79.47,-0.646871271714048,0.03594906731016101,-0.013203856327163033,0.00029101172041577996,-0.15812339513852325,0.4832538139422854,0.05955105646450761
2026-01-02 07:00:00,80.56,79.2,80.0,-0.14319866157681163,0.030790096381026588,-0.008414292255929046,0.0002940840611538102,-0.015238973324776639,0.4851032266616649,0.06062526078204989
2026-01-02 11:00:00,81.15,79.41,80.53,0.25041757051794344,0.0289198877082546,-0.0038780111092836522,0.0003008618922999142,-0.053584023063187436,0.5099433418242715,0.061827183034023604
2026-01-02 15:00:00,81.61,79.83,81.15,0.8942555293524734,0.02624168229286261,0.022205336960930966,0.0003106104554539901,0.012608947496754785,0.5693485833837462,0.06486786445325476
2026-01-02 19:00:00,82.25,81.01,82.12,-0.37417738132829187,0.026215228277419067,0.03643909615425822,0.00033097192543989393,-0.07110195116557538,0.6179530355538048,0.06915599563765491
2026-01-02 23:00:00,82.82,81.78,82.69,-0.44267582375156495,0.03384762960942922,0.0321628598164998,0.00036572110451840446,0.01879080358364793,0.6719404780899954,0.07399545948230077
2026-01-03 03:00:00,82.81,81.95,82.26,-0.25559635638766537,0.03320118456597987,0.03594906731016101,0.0004072024631298646,0.29341506315945076,0.6920865311871729,0.07768056546083359
2026-01-03 07:00:00,82.39,81.06,81.45,1.086091252019362,0.021116927772616645,0.030790096381026588,0.0004496649284118151,-0.242097513100054,0.6179660175686329,0.08006963395177391
2026-01-03 11:00:00,81.95,80.77,81.25,-0.28775847737713245,0.016258249514741863,0.0289198877082546,0.0004823357348603038,-0.021347146555409036,0.6126403176255357,0.08024927602462231
2026-01-03 15:00:00,82.55,81.04,82.43,-0.6105121865598663,0.010555535569247043,0.02624168229286261,0.0005075789811667095,-0.016641324140553415,0.6366508094077798,0.08115971444321331
2026-01-03 19:00:00,82.53,81.92,82.41,-0.8693625221142885,0.009281840612490821,0.026215228277419067,0.0005321058791658428,0.039359420856092564,0.6775853054761076,0.08349194261774497
2026-01-03 23:00:00,82.78,82.0,82.19,-0.8723614495073257,0.0011420433870032998,0.03384762960942922,0.0005723257896040733,-0.11840952441500519,0.6793393253191965,0.08536979697821966
2026-01-04 03:00:00,82.84,82.07,82.2,-0.6866920731191873,-0.00020903204047184598,0.03320118456597987,0.0006142445594627218,-0.2372549975961551,0.6907280841346051,0.08705567199617831
2026-01-04 07:00:00,82.73,81.72,82.33,-0.27180398612131296,0.009665629795217123,0.021116927772616645,0.0006497102332605639,0.31675603831199606,0.6800641114338849,0.08818079693419417
2026-01-04 11:00:00,83.07,82.11,82.3,0.9780780752373568,0.013580380760080724,0.016258249514741863,0.0006824737604324852,-0.008212093027590739,0.6998169124282873,0.08924080285202099
2026-01-04 15:00:00,83.17,82.17,82.47,0.04539403143407599,0.010676947717602747,0.010555535569247043,0.0007075116685294225,-0.14064621916179565,0.7054457431477548,0.09111862484437377
2026-01-04 19:00:00,82.47,81.65,82.01,-0.519931086501677,-0.0030622987866524287,0.009281840612490821,0.0007341762338770201,-0.08069711429275628,0.6577285971568299,0.09157320525530799
2026-01-04 23:00:00,83.68,81.98,82.42,1.8447157680782114,0.00395059963583555,0.0011420433870032998,0.0007446329796389558,0.16188561948485125,0.7049629270992042,0.09271919172777907
2026-01-05 03:00:00,82.79,81.44,82.14,0.6136954329519237,-0.004085155265872276,-0.00020903204047184598,0.0007797876302886054,0.11983576746228541,0.6641852292629588,0.09435009919965527
2026-01-05 07:00:00,82.52,81.63,81.69,-0.12213192898735928,-0.0024658491958182704,0.009665629795217123,0.0008092654588963209,0.018563351426580166,0.6640688185082119,0.09528467877888468
2026-01-05 11:00:00,82.93,81.62,82.76,0.14812142911218631,-0.005049823551658061,0.013580380760080724,0.0008383052095353583,0.1463545203025809,0.6669603326388815,0.09382364648601248
2026-01-05 15:00:00,83.87,82.09,83.81,1.0369325856129366,0.005823339175033526,0.010676947717602747,0.0008579775523910513,0.1543048826410356,0.7433679660500527,0.09472893312202468
2026-01-05 19:00:00,84.57,83.49,84.05,0.947051490864953,0.023020644033252324,-0.0030622987866524287,0.0008955649473299972,0.2587519987515525,0.8065430745598743,0.09671908242328864
2026-01-05 23:00:00,84.12,82.82,83.56,-0.2033125266691632,0.011561425172430306,0.00395059963583555,0.0009342528673175565,-0.0653999448398952,0.7802466128262993,0.09880385840559487
2026-01-06 03:00:00,84.02,83.34,83.72,-0.479847838614284,0.019324440925825748,-0.004085155265872276,0.0009618099694495918,0.06417959624595393,0.7892307700231916,0.10003182352885795
2026-01-06 07:00:00,83.77,82.83,83.25,-0.13074086702485313,0.012969398674893329,-0.0024658491958182704,0.0009941231119174226,-0.08249711120107239,0.7479903301967524,0.10140780840405253
2026-01-06 11:00:00,84.89,83.18,83.98,1.5217170381938065,0.025237087077149,-0.005049823551658061,0.0009996450791887883,0.13554682793684303,0.8303357498253121,0.10301303148474217
2026-01-06 15:00:00,84.52,81.16,82.51,2.050710272394998,-0.004029095598084509,0.005823339175033526,0.001043386008298987,-0.0769952340401816,0.7465361304718128,0.10551612854610623
2026-01-06 19:00:00,84.13,82.38,83.64,-0.3914922017866265,-0.008843527875436186,0.023020644033252324,0.00105180148016567,-0.2230128803039999,0.7964322921415427,0.10613517060494033
2026-01-06 23:00:00,84.15,82.71,83.61,-0.7160074465330679,-0.001053371270943626,0.011561425172430306,0.0010675770262939675,0.04180764488575539,0.8284868331086321,0.10810686377831526
2026-01-07 03:00:00,83.79,82.85,82.87,-0.979682041296771,-0.004687276949839059,0.019324440925825748,0.0010884919312141037,-0.1130455898956414,0.8124227730388752,0.11009131446975072
2026-01-07 07:00:00,83.96,82.57,82.78,0.42142069579640973,0.0005137279359066493,0.012969398674893329,0.0010960242212098303,0.0771362189419742,0.8049700633971518,0.11101322362644922
2026-01-07 11:00:00,82.92,81.29,82.24,0.624537871135406,-0.02369709573764056,0.025237087077149,0.0011091174900908203,-0.16487188403886155,0.721083570983127,0.1120951973215388
2026-01-07 15:00:00,82.24,81.16,81.43,0.4367308215662979,-0.014391659832396209,-0.004029095598084509,0.001110341470214827,0.03460323697961565,0.6675513326529503,0.11248902157284209
2026-01-07 19:00:00,81.95,81.0,81.46,-0.2677173411305317,-0.021368277889713627,-0.008843527875436186,0.001092326366553566,0.042083984899327964,0.7322289268030036,0.11169688813330537
2026-01-07 23:00:00,82.3,81.23,81.87,-0.46267791433061767,-0.020454261560374776,-0.001053371270943626,0.00106313775751282,0.06235824586822836,0.7692306175689883,0.11099556917416274
2026-01-08 03:00:00,82.05,80.6,80.6,0.2271201341214729,-0.0247074021760596,-0.004687276949839059,0.0010503909292694821,0.22783405368232357,0.7179149363778847,0.11230787857567001
2026-01-08 07:00:00,81.6,80.21,81.06,-0.14217779852899684,-0.028040273536927063,0.0005137279359066493,0.001033062783623489,-0.03711800099604179,0.6834210406333382,0.11048745663441098
2026-01-08 11:00:00,81.1,80.0,80.75,0.3208114937293928,-0.019749098093264417,-0.02369709573764056,0.001012788701345268,0.060409847390865634,0.6564687470395052,0.10948541751793153
2026-01-08 15:00:00,81.66,80.38,81.39,-0.13100734165159125,-0.004653446833543962,-0.014391659832396209,0.0009732260759865282,-0.020704448701614808,0.7143745335138201,0.1066295166688074
2026-01-08 19:00:00,81.67,80.46,81.56,-0.7492683839414691,-0.003027769989793483,-0.021368277889713627,0.0009558013382540428,0.1478963007663927,0.7088382512419297,0.10533725474600171
2026-01-08 23:00:00,82.12,81.15,81.27,-0.8809757047969422,-0.002439290263243743,-0.020454261560374776,0.000929122703735201,0.016833909143268766,0.7502959140109018,0.10412021088172087
2026-01-09 03:00:00,81.97,81.19,81.86,-1.0248474497171556,0.004848545205853094,-0.0247074021760596,0.0009066960745624101,-0.01822976408855237,0.7553023914528386,0.10199121978862583
2026-01-09 07:00:00,81.86,80.54,81.24,-0.36479334304214456,0.0036013918376933685,-0.028040273536927063,0.0009005961782787567,-0.14330557040915015,0.7110673869709623,0.10103429956266442
2026-01-09 11:00:00,81.61,79.91,80.74,1.168726073484877,0.002007202357999782,-0.019749098093264417,0.0008840252134929886,-0.10193916020295157,0.6718230831985051,0.1004484156437583
2026-01-09 15:00:00,81.99,80.37,81.48,0.7522317607372881,0.0022940016373298455,-0.004653446833543962,0.0008476047510010713,0.007102758965067624,0.7320556112674312,0.09764736387111092
2026-01-09 19:00:00,81.63,80.76,81.58,-0.9144410286558117,0.00034822175879667405,-0.003027769989793483,0.0008191577234909386,-0.08782875242943111,0.7115202517220289,0.09561468644341038
2026-01-09 23:00:00,81.67,81.01,81.21,-1.0551822443005001,-0.001784861559500528,-0.002439290263243743,0.000788300257242149,-0.11553392923863282,0.7364749320623077,0.09396397701982091
2026-01-10 03:00:00,81.23,80.8,81.15,-1.3452811302841488,-0.008097605211451975,0.004848545205853094,0.0007673355402700533,-0.15163643609716293,0.6925584693829762,0.09210517329114232
2026-01-10 07:00:00,81.79,81.16,81.71,-1.1409448069285393,0.004839095546153915,0.0036013918376933685,0.0007347593649711223,0.34464672785940653,0.7483488391446373,0.08912018298685218
2026-01-10 11:00:00,82.42,81.51,81.68,-0.23632677246934178,0.014731712107285855,0.002007202357999782,0.0007083640661473903,0.05276794127122142,0.784741284719866,0.08685633650897885
2026-01-10 15:00:00,81.86,80.99,81.26,-0.06318579977012795,-0.0004800089540938357,0.0022940016373298455,0.0007020013468312198,-0.04446556524432599,0.7283474425953815,0.08194299254914265
2026-01-10 19:00:00,81.44,80.88,80.94,-1.1644377578503935,0.000848234663216374,0.00034822175879667405,0.0006914666195968253,-0.03129687644795809,0.7180556215232442,0.07675882425635558
2026-01-10 23:00:00,81.68,80.92,81.49,-1.276264194977747,-0.0017090502568710697,-0.001784861559500528,0.0006840622665080415,0.028410793856786132,0.7232646117154089,0.07080305916417659
2026-01-11 03:00:00,81.78,81.08,81.42,-0.7537025847782826,0.005037966506364455,-0.008097605211451975,0.0006843060751160746,0.0022941196247840967,0.7312788196932988,0.0650352482474364
2026-01-11 07:00:00,81.5,81.05,81.23,1.1052532062566973,-0.00392453520223246,0.004839095546153915,0.0006798568788663449,-0.13808018543067813,0.7179670478390708,0.05935532306278537
2026-01-11 11:00:00,81.32,80.74,81.17,-0.08127190050556703,-0.011025324849276319,0.014731712107285855,0.0006767591839825535,-0.012959217069762663,0.6989874881406972,0.054730548447258866
2026-01-11 15:00:00,81.25,80.32,80.75,0.4590525220628222,-0.00783043783909787,-0.0004800089540938357,0.0006675066126153885,-0.07852178672473087,0.6678847236910855,0.052469493134055224
2026-01-11 19:00:00,80.84,78.75,78.86,1.1344546487127456,-0.021102751052251012,0.000848234663216374,0.0006598513233968428,-0.2574202248408588,0.5553279335264554,0.05575210656607797
2026-01-11 23:00:00,79.5,77.74,79.19,3.779395504604024,-0.03239935286324769,-0.0017090502568710697,0.00062627663522302,-0.01740324227398904,0.4732577174397274,0.05609470203932112
2026-01-12 03:00:00,80.75,78.97,79.6,1.4250209066414428,-0.01893504600080398,0.005037966506364455,0.0005778218468954228,-0.11945336003870743,0.585016372851195,0.05557831080501433
2026-01-12 07:00:00,79.8,77.29,77.52,1.2178228860260407,-0.0352298034137537,-0.00392453520223246,0.0005682765737983268,-0.2528431833556002,0.44630585095644604,0.0627346185075038
2026-01-12 11:00:00,77.96,75.6,76.92,4.036641637665443,-0.052967498249715805,-0.011025324849276319,0.0005301870538517632,-0.20102029539709443,0.2915541202145222,0.07067864617124175
2026-01-12 15:00:00,77.76,75.93,76.6,4.882259695166425,-0.04786433680446023,-0.00783043783909787,0.00045198606443537493,-0.07875490652837058,0.30119429699257955,0.07883059428609863
2026-01-12 19:00:00,76.74,75.92,76.01,2.2313658660385647,-0.04045413415531629,-0.021102751052251012,0.00038302239198513365,0.2065741085816164,0.24996072657133683,0.08806988066501649
2026-01-12 23:00:00,76.62,75.76,76.16,2.0557644525503465,-0.03335102612822449,-0.03239935286324769,0.00030559940124072065,-0.3321923743463173,0.22424530254099384,0.09476343033100387
2026-01-13 03:00:00,76.79,76.07,76.69,0.12942516187841016,-0.042673785560091715,-0.01893504600080398,0.00022506296808488197,0.06712426373977465,0.2616272544245887,0.09916714940418107
2026-01-13 07:00:00,77.18,75.26,75.62,3.6661676093945434,-0.02728411189623403,-0.0352298034137537,0.00015177907473398403,-0.018185274760326275,0.24332685923397648,0.1078617390399299
2026-01-13 11:00:00,77.49,75.54,76.61,5.0,-0.0017147924254033997,-0.052967498249715805,7.544037308669597e-05,0.20378114620368737,0.27906236188698613,0.11093746472346643
2026-01-13 15:00:00,77.93,75.91,76.23,5.0,-0.0006223161792497933,-0.04786433680446023,3.683036706101791e-06,-0.03181733335031567,0.2966549074740387,0.11600760520799754
2026-01-13 19:00:00,78.95,76.14,78.41,4.497044542493584,0.01490102624703793,-0.04045413415531629,-6.345054312590251e-05,0.12820969346385191,0.3578905346522153,0.1137338602264253
2026-01-13 23:00:00,78.93,77.66,78.26,2.877583218425492,0.029185073772586057,-0.03335102612822449,-0.00012471766910016768,0.1739519300179957,0.43488556592310523,0.11506083681869407
2026-01-14 03:00:00,79.44,78.08,79.05,3.050418184179328,0.029732498605641755,-0.042673785560091715,-0.0001724321400801825,-0.0129623747103772,0.4773299589772322,0.11423541510818759
2026-01-14 07:00:00,79.58,78.35,78.39,2.7647553412281716,0.03626518641897647,-0.02728411189623403,-0.00021889368700866614,0.41310104486570554,0.5057591024769804,0.11591445556631137
2026-01-14 11:00:00,79.67,77.79,79.25,2.850349571799317,0.028287525067179464,-0.0017147924254033997,-0.00026334497851692633,-0.06496468571341274,0.48477529889135224,0.11466050693956377
2026-01-14 15:00:00,80.97,77.51,77.9,5.0,0.030432547908060048,-0.0006223161792497933,-0.0003073678122521917,0.3063153903873397,0.5185022956884733,0.1175716744919921
2026-01-14 19:00:00,78.6,76.28,76.62,4.858160494618404,0.0009446302467606138,0.01490102624703793,-0.00036820452830755234,-0.1832034046597587,0.36483455147341054,0.12224807870213143
2026-01-14 23:00:00,77.26,75.42,75.76,3.494574574052538,-0.024328369449315157,0.029185073772586057,-0.0004528086038471312,-0.07631055888348515,0.25417353152050365,0.12725178882689928
2026-01-15 03:00:00,75.83,73.07,74.43,2.823960100678616,-0.056175909024513526,0.029732498605641755,-0.0005555063196322627,0.030146581886788315,0.05766886205556893,0.13558119338715532
2026-01-15 07:00:00,76.92,74.29,75.8,2.436187993923293,-0.04699975005783097,0.03626518641897647,-0.0006598076751080203,0.06585490401124838,0.15331216999360164,0.1363359349316038
2026-01-15 11:00:00,76.14,74.39,74.83,1.948112961658492,-0.04215345845197205,0.028287525067179464,-0.0007531771418739729,-0.04971709216678011,0.16955481467888917,0.1419113052130726
2026-01-15 15:00:00,75.11,69.46,71.87,5.0,-0.08560281485416177,0.030432547908060048,-0.0008764433959967104,-0.08325868844971207,0.0,0.1567228676591176
2026-01-15 19:00:00,72.56,71.1,72.22,0.700158379075756,-0.07145220778242456,0.0009446302467606138,-0.0009968908083869024,0.14712357980703783,0.0,0.16247122860865768
2026-01-15 23:00:00,72.52,71.5,72.5,0.37499794731662667,-0.0563977940213094,-0.024328369449315157,-0.0011070885249416127,0.19585118286478287,0.00547000859289925,0.16738594178357774
2026-01-16 03:00:00,72.62,71.24,72.26,0.3296711971394132,-0.03018041747370237,-0.056175909024513526,-0.0012145281071499084,-0.029631153689614886,0.004980545530132841,0.17300844334835386
2026-01-16 07:00:00,72.73,71.9,72.11,0.2136464353195407,-0.04029675155230528,-0.04699975005783097,-0.001312371383297058,-0.22055118606431123,0.022605288657722288,0.17856133584031914
2026-01-16 11:00:00,72.98,72.08,72.72,0.4884137137592501,-0.03822858170696197,-0.04215345845197205,-0.0014026575983612166,0.09497028202018809,0.04879320799464496,0.17938382007026996
2026-01-16 15:00:00,74.31,70.92,74.24,2.401278770762699,0.001079629929809034,-0.08560281485416177,-0.0014919565505876707,0.1198188459552203,0.03773675145880549,0.1769305591176343
2026-01-16 19:00:00,75.6,73.59,75.52,1.4355399834602967,0.03534517212222488,-0.07145220778242456,-0.001525285972663631,0.1797565694083456,0.20801509548275665,0.17211717280799593
2026-01-16 23:00:00,76.07,74.36,74.45,0.5532421931518728,0.04410101829757518,-0.0563977940213094,-0.001552818137179047,0.15096780318217684,0.26525666122002356,0.17354253941292921
2026-01-17 03:00:00,75.0,73.84,74.48,-0.21644557784774238,0.03237435149385459,-0.03018041747370237,-0.0015950520602780402,0.18867277754508716,0.19567286746042845,0.1730028667437864
2026-01-17 07:00:00,75.24,74.38,74.94,-0.3496662133391415,0.03636368445732918,-0.04029675155230528,-0.0016131964217204317,0.09123622389621056,0.23743659317520646,0.17079511609990305
2026-01-17 11:00:00,75.08,73.96,75.01,-0.13765859676051723,0.026781112440894317,-0.03822858170696197,-0.0016531361792745181,0.10014544957203753,0.20771342670835896,0.16979790193772937
2026-01-17 15:00:00,75.08,74.36,74.9,-0.29323475734766474,0.03168478028461741,0.001079629929809034,-0.0016833959880658146,0.02943806964810136,0.22540521471331715,0.16992858150925813
2026-01-17 19:00:00,75.36,74.51,74.74,-0.42559116147613485,0.006032173438127675,0.03534517212222488,-0.0017052199471191333,-0.09968463599192323,0.2447707139034267,0.1700827740166335
2026-01-17 23:00:00,75.21,74.24,74.61,-0.4225288883086672,-0.006324560231576126,0.04410101829757518,-0.0017270382420641686,-0.0780077217758488,0.22635742547764157,0.16961801327131162
2026-01-18 03:00:00,75.2,74.37,74.9,-0.4103703716244115,0.0060107683778014565,0.03237435149385459,-0.0017423448902223302,0.13654948174486314,0.23222387294792765,0.16898764332574598
2026-01-18 07:00:00,75.77,74.62,75.64,-0.1526894091461428,0.0059288995900084185,0.03636368445732918,-0.0017429696217356415,0.2271273812153647,0.27373737399755615,0.16629256660674174
2026-01-18 11:00:00,75.9,74.47,74.55,0.04703578416839186,0.009490598627784674,0.026781112440894317,-0.0017515032815084094,-0.04711197818654944,0.26553927589982457,0.1685923999765417
2026-01-18 15:00:00,75.56,74.34,75.31,-0.03872130066953318,0.003021768650576462,0.03168478028461741,-0.0017602905259275017,0.10059727244155137,0.24387019434307391,0.1653586350580103
2026-01-18 19:00:00,75.44,74.95,75.26,-0.6209795730089389,0.0025233798073283076,0.006032173438127675,-0.0017583613429107252,-0.01848155413896546,0.26023907876926766,0.1635638335931245
2026-01-18 23:00:00,75.25,65.58,69.81,5.0,-0.06637024883103304,-0.006324560231576126,-0.0018996052120277946,0.0023461719219028954,0.0,0.18231862053905534
2026-01-19 03:00:00,70.35,69.74,70.1,0.3851180189415011,-0.06383866706030328,0.0060107683778014565,-0.001953579248707361,-0.023857434535857758,0.01777705352292931,0.18527836796521263
2026-01-19 07:00:00,71.27,69.79,70.04,0.3955881472885178,-0.0665690508006942,0.0059288995900084185,-0.0020063540918337985,-0.19628794942155037,0.03647244700453743,0.18939588732878554
2026-01-19 11:00:00,70.87,69.61,70.54,0.4302329346394529,-0.06685186181986469,0.009490598627784674,-0.0020633142816742405,0.15289362725196143,0.02850831815141959,0.19104482364162392
2026-01-19 15:00:00,71.56,70.3,71.33,0.22523359614306684,-0.054240422510456576,0.003021768650576462,-0.002093696115861878,-0.2016387727973573,0.07690815166015282,0.18917337704097914
2026-01-19 19:00:00,71.73,70.74,70.75,-0.2981995148886459,-0.05111669884379977,0.0025233798073283076,-0.0021083292333053255,-0.08930504206583068,0.10631430356922968,0.19118688559774058
2026-01-19 23:00:00,71.05,70.08,70.35,-0.12242725950280305,0.012168294917691558,-0.06637024883103304,-0.0021377852749217404,0.11169536098264943,0.05887703890900999,0.1933690084992513
2026-01-20 03:00:00,70.76,69.63,70.12,-0.06083028190376906,0.0019887387303207937,-0.06383866706030328,-0.0021693431850596297,-0.17257272366191645,0.027435041372689418,0.19499609643277543
2026-01-20 07:00:00,70.47,68.95,69.46,0.1568196091935149,-0.01018433297696153,-0.0665690508006942,-0.0022057963543028938,-0.056222991801908706,0.0,0.19745457844814043
2026-01-20 11:00:00,70.06,68.88,69.45,0.18290089387716213,-0.010116587620033202,-0.06685186181986469,-0.0022371068201362185,-0.12421586531386786,0.0,0.1974461557551847
2026-01-20 15:00:00,69.52,66.89,67.68,1.8603218474187235,-0.03866759494380945,-0.054240422510456576,-0.00229338239904387,-0.05750294289665514,0.0,0.20603061793495475
2026-01-20 19:00:00,67.98,65.9,67.06,0.6948844391833006,-0.05937394179308508,-0.05111669884379977,-0.002373351229551882,0.09632443530512447,0.0,0.2123585532024241
2026-01-20 23:00:00,68.91,66.81,68.79,0.06093782569962079,-0.04141762430097551,0.012168294917691558,-0.002398357034243921,-0.06251468850491615,0.036486033960788214,0.2061336149504524
2026-01-21 03:00:00,69.39,68.72,68.98,-0.3911591037386449,-0.01680498584002621,0.0019887387303207937,-0.002383131381592296,-0.05799126597809967,0.11197376693504942,0.20376273262712308
2026-01-21 07:00:00,69.24,68.0,68.63,-0.248347542505386,-0.014499284007017721,-0.01018433297696153,-0.0024093414651099707,0.1589277426292226,0.08771400886798102,0.2031689004414514
2026-01-21 11:00:00,68.98,67.23,68.68,0.29684542750017845,-0.019677791146540002,-0.010116587620033202,-0.002439713542526702,0.013283333771329398,0.060430732823360665,0.20066139660965376
2026-01-21 15:00:00,69.29,66.03,67.36,1.8653363310838988,-0.013106738551422414,-0.03866759494380945,-0.0024990445896605944,0.24967264938342648,0.010264312530563612,0.20455871613465498
2026-01-21 19:00:00,69.71,67.21,68.99,0.665358185201313,0.025068408081755145,-0.05937394179308508,-0.0024861527790180477,0.12455518478524974,0.09820759425305313,0.1995207428041914
2026-01-21 23:00:00,69.65,68.28,69.05,-0.33721125988332273,0.019884159101282606,-0.04141762430097551,-0.002497255653843208,0.008218609393490395,0.11510939149192129,0.1980863182151445
2026-01-22 03:00:00,69.27,68.32,68.64,-0.30300855188322706,-0.004730676078153584,-0.01680498584002621,-0.0025205722066435335,0.06292864667157261,0.09291123443043933,0.19732787500252763
2026-01-22 07:00:00,69.05,68.0,68.71,-0.40304050552091386,0.0008244461701127914,-0.014499284007017721,-0.0025389409482626606,-0.015680781794327747,0.09101616146650462,0.1977162014123286
2026-01-22 11:00:00,68.79,67.72,67.74,0.11250493297547834,0.003987855108645411,-0.019677791146540002,-0.002566792470919248,-0.015768531811526154,0.0762944791734978,0.2028739140313766
2026-01-22 15:00:00,68.63,67.06,67.98,0.24246827083809613,0.011303213670243784,-0.013106738551422414,-0.0026024307741839177,-0.10494023997944102,0.054661621202189876,0.2040422279321356
2026-01-22 19:00:00,68.45,67.79,68.02,-0.22089405330011677,-0.010042495531637274,0.025068408081755145,-0.0026151990674557475,-0.03632073423236559,0.057879025173273806,0.20596342067476145
2026-01-22 23:00:00,69.6,67.72,69.04,-0.4156266690788834,-0.0025267667199623256,0.019884159101282606,-0.0025954988260265635,0.18808019351373395,0.10491971605395983,0.2032841697135807
2026-01-23 03:00:00,69.6,68.68,68.74,-0.13964572869167866,0.0067320014810741124,-0.004730676078153584,-0.0025776510580572207,0.10825372527175126,0.11990989424724377,0.2040411435567991
2026-01-23 07:00:00,68.88,68.09,68.27,-0.3374086673044469,-0.002517099698899239,0.0008244461701127914,-0.002586922520892176,0.055820049207844,0.08092611522248301,0.2066584490548718
2026-01-23 11:00:00,68.61,66.98,67.41,-0.0007083445349983916,-0.006350119968858814,0.003987855108645411,-0.002600928477397145,0.015760440572399004,0.05093287172858633,0.21029291955928392
2026-01-23 15:00:00,69.2,67.07,68.69,0.03747466719184562,0.003454239494182776,0.011303213670243784,-0.002591791016719953,0.027096324498084634,0.06838270888638961,0.2059366364889748
2026-01-23 19:00:00,68.69,67.03,68.05,-0.3275186978249303,-0.003999243113686268,-0.010042495531637274,-0.002595758770934419,-0.09213186578167643,0.04198018207062405,0.20455676121646885
2026-01-23 23:00:00,68.28,67.85,68.23,-0.6920677263790306,-0.011778346259597061,-0.0025267667199623256,-0.0025767457883621708,-0.11635873585671064,0.05754127452788284,0.2002237486354717
2026-01-24 03:00:00,68.84,68.16,68.8,-0.5737028660965618,-0.00786925825702356,0.0067320014810741124,-0.0025377716059497785,-0.14777795709887298,0.08813781213044232,0.19206687830282101
2026-01-24 07:00:00,68.87,68.35,68.42,-0.632042344646791,0.0012135885300421645,-0.002517099698899239,-0.0025154019378140213,-0.24157148529575379,0.08577866122814301,0.18764357537000284
2026-01-24 11:00:00,68.92,68.39,68.89,-0.6284987849269342,0.01051974836698899,-0.006350119968858814,-0.0024767280680047044,0.24707718555171176,0.092680670544906,0.17776575264230102
2026-01-24 15:00:00,68.98,67.75,68.08,-0.40867224722276285,-0.0014161538141419516,0.003454239494182776,-0.002450595402429724,-0.017742721427775554,0.06273796693722879,0.17425960254399758
2026-01-24 19:00:00,68.19,67.8,68.19,-0.682290086907077,0.0029688595396595296,-0.003999243113686268,-0.0024211880422697024,0.16002633051835047,0.05373557194727896,0.17026686904616964
2026-01-24 23:00:00,68.63,68.09,68.27,-0.6725138214637998,0.003535762144824428,-0.011778346259597061,-0.002374894813739832,-0.15119621464724797,0.07159637197284288,0.1673756763058572
2026-01-25 03:00:00,68.82,67.84,68.46,-0.5203556060868256,-0.004842599539347847,-0.00786925825702356,-0.0023327359252218304,0.09509396137289228,0.06873970555791649,0.1656975848564037
2026-01-25 07:00:00,70.36,68.29,69.71,0.32665186622422787,0.009629536995872101,0.0012135885300421645,-0.00225314162643381,0.49676734722448734,0.12432919002336809,0.15850558999565142
2026-01-25 11:00:00,70.3,68.68,68.76,0.22508260977965566,0.012912915438965555,0.01051974836698899,-0.0021811135408459706,-0.25881467089957366,0.14446487904445315,0.15821493279124202
2026-01-25 15:00:00,69.54,66.73,67.27,0.845026115810901,0.0006915007430097209,-0.0014161538141419516,-0.0021569988414805743,-0.19347034473362656,0.06549036253054988,0.1634150259999116
2026-01-25 19:00:00,67.37,65.23,66.64,0.9598404454797435,-0.025152791261237373,0.0029688595396595296,-0.0021677888883575437,-0.1391170648896235,0.0,0.1671252939410147
2026-01-25 23:00:00,68.17,66.31,67.7,-0.13708681261561198,-0.012164929765717147,0.003535762144824428,-0.0021143771673107527,0.0366396474395041,0.06616851809693922,0.16502337602894765
2026-01-26 03:00:00,68.11,67.24,67.95,-0.5855157399743303,-0.008787699261413207,-0.004842599539347847,-0.0020857086127695572,0.044666981601659606,0.07633988549944898,0.1647511433994703
2026-01-26 07:00:00,68.82,67.81,68.36,-0.1326705708524614,-0.01412292102393764,0.009629536995872101,-0.002024963413402873,-0.025884681960057443,0.10839680178285495,0.16379037223557727
2026-01-26 11:00:00,70.0,68.22,69.26,0.04026612510630669,-0.00999347849173926,0.012912915438965555,-0.0019713970342048284,0.129103378433441,0.1434062790230754,0.16069780718229112
2026-01-26 15:00:00,69.92,68.65,69.71,0.22062829865134248,0.015442385956620619,0.0006915007430097209,-0.0019348847241576022,0.3279296228764159,0.16551358694465573,0.15671018651663846
2026-01-26 19:00:00,69.76,68.8,69.59,-0.35147367221100756,0.045449329617658796,-0.025152791261237373,-0.0018999578763053248,-0.02867076657807699,0.16819116031568673,0.15157078689668402
2026-01-26 23:00:00,70.12,69.43,69.75,-0.3933006477930982,0.034987678185118165,-0.012164929765717147,-0.0018559928254739749,0.150764622639866,0.19796005832746774,0.14745693087348763
2026-01-27 03:00:00,69.89,69.19,69.22,-0.6221313612871376,0.028101051242780617,-0.008787699261413207,-0.0018286903771945542,-0.05894561467505821,0.182476714525921,0.1445647479422383
2026-01-27 07:00:00,69.47,69.0,69.31,-0.6203179005167949,0.014135794285579983,-0.01412292102393764,-0.0018000433468633075,-0.21077069499623036,0.1622404234612822,0.1391178217052373
2026-01-27 11:00:00,69.79,68.64,69.18,-0.3090724571076483,0.004611245505985684,-0.00999347849173926,-0.0017671140699018623,0.010980610934343105,0.1611320748160011,0.13354238039460026
2026-01-27 15:00:00,70.23,69.09,69.65,0.10556195193900922,0.005827552359582544,0.015442385956620619,-0.001715213712747371,-0.09569617815017728,0.1880437421084749,0.126564666395269
2026-01-27 19:00:00,70.29,69.34,70.22,-0.34740250208763795,0.009461894325026199,0.045449329617658796,-0.0016581332690779346,0.22608177073068725,0.20479753889019867,0.11951178823074018
2026-01-27 23:00:00,70.49,69.65,69.84,-0.5155341225421805,0.0026329274417311588,0.034987678185118165,-0.001593406974666934,-0.0567729988718263,0.2082247635194268,0.11383274854654557
2026-01-28 03:00:00,70.01,69.19,69.92,-0.41746674375375364,0.0004928497112952623,0.028101051242780617,-0.0015265739137855538,-0.041536319856085746,0.18439050263208917,0.10601164473412132
2026-01-28 07:00:00,70.0,69.27,69.58,-0.5095396697180877,0.006330829661507664,0.014135794285579983,-0.0014463388687092345,0.04908337203601598,0.18669559918266745,0.09525721342291088
2026-01-28 11:00:00,70.07,68.75,68.99,-0.1935240896854888,0.0041325987468743275,0.004611245505985684,-0.001363531000692204,-0.07863578732327237,0.177091188622953,0.08705084617560965
2026-01-28 15:00:00,69.88,68.42,69.43,-0.2566491672772892,-0.007349538095545838,0.005827552359582544,-0.001285073322983634,0.09512101179459398,0.15946378506219588,0.07278142981805225
2026-01-28 19:00:00,69.89,68.91,69.68,-0.4971989957444577,-0.007967151591884103,0.009461894325026199,-0.001192683931799372,-0.11288863854909914,0.17368240431524443,0.05548596956114216
2026-01-28 23:00:00,69.73,68.08,68.28,-0.4715955228272646,-0.01745960640489308,0.0026329274417311588,-0.0011289079189057952,0.00906440855474,0.13997769491466383,0.05641513769852932
2026-01-29 03:00:00,68.68,67.72,68.28,-0.5837853205151563,-0.021736068900878425,0.0004928497112952623,-0.001085549945400647,0.21552828310369931,0.0999454256456661,0.05583922944471624
2026-01-29 07:00:00,68.43,67.38,67.52,-0.1974462679838759,-0.026316108088259904,0.006330829661507664,-0.0010674413892369455,-0.24077471699725073,0.08439631410924973,0.0566493015251091
2026-01-29 11:00:00,67.62,66.43,66.48,-0.35225021768024006,-0.030896321611060262,0.0041325987468743275,-0.001041144425735578,0.10010496780899936,0.057283862458958903,0.05875091765803737
2026-01-29 15:00:00,66.72,64.43,64.53,1.2204802820820662,-0.053196710564920924,-0.007349538095545838,-0.0010372459174461804,-0.09047815643616397,0.0,0.06594103200254532
2026-01-29 19:00:00,66.25,64.44,66.1,-0.25490672586752533,-0.05878836236516216,-0.007967151591884103,-0.001068280902438448,0.20048669084286863,0.0,0.06518899020399838
2026-01-29 23:00:00,66.47,62.71,63.95,1.5743771186880422,-0.06403163020782154,-0.01745960640489308,-0.001117683960608129,-0.1062637768966136,0.0,0.07549375096861868
2026-01-30 03:00:00,64.77,63.1,63.51,0.043073206438469104,-0.05741789667628272,-0.021736068900878425,-0.001164808779736584,-0.18096473851551675,0.0,0.0848161436070968
2026-01-30 07:00:00,64.54,63.51,64.4,-0.28418831618636997,-0.05470981108462647,-0.026316108088259904,-0.0012101340564998385,0.43598111200032474,0.0,0.08893535144486002
2026-01-30 11:00:00,65.18,63.88,64.71,-0.1823486414436757,-0.04176811986272022,-0.030896321611060262,-0.0012416977650081466,-0.003518651298366704,0.020490782966302253,0.09240625406963793
2026-01-30 15:00:00,65.74,63.65,65.59,0.42492401909395555,-0.009210033540738127,-0.053196710564920924,-0.0012617347298096934,0.06621346224322933,0.038426639005020594,0.09336037713718202
2026-01-30 19:00:00,66.02,64.74,65.51,-0.036070680593580505,0.0005446606809966781,-0.05878836236516216,-0.0012736265278792487,-0.1495383500188605,0.06287250389217348,0.09539942953930709
2026-01-30 23:00:00,65.51,64.78,65.07,-0.6121308991087762,0.012769645575351651,-0.06403163020782154,-0.001261669549296688,0.07372238624494054,0.0557967261177079,0.0988975473779167
2026-01-31 03:00:00,65.19,64.02,64.28,-0.5937428182011385,0.007220250473589429,-0.05741789667628272,-0.0012477795098636327,-0.02583366455367997,0.02696368324202915,0.10432870902260967
2026-01-31 07:00:00,64.35,62.45,63.32,0.2322602629034255,-0.013184123877709952,-0.05470981108462647,-0.0012654670540225758,-0.16719875691577102,0.0,0.11238804008726122
2026-01-31 11:00:00,63.4,59.42,60.36,2.0352243230961364,-0.055242846205886265,-0.04176811986272022,-0.0013119944349195218,-0.09935014307694279,0.0,0.13416395966127415
2026-01-31 15:00:00,61.14,55.0,57.77,5.0,-0.10150561744833275,-0.009210033540738127,-0.0014050308455224576,-0.057793748916440846,0.0,0.16620204659368576
2026-01-31 19:00:00,59.05,57.52,58.66,0.899122128904928,-0.10879470503657496,0.0005446606809966781,-0.0014695033819874992,0.08283978405727277,0.0,0.18110497764657876
2026-01-31 23:00:00,59.92,58.6,59.83,0.07458187321333166,-0.08842896901980146,0.012769645575351651,-0.0014936164896028903,0.13580745188610188,0.04628156266094816,0.18867045094448173
2026-02-01 03:00:00,59.9,58.96,59.24,-0.4698845109550045,-0.07978263661244289,0.007220250473589429,-0.0015272305630001197,-0.05216503902776315,0.047447863506702666,0.2025840359940822
2026-02-01 07:00:00,59.81,58.68,58.75,-0.17024671983657247,-0.06150804820791389,-0.013184123877709952,-0.0015580957524510598,0.02814429783327843,0.042795394415884744,0.2165661663593011
2026-02-01 11:00:00,59.72,58.36,59.31,-0.02422034557866111,-0.02997959331432043,-0.055242846205886265,-0.001581447695541731,0.030310463179136216,0.03343031166151595,0.22446132200074823
2026-02-01 15:00:00,59.63,57.63,59.25,0.45720044158970324,0.004490756902632453,-0.10150561744833275,-0.0016134334449742415,0.006263833349966719,0.011418739520218699,0.23387737096764177
2026-02-01 19:00:00,59.37,58.16,58.92,-0.10105464023952195,0.008399673658963769,-0.10879470503657496,-0.0016311372514968348,-0.11167697704760682,0.01884859886053428,0.24443716888384656
2026-02-01 23:00:00,59.73,57.16,58.77,0.5776155392073918,-0.015165170663341332,-0.08842896901980146,-0.0016481041469618783,0.0009148733557193811,0.011549537254895546,0.2532302122028516
2026-02-02 03:00:00,58.86,56.51,58.09,1.0048406369791267,-0.031979803670025175,-0.07978263661244289,-0.0017650940065558254,0.07973794435078796,0.0,0.26551200254269497
2026-02-02 07:00:00,59.5,57.92,59.16,-0.0386096300523611,-0.010709496956579967,-0.06150804820791389,-0.0018243860689522173,0.08155454313953125,0.04302508649282941,0.2670629979543976
2026-02-02 11:00:00,60.41,59.04,59.95,-0.007780622536736481,0.009354572333490907,-0.02997959331432043,-0.0018634641781825104,-0.02501959372886886,0.0785368658336535,0.2683525696187525
2026-02-02 15:00:00,61.17,59.8,60.36,0.07441144054510647,0.035316016515529736,0.004490756902632453,-0.0018860491574597005,-0.054928085434785556,0.11395752475730143,0.2695264664489682
2026-02-02 19:00:00,60.4,59.46,60.08,-0.358216542678281,0.018809529104969247,0.008399673658963769,-0.001935714583349011,-0.012011204383332252,0.08504545595343398,0.2743405749553567
2026-02-02 23:00:00,60.16,59.09,59.14,-0.5903925898597733,0.020660419967621024,-0.015165170663341332,-0.00196512938282915,-0.05116010757964928,0.08186594958352908,0.28335935722293615
2026-02-03 03:00:00,60.34,58.94,60.18,-0.4365483107743654,0.03748024335764866,-0.031979803670025175,-0.001999690221034757,0.2391417957878501,0.08104287619557304,0.28055200496702204
2026-02-03 07:00:00,60.49,59.35,59.68,-0.3289650805665657,0.02012351581827576,-0.010709496956579967,-0.002030926376455551,-0.085977103918359,0.0874036296072462,0.2857116291813409
2026-02-03 11:00:00,60.29,59.24,59.25,-0.23591778543176345,0.004074206060356023,0.009354572333490907,-0.0020700828428417022,-0.03131812958741009,0.09011498725615016,0.29043047243635695
2026-02-03 15:00:00,60.46,56.99,57.03,0.6783125193703374,-0.028958039824496296,0.035316016515529736,-0.002145452715616325,-0.04726331953742724,0.049383910019335495,0.3088867890293982
2026-02-03 19:00:00,61.38,56.87,59.52,0.7348734114855506,-0.0013207180591725542,0.018809529104969247,-0.002181385827494555,0.1647348194794711,0.08436982586724985,0.297987667233018
2026-02-03 23:00:00,60.48,59.1,60.03,-0.3849773636334889,0.0006172862221223152,0.020660419967621024,-0.002248179300779523,-0.06630017171034486,0.08620957180758693,0.29643942582149607
2026-02-04 03:00:00,60.93,59.94,60.61,-0.4726965728977129,0.013403284000284454,0.03748024335764866,-0.002275966206300453,-0.0763280921145093,0.1154554049050609,0.29350447511928074
2026-02-04 07:00:00,60.99,60.24,60.31,-0.49640740393093885,0.01118181535659124,0.02012351581827576,-0.002298518803864755,0.060407877384883735,0.12167732837145141,0.29337179465493346
2026-02-04 11:00:00,60.31,58.36,58.43,-0.07998014210835526,-0.005938483693545771,0.004074206060356023,-0.002364825247339223,0.0024807207399226705,0.08122214082642222,0.30438430353273505
2026-02-04 15:00:00,59.07,57.07,58.44,1.363630173111066,-0.014845766279320105,-0.028958039824496296,-0.002475609362789926,0.17166184363978054,0.016645682733128712,0.30699860931453976
2026-02-04 19:00:00,59.65,57.8,58.36,-0.08635239557991804,-0.014299314121968165,-0.0013207180591725542,-0.002514655362993052,-0.06570214079208825,0.05463758071806337,0.3103538392317462
2026-02-04 23:00:00,59.49,58.21,58.3,-0.04752330320269395,-0.015173570944141068,0.0006172862221223152,-0.0025551364001175055,0.018266161929400004,0.053756445522089406,0.31242456275581215
2026-02-05 03:00:00,58.73,57.41,57.7,0.18187090282141327,-0.03977674785342189,0.013403284000284454,-0.002621163753065639,-0.13565576249789113,0.02260793573692547,0.31762122385948094
2026-02-05 07:00:00,58.63,56.69,56.84,-0.14831592203530558,-0.045690365459062465,0.01118181535659124,-0.0026817101025834187,-0.04895408810154611,0.00942336163103317,0.324764660740991
2026-02-05 11:00:00,57.24,55.52,56.1,0.7845578982093916,-0.056103565922155374,-0.005938483693545771,-0.0028064534353666073,0.07645468088142238,0.0,0.3307557189168448
2026-02-05 15:00:00,56.3,52.25,53.44,4.18359340841877,-0.0714243689102434,-0.014845766279320105,-0.0030058961139279405,-0.09682585453942083,0.0,0.3532031525565386
2026-02-05 19:00:00,53.55,50.18,51.56,3.7806185780799426,-0.1288297278870012,-0.014299314121968165,-0.003273364055055316,-0.040753422194600986,0.0,0.3763408805460704
2026-02-05 23:00:00,52.67,45.07,49.96,5.0,-0.17763085538383128,-0.015173570944141068,-0.0036326217727072176,0.024237336380603658,0.0,0.4018637766177289
2026-02-06 03:00:00,52.51,49.54,51.1,0.35369132769604167,-0.1247882607951839,-0.03977674785342189,-0.003641201843811433,0.04402292297362398,0.07303982400923015,0.4016827317360146
2026-02-06 07:00:00,52.29,50.56,52.22,0.35247540529205457,-0.11195181696774636,-0.045690365459062465,-0.0037377751085160512,0.10479280740317476,0.08679454232782179,0.3971799860213957
2026-02-06 11:00:00,54.66,52.1,54.31,0.7354357266660472,-0.055138202808496684,-0.056103565922155374,-0.0037340286318014947,0.0009147211552262835,0.1399042221980424,0.3808549013812586
2026-02-06 15:00:00,56.47,53.82,54.85,0.9021566121760329,0.022537832497849797,-0.0714243689102434,-0.003694238264633363,0.1666173029968654,0.19779131640738473,0.37339917012704027
2026-02-06 19:00:00,55.8,54.48,55.52,-0.1290533381117999,0.0722945906824477,-0.1288297278870012,-0.003748023154323176,-0.007902610832940415,0.19702647010988242,0.36214108434982106
2026-02-06 23:00:00,55.71,54.18,54.71,-0.2681764103488419,0.13073540156149432,-0.17763085538383128,-0.003821543909470867,-0.07450867032346842,0.1889259841388495,0.3616297744842719
2026-02-07 03:00:00,55.35,53.78,53.78,-0.29970101109282093,0.07511503172513057,-0.1247882607951839,-0.0038761301832794925,0.05139030689995994,0.18707509176177198,0.3620889619145899
2026-02-07 07:00:00,54.12,52.86,53.32,-0.00424011142498611,0.043115923856546834,-0.11195181696774636,-0.00399801492726688,-0.06554845016066724,0.15284367498179505,0.35978967116681904
2026-02-07 11:00:00,54.6,53.09,53.8,-0.2565896693786173,0.013797352923840878,-0.055138202808496684,-0.004027753823170537,-0.008296936696122192,0.16453847030902435,0.3506448914518214
2026-02-07 15:00:00,56.0,53.7,55.77,2.1423898713488674,-0.001395538523745854,0.022537832497849797,-0.003983894790803061,-0.06933567591925205,0.19884045936859066,0.3278162726751894
2026-02-07 19:00:00,55.93,55.33,55.47,-0.6784133164138827,0.010137659232128282,0.0722945906824477,-0.003964208698600291,-0.03414116293861125,0.21732636038453162,0.3174836439578838
2026-02-07 23:00:00,55.57,54.93,55.17,-0.7210979411950502,0.008489382755939356,0.13073540156149432,-0.004002797351139358,0.13979864410021703,0.20626451078925695,0.30990848299463053
2026-02-08 03:00:00,55.41,54.92,55.1,-0.7555882283769361,0.008954321359658568,0.07511503172513057,-0.004014148732806006,0.04103881906129292,0.20601469162031116,0.29992671605003696
2026-02-08 07:00:00,55.88,54.76,54.99,-0.46365889360369356,0.03215213780282555,0.043115923856546834,-0.004013166545921192,0.14271742142852717,0.2098789693660676,0.291151376222847
2026-02-08 11:00:00,55.63,54.93,55.37,-0.32129859565500907,0.026753507841364765,0.013797352923840878,-0.003996131530456611,-0.0484579468647135,0.21257161994889967,0.28110453789876205
2026-02-08 15:00:00,55.46,53.65,54.73,-0.32387085860574066,-0.0076927162519139225,-0.001395538523745854,-0.004023029388234642,-0.07603105874756311,0.19512944333052085,0.2805771344735307
2026-02-08 19:00:00,55.03,53.97,54.53,-0.7039726744056969,-0.01924713893587715,0.010137659232128282,-0.004026337528031996,0.041137330834132735,0.19392288762836724,0.2737107413213793
2026-02-08 23:00:00,55.49,54.07,54.64,-0.4965481250721287,-0.011371821719538655,0.008489382755939356,-0.004046792812357806,-0.07901210552276505,0.1963888456146801,0.26931993062526466
2026-02-09 03:00:00,55.03,54.15,54.42,-0.7050845126742331,-0.009300109990616923,0.008954321359658568,-0.004042967493111827,-0.05444003471616088,0.20339849982531366,0.26714173256273244
2026-02-09 07:00:00,54.52,52.36,52.46,-0.3088115137520572,-0.03546875207143663,0.03215213780282555,-0.004139196267963496,-0.03742570085667507,0.15903201857126814,0.27415531070351884
2026-02-09 11:00:00,54.02,52.46,53.8,-0.3650786293120326,-0.037007185806181675,0.026753507841364765,-0.00414463117471027,0.04069488683299327,0.15683208804510296,0.26070408651287014
2026-02-09 15:00:00,55.03,53.51,54.72,-0.12749694212025137,-0.002840148134103826,-0.0076927162519139225,-0.00404217159858396,0.06217227044266127,0.19453619175269402,0.2453628436842757
2026-02-09 19:00:00,55.13,54.25,54.6,-0.6385599304328409,0.004642420592261276,-0.01924713893587715,-0.003970937443850749,0.10357068350818799,0.20659051660721064,0.2340172735190702
2026-02-09 23:00:00,54.78,54.18,54.36,-0.7236488743052881,-0.0032075156234268043,-0.011371821719538655,-0.0039403297806359225,-0.2305926004332629,0.1951675063409635,0.22341477712940103
2026-02-10 03:00:00,54.41,52.96,53.14,-0.46658087326816855,-0.01702346741347671,-0.009300109990616923,-0.003924596325024511,-0.2101905285602742,0.17308825071215087,0.21951459140393095
2026-02-10 07:00:00,53.72,53.07,53.21,-0.6902988168922156,0.0009843810507259576,-0.03546875207143663,-0.003895872019072424,-0.048825090297169194,0.16074103350695274,0.21193596095509643
2026-02-10 11:00:00,53.8,52.84,53.24,-0.495551579082436,-0.0004125813872152273,-0.037007185806181675,-0.003855336699543492,-0.039929641761533574,0.15611670015890383,0.21084469351433238
2026-02-10 15:00:00,53.86,52.85,53.07,-0.47275146015239583,-0.017882216674096507,-0.002840148134103826,-0.0037862242428565404,0.029205919989220286,0.1628554190404168,0.21360653344540026
2026-02-10 19:00:00,53.46,52.88,53.22,-0.7196145456645597,-0.02866867420116148,0.004642420592261276,-0.0037308446600395552,-0.10084870455844797,0.15545448959946734,0.21392071733428214
2026-02-10 23:00:00,53.71,53.16,53.32,-0.7921659198444387,-0.01821285603320666,-0.0032075156234268043,-0.003636243380076285,0.12347322153404816,0.1628894631082859,0.2124726467536628
2026-02-11 03:00:00,53.43,51.95,52.11,-0.47630184885277554,-0.02180863949727685,-0.01702346741347671,-0.003604596423198282,0.21007034367223243,0.13491903773021746,0.21880115723900542
2026-02-11 07:00:00,52.36,51.62,51.75,-0.4562500146995645,-0.026351136577126844,0.0009843810507259576,-0.003569509972202389,-0.11440843921701771,0.11494696113633815,0.22267378483472253
2026-02-11 11:00:00,53.51,51.54,51.74,-0.008669874673415597,-0.01570801488657647,-0.0004125813872152273,-0.003465913316303506,0.08120489178031076,0.12889131480799146,0.22387787264140338
2026-02-11 15:00:00,52.52,51.0,52.35,0.008238763643492145,-0.03605322423249058,-0.017882216674096507,-0.0034385992595354865,-0.04524079574495388,0.10569680862614486,0.22109166889131449
2026-02-11 19:00:00,52.9,51.92,52.36,-0.5424624782489464,-0.014905757147605225,-0.02866867420116148,-0.0033066447770762186,0.04694783828590965,0.1425574165988246,0.22102106520318746
2026-02-11 23:00:00,53.14,51.99,52.74,-0.6657028318454525,-0.01645677050439598,-0.01821285603320666,-0.0031999344796541,0.2492344694703601,0.1525132920631973,0.2188125998923606
2026-02-12 03:00:00,53.38,52.6,53.21,-0.6662039702585979,0.006323583099129948,-0.02180863949727685,-0.0030825322699913216,0.048132476941697755,0.16556621238353106,0.21641490627927198
2026-02-12 07:00:00,53.77,53.0,53.74,-0.4767136157416374,0.026052722365500713,-0.026351136577126844,-0.0029634627151176917,0.288402045229041,0.18065709487672188,0.21164857280382857
2026-02-12 11:00:00,53.81,52.74,53.21,-0.4128238519316828,0.015575294906472692,-0.01570801488657647,-0.0028661685407428915,-0.08903794477815563,0.17748238275753386,0.20969329463752442
2026-02-12 15:00:00,53.44,51.51,52.06,-0.012728748047887048,0.01471173681883231,-0.03605322423249058,-0.0028166941114752143,-0.02487550424384144,0.14247591251483566,0.210067170299615
2026-02-12 19:00:00,52.93,51.79,52.89,-0.5421316428624451,-0.0019613650564443974,-0.014905757147605225,-0.0027532844581957586,-0.06283525823203195,0.14416854319584035,0.20167804670656894
2026-02-12 23:00:00,53.34,52.79,53.16,-0.4709801938468394,0.009426902151944194,-0.01645677050439598,-0.0026513764714760114,0.043212249323062446,0.17168857023427966,0.19699738321489466
2026-02-13 03:00:00,53.23,52.36,52.82,-0.7063662228039654,-0.0012149641730524463,0.006323583099129948,-0.0025963882526922563,0.06664994155600823,0.16399882441441838,0.19192906141565888
2026-02-13 07:00:00,53.51,52.7,53.41,-0.6075273770350117,-0.0028219338895779655,0.026052722365500713,-0.0025182255332624024,-0.04391329822267198,0.17596116064299092,0.18378895650196136
2026-02-13 11:00:00,54.02,52.95,53.77,-0.14221121881808002,0.004090663748934631,0.015575294906472692,-0.0024358047918903573,0.1813235610738424,0.18557356243994766,0.17698440367270107
2026-02-13 15:00:00,55.56,53.69,54.97,0.1920954051795843,0.04801056535408055,0.01471173681883231,-0.002292785523646888,0.010875601836642712,0.23575833215531658,0.1715089587390017
2026-02-13 19:00:00,55.7,54.9,55.29,-0.2843796782776281,0.05664450158992462,-0.0019613650564443974,-0.002159631503836524,0.12635411029938548,0.2543221999221005,0.16387358590094322
2026-02-13 23:00:00,55.46,54.88,55.19,-0.5864796976209515,0.041022705796083914,0.009426902151944194,-0.0020299528511426514,-0.015389664587907914,0.2525922679553091,0.15543273329952131
2026-02-14 03:00:00,55.45,54.98,55.12,-0.6347538813492554,0.04480153410574106,-0.0012149641730524463,-0.0018982177183530658,-0.012070806888914598,0.25201049676615467,0.1439122620388059
2026-02-14 07:00:00,55.8,55.1,55.36,-0.5385865044291718,0.043654011461573106,-0.0028219338895779655,-0.001762732562756154,-0.020374863026808687,0.2622407528355812,0.13169757749231717
2026-02-14 11:00:00,56.26,55.03,56.22,-0.22971160970354046,0.03935826173775592,0.004090663748934631,-0.0016493712805694272,0.04503708269324158,0.26374118478849107,0.12493456524763963
2026-02-14 15:00:00,56.66,55.79,56.07,-0.15847507509795183,0.02436414963560507,0.04801056535408055,-0.0015533214256528574,0.07382361704319584,0.28536955154347066,0.12000739499593786
2026-02-14 19:00:00,56.64,55.86,56.31,-0.47896634046437614,0.017605709757886556,0.05664450158992462,-0.0015008185187187645,-0.11293341149987235,0.29049845393237805,0.11459296353066681
2026-02-14 23:00:00,56.42,55.41,55.81,-0.5311962269991717,0.010898584446165094,0.041022705796083914,-0.0014606589156826084,-0.16487463591436546,0.27496785121745815,0.10978950066384663
2026-02-15 03:00:00,56.47,55.19,56.02,-0.35523579065757666,0.014009616832102889,0.04480153410574106,-0.0013924186054202698,-0.18856870371814727,0.2807651044600346,0.10549898842694189
2026-02-15 07:00:00,56.68,55.32,56.01,-0.4351426973757529,0.010203764478321276,0.043654011461573106,-0.0013225255071763016,0.09560590352555187,0.2843482251430902,0.10383398856193685
2026-02-15 11:00:00,56.24,54.32,55.07,-0.0743324293128114,-0.007329384264822658,0.03935826173775592,-0.0012751097895340293,-0.1020065147502609,0.250147028755672,0.10417322477404399
2026-02-15 15:00:00,55.32,54.34,54.5,-0.35750005633212617,-0.023364611776511723,0.02436414963560507,-0.001229298287369301,-0.15201016175699888,0.23809583212069482,0.10527821839237562
2026-02-15 19:00:00,55.15,54.18,55.08,-0.3698985653026023,-0.028148550177215848,0.017605709757886556,-0.001191346318206687,0.0010277214329583728,0.27219000192503506,0.1021217184272589
2026-02-15 23:00:00,55.35,54.39,54.46,-0.573782528546214,-0.017377076267291347,0.010898584446165094,-0.0011439234460528885,0.08774775622249065,0.28072347299765527,0.09563872952555108
2026-02-16 03:00:00,54.8,53.77,54.14,-0.362652385456033,-0.030019308619997576,0.014009616832102889,-0.0011104417742509088,0.17565199670855436,0.25649965164008093,0.09171082315875015
2026-02-16 07:00:00,54.72,53.98,54.23,-0.5700589806885118,-0.029353971767317022,0.010203764478321276,-0.0010857986322760783,-0.260143162000004,0.2610046097434475,0.08963949820136942
2026-02-16 11:00:00,54.93,53.39,54.29,0.021418262870091905,-0.01736580337792637,-0.007329384264822658,-0.0010470306364822868,-0.0310718390252529,0.2503188988932867,0.0895379577481717
2026-02-16 15:00:00,54.52,53.33,53.95,-0.07407123705412746,-0.019480934413408257,-0.023364611776511723,-0.000998484612203498,0.3071756152125793,0.23142638121795436,0.08988979634853579
2026-02-16 19:00:00,55.65,53.82,55.01,-0.27793480092826284,0.00303919277368081,-0.028148550177215848,-0.0009124208725081049,0.1224832067031878,0.28805693811074595,0.0875830755536794
2026-02-16 23:00:00,55.46,54.67,55.35,-0.6809609553862066,0.004551614127089376,-0.017377076267291347,-0.0008348222631293395,0.16542593532936412,0.3068830245617572,0.08760860790252474
2026-02-17 03:00:00,55.5,54.7,55.42,-0.6752900219765604,0.01637917893643004,-0.030019308619997576,-0.0007558974957970643,0.03120894116526074,0.31305963225600214,0.08818973729246354
2026-02-17 07:00:00,55.85,54.59,54.99,-0.44336942467676665,0.014444270724992991,-0.029353971767317022,-0.000675603491207519,0.16540316766595953,0.31303855552103277,0.08879013338375286
2026-02-17 11:00:00,55.21,53.79,53.98,-0.24287125293059011,0.009391479453742413,-0.01736580337792637,-0.0005966411540810821,-0.03317438178314025,0.288877181772953,0.0903896960325502
2026-02-17 15:00:00,54.9,53.17,54.61,0.28572555268136907,0.002424388134588229,-0.019480934413408257,-0.0005251830157325397,-0.10496242540611356,0.251331355959809,0.08818853349503941
2026-02-17 19:00:00,54.69,53.89,53.97,-0.4319535882126782,-0.010214170316112603,0.00303919277368081,-0.00046872241327617937,-0.047652567429163906,0.2702688834086323,0.0884056941800967
2026-02-17 23:00:00,54.31,53.58,54.09,-0.5541147800850587,-0.020707718905059735,0.004551614127089376,-0.00039585106344021257,-0.05995221397768591,0.2562757280858875,0.08768768709828904
2026-02-18 03:00:00,54.4,54.06,54.26,-0.7668841875364897,-0.01731152646947498,0.01637917893643004,-0.00032088767309732306,0.040244434570073206,0.2688191426976467,0.08694746078275829
2026-02-18 07:00:00,54.77,53.97,54.13,-0.6516995077513983,-0.01641068391048872,0.014444270724992991,-0.00022954561979980913,-0.004681095024213877,0.27110056098924495,0.08677308455730053
2026-02-18 11:00:00,54.21,53.44,53.91,-0.36762223713792797,-0.014624513261915273,0.009391479453742413,-0.00013580866665437475,0.019788716220378477,0.2518571481927055,0.08631344461927695
2026-02-18 15:00:00,54.93,53.32,53.37,-0.12850680478896015,0.004558511986615166,0.002424388134588229,-6.042954482207395e-05,-0.019065101423664466,0.26269947694310836,0.08725876648588028
2026-02-18 19:00:00,53.6,52.95,53.21,-0.4462825295271731,-0.01910474025416098,-0.010214170316112603,-4.975720347601018e-06,-0.06620599910173897,0.22226325063105426,0.08781846930433095
2026-02-18 23:00:00,53.69,53.06,53.39,-0.6930587842065324,-0.011017782054208114,-0.020707718905059735,5.398216149355038e-05,-0.015516002765166625,0.22874485632480665,0.08757639012904697
2026-02-19 03:00:00,53.73,53.16,53.32,-0.6109480179411676,-0.015687613888329732,-0.01731152646947498,0.00011690870512677052,0.02877801454196982,0.22942267235132988,0.08788876754717992
2026-02-19 07:00:00,53.5,52.56,52.68,-0.5328570028656552,-0.024611122360195803,-0.01641068391048872,0.00017134077220339356,-0.04774625051155246,0.20923824136187613,0.08860349871811721
2026-02-19 11:00:00,52.87,51.58,52.02,-0.23241306326965278,-0.031022567544494284,-0.014624513261915273,0.00021757190051484095,-0.06351200984962346,0.17447605148378578,0.0918978366949579
2026-02-19 15:00:00,52.83,51.42,52.66,-0.21961436400642656,-0.03690840857414768,0.004558511986615166,0.0002252805661051806,-0.05701745819154014,0.17023686803298263,0.09142848199134963
2026-02-19 19:00:00,52.78,52.37,52.61,-0.5529746829965657,-0.012590632821790737,-0.01910474025416098,0.00019182571484604313,0.14787210499971293,0.19123042966961631,0.09224554624231208
2026-02-19 23:00:00,53.23,52.59,53.06,-0.5791342806209574,-0.008325572245250101,-0.011017782054208114,0.00012605457643358783,-0.14936371411468807,0.20817040023219632,0.09175254699564875
2026-02-20 03:00:00,53.65,52.86,53.48,-0.6251422807047049,-0.0023514507926397643,-0.015687613888329732,1.9785139818852074e-05,-0.16011982929715918,0.22361008801676577,0.09081794552540781
2026-02-20 07:00:00,54.33,53.41,53.8,-0.5189376714678485,0.017091416842200724,-0.024611122360195803,-4.212040260645402e-05,0.026990430741143046,0.25114177486334366,0.09002242532327845
2026-02-20 11:00:00,54.03,52.71,53.74,-0.0383837799475834,0.023875633904223426,-0.031022567544494284,-8.873334166753596e-05,0.05572571524629977,0.23218268181637497,0.08989315681325766
2026-02-20 15:00:00,55.47,53.72,55.27,1.1773735142296944,0.0533320410022986,-0.03690840857414768,-0.00011076727791151709,0.1462547297036183,0.29891259162691525,0.087888253734584
2026-02-20 19:00:00,55.41,54.81,55.31,-0.29784717123790033,0.04850964156637105,-0.012590632821790737,-8.243163604530977e-05,-0.05094344717392252,0.3092894039138282,0.08840553632886626
2026-02-20 23:00:00,55.37,54.82,55.22,-0.6413583573813145,0.04177093731473813,-0.008325572245250101,-5.14407092294202e-05,0.23462130237585344,0.31053684119861585,0.08902161903229978
2026-02-21 03:00:00,55.26,54.84,55.15,-0.7200553041016358,0.03346422751108724,-0.0023514507926397643,-2.4386848779954944e-05,0.06441156975137075,0.3061362697012291,0.08780750906806085
2026-02-21 07:00:00,55.6,54.96,55.05,-0.5108832816553652,0.02578890411767487,0.017091416842200724,1.9635396942965686e-07,0.16714909262801925,0.3154498420413296,0.08552965713360368
2026-02-21 11:00:00,55.73,54.91,55.51,-0.38021382321662156,0.03553366780634337,0.023875633904223426,9.73586476866821e-06,-0.05425513223576439,0.32011692901886796,0.08264179778325678
2026-02-21 15:00:00,56.01,55.23,55.48,-0.1464984992178425,0.012881171776314204,0.0533320410022986,2.472980259482038e-05,0.1105308336108175,0.3316488531592949,0.08162101386581912
2026-02-21 19:00:00,55.49,54.88,54.95,-0.6141949170259114,0.0008258694563851865,0.04850964156637105,6.096476534932799e-05,-0.07102301434223701,0.3113968417496355,0.08062454516479446
2026-02-21 23:00:00,55.04,54.4,54.44,-0.6729773671929583,-0.008345289873582185,0.04177093731473813,0.00010049180052525327,-0.05655900969646377,0.28923108036462514,0.07998041555975378
2026-02-22 03:00:00,54.69,54.3,54.49,-0.674257460019277,-0.010057071527116324,0.03346422751108724,0.00012698998275902882,0.03996929576225394,0.2805045388036186,0.07918590147647679
2026-02-22 07:00:00,54.91,54.46,54.66,-0.6718728374693018,-0.009888043693286552,0.02578890411767487,0.00014928098484812664,-0.09001795144612978,0.2901568071498697,0.07877124588449916
2026-02-22 11:00:00,54.78,53.13,53.22,-0.10842088824744295,-0.029093932638665998,0.03553366780634337,0.00018002271689490065,0.041214375128995506,0.24556057454644709,0.08088896693034721
2026-02-22 15:00:00,53.63,52.94,53.28,-0.3515496719158489,-0.042815423742794456,0.012881171776314204,0.00019542974131590938,-0.25432849058536655,0.22143594690436302,0.07829691470743869
2026-02-22 19:00:00,53.59,52.96,53.48,-0.6419871097291786,-0.03448401453487826,0.0008258694563851865,0.00018943254984754807,0.014635871108233056,0.22332852206372483,0.07713356966379056
2026-02-22 23:00:00,53.57,50.91,51.2,-0.03256692626591369,-0.052745279416829605,-0.008345289873582185,0.00018932278618148625,-0.1172165999974828,0.15569467006356622,0.08592839494958489
2026-02-23 03:00:00,52.18,51.01,52.11,-0.49606273063756556,-0.05580669514599845,-0.010057071527116324,0.0001630411306377042,0.12627299015280435,0.13970447288506255,0.08600329715160214
2026-02-23 07:00:00,53.05,51.83,52.77,-0.445197675144599,-0.04088352522239791,-0.009888043693286552,0.0001296971158831629,-0.17436865484705866,0.18661321977534465,0.08584529579367557
2026-02-23 11:00:00,53.09,52.4,52.73,-0.36833805777997103,-0.01853282653408339,-0.029093932638665998,9.412849907707534e-05,-0.0743375447909439,0.1994499386595567,0.08717993249413705
2026-02-23 15:00:00,52.84,50.72,51.41,-0.1180882602574822,-0.028660368691661553,-0.042815423742794456,6.416217884562668e-05,-0.030674714322101004,0.1508188803494488,0.09382315363502702
2026-02-23 19:00:00,51.99,51.06,51.67,-0.45162017508149527,-0.03362253714700769,-0.03448401453487826,3.48362288689671e-05,0.02170624086138817,0.14042139971026016,0.09627903019863097
2026-02-23 23:00:00,51.9,50.68,51.26,-0.1954728630929708,-0.008419168476645367,-0.052745279416829605,8.840966013704103e-06,0.04018257279673798,0.13550393739467426,0.10092974624338806
2026-02-24 03:00:00,51.27,50.23,50.53,0.01130441509097362,-0.015797070375021427,-0.05580669514599845,-2.3872105256296295e-05,-0.34133918038019373,0.10207275683384026,0.1082934779104442
2026-02-24 07:00:00,51.13,50.48,50.73,-0.44366041372624127,-0.0307056976985568,-0.04088352522239791,-7.865683381778707e-05,0.1806515478641766,0.11202586725327024,0.11220836219044551
2026-02-24 11:00:00,51.32,50.18,51.07,-0.12024876070053127,-0.03924337661942068,-0.01853282653408339,-0.00013565270026578698,0.10661258703714172,0.10361991452673797,0.11288271342556444
2026-02-24 15:00:00,51.85,50.88,51.59,-0.3733509110743551,-0.005635597631260869,-0.028660368691661553,-0.0001939962326890711,0.15117787020751305,0.13733114653122797,0.11187759742028018
2026-02-24 19:00:00,51.82,51.1,51.28,-0.4918809691313421,-0.00022471644028176918,-0.03362253714700769,-0.00023763043887659502,-0.17444005227432158,0.13988592002555986,0.11249975918649231
2026-02-24 23:00:00,52.97,51.03,52.75,-0.3280264847239261,0.01649223114241538,-0.008419168476645367,-0.00027948517698308693,0.06256357281429725,0.17789948833049643,0.10781530009700264
2026-02-25 03:00:00,52.8,52.0,52.32,-0.48509496058220924,0.03595938204969973,-0.015797070375021427,-0.0003067306307294318,0.29185914378843436,0.18977094960563975,0.10696609393732774
2026-02-25 07:00:00,53.41,52.32,53.22,-0.3432232168390684,0.039439944510950786,-0.0307056976985568,-0.0003422930926364039,0.08207677837867,0.21031962689203837,0.10256050125099654
2026-02-25 11:00:00,57.14,53.12,57.06,1.6176598018034372,0.08654697635569408,-0.03924337661942068,-0.0003684388564516047,0.014732799084102188,0.3157151758579557,0.09984039324107569
2026-02-25 15:00:00,58.6,56.82,58.32,0.6508667801910397,0.1270281585545825,-0.005635597631260869,-0.00035007439911935174,-0.011300090256694761,0.452604432505976,0.10594821513260817
2026-02-25 19:00:00,59.0,56.97,57.36,0.04575751894891052,0.12754316077701078,-0.00022471644028176918,-0.00032187876439312063,0.04657703234601818,0.47037077918299847,0.11203479447133691
2026-02-25 23:00:00,57.42,56.0,56.69,-0.24033004537574945,0.08539731156842101,0.01649223114241538,-0.00028845569592868335,0.04857009915196242,0.4187590411914106,0.11637224993839881
2026-02-26 03:00:00,56.95,56.2,56.5,-0.4981341425432517,0.07880299606672181,0.03595938204969973,-0.0002675899599870688,0.01499636117864278,0.4210322277768342,0.11938887787136974
2026-02-26 07:00:00,56.58,55.8,55.9,-0.4735187715591254,0.0633659084182514,0.039439944510950786,-0.00024520368644602344,-0.11562557762470493,0.41149073461028224,0.12217141414252869
2026-02-26 11:00:00,56.36,55.65,56.07,-0.35686517442109333,0.017566379504864393,0.08654697635569408,-0.00022254767737915003,-0.21311785438244646,0.4453146192679107,0.12348341150179627
2026-02-26 15:00:00,56.07,54.42,55.29,0.16428598261905675,-0.0464760647921828,0.1270281585545825,-0.00020749089455275358,0.01632692309176975,0.40173187866352555,0.1259427748710928
2026-02-26 19:00:00,55.93,55.09,55.46,-0.509563709241523,-0.043435434549029206,0.12754316077701078,-0.0002159269447206822,0.18000616079381615,0.4171430329540961,0.12598509067643787
2026-02-26 23:00:00,55.98,55.31,55.81,-0.634351005206318,-0.018262121433363476,0.08539731156842101,-0.00022123367147726752,0.05053556651681901,0.4250105884690186,0.12573617136363033
2026-02-27 03:00:00,56.39,55.65,56.12,-0.540306040170393,-0.010604380424400928,0.07880299606672181,-0.00021336370675900678,0.23037053304467192,0.4463931534592641,0.1259425066828652
2026-02-27 07:00:00,56.2,54.97,55.03,-0.4556754098832353,-0.009434797049561072,0.0633659084182514,-0.000206765069529887,-0.03222627212713336,0.42779338141466167,0.12846803700425416
2026-02-27 11:00:00,55.2,54.41,54.59,-0.09075453226398872,-0.022258614710769953,0.017566379504864393,-0.00020317100166088373,0.2850121890864119,0.3746035806796532,0.1296658877094376
2026-02-27 15:00:00,54.87,53.82,54.4,-0.24710636420877127,-0.015117611536777265,-0.0464760647921828,-0.0002082891885592391,0.033801910420908854,0.35242060939021835,0.13003062739688773
2026-02-27 19:00:00,54.41,53.42,54.11,-0.3479070394873353,-0.02631474937669165,-0.043435434549029206,-0.00019828262373962842,-0.05464803427129716,0.3337075691304218,0.13074054691348352
2026-02-27 23:00:00,54.94,54.1,54.93,-0.5795093902107289,-0.018256360876007238,-0.018262121433363476,-0.00018249290521281898,-0.030824977745261828,0.38129940107983107,0.1291360895977655
2026-02-28 03:00:00,54.95,52.0,52.11,-0.1714418273411883,-0.04634679601395553,-0.010604380424400928,-0.0001638342593423598,-0.1830328188502265,0.33486728518028386,0.1372568836742265
2026-02-28 07:00:00,53.15,51.47,51.96,-0.08555067116003252,-0.06359897707204198,-0.009434797049561072,-0.00016406729199377516,-0.027652289919505635,0.29584268976608674,0.13895319378212187
2026-02-28 11:00:00,53.22,51.56,52.33,-0.20886873090083977,-0.04560332338458384,-0.022258614710769953,-0.00017493674706249378,0.12450414791782283,0.3155530214614314,0.13878334246788404
2026-02-28 15:00:00,54.07,52.06,53.87,-0.21410821438063973,-0.02786043728866716,-0.015117611536777265,-0.00017991492659832317,-0.04426457653211091,0.3653381779116396,0.13474321011482268
2026-02-28 19:00:00,54.96,53.51,54.54,-0.1290825156353133,0.005131698486984693,-0.02631474937669165,-0.0001621673909206946,0.2253659615341439,0.48256095278288824,0.13311535395413057
2026-02-28 23:00:00,55.53,53.76,55.31,-0.42163343916602364,0.002623371728655677,-0.018256360876007238,-0.00012265881142164474,0.016435684757362568,0.5189932468892694,0.1318805256907846
2026-03-01 03:00:00,55.49,54.26,54.46,-0.45848754543084913,0.02594567668892611,-0.04634679601395553,-8.346450530948673e-05,-0.08862854753330052,0.5210271584786903,0.1339330517600548
2026-03-01 07:00:00,54.75,53.83,54.05,-0.4338240693164415,0.039279240725946796,-0.06359897707204198,-4.155347147281765e-05,-0.03688876723682788,0.47191782507366303,0.13442646802238567
2026-03-01 11:00:00,54.72,53.57,54.28,-0.5099400653388821,0.03493849070190791,-0.04560332338458384,-6.48415653762567e-06,-0.10200122577042914,0.4654329889168474,0.13260991383860002
2026-03-01 15:00:00,54.63,53.13,53.64,-0.27777780003290775,0.018947425016671682,-0.02786043728866716,1.3334754443859126e-05,0.005403324736370063,0.44756259240560736,0.13362260480373953
2026-03-01 19:00:00,53.86,52.47,53.02,-0.12642779665536016,-0.02221087464594851,0.005131698486984693,2.5387392035898552e-05,-0.1999370138828629,0.38357082282999166,0.13484173540584013
2026-03-01 23:00:00,54.39,52.93,53.82,-0.45526075512095815,-0.020078013692385044,0.002623371728655677,2.283807009391303e-05,-0.11723346098587972,0.4287774311216129,0.13253871110458393
2026-03-02 03:00:00,54.37,53.19,53.45,-0.5213720148377323,-0.015900768773116858,0.02594567668892611,3.2743343483620644e-05,0.08713594874467656,0.4495484660957068,0.13346767258899767
2026-03-02 07:00:00,53.83,52.95,53.46,-0.2967287555601028,-0.014464758108967524,0.039279240725946796,3.8667029471648864e-05,0.14014762754003307,0.40760478303396835,0.13353212992782587
2026-03-02 11:00:00,54.41,53.0,54.18,-0.2542169939005531,-0.011880048510537367,0.03493849070190791,3.8000649108712956e-05,-0.008686868831065064,0.4126890932949628,0.13174501854726545
2026-03-02 15:00:00,55.72,54.07,54.61,1.3057289954423028,0.018702835762959502,0.018947425016671682,3.3888717161152666e-05,0.09293488446067544,0.5318887339195799,0.1302748676633289
2026-03-02 19:00:00,55.49,54.37,55.08,-0.05615782340405163,0.032937576792031464,-0.02221087464594851,4.621331229091818e-05,0.14096462874007987,0.5287232097695751,0.12897153309840445
2026-03-02 23:00:00,55.09,54.07,54.42,-0.1661060158510359,0.016158291064616304,-0.020078013692385044,7.519540054315776e-05,-0.15884879724424006,0.5014554875867758,0.13006512016096664
2026-03-03 03:00:00,54.48,53.77,54.05,-0.33139221447949374,0.003578924441636877,-0.015900768773116858,0.00010398619298181461,0.05343186434686231,0.46680742756558485,0.13046110887718382
2026-03-03 07:00:00,54.3,53.02,53.26,-0.23505410592046952,0.00445219095885796,-0.014464758108967524,0.00012833404766408958,-0.011100921911884942,0.4284228828315089,0.13212203071637627
2026-03-03 11:00:00,54.29,53.09,53.51,-0.11042279762705129,0.003890796361668558,-0.011880048510537367,0.000144788815985242,-0.05241751953143958,0.4310751184355276,0.13063982267617844
2026-03-03 15:00:00,55.22,53.32,54.84,0.6634376208181675,-0.006820914375275544,0.018702835762959502,0.00015164202426649068,-0.2556817467587923,0.5010695163526677,0.1268949992852693
2026-03-03 19:00:00,55.05,54.27,54.82,-0.30599267652831136,-0.002821119113654902,0.032937576792031464,0.00016089821077210585,-0.11770069423448892,0.5159853617314719,0.12684867109849043
2026-03-03 23:00:00,55.38,54.48,55.01,-0.40136831461826894,0.006563836391877853,0.016158291064616304,0.000179037588898274,0.2818894896482609,0.5309133802929252,0.12674882062717
2026-03-04 03:00:00,55.24,54.3,54.88,-0.2797155324356576,0.010371421504328682,0.003578924441636877,0.00019636637329133923,-0.08794727342767861,0.5129940616580606,0.12726729890813804
2026-03-04 07:00:00,56.68,54.59,55.99,0.3851119433497409,0.04181329163052094,0.00445219095885796,0.00020891675695855884,0.02952600309767006,0.6691320043743321,0.12604338165137818
2026-03-04 11:00:00,56.42,55.33,55.69,0.18790294665072527,0.04078443951211019,0.003890796361668558,0.0002447123543917265,-0.05202874731012486,0.7084094935958842,0.12759582135427036
2026-03-04 15:00:00,57.24,55.68,57.05,0.46166147480819225,0.03883421016764754,-0.006820914375275544,0.00026936556263414867,0.26909233850741976,0.782696326107135,0.1274762009117983
2026-03-04 19:00:00,57.66,56.69,56.77,0.08998763803857955,0.04730517266123724,-0.002821119113654902,0.00030823914714500075,0.055774929654005545,0.846591366614935,0.1304039891822896
2026-03-04 23:00:00,57.27,56.41,56.53,-0.33723642363737144,0.03332632596190943,0.006563836391877853,0.00034924028669570647,-0.048508662286032234,0.8533120539498904,0.13006202275329976
2026-03-05 03:00:00,56.87,55.97,56.36,-0.3004674411317536,0.03153400554918795,0.010371421504328682,0.0003813982482438523,0.126044833248673,0.8301857967618488,0.13054261005940432
2026-03-05 07:00:00,57.23,55.73,57.04,-0.23360356690941117,0.011773257625587563,0.04181329163052094,0.0004046959130166878,-0.0963749022788628,0.8457714774621838,0.13071517091114365
2026-03-05 11:00:00,57.08,55.48,56.49,0.3102928928467381,0.00624381907567817,0.04078443951211019,0.0004260031537098208,-0.07566460303155298,0.8112579338219458,0.13263706945089232
2026-03-05 15:00:00,56.59,55.03,55.42,0.1398876557381769,-0.018418818064758646,0.03883421016764754,0.0004319085540566856,-0.1723329648564862,0.7472718427242487,0.13257745827588518
2026-03-05 19:00:00,56.05,55.23,55.62,-0.27592806433345013,-0.027861769508082612,0.04730517266123724,0.000420223414385506,-0.10308587685630866,0.7575650409203809,0.12991426141391801
2026-03-05 23:00:00,55.89,55.27,55.62,-0.7284156510887492,-0.0200273168901538,0.03332632596190943,0.0004174068385222359,0.000899220872079276,0.6693013521168677,0.1266322439696299
2026-03-06 03:00:00,55.72,55.13,55.5,-0.8331524985693404,-0.01711162572554714,0.03153400554918795,0.0004176070260606271,-0.0313824550460865,0.648694995886708,0.12124862916781305
2026-03-06 07:00:00,55.75,55.0,55.29,-0.6783080316384523,-0.020085890109827087,0.011773257625587563,0.0004187282766671142,0.2155886168519947,0.6458023090012458,0.11596085343381245
2026-03-06 11:00:00,55.33,53.51,53.77,0.5792096800682132,-0.031094265085394146,0.00624381907567817,0.0004352179239268793,0.1219708405537927,0.5180278982722913,0.11416269547075207
2026-03-06 15:00:00,54.03,53.12,53.42,0.054031947789237325,-0.03604591075994412,-0.018418818064758646,0.0004297240775369618,0.31154074939881227,0.4002051109216104,0.11138811690313533
2026-03-06 19:00:00,54.11,53.42,54.04,-0.4035390549033418,-0.03460808266163107,-0.027861769508082612,0.0004249080825817433,-0.08698353831260042,0.4239431211793868,0.10492503649511467
2026-03-06 23:00:00,54.06,53.77,54.02,-1.0095731090062405,-0.02996679478694053,-0.0200273168901538,0.00042715310531099055,0.033355094409306396,0.443609687472445,0.10328207420079275
2026-03-07 03:00:00,54.24,53.48,53.54,-0.8057909049820832,-0.029012818588602274,-0.01711162572554714,0.0004345028046815936,-0.06770114905388114,0.4307859479838698,0.1020146649859051
2026-03-07 07:00:00,54.29,53.44,53.87,0.961432576292407,-0.026281515529373967,-0.020085890109827087,0.0004375045942664212,0.09158541148989574,0.4484835158347008,0.10057162210851044
2026-03-07 11:00:00,54.23,53.7,53.97,-0.5240078389498283,-0.008986218012861258,-0.031094265085394146,0.0004470652829548776,0.09118090970216874,0.4517085482178831,0.09856253239031447
2026-03-07 15:00:00,54.02,53.57,53.68,-0.530050921455822,0.0037432101889607328,-0.03604591075994412,0.0004608163376265556,-0.08970559274957823,0.42738940866748953,0.09375261043133415
2026-03-07 19:00:00,53.71,53.21,53.41,-0.9846191696895089,-0.005082774148335911,-0.03460808266163107,0.0004774262365570994,0.13782450241214161,0.3869098594482584,0.09165592360871334
2026-03-07 23:00:00,53.75,52.97,53.15,-1.0927241382243462,-0.009363596915747285,-0.02996679478694053,0.0004811936962889676,-0.04462980214186263,0.3752020586818299,0.09123806660170643
2026-03-08 03:00:00,53.42,52.81,53.21,-0.582814883512262,-0.011296473062695656,-0.029012818588602274,0.0004775149865587306,0.19816939538048395,0.3484021692012303,0.09035181243269857
2026-03-08 07:00:00,53.94,52.65,53.67,2.8921837336565175,-0.015185291464420603,-0.026281515529373967,0.0004670688345671917,-0.29906269348568104,0.3374703234196841,0.08910370310551316
2026-03-08 11:00:00,53.85,52.8,52.94,-0.52799115293755,-0.011618739895807306,-0.008986218012861258,0.0004566315308799805,0.006291544574251073,0.366731423089619,0.09044545596093187
2026-03-08 15:00:00,52.93,52.2,52.57,-0.26745350750761265,-0.02341335609344053,0.0037432101889607328,0.0004432905338476103,-0.10698448871641786,0.2567182272116937,0.09270853848760978
2026-03-08 19:00:00,53.44,51.88,52.77,0.18196570294194694,-0.0144663029571237,-0.005082774148335911,0.00040009865604700973,0.0015990062641944025,0.28204362867315036,0.09328826950110848
2026-03-08 23:00:00,53.4,52.5,53.0,-0.6041561548158719,-0.010133788489276485,-0.009363596915747285,0.00036138450035839856,0.06917325098908456,0.30186086985213717,0.0928661513043937
2026-03-09 03:00:00,54.05,52.94,53.31,-0.10749822416547639,0.006931890620662573,-0.011296473062695656,0.0002985063343125181,-0.0710225395984585,0.3983845135197196,0.09126653771614124
2026-03-09 07:00:00,53.84,52.86,53.28,-0.4205932145463746,0.005910352482908943,-0.015185291464420603,0.00024627575634130806,0.2292934680157499,0.38002226374480746,0.09160900452793942
2026-03-09 11:00:00,54.42,53.01,54.1,0.5350797056788296,0.010764658270744354,-0.011618739895807306,0.00020484126912786898,0.05504773977378208,0.444547217397837,0.09019560492255606
2026-03-09 15:00:00,54.26,53.7,53.95,0.13040254599761578,0.02806901988682453,-0.02341335609344053,0.00017677027648648925,-0.019763164636894204,0.45653620209663476,0.09049863181919156
2026-03-09 19:00:00,54.75,53.66,53.77,-0.5634366566728825,0.026779662008239447,-0.0144663029571237,0.00013292763191289286,0.04865432864861918,0.4733611175373921,0.09092132826519532
2026-03-09 23:00:00,54.69,53.62,54.45,-0.4809252068251315,0.02262159842854028,-0.010133788489276485,8.709336937075264e-05,0.14729464680014703,0.4639208937703346,0.08958236526582328
2026-03-10 03:00:00,54.49,53.79,53.99,-0.47620371870926986,0.00912505130524166,0.006931890620662573,3.731250267695149e-05,0.00017648165606964916,0.46463671764154496,0.08792023744536981
2026-03-10 07:00:00,54.56,53.86,54.19,-0.25803168643729874,0.014365151552440336,0.005910352482908943,-2.4816612463457355e-05,0.07074826473277573,0.48405630662678667,0.08461754491209156
2026-03-10 11:00:00,54.96,53.64,54.89,0.14250794423137278,0.004507248009628428,0.010764658270744354,-8.256768983388007e-05,-0.011340863839088389,0.47748004428559915,0.08144300133564
2026-03-10 15:00:00,55.0,53.71,53.78,1.1709842894626445,0.010116277188507938,0.02806901988682453,-0.00014414655230174205,0.008205367594825486,0.5305734552647773,0.08318035525371441
2026-03-10 19:00:00,54.11,53.43,53.73,-0.5702947720118342,-0.006905106069182487,0.026779662008239447,-0.00019290749072024612,-0.003771393294801695,0.4227090482299978,0.08347521178529423
2026-03-10 23:00:00,54.04,53.67,53.9,-0.840418816461728,-0.004010994376542509,0.02262159842854028,-0.0002518724519009173,-0.18504982025369732,0.43453630453203107,0.08281516570480245
2026-03-11 03:00:00,54.12,53.54,53.86,-0.8725462539850196,-0.003890751115970814,0.00912505130524166,-0.0002985632869328703,-0.19026541579090417,0.4361302467697775,0.08299705100069234
2026-03-11 07:00:00,54.0,53.64,53.92,-0.8398246955348813,-0.006720275551115651,0.014365151552440336,-0.0003417848948836666,-0.14141063486475147,0.4346881779660906,0.08295542054676329
2026-03-11 11:00:00,55.09,53.76,54.8,0.5481898857577068,0.006476378555116291,0.004507248009628428,-0.00037461372292632036,-0.020547127322372294,0.5250138795204855,0.08174104584983691
2026-03-11 15:00:00,55.18,54.23,55.12,0.08612976974834813,0.004481458968885299,0.010116277188507938,-0.00036509698505471903,-0.013090698146522417,0.5637033740381295,0.08131227033298324
2026-03-11 19:00:00,55.28,54.83,54.97,-0.7107269466472219,0.023445728555628653,-0.006905106069182487,-0.00030662064840536945,-0.16833744698293762,0.5935064736279412,0.08070265217631375
2026-03-11 23:00:00,55.06,54.18,54.24,0.34103223601447724,0.014816396788640995,-0.004010994376542509,-0.0002453789529256569,0.09619555694009474,0.5426460178152638,0.08161339797621772
2026-03-12 03:00:00,54.33,53.95,54.08,-0.899850051057615,0.004717025470168723,-0.003890751115970814,-0.00021002871562798836,0.11144718912486962,0.4705561384320092,0.08139402363935687
2026-03-12 07:00:00,54.69,54.01,54.53,-0.5816070381036027,0.009566987893450785,-0.006720275551115651,-0.0001800917961005411,0.06289527769269099,0.5044963682230802,0.08020315708506932
2026-03-12 11:00:00,54.65,53.8,54.05,-0.1832829095920298,-0.003862441367735059,0.006476378555116291,-0.00015258378782165858,-0.0058257872287044155,0.49648162319500827,0.08096251604771429
2026-03-12 15:00:00,54.49,54.0,54.1,-0.45737101350792997,-0.009523771452293106,0.004481458968885299,-0.0001280833370642185,0.18357264944083984,0.492981813332629,0.0809289135668308
2026-03-12 19:00:00,54.53,54.0,54.48,-0.661409894506361,-0.014186939495848705,0.023445728555628653,-0.00011583860408197872,0.33130510754536013,0.48773437493053945,0.08011597140768595
2026-03-12 23:00:00,55.48,54.47,55.05,-0.06525492569053526,0.007009642942498617,0.014816396788640995,-9.817608715539788e-05,-0.06675965844237952,0.5945505746784137,0.07951251788690306
2026-03-13 03:00:00,55.4,54.95,55.05,-0.9283702006822042,0.01921794512072794,0.004717025470168723,-6.743467441607884e-05,0.021199013677620115,0.6114745330600089,0.07964726752732909
2026-03-13 07:00:00,56.19,54.98,55.95,-0.35317729589983116,0.02154010937485129,0.009566987893450785,-2.8939981710801462e-05,-0.005152197801945313,0.6631734482927344,0.07879336881892125
2026-03-13 11:00:00,56.71,55.53,55.66,1.0900565691715263,0.03539402468765607,-0.003862441367735059,1.0163967928371708e-05,0.02163388503720931,0.7569310954301611,0.07940265142102519
2026-03-13 15:00:00,55.95,55.15,55.38,0.19040597438784715,0.02292863577321813,-0.009523771452293106,4.6095047110439395e-05,-0.15181442411991053,0.6616235802617204,0.08015415426910959
2026-03-13 19:00:00,56.05,55.11,55.24,-0.41571870592561705,0.024303745795560383,-0.014186939495848705,6.486114990051926e-05,-0.1486495688036189,0.666362642670197,0.08058843939150058
2026-03-13 23:00:00,55.65,55.07,55.59,-0.33873625344361347,0.005313853134856217,0.007009642942498617,7.846837711122763e-05,-0.09575577205092367,0.6341740685532271,0.08056264243405478
2026-03-14 03:00:00,55.84,54.63,54.82,-0.24863576224611855,0.004122355846802872,0.01921794512072794,9.652079713878046e-05,-0.2302945450469993,0.6422832262707993,0.0816739622075013
2026-03-14 07:00:00,54.86,54.37,54.47,-0.7527443399023233,-0.01669570918435226,0.02154010937485129,9.775521941649245e-05,0.013503284659455828,0.5375338351404095,0.0810090021287398
2026-03-14 11:00:00,54.78,54.41,54.43,-0.7108695864905406,-0.028270323827163435,0.03539402468765607,6.508527423204081e-05,0.16483227757655627,0.5415388965943313,0.08027937015069243
2026-03-14 15:00:00,54.81,54.38,54.74,-0.8336017077269595,-0.01751652694819572,0.02292863577321813,3.430397188782485e-05,0.0547684129632624,0.5298342453469472,0.07602379864779343
2026-03-14 19:00:00,54.81,54.5,54.63,-1.1419007204878608,-0.016440155623943853,0.024303745795560383,1.0768129280737866e-05,0.09799128840040128,0.5425937065804198,0.07289268353977169
2026-03-14 23:00:00,55.33,54.63,55.2,-0.31046704237472467,-0.0064887392944473765,0.005313853134856217,1.056143256771979e-05,-0.15627346121782737,0.5855327641314668,0.06971552116623528
2026-03-15 03:00:00,55.46,55.01,55.11,-0.9295514679901804,-0.002948446290987894,0.004122355846802872,2.1991095930543565e-05,0.16465905074503473,0.6201569843209818,0.06764664215650697
2026-03-15 07:00:00,55.58,55.07,55.45,-1.0379045871532646,0.013559474580653097,-0.01669570918435226,3.758210188786382e-05,0.005759090794918986,0.6378688489440667,0.06319348458968814
2026-03-15 11:00:00,55.51,55.08,55.29,-0.9086855150640679,0.012433510335242426,-0.028270323827163435,4.577179163545601e-05,-0.23541041685714026,0.6335919952951256,0.0607237659331371
2026-03-15 15:00:00,55.35,54.93,54.99,-0.34458599024330255,0.010570386999868342,-0.01751652694819572,5.198386177033254e-05,-0.11522364300327925,0.6079697472465125,0.06050002515286899
2026-03-15 19:00:00,56.4,54.98,56.33,0.20390697206790526,0.01869367695112878,-0.016440155623943853,5.081601917997867e-05,0.0368291298790282,0.6810144751695744,0.060724834625924436
2026-03-15 23:00:00,56.49,55.82,56.03,0.22195922755119088,0.021736601463521854,-0.0064887392944473765,4.538279384977144e-05,0.1167673409054335,0.7474187760211809,0.0619043740432955
2026-03-16 03:00:00,57.57,55.9,57.2,1.7936601348057746,0.032087607736878576,-0.002948446290987894,5.4440665629730764e-05,0.15910685901124832,0.8602443964714666,0.06509935326931418
2026-03-16 07:00:00,57.84,57.12,57.49,0.8573133130707844,0.03762403080323806,0.013559474580653097,7.876545298982756e-05,-0.11655609406436862,0.920047538649582,0.07011850185856215
2026-03-16 11:00:00,58.39,57.25,58.23,1.811743679021827,0.044913437162009684,0.012433510335242426,0.00010057357086576059,-0.08989719230896132,0.9702488458735281,0.07681148905584083
2026-03-16 15:00:00,58.76,57.75,58.45,1.249748817647237,0.057388527790113164,0.010570386999868342,0.00012671007844642984,0.21313137970891183,0.9999999986928784,0.08354850118518165
2026-03-16 19:00:00,59.23,58.29,58.89,0.7821768387560374,0.0553421184445404,0.01869367695112878,0.00017900677866109345,0.006292095336504877,0.9999999987664178,0.09101799828109877
2026-03-16 23:00:00,59.26,58.32,58.74,1.8198503632985266,0.047044153316011084,0.021736601463521854,0.00023687182942734524,0.3146881422820069,0.9999999987741578,0.09788522511043996
2026-03-17 03:00:00,58.73,57.38,57.71,0.6953708775790116,0.0153763408487535,0.032087607736878576,0.0002941028966009973,-0.05596694979293604,0.8856379175804416,0.10252872806521694
2026-03-17 07:00:00,58.12,57.51,57.67,-0.38348115073690536,0.006893313802205814,0.03762403080323806,0.0003264323394607205,0.0816951832955366,0.880849260941124,0.10540285691453559
2026-03-17 11:00:00,58.12,57.31,58.07,0.0555049034204975,-0.002074718846056922,0.044913437162009684,0.00035062006876511394,0.14803945518559414,0.863033735740531,0.10816242844268285
2026-03-17 15:00:00,58.63,57.71,58.51,-0.16874694632693957,-0.0011149281674688316,0.057388527790113164,0.0003674077800074757,-0.036142806187624776,0.9298510752432328,0.11128850822083247
2026-03-17 19:00:00,58.71,58.09,58.36,-0.5117444431207465,-0.005887175031833447,0.0553421184445404,0.00040530074245126213,-0.07522752779577024,0.951329001472939,0.11448300737579699
2026-03-17 23:00:00,58.47,57.95,58.39,-0.7888525333649323,-0.009939866460589308,0.047044153316011084,0.00044964693035508935,-0.16164422332984618,0.9283556306142879,0.11671130815323792
2026-03-18 03:00:00,58.56,57.89,57.95,-0.6326159982316415,0.005696131652185743,0.0153763408487535,0.0004915380695358172,-0.09451218197915856,0.9260429584672952,0.11876668493482531
2026-03-18 07:00:00,58.0,57.4,57.64,-0.1430545029665499,-0.0018426389358855433,0.006893313802205814,0.0005329860623736236,-0.15055801175998385,0.8677874771272768,0.12038765688827839
2026-03-18 11:00:00,57.71,55.51,55.58,1.4642457320515923,-0.02466789494561905,-0.002074718846056922,0.0005954303216689035,-0.09620911774520036,0.6886116515445581,0.12281592772145082
2026-03-18 15:00:00,56.29,55.3,55.74,0.3168140234027194,-0.04391151369808455,-0.0011149281674688316,0.0006277732742008195,-0.03920871789466762,0.6164269015783065,0.11962877749716551
2026-03-18 19:00:00,56.33,55.45,55.89,-0.3140028000360876,-0.04169646383856662,-0.005887175031833447,0.0006533403110536353,-0.074854227593663,0.6528194823858737,0.11674307253628352
2026-03-18 23:00:00,56.14,55.71,55.76,-0.8612580308133515,-0.03966907713304535,-0.009939866460589308,0.0006978352550854276,-0.046993238379035684,0.6452717258498007,0.114695322302117
2026-03-19 03:00:00,56.35,55.4,55.53,-1.0232368502721356,-0.04152705634144116,0.005696131652185743,0.0007339363440500342,0.17461338208865662,0.6297963010076677,0.11325927283385412
2026-03-19 07:00:00,55.69,54.84,55.41,-0.2994678528425702,-0.04222658342860475,-0.0018426389358855433,0.0007687014720775201,0.09371951574634241,0.5690104473924592,0.1114484294971682
2026-03-19 11:00:00,55.51,54.59,55.15,0.3889511359878677,-0.023597356160436678,-0.02466789494561905,0.0007969691888673793,0.2225731983970285,0.5258750474686942,0.11115504147888292
2026-03-19 15:00:00,55.37,54.61,55.31,0.003263216149279272,-0.011993586120034094,-0.04391151369808455,0.0008091653599363065,0.03672024546315433,0.5345801914261685,0.1097504242326408
2026-03-19 19:00:00,55.95,55.3,55.53,-0.6754505319918387,-0.004377939477818726,-0.04169646383856662,0.0008038356135529985,-0.09120757552648218,0.6227841941738531,0.10789493034187611
2026-03-19 23:00:00,55.96,55.34,55.73,-1.0069077210997228,-0.0035246374413214765,-0.03966907713304535,0.0008217471342458519,0.12400875986915949,0.62111720403791,0.10690079926301763
2026-03-20 03:00:00,56.18,55.63,55.92,-1.0049965655335922,0.002839108687624714,-0.04152705634144116,0.000834012160604555,0.01625995784167822,0.6492089225705836,0.10536237422977987
2026-03-20 07:00:00,56.31,55.52,55.65,-0.6350568184301552,0.009502367514847343,-0.04222658342860475,0.0008526657335297637,0.05666773671876335,0.6334059983997054,0.10489434875670851
2026-03-20 11:00:00,55.83,55.17,55.37,-0.33344607540089366,0.009441779135810124,-0.023597356160436678,0.0008725437467546142,-0.07540865165893729,0.5894527288239129,0.10517748819850595
2026-03-20 15:00:00,55.72,55.23,55.46,-0.5841381504996269,0.0091197118758084,-0.011993586120034094,0.0008658502061747041,0.05497314662870134,0.5960685714363562,0.10338432171700102
2026-03-20 19:00:00,56.47,55.31,56.19,-0.344695883458221,0.002376029452826778,-0.004377939477818726,0.0008416682943171766,0.14076340107482688,0.6390138152797775,0.10029552895681587
2026-03-20 23:00:00,56.54,55.98,56.31,-0.988760819663151,0.010058861107448358,-0.0035246374413214765,0.0008240815653977906,-0.11360581347247956,0.6898081299951264,0.09856394066751219
2026-03-21 03:00:00,56.56,56.12,56.26,-1.0917912500413525,0.006623629663418562,0.002839108687624714,0.000819778209163049,0.055041876587460514,0.6946270761304294,0.09693470613346256
2026-03-21 07:00:00,56.59,56.05,56.11,-0.9577374158514005,0.00828298253298021,0.009502367514847343,0.0008148819629329433,0.02947410110778792,0.6900714204416699,0.09543158446455455
2026-03-21 11:00:00,56.11,55.61,55.65,-0.808371214703918,0.00836832875430149,0.009441779135810124,0.0008151603256570472,-0.033225921361769495,0.64633420480905,0.09566566386812606
2026-03-21 15:00:00,56.02,55.55,55.99,-0.9447161417921299,0.004202922873664416,0.0091197118758084,0.0008069539519345963,-0.009097865036951203,0.6246646211668867,0.09476806394608321
2026-03-21 19:00:00,56.37,55.68,55.73,-0.7133993693666257,0.0017660668429275717,0.002376029452826778,0.0007869759978884898,0.10388834690189208,0.6511057103721843,0.0947784780810049
2026-03-21 23:00:00,55.73,54.15,54.77,0.7870611994251937,-0.026862132415839124,0.010058861107448358,0.0007848234594476514,0.021358719517971192,0.5045242110676296,0.09570474566599248
2026-03-22 03:00:00,55.05,54.38,54.64,-0.8637104581246119,-0.028575250653116058,0.006623629663418562,0.000745660520759488,-0.09763418618781328,0.49738907102228846,0.09506539340146536
2026-03-22 07:00:00,54.7,53.97,53.98,-0.3231247772338687,-0.036423058140475306,0.00828298253298021,0.0007073353265621346,-0.14311214559895524,0.43883058629065747,0.09714517273409053
2026-03-22 11:00:00,54.33,53.76,54.13,0.21467777879197364,-0.032855600434707255,0.00836832875430149,0.0006549448760304048,0.026982550733462896,0.4211381754429431,0.09673110571328986
2026-03-22 15:00:00,54.26,53.75,54.01,-0.49473401625075136,-0.029254050016545463,0.004202922873664416,0.0006011213908832566,0.12026214681896841,0.4247879518572062,0.09711235492223523
2026-03-22 19:00:00,54.01,53.03,53.7,0.06344375512103581,-0.043853545880277234,0.0017660668429275717,0.0005410088849527906,-0.1295733199352348,0.35031926223768084,0.0990797213896964
2026-03-22 23:00:00,54.07,53.32,53.92,-0.9146900122546309,-0.019736279678389312,-0.026862132415839124,0.00046539821134829125,0.2105921430536084,0.3720483028459155,0.10023941186904733
2026-03-23 03:00:00,54.27,53.44,53.59,-0.879533510580712,-0.013885198915030816,-0.028575250653116058,0.0003944684414830067,-0.02597093295656172,0.4042864682118674,0.10304620571836308
2026-03-23 07:00:00,54.11,53.27,53.83,-0.7245449814135179,-0.00924737433883116,-0.036423058140475306,0.0003423607615802112,0.16432409231701928,0.3773668924455047,0.10453961262576028
2026-03-23 11:00:00,56.16,53.82,55.78,3.898223640776787,0.02405977110801083,-0.032855600434707255,0.0002744287663001266,0.012955552442426077,0.5806284233737908,0.10086713425947523
2026-03-23 15:00:00,55.96,55.0,55.63,-0.34890849062333346,0.024325170746639868,-0.029254050016545463,0.000249007801411621,-0.12853678314137384,0.5861262936438905,0.10105443678583685
2026-03-23 19:00:00,55.87,55.27,55.66,-0.8569441764039594,0.03921812699008709,-0.043853545880277234,0.00022462367659518674,0.1382767681100754,0.6075156220331485,0.10083554750629944
2026-03-23 23:00:00,55.82,55.05,55.25,-0.7357113333090867,0.032959401694270696,-0.019736279678389312,0.0002056271584331649,-0.18141360956905173,0.5889154986516324,0.10172704777256117
2026-03-24 03:00:00,55.76,55.23,55.64,-1.093063868752805,0.028874919075811523,-0.013885198915030816,0.00018193227361145675,-0.04451547016666679,0.5935443155262634,0.10053216008811447
2026-03-24 07:00:00,56.02,55.58,55.81,-0.45869157366533253,0.038939641087150534,-0.00924737433883116,0.00015788787026533208,0.16501027425080106,0.6322838043080119,0.09930913219150751
2026-03-24 11:00:00,55.83,55.13,55.54,0.06359929241973505,0.0020767845441374,0.02405977110801083,0.00014211188048798192,-0.16227867603914492,0.5529965689473652,0.09884926690973513
2026-03-24 15:00:00,55.93,55.34,55.66,-0.09965229214714451,0.0046010101045437235,0.024325170746639868,0.00011887185842577925,0.02688474278290709,0.5748160669564922,0.09801258622701726
2026-03-24 19:00:00,56.36,55.65,56.09,-0.5561600219807848,0.007998109227121741,0.03921812699008709,0.00010378789842896244,-0.08021752320060194,0.585954426273758,0.09645410309469335
2026-03-24 23:00:00,56.67,56.07,56.15,-0.6624430472265451,0.01689928147544295,0.032959401694270696,8.181084648382602e-05,0.16923962962985062,0.6371010182658913,0.09607395170616828
2026-03-25 03:00:00,56.58,55.96,56.42,-0.9900069554939678,0.015586017887576187,0.028874919075811523,6.607407597259141e-05,0.12916654681415563,0.6339967813037257,0.09531598420341712
2026-03-25 07:00:00,56.75,56.27,56.48,-0.18628654187807372,0.012225603558661868,0.038939641087150534,4.915299926243612e-05,-0.0790739574965863,0.6538327589199825,0.09514611428093231
2026-03-25 11:00:00,56.73,56.19,56.6,0.12642421339008733,0.0183187466619541,0.0020767845441374,3.328311776591389e-05,-0.11330706238546484,0.6561694878889356,0.09481104986888061
2026-03-25 15:00:00,56.67,55.79,56.31,1.8037963100784167,0.008263319063455565,0.0046010101045437235,2.703987431406859e-05,-0.07717193785469068,0.6003595536786759,0.09478738408748716
2026-03-25 19:00:00,56.8,56.13,56.67,-0.7853978301570114,0.0062671422042592795,0.007998109227121741,1.8586629485540395e-05,-0.0010780104842131877,0.6386989828707239,0.09430866688758707
2026-03-25 23:00:00,56.7,55.87,56.03,-0.9376860765806432,-0.0002042029810725987,0.01689928147544295,1.694331620283728e-05,-0.06829510849661835,0.6353719923130157,0.09538590313240741
2026-03-26 03:00:00,56.06,55.26,55.37,-0.6941067966758477,-0.012317379277001828,0.015586017887576187,8.849926289734177e-06,-0.19200771561419372,0.5297413957493078,0.09618254771368082
2026-03-26 07:00:00,55.43,54.73,54.75,0.6370315768763161,-0.026851759107345607,0.012225603558661868,-1.9165454001560057e-05,-0.21595180021761184,0.42602446852262627,0.09707871953895565
2026-03-26 11:00:00,55.23,54.51,55.0,0.13684514026175,-0.02988586385748704,0.0183187466619541,-5.465550326076626e-05,0.2238682087788395,0.40255024744387036,0.09476020333138045
2026-03-26 15:00:00,55.0,54.23,54.38,0.8113461437986075,-0.02684843931880665,0.008263319063455565,-9.39674699396949e-05,-0.21918812027044432,0.37401510022193163,0.09394774247264574
2026-03-26 19:00:00,55.04,54.23,54.76,1.4300679482485974,-0.03156627879453655,0.0062671422042592795,-0.0001366540893866578,-0.01621889246592545,0.3713707815395108,0.0893716814005589
2026-03-26 23:00:00,55.06,54.45,54.91,-0.8100989500018243,-0.030015127473848158,-0.0002042029810725987,-0.00018010418535566758,-0.07098536959576163,0.3812800265645438,0.08506999036846927
2026-03-27 03:00:00,55.18,54.64,54.97,-0.7872527679091463,-0.013184477964969243,-0.012317379277001828,-0.00020946071310982254,0.17623765546124126,0.4195213631877477,0.08323556353900792
2026-03-27 07:00:00,55.03,53.53,53.6,-0.014766096510891278,-0.011598877317423928,-0.026851759107345607,-0.00023622699508842084,-0.003119826582729801,0.3302627923233757,0.08559936503636435
2026-03-27 11:00:00,54.14,53.47,54.06,-0.0036127291006610605,-0.017975279987819226,-0.02988586385748704,-0.0002662390290576354,-0.08504609291242604,0.25456620705315325,0.0828981442345685
2026-03-27 15:00:00,54.67,53.61,53.76,0.17772061238583844,-0.009321199951521031,-0.02684843931880665,-0.0002888611844711595,0.22701385034214439,0.2975429822082622,0.08015667797302528
2026-03-27 19:00:00,53.96,53.29,53.55,-0.734887065329768,-0.018279955841197126,-0.03156627879453655,-0.0003217491155999199,0.05274073069466856,0.2214484132597203,0.0776669513773376
2026-03-27 23:00:00,53.79,53.26,53.42,-1.0960068120605873,-0.020942129037263446,-0.030015127473848158,-0.00035929928841338025,0.012601410815911818,0.20931642455105093,0.07464169714367819
2026-03-28 03:00:00,53.86,53.36,53.83,-0.9212478347937998,-0.024466801386709758,-0.013184477964969243,-0.00040029889527985594,0.2683341473342733,0.2176797238271878,0.07099168095521417
2026-03-28 07:00:00,54.03,53.7,53.94,-0.8002012795257509,-0.008176242979086257,-0.011598877317423928,-0.0004366736706588235,0.4644821714469085,0.24745778715152594,0.06814321336894484
2026-03-28 11:00:00,54.93,53.9,54.55,-0.4117079067325984,0.009736731329368364,-0.017975279987819226,-0.00047810573014457196,0.3464458510364752,0.29115490216813467,0.067577000525859
2026-03-28 15:00:00,54.79,53.91,54.13,1.699726079901814,0.0036326016874890232,-0.009321199951521031,-0.0005157483226066015,0.0754814148892935,0.2845451527589031,0.06864346290354087
2026-03-28 19:00:00,54.32,53.93,54.03,-0.6911108391170716,0.010010068832121632,-0.018279955841197126,-0.0005566392688391898,0.09915419761924915,0.25794143019686955,0.06925830163750615
2026-03-28 23:00:00,54.17,53.64,54.13,-0.9081550048424316,0.0069173177898940175,-0.020942129037263446,-0.0005996823485876381,0.19112263155378217,0.21847868655908698,0.06952368194936748
2026-03-29 03:00:00,54.39,54.01,54.22,-1.2020099922153182,0.010935547989461725,-0.024466801386709758,-0.000635581314401118,-0.0757002034556774,0.26181317333417176,0.06980107832372051
2026-03-29 07:00:00,54.22,53.69,53.72,-0.9380842486343971,0.0007461556198928854,-0.008176242979086257,-0.0006687881201734467,-0.2618551060969939,0.2234260251067054,0.07159394993223607
2026-03-29 11:00:00,54.0,53.53,53.74,-0.8572963309286751,-0.01097609710854397,0.009736731329368364,-0.0007026775026278138,-0.056131809254376996,0.1958909880548632,0.07267871025181971
2026-03-29 15:00:00,53.85,53.08,53.43,-0.6388916535044907,-0.015897444249407533,0.0036326016874890232,-0.0007413406705266103,-0.10991563781897329,0.1466728835040171,0.07467867703608153
2026-03-29 19:00:00,53.82,52.22,53.13,-0.17087772758363576,-0.019229351595742017,0.010010068832121632,-0.0007883322392014068,-0.16929115978298492,0.0916844138698655,0.07709204467345376
2026-03-29 23:00:00,54.31,53.08,54.09,-0.07128265987525156,-0.004138695829632,0.0069173177898940175,-0.0008177998651916294,-0.11478037036265842,0.182858837576435,0.07581140795967439
2026-03-30 03:00:00,54.26,52.96,53.62,2.393689151910257,-0.008562237650436622,0.010935547989461725,-0.0008374155058725118,-0.33513642726228654,0.18775089693076513,0.07690260682240753
2026-03-30 07:00:00,54.41,53.57,53.88,-0.41425362852409764,0.0011203208014820554,0.0007461556198928854,-0.0008383136312845391,0.08212432327954589,0.23307365290205145,0.0767944544543714
2026-03-30 11:00:00,54.26,53.55,53.94,0.9033075755270719,0.0010925455055730282,-0.01097609710854397,-0.0008336215537408896,-0.09589804415977399,0.2052693459751056,0.07706483793757575
2026-03-30 15:00:00,54.17,53.27,53.36,0.3567830949240809,0.006062499325832027,-0.015897444249407533,-0.0008223756612104745,0.14897456083003013,0.1984147005629604,0.07897558262999328
2026-03-30 19:00:00,53.62,53.06,53.45,-0.3611716641680834,0.005131168872941849,-0.019229351595742017,-0.0008077401163153733,0.06058051278019372,0.13519541844033375,0.07874522611128025
2026-03-30 23:00:00,54.14,53.15,53.85,-0.2424312009548011,-0.0003532539120784106,-0.004138695829632,-0.0007800880981188561,0.012101625020181528,0.17983112669271054,0.07717443281569608
2026-03-31 03:00:00,53.93,53.56,53.89,-0.9591105871790487,0.0007118058142889794,-0.008562237650436622,-0.0007481962047343178,0.1083466453092472,0.19385520954204466,0.0760534954438063
2026-03-31 07:00:00,54.02,53.14,53.24,-0.04470054514064248,-0.0084312602883172,0.0011203208014820554,-0.0007320627265239176,-0.12484935842764144,0.16038662454856303,0.07694010047672835
2026-03-31 11:00:00,54.25,53.13,53.53,0.5914911294458244,-0.0042869106905416565,0.0010925455055730282,-0.0007146886809545436,0.08207610565779122,0.16843050720641112,0.07660625749910044
2026-03-31 15:00:00,54.29,53.32,54.09,0.6388448827853109,0.0019198917275131677,0.006062499325832027,-0.0006941571116688183,0.13423759827340365,0.214899803799555,0.0747561821137698
2026-03-31 19:00:00,54.19,53.72,53.92,0.48349360320571927,0.011583802477234117,0.005131168872941849,-0.0006612411631985899,0.14811053268860697,0.23392713466349865,0.07438664810477076
2026-03-31 23:00:00,54.21,53.83,53.87,-0.8036808645549577,0.006185856298196235,-0.0003532539120784106,-0.0006236604193922588,0.17219565422868244,0.23283087478333284,0.07469778135714766
2026-04-01 03:00:00,54.78,53.87,54.6,0.20953594623338287,0.010770021094479887,0.0007118058142889794,-0.0005838191798965493,0.17092037660161719,0.2862826257410174,0.07369447478938497
2026-04-01 07:00:00,54.71,53.95,54.11,0.002376223689509637,0.013171096481324751,-0.0084312602883172,-0.0005422001567039291,0.1345320447324725,0.2729790500311577,0.07428364247394129
2026-04-01 11:00:00,54.45,53.72,54.18,4.192162460127426,0.009533486848850359,-0.0042869106905416565,-0.0005084197928238911,-0.07677213568098429,0.25000370433037716,0.07416437366387942
2026-04-01 15:00:00,54.6,54.03,54.13,-0.4856533209949598,0.007216133302412553,0.0019198917275131677,-0.0004958338055312671,-0.11910585201200463,0.27697991414122164,0.07416394947572923
2026-04-01 19:00:00,54.43,53.95,53.97,-0.6781724973709599,0.0036214690801650296,0.011583802477234117,-0.0004914182294215324,-0.11045088810818737,0.2651513972927448,0.07414730025493123
2026-04-01 23:00:00,54.12,52.49,52.68,0.22026836921784654,-0.011236495157768367,0.006185856298196235,-0.0004895453237175588,-0.2788312629829143,0.13596226748987206,0.0778935457978888
2026-04-02 03:00:00,52.98,51.95,52.53,0.6689381831800777,-0.036570128471102414,0.010770021094479887,-0.0005031330733964475,0.02934397522101606,0.0,0.08002174830756648
2026-04-02 07:00:00,52.56,51.83,51.88,-0.3749642024266645,-0.038469498210101594,0.013171096481324751,-0.0005266725894985115,-0.051300678881750605,0.0,0.08487659428395135
2026-04-02 11:00:00,52.32,51.4,52.09,0.6874849552206467,-0.04282679481417273,0.009533486848850359,-0.0005622773213549803,0.0673669102677592,0.0,0.08668582742438717
2026-04-02 15:00:00,52.32,51.6,52.03,-0.017183641014593135,-0.04212943315835216,0.007216133302412553,-0.0006024524135285357,-0.06079961825644453,0.028451220801387244,0.08901628818890364
2026-04-02 19:00:00,52.18,51.9,52.09,-0.1548669954909382,-0.03992184891743589,0.0036214690801650296,-0.0006385607768460173,-0.020205818880385307,0.03539134985194846,0.09065797579650339
2026-04-02 23:00:00,52.5,52.06,52.28,-0.9309260709135512,-0.020272401370502013,-0.011236495157768367,-0.0006579295384567906,0.10188271916104141,0.07419771687967801,0.09192730275845123
2026-04-03 03:00:00,53.15,52.2,52.87,-0.5595480210286761,0.007283264876761342,-0.036570128471102414,-0.0006696897174965793,0.06702059416747241,0.13381540719795446,0.09077299848519338
2026-04-03 07:00:00,53.09,52.75,52.97,-0.7417331174571591,0.01446699904318538,-0.038469498210101594,-0.0006725312728141844,0.04001094019538165,0.1609100998402206,0.08991687111978071
2026-04-03 11:00:00,53.27,52.74,53.03,-0.17091457351071596,0.022400358318126257,-0.04282679481417273,-0.0006752270240992127,-0.030524100009065913,0.1653744379932281,0.08937004198590476
2026-04-03 15:00:00,53.37,52.86,53.17,-0.7649094403346661,0.021741279059252827,-0.04212943315835216,-0.000680362739633882,-0.09598373648207426,0.18957846050520297,0.08822862185726366
2026-04-03 19:00:00,53.49,53.04,53.24,-0.7282942886619423,0.024300301095403265,-0.03992184891743589,-0.0006807969361109262,0.051797980682663614,0.21565245754421586,0.08613808673385231
2026-04-03 23:00:00,53.36,53.09,53.18,-1.0842980465229821,0.017592612892611825,-0.020272401370502013,-0.00067502984160808,0.18206996086642224,0.20538349195771236,0.08396152222172772
2026-04-04 03:00:00,53.31,52.99,53.28,-1.3215488911473687,0.00790404137572831,0.007283264876761342,-0.0006628681911045697,-0.13754003413218918,0.1932260134397649,0.08046095736771625
2026-04-04 07:00:00,53.32,53.07,53.29,-0.933625557156811,0.005369022947638857,0.01446699904318538,-0.0006484748636605666,-0.09589322256986699,0.20141175082415486,0.07655328408815025
2026-04-04 11:00:00,53.5,53.23,53.47,-0.6562762240104507,0.007915446555113004,0.022400358318126257,-0.0006313118203783273,-0.10472459150926938,0.22512057491322426,0.07144977843027404
2026-04-04 15:00:00,53.76,53.4,53.6,-0.5105454593380542,0.008924198016083906,0.021741279059252827,-0.0006155467820094795,0.1642741666348282,0.25715469907786986,0.06692903717322103
2026-04-04 19:00:00,53.86,53.45,53.54,-0.9404565898103784,0.005583319283749777,0.024300301095403265,-0.0006007080612527559,-0.01447313893822133,0.2580763140192514,0.0606330727442118
2026-04-04 23:00:00,53.66,53.43,53.53,-1.1040067568323102,0.006319106704719468,0.017592612892611825,-0.0005819281267148319,-0.17359411238853462,0.253333207323948,0.05621023661791777
2026-04-05 03:00:00,53.53,52.62,52.87,-0.8111194900470967,-0.003101167268523164,0.00790404137572831,-0.000588056513199849,0.0337318026980058,0.16973189481842016,0.05484289937395678
2026-04-05 07:00:00,53.03,52.62,52.83,-1.0982447507661826,-0.007104256907336626,0.005369022947638857,-0.0005992955345020595,0.23116059894147334,0.14753249052869527,0.05425711086504958
2026-04-05 11:00:00,52.98,52.59,52.91,-0.8156985398416206,-0.00999386049358475,0.007915446555113004,-0.0006182728739528873,-0.05185523998980346,0.1490893840920539,0.0527284849696107
2026-04-05 15:00:00,53.54,52.8,53.42,-0.7762256686037496,-0.005944554670937019,0.008924198016083906,-0.000633742688089445,0.003860655056014739,0.2117393475517063,0.05160594811016397
2026-04-05 19:00:00,53.82,53.33,53.78,-0.7817144016173789,-0.0006758850682745399,0.005583319283749777,-0.0006429401412757946,-0.03952917687420865,0.25291204813832513,0.04991915843359334
2026-04-05 23:00:00,54.48,53.73,54.34,-0.11960530115083547,0.011440557276751528,0.006319106704719468,-0.0006529618501225957,0.02003110502648764,0.34069333154243475,0.04821812701221105
2026-04-06 03:00:00,54.5,54.04,54.19,-0.23180446212641878,0.024860963104475164,-0.003101167268523164,-0.0006565184932480054,-0.10102005522346036,0.3574918626381326,0.04672627392012694
2026-04-06 07:00:00,54.64,54.0,54.33,-0.07916904769996652,0.02794883242551438,-0.007104256907336626,-0.0006556431458076375,-0.06281091336235256,0.35799283891297823,0.047260467612415626
2026-04-06 11:00:00,54.42,54.03,54.31,-0.13199770371094774,0.02705180542391994,-0.00999386049358475,-0.0006588069992179862,0.1980829259641934,0.35283705491134576,0.0476024525020607
2026-04-06 15:00:00,54.42,53.81,54.04,-0.13326024915943607,0.016112282513027543,-0.005944554670937019,-0.0006375538698798449,-0.02984895679715205,0.33410260543708237,0.04804664622485867
2026-04-06 19:00:00,54.05,53.48,53.48,-0.8264036499517425,0.005772838265122315,-0.0006758850682745399,-0.0006185849258946013,0.08707941985661272,0.2969910244060981,0.04855060688989243
2026-04-06 23:00:00,53.65,53.2,53.55,-0.6842682987690281,-0.013152643683648657,0.011440557276751528,-0.0006018577892569542,0.14066594412455413,0.23911069461697504,0.048477823139690804
2026-04-07 03:00:00,53.62,53.18,53.29,-0.9207652506693398,-0.016398477571249237,0.024860963104475164,-0.0005892628230091993,0.17642535382176838,0.23056500317390963,0.04867021825782829
2026-04-07 07:00:00,53.59,53.01,53.09,-0.24206465009821318,-0.017802259111126206,0.02794883242551438,-0.0005761409946828423,-0.16024791044714903,0.22019156556290057,0.04883975534869055
2026-04-07 11:00:00,53.67,52.91,53.18,0.4717267411151424,-0.01762302377152347,0.02705180542391994,-0.0005577571908653491,0.05008731129539279,0.21651404227514012,0.04773121152042456
2026-04-07 15:00:00,53.96,53.05,53.34,0.4098228641653224,-0.011996161485459234,0.016112282513027543,-0.0005419191287060875,-0.09717945161311503,0.2415309633368144,0.04716725924520705
2026-04-07 19:00:00,55.06,53.32,55.03,0.756336586537481,0.00573767793234814,0.005772838265122315,-0.0005146324892050988,-0.03025947808192997,0.34105444206164354,0.04774611360395625
2026-04-07 23:00:00,55.74,54.92,55.08,0.9991027136531807,0.03305207235189567,-0.013152643683648657,-0.0004678106787712361,-0.1101042115130384,0.49102631893472726,0.04965098639782763
2026-04-08 03:00:00,55.23,54.93,55.09,-0.5415131388536745,0.031711744812500164,-0.016398477571249237,-0.0004097848885896867,-0.023782083762175832,0.47199394705968795,0.051413738930256865
2026-04-08 07:00:00,55.27,55.02,55.07,-0.6746452245124359,0.034093324540001024,-0.017802259111126206,-0.00035222861211948883,0.07527995181722091,0.4793983689857444,0.053442365592380504
2026-04-08 11:00:00,55.38,54.33,54.52,0.9023093565921232,0.032275578627674495,-0.01762302377152347,-0.00029239576274873086,-0.07811650237537959,0.4617820822188925,0.05475418582052585
2026-04-08 15:00:00,54.73,54.15,54.16,-0.3080100403607803,0.02012071998077536,-0.011996161485459234,-0.00023492203847074488,0.1954796197360229,0.39493536220828407,0.05541457204062351
2026-04-08 19:00:00,54.52,53.97,54.07,-0.5229745876713365,0.0008565883186475443,0.00573767793234814,-0.0001886149258337906,-0.05235106889006402,0.3476704936081345,0.05555993202163524
2026-04-08 23:00:00,54.12,53.62,54.07,-0.586190089293279,-0.024197541106367182,0.03305207235189567,-0.00014223427893754072,0.0080974879066813,0.3005022451811376,0.05554302826880025
2026-04-09 03:00:00,54.12,53.83,53.96,-1.0406461200014727,-0.020867309219482988,0.031711744812500164,-9.929512984040819e-05,-0.008184729112040712,0.30808825996190337,0.055777598068186496
2026-04-09 07:00:00,54.06,53.79,53.8,-0.5886199106844048,-0.02162274272174547,0.034093324540001024,-6.59468228397173e-05,0.14596527151292849,0.30939890220073585,0.05590845467747405
2026-04-09 11:00:00,54.21,53.66,54.13,-0.25424973835460557,-0.02130321530105883,0.032275578627674495,-4.292406008609361e-05,0.021002368467047505,0.29467004519191153,0.055711548829667785
2026-04-09 15:00:00,54.9,54.09,54.64,1.2481357475877983,0.0009334039593345,0.02012071998077536,-2.3176044556686618e-05,-0.09719309707608015,0.4021950092078365,0.056044799299224075
2026-04-09 19:00:00,55.28,54.56,54.73,-0.3864235352989913,0.011789458166652667,0.0008565883186475443,4.927434501410684e-06,0.16390140886143878,0.43880701139204237,0.05693165397886872
2026-04-09 23:00:00,54.76,54.26,54.43,-0.7984846822565432,0.011461085242085778,-0.024197541106367182,3.6825536707165284e-05,0.0027844025095804525,0.3885597293583577,0.0577177169887132
2026-04-10 03:00:00,54.7,54.28,54.48,-0.8999645651540974,0.010403164494727335,-0.020867309219482988,6.421118202665265e-05,0.1449372561436213,0.38809647610004827,0.05817346727842441
2026-04-10 07:00:00,54.62,54.23,54.49,-0.6219772968339454,0.009499875058189389,-0.02162274272174547,9.569701937954348e-05,-0.03737670063086851,0.3824725892002408,0.05857598712547188
2026-04-10 11:00:00,55.36,54.48,55.31,0.3295414038151122,0.020634422956217202,-0.02130321530105883,0.00011623834065248136,0.06593493761769254,0.45308751272207026,0.059699319263606936
2026-04-10 15:00:00,55.52,54.84,55.13,0.41057016112873745,0.009693657192866745,0.0009334039593345,0.0001368463875864374,-0.08578866759203219,0.47765881525665244,0.061284116844934386
2026-04-10 19:00:00,55.46,54.97,55.01,-0.5604683092720875,0.0060475937337003405,0.011789458166652667,0.00016432081165596772,-0.1390322344282624,0.486108122609924,0.06259107587266653
2026-04-10 23:00:00,55.03,54.61,54.68,-0.9592902015479772,0.005760698973495515,0.011461085242085778,0.00018581845212297293,0.04351881521272194,0.43332744053518985,0.06359448212999379
2026-04-11 03:00:00,54.8,54.4,54.58,-0.8456591388469437,0.0026844080806474047,0.010403164494727335,0.0001993016100653628,-0.2803309485952705,0.4089563825816559,0.06368677938030057
2026-04-11 07:00:00,54.72,54.52,54.58,-0.8023560387396814,0.0023015028257147296,0.009499875058189389,0.00021020632980614534,-0.020962399784960284,0.40034408523411374,0.0640876547890405
2026-04-11 11:00:00,54.69,54.35,54.52,-0.6001770906857096,-0.007880569789108671,0.020634422956217202,0.0002246402031678473,-0.05402255006373491,0.3913372841931869,0.06444609815389368
2026-04-11 15:00:00,55.57,54.51,55.46,0.06663231554006117,-0.0027598027826150062,0.009693657192866745,0.00024290774255845626,0.1912246337216219,0.45596585981136684,0.06522863978545296
2026-04-11 19:00:00,55.71,55.14,55.27,-0.5802393223765298,0.0042606933227573585,0.0060475937337003405,0.0002670759251452716,-0.07023066864666239,0.5196345700952794,0.0669020574795251
2026-04-11 23:00:00,55.26,53.74,54.18,-0.3447398810710287,-0.007745502616506972,0.005760698973495515,0.00030276814948479387,-0.17188949475549364,0.37278861721700474,0.06746722839309975
2026-04-12 03:00:00,54.22,53.83,53.86,-0.5778444157385239,-0.011732141434407373,0.0026844080806474047,0.000315352599870287,-0.053435053364510154,0.31754392789733515,0.06668358885003134
2026-04-12 07:00:00,53.95,53.62,53.7,-0.3003319225105398,-0.014576837845167834,0.0023015028257147296,0.0003251690527909726,0.01735551990804529,0.286892360956693,0.06407982636392034
2026-04-12 11:00:00,53.95,53.57,53.6,-0.5121242426656099,-0.014295875433116612,-0.007880569789108671,0.0003268674688260978,-0.02072103684218607,0.280201054239367,0.0618359928910698
2026-04-12 15:00:00,53.93,53.45,53.8,-0.5193321034478651,-0.0238800777031839,-0.0027598027826150062,0.00032532396171722737,-0.029710827146538832,0.2687786427574312,0.058846387344410424
2026-04-12 19:00:00,53.95,53.4,53.6,-0.5757530317841113,-0.031513581699820326,0.0042606933227573585,0.0003170242216210319,0.09968625140113363,0.27060467100538077,0.05635010448000088
2026-04-12 23:00:00,53.87,53.36,53.75,-1.0173732821768473,-0.014397153445152355,-0.007745502616506972,0.0003037762205034036,0.13934750146559627,0.26113209933395654,0.053798215299037944
2026-04-13 03:00:00,53.88,53.49,53.61,-0.890073303551615,-0.005710801707403346,-0.011732141434407373,0.00029755917146276876,0.23580204158962537,0.27356953696421354,0.05296177732608782
2026-04-13 07:00:00,53.63,52.77,52.85,-0.03293981893299369,-0.012645306030964365,-0.014576837845167834,0.0002969610859415093,-0.08028960473006719,0.18990840644482107,0.0539577418091868
2026-04-13 11:00:00,53.44,52.66,53.41,1.8486561934857348,-0.015584540659600687,-0.014295875433116612,0.0002895075183607824,0.10695873946156298,0.160778739405582,0.05286492152519704
2026-04-13 15:00:00,53.41,52.73,53.06,0.38712783126242456,-0.011433972577915008,-0.0238800777031839,0.00027441994791430703,-0.13984016008407296,0.1812921966306661,0.05338904770904024
2026-04-13 19:00:00,54.62,53.05,54.52,0.6932475005163735,0.003500571633499483,-0.031513581699820326,0.00025808560042069013,0.066694770331857,0.29739550482309635,0.05167273420739799
2026-04-13 23:00:00,54.76,54.06,54.25,1.064175309972387,0.015352648565391425,-0.014397153445152355,0.00024991102932327033,0.07308044162382643,0.4011940931395185,0.05133460487573284
2026-04-14 03:00:00,54.39,54.01,54.21,-0.22382421793522597,0.009291730560768707,-0.005710801707403346,0.00025857592561350163,-0.036389679343881376,0.3653920873051153,0.050871518258886375
2026-04-14 07:00:00,54.88,54.2,54.54,0.1585261533031267,0.027157488670851437,-0.012645306030964365,0.00026185647178861787,0.11601328290702217,0.4192945655679577,0.05023226397193029
2026-04-14 11:00:00,55.27,54.39,54.85,1.5309301061595828,0.03542938955159869,-0.015584540659600687,0.00026772904130922945,-0.12082201331314979,0.4537211655157212,0.05013851753076909
2026-04-14 15:00:00,54.94,54.18,54.31,0.626426661539474,0.030107729987859155,-0.011433972577915008,0.00027927926471843636,0.08321369038503046,0.4335678025591936,0.050448583840345215
2026-04-14 19:00:00,54.65,54.18,54.26,-0.352551418551098,0.010126938192666302,0.003500571633499483,0.0002935407238316075,-0.20116819863752022,0.4092727191861586,0.05021476162141899
2026-04-14 23:00:00,54.51,54.02,54.12,-0.8350034116673771,-0.0024845230804068086,0.015352648565391425,0.0003051417898894591,-0.03277165264109805,0.39300519408536755,0.05001944938437891
2026-04-15 03:00:00,54.27,53.78,53.94,-0.5724877131610986,-0.003158970550713347,0.009291730560768707,0.0003157268985334347,0.04086060150703652,0.37849786146881337,0.0487088178284618
2026-04-15 07:00:00,54.55,53.87,54.34,0.060799604146181054,-0.006299125777295189,0.027157488670851437,0.0003246358517894428,-0.1407114093238624,0.5145026082269591,0.046674658949337394
2026-04-15 11:00:00,55.26,54.33,55.11,1.1398524828368084,0.0006209729484794035,0.03542938955159869,0.0003325478400214273,0.1098673685262368,0.6426577196976724,0.04524769363428668
2026-04-15 15:00:00,55.28,54.84,55.2,-0.03158109212619746,0.00817411157216763,0.030107729987859155,0.00034929929089710357,0.12264612740567693,0.7017845938976753,0.04547741559642688
2026-04-15 19:00:00,55.65,55.08,55.22,-0.19379063681431447,0.017193826281671987,0.010126938192666302,0.0003726714079217922,0.253498756753916,0.7549947603577712,0.04615984199951
2026-04-15 23:00:00,55.44,54.81,55.23,-0.6364460737126166,0.014488811996682394,-0.0024845230804068086,0.0004018852327939278,0.09525191808574651,0.6997898436419832,0.04702711415209036
2026-04-16 03:00:00,55.73,55.15,55.58,-0.5297288309416638,0.026328586857661485,-0.003158970550713347,0.00040959374809886983,0.035485428210787706,0.7765938177758868,0.04826364066254382
2026-04-16 07:00:00,55.72,55.24,55.32,-0.4573906311064284,0.023661733984869926,-0.006299125777295189,0.00040825905743904897,0.12268131129012994,0.786013000764225,0.049416528634155577
2026-04-16 11:00:00,55.98,54.59,55.02,1.8101091129582647,0.008100640759262312,0.0006209729484794035,0.0004056536540430672,-0.19034322344716692,0.7366479704231838,0.05012260527706529
2026-04-16 15:00:00,56.61,54.96,56.46,2.0017893198483065,0.013208583432608778,0.00817411157216763,0.0003867887534692086,0.1376735366744053,0.8558223499588277,0.05250667190012941
2026-04-16 19:00:00,56.57,55.68,56.19,-0.033108090176860186,0.01526452968472225,0.017193826281671987,0.00037979755009059295,-0.05529366485955822,0.933821073982133,0.05468170532613202
2026-04-16 23:00:00,56.46,55.59,55.8,-0.3840039896357804,0.01710699469997956,0.014488811996682394,0.0003813221538772946,-0.08823969388205977,0.8992565281559933,0.055919970052957645
2026-04-17 03:00:00,55.92,55.34,55.81,-0.7495167288262217,0.0027577951971524683,0.026328586857661485,0.00038489704151689033,-0.11400433180446523,0.8089613785596674,0.05621390661401631
2026-04-17 07:00:00,56.42,55.78,55.99,-0.07668941549123993,0.009715343403878585,0.023661733984869926,0.0003812598518609695,-0.031931623328716796,0.900131096252628,0.05613383182433928
2026-04-17 11:00:00,57.42,55.94,57.01,2.877013585999315,0.029750890433059896,0.008100640759262312,0.0003829600999984377,0.3511493234330729,0.9999999980486561,0.0580734006111975
2026-04-17 15:00:00,57.12,56.33,56.64,1.1169349621591567,0.016141904656704842,0.013208583432608778,0.00040401257568669046,-0.17325400753357867,0.964888204189142,0.06013235489344667
2026-04-17 19:00:00,56.89,56.47,56.58,-0.5497269805936998,0.008346391419547627,0.01526452968472225,0.00042281931844500366,-0.05663765254221487,0.9524767795092322,0.06261575744677113
2026-04-17 23:00:00,56.59,56.18,56.43,-0.623589665106834,0.006714795497795745,0.01710699469997956,0.00044372050083983877,-0.07737534108226507,0.9025036185734125,0.064689608352268
2026-04-18 03:00:00,56.43,56.06,56.37,-0.8251661007740685,0.012114781094070048,0.0027577951971524683,0.0004576272171727233,0.11473097325645809,0.8772893332052044,0.06644119771078119
2026-04-18 07:00:00,56.66,55.9,56.17,0.18483009033349587,0.0029056357547749823,0.009715343403878585,0.00046680034452564696,-0.16974157684652313,0.8616630035349493,0.06791505936224713
2026-04-18 11:00:00,56.19,55.56,55.97,-0.06385891628872688,-0.018500838580425505,0.029750890433059896,0.00047678954124227586,-0.16551025467944758,0.7945500947500108,0.06904411192999349
2026-04-18 15:00:00,56.09,55.24,55.27,0.37821773570773015,-0.017293475715886464,0.016141904656704842,0.00048113496457500047,-0.0780212197495761,0.7734531458655662,0.06982418957585682
2026-04-18 19:00:00,55.73,55.25,55.73,-0.8783728919498668,-0.020877147167497223,0.008346391419547627,0.00048781312027798806,0.1120325323520086,0.7216303637943112,0.06944641556617118
2026-04-18 23:00:00,55.85,55.3,55.48,-0.7383715158737433,-0.013800203457140059,0.006714795497795745,0.0004861769520000304,-0.099320825687363,0.7505992531243997,0.069660297677557
2026-04-19 03:00:00,55.82,55.18,55.56,-0.669108509160873,-0.013124969292506505,0.012114781094070048,0.0004876671825433565,-0.12311413050073028,0.7331484773105811,0.0693664109366493
2026-04-19 07:00:00,55.56,54.7,55.0,-0.3041198629227005,-0.020828935957266093,0.0029056357547749823,0.0004816206454723481,0.1806151082442271,0.6332412315065648,0.06933340946499619
2026-04-19 11:00:00,55.72,54.95,55.57,-0.19191231905019385,-0.00982708994703374,-0.018500838580425505,0.0004575295389186508,0.12444512331093116,0.6874402496437657,0.0685281849098458
2026-04-19 15:00:00,55.56,54.51,54.63,0.02600384371732334,-0.01390024646320187,-0.017293475715886464,0.0004421088463665183,-0.033929579147796485,0.622241400365582,0.06971094897775496
2026-04-19 19:00:00,54.9,54.01,54.15,0.018381745962858485,-0.017380077290077844,-0.020877147167497223,0.0004283114150526255,-0.15650711583373744,0.5334644847300225,0.07068493718396819
2026-04-19 23:00:00,54.6,53.91,54.49,0.13839724853225105,-0.02378011586995865,-0.013800203457140059,0.0004093159123765891,0.1423952533174131,0.49245429891657955,0.07020926490268886
2026-04-20 03:00:00,54.94,54.46,54.86,-0.6456809658662758,-0.01593156556174047,-0.013124969292506505,0.0003922918436334802,0.17489881755188752,0.5604814482541167,0.06961911369101371
2026-04-20 07:00:00,55.44,54.77,55.03,-0.34558111115602946,0.0008458005607823171,-0.020828935957266093,0.0003821119159506993,0.10866254713648016,0.642323554683859,0.06929596400928256
2026-04-20 11:00:00,55.37,54.76,54.88,1.051702432815258,-0.006057677671683526,-0.00982708994703374,0.00038195953532426036,-0.056707160679314916,0.6220637504120649,0.06938550839228012
2026-04-20 15:00:00,55.4,54.64,55.34,-0.01533251269235812,0.0020345286933398654,-0.01390024646320187,0.00037786958984269636,0.3004826038866304,0.6440660708520655,0.06889543164147678
2026-04-20 19:00:00,55.38,55.01,55.03,-0.33528523278384875,0.0122860655456134,-0.017380077290077844,0.0003732684552560991,0.13495871752116928,0.6641680888954276,0.06928622805112591
2026-04-20 23:00:00,55.25,54.82,54.83,-1.0544963703382837,0.01336606898400916,-0.02378011586995865,0.00036755714018139716,0.1818271749589917,0.634099224886597,0.0695073491860726
2026-04-21 03:00:00,55.16,54.67,55.09,-0.9786071617745649,0.004457106047223158,-0.01593156556174047,0.0003524693145910134,-0.14709180458483495,0.6080181701850619,0.06912136698524968
2026-04-21 07:00:00,55.66,55.0,55.54,0.3257725082304075,0.005285450123867497,0.0008458005607823171,0.00033011377032574773,0.04149617261574168,0.6991274518917956,0.06871482164080993
2026-04-21 11:00:00,55.88,55.22,55.45,-7.159280153805754e-05,0.009006494452715508,-0.006057677671683526,0.00031556700205142456,-0.05611137693361068,0.7186760611942338,0.06886695913170526
2026-04-21 15:00:00,55.6,54.76,55.13,0.9851557491728391,0.0019047060825383433,0.0020345286933398654,0.00030350792859883087,-0.0324599851141022,0.6645396858322711,0.0691224033784843
2026-04-21 19:00:00,55.34,54.78,55.12,-0.0311363076986853,-0.001620270295544679,0.0122860655456134,0.0002880571149451996,0.0809492709524493,0.6467192929288974,0.06908785181599235
2026-04-21 23:00:00,56.12,55.12,55.94,-0.43281273559264266,0.012801044564645592,0.01336606898400916,0.00027775952733745824,-0.0980960793975737,0.7715695917091846,0.06828689561260234
2026-04-22 03:00:00,56.48,55.66,56.3,0.25808444052504137,0.022454785266833754,0.004457106047223158,0.0002942383740675304,0.24398399549254224,0.8485743756477592,0.0680949193896837
2026-04-22 07:00:00,56.35,55.8,56.2,-0.13698831322559965,0.01340470025798024,0.005285450123867497,0.0003164805649043554,-0.10202510822168098,0.8439521587028765,0.06792755598750196
2026-04-22 11:00:00,56.48,56.02,56.45,0.0291556319620645,0.01385579274818638,0.009006494452715508,0.0003379037057605755,0.07778171912651533,0.8686452436928841,0.06740729613795952
2026-04-22 15:00:00,56.55,56.01,56.15,0.4871587546266852,0.019827199592731715,0.0019047060825383433,0.00035938392181562986,-0.017834237517043494,0.8780674527370881,0.06730528147666161
2026-04-22 19:00:00,56.19,55.75,55.86,-0.6637281868215872,0.01601986022898161,-0.001620270295544679,0.00037629467620355,-0.16870523378436264,0.8189586801340532,0.06637141279371583
2026-04-22 23:00:00,55.95,55.0,55.17,0.5390529104980708,-0.004291201814612289,0.012801044564645592,0.00038430071789042144,-0.10121090587178683,0.7248964793494485,0.06579647597002822
2026-04-23 03:00:00,55.35,54.9,55.25,-0.6377854543738459,-0.01744961860529004,0.022454785266833754,0.00037832440855331036,-0.13758444494245103,0.6574404810535539,0.06391622092321972
2026-04-23 07:00:00,55.28,54.97,55.15,-0.5556687691165465,-0.017648615820341607,0.01340470025798024,0.0003651406060566119,-0.03498188235381583,0.6507201295786712,0.059871789185933305
2026-04-23 11:00:00,55.74,55.15,55.72,-0.43576422545300314,-0.012976899386338836,0.01385579274818638,0.0003484483631146054,-0.1313697889109371,0.7262426925498939,0.05671843489134849
2026-04-23 15:00:00,55.99,55.12,55.34,0.09715600384372723,-0.013016907763879537,0.019827199592731715,0.0003378585710231856,-0.18350741720018904,0.7351032199545933,0.05294919642759709
2026-04-23 19:00:00,56.18,55.27,56.11,-0.38538572396569126,-0.003443963501373326,0.01601986022898161,0.0003378801880133608,0.14056110598422022,0.7813373205316324,0.05208930705136555
2026-04-23 23:00:00,56.27,55.84,56.06,-0.7388781645138941,0.010924027677469805,-0.004291201814612289,0.0003445656420437365,0.020446073166011214,0.8432014409839643,0.05141454476995643
2026-04-24 03:00:00,56.17,55.75,56.0,-1.01297444444404,0.013855042008283913,-0.01744961860529004,0.0003533512477106494,0.07678232198226764,0.8065531163289122,0.050500898127959395
2026-04-24 07:00:00,56.33,55.82,56.18,-0.12793894689709995,0.017445682212221314,-0.017648615820341607,0.0003564901438613235,-0.06582040847743376,0.8383592047035617,0.0500790241668608
2026-04-24 11:00:00,56.53,56.06,56.26,0.9987335366466786,0.014176418896941989,-0.012976899386338836,0.00036061831959625695,0.2014107849719866,0.8797894632697594,0.05019327988634663
2026-04-24 15:00:00,56.7,56.06,56.59,-0.06491226491159767,0.016548476943795576,-0.013016907763879537,0.0003750674800121194,0.22179889852961754,0.9144887105216253,0.049672424071780165
2026-04-24 19:00:00,56.76,56.44,56.45,-0.3544395409664645,0.014800068431890967,-0.003443963501373326,0.00039444674475895233,-0.017886640134954446,0.9424543306296117,0.04907522337145057
2026-04-24 23:00:00,56.7,56.34,56.68,-1.0716527621298233,0.0068034218666011,0.010924027677469805,0.00041826352389223227,0.1442022183381222,0.9176859720226479,0.04804817911568398
2026-04-25 03:00:00,56.72,56.36,56.36,-0.8846235630652324,0.010915378796877873,0.013855042008283913,0.0004328433397374992,-0.0798273084375295,0.9256557254983443,0.046235780958988705
2026-04-25 07:00:00,56.61,56.28,56.44,-0.9112663023747886,0.0068916717583400455,0.017445682212221314,0.000445614085793394,0.252895587695261,0.9137765331246243,0.04509349598520984
2026-04-25 11:00:00,56.48,56.17,56.38,-1.0516275877564263,0.000993174233252958,0.014176418896941989,0.0004563749580369958,-0.18319195290536094,0.8906991706367731,0.045266322110834784
2026-04-25 15:00:00,56.61,55.91,56.01,-0.4528962150275955,-0.00296987697129103,0.016548476943795576,0.0004631748202467051,-0.11743425542306918,0.8817624912263452,0.04540332475200499
2026-04-25 19:00:00,56.13,55.93,56.01,-0.8726632180706728,-0.010571959196583047,0.014800068431890967,0.00047763343255482815,-0.0071572210674305525,0.8256621851401755,0.04523970992967394
2026-04-25 23:00:00,56.06,55.87,55.9,-1.3515990068638115,-0.009365916596397073,0.0068034218666011,0.0004922906735761229,-0.14780625416485405,0.8144493810090101,0.045109169498289615
2026-04-26 03:00:00,56.26,55.75,56.2,-0.8656466003540287,-0.0088303960838082,0.010915378796877873,0.0004889235119664039,0.14344196680869858,0.8282515775863263,0.045038305924402715
2026-04-26 07:00:00,56.33,56.14,56.24,-0.8619657689097585,-0.003910658018464908,0.0068916717583400455,0.00047886473671309446,-0.057908445950238585,0.8706862698623495,0.0450424796031892
2026-04-26 11:00:00,56.36,55.87,55.99,-0.6909909676034136,-0.004127501846053483,0.000993174233252958,0.00047101831914710606,-0.08746896017173666,0.84531482792809,0.044739884325156264
2026-04-26 15:00:00,56.23,55.77,56.22,-0.6220746030434999,-0.005406721535502923,-0.00296987697129103,0.000459474791059886,0.16005177862027686,0.82236068377898,0.04429783255234174
2026-04-26 19:00:00,56.48,55.97,56.22,-0.4084138243527931,0.004643816220877062,-0.010571959196583047,0.00044090823347539126,-0.00014999197469844905,0.8764216923052257,0.04432255483151821
2026-04-26 23:00:00,56.78,56.05,56.6,-0.4616550571890324,0.008628103785286667,-0.009365916596397073,0.0004268452705259834,0.13778172156755075,0.9086626332128167,0.044656770867898175
2026-04-27 03:00:00,56.8,55.24,55.49,0.9170055979942583,-0.0024181419680574523,-0.0088303960838082,0.000418651105411408,-0.15694094182436247,0.801813672627218,0.04563681274446745
2026-04-27 07:00:00,55.52,55.22,55.36,-0.3634142008989384,-0.014765457246941449,-0.003910658018464908,0.0004017955856119288,-0.10988607643153991,0.7086267671358656,0.04587469769701066
2026-04-27 11:00:00,55.92,55.25,55.74,-0.12332939760054008,-0.009930798512283956,-0.004127501846053483,0.00036323848648905,0.24638014510446116,0.7365704824846075,0.04405683773984764
2026-04-27 15:00:00,55.78,54.95,55.35,0.6715542977773803,-0.012430774528828903,-0.005406721535502923,0.0003253819804378693,-0.111973012042205,0.6865264096549172,0.043719756040460266
2026-04-27 19:00:00,55.46,55.11,55.42,-0.7113315370793892,-0.01693594335643689,0.004643816220877062,0.0002831112006742858,-0.05813104642623956,0.6904427041705926,0.04301424610269779
2026-04-27 23:00:00,55.63,55.29,55.44,-1.0378146715423968,-0.0167642041634396,0.008628103785286667,0.0002523243627683968,0.23428959589871834,0.724029074140025,0.042532870570383914
2026-04-28 03:00:00,55.5,55.05,55.2,-1.1894830376406837,-0.009742603306479691,-0.0024181419680574523,0.0002339275923365679,0.030180122185428093,0.695553919016012,0.04248293536220121
2026-04-28 07:00:00,55.42,55.02,55.07,-0.4654155045098214,-0.004714220428658433,-0.014765457246941449,0.0002093148620124299,0.027410353885026106,0.6576494333825846,0.04269856041849764
2026-04-28 11:00:00,55.14,54.67,54.92,-0.152469199262623,-0.011028249459699935,-0.009930798512283956,0.00018676845956291208,-0.22665870214264272,0.6170080766735199,0.04326937957993297
2026-04-28 15:00:00,55.31,54.91,55.27,-0.326185471152692,-0.003598640352233895,-0.012430774528828903,0.000163125041626393,-0.08710998090671496,0.6476919585985057,0.042995374100464244
2026-04-28 19:00:00,55.63,55.18,55.45,-0.3800483215604308,0.00206396440723422,-0.01693594335643689,0.00013942792849318473,-0.11507064095379205,0.7127239006919234,0.0428851827417996
2026-04-28 23:00:00,55.79,55.43,55.58,-0.6219455997534793,0.0024704129928145857,-0.0167642041634396,0.00011749909466507212,-0.09633526654730307,0.7507809933425172,0.042762402148065724
2026-04-29 03:00:00,56.09,55.57,55.91,-0.527492052974947,0.009936184771109469,-0.009742603306479691,9.643797058156347e-05,0.020372515916345035,0.8028691930711316,0.0425754881406081
2026-04-29 07:00:00,57.71,55.85,57.18,3.52321028894919,0.03281241199896967,-0.004714220428658433,7.38607441862162e-05,0.12123551267626076,0.999999998069495,0.04343938189580359
2026-04-29 11:00:00,57.17,56.01,56.14,1.1312357427685305,0.029537020518310975,-0.011028249459699935,7.142116936539557e-05,0.015821689051738863,0.9237299641873714,0.04442966617863931
2026-04-29 15:00:00,56.17,54.35,54.91,3.8808678145707356,0.0002548060673313035,-0.003598640352233895,7.268967736507673e-05,-0.026620243808644695,0.6434856538654518,0.04490952261036838
2026-04-29 19:00:00,55.37,54.52,55.27,0.6024896684918847,-0.009122649612525069,0.00206396440723422,5.384637973764506e-05,0.1620394763949009,0.6074810606237718,0.04233931198494955
2026-04-29 23:00:00,55.73,55.13,55.25,-0.5595462480380898,-0.0033021398136777735,0.0024704129928145857,3.550123154208445e-05,-0.11655885324931681,0.707299061691618,0.04097450936310744
2026-04-30 03:00:00,55.44,54.93,55.34,-0.8430002135518757,-0.012389189891498509,0.009936184771109469,2.169432586217331e-05,-0.08088630398978747,0.6605999384010379,0.04024585455227758
2026-04-30 07:00:00,55.96,55.32,55.71,-0.20144898212195533,-0.022940159346802602,0.03281241199896967,9.497744637622715e-06,-0.07399896792410199,0.747727432863815,0.039422311674379554
2026-04-30 11:00:00,55.99,55.5,55.66,-0.09102698285095652,-0.014672131799066013,0.029537020518310975,5.061930714693833e-06,0.12387384733290618,0.7540232534457215,0.03861142880840022
2026-04-30 15:00:00,55.82,55.4,55.48,-0.12600476145926567,0.008243611867742473,0.0002548060673313035,-1.792630021888773e-06,0.07346594947124885,0.7176712433749541,0.038624613375634345
2026-04-30 19:00:00,55.62,55.06,55.09,-0.5740351397199931,0.006281297293418309,-0.009122649612525069,-2.659650476195598e-06,-0.07459559307027652,0.637688619081177,0.03880101058590869
2026-04-30 23:00:00,55.36,55.04,55.32,-1.38413422849356,-0.003979284849211395,-0.0033021398136777735,-2.1851113061852992e-06,-0.03244717799979602,0.5905020407727002,0.03785321511754859
2026-05-01 03:00:00,55.64,55.14,55.24,-0.4201354253605651,0.003877826305987986,-0.012389189891498509,-4.639268545421045e-06,0.051948583598471876,0.6275145555970151,0.03769359115026438
2026-05-01 07:00:00,55.38,54.9,55.21,-0.2704480454581625,-0.008691778626749636,-0.022940159346802602,-1.0554628255230963e-05,-0.04596227069569281,0.5680419373610001,0.038021548699806625
2026-05-01 11:00:00,55.71,55.09,55.64,0.40247433102470914,-0.005879984837227958,-0.014672131799066013,-1.335927504620439e-05,0.2257544840911656,0.6253903132245585,0.037628134444009455
2026-05-01 15:00:00,56.0,55.44,55.91,0.523997395021356,0.0031271417128959644,0.008243611867742473,1.2429908483817523e-06,0.21481952552135541,0.7060199646599165,0.03697634477414562
2026-05-01 19:00:00,56.03,55.42,55.47,1.2841324513397931,0.006953256814210995,0.006281297293418309,1.859797365315461e-05,0.058781788865149176,0.6854500623465075,0.03685941225186759
2026-05-01 23:00:00,55.67,55.27,55.58,-1.2876718212871883,0.004217683466531952,-0.003979284849211395,3.4160850341937636e-05,-0.01450189681332159,0.6371907163804178,0.036810366653874396
2026-05-02 03:00:00,55.71,55.28,55.47,-1.0323297941169265,0.00022652562156011413,0.003877826305987986,4.304004589239758e-05,-0.053891923509593265,0.6305431796497166,0.036670364913010414
2026-05-02 07:00:00,55.49,55.34,55.4,-1.2862111590508558,0.004550431853470371,-0.008691778626749636,4.9832341500428433e-05,-0.054410442624638344,0.6286101129271815,0.03664796968247672
2026-05-02 11:00:00,55.42,55.13,55.34,-0.5344957529817046,-0.002383911149255069,-0.005879984837227958,5.5709258991488064e-05,-0.2863401455893547,0.5935227325530167,0.0362928647079951
2026-05-02 15:00:00,55.44,55.14,55.23,-0.481074374452402,-0.007801104183205787,0.0031271417128959644,5.4142970037627634e-05,-0.06264358029146078,0.6011075824102319,0.03645836881718339
2026-05-02 19:00:00,55.44,55.05,55.29,0.4234799452328328,-0.008263241341599281,0.006953256814210995,5.1718146876088564e-05,0.0928668309204137,0.5744926480476292,0.036618307829284866
2026-05-02 23:00:00,55.41,54.9,54.93,-0.5929606018269522,-0.00473329198528305,0.004217683466531952,4.352770282872316e-05,-0.17149766648206077,0.5738612936373836,0.03724389544399142
2026-05-03 03:00:00,55.12,54.84,54.99,-0.7781159129000113,-0.008262208864298737,0.00022652562156011413,3.78659597179033e-05,0.028606490261999795,0.520053281415227,0.03757008214660802
2026-05-03 07:00:00,55.14,54.9,54.9,-0.710474480965893,-0.007052156661200848,0.004550431853470371,2.734835794467362e-05,-0.04539700828025639,0.5330856850427229,0.038035320885928835
2026-05-03 11:00:00,55.36,54.85,55.31,-0.705404039880537,-0.0017191162272874871,-0.002383911149255069,9.949255600279858e-06,0.29373522118187334,0.5607510391132714,0.03792953732712221
2026-05-03 15:00:00,55.42,55.24,55.32,-0.7940993346956076,0.00041002794781208607,-0.007801104183205787,-7.533476301269595e-07,-0.11318198377410793,0.5975580886723781,0.037939727293406354
2026-05-03 19:00:00,55.76,55.29,55.62,-0.7106787074507257,0.005858526166296452,-0.008263241341599281,-1.426647706744722e-05,0.005454208402098537,0.6445423553189054,0.037536026615549875
2026-05-03 23:00:00,56.24,54.99,56.08,1.418914643030959,0.009068663054838,-0.00473329198528305,-3.1983044250778174e-05,0.3727630315530934,0.6876198426473525,0.03724588830313374
2026-05-04 03:00:00,56.43,55.82,56.1,1.0205251795625283,0.021270029570777282,-0.008262208864298737,-5.032085700922035e-05,0.09544832902089873,0.7976090920160598,0.03731637032771394
2026-05-04 07:00:00,56.18,54.95,55.27,1.4627043059107394,0.008745063160614297,-0.007052156661200848,-5.804963481655155e-05,0.10029492962320852,0.6424059042367174,0.03778261774186935
2026-05-04 11:00:00,55.75,54.96,55.62,1.071719355173086,0.0012285758100525346,-0.0017191162272874871,-6.909670506485443e-05,-0.08652441197223337,0.5774820667729891,0.037136191468466015
2026-05-04 15:00:00,55.67,55.01,55.27,2.5836098614032252,-0.0011661144849938188,0.00041002794781208607,-8.562071937392199e-05,0.01596555549122658,0.5816347524548271,0.03648817332116014
2026-05-04 19:00:00,55.36,54.93,55.05,0.8460207641647999,-0.007244947088546727,0.005858526166296452,-0.00010052480893621953,-0.05954003608273861,0.545271937610671,0.03621783735958691
2026-05-04 23:00:00,55.25,54.76,55.08,0.0760017191880532,-0.012238987135148816,0.009068663054838,-0.00011612659287898132,-0.2848267569691938,0.5193937581485059,0.035090676647096676
2026-05-05 03:00:00,55.31,54.97,55.17,0.22405185635443986,-0.017750339864548548,0.021270029570777282,-0.00013520296205599404,-0.2182308108640315,0.5516765744716869,0.034471308607528305
2026-05-05 07:00:00,55.48,55.14,55.43,0.3533617767631576,-0.0034367443493557026,0.008745063160614297,-0.0001541464949822381,0.09328540530262863,0.5953229031621399,0.03332748971101089
2026-05-05 11:00:00,55.92,55.32,55.62,1.9946989547339475,0.00644704592311407,0.0012285758100525346,-0.0001628279094623172,0.16584102702775994,0.6653872851353158,0.03229357565715561
2026-05-05 15:00:00,55.79,55.41,55.71,-0.15768252841345604,0.00661663249054989,-0.0011661144849938188,-0.00016636125571726988,-0.14026655560262302,0.6718797538093769,0.03197921949378644
2026-05-05 19:00:00,56.61,55.68,56.42,2.0214438673839363,0.020511829189185038,-0.007244947088546727,-0.00017200755657926036,0.024444086541177468,0.8242892356349245,0.0323150898750716
2026-05-05 23:00:00,56.65,56.08,56.57,0.3034955283329208,0.025272268554832333,-0.012238987135148816,-0.0001713396882360986,0.31770406232838977,0.862512125590744,0.03341647102660092
2026-05-06 03:00:00,56.97,56.53,56.89,0.8262327772925394,0.02916211541474345,-0.017750339864548548,-0.00015850964230962523,0.2584864961640081,0.9485483319121137,0.034900154983939044
2026-05-06 07:00:00,57.93,56.89,57.72,2.4094744068245344,0.03921473316921187,-0.0034367443493557026,-0.00013408114399253792,0.042153847778203746,0.9999999978175111,0.038999990287943494
2026-05-06 11:00:00,57.93,56.44,56.84,2.6387826454118426,0.02970898654850118,0.00644704592311407,-0.00010188630558924878,-0.1431372953976503,0.9490285272659964,0.041049987516371775
2026-05-06 15:00:00,57.26,56.74,56.82,-0.12177763477500009,0.02445110959447816,0.00661663249054989,-7.149125941435835e-05,0.06347337605300463,0.8910988198161347,0.04216689041306614
2026-05-06 19:00:00,57.13,56.65,56.73,-0.5988377659580268,0.011643722747378904,0.020511829189185038,-4.423826710921984e-05,-0.12367437133553172,0.8719488739322018,0.043096084882743316
2026-05-06 23:00:00,56.83,56.19,56.38,0.17881088932064015,0.0010883040439200187,0.025272268554832333,-2.318324357394617e-05,-0.2111455668589437,0.7762010573329572,0.042985992798068806
2026-05-07 03:00:00,57.03,56.17,57.03,-0.6178773708907181,-0.0036339035997112745,0.02916211541474345,-1.5968645297605014e-05,0.004383570582541463,0.793880571351854,0.044352070477638804
2026-05-07 07:00:00,57.17,56.64,56.92,-0.4464463058694775,-0.009779837275636138,0.03921473316921187,-1.3102857408567166e-05,-0.11796892528692215,0.8772826442105183,0.04583173665663627
2026-05-07 11:00:00,57.4,56.27,56.54,1.9528067809762932,-0.004529684998301975,0.02970898654850118,-5.713856315695958e-06,-0.17792062696930167,0.892420945236499,0.04681461408386729
2026-05-07 15:00:00,56.78,56.05,56.59,1.3872638358881497,-0.009867434074924075,0.02445110959447816,7.960473339561386e-06,0.0022554907408101066,0.7683568771651156,0.0473869687729053
2026-05-07 19:00:00,56.79,56.1,56.38,0.09664051667361823,-0.00906710651187459,0.011643722747378904,1.3393382310055077e-05,-0.02266657032194974,0.7593359158830525,0.04788410541753546
2026-05-07 23:00:00,56.66,56.14,56.28,-0.7122368798614,-0.000574389657856833,0.0010883040439200187,2.1486876451808228e-05,-0.009270633209777945,0.7691221663182245,0.048166434140715995
2026-05-08 03:00:00,56.66,56.06,56.37,-1.0169701813894236,-0.003031375503605993,-0.0036339035997112745,3.491263184880838e-05,-0.09161919616322045,0.7564677107146921,0.04817268831094934
2026-05-08 07:00:00,56.71,56.2,56.47,0.5385448022705277,-0.007855907751734392,-0.009779837275636138,4.4382746505392444e-05,-0.304172269910965,0.7796708057192495,0.048096458983966736
2026-05-08 11:00:00,57.37,56.42,57.23,0.23384850594648893,-0.0030619944783959463,-0.004529684998301975,5.7470487515270256e-05,0.6542661388716158,0.85432845892787,0.04856423589341598
2026-05-08 15:00:00,58.99,56.94,58.51,3.1448258801204267,0.028460025664339472,-0.009867434074924075,7.730635856485113e-05,0.2464665139741733,0.9999999980493997,0.05285456614625738
2026-05-08 19:00:00,58.64,58.0,58.36,1.1222972852422042,0.03466936729204351,-0.00906710651187459,0.00011771979120150316,-0.025344720280612743,0.9999999981598263,0.057237563842015775
2026-05-08 23:00:00,59.14,58.12,58.83,1.0081139940431407,0.04055739750659759,-0.000574389657856833,0.00016348031508042505,0.2645288596890396,0.9999999982797065,0.06217058656561517
2026-05-09 03:00:00,58.9,58.47,58.53,-0.15839733675543208,0.040724925465611905,-0.003031375503605993,0.00021314623519683984,0.015481098161237883,0.9912456927893784,0.0664307157871462
2026-05-09 07:00:00,58.78,58.16,58.27,-0.6542460085961882,0.03423347740564875,-0.007855907751734392,0.0002629154862877068,0.5502936782927488,0.9472025137077945,0.0689082318303315
2026-05-09 11:00:00,58.4,57.67,57.8,-0.2233251048192496,0.021773235618753883,-0.0030619944783959463,0.0003082967839720529,-0.25931061023585467,0.8862549356791419,0.07123292925067698
2026-05-09 15:00:00,58.25,57.62,58.16,-0.002806296257189666,-0.0005504247605474522,0.028460025664339472,0.0003448522290253096,0.03484704826902685,0.8764346217006836,0.07241225447934689
2026-05-09 19:00:00,58.32,58.01,58.22,-0.7645114731784813,-0.003865022095113635,0.03466936729204351,0.000378255278154272,0.28907785935736796,0.8960595659946374,0.07428085778715846
2026-05-09 23:00:00,58.29,57.66,57.94,-1.0861593399263707,-0.013047213020919046,0.04055739750659759,0.0004102776828618638,-0.05579004314459435,0.8681915068436243,0.07581428783502495
2026-05-10 03:00:00,58.15,57.85,58.11,-1.3116736773641051,-0.011746689578653213,0.040724925465611905,0.0004371086715701531,0.047650965828660574,0.8726784760417837,0.07702411949288501
2026-05-10 07:00:00,58.74,58.1,58.43,-0.3148896822255971,0.0005383631173805359,0.03423347740564875,0.00046115785850484297,-0.12394807677401998,0.9526128625233905,0.07879988454721368
2026-05-10 11:00:00,58.85,58.19,58.67,-0.43072034484451693,0.008523840474715216,0.021773235618753883,0.0004969581387458533,-0.04010555674555316,0.9713968503015508,0.0809689505326251
2026-05-10 15:00:00,59.96,58.64,59.84,2.028773555624533,0.02401948198566295,-0.0005504247605474522,0.0005249706147476613,0.03386822077914098,0.9999999984586864,0.08450785758261722
2026-05-10 19:00:00,60.02,58.03,59.96,3.1546690386721155,0.01906699217439578,-0.003865022095113635,0.0005710303492496701,-0.053615906716363626,0.9736399081613375,0.08883265619288018
2026-05-10 23:00:00,60.61,58.88,58.99,1.5294991171599388,0.03245247424978248,-0.013047213020919046,0.0006097233342606463,0.02206436592017469,0.9999999985565133,0.09223039615827815
2026-05-11 03:00:00,59.08,58.43,58.79,-0.41034412487333977,0.013571767242840593,-0.011746689578653213,0.0006762657426077299,0.04587895019556387,0.8458548599357698,0.09379357783741511
2026-05-11 07:00:00,58.92,58.38,58.51,0.0471098465200653,0.00443428699322479,0.0005383631173805359,0.0007080324966867371,-0.00963867381044159,0.8367435889060357,0.09481164923532957
2026-05-11 11:00:00,58.76,58.06,58.46,0.6883576280619367,-0.0009980887423886031,0.008523840474715216,0.0007327772826682036,-0.11867961893542556,0.8025548664970206,0.0957024451792865
2026-05-11 15:00:00,59.33,58.31,58.87,-0.15569883990024908,-0.007436144444434745,0.02401948198566295,0.0007471225082002682,-0.1261925780529034,0.8523460256652626,0.09657511904163181
2026-05-11 19:00:00,59.11,58.57,58.61,1.1934850481668722,-0.00799576795463064,0.01906699217439578,0.0007715902477078194,0.12362376543947584,0.8133327527917795,0.09760433488788749
2026-05-11 23:00:00,58.68,58.33,58.41,-0.2914166669621545,-0.022692811867500495,0.03245247424978248,0.0007933046095375344,0.32160484004276846,0.766226525231483,0.0982620473618072
