Open Time,High,Low,Close,volume_zscore,r6,r12,trend_slope_short,taker_buy_ratio_change,distance_hl_position,bb_width
2024-05-20 19:00:00,3683.34,3141.49,3611.96,5.0,0.1284599862197615,-0.014886410995827104,0.0,0.0651391702561328,0.9999999999828474,0.1284276664541421
2024-05-20 23:00:00,3721.0,3610.95,3675.06,2.0299838968795094,0.19466133023880294,-0.015710713233123896,0.0,-0.0947565374960071,0.9999999999873522,0.15697687069774627
2024-05-21 03:00:00,3708.48,3624.28,3669.74,0.9173954582959799,0.17938137443706603,-0.0030869601742289365,0.0,-0.06357635285464913,0.9946293324365433,0.18147413187451183
2024-05-21 07:00:00,3731.35,3649.36,3717.0,0.8869266398945971,0.1888281893758621,-0.0036255472249884235,0.0,0.22535734543020314,0.9999999999875244,0.20220354976417082
2024-05-21 11:00:00,3836.0,3711.21,3776.0,2.9563995703888803,0.22379698723867336,0.0016405700614188223,0.0,0.015723284948266247,0.9999999999889071,0.22189647334653279
2024-05-21 15:00:00,3841.54,3721.87,3731.51,1.4163075692307023,0.20489296911552146,0.019522697853742832,0.0,-0.022468653654954762,0.9852693572361699,0.24243034219781173
2024-05-21 19:00:00,3821.5,3680.68,3813.8,0.44824145554472167,0.08043985206481286,0.1284599862197615,0.0,-0.08698402361506419,0.9559650589110048,0.2566619012031044
2024-05-21 23:00:00,3816.66,3774.91,3793.15,-0.03995584892453905,0.03225384622095051,0.19466133023880294,0.0,-0.024745947813066826,0.9999999999890005,0.27437570749833196
2024-05-22 03:00:00,3813.69,3720.01,3765.6,0.3603348240672822,0.025671873486942554,0.17938137443706603,0.0,-0.04933864113608999,0.968614980909769,0.2898557469286361
2024-05-22 07:00:00,3779.8,3724.8,3740.02,-0.11801148749589441,0.01727002352700424,0.1888281893758621,0.0,-0.09379290774846338,0.9516681711668881,0.30316014869232083
2024-05-22 11:00:00,3754.61,3653.15,3744.53,1.2295977064267292,-0.021394993483537683,0.22379698723867336,0.0,0.017320632412744175,0.9025244849548053,0.313175212095554
2024-05-22 15:00:00,3798.0,3700.6,3733.43,0.8230435661116234,-0.005382106919799123,0.20489296911552146,0.0,0.12192157907479961,0.9546482893115275,0.32312068091752805
2024-05-22 19:00:00,3781.0,3721.8,3744.95,0.4991542494348006,0.0009837795573433006,0.08043985206481286,0.0,-0.0636600991346975,0.9519664656661221,0.33066469633201157
2024-05-22 23:00:00,3776.4,3734.45,3769.63,-0.2120928899802589,-0.00911463471225682,0.03225384622095051,0.0,-0.008809050683364794,0.9619846338292036,0.3362256865168265
2024-05-23 03:00:00,3800.0,3757.15,3790.19,-0.1712230243997065,0.0037097132384744658,0.025671873486942554,0.0,0.16627849716825982,0.9839710428790086,0.3424058324525828
2024-05-23 07:00:00,3848.63,3780.09,3828.22,0.6817016699591943,0.019255393626281814,0.01727002352700424,0.0,0.06835655276275387,0.9999999999893318,0.3479163345359712
2024-05-23 11:00:00,3949.29,3723.0,3763.99,3.1351457422914795,0.03746873037194609,-0.021394993483537683,0.0,-0.0008368464060545255,0.9999999999895753,0.35993130911732985
2024-05-23 15:00:00,3840.0,3685.0,3776.58,1.1641678772496955,0.005548668674713708,-0.005382106919799123,0.0,-0.08252662584963455,0.926448243242669,0.36433664017050266
2024-05-23 19:00:00,3901.0,3498.0,3811.0,3.9670606942186386,0.007657681135050609,0.0009837795573433006,0.0,0.0773754376841862,0.9321330177946002,0.3668233887548308
2024-05-23 23:00:00,3829.61,3744.34,3822.0,0.09231121870190175,0.008552559889663636,-0.00911463471225682,0.0,0.05550325149128432,0.945205348227113,0.37125293048796043
2024-05-24 03:00:00,3825.79,3670.08,3672.7,0.27038936760217935,-0.00923326904630506,0.0037097132384744658,0.0,-0.06263140502168096,0.8961868777456321,0.3871293970819314
2024-05-24 07:00:00,3713.28,3626.1,3699.63,0.3665745580841062,-0.038690257298540254,0.019255393626281814,0.0,-0.02839971825423926,0.8230865026308137,0.3849024739543256
2024-05-24 11:00:00,3731.87,3671.15,3708.86,-0.04804046861012674,-0.03525513414425174,0.03746873037194609,0.0,-0.00041399308374856503,0.8588002285625325,0.3839782462096166
2024-05-24 15:00:00,3759.0,3655.26,3732.85,0.32867163663962906,-0.01762177473752402,0.005548668674713708,0.0,-0.019358201509225847,0.857167668804357,0.381320862535359
2024-05-24 19:00:00,3755.05,3720.57,3737.38,-0.29004636441063664,-0.010083468098666004,0.007657681135050609,0.0,0.1523075370056164,0.8924322162421289,0.3801998477718937
2024-05-24 23:00:00,3739.28,3709.03,3732.99,-0.6138945541625308,-0.0170810484011088,0.008552559889663636,0.0033916782748152777,0.00834706289533571,0.8777302657625504,0.37925707261089975
2024-05-25 03:00:00,3779.43,3726.0,3748.21,-0.43390361351635837,0.003061252174152873,-0.00923326904630506,0.003411872313928604,0.0239629583762202,0.9081296515065815,0.3764370404978462
2024-05-25 07:00:00,3773.42,3737.02,3767.07,-0.5501521607046217,0.02174270170318926,-0.038690257298540254,0.0034614538528425164,0.07127106436601305,0.9063212705498557,0.3730631174724693
2024-05-25 11:00:00,3775.0,3719.8,3747.95,-0.3772175845916419,0.009178281822955547,-0.03525513414425174,0.0035143509969383082,0.015428482090835915,0.894264046357377,0.3740655073252123
2024-05-25 15:00:00,3760.0,3736.68,3759.62,-0.6486040047711805,0.011709237978613452,-0.01762177473752402,0.003540338669575311,0.049606916640758225,0.9023916919798679,0.3722893989240409
2024-05-25 19:00:00,3766.02,3730.12,3737.66,-0.67573820385771,0.0023601037829965588,-0.010083468098666004,0.003576804912397352,-0.1127918856970308,0.9016307588576428,0.3731897342810226
2024-05-25 23:00:00,3760.49,3731.17,3737.6,-0.6409245376404176,0.00641700246745236,-0.0170810484011088,0.00360551787840868,-0.05910527153326184,0.9026462940767832,0.3712372564966669
2024-05-26 03:00:00,3772.93,3734.44,3759.95,-0.5170927134149742,0.0007593135865882061,0.003061252174152873,0.0036220552970898543,0.006000324315996286,0.9111010077508992,0.367227072876319
2024-05-26 07:00:00,3816.79,3759.0,3804.61,-0.0860087381991832,0.011469358994431023,0.02174270170318926,0.003608437038847994,-0.04283652660038051,0.9511825810380058,0.3610110295872854
2024-05-26 11:00:00,3865.59,3792.14,3862.4,-0.026007801149325306,0.02082585122164793,0.009178281822955547,0.003612425149423533,0.02322496706716537,0.975471287302186,0.35278831255869464
2024-05-26 15:00:00,3884.2,3825.6,3847.7,0.11833750308621398,0.028297852551140146,0.011709237978613452,0.0036076873549561865,-0.09063109767290434,0.9999999999897088,0.3504764798754406
2024-05-26 19:00:00,3879.63,3823.11,3838.06,-0.4773137479943391,0.028236751430981588,0.0023601037829965588,0.003642454593039298,-0.07013076627897252,0.9989918993352082,0.3464807139481326
2024-05-26 23:00:00,3939.59,3817.39,3914.49,-0.05210666516506377,0.03610659984528097,0.00641700246745236,0.003639487217416619,0.16087635260197763,0.9999999999900122,0.3359357538815924
2024-05-27 03:00:00,3938.05,3888.71,3894.13,-0.0632823770393333,0.0431192456499907,0.0007593135865882061,0.0036299985120171402,-0.0009674741397974751,0.9999999999903474,0.3329270598907815
2024-05-27 07:00:00,3954.35,3884.17,3906.4,-0.15654600103914376,0.032501211158028065,0.011469358994431023,0.0036504418263014556,-0.028359706932458706,0.9998167403108714,0.3287822208866499
2024-05-27 11:00:00,3953.4,3885.3,3943.85,-0.11520569859081986,0.02712914173105907,0.02082585122164793,0.003679646069642756,-0.0014530205476911418,0.9999999999903785,0.3240858685734664
2024-05-27 15:00:00,3977.0,3924.35,3926.65,-0.08565961889951788,0.025105270186267292,0.028297852551140146,0.003681298050557371,0.007204494771836378,0.9999999999906409,0.3227995345406748
2024-05-27 19:00:00,3929.85,3854.16,3887.86,-0.12963815119886143,0.009104326805104757,0.028236751430981588,0.003768795520625273,-0.049949109157819804,0.9413532518598207,0.32201989319424984
2024-05-27 23:00:00,3910.0,3834.74,3862.61,-0.1763290143662126,-0.004331274186654466,0.03610659984528097,0.0037979083256975284,-0.17053403506758524,0.9213221275828248,0.3192821332483505
2024-05-28 03:00:00,3866.05,3821.63,3858.0,-0.20131773611580567,-0.018812616993947096,0.0431192456499907,0.003818068378528604,-0.02966286922302863,0.9005910651470077,0.31410953144618703
2024-05-28 07:00:00,3931.09,3839.0,3899.33,0.013800675912196091,-0.009571784262289218,0.032501211158028065,0.0037647555802399245,-0.0031117867424010903,0.9343061915325108,0.3063664264484914
2024-05-28 11:00:00,3913.88,3841.05,3856.99,0.19582085212033742,-0.010083714277177913,0.02712914173105907,0.0037470126521958495,-0.0628106365323845,0.93571204099731,0.30301641181910766
2024-05-28 15:00:00,3871.23,3773.9,3800.0,0.3420717262707916,-0.03172417758866097,0.025105270186267292,0.003778002286557772,0.01695679561453045,0.8826855250918773,0.2996065591282218
2024-05-28 19:00:00,3864.85,3795.19,3863.0,-0.16467666110780918,-0.012619534138401334,0.009104326805104757,0.0037207617619948122,0.24359630115197262,0.8954269193947666,0.28706109096414106
2024-05-28 23:00:00,3871.76,3835.15,3847.41,-0.5018623610304002,-0.004833620554681284,-0.004331274186654466,0.0036671724762053384,0.0565376851174606,0.9038279314523595,0.280080052553394
2024-05-29 03:00:00,3888.55,3844.0,3858.24,-0.1628231990670849,0.005969729362391707,-0.018812616993947096,0.0035985633303430202,-0.00022326658929860965,0.9220733912630026,0.26959684057637284
2024-05-29 07:00:00,3859.92,3781.0,3824.92,0.06024891780263748,-0.017858506856542,-0.009571784262289218,0.0036045659437139964,-0.05307689089333967,0.8694394899421561,0.2605727255586003
2024-05-29 11:00:00,3838.83,3763.38,3778.21,0.04031550111118482,-0.020844655872933493,-0.010083714277177913,0.0035515060027823684,0.05212563029530903,0.8599695717740978,0.24958921602659045
2024-05-29 15:00:00,3799.56,3744.41,3758.28,-0.08321371509298825,-0.016645100372821964,-0.03172417758866097,0.0035255429944640003,0.07658715726897136,0.8230854598927341,0.23464198765554464
2024-05-29 19:00:00,3792.99,3742.59,3779.34,-0.3932768387439768,-0.019313782268367885,-0.012619534138401334,0.0034551987252009943,0.031744601116677984,0.8260251880731958,0.21561303637368484
2024-05-29 23:00:00,3791.78,3750.75,3779.81,-0.4919575325398385,-0.019224018844778534,-0.004833620554681284,0.003383030441459431,0.08120827508855633,0.8345872528794336,0.19647222062269354
2024-05-30 03:00:00,3801.65,3734.0,3740.34,-0.4283613231058035,-0.02549199509241451,0.005969729362391707,0.003324551532658561,-0.025182011768400514,0.8297917306444228,0.1748441255671536
2024-05-30 07:00:00,3755.55,3702.58,3741.53,-0.03831373676463238,-0.022046544801465062,-0.017858506856542,0.003288954027499261,0.009259410426098569,0.7907908413231499,0.14905888958071573
2024-05-30 11:00:00,3798.97,3733.39,3767.2,-0.17858220726117488,-0.00944594523018416,-0.020844655872933493,0.0031697305426844203,-0.04923322865935975,0.8263616427679462,0.11432181912211788
2024-05-30 15:00:00,3825.35,3756.12,3815.6,-0.2534151306801968,0.009367824533578428,-0.016645100372821964,0.003055794418665429,-0.019518621838735983,0.8560699177262915,0.0726783158302009
2024-05-30 19:00:00,3816.5,3719.3,3747.44,-0.3326742108198807,-0.0022431607826502997,-0.019313782268367885,0.0029961369908869905,-0.16444997899450342,0.818120341428221,0.07002603188365222
2024-05-30 23:00:00,3770.0,3740.45,3752.95,-0.6376171525266253,-0.0057698793828913075,-0.019224018844778534,0.002891387499178284,-0.11374360734567246,0.8142049294871405,0.06825472419030794
2024-05-31 03:00:00,3766.72,3735.02,3739.09,-0.6301750828409438,-0.004694353027195786,-0.02549199509241451,0.0027798325491143285,-0.1197227300739021,0.8132312578203792,0.06676384516287198
2024-05-31 07:00:00,3785.8,3724.41,3784.68,-0.3429652828994186,0.006080431490801175,-0.022046544801465062,0.002665179297293967,0.1647438604568887,0.812003901038388,0.06513074210450258
2024-05-31 11:00:00,3849.94,3757.99,3773.39,0.3323610263410602,0.010835833496259717,-0.00944594523018416,0.0025240999158368293,0.04320805318202936,0.8645505148107578,0.06534013595788972
2024-05-31 15:00:00,3788.62,3723.75,3785.89,-0.10876341979493793,-0.010643563454389326,0.009367824533578428,0.0024721555534976095,-0.02589031292602162,0.8182424636384482,0.06456089784472793
2024-05-31 19:00:00,3800.94,3767.36,3770.38,-0.46718405609755187,0.007655910776219521,-0.0022431607826502997,0.0023610230566383584,-0.008661496979240013,0.8450390748870562,0.06485476301872087
2024-05-31 23:00:00,3779.36,3742.0,3777.79,-0.550066611340679,0.0028155334998831716,-0.0057698793828913075,0.002282962930099429,0.05904944237657128,0.8240935239970877,0.06476516761454128
2024-06-01 03:00:00,3794.11,3771.19,3788.84,-0.6633021340867966,0.0084416921490853,-0.004694353027195786,0.00217296102878447,0.23138159091236887,0.8428715830180202,0.06446291866992153
2024-06-01 07:00:00,3809.55,3770.31,3785.99,-0.5217157785807572,0.010445546858758759,0.006080431490801175,0.002074828271084861,-0.0846394576512981,0.8486673062321493,0.06408601687077033
2024-06-01 11:00:00,3814.67,3782.07,3809.66,-0.6196398448911129,-0.0018047836955714658,0.010835833496259717,0.001975636535126709,0.07443577452874472,0.8581209689859837,0.06333743364063898
2024-06-01 15:00:00,3812.69,3790.21,3802.0,-0.6143145887048954,0.011920215368787401,-0.010643563454389326,0.0018795322484266455,0.03335680298563637,0.8601562547665785,0.06287894303368473
2024-06-01 19:00:00,3833.3,3797.15,3821.86,-0.6059177813058332,0.007578376071177395,0.007655910776219521,0.0017736306035247686,0.2239262723515587,0.871889191026542,0.06222481404761148
2024-06-01 23:00:00,3838.59,3797.7,3806.5,-0.4248104893027595,0.014835001387301316,0.0028155334998831716,0.001672167539617632,-0.03158076347151495,0.8763430690582612,0.06235879963995092
2024-06-02 03:00:00,3824.5,3802.71,3814.98,-0.306684202277758,0.007190356527117414,0.0084416921490853,0.0015752180379692822,0.010451954735210434,0.8683313644720272,0.06224552669342546
2024-06-02 07:00:00,3815.0,3770.99,3782.19,-0.3698244775014322,-0.00026480330695566323,0.010445546858758759,0.0014767368251852261,-0.04512556845185489,0.847728149803692,0.06269878798325429
2024-06-02 11:00:00,3810.0,3776.86,3806.0,-0.45696849251255917,-0.0006642463727584147,-0.0018047836955714658,0.0013551171827439958,-0.062006314434505105,0.8557588606467154,0.06213001761769034
2024-06-02 15:00:00,3807.93,3752.62,3770.85,-0.4297895145834245,-0.006397598430962215,0.011920215368787401,0.0012362360059554336,-0.040058311811268066,0.837392909209747,0.06275366851648359
2024-06-02 19:00:00,3796.44,3759.97,3782.3,-0.5148590613117957,-0.00981773620280224,0.007578376071177395,0.0010983574196351883,-0.1080325470077359,0.8368414353509195,0.06258392037770794
2024-06-02 23:00:00,3821.32,3761.05,3808.41,-0.42575790499068655,-0.006861220276617841,0.014835001387301316,0.0009526549287359832,0.024143224409489683,0.8518190456485609,0.062087028523479686
2024-06-03 03:00:00,3842.01,3792.04,3826.3,-0.36850749841042846,0.0013518422937017771,0.007190356527117414,0.000807336893147184,0.0034402731133105213,0.873152416684013,0.059436288956829
2024-06-03 07:00:00,3840.16,3807.69,3809.41,-0.2834337987673826,0.008991722161642235,-0.00026480330695566323,0.0006758701292638318,-0.023854008900748402,0.8796099174490623,0.058045813250260966
2024-06-03 11:00:00,3849.99,3758.43,3769.42,0.173771546088287,0.0036104081624674933,-0.0006642463727584147,0.0005426215459503815,0.010669089624047112,0.8685892060859737,0.057381394688226034
2024-06-03 15:00:00,3798.63,3759.0,3778.76,-0.3228346870929531,0.00028156839082171814,-0.006397598430962215,0.00040269249828834674,-0.031058521346029933,0.8383883504886402,0.056496144283023735
2024-06-03 19:00:00,3784.88,3759.67,3778.51,-0.5940819532188465,-0.0012918384509790215,-0.00981773620280224,0.00025608380161677686,0.04015468463478444,0.8322750537253724,0.055845206318278065
2024-06-03 23:00:00,3783.08,3730.0,3771.49,-0.41782536919339514,-0.008305083181092243,-0.006861220276617841,0.000181018973461526,-0.024204923322680982,0.8223379047368777,0.05524360007058301
2024-06-04 03:00:00,3785.19,3752.1,3763.35,-0.5590850213027441,-0.01200872332748748,0.0013518422937017771,0.0001483866565671169,-0.07366807466874736,0.8302680159583302,0.05509882318154922
2024-06-04 07:00:00,3782.99,3741.6,3765.89,-0.48705346111155934,-0.015923378110765163,0.008991722161642235,0.00011686051059108127,0.07361390549275959,0.8226430518758622,0.05507795308276766
2024-06-04 11:00:00,3795.98,3753.57,3778.0,-0.19645893906394943,-0.009241703919854238,0.0036104081624674933,8.580230581281023e-05,0.032105760063670497,0.8356282914642591,0.054447054222343305
2024-06-04 15:00:00,3831.65,3771.47,3811.77,0.06996192748944288,0.008543560593557986,0.00028156839082171814,7.987462867582365e-05,0.1619845056853806,0.868601285573058,0.05357595022684878
2024-06-04 19:00:00,3822.0,3776.2,3814.39,-0.46670613014846574,0.008857951026751909,-0.0012918384509790215,7.966907994791237e-05,-0.08763716646302688,0.8635456289915221,0.05267148220385847
2024-06-04 23:00:00,3839.92,3800.0,3803.56,-0.4160735533719521,0.015077093842844835,-0.008305083181092243,7.173176931723705e-05,0.06158752513463095,0.8754136407267274,0.05190403509124114
2024-06-05 03:00:00,3814.67,3777.33,3814.66,-0.16818581289188442,0.00725348429330519,-0.01200872332748748,7.76251095053581e-05,-0.019881370735938986,0.8558599018978762,0.05129522815133451
2024-06-05 07:00:00,3820.81,3788.9,3795.37,-0.3874461015212953,0.01128241844795519,-0.015923378110765163,7.17621596264148e-05,0.012393845395703762,0.8623638745023694,0.05159245573731546
2024-06-05 11:00:00,3824.44,3782.0,3794.91,-0.2577370359676097,0.007765204532507175,-0.009241703919854238,6.389782653139606e-05,-0.03965286970561277,0.8630672624515288,0.051141592897108644
2024-06-05 15:00:00,3870.5,3792.34,3846.0,0.15661403908940696,0.007203576099384712,0.008543560593557986,4.541090419323965e-05,-0.0010411570405157722,0.8942932210660658,0.050439220161545485
2024-06-05 19:00:00,3887.47,3833.88,3850.76,-0.38899354969405064,0.01460861240095257,0.008857951026751909,4.4608595989831946e-05,0.07812511039775383,0.9155741623258583,0.050536680343036794
2024-06-05 23:00:00,3878.6,3848.4,3868.53,-0.47109164615548493,0.012103375431821162,0.015077093842844835,4.7978651683254615e-05,0.07244579019409403,0.9186634224107612,0.0489265368061373
2024-06-06 03:00:00,3873.03,3838.53,3846.24,-0.4033724571671461,0.014859216785528151,0.00725348429330519,5.369029052506053e-05,-0.014251993144952624,0.9086667581812602,0.04809949547641148
2024-06-06 07:00:00,3856.01,3841.45,3850.51,-0.5454572192945024,0.011798275011543735,0.01128241844795519,6.091398729594144e-05,-0.07346646792173828,0.9043694562032597,0.046517873775893115
2024-06-06 11:00:00,3866.48,3820.0,3844.39,-0.2097291436536723,0.010328689310429962,0.007765204532507175,7.633485687343668e-05,-0.04844447652300621,0.899847920439887,0.043022110001306214
2024-06-06 15:00:00,3855.6,3817.27,3833.07,-0.10270785087149661,-0.00022283181207649605,0.007203576099384712,9.554422797611186e-05,-0.053820683342633235,0.8934927546317412,0.04003474901313648
2024-06-06 19:00:00,3833.08,3760.0,3811.93,-0.10143412176490621,-0.017138398506232333,0.01460861240095257,9.83883776421665e-05,-0.13393973471845222,0.8536441169199549,0.038587364460761095
2024-06-06 23:00:00,3815.45,3792.34,3800.7,-0.62200392762242,-0.014824603210670362,0.012103375431821162,9.13235090746159e-05,-0.19174797416291778,0.8650485389777661,0.03780966816262023
2024-06-07 03:00:00,3825.75,3793.21,3817.01,-0.6347218814843216,-0.010487499702621084,0.014859216785528151,8.985653819383986e-05,0.05130328641846105,0.8708423486847088,0.03691014251123591
2024-06-07 07:00:00,3824.41,3801.11,3810.8,-0.6243730308279375,-0.009471335523415392,0.011798275011543735,7.920959144659093e-05,-0.08607606129188572,0.8702506643313321,0.034437632607779524
2024-06-07 11:00:00,3841.39,3771.39,3822.3,0.2818558260293764,-0.008828852136617327,0.010328689310429962,5.223560174189253e-05,0.04606909266581671,0.8680834800041063,0.03356963961737996
2024-06-07 15:00:00,3822.49,3600.0,3679.71,1.7099697510541887,-0.03773253940515442,-0.00022283181207649605,3.2704949104121715e-05,-0.19382936967497244,0.7579784370647643,0.038682703099141125
2024-06-07 19:00:00,3704.71,3657.42,3695.06,-0.047840468012989454,-0.029406342381233297,-0.017138398506232333,-1.623769252514987e-05,0.03632718231233811,0.7492046757609246,0.03993499646287302
2024-06-07 23:00:00,3695.28,3673.82,3687.96,-0.5549294314690533,-0.03190390663531828,-0.014824603210670362,-5.939294717856691e-05,-0.05520170190772944,0.7513749135665916,0.041969032123555745
2024-06-08 03:00:00,3690.45,3677.22,3684.99,-0.7262568337030662,-0.033595601286397714,-0.010487499702621084,-0.00010503053119232628,-0.0980071731126042,0.7509465683890592,0.04350260243911172
2024-06-08 07:00:00,3709.5,3680.0,3694.67,-0.34644573551573976,-0.031546342211523526,-0.009471335523415392,-0.00014345943473383687,0.166020873000017,0.7576869330035321,0.04501731365948212
2024-06-08 11:00:00,3697.0,3660.08,3696.01,-0.4610810302213898,-0.0334790294392987,-0.008828852136617327,-0.00018095204062300343,-0.06055086403580745,0.7486960848627242,0.04673488857377348
2024-06-08 15:00:00,3697.47,3672.18,3689.02,-0.5723268808707935,-0.0013079288752523288,-0.03773253940515442,-0.00022232913388272663,-0.06774789308835882,0.7534583263113827,0.04858635623093141
2024-06-08 19:00:00,3693.52,3670.37,3676.69,-0.7241634807194268,-0.0009391906991177423,-0.029406342381233297,-0.00026122613556183165,-0.14002179683692717,0.7459671386001756,0.051025271954195234
2024-06-08 23:00:00,3684.66,3666.36,3668.26,-0.6788951610718963,-0.0024670090605619643,-0.03190390663531828,-0.0003015763403065607,0.12466926771495657,0.7428653936783114,0.05360351598717913
2024-06-09 03:00:00,3689.21,3668.26,3686.68,-0.698830015505656,-0.002169422536044574,-0.033595601286397714,-0.00034178727201453896,0.15263213876274362,0.7434644508668143,0.05465391975117393
2024-06-09 07:00:00,3692.68,3683.02,3687.44,-0.7485370430463378,-0.000907294006282755,-0.031546342211523526,-0.00037838987884683865,-0.06564890452175343,0.7545516528281445,0.05590362424104193
2024-06-09 11:00:00,3712.5,3680.99,3692.24,-0.5238267321164864,0.003320946921038903,-0.0334790294392987,-0.0004033315256767285,-0.04422406071591012,0.7601422190499281,0.05710630624450756
2024-06-09 15:00:00,3709.18,3683.43,3704.88,-0.6647837085709932,0.0023754277181529115,-0.0013079288752523288,-0.00042133293708853796,0.13099608164788146,0.7616569012388305,0.05753191473118452
2024-06-09 19:00:00,3721.52,3693.72,3707.74,-0.7005748096053341,0.0073514509966727815,-0.0009391906991177423,-0.00042889921799020927,0.1698062325372951,0.7712849388204013,0.058132720290156904
2024-06-09 23:00:00,3709.06,3685.54,3691.31,-0.6923437696135277,0.00513631359268607,-0.0024670090605619643,-0.00043601815756387957,-0.12438177781234194,0.7605385090362072,0.05947892852316976
2024-06-10 03:00:00,3692.81,3670.02,3671.89,-0.6578241882889424,0.0017854064197659891,-0.002169422536044574,-0.0004378923250049276,-0.20822469904766516,0.7496087772686489,0.06130714541197577
2024-06-10 07:00:00,3681.01,3642.74,3677.9,-0.3673011234384669,-0.00608336641310292,-0.000907294006282755,-0.0004339149365565019,-0.034906958442952885,0.7335488101868882,0.06260942285540476
2024-06-10 11:00:00,3682.4,3662.96,3680.7,-0.5821245791923934,-0.0056256370689226065,0.003320946921038903,-0.00042967357339910765,0.079039385059815,0.740688237985262,0.063828418010218
2024-06-10 15:00:00,3713.67,3677.22,3688.25,-0.369142677344618,-0.00028644791593024355,0.0023754277181529115,-0.0004199297115192415,0.25406533133512155,0.7606659035790311,0.0646540866429284
2024-06-10 19:00:00,3689.0,3650.64,3674.63,-0.485206415174487,-0.010434374629564758,0.0073514509966727815,-0.0004026469075501464,-0.04470034678604973,0.7350856245608406,0.06619878460300983
2024-06-10 23:00:00,3677.07,3567.0,3602.6,0.3077223614109174,-0.020476523470558172,0.00513631359268607,-0.0004071667958594362,0.14538483179569606,0.6897206540960742,0.07144892987602242
2024-06-11 03:00:00,3612.87,3505.0,3540.79,0.38326326202136207,-0.03291998377880756,0.0017854064197659891,-0.0004281789141548872,0.1069525311214472,0.6361151438848126,0.07949259612450237
2024-06-11 07:00:00,3549.36,3503.4,3529.4,0.2136685811169256,-0.03758617589370816,-0.00608336641310292,-0.00046449459344822955,0.06130216099339658,0.6045718302633601,0.08642541801587668
2024-06-11 11:00:00,3546.47,3508.91,3513.5,-0.11076186834503578,-0.03971893521106595,-0.0056256370689226065,-0.0004944089382808987,-0.04058532841573248,0.604109123009884,0.09337428083495755
2024-06-11 15:00:00,3530.0,3432.0,3489.79,0.9593114711193789,-0.06031920560385151,-0.00028644791593024355,-0.0005303496757913106,-0.18706547379036087,0.552044840183213,0.10123189434390953
2024-06-11 19:00:00,3509.0,3477.99,3500.6,-0.4408505547211346,-0.04783157595435816,-0.010434374629564758,-0.0005804436670982275,0.16325197045628448,0.5708780413479618,0.106460267872466
2024-06-11 23:00:00,3509.65,3462.07,3498.61,-0.4052272402053164,-0.035364337807515356,-0.020476523470558172,-0.0006235322286454484,-0.14001292749133354,0.5615449058352278,0.11178562612492612
2024-06-12 03:00:00,3532.39,3495.27,3516.0,-0.4468195904804336,-0.013442535596162153,-0.03291998377880756,-0.0006581678811018594,0.022266463919564883,0.5795601245445171,0.11507293630272165
2024-06-12 07:00:00,3563.56,3514.44,3544.15,-0.3628984512996653,0.0017863512315150487,-0.03758617589370816,-0.0006805976216463197,0.008629191413011661,0.5885045429658498,0.11700892322706673
2024-06-12 11:00:00,3659.01,3529.4,3635.27,1.3027819856979268,0.02480366655594657,-0.03971893521106595,-0.0006977074603691739,0.030441028817207227,0.6683055811320847,0.11417508383327168
2024-06-12 15:00:00,3646.7,3553.33,3567.15,0.49289631705328124,0.03645027817512836,-0.06031920560385151,-0.000715387791287115,0.07013485366603533,0.6519270280877509,0.11827015997666537
2024-06-12 19:00:00,3594.97,3513.32,3571.5,-0.10360499492009434,0.016338276101705018,-0.04783157595435816,-0.0007524271966027655,-0.025107874800817553,0.6030973322574685,0.1196485668581911
2024-06-12 23:00:00,3571.5,3504.35,3512.36,-0.3988251054140402,0.01329505637405104,-0.035364337807515356,-0.0007921173880055421,0.14969527409268002,0.5915607714246076,0.1244490647478677
2024-06-13 03:00:00,3517.32,3476.21,3492.76,-0.04709687751561231,-0.004518689845058432,-0.013442535596162153,-0.0008379845484861386,0.10494167395429144,0.5525474989429208,0.12797623804440444
2024-06-13 07:00:00,3511.86,3472.6,3502.98,-0.37145513552003545,-0.011381357134190417,0.0017863512315150487,-0.0008852657037114899,0.014004168422022234,0.5487267524692194,0.13003628784680418
2024-06-13 11:00:00,3539.83,3475.05,3507.8,0.2096953964535433,-0.030710222848657875,0.02480366655594657,-0.0009385816100778771,0.036764475700954424,0.5585227867762723,0.13245751118263935
2024-06-13 15:00:00,3509.48,3428.0,3475.48,0.28209796896206124,-0.038602130379400634,0.03645027817512836,-0.0009939558169172631,-0.039091842405411636,0.5145645180717344,0.13700568143399558
2024-06-13 19:00:00,3491.55,3461.99,3481.79,-0.6147919135943849,-0.020267929705825805,0.016338276101705018,-0.0010333893542905156,-0.024875045494078263,0.529714910018675,0.13953893769399853
2024-06-13 23:00:00,3509.64,3457.37,3505.61,-0.4476517853138461,-0.016531657250731246,0.01329505637405104,-0.0010811151608559415,0.13802390508796614,0.5287012756196714,0.14047474209110578
2024-06-14 03:00:00,3532.61,3489.13,3518.21,-0.3378707093775997,0.0030204111163543157,-0.004518689845058432,-0.001118833917937985,0.013741490537461987,0.5230681688819606,0.1414342044599241
2024-06-14 07:00:00,3530.25,3508.21,3512.59,-0.4141748546409875,0.007168347402695119,-0.011381357134190417,-0.0011537711863863892,0.001874687659606744,0.5132585472698169,0.1430567236643352
2024-06-14 11:00:00,3525.56,3466.38,3488.99,-0.2746140917141251,-0.0012400964713189522,-0.030710222848657875,-0.001195091974429037,-0.07599054528585059,0.48848609171852275,0.14566583905949637
2024-06-14 15:00:00,3497.55,3362.26,3387.6,0.696584065124661,-0.013672839667063674,-0.038602130379400634,-0.0012507702340274767,-0.03666684732991754,0.3893021124998608,0.15429395499692322
2024-06-14 19:00:00,3528.93,3374.28,3485.02,0.23315312376629338,-0.004933573796805146,-0.020267929705825805,-0.0012899719843803032,0.05466561292707817,0.4434770677616824,0.15039681188916829
2024-06-14 23:00:00,3503.03,3471.6,3485.0,-0.5435834311886599,0.0023303724779419888,-0.016531657250731246,-0.0013154203546118218,-0.046336862866066975,0.47416946643775076,0.15080011897694234
2024-06-15 03:00:00,3557.81,3485.0,3539.58,0.08773616021083634,0.004164405447934838,0.0030204111163543157,-0.0013341812382196877,-0.004976903615148243,0.5151278121178666,0.1472964678546353
2024-06-15 07:00:00,3549.62,3519.49,3538.45,-0.3813900637511815,0.0040546372560119615,0.007168347402695119,-0.0013473962460470602,-0.02601810621603662,0.5267878256019721,0.14645369338797273
2024-06-15 11:00:00,3570.79,3533.33,3558.03,-0.19882452830315195,0.015097857176581853,-0.0012400964713189522,-0.0013517523421876796,0.05699809071989592,0.548440884883349,0.14434714223596623
2024-06-15 15:00:00,3594.39,3552.0,3561.81,-0.09883482348821958,0.045866607486772404,-0.013672839667063674,-0.001348756165703336,0.05841238243189628,0.5668928307695661,0.14125959415984726
2024-06-15 19:00:00,3570.63,3536.76,3570.63,-0.5734617826231271,0.027822402514385836,-0.004933573796805146,-0.0013508994466054887,-0.06498286889157179,0.5527097845997467,0.13746735424661563
2024-06-15 23:00:00,3575.36,3554.16,3561.81,-0.7189868611134993,0.022267405814219154,0.0023303724779419888,-0.001343714372882718,-0.06665043409965976,0.5622763140840361,0.13346700307335413
2024-06-16 03:00:00,3574.54,3541.05,3570.33,-0.6772666986324218,0.009600664105503087,0.004164405447934838,-0.0013380267228544937,-0.040337364535798614,0.5535085920376656,0.129221314106155
2024-06-16 07:00:00,3573.75,3546.92,3569.14,-0.5980155431146952,0.006971027531727403,0.0040546372560119615,-0.0013314669265788643,0.05613933735733756,0.5547373335090828,0.1248348271349847
2024-06-16 11:00:00,3611.98,3553.17,3579.49,-0.33089515576404094,0.008565232780836984,0.015097857176581853,-0.001319715437185776,0.12444089220674903,0.5829676331074469,0.11985589069609788
2024-06-16 15:00:00,3608.44,3578.16,3597.39,-0.5725302567342987,0.006802893002887611,0.045866607486772404,-0.0013043343161867164,0.12497535140773919,0.5937717147958057,0.11469631151595427
2024-06-16 19:00:00,3653.79,3587.86,3628.61,-0.4054657331200921,0.018333462790473654,0.027822402514385836,-0.0012836448984112792,-0.0019105053155052953,0.6245256370132537,0.10976904317982673
2024-06-16 23:00:00,3638.37,3580.0,3595.38,-0.2788983329201509,0.012634113315495243,0.022267405814219154,-0.0012698231294125818,-0.08558277470323805,0.6032815514056277,0.10692055770924339
2024-06-17 03:00:00,3597.38,3547.11,3551.77,-0.2130791527320725,0.0051177742438131,0.009600664105503087,-0.001261960452284084,-0.08642354812879038,0.5630420858407431,0.10349944117922082
2024-06-17 07:00:00,3571.09,3490.95,3519.19,0.21606352724482705,-0.00895724711560597,0.006971027531727403,-0.0012607026686732822,-0.013925629741827317,0.5059996337415344,0.0998866542235665
2024-06-17 11:00:00,3547.07,3485.44,3525.5,-0.09795393796824187,-0.017260465418130977,0.008565232780836984,-0.0012523355485961425,-0.03640426839063515,0.4772527686214622,0.09389113906529804
2024-06-17 15:00:00,3577.77,3463.39,3560.98,0.4050775839055433,-0.01983280044845026,0.006802893002887611,-0.0012442921213610164,-0.05705112871847151,0.20350476030567238,0.09194338121198037
2024-06-17 19:00:00,3562.77,3500.8,3524.01,-0.41219707233684266,-0.024942505120067127,0.018333462790473654,-0.0012392609676127307,-0.03513300214752835,0.22088320723391305,0.09175657956336043
2024-06-17 23:00:00,3525.92,3355.0,3429.55,1.7385141802220405,-0.04971765868020628,0.012634113315495243,-0.001271751998047699,0.0272044762551249,0.033462287220863196,0.09546071671502994
2024-06-18 03:00:00,3462.54,3420.92,3437.66,-0.21835781439302956,-0.03708988591131945,0.0051177742438131,-0.0012891336674975688,0.047295567329297405,0.05632514635856808,0.09594537346088852
2024-06-18 07:00:00,3456.7,3413.01,3426.0,-0.3622006792111031,-0.025310501028471988,-0.00895724711560597,-0.001306135266020595,-0.022718387123012773,0.04584966961146427,0.09682775949178364
2024-06-18 11:00:00,3440.73,3370.92,3401.19,0.9753980427895288,-0.033251550328612045,-0.017260465418130977,-0.0013353085622420738,-0.102217637949222,0.0,0.09863925031698083
2024-06-18 15:00:00,3436.0,3391.8,3401.9,0.044139788747012694,-0.030690463935661993,-0.01983280044845026,-0.0013506963203328585,-0.010321734631734136,0.017734188022161958,0.09956753445175998
2024-06-18 19:00:00,3490.0,3386.92,3480.29,0.21810359037690252,-0.023751284901255776,-0.024942505120067127,-0.0013432007872189791,0.10914823189143275,0.07916561046716801,0.09627627229061114
2024-06-18 23:00:00,3547.68,3465.65,3539.69,0.5120324800514644,0.02406862396746412,-0.04971765868020628,-0.001314691999103584,0.1766029663221107,0.19914113934071914,0.09314104169098648
2024-06-19 03:00:00,3585.0,3529.01,3561.5,-0.036650345516725746,0.033643466029446234,-0.03708988591131945,-0.0012738791952385683,0.03905391990515361,0.28252114224802855,0.09042053816219016
2024-06-19 07:00:00,3566.0,3522.36,3560.0,0.31174949588394013,0.029706443743575894,-0.025310501028471988,-0.00124925556186307,0.014811457885372858,0.24709456315311334,0.0881612543420842
2024-06-19 11:00:00,3564.0,3512.2,3520.41,-0.22380344721215473,0.03774752495302103,-0.033251550328612045,-0.0012214631024403794,-0.009913334373619631,0.23514085973317583,0.08657048938235126
2024-06-19 15:00:00,3590.01,3515.94,3554.27,-0.023071769399431348,0.04120792828838815,-0.030690463935661993,-0.0011838865330622032,0.03829655963380185,0.2751617459682271,0.08242842648264603
2024-06-19 19:00:00,3576.69,3532.14,3557.01,-0.460114968301255,0.03080348285014045,-0.023751284901255776,-0.0011393236566505029,-0.04385242921628818,0.2734884879933067,0.0786904572385397
2024-06-19 23:00:00,3594.47,3533.49,3552.0,-0.2456094696786118,0.0130463751792822,0.02406862396746412,-0.0010859630702313228,-0.022304936161722244,0.28300906426591954,0.07557044254194231
2024-06-20 03:00:00,3592.33,3544.49,3580.26,-0.20881232402744018,0.00425503586046716,0.033643466029446234,-0.001026206383180341,-0.008990087024642657,0.31022919755664924,0.07261946392914713
2024-06-20 07:00:00,3616.06,3572.24,3604.95,0.13791598117202455,0.01553448235307342,0.029706443743575894,-0.000962799116351136,-0.015703126174571702,0.34770208355991616,0.06984126461705228
2024-06-20 11:00:00,3625.96,3491.46,3521.24,1.4095871728410543,0.007042480663782991,0.03774752495302103,-0.0009092435568531073,-0.024330829536534204,0.28066659727812004,0.06811257108507246
2024-06-20 15:00:00,3542.4,3486.0,3527.21,0.15023259694666094,-0.010626559298655747,0.04120792828838815,-0.0008640528209309063,-0.03804892784566394,0.2060416404995265,0.06388422552696599
2024-06-20 19:00:00,3538.91,3514.13,3519.53,-0.9101248358793292,-0.008473383369356546,0.03080348285014045,-0.0008165106511873862,0.021350298718066707,0.21838782269874743,0.06023908802122364
2024-06-20 23:00:00,3536.21,3491.66,3508.65,-0.6097325020080413,-0.012929387426527605,0.0130463751792822,-0.0007799404475210221,0.00018595241745722468,0.1988088279570347,0.05939404391656308
2024-06-21 03:00:00,3521.74,3493.0,3512.08,-0.7242303871400346,-0.018145080668937608,0.00425503586046716,-0.0007397303037994903,0.02721741811839773,0.19156881536836537,0.05931793400861899
2024-06-21 07:00:00,3532.83,3446.82,3496.44,2.0591298295174534,-0.028017671156588486,0.01553448235307342,-0.000699440769116532,0.0133728897290466,0.1634296516510598,0.05972176511695733
2024-06-21 11:00:00,3519.99,3455.1,3514.22,0.960145233939887,-0.018553429061958226,0.007042480663782991,-0.0006583539791753412,0.1428337918528111,0.15988429426696715,0.05941692114561484
2024-06-21 15:00:00,3526.4,3469.96,3524.01,1.2055335419804625,-0.007171187789471789,-0.010626559298655747,-0.0006160678162971532,0.013454391025700785,0.15989255862738327,0.05903273956929048
2024-06-21 19:00:00,3547.55,3500.0,3523.57,-0.51078031020721,-0.0003423449297781378,-0.008473383369356546,-0.0005956811188155835,0.03765848658986948,0.2161804876269213,0.058932653384887485
2024-06-21 23:00:00,3527.38,3493.24,3505.37,-1.0917251392176939,-0.0018433929374556124,-0.012929387426527605,-0.0005770894557332942,-0.24995760281136592,0.18695928765121922,0.0591807395426307
2024-06-22 03:00:00,3512.27,3499.06,3503.5,-1.0799861295306712,-0.0010101195180434175,-0.018145080668937608,-0.0005582798715688712,0.024941945778017782,0.1850829650351291,0.05928303154893226
2024-06-22 07:00:00,3504.0,3475.09,3497.16,-0.682626592667569,-0.0010044810128420067,-0.028017671156588486,-0.0005409952322921222,-0.04411620115920556,0.15700827070596263,0.05945656990408882
2024-06-22 11:00:00,3511.84,3486.78,3503.2,-0.7066836711250136,0.002005633186772604,-0.018553429061958226,-0.0005208550998775201,0.16011125531069315,0.1726986650856576,0.05703188780087385
2024-06-22 15:00:00,3508.37,3491.55,3493.0,-1.291037892394335,0.0025930980256732017,-0.007171187789471789,-0.0005008817332295928,-0.14818600936446635,0.17646037515069055,0.05694248272429142
2024-06-22 19:00:00,3507.86,3485.56,3502.5,-1.2612459783720655,-0.00764605166477994,-0.0003423449297781378,-0.0004791230669389042,-0.11355786183812822,0.1668979697874863,0.056330085376661766
2024-06-22 23:00:00,3513.49,3493.29,3513.49,-1.2649865117998818,-0.00033413440807994466,-0.0018433929374556124,-0.00045747946621963983,0.44707934044813324,0.18481539285917492,0.05615100187117134
2024-06-23 03:00:00,3521.45,3506.77,3507.32,-1.2913387951939972,0.0024852183285573037,-0.0010101195180434175,-0.00043348273583098627,-0.03426198267315261,0.20102412048125065,0.05613814406235797
2024-06-23 07:00:00,3514.38,3491.62,3493.76,-1.1315771065840623,0.003884238474401336,-0.0010044810128420067,-0.00040860080593515006,0.014192952707646755,0.1818142358422321,0.0564332449865011
2024-06-23 11:00:00,3504.62,3480.45,3484.7,-0.9521574267773922,-0.001286647795018414,0.002005633186772604,-0.0003821232170906618,-0.17879506955419044,0.1644615407156993,0.05679028302960861
2024-06-23 15:00:00,3489.45,3461.38,3477.77,-0.6568910967866645,-0.0072171468685992,0.0025930980256732017,-0.0003561817747416546,0.18053537589916302,0.13022902299285688,0.0568650296266131
2024-06-23 19:00:00,3481.72,3406.38,3425.41,-0.1952901633388439,-0.017535175400298697,-0.00764605166477994,-0.00033511669820041637,0.026318391217128756,0.05473942240307434,0.05918611369757371
2024-06-23 23:00:00,3435.76,3387.05,3404.49,0.19096412635052723,-0.02511269089916346,-0.00033413440807994466,-0.00031755534516107124,-0.08488101618435451,0.02373956085862051,0.061978365377539056
2024-06-24 03:00:00,3421.38,3354.22,3373.87,0.4015301752257017,-0.03783734350133128,0.0024852183285573037,-0.00030701853058314984,0.021561829672562816,0.0,0.06624366817123281
2024-06-24 07:00:00,3394.36,3240.0,3318.5,3.833236552548322,-0.051612748982908685,0.003884238474401336,-0.0003086980507020119,-0.042741128935726125,0.0,0.07391367721026283
2024-06-24 11:00:00,3337.07,3292.18,3308.9,1.2655897862694039,-0.05125607950179889,-0.001286647795018414,-0.0003231014712746445,-0.0240180212470561,0.0,0.08050285569169796
2024-06-24 15:00:00,3314.07,3242.44,3303.77,2.433238004931932,-0.055905494450672166,-0.0072171468685992,-0.00033812883759808457,-0.10152349753342715,0.0,0.08469842793753371
2024-06-24 19:00:00,3355.3,3256.35,3332.67,1.1330015333422858,-0.03541560294595547,-0.017535175400298697,-0.00034736375962021466,0.04440898363170498,0.052281567518750634,0.08813244880324324
2024-06-24 23:00:00,3363.18,3330.13,3345.01,-0.34198087719772213,-0.020161199993718126,-0.02511269089916346,-0.00035259599470853633,-0.09307763415978187,0.11183325985684933,0.09113793362026062
2024-06-25 03:00:00,3394.92,3342.24,3370.74,0.05004278036109186,-0.0008422797998695053,-0.03783734350133128,-0.0003596493725819551,-0.00998004148312659,0.16170089383527608,0.09243002332986758
2024-06-25 07:00:00,3394.31,3345.79,3377.61,-0.34059555904020716,0.01376303738887752,-0.051612748982908685,-0.0003764316127276946,0.07762711029674363,0.1454178316954763,0.09386434260106219
2024-06-25 11:00:00,3413.76,3358.2,3402.35,0.4186377642051075,0.021764776429313848,-0.05125607950179889,-0.00039989886542161256,0.06691205876076256,0.18087526598548243,0.09375487508510848
2024-06-25 15:00:00,3425.37,3381.68,3417.77,0.15387973563782614,0.03863599810763407,-0.055905494450672166,-0.00041742691175236586,0.12434906188009709,0.21619658864731134,0.09342459530592645
2024-06-25 19:00:00,3430.88,3399.36,3403.14,-0.8572422077022552,0.03003492339194791,-0.03541560294595547,-0.0004449486494391317,0.05767015460668112,0.22325734942902903,0.09394727883130627
2024-06-25 23:00:00,3426.75,3385.22,3404.51,-0.7407796166426414,0.016619819827935922,-0.020161199993718126,-0.00046760512379255054,0.1204346360858437,0.20951714155032575,0.09406283062457052
2024-06-26 03:00:00,3408.66,3376.81,3388.61,-0.7204575997775751,0.0035764506992406186,-0.0008422797998695053,-0.0004929487647864761,-0.05008298983169768,0.18748953596506174,0.09472106764243039
2024-06-26 07:00:00,3406.0,3366.37,3374.5,-0.29719921293670853,0.004185133943451769,0.01376303738887752,-0.0005146479784479496,-0.04487267985457999,0.17415605921074864,0.0955690215007761
2024-06-26 11:00:00,3396.53,3367.75,3378.01,-0.6136902862761984,-0.0020267317335631585,0.021764776429313848,-0.000531552710508568,0.03148770600012174,0.1702252483172547,0.09542275348845869
2024-06-26 15:00:00,3379.8,3325.01,3364.61,0.2450804425369714,-0.016019321405184583,0.03863599810763407,-0.0005314689230787963,0.08623209976186841,0.12386304064499312,0.09540587463951841
2024-06-26 19:00:00,3417.43,3356.75,3380.34,-0.07237424391119188,-0.007025705205118471,0.03003492339194791,-0.0005311985561524441,-0.015777261993802805,0.1835150440564115,0.0928100133353886
2024-06-26 23:00:00,3388.0,3361.74,3387.21,-0.905567961866553,-0.00858399065446025,0.016619819827935922,-0.0005409602934897003,0.016638359035461736,0.1606832858723999,0.09128874060302507
2024-06-27 03:00:00,3393.0,3366.05,3373.23,-0.7840192209733268,-0.003567561630542837,0.0035764506992406186,-0.0005533702529374442,0.023331290731033683,0.16673273985103318,0.09169770886292344
2024-06-27 07:00:00,3414.05,3367.95,3394.38,-0.14647203349506419,0.0021426588365269783,0.004185133943451769,-0.0005725805718232676,0.2249906441210352,0.1865939131881365,0.09125028428423716
2024-06-27 11:00:00,3477.0,3392.0,3448.31,0.9640140555353857,0.01796158647733459,-0.0020267317335631585,-0.0005822847712984452,0.029914823339601604,0.2744193022536273,0.08927358288190756
2024-06-27 15:00:00,3467.5,3439.0,3454.99,-0.6524792883573175,0.02953393416937411,-0.016019321405184583,-0.0005829988777696847,-0.09625547711270366,0.29381831050265395,0.08772390641513282
2024-06-27 19:00:00,3457.58,3440.53,3451.26,-0.7442383603514846,0.017955060874522255,-0.007025705205118471,-0.0005941715998177264,-0.11149726574466501,0.2879098624653652,0.08721873817033207
2024-06-27 23:00:00,3487.7,3435.95,3450.06,-0.4369073554596634,0.025879411881427616,-0.00858399065446025,-0.0005988743018647678,0.044505303991493106,0.3105612156359569,0.08716498956966978
2024-06-28 03:00:00,3466.34,3445.01,3455.19,-0.7691017950447679,0.022285495213926643,-0.003567561630542837,-0.0006035136247322964,0.04454798528090409,0.2959316890644744,0.08699260472569574
2024-06-28 07:00:00,3455.2,3420.24,3446.81,-0.35759014241272224,0.013995054916554617,0.0021426588365269783,-0.0006041205704513117,-0.009499769597448693,0.26800744285755324,0.08709657161571104
2024-06-28 11:00:00,3476.73,3403.06,3412.9,0.6954326715493812,0.0010947731298147634,0.01796158647733459,-0.0006015516237414302,-0.036187749606080066,0.2808840824224507,0.0878088272364934
2024-06-28 15:00:00,3420.0,3373.04,3384.77,-0.01973210396325374,-0.01605407586813168,0.02953393416937411,-0.0006113524523321106,-0.04914990157032029,0.1987054354147573,0.08882674881825031
2024-06-28 19:00:00,3394.15,3365.22,3374.32,-0.6926885046003202,-0.02007908352024812,0.017955060874522255,-0.0006496398682524952,0.06140866775492104,0.16906933975265537,0.08989229089065397
2024-06-28 23:00:00,3399.98,3371.17,3388.96,-0.9224162326551024,-0.021723307646418166,0.025879411881427616,-0.0006753984944868643,-0.005229255726073578,0.18149708811108167,0.0890602788772657
2024-06-29 03:00:00,3391.55,3381.56,3388.0,-1.1320199376676363,-0.01949187704351807,0.022285495213926643,-0.0006935237264309404,0.10410010502830169,0.18041025957021625,0.08796230652860666
2024-06-29 07:00:00,3408.32,3387.2,3397.2,-0.7734719006643954,-0.011918477571981945,0.013995054916554617,-0.0006998225938070906,-0.03126010256161216,0.1977036755960795,0.08636568371432361
2024-06-29 11:00:00,3406.05,3383.0,3388.0,-1.0311419597127098,-0.014757041833117102,0.0010947731298147634,-0.0007027534484814794,-0.012338087389678787,0.1936463970262791,0.08627540341058741
2024-06-29 15:00:00,3396.53,3381.56,3390.01,-1.2118003414900074,-0.002803074690370222,-0.01605407586813168,-0.0007014824825513636,0.1502258416728337,0.1823651401483035,0.08489313574591985
2024-06-29 19:00:00,3392.31,3371.86,3376.67,-0.995766163524846,0.0010254406765366486,-0.02007908352024812,-0.0006962778656680246,-0.04411269093362913,0.175016672475445,0.08386106037320142
2024-06-29 23:00:00,3389.61,3352.66,3362.36,-0.7905089255266755,-0.004124665700961927,-0.021723307646418166,-0.0006954370590260193,-0.04534865069850291,0.15752366452774785,0.08311005020911787
2024-06-30 03:00:00,3377.63,3358.49,3377.63,-1.0825643639541302,-0.005871869150869347,-0.01949187704351807,-0.0006931848515073407,-0.01240053962199239,0.14628810419020982,0.08004691875212201
2024-06-30 07:00:00,3400.0,3377.0,3387.95,-0.6282740399813999,-0.0011347558596112028,-0.011918477571981945,-0.0006867092402954108,0.027918329941501785,0.19108984562501058,0.07541586386472564
2024-06-30 11:00:00,3404.88,3379.81,3393.45,-0.7544601722962152,-4.522789548055961e-05,-0.014757041833117102,-0.0006774205016457645,0.11876214138996155,0.1933829735083816,0.07407750870809961
2024-06-30 15:00:00,3427.64,3391.99,3424.36,-0.6542332098971619,0.006082153797117629,-0.002803074690370222,-0.000658022902835923,0.06501450987092228,0.2177211754108763,0.07175249531404841
2024-06-30 19:00:00,3460.0,3408.96,3450.65,-0.43091106250939776,0.01494926904074978,0.0010254406765366486,-0.0006295231259758228,0.1674284264348167,0.2618080872768281,0.0698427088614339
2024-06-30 23:00:00,3524.94,3432.55,3502.28,0.833308348527711,0.03320653216396474,-0.004124665700961927,-0.0005827475327559917,0.10910686363724209,0.34973093138926176,0.06864449621450307
2024-07-01 03:00:00,3508.38,3484.44,3488.84,-0.4927945767735235,0.03752444186545967,-0.005871869150869347,-0.0005334875228078194,-0.0170010486474792,0.3630668461547921,0.06832395101453742
2024-07-01 07:00:00,3495.0,3465.93,3469.22,-0.30951468325360243,0.02667234331814128,-0.0011347558596112028,-0.0004928180696374072,-0.15559357909664473,0.34637096976427895,0.06816985446920502
2024-07-01 11:00:00,3481.27,3453.0,3469.2,-0.25727900340717924,0.021049389557597387,-4.522789548055961e-05,-0.0004670053431855326,-0.09646199269139966,0.3159766384047452,0.06712361774836786
2024-07-01 15:00:00,3499.0,3462.09,3482.14,-0.3022201333061872,0.020100247025118145,0.006082153797117629,-0.0004425436445992733,-0.09890537761627227,0.3352761469791244,0.06571755239623697
2024-07-01 19:00:00,3486.38,3423.78,3443.54,-0.6418419419814997,0.006088886670139182,0.01494926904074978,-0.0004190156916763082,-0.12145153883347981,0.2976869803581676,0.06468506848659705
2024-07-01 23:00:00,3456.6,3434.02,3450.84,-0.8839516929013373,-0.011732716573569446,0.03320653216396474,-0.00039662534727629285,-0.0880381442664151,0.2795640777976383,0.06340199526622281
2024-07-02 03:00:00,3464.12,3447.0,3448.72,-0.8456525394623057,-0.010606936672909573,0.03752444186545967,-0.0003989372830066517,-0.10409168150095871,0.2994912029309674,0.06228924414188809
2024-07-02 07:00:00,3454.0,3431.6,3451.9,-0.5871446169690022,-0.011498923910031156,0.02667234331814128,-0.00039824021724430274,-0.02257176738961364,0.2776409360307955,0.06127741116321417
2024-07-02 11:00:00,3462.5,3402.0,3410.76,-0.037011919492759976,-0.009530261442137533,0.021049389557597387,-0.0004019077188352453,-0.12416251279455637,0.2593031314675745,0.06058159927260224
2024-07-02 15:00:00,3433.65,3407.05,3430.0,-0.7944926229115332,-0.01696302464336341,0.020100247025118145,-0.0004170279917180109,-0.013370132748906305,0.23407492611397293,0.059106935634291244
2024-07-02 19:00:00,3432.16,3412.41,3424.69,-0.907468999196205,-0.009487599311965078,0.006088886670139182,-0.0004312179162628875,0.04337779153474064,0.2414406968154008,0.057662039950455136
2024-07-02 23:00:00,3432.1,3371.7,3382.28,-0.23893528107344333,-0.012520446734516133,-0.011732716573569446,-0.00043913772232828153,-0.19309756607518525,0.20556476850098238,0.05643824382340379
2024-07-03 03:00:00,3382.87,3331.23,3371.4,-0.13853106626002623,-0.02781722094257877,-0.010606936672909573,-0.00043816138970019275,-0.10566154014898077,0.13452940247705483,0.054896808865782486
2024-07-03 07:00:00,3371.41,3281.63,3313.99,0.8377342959943103,-0.03334226470739765,-0.011498923910031156,-0.00043383480371543884,-0.05753328915585476,0.0806430352228853,0.0561030824576663
2024-07-03 11:00:00,3326.36,3275.48,3307.07,0.7292098193202875,-0.0378640297508509,-0.009530261442137533,-0.0004405188275305536,0.015269423370185553,0.03628338556013712,0.056861634154955695
2024-07-03 15:00:00,3322.09,3292.4,3308.3,-0.05856734480144546,-0.03263923275068392,-0.01696302464336341,-0.00045028629401825965,-0.1443725748115383,0.04265274806999524,0.057442197340447754
2024-07-03 19:00:00,3309.52,3251.0,3301.99,0.742896728176137,-0.041051431078089506,-0.009487599311965078,-0.0004558967946208497,-0.029861454556344258,0.0003803841888061152,0.05939374093160836
2024-07-03 23:00:00,3313.45,3155.0,3228.46,2.0373715858290753,-0.049734398209646646,-0.012520446734516133,-0.00047024569986150045,0.04085220995617633,0.0,0.06649216227272498
2024-07-04 03:00:00,3246.28,3192.73,3204.34,-0.003483893030048033,-0.04084562025878702,-0.02781722094257877,-0.0004888330168109341,-0.004866022520712443,0.0,0.07363455716995713
2024-07-04 07:00:00,3208.54,3126.6,3169.83,1.8302745145268344,-0.04920502340453692,-0.03334226470739765,-0.000511680074811476,-0.01118896777224554,0.0,0.08195823140960641
2024-07-04 11:00:00,3178.85,3088.25,3123.01,1.8687673989821534,-0.054391692673283365,-0.0378640297508509,-0.0005402649996211507,-0.06837094586172976,0.0,0.09326421597518655
2024-07-04 15:00:00,3148.74,3108.61,3130.96,0.2672370161852504,-0.053038447971277436,-0.03263923275068392,-0.000579067279483248,0.06180806754067003,0.011568537565847553,0.10127527320701993
2024-07-04 19:00:00,3169.79,3125.6,3128.09,-0.6643982735491383,-0.041917669662326684,-0.041051431078089506,-0.0006228821431426847,-0.041500680425464176,0.03064498904914303,0.10951233741881478
2024-07-04 23:00:00,3129.18,2905.0,2930.08,4.442967393524984,-0.057614229412714546,-0.049734398209646646,-0.0006825958598872816,-0.028498527778445415,0.0,0.14119779036055283
2024-07-05 03:00:00,2957.57,2810.0,2862.35,5.0,-0.10164512800419068,-0.04084562025878702,-0.0007888844623458382,-0.02000498637820558,0.0,0.17142656316675223
2024-07-05 07:00:00,2931.26,2820.0,2915.7,2.5663170518095155,-0.09175865507154068,-0.04920502340453692,-0.0009078102700144661,0.13052948957985477,0.0,0.18610443638112084
2024-07-05 11:00:00,2992.74,2913.99,2956.0,1.6734942629863196,-0.055652168713119954,-0.054391692673283365,-0.0010013006955165089,0.13748953632113503,0.08994535597013961,0.19626955203985783
2024-07-05 15:00:00,3005.42,2949.54,2992.79,0.8797797770663776,-0.047347364869138486,-0.053038447971277436,-0.00108052611408594,-0.04104274620398529,0.13023709963548616,0.2029861619338652
2024-07-05 19:00:00,2996.32,2963.86,2977.34,-0.5505417136870434,-0.0520366158048563,-0.041917669662326684,-0.0011587303126734721,-0.06420262823911238,0.12759329106044906,0.21332347985203826
2024-07-05 23:00:00,3026.45,2955.06,2980.23,-0.17891245101466993,-0.020161941132585848,-0.057614229412714546,-0.0012227892520158708,0.03473613531893793,0.13235207666028323,0.22143495688885464
2024-07-06 03:00:00,2998.6,2961.65,2991.64,-0.601155196724694,0.02851662528144372,-0.10164512800419068,-0.0012911626657430989,0.18602037437470664,0.12411774344391473,0.22782849899952173
2024-07-06 07:00:00,3016.37,2985.06,3008.76,0.1955781988266697,0.04410186430739493,-0.09175865507154068,-0.0013448151424709865,0.12434464195303674,0.15227067956674797,0.23259616824381948
2024-07-06 11:00:00,3020.0,2989.49,3011.93,-0.4919303085686317,0.018719538685718184,-0.055652168713119954,-0.0014012734246889192,-0.04974157945614688,0.15626211605385668,0.2378265509265184
2024-07-06 15:00:00,3065.94,3007.64,3055.05,-0.09685376712100968,0.01948786097392441,-0.047347364869138486,-0.0014351182951148347,0.2294063359596965,0.20006095601257556,0.23816658508395236
2024-07-06 19:00:00,3081.78,3048.0,3064.37,-0.5844331413209826,0.027763699743200254,-0.0520366158048563,-0.0014610403027329759,0.1958537146485022,0.22699558768962247,0.2404738774333629
2024-07-06 23:00:00,3078.89,3039.4,3066.99,-0.6432481240918128,0.024940667792644033,-0.020161941132585848,-0.001491862503477647,0.037576436065704044,0.22176576717411828,0.24291827238926722
2024-07-07 03:00:00,3067.4,3016.25,3028.69,-0.5463869687904191,0.019938030740475288,0.02851662528144372,-0.0015271270558355314,-0.09330105398327382,0.19543252362940916,0.24968676375102813
2024-07-07 07:00:00,3032.18,2993.51,3014.77,-0.5441251837941226,0.0031493297641371765,0.04410186430739493,-0.0015658529200858796,-0.1097062415917226,0.16362393335736142,0.25443948056007915
2024-07-07 11:00:00,3024.05,2955.12,2962.58,-0.2514697867489343,-0.00700563712149227,0.018719538685718184,-0.0016128872421695274,-0.06233455703205382,0.130979009654308,0.26307424828865883
2024-07-07 15:00:00,3009.58,2960.4,2988.11,-0.5568652209719436,-0.018953535233087515,0.01948786097392441,-0.0016527686570310756,-0.12128759132502553,0.13082814832572048,0.2634323948169504
2024-07-07 19:00:00,3000.72,2928.61,2937.6,-0.3478332309419469,-0.03283060699222995,0.027763699743200254,-0.0017062771537062753,-0.038864110607251035,0.1076561015261246,0.2719751418480359
2024-07-07 23:00:00,2951.89,2822.8,2889.52,1.64089464164659,-0.05982015611209335,0.024940667792644033,-0.0018159635779144967,0.001290621713591289,0.0019854779003999658,0.2819004427335032
2024-07-08 03:00:00,2932.79,2866.0,2912.63,-0.18709613840648842,-0.04404410023789118,0.019938030740475288,-0.001883392525306338,-0.019066564562006283,0.03523385091474699,0.28332939165221194
2024-07-08 07:00:00,3097.06,2902.16,3014.06,1.5686703769464967,0.004613468281661204,0.0031493297641371765,-0.001888111308017122,-0.022250939321632024,0.18279918013934385,0.27402309037233036
2024-07-08 11:00:00,3064.83,2890.0,2982.41,2.0814621911243836,0.002049602481632551,-0.00700563712149227,-0.0019708013710371527,0.10925355799278269,0.1402354523275419,0.2783694933009689
2024-07-08 15:00:00,3036.17,2945.4,2991.58,0.4986818720512069,0.0017069317322599975,-0.018953535233087515,-0.0020422330430333313,-0.011111650729960898,0.1436176379571415,0.27893128418374236
2024-07-08 19:00:00,3046.0,2981.82,3024.69,-0.29797796498079415,0.01538283862211931,-0.03283060699222995,-0.002106708554347303,0.14666209987113432,0.17915773861472406,0.276460526960904
2024-07-08 23:00:00,3076.74,3004.0,3074.09,-0.1415742039384556,0.05591826911082087,-0.05982015611209335,-0.0021478717943238593,0.17983682617468344,0.21723303399374444,0.2712849940457132
2024-07-09 03:00:00,3090.38,3043.8,3074.69,-0.2851972280537865,0.057444161057374155,-0.04404410023789118,-0.002165023856274341,0.13224253469267944,0.2617072922241093,0.270332988457794
2024-07-09 07:00:00,3115.2,3054.99,3081.6,-0.06254026405212959,0.01923835547794628,0.004613468281661204,-0.002176960440117166,0.07100428761855482,0.27853180636809793,0.26837403786080666
2024-07-09 11:00:00,3108.72,3031.06,3045.32,0.35086506195676775,0.02756695106998608,0.002049602481632551,-0.002202671765357484,-0.0062233598542599244,0.26418993407902397,0.2707164953410124
2024-07-09 15:00:00,3089.34,3036.13,3060.25,0.4015669631716746,0.025487627915433242,0.0017069317322599975,-0.002221945700607342,0.2030333974043783,0.25430309200228274,0.2680738313471669
2024-07-09 19:00:00,3079.2,3046.32,3059.72,-0.6809363766712917,0.018168080583971014,0.01538283862211931,-0.002231150831848356,-0.2246145675575817,0.25224465915943156,0.26689647972203356
2024-07-09 23:00:00,3072.4,3024.0,3071.08,-0.5035741970993554,0.00497738410515991,0.05591826911082087,-0.0022443345442321396,-0.15294462090090133,0.23744567040469833,0.26467007004634474
2024-07-10 03:00:00,3129.89,3068.04,3110.42,0.0515291421629448,0.011168066298261836,0.057444161057374155,-0.002214386660257008,-0.07704099173321144,0.3075563331820096,0.25927352520657015
2024-07-10 07:00:00,3111.82,3078.43,3103.01,-0.4945342743403853,0.0035890473857242977,0.01923835547794628,-0.002217222751393983,-0.15497627684037707,0.29332655672599356,0.25749572834750484
2024-07-10 11:00:00,3121.95,3077.76,3100.77,0.3402135069619798,0.01053629113184873,0.02756695106998608,-0.0022080696321945753,0.01624741717734235,0.30747146225060845,0.25498591921024544
2024-07-10 15:00:00,3151.51,3090.0,3102.0,0.4347286703807635,0.01761875975810101,0.025487627915433242,-0.0021923045216129347,-0.08388175379341767,0.3265041615916257,0.2511177835535997
2024-07-10 19:00:00,3112.1,3080.21,3100.94,-0.3696695325252916,0.011360407726659583,0.018168080583971014,-0.0022030918510496994,0.08682581249193855,0.29877583341922104,0.24632233812337082
2024-07-10 23:00:00,3130.0,3085.7,3104.03,-0.6176835120398582,0.017472077290434207,0.00497738410515991,-0.002188364503643314,0.034837175537900444,0.30875110612945134,0.23883196476420274
2024-07-11 03:00:00,3110.0,3054.76,3105.54,-0.5390409947798632,-0.006630962409207242,0.011168066298261836,-0.0021938775041942878,0.16379828323308554,0.2800297577764747,0.23150673095641075
2024-07-11 07:00:00,3156.88,3103.12,3145.0,-0.21273608472352795,0.012192282429273948,0.0035890473857242977,-0.0021539535157859323,0.20816866106145615,0.34376589455461054,0.2217697553898684
2024-07-11 11:00:00,3217.24,3127.53,3149.21,1.534532207809451,0.02146221731852549,0.01053629113184873,-0.0021030268713449225,0.007562559169265626,0.396563999428651,0.21422184720586895
2024-07-11 15:00:00,3157.49,3097.3,3138.0,0.1696268134117188,0.003893129594856548,0.01761875975810101,-0.002079307194479947,-0.09805206699338664,0.34273916046765374,0.206581653803439
2024-07-11 19:00:00,3139.32,3088.98,3102.98,-0.45629172115765476,0.0031233593267272486,0.011360407726659583,-0.002049685357748587,0.1092796084319494,0.31171415652669826,0.20163126786744026
2024-07-11 23:00:00,3117.92,3055.11,3107.21,-0.400815367712564,-0.0047056805490222064,0.017472077290434207,-0.002020610167713929,0.028617688620099058,0.289211174638453,0.19317074201594114
2024-07-12 03:00:00,3108.78,3064.62,3092.16,-0.7823035134577229,0.000625589730331999,-0.006630962409207242,-0.001982200896386538,-0.11809015337960416,0.2826094972445823,0.18533978914121094
2024-07-12 07:00:00,3098.67,3045.58,3071.16,-0.32684169430631466,-0.02051977775425795,0.012192282429273948,-0.001953567347144462,-0.10958904064957586,0.25784079648507674,0.17686175442516203
2024-07-12 11:00:00,3127.9,3057.58,3118.26,-0.20898932605851717,-0.024737793891854487,0.02146221731852549,-0.0019044647272840863,0.09836196591081636,0.2916701525801519,0.16601954971000263
2024-07-12 15:00:00,3157.89,3115.42,3142.08,-0.41587013627711444,0.002288143951807653,0.003893129594856548,-0.0018330707951682923,0.04505233234218098,0.3523182498896042,0.15502965581158906
2024-07-12 19:00:00,3144.0,3090.0,3127.28,-0.410403240005746,0.00299177626357805,0.0031233593267272486,-0.0018000017777338392,-0.05294489831788329,0.32414611348981687,0.14526720209261265
2024-07-12 23:00:00,3140.4,3122.33,3127.79,-0.8937829244619013,0.012687579948803318,-0.0047056805490222064,-0.0017559319820835393,0.0060845870371775135,0.34164733859889695,0.1364682121979571
2024-07-13 03:00:00,3142.62,3113.37,3135.41,-0.7858401779312604,0.013888702028510558,0.000625589730331999,-0.0017128878548159352,0.14231223282683803,0.3399180581840028,0.12735736512136306
2024-07-13 07:00:00,3171.0,3128.99,3158.4,-0.480791448713548,0.027842758932433265,-0.02051977775425795,-0.0016552646454542303,0.08639686715272354,0.3720379613856919,0.12082873280637486
2024-07-13 11:00:00,3165.67,3140.94,3154.37,-0.7471038734401323,0.01971898476227385,-0.024737793891854487,-0.001599433929629922,-0.18015478553972353,0.3732147122707625,0.11531827252878671
2024-07-13 15:00:00,3162.73,3146.85,3153.21,-0.8411540599163256,0.00535605594290911,0.002288143951807653,-0.0015423310311762682,-0.05464784159937963,0.37479215701276164,0.10920410034861323
2024-07-13 19:00:00,3196.8,3144.26,3191.92,-0.6590212906445017,0.017717914343209795,0.00299177626357805,-0.001477632982799488,0.048284867184059,0.39799098781999576,0.10282313210266733
2024-07-13 23:00:00,3201.8,3163.67,3172.87,-0.4086934026272263,0.016942385222622258,0.012687579948803318,-0.0014116003831366182,-0.0707892461806987,0.41255646855159,0.10143896277262252
2024-07-14 03:00:00,3206.7,3169.72,3190.6,-0.44337588850887966,0.019997930211966386,0.013888702028510558,-0.001345673740364096,-0.1335877757134507,0.4235810083236655,0.10038677131189133
2024-07-14 07:00:00,3225.13,3187.24,3197.78,-0.4382353650645157,0.017307759531345335,0.027842758932433265,-0.0012753779648070696,-0.1021035861864702,0.44500228958396,0.10104932592268272
2024-07-14 11:00:00,3206.12,3173.68,3192.01,-0.5738449085051467,0.01230211139112991,0.01971898476227385,-0.001205085792510542,0.005644778805020234,0.4250912042906039,0.10291274888588087
2024-07-14 15:00:00,3197.9,3181.53,3186.26,-0.7316819761260527,0.011028163083253384,0.00535605594290911,-0.001132227684831523,0.0005225893756919398,0.4213139618823531,0.10442925505578805
2024-07-14 19:00:00,3265.54,3186.0,3245.89,-0.2897666006212033,0.01953424427648498,0.017717914343209795,-0.0010394276386001358,0.1243494052950096,0.4885132946390339,0.1060127784152878
2024-07-14 23:00:00,3339.55,3233.22,3331.44,0.3425888585415375,0.032730652730672105,0.016942385222622258,-0.0009272108833589786,0.1564065116285973,0.5729031043372531,0.10882579922502691
2024-07-15 03:00:00,3363.96,3316.99,3349.15,0.029880243938850685,0.04567377372203274,0.019997930211966386,-0.0007915656734761419,0.11193202277825964,0.6420594513593346,0.11119483771322783
2024-07-15 07:00:00,3373.0,3331.53,3335.71,-0.11886650282195434,0.045847674453753484,0.017307759531345335,-0.000650634775194233,-0.01612581322245976,0.6660872605043799,0.11523870916750156
2024-07-15 11:00:00,3376.31,3328.0,3372.48,-0.38461635837335595,0.049366654652876596,0.01230211139112991,-0.000511667293114289,0.12461544006228698,0.6600637664424066,0.12004280606313499
2024-07-15 15:00:00,3412.2,3358.21,3396.54,0.14329162174292004,0.060845231481686746,0.011028163083253384,-0.00037296900126847855,0.030343974681362074,0.7067710715487856,0.12653131644172919
2024-07-15 19:00:00,3493.63,3379.0,3472.74,0.7238994713458574,0.06025147080099269,0.01953424427648498,-0.00022444267414621906,-0.1491785968089656,0.7696699957218992,0.13394674996430783
2024-07-15 23:00:00,3498.59,3453.96,3465.81,0.06270520613872449,0.05717263555785612,0.032730652730672105,-7.369411339613115e-05,-0.05128276432926182,0.8337870350050204,0.14274004488991693
2024-07-16 03:00:00,3478.52,3384.58,3398.99,0.5568885410563817,0.028264751440682634,0.04567377372203274,8.383425119195134e-05,-0.08165325976920246,0.7729887672339083,0.15023640499544239
2024-07-16 07:00:00,3425.0,3346.55,3409.0,0.5790813465694644,0.009745045064379454,0.045847674453753484,0.00023737586826579838,0.11755064408844995,0.7114628703540051,0.15466540112920393
2024-07-16 11:00:00,3432.46,3375.6,3413.67,0.08586441222857459,0.01710839995225988,0.049366654652876596,0.0003734999166739415,-0.04619192502142544,0.7396221293347346,0.15902379964648147
2024-07-16 15:00:00,3494.38,3412.8,3462.22,1.076381447910864,0.022451048129675355,0.060845231481686746,0.0005059109441873062,0.0914004634767509,0.812222720206903,0.16345048703347972
2024-07-16 19:00:00,3484.66,3414.31,3428.67,0.23900694401609077,0.0059773673564107455,0.06025147080099269,0.000655087466799538,0.008864858982315926,0.7981214140569423,0.16992526648895204
2024-07-16 23:00:00,3517.0,3426.88,3477.94,0.4307306648700802,0.0003790542343999892,0.05717263555785612,0.0007949024023408781,0.182616193437799,0.835615583075476,0.17381530947433943
2024-07-17 03:00:00,3514.54,3464.67,3491.62,0.024256119225579884,0.017503548999251883,0.028264751440682634,0.0009369745605621429,0.19819778920116904,0.8563612608674527,0.17881387748784017
2024-07-17 07:00:00,3500.0,3463.41,3479.61,-0.1018380419952397,0.02913856017935834,0.009745045064379454,0.001077162434036888,0.12598999540013867,0.8484622000174593,0.18380856147261296
2024-07-17 11:00:00,3481.11,3437.69,3456.85,0.45266088514327246,0.014741766014779945,0.01710839995225988,0.0012157601145576713,0.16796004505874573,0.8093478799309677,0.18688238641835206
2024-07-17 15:00:00,3467.32,3376.0,3417.49,0.37458764635160424,-0.012918119979846487,0.022451048129675355,0.0013479928364487472,-0.014177589408820301,0.7501846055071205,0.1898915855026677
2024-07-17 19:00:00,3428.4,3389.78,3395.18,-0.4631322775835507,-0.011094617254613581,0.0059773673564107455,0.0014561757255707097,-0.0970562105170436,0.7449969565392995,0.18958320438097992
2024-07-17 23:00:00,3441.49,3383.43,3424.64,-0.34233313074325794,-0.018857885578446365,0.0003790542343999892,0.0015552290479628555,-0.17288347937252369,0.7446111359186232,0.1849593797435924
2024-07-18 03:00:00,3454.08,3408.95,3447.4,-0.36308336156125537,-0.01797349281331917,0.017503548999251883,0.001632322188640857,-0.020402941930673824,0.7692518469772374,0.18166229772360531
2024-07-18 07:00:00,3461.01,3431.34,3444.0,-0.3061626099463545,-0.011386691937764093,0.02913856017935834,0.0017097224842530696,-0.11780541573654812,0.8358805275286272,0.18237569109683932
2024-07-18 11:00:00,3489.98,3420.2,3431.87,0.27749235584627413,0.0006375770677085058,0.014741766014779945,0.0017768334083982102,-0.06727301170172006,0.900788754065279,0.18192430567135973
2024-07-18 15:00:00,3431.87,3367.2,3405.54,0.5577085319795554,-0.003057294881872008,-0.012918119979846487,0.0018719362500307245,-0.05023674352310559,0.8157268491746585,0.18146819672789036
2024-07-18 19:00:00,3436.73,3385.5,3433.59,-0.6577674462123778,0.0006901052033319033,-0.011094617254613581,0.0019194641652676226,0.32973459570925834,0.8312110115766991,0.1793902178979444
2024-07-18 23:00:00,3437.3,3384.04,3407.14,-0.5598829130003403,0.0006319941313910338,-0.018857885578446365,0.0019761627626669236,-0.019177060607101892,0.8304764819890393,0.1805207854900498
2024-07-19 03:00:00,3450.5,3404.53,3439.98,-0.4763320754621563,-5.379528936733102e-05,-0.01797349281331917,0.0019970900878730183,-0.07702599122460418,0.8542401625424976,0.17902276375926413
2024-07-19 07:00:00,3440.86,3377.0,3400.8,0.19018450066467438,-0.013195077079595885,-0.011386691937764093,0.0020069900053938565,-0.04829980990085059,0.8111955680735481,0.18038027321891797
2024-07-19 11:00:00,3473.32,3394.77,3468.01,0.5201538828395149,-0.006561876087191165,0.0006375770677085058,0.0019640933789287084,0.07049140542338361,0.8674571897427332,0.17646692936795308
2024-07-19 15:00:00,3514.7,3439.68,3502.44,0.8555392088410588,0.023859020819878562,-0.003057294881872008,0.001939610144479769,0.08590177932246434,0.9424983580955053,0.17527581634230935
2024-07-19 19:00:00,3540.27,3492.54,3508.34,0.15496758582738446,0.02989183924716521,0.0006901052033319033,0.0019430797689582145,-0.2088059786360983,0.9999999999844003,0.17526289703516454
2024-07-19 23:00:00,3515.96,3480.0,3493.73,-0.561860389515018,0.023729146263384626,0.0006319941313910338,0.0019788473498269514,0.003449020576243411,0.9664250421398972,0.17578802612023714
2024-07-20 03:00:00,3508.18,3491.95,3501.6,-0.7805074719352368,0.02118934564733821,-5.379528936733102e-05,0.0019913158854494863,-0.03595960918406249,0.9774515513680342,0.17602964819607242
2024-07-20 07:00:00,3503.34,3480.5,3488.93,-0.430407387443281,0.026327048869398073,-0.013195077079595885,0.0020111843432830743,-0.07911132322050851,0.9602384177951524,0.17649435366601196
2024-07-20 11:00:00,3507.84,3481.2,3497.41,-0.6024931011294996,0.01582546946540031,-0.006561876087191165,0.0020240588781100916,-0.1658736744218866,0.9623473975382243,0.17571714357243604
2024-07-20 15:00:00,3539.65,3490.53,3531.01,-0.16579696107139083,0.007966450867957997,0.023859020819878562,0.002023249596833973,-0.1529575608233399,0.9967274086986354,0.17423521340963877
2024-07-20 19:00:00,3536.5,3500.2,3514.2,-0.76084673842954,0.0007296507981333633,0.02989183924716521,0.002043821931663602,-0.16744334451155118,0.9999999999844624,0.17442442419485035
2024-07-20 23:00:00,3528.8,3503.7,3514.25,-0.8480386125706367,0.00657864823926424,0.023729146263384626,0.0020716055757976012,-0.06796251620798344,0.9982859400134928,0.17350555146527166
2024-07-21 03:00:00,3520.55,3483.38,3487.04,-0.7715227546065344,-0.00034203894717954597,0.02118934564733821,0.0021050450983166663,-0.2714878138758372,0.9716955517572972,0.1730425594382965
2024-07-21 07:00:00,3507.21,3476.6,3494.46,-0.6472212763121574,0.00036789205489706767,0.026327048869398073,0.0021213896269944594,0.056019036765879715,0.9584063935347079,0.17178306673253071
2024-07-21 11:00:00,3517.1,3482.47,3510.74,-0.6885728869092416,0.002458233997030268,0.01582546946540031,0.002116063995769227,-0.012582739914759222,0.971846746990511,0.17026495132520086
2024-07-21 15:00:00,3526.12,3411.4,3463.7,1.0730161595379306,-0.011813398754534576,0.007966450867957997,0.002125629828863931,-0.02983208289875594,0.9282691125512176,0.17041674598992765
2024-07-21 19:00:00,3547.0,3458.19,3533.49,0.277255903859046,-0.00267181195926558,0.0007296507981333633,0.002086175521933673,0.2744895416968758,0.9853959771485644,0.1648394400101057
2024-07-21 23:00:00,3562.82,3519.33,3534.45,-0.26767395515281844,0.005743509237514877,0.00657864823926424,0.002053276049840562,0.12539154608792025,0.9999999999849101,0.16231098713219422
2024-07-22 03:00:00,3536.11,3459.6,3477.07,-0.289397949588485,-0.0001927967751339521,-0.00034203894717954597,0.0020416437267820027,0.07771994519700276,0.9426780270794548,0.16038403800515452
2024-07-22 07:00:00,3499.28,3465.0,3492.25,-0.5895223477359731,-0.0027388968413252224,0.00036789205489706767,0.0020115118892047265,0.122710806391509,0.9163612618181254,0.15393016357676137
2024-07-22 11:00:00,3507.35,3443.7,3448.77,-0.015841991653429,-0.006992808253409977,0.002458233997030268,0.001997021156829563,-0.06556289787723635,0.9069131704518479,0.15091584087582852
2024-07-22 15:00:00,3479.47,3435.6,3472.8,-0.36371384026877,-0.0034955974747578056,-0.011813398754534576,0.0019750014324333887,0.08829187795489224,0.8832083491525303,0.1457232410225294
2024-07-22 19:00:00,3499.53,3435.6,3448.18,-0.22983588421350098,-0.011281970497050042,-0.00267181195926558,0.0019317646765713464,-0.13896455727945178,0.8972719483997339,0.14129652982922147
2024-07-22 23:00:00,3490.14,3422.34,3486.88,0.04758848216495871,-0.020188642755063935,0.005743509237514877,0.0019001190378650805,0.07186275024662003,0.892247650703592,0.1342530404313178
2024-07-23 03:00:00,3488.41,3425.0,3445.39,0.10260888067843595,-0.013551449352345646,-0.0001927967751339521,0.0018777728569077206,0.1976846518706019,0.871127003652414,0.12967432293627065
2024-07-23 07:00:00,3541.0,3439.4,3506.01,1.4239769810843432,0.007442956437973436,-0.0027388968413252224,0.001820610033302403,0.09768191196140541,0.9554638517189454,0.12253363855530845
2024-07-23 11:00:00,3521.38,3429.59,3488.62,1.8459149616608337,0.0009829118376625257,-0.006992808253409977,0.0018225864571244314,0.12296760432021125,0.9120677456200919,0.11718019196290734
2024-07-23 15:00:00,3488.72,3389.0,3446.26,1.6851328297342447,-0.006177883650399396,-0.0034955974747578056,0.0018186101147738992,0.08048976189967938,0.8509568070500786,0.11145358054072611
2024-07-23 19:00:00,3496.5,3445.27,3482.39,0.8622706319872409,0.0015719142353149973,-0.011281970497050042,0.0017605130033462432,0.24610765154041414,0.9055002081214646,0.10482253399188418
2024-07-23 23:00:00,3500.0,3427.4,3449.81,0.47853497146696633,-0.00030297459630379553,-0.020188642755063935,0.001732421471606571,-0.07336810776494729,0.8906632380242379,0.09831898705530512
2024-07-24 03:00:00,3459.96,3429.61,3440.41,-0.5271239233552995,-0.0024085674566206583,-0.013551449352345646,0.0017022407192509342,0.1420318726481402,0.8585822147705692,0.0912665907116406
2024-07-24 07:00:00,3472.33,3437.4,3469.63,-0.4529060380183439,-0.014492593827315936,0.007442956437973436,0.0016604041336464228,-0.02832971413517016,0.8787583293953429,0.08289972062706254
2024-07-24 11:00:00,3472.11,3429.82,3435.65,0.016018538075805944,-0.007794976944302534,0.0009829118376625257,0.0016261396238489783,-0.023067413135219095,0.8711492356899216,0.07439159604307462
2024-07-24 15:00:00,3437.18,3371.0,3383.19,0.13288961549788003,-0.00787659590351053,-0.006177883650399396,0.0016075749684373887,-0.16015382065744588,0.8100911973523286,0.06458979315483075
2024-07-24 19:00:00,3401.92,3300.0,3329.25,0.6506203219564056,-0.03691594246683372,0.0015719142353149973,0.0015916254649193534,-0.167228120671287,0.711958200019298,0.06032505345799439
2024-07-24 23:00:00,3342.5,3153.04,3184.31,2.8485914325321033,-0.06749243799686899,-0.00030297459630379553,0.001575327082904159,-0.0769104681184336,0.5378169037984402,0.07414972510586917
2024-07-25 03:00:00,3194.65,3130.0,3170.78,0.7016244261221829,-0.07844382213993284,-0.0024085674566206583,0.0014992876959404706,-0.1605218088164363,0.45099927272771423,0.08577759339028895
2024-07-25 07:00:00,3187.8,3152.89,3170.0,0.11548392659189359,-0.08296990548260896,-0.014492593827315936,0.0013742625194037557,-0.09029543277930252,0.4459844917675544,0.09531071486380596
2024-07-25 11:00:00,3183.79,3105.35,3172.0,0.9156408347525324,-0.08625354353955061,-0.007794976944302534,0.0012655237635467518,0.021777881515568476,0.42190414201811577,0.10445939725896987
2024-07-25 15:00:00,3175.32,3100.9,3115.65,0.35347522131515086,-0.07709778738765738,-0.00787659590351053,0.0011582143437029763,0.0915710858713843,0.4132406105743463,0.1190429805556296
2024-07-25 19:00:00,3198.5,3087.53,3165.04,0.6264713252840258,-0.06055311811641606,-0.03691594246683372,0.001037706093037462,0.04829047455110702,0.4062113526049263,0.12506706067358364
2024-07-25 23:00:00,3253.12,3163.31,3245.01,0.30818461917577483,-0.00947566957875412,-0.06749243799686899,0.0008917154778539645,0.16279807448354733,0.49162213857916764,0.12537275446928484
2024-07-26 03:00:00,3274.89,3232.91,3266.3,0.1733670990963273,0.024789591599154503,-0.07844382213993284,0.0007618704233139324,0.10910741043494943,0.569698649946145,0.12706235340078859
2024-07-26 07:00:00,3276.0,3238.11,3246.21,-0.03269337383265481,0.02724652831096197,-0.08296990548260896,0.0006567110903834222,-0.1810637537403108,0.5763117218027031,0.13095928285845593
2024-07-26 11:00:00,3271.14,3221.43,3240.81,0.1659037550052919,0.02825861175327038,-0.08625354353955061,0.0005500091379716645,-0.05098914757620665,0.556391953083197,0.13432615341350196
2024-07-26 15:00:00,3264.8,3239.0,3259.99,-0.5785726197803628,0.03330638254918972,-0.07709778738765738,0.00044138644493549913,0.06107843898966969,0.5714631189881673,0.13570776027418074
2024-07-26 19:00:00,3286.36,3251.24,3279.66,-0.6392421729348708,0.039796757336372446,-0.06055311811641606,0.00034643293803060337,-0.0057306630023635785,0.5949867496332032,0.1365731634491639
2024-07-26 23:00:00,3285.94,3243.75,3259.0,-0.8278417373881951,0.019264964059950485,-0.00947566957875412,0.0002518595084362465,-0.2276488049597759,0.584650678919941,0.13918905084719077
2024-07-27 03:00:00,3270.54,3241.31,3270.39,-0.7378301224478769,-0.00024070757434258017,0.024789591599154503,0.00015782119176991092,-0.06061704211993135,0.5685175040901,0.13979588928641049
2024-07-27 07:00:00,3282.98,3262.92,3271.61,-0.7324336189904153,0.00539615581273134,0.02724652831096197,5.861691691706863e-05,0.18979969193524915,0.6028262042987086,0.1408300326657551
2024-07-27 11:00:00,3327.59,3263.99,3311.25,-0.05316009345559393,0.01781794648070245,0.02825861175327038,-2.7869354724429108e-05,0.1856796050196119,0.6435870586745287,0.13959706886610262
2024-07-27 15:00:00,3315.38,3244.61,3249.01,-0.1736587403065652,0.0074181331391185434,0.03330638254918972,-0.00010829001183876191,-0.02161470636562124,0.6078767959494867,0.14425657623417898
2024-07-27 19:00:00,3294.5,3191.01,3275.19,0.9086101431175244,-0.0064123359457498585,0.039796757336372446,-0.00019695178619570994,0.04164353611389515,0.5633594268216542,0.14439859654282242
2024-07-27 23:00:00,3275.73,3225.73,3251.99,-0.7220258296827431,-0.0043282121364753845,0.019264964059950485,-0.00028843132725797204,0.1465240412772737,0.5633475380988153,0.1471178089648336
2024-07-28 03:00:00,3252.0,3198.11,3221.98,-0.7249042972090374,-0.008066515266753616,-0.00024070757434258017,-0.00038016704579785026,-0.07828564189555098,0.5289448495567779,0.15069694040469753
2024-07-28 07:00:00,3255.36,3214.6,3248.52,-0.8794691661922655,-0.012533380002509031,0.00539615581273134,-0.00047284885070362684,0.00992061684254475,0.5409100318123407,0.15083862295337472
2024-07-28 11:00:00,3279.93,3248.5,3264.77,-0.6867182983831668,-0.010495058020469239,0.01781794648070245,-0.0005546187115883056,0.03140257855270567,0.5913126166474768,0.15110285782607819
2024-07-28 15:00:00,3284.3,3260.51,3275.55,-0.9168327142597487,-0.0019198795378756461,0.0074181331391185434,-0.0006358007973829436,0.04030723308093287,0.5983826991566819,0.15150286109181507
2024-07-28 19:00:00,3277.72,3251.08,3259.73,-0.9807912587546135,0.005144724049418015,-0.0064123359457498585,-0.0007192043629959311,-0.12124818543427796,0.5885718414232618,0.1531855201039538
2024-07-28 23:00:00,3331.5,3258.31,3330.99,-0.27364094627671925,0.015526773408405914,-0.0043282121364753845,-0.0007836911170322376,0.1646134795236307,0.6394384022841518,0.15000916648091486
2024-07-29 03:00:00,3389.0,3328.44,3373.56,0.23050695720708406,0.04059528100997167,-0.008066515266753616,-0.0008189444949681584,0.1996031581970399,0.7264904339670206,0.14778703147941769
2024-07-29 07:00:00,3396.77,3361.82,3384.78,-0.2979519177650807,0.045179952628050524,-0.012533380002509031,-0.0008347759405055439,-0.059404670961017314,0.7613062251244668,0.1472521275486807
2024-07-29 11:00:00,3388.0,3315.36,3325.88,0.16528164446010687,0.02709094478179086,-0.010495058020469239,-0.0008522632072440191,-0.16253651442152417,0.7248327264113843,0.14932519672751365
2024-07-29 15:00:00,3333.65,3258.0,3313.6,0.8553506918177078,0.007370222017347272,-0.0019198795378756461,-0.0008868327051067965,-0.10382156861067315,0.6347595962245395,0.14872936860401198
2024-07-29 19:00:00,3353.38,3304.25,3329.39,-0.37766782174395563,0.019170785488404896,0.005144724049418015,-0.0009036601342140594,0.1575938263385146,0.6830042050343592,0.14651687859673537
2024-07-29 23:00:00,3337.94,3282.3,3311.4,0.09327136612047345,0.005052383578673769,0.015526773408405914,-0.0009120224218498992,-0.13125468608125934,0.664582670111741,0.14616329349876522
2024-07-30 03:00:00,3329.01,3298.12,3328.12,-0.7947977243215759,-0.01212730470129375,0.04059528100997167,-0.0009074481544326505,-0.1335880727055202,0.6650806009930628,0.14388252475895366
2024-07-30 07:00:00,3355.5,3327.09,3336.6,-0.5341659503916826,-0.011409103387526098,0.045179952628050524,-0.0009063765758105955,-0.07844940582276183,0.7031359785690311,0.14213238196881423
2024-07-30 11:00:00,3366.4,3293.82,3301.0,-0.34879962757973787,-0.006429114855183715,0.02709094478179086,-0.000918503414601739,-0.0956846932638612,0.6922878509192839,0.14220718658788448
2024-07-30 15:00:00,3327.42,3277.0,3284.2,-0.4937327408708181,0.0022467167644475428,0.007370222017347272,-0.0009335725599447838,-0.012881917437417845,0.6459303509317856,0.1405385251262291
2024-07-30 19:00:00,3288.13,3233.18,3279.04,-0.22676408362270836,-0.018289427116396362,0.019170785488404896,-0.0009442050278231679,-0.1365352909632822,0.5911861644256263,0.13873262619609986
2024-07-30 23:00:00,3304.89,3262.04,3291.45,-0.8368811228000071,-0.009739453891993266,0.005052383578673769,-0.0009507436214121072,0.10531257457013021,0.6158673026425547,0.13585688388861877
2024-07-31 03:00:00,3325.67,3262.49,3324.4,-0.3511895153518502,-0.005050915947428014,-0.01212730470129375,-0.0009450200349259381,0.17817895207085654,0.6398141205559786,0.13260122429708582
2024-07-31 07:00:00,3332.04,3306.81,3309.83,-0.6188492953651906,-0.005958135274696907,-0.011409103387526098,-0.0009285280865200001,0.11404704606741856,0.6731045248660714,0.13099791670719393
2024-07-31 11:00:00,3350.0,3307.1,3320.87,-0.06813710690730458,-0.0022517990844185265,-0.006429114855183715,-0.0009116005841092549,0.10692051982053896,0.6809622846672895,0.12766996601352956
2024-07-31 15:00:00,3326.79,3282.76,3317.79,-0.18537990695718695,0.0012427772293783779,0.0022467167644475428,-0.0009063054139169166,-0.001157040246415053,0.6521233657496791,0.12615420986295084
2024-07-31 19:00:00,3322.0,3213.75,3243.34,0.35619485152194263,-0.00548895871431454,-0.018289427116396362,-0.0009272359120112558,-0.016425547415515607,0.564134041572539,0.12558189042485152
2024-07-31 23:00:00,3243.87,3176.81,3197.69,0.022659475474032697,-0.02196662698897489,-0.009739453891993266,-0.0009584575076696242,-0.16250496755690536,0.5070634612653935,0.12440134190534481
2024-08-01 03:00:00,3197.69,3136.47,3168.14,0.08027408405267958,-0.03939823872000614,-0.005050915947428014,-0.001000787901268166,-0.15198166520569656,0.44372555374585776,0.12530710809179046
2024-08-01 07:00:00,3194.23,3164.7,3190.61,-0.6529146677519676,-0.04233339522151558,-0.005958135274696907,-0.0010317245005797735,0.07654517100506042,0.4609981251200977,0.12262016997925948
2024-08-01 11:00:00,3207.0,3142.73,3142.74,-0.027224389759435204,-0.04391871150523241,-0.0022517990844185265,-0.0010569762143201864,-0.051944274739117446,0.4605677451217246,0.12535376841510087
2024-08-01 15:00:00,3146.25,3080.02,3091.99,1.3100289548536614,-0.05943855336492432,0.0012427772293783779,-0.0011008987130732477,-0.030825909172003785,0.35556071228037367,0.12913828418364026
2024-08-01 19:00:00,3219.34,3090.3,3209.21,0.07776991571942302,-0.02754431698046056,-0.00548895871431454,-0.0011356398577880063,0.13968250384554426,0.4291280622439782,0.12284584949731077
2024-08-01 23:00:00,3218.6,3136.41,3159.46,-0.35794204441415645,-0.00846352922955207,-0.02196662698897489,-0.001161051312474198,0.018649996513977696,0.46606325648034397,0.12261206830264978
2024-08-02 03:00:00,3175.52,3127.0,3155.44,-0.6185323533079373,-0.004318499672762766,-0.03939823872000614,-0.0011979629422816994,0.12107788077144321,0.4230788020615355,0.12195892423002637
2024-08-02 07:00:00,3164.28,3134.26,3159.38,-0.575395319120874,-0.009043729966295655,-0.04233339522151558,-0.001227712687154528,-0.0827673417814846,0.41616751397879975,0.11786773694197834
2024-08-02 11:00:00,3182.8,3031.61,3038.41,2.202894906848123,-0.0192962306927541,-0.04391871150523241,-0.0012762332065399513,-0.028644408726808956,0.36642876925799334,0.12389278731289118
2024-08-02 15:00:00,3048.59,2985.13,3015.1,2.8963681434434125,-0.028461592763688093,-0.05943855336492432,-0.001350895852426203,0.009303893886529302,0.22007638300850088,0.12869622605851158
2024-08-02 19:00:00,3041.91,2967.0,2978.48,0.8879173943219834,-0.04997200480113406,-0.02754431698046056,-0.0014051758843703866,-0.10642886492315862,0.18894599782411475,0.1338197927761247
2024-08-02 23:00:00,3003.53,2913.56,2962.26,0.8910080157528656,-0.07104712585304795,-0.00846352922955207,-0.001465666854206868,-0.002001985734163547,0.1226413999021149,0.13966213237016892
2024-08-03 03:00:00,2990.97,2958.41,2990.22,-0.6754678861737912,-0.05700646824457711,-0.004318499672762766,-0.001511411437055757,0.027511843540037217,0.14961573402610157,0.1412278707700298
2024-08-03 07:00:00,2996.63,2974.5,2991.6,-0.5489316086349776,-0.05228771163356172,-0.009043729966295655,-0.0015492439294695739,-0.14119834967263079,0.16693259501692012,0.14181438434673901
2024-08-03 11:00:00,3018.02,2989.02,3000.0,-0.6990782903835192,-0.03658838233403405,-0.0192962306927541,-0.001579849365713294,-0.025352457508510007,0.19384622742854188,0.14248459788813742
2024-08-03 15:00:00,3005.36,2893.01,2903.98,2.780265709457026,-0.03147499005896914,-0.028461592763688093,-0.0016536764106686286,-0.10948108045562743,0.07621947356560564,0.1551626754627651
2024-08-03 19:00:00,2922.41,2859.0,2909.37,0.8643051617693358,-0.03476807602385723,-0.04997200480113406,-0.0017154782561835198,0.006627249971769,0.03112033367775393,0.1629130197888352
2024-08-03 23:00:00,2935.46,2876.22,2920.51,-0.29466736116249653,-0.016820305788177503,-0.07104712585304795,-0.0017568911058672555,0.08583678230722969,0.04740282873950437,0.17016996661053907
2024-08-04 03:00:00,2922.0,2900.03,2918.05,-1.0475870840864603,-0.021032610918869987,-0.05700646824457711,-0.001794455827136304,-0.10520092459931385,0.054967844919128636,0.1777066276093942
2024-08-04 07:00:00,2918.55,2876.93,2915.83,-0.6472773822398813,-0.02824262107827713,-0.05228771163356172,-0.0018409398468363276,0.1139645694489888,0.03935019586527713,0.1848652625771739
2024-08-04 11:00:00,2925.8,2851.8,2864.4,0.12987491008205884,-0.03834536729291871,-0.03658838233403405,-0.0018909772682037195,0.02665682324556795,0.01959396176814813,0.1975231112001697
2024-08-04 15:00:00,2869.51,2630.0,2729.78,5.0,-0.05861094992529747,-0.03147499005896914,-0.0020237103641518486,0.1293573981462861,0.0,0.22461742832212014
2024-08-04 19:00:00,2772.74,2709.32,2722.17,1.3751006116765916,-0.05263040592436197,-0.03476807602385723,-0.002117837559648043,0.06011487483777733,0.0,0.2418353296082081
2024-08-04 23:00:00,2724.12,2111.0,2334.61,5.0,-0.1844211678449611,-0.016820305788177503,-0.002535058105130042,-0.08752292610880164,0.0,0.3377598897349828
2024-08-05 03:00:00,2386.44,2160.0,2268.21,5.0,-0.21396470092150355,-0.021032610918869987,-0.0028323729926294536,0.018063108241544112,0.0,0.4021290023733312
2024-08-05 07:00:00,2368.0,2224.22,2272.78,3.4474830233759874,-0.20461527134139146,-0.02824262107827713,-0.0030476609620517193,0.07002619988282599,0.015239184415692157,0.4470476567191938
2024-08-05 11:00:00,2442.59,2183.51,2403.57,5.0,-0.20419365588242078,-0.03834536729291871,-0.0032883130601099124,0.10475149692555763,0.00789065360065613,0.44990352486811114
2024-08-05 15:00:00,2518.0,2372.0,2374.41,2.1556634397528915,-0.11139641238845766,-0.05861094992529747,-0.0032984838252897147,0.07065236369142136,0.1272442392437786,0.48200259908460524
2024-08-05 19:00:00,2473.45,2364.14,2452.79,0.511557440194969,-0.11892029323342568,-0.05263040592436197,-0.0034965113236565524,-0.001488340123415366,0.10304852566809918,0.4845555619543512
2024-08-05 23:00:00,2547.43,2410.71,2507.8,0.6895117490967448,0.054454906248045276,-0.1844211678449611,-0.0035315602551321767,0.15495661600503463,0.16915333045349842,0.487323478550829
2024-08-06 03:00:00,2535.19,2478.53,2514.74,0.26370786522234474,0.09453321925335612,-0.21396470092150355,-0.0036391298135439692,0.029280857898152046,0.17341823749511803,0.49764454243397505
2024-08-06 07:00:00,2529.41,2440.32,2457.18,0.4588293417945641,0.07306369071990604,-0.20461527134139146,-0.0037929302568055303,-0.01738345639332295,0.1503856735829186,0.5229205594081365
2024-08-06 11:00:00,2556.23,2414.19,2523.92,1.0994295869877921,0.0788344708049531,-0.20419365588242078,-0.003881728233162711,0.0015992650882645787,0.15313208299822106,0.5172965397917528
2024-08-06 15:00:00,2549.73,2480.99,2500.4,0.3867008225608958,0.028516033956585973,-0.11139641238845766,-0.003916945883147792,0.057037873444605536,0.18318451374105996,0.5317560344988977
2024-08-06 19:00:00,2514.92,2457.51,2475.4,0.02939394699812788,0.028348005902003814,-0.11892029323342568,-0.0040539316522619955,0.012374580317388473,0.15797327711523565,0.546416457371381
2024-08-06 23:00:00,2530.0,2425.53,2495.0,0.29145629192659506,-0.010420630645247564,0.054454906248045276,-0.004152191953197673,-0.02285660040198434,0.1482743246970388,0.550036200939632
2024-08-07 03:00:00,2534.6,2490.92,2500.38,0.09277184974484476,0.0026738877417367135,0.09453321925335612,-0.004165954953560544,0.03137795133353838,0.17878710192430367,0.5562741217106973
2024-08-07 07:00:00,2551.32,2485.12,2508.46,0.2044510439174722,0.017986565590689896,0.07306369071990604,-0.004213934351157112,0.08721137466426754,0.18608638803912259,0.5602916749965211
2024-08-07 11:00:00,2513.88,2364.76,2390.21,1.2945023166134348,-0.013926248477287961,0.0788344708049531,-0.004393736877940521,-0.09909793972077818,0.12545225978605024,0.5977482556333042
2024-08-07 15:00:00,2422.05,2326.95,2344.07,0.6317535115539703,-0.055129162018803135,0.028516033956585973,-0.004588450207556236,-0.10242973992174276,0.07195297951953271,0.6201096440742324
2024-08-07 19:00:00,2370.0,2309.04,2356.46,0.17897280545468885,-0.05616321579087136,0.028348005902003814,-0.0047540623674207074,0.08827953124840704,0.04607132503832243,0.6259446177557432
2024-08-07 23:00:00,2465.25,2320.4,2455.24,0.23651150541299792,-0.030898391134393077,-0.010420630645247564,-0.004778993312550844,-0.002957894336496847,0.0870107533494734,0.6026129699677815
2024-08-08 03:00:00,2459.27,2411.31,2433.19,-0.18531651748220287,-0.030874930937443645,0.0026738877417367135,-0.004845601449419928,-0.08559663575061327,0.11662796623040227,0.6082781849624729
2024-08-08 07:00:00,2453.0,2408.6,2447.12,-0.08768192121318892,-0.03667153744526597,0.017986565590689896,-0.0049972863700470365,-0.06416306025393215,0.11198952427044932,0.6030338341573825
2024-08-08 11:00:00,2525.68,2411.02,2499.21,0.7619805166763344,0.01122360420628099,-0.013926248477287961,-0.005042582922473663,0.15246196817045043,0.14744963758682175,0.5882336856828901
2024-08-08 15:00:00,2607.29,2480.74,2578.61,0.731150243829386,0.07364788931406885,-0.055129162018803135,-0.004998056148549473,0.12940385216071237,0.21235691677184115,0.565728745920263
2024-08-08 19:00:00,2724.1,2566.0,2707.67,0.2769831807339344,0.12137123869736444,-0.05616321579087136,-0.0049339726037013025,0.008722516758497667,0.2743148045699768,0.5315897762909497
2024-08-08 23:00:00,2722.0,2646.4,2668.87,0.2115636624598543,0.11814153032196684,-0.030898391134393077,-0.004896805807685796,-0.0987199104212626,0.3140172835296474,0.5325127885049654
2024-08-09 03:00:00,2707.98,2649.0,2687.9,-0.08569479963044918,0.10188646715131311,-0.030874930937443645,-0.004910048429337665,0.21591207516339894,0.31541831872854115,0.5206060381102159
2024-08-09 07:00:00,2698.81,2617.2,2635.21,0.008265659122781403,0.0950493679374893,-0.03667153744526597,-0.0049478089815313845,-0.06148775240746185,0.29699915389961085,0.5223447569567178
2024-08-09 11:00:00,2663.96,2557.47,2591.55,0.4619714165063058,0.05532925134058653,0.01122360420628099,-0.005038956884044324,-0.10291173918993402,0.2571076987391079,0.5236024622220965
2024-08-09 15:00:00,2609.75,2552.61,2586.19,-0.009646989616344815,0.01096098673119461,0.07364788931406885,-0.005105967236486524,-0.12327096712375996,0.2347921458551485,0.5171083276120404
2024-08-09 19:00:00,2613.07,2562.39,2598.4,-0.31636362201126095,-0.015399279644938257,0.12137123869736444,-0.005102025339824327,-0.11921251791995546,0.24184105674971862,0.506404521509
2024-08-09 23:00:00,2644.7,2574.61,2603.69,-0.23657483898424567,-0.02967867764401999,0.11814153032196684,-0.0050815563148129605,0.08152035925298096,0.2502530588233767,0.4957701684078144
2024-08-10 03:00:00,2625.96,2588.4,2619.9,-0.5063710956682705,-0.028785740068463683,0.10188646715131311,-0.005067303980922064,-0.15218458015141711,0.2535322281059643,0.4806378335255109
2024-08-10 07:00:00,2640.97,2619.1,2629.6,-0.4464202957887754,-0.010779008401336054,0.0950493679374893,-0.005008953655749896,0.006662297391734517,0.27402404334935176,0.466444654401873
2024-08-10 11:00:00,2642.84,2604.07,2610.66,-0.5384894896354117,0.004902162295792767,0.05532925134058653,-0.0049950642100279365,0.0470935636984493,0.26736094599352306,0.4559280792664862
2024-08-10 15:00:00,2622.94,2589.51,2600.68,-0.2628414661464126,0.010317695607627853,0.01096098673119461,-0.004980719700780995,0.15092049048974165,0.2561421500137191,0.4427944186396996
2024-08-10 19:00:00,2618.0,2595.29,2606.37,-0.5374951004921052,0.005853288055003736,-0.015399279644938257,-0.004951710916442132,0.17545303944228974,0.2539942961981288,0.429574226366711
2024-08-10 23:00:00,2631.9,2600.21,2624.93,-0.5427558809375739,0.0069836280959538755,-0.02967867764401999,-0.004897624492620144,0.019686256350136544,0.26481198068901357,0.41548018461684033
2024-08-11 03:00:00,2668.28,2624.93,2659.8,-0.35380988124438995,0.01780286243776552,-0.028785740068463683,-0.004800557372122668,0.10177840602529176,0.2907046224657409,0.39953087863954373
2024-08-11 07:00:00,2720.0,2659.79,2675.61,-0.19367739530584133,0.021331215684486038,-0.010779008401336054,-0.00469303975371091,0.033993938659993894,0.31900075810511475,0.3849055869735988
2024-08-11 11:00:00,2677.56,2604.2,2615.49,-0.08031991167442698,0.0074624322045777625,0.004902162295792767,-0.004709330584427373,-0.11299182443230593,0.2830457076794837,0.3829608620960688
2024-08-11 15:00:00,2645.92,2594.46,2639.11,-0.32244869591546915,0.005422218922231048,0.010317695607627853,-0.004679547535660904,-0.09487076425512941,0.26747790004859384,0.37035676011184304
2024-08-11 19:00:00,2639.88,2540.0,2567.56,0.19367550715299145,-0.009575917666932776,0.005853288055003736,-0.004689455879118805,-0.11033107518196017,0.23399534592229368,0.36459239214866784
2024-08-11 23:00:00,2577.9,2510.05,2551.21,-0.12758045603380214,-0.02911621835425715,0.0069836280959538755,-0.004703213010872931,0.03090117293671968,0.20368886425850313,0.3525255448176949
2024-08-12 03:00:00,2562.6,2531.0,2552.76,-0.4359142986705483,-0.03970399174248007,0.01780286243776552,-0.004636888501411479,0.049252695619137254,0.2063267560400882,0.33678467405614504
2024-08-12 07:00:00,2642.87,2516.36,2641.44,0.15961951881809885,-0.03688995005018436,0.021331215684486038,-0.004477154143369513,0.073166590937493,0.23955937515050804,0.3083947715044585
2024-08-12 11:00:00,2723.7,2592.58,2702.09,0.8769361103792719,0.009357360255741298,0.0074624322045777625,-0.004234995390591908,0.19322694498763537,0.30286005339957284,0.29110495173702167
2024-08-12 15:00:00,2711.42,2627.89,2632.53,0.07311236488562106,0.018563419900814893,0.005422218922231048,-0.004095373809231052,-0.0010435421550573087,0.30649721850673944,0.2883188682896305
2024-08-12 19:00:00,2706.0,2632.54,2696.32,-0.13989032063030113,0.03794921811744789,-0.009575917666932776,-0.003964435276549189,0.125137896326865,0.31249194144308234,0.27297138134527643
2024-08-12 23:00:00,2750.0,2686.0,2714.48,0.06486871396236824,0.06983873728767276,-0.02911621835425715,-0.0037687299180078956,-0.013046525997171154,0.34603121912449725,0.263296906606023
2024-08-13 03:00:00,2715.72,2635.13,2654.61,-0.1311235213016115,0.04543676155121146,-0.03970399174248007,-0.003699827925516059,-0.13814122810171647,0.29905389527362936,0.2585221162919993
2024-08-13 07:00:00,2662.0,2611.37,2633.65,-0.33593116625337954,0.019557206738793687,-0.03688995005018436,-0.003593713478822961,-0.1121532894524171,0.28012157217019146,0.24877177067664255
2024-08-13 11:00:00,2674.99,2630.0,2662.34,-0.1425722986667149,-0.0058957554266341194,0.009357360255741298,-0.003432309079251066,0.04086316596453887,0.2902588854499321,0.23319527475443844
2024-08-13 15:00:00,2730.28,2643.77,2697.95,0.030590089925982132,0.009135752896111127,0.018563419900814893,-0.0032266536520019836,0.07167474625488723,0.326056554644643,0.22288057431160488
2024-08-13 19:00:00,2734.0,2675.1,2713.49,-0.26901768625396055,0.012493397279867535,0.03794921811744789,-0.0030499145369078957,0.040089830258878356,0.3393147744294968,0.21407458745765207
2024-08-13 23:00:00,2719.93,2685.8,2709.06,-0.43401126219047154,-0.006896484830186567,0.06983873728767276,-0.002905837098098411,-0.09970483396926688,0.33099343409678245,0.20571738640926368
2024-08-14 03:00:00,2750.0,2705.0,2727.69,-0.28569600010625396,0.024158559982617733,0.04543676155121146,-0.002719294889156924,0.19311503859192558,0.3505967303134415,0.1957965779137911
2024-08-14 07:00:00,2764.05,2715.0,2742.81,-0.18196749125991094,0.03684546038341763,0.019557206738793687,-0.0025333419215302594,0.1652749050797533,0.358034626478444,0.18636993239261201
2024-08-14 11:00:00,2780.0,2632.2,2653.79,0.6428520659682534,0.01956174443223646,-0.0058957554266341194,-0.0023709383601458987,-0.0999662059123172,0.3318222646368013,0.18453718191800655
2024-08-14 15:00:00,2685.98,2638.35,2659.05,-0.1142488199898067,-0.01351496802720098,0.009135752896111127,-0.0022178102166009015,-0.09919665096825991,0.29685712409631937,0.18231191939738128
2024-08-14 19:00:00,2679.81,2641.3,2670.1,-0.4779945770138695,-0.01805502077257204,0.012493397279867535,-0.0020379483491293066,-0.16674485352167046,0.30006706756170953,0.18015131663341838
2024-08-14 23:00:00,2674.2,2634.0,2648.64,-0.39033479034403024,-0.017169357961169474,-0.006896484830186567,-0.0018795862090647958,0.05242216918387488,0.29381383853629833,0.1762997216151177
2024-08-15 03:00:00,2656.62,2610.69,2623.99,-0.3705483420969524,-0.03336911504114348,0.024158559982617733,-0.0017386816261021302,-0.1296297949495553,0.2776830285973499,0.1674564860048218
2024-08-15 07:00:00,2630.66,2589.0,2618.03,-0.3308551743774384,-0.044450043519205784,0.03684546038341763,-0.0016123424208885453,-0.1287136050604929,0.26057775553694795,0.15638278161697552
2024-08-15 11:00:00,2669.95,2617.0,2654.39,-0.16825532796703338,-0.019670649572069654,0.01956174443223646,-0.0014509450518566086,0.06751704329660813,0.28920991302158966,0.150609439574263
2024-08-15 15:00:00,2675.6,2542.17,2554.32,0.24170432285638893,-0.024170693422077782,-0.01351496802720098,-0.0013230579309082113,-0.019609474944257688,0.245341499571179,0.15039229456748482
2024-08-15 19:00:00,2589.55,2515.71,2576.45,0.23351142820847592,-0.044342268647950656,-0.01805502077257204,-0.0012247459032368893,0.019513852567958345,0.20541690646076097,0.1464403218083817
2024-08-15 23:00:00,2610.35,2552.17,2594.2,-0.3572685178838387,-0.029695848518707546,-0.017169357961169474,-0.0010830324584866049,0.06027943746207165,0.2306126808874859,0.14440092005802901
2024-08-16 03:00:00,2628.22,2576.48,2626.33,-0.3852356736175417,-0.014229806177646132,-0.03336911504114348,-0.0009253917877715948,0.028098204559870776,0.24762751802895408,0.1418540831921108
2024-08-16 07:00:00,2628.83,2611.0,2618.31,-0.5104112464565331,0.0016333360288744991,-0.044450043519205784,-0.0007684027117302214,0.08073132458949339,0.26399967049281486,0.1395585369053938
2024-08-16 11:00:00,2625.0,2560.71,2582.09,-0.057145824721661916,-0.02181619164809101,-0.019670649572069654,-0.0006151574593350269,-0.0751657855284884,0.24287933209369356,0.14072939057301367
2024-08-16 15:00:00,2630.97,2550.04,2614.27,0.18932747658018795,-0.0011996476463240757,-0.024170693422077782,-0.0004694075847775353,-0.07104659748267272,0.24284646008857774,0.1375583408465236
2024-08-16 19:00:00,2629.2,2591.67,2595.9,-0.4951795543356953,0.02673917451573038,-0.044342268647950656,-0.00034879888308624637,-0.010918147183614502,0.25996176528630077,0.13614239803538683
2024-08-16 23:00:00,2607.92,2587.0,2598.32,-0.5636956157916692,0.008350755349396222,-0.029695848518707546,-0.00022993861093617525,0.02317914031523105,0.24785767077626253,0.13421797863744894
2024-08-17 03:00:00,2603.65,2588.47,2597.39,-0.6489152872343116,-0.00012186766073873923,-0.014229806177646132,-0.00012546336632752918,0.14725218906474313,0.24737377782612727,0.13257173479678272
2024-08-17 07:00:00,2607.28,2590.9,2596.73,-0.6016350564828432,-0.007362599093347355,0.0016333360288744991,-1.2420913037169087e-05,-0.07559938608811079,0.24854948872962637,0.13110300439905154
2024-08-17 11:00:00,2616.21,2593.0,2613.58,-0.5712423763975503,0.004969676145093027,-0.02181619164809101,0.00010751190703178927,0.15699494930108093,0.25320307935163716,0.12260548403754822
2024-08-17 15:00:00,2629.69,2605.26,2610.86,-0.5622608953755194,0.009150510952180557,-0.0011996476463240757,0.0002371926187391221,0.3158596323546241,0.261854955760414,0.11019170248039112
2024-08-17 19:00:00,2618.23,2600.0,2608.88,-0.6341628308156465,-0.0013729060299059181,0.02673917451573038,0.00034908630273532446,-0.0761383850408951,0.2570863089890237,0.09700635067868396
2024-08-17 23:00:00,2638.22,2605.05,2631.1,-0.5739668549947692,0.007429685551960663,0.008350755349396222,0.00044975877296884136,0.05964192741366858,0.2633287013728858,0.09029058003166442
2024-08-18 03:00:00,2638.22,2594.53,2606.58,-0.4919099122628692,0.005009266714032901,-0.00012186766073873923,0.0005612042150634496,-0.1676416052765376,0.2578022823543257,0.08269997404746546
2024-08-18 07:00:00,2669.49,2602.5,2644.3,-0.307394690179214,0.015616370437131266,-0.007362599093347355,0.0006657297767926333,0.2367246748610301,0.28107867332787106,0.07329434902682037
2024-08-18 11:00:00,2689.16,2642.36,2664.01,-0.33789205682804385,0.02240510018959241,0.004969676145093027,0.0007776749984204786,0.007123283452879825,0.29997757607354886,0.06825203989242157
2024-08-18 15:00:00,2678.38,2643.75,2660.21,-0.532879043514184,0.017522844956712413,0.009150510952180557,0.0009013142849854557,-0.15811367396338105,0.29858851120939234,0.06767671866885046
2024-08-18 19:00:00,2670.0,2637.65,2646.59,-0.5764962066571179,0.01812407368298663,-0.0013729060299059181,0.0009839222220270236,0.13587823399795806,0.29499380716998747,0.06651639002496311
2024-08-18 23:00:00,2648.7,2603.53,2639.43,-0.25604717624150497,0.002563434375144835,0.007429685551960663,0.00107407903282362,-0.09471605805184957,0.27521561988551807,0.06634038753802765
2024-08-19 03:00:00,2648.08,2619.04,2625.63,-0.46614718658683124,0.008763892163951681,0.005009266714032901,0.001016217566540054,0.11443685947364157,0.28282812212526054,0.06579907850309888
2024-08-19 07:00:00,2632.28,2565.84,2576.81,-0.26135285151599835,-0.017410658359026665,0.015616370437131266,0.0009507353877558662,-0.24957508985948684,0.2501623976202155,0.06795315652977274
2024-08-19 11:00:00,2604.67,2563.58,2584.63,-0.295269656067411,-0.030751232529163564,0.02240510018959241,0.0008645070267074853,-0.08014665364641638,0.24001757476840666,0.0679258589103049
2024-08-19 15:00:00,2629.96,2574.28,2608.6,-0.22705915852896727,-0.024648899741189445,0.017522844956712413,0.0007601173371972271,0.11131497851523364,0.25197056064615686,0.06685059429107791
2024-08-19 19:00:00,2627.2,2601.66,2622.79,-0.5423429655789608,-0.01583329109128817,0.01812407368298663,0.0007072672434588305,-0.08998399537850132,0.26760679628152784,0.066183507830383
2024-08-19 23:00:00,2677.0,2616.42,2654.27,-0.25819245528536816,0.009672094855091906,0.002563434375144835,0.0006464266287674119,0.024770005790866634,0.2960505115119259,0.06529993734624703
2024-08-20 03:00:00,2695.0,2651.12,2675.97,-0.2624017779392217,0.01552849646753418,0.008763892163951681,0.0006252572736423445,0.036303817635571,0.31639663971390336,0.06525236851503506
2024-08-20 07:00:00,2678.16,2653.0,2656.14,-0.5015639500936595,0.027366177481229936,-0.017410658359026665,0.0006207003361002002,0.12142885655740066,0.3158832489299124,0.06587907865716941
2024-08-20 11:00:00,2657.7,2582.78,2585.41,-0.0044211324370121005,0.017800042624010137,-0.030751232529163564,0.0006087795372467175,-0.047833613398846286,0.2854933997187946,0.06822171084318943
2024-08-20 15:00:00,2602.97,2555.0,2590.19,-0.004388052385631934,-0.007285036249240262,-0.024648899741189445,0.0005869759952630367,-0.04791929739333789,0.24305246599409663,0.06833292111113802
2024-08-20 19:00:00,2609.93,2565.23,2586.99,-0.42215625022400627,-0.009770588030328153,-0.01583329109128817,0.0005456261016485116,-0.07310132791843371,0.2556448851601861,0.06883684576370325
2024-08-20 23:00:00,2598.2,2557.0,2590.66,-0.40964580801628714,-0.026670450674859847,0.009672094855091906,0.0005022268089442637,-0.12857262882398446,0.24840765294513242,0.06924289820190747
2024-08-21 03:00:00,2605.34,2586.4,2600.64,-0.5464470274041652,-0.03010546915414669,0.01552849646753418,0.00044577125519965776,-0.0029662308431185336,0.26120413305606194,0.06904200046844874
2024-08-21 07:00:00,2607.87,2567.35,2588.55,-0.44337676935593534,-0.028855325480502847,0.027366177481229936,0.00040982111000703364,-0.06966178702937953,0.25710178027067926,0.06930385571181064
2024-08-21 11:00:00,2618.0,2536.22,2590.32,0.08150322924681103,-0.016640508140446153,0.017800042624010137,0.00037384448487864084,0.03533309508479787,0.26261256399087013,0.0696526533549844
2024-08-21 15:00:00,2645.03,2585.91,2638.86,-0.2644980538012626,0.015135903561569908,-0.007285036249240262,0.0003062588117371435,0.006716891712742701,0.30016503779302434,0.06837012465496896
2024-08-21 19:00:00,2663.74,2623.52,2630.77,-0.24546788874208345,0.02017038575930541,-0.009770588030328153,0.0002284561850680689,0.18846033102306659,0.32369194186389955,0.06744784665309889
2024-08-21 23:00:00,2640.25,2584.2,2602.99,-0.35981814180194305,0.01592173809023656,-0.026670450674859847,0.00015067468737278283,0.008040652148447736,0.3038369040409462,0.06650185001626734
2024-08-22 03:00:00,2629.73,2598.06,2627.28,-0.47897324769002947,0.008629898755124543,-0.03010546915414669,7.86775625626915e-05,0.010947213630897235,0.30040655476454525,0.06398183131659946
2024-08-22 07:00:00,2644.49,2619.6,2640.79,-0.4131776348878093,0.017256473025715646,-0.028855325480502847,1.5601929801966054e-05,0.2205966138606319,0.3152617236571183,0.06365124147254103
2024-08-22 11:00:00,2644.69,2599.6,2601.6,-0.14005210877093188,0.014821229261036795,-0.016640508140446153,-4.5295608604535365e-05,-0.14619446909795497,0.30554777150295825,0.06336439090284572
2024-08-22 15:00:00,2619.23,2590.5,2606.61,-0.3234910138888379,-0.003996555967466731,0.015135903561569908,-9.730508998606189e-05,0.06123305980245175,0.2905695708592163,0.06342922172565334
2024-08-22 19:00:00,2627.06,2598.89,2624.36,-0.47338336936872066,-0.009927900387851074,0.02017038575930541,-0.00012821701920406642,0.0014584230056204905,0.2996221359397863,0.06162881515511483
2024-08-22 23:00:00,2652.95,2618.03,2634.22,-0.42701877365149515,0.006618406835044777,0.01592173809023656,-0.00013019706291610624,0.22550891184578492,0.3197515636578905,0.059031174308814695
2024-08-23 03:00:00,2689.0,2633.21,2682.07,-0.07694471955790871,0.01914648400076846,0.008629898755124543,-0.00010877214172776492,0.06054454909293683,0.3463806225622121,0.05868557181956736
2024-08-23 07:00:00,2684.69,2662.61,2665.81,-0.32648425100139866,0.015316158181800876,0.017256473025715646,-7.853688123910093e-05,-0.15751811288267592,0.35226603115708927,0.05947350483442086
2024-08-23 11:00:00,2699.0,2632.83,2650.25,0.20902835968860886,0.01645707816029396,0.014821229261036795,-5.398060629045394e-05,0.09856941257586604,0.345148713362311,0.05961037887816428
2024-08-23 15:00:00,2740.27,2647.2,2725.26,0.41583683749735273,0.03715592485183872,-0.003996555967466731,-4.715405083627176e-05,-0.03843536189140939,0.37942196409575935,0.059369218616681
2024-08-23 19:00:00,2799.13,2719.68,2759.86,0.0895383105442464,0.055891374601456434,-0.009927900387851074,-3.791129641586988e-05,0.11147306969875381,0.43378329159949836,0.061559066353314575
2024-08-23 23:00:00,2769.6,2742.47,2754.06,-0.36404787319590426,0.0455660447964048,0.006618406835044777,-9.813111072909097e-06,-0.16017622084190353,0.43004510841604127,0.0642670190112449
2024-08-24 03:00:00,2765.3,2739.4,2755.51,-0.37127157075050277,0.03131620007732483,0.01914648400076846,1.917392671802091e-05,-0.2720581565304999,0.42301604723504255,0.06591819404081438
2024-08-24 07:00:00,2786.29,2754.82,2768.13,-0.28910162368850145,0.0347154327176693,0.015316158181800876,4.5716287654111326e-05,0.14929207735194994,0.43742420093459333,0.06728687867715244
2024-08-24 11:00:00,2771.3,2751.36,2759.56,-0.4274864372679485,0.03531030138751867,0.01645707816029396,8.423173069379483e-05,0.02592612778421688,0.43151480214149746,0.07150078244428826
2024-08-24 15:00:00,2820.0,2754.24,2783.68,0.13002720983589303,0.03364773854830294,0.03715592485183872,0.00011566539126746396,0.027039429515060664,0.4628747784909393,0.07602738951819282
2024-08-24 19:00:00,2807.61,2731.26,2751.8,-0.20213120645494095,0.0031677184596952124,0.055891374601456434,0.00015437449827672734,-0.2046783568783921,0.44181203942510106,0.07969320592406402
2024-08-24 23:00:00,2782.73,2748.9,2764.21,-0.3762439296610715,0.0019490837932798488,0.0455660447964048,0.0001834744414536606,0.03818007628576936,0.43497787702131413,0.08279445918822598
2024-08-25 03:00:00,2770.29,2752.4,2754.66,-0.5427596810807448,0.004010536079962046,0.03131620007732483,0.0002130470026161177,0.09360515830243865,0.4331377779014921,0.08580297555574205
2024-08-25 07:00:00,2761.5,2733.21,2753.21,-0.3777586267852842,-0.006363184827548052,0.0347154327176693,0.00025207415186622784,-0.13174930556237485,0.4212732089823796,0.08825317612960587
2024-08-25 11:00:00,2772.9,2746.0,2765.09,-0.5130515567168464,1.1633782766029555e-06,0.03531030138751867,0.0002951989470273934,0.06727214369813606,0.43151774814536925,0.09074750814139684
2024-08-25 15:00:00,2773.8,2760.0,2764.16,-0.5567122204122745,-0.009793388052698249,0.03364773854830294,0.0003274943794550445,-0.05510550970642558,0.4377680209293871,0.09177269873041477
2024-08-25 19:00:00,2792.28,2762.55,2771.04,-0.4852703915794358,0.0028282518898483655,0.0031677184596952124,0.00035411811185829324,0.168246824794555,0.4490030988267748,0.09327939755677017
2024-08-25 23:00:00,2779.76,2718.14,2741.6,-0.30806318896997376,-0.0049638439540774515,0.0019490837932798488,0.0003758248517772659,-0.02607511993240741,0.42239082561720614,0.09510269063869006
2024-08-26 03:00:00,2752.2,2733.26,2737.87,-0.5123386362367973,-0.006338838176032979,0.004010536079962046,0.0003724277725037471,-0.08342827102125094,0.41707575339461583,0.09635579306246972
2024-08-26 07:00:00,2749.12,2710.01,2737.19,-0.42438288874990676,-0.004910796089693137,-0.006363184827548052,0.0003671688670554859,-0.0007694043797820127,0.4181636098696071,0.09728631677810888
2024-08-26 11:00:00,2746.34,2704.36,2725.6,-0.2812459856581289,-0.012128095881574819,1.1633782766029555e-06,0.0003707385139795724,-0.12716793749824007,0.4155052593701997,0.09739443056264742
2024-08-26 15:00:00,2732.08,2675.52,2697.77,-0.023257501753837746,-0.02069927100546609,-0.009793388052698249,0.0003967269952591098,0.1074131220430401,0.3993499575716631,0.0982280402709488
2024-08-26 19:00:00,2700.71,2666.66,2686.6,-0.43405270264825296,-0.034052347708605546,0.0028282518898483655,0.0004200193839389309,-0.10394902490134705,0.3754600221297753,0.09788635713828009
2024-08-26 23:00:00,2693.79,2671.79,2676.91,-0.49814607655360454,-0.023794538593468806,-0.0049638439540774515,0.00043382333296061894,-0.008764234180915209,0.37564250606436506,0.09742980071950624
2024-08-27 03:00:00,2699.98,2667.12,2678.88,-0.33299787852426266,-0.020588286497074115,-0.006338838176032979,0.0004605618046749619,-0.1204237984155071,0.3786325262157072,0.09648479881149084
2024-08-27 07:00:00,2692.57,2635.76,2638.01,-0.3486070743071326,-0.025292940917140516,-0.004910796089693137,0.0004741067511703917,-0.08751391647964335,0.3605450410040116,0.09716723083997779
2024-08-27 11:00:00,2638.91,2555.0,2586.4,0.2818746616967538,-0.043995801116536115,-0.012128095881574819,0.0004800188866921308,0.07401546445784524,0.30568351636003704,0.0998457700281713
2024-08-27 15:00:00,2595.8,2563.49,2585.79,-0.13555509715959166,-0.047587272673256464,-0.02069927100546609,0.0004644826141265876,-0.12674978485579214,0.2806329698602906,0.10055930286326478
2024-08-27 19:00:00,2591.93,2392.96,2460.39,0.8733635647607033,-0.07502433847450551,-0.034052347708605546,0.0004686351750502967,-0.06042844285603122,0.18650973773268406,0.1135871987536278
2024-08-27 23:00:00,2469.48,2418.8,2459.99,0.2068381395044041,-0.08817495720239077,-0.023794538593468806,0.00043433899438429326,0.05320967747274685,0.1526253087666083,0.12122512771696735
2024-08-28 03:00:00,2485.99,2458.74,2462.23,-0.12106542982843026,-0.07991238882493301,-0.020588286497074115,0.0003756638824801461,0.36356977739340035,0.176812626835703,0.12761437657174238
2024-08-28 07:00:00,2550.31,2429.14,2521.25,0.34313277318291396,-0.06632613508667673,-0.025292940917140516,0.00033827968651206386,0.1459740623950656,0.19257534412497015,0.1277301206950401
2024-08-28 11:00:00,2539.4,2481.52,2503.55,-0.08047983245179603,-0.03473136314380609,-0.043995801116536115,0.00031081870163791235,-0.04024495153598695,0.2224579560356649,0.1324212208470635
2024-08-28 15:00:00,2540.0,2456.19,2533.0,0.21319911124779048,-0.03195557929173898,-0.047587272673256464,0.00028873115722598025,0.03539393503717392,0.21731907667194325,0.13316214454212325
2024-08-28 19:00:00,2554.6,2501.2,2532.44,-0.07306804169404739,0.01869677568068684,-0.07502433847450551,0.00024184987890424,0.05987326687521621,0.2602274467744153,0.1353868692844928
2024-08-28 23:00:00,2537.99,2512.2,2528.62,-0.4707221236331719,0.032205284045289106,-0.08817495720239077,0.000211834417245497,0.1713255401667435,0.26509876012964834,0.1378154333039765
2024-08-29 03:00:00,2559.39,2518.44,2550.27,-0.4351120497222167,0.02618303509858677,-0.07991238882493301,0.00017830180095491008,0.20366908850464993,0.27738751360920494,0.1380004139601949
2024-08-29 07:00:00,2556.7,2536.63,2542.2,-0.45834884424933775,0.023220162316132775,-0.06632613508667673,0.00014300298980269487,-0.12802380598092888,0.28789165090334967,0.13934548228412572
2024-08-29 11:00:00,2581.72,2539.58,2569.56,-0.17758014187436552,0.020322335111721657,-0.03473136314380609,0.00010421009854058327,0.09856237193897921,0.31031940156779586,0.13817004168491107
2024-08-29 15:00:00,2595.4,2509.66,2520.59,-0.03463903199379118,0.023969062592615886,-0.03195557929173898,8.592057942672451e-05,-0.016888333779681797,0.30007833091334646,0.1429820767037958
2024-08-29 19:00:00,2543.6,2505.88,2524.2,-0.3790658658067393,-0.000761063587919053,0.01869677568068684,4.7050429274468306e-05,-0.03419388755722952,0.26598344601097523,0.1448180679654964
2024-08-29 23:00:00,2535.4,2512.0,2515.22,-0.5036751415874023,-0.0009570410696068121,0.032205284045289106,-1.9681121051941593e-05,-0.22527161187529077,0.27103027386727896,0.1476419794900954
2024-08-30 03:00:00,2530.31,2503.8,2528.37,-0.4051319402124423,-0.008205650919708707,0.02618303509858677,-7.689688777098115e-05,-0.06338865408381444,0.2635682346409968,0.14843803823023716
2024-08-30 07:00:00,2533.52,2510.41,2517.48,-0.46396428499269987,-0.009508577584665612,0.023220162316132775,-0.0001285352432774197,0.1684058656588625,0.2812543660917675,0.15105127718256406
2024-08-30 11:00:00,2552.17,2462.04,2462.72,-0.06539895072591334,-0.022049381824448155,0.020322335111721657,-0.00017156983370934556,-0.056131431092274475,0.30158038370629114,0.1582844698437839
2024-08-30 15:00:00,2542.19,2431.14,2535.79,0.775118377622006,-0.033754973735021676,0.023969062592615886,-0.00022992219832741216,0.04150134983639653,0.25449815307286255,0.15476493598896562
2024-08-30 19:00:00,2535.79,2497.27,2526.12,-0.21152735961558594,-0.0038091711052318233,-0.000761063587919053,-0.0002926659838280263,0.15365524877396064,0.31914611910933993,0.15660938880741443
2024-08-30 23:00:00,2533.95,2518.86,2522.6,-0.5719156645703872,0.0009609014679785588,-0.0009570410696068121,-0.0003347511376358967,0.1575834940009857,0.3315138227440899,0.15819693629374318
2024-08-31 03:00:00,2529.86,2520.99,2522.7,-0.5919754460709992,0.003483045309627064,-0.008205650919708707,-0.0003794550802511486,-0.19647040177488506,0.33000946558610184,0.15961381121888304
2024-08-31 07:00:00,2528.5,2511.47,2525.7,-0.581516205112811,-0.0012038535907965553,-0.009508577584665612,-0.00042497754235124567,-0.02330744998524792,0.3218896793318877,0.16061740338603211
2024-08-31 11:00:00,2529.81,2513.8,2522.38,-0.5856060051933701,0.005489437483253701,-0.022049381824448155,-0.0004696394223718756,-0.026891554683949215,0.36821615618555936,0.1621047905883339
2024-08-31 15:00:00,2523.5,2491.92,2496.21,-0.4975209679050807,0.014888502030603545,-0.033754973735021676,-0.0005141752189175939,-0.15037627238990958,0.3510374708527565,0.16599572307273971
2024-08-31 19:00:00,2528.22,2493.42,2517.0,-0.5226144857176318,-0.0033057757557016787,-0.0038091711052318233,-0.0005564509061090597,0.037947257572280346,0.35281278898297025,0.16608895171606522
2024-08-31 23:00:00,2518.73,2476.44,2487.59,-0.5103911574408042,-0.012118151391822596,0.0009609014679785588,-0.0006029841663176727,-0.14036405586406853,0.3312301858289216,0.17033634170693168
2024-09-01 03:00:00,2495.74,2458.84,2476.6,-0.45905457801553756,-0.019705178055444805,0.003483045309627064,-0.0006528314867885216,0.07576986973089683,0.3038139874504463,0.17370214495383124
2024-09-01 07:00:00,2492.88,2462.98,2465.0,-0.5091488065609552,-0.015308116954131035,-0.0012038535907965553,-0.000704482538904645,-0.09954075227253378,0.31941176220666756,0.17736730095153208
2024-09-01 11:00:00,2481.0,2438.0,2455.64,-0.28439565103081593,-0.025029889841957642,0.005489437483253701,-0.0007506308980121996,0.03277911623994423,0.3399162821611784,0.18116653777658057
2024-09-01 15:00:00,2499.15,2449.56,2494.13,-0.3421016550082558,-0.012482239564907238,0.014888502030603545,-0.0007832426121233525,0.1494645045608085,0.3716146866245297,0.18005488248769702
2024-09-01 19:00:00,2516.0,2402.57,2406.32,-0.043216108633704606,-0.018108257610644385,-0.0033057757557016787,-0.0008185229766581749,-0.14540415372566906,0.34579452400268185,0.19169063810847864
2024-09-01 23:00:00,2455.26,2400.0,2437.49,-0.18427293506048373,-0.02622329863304884,-0.012118151391822596,-0.0008659097563959737,0.14342988874358809,0.2794626980769897,0.19252554890035364
2024-09-02 03:00:00,2466.2,2434.97,2446.69,-0.4485676303846702,-0.010869279882057548,-0.019705178055444805,-0.0009166903050403963,-0.00047844727652734953,0.30215350939585184,0.19388786758636292
2024-09-02 07:00:00,2539.53,2433.18,2524.79,0.5887613336868571,0.003069341557170313,-0.015308116954131035,-0.0009473543730201379,0.23306160180861668,0.3828472130135592,0.18800755550475973
2024-09-02 11:00:00,2528.0,2492.55,2519.61,-0.3105516163062904,0.021958220947845497,-0.025029889841957642,-0.0009811291496632922,0.054138661658185816,0.375902482455652,0.1887427015140998
2024-09-02 15:00:00,2530.92,2505.78,2523.86,-0.6509948674898363,0.01655486072005763,-0.012482239564907238,-0.001018205312305413,-0.11618434574034497,0.38251994130557465,0.18702646548889795
2024-09-02 19:00:00,2564.83,2519.21,2545.14,-0.5040301896445172,0.031506615389175874,-0.018108257610644385,-0.001040181442098606,0.058212255389658685,0.43531968712210045,0.18243172257791276
2024-09-02 23:00:00,2553.6,2527.63,2529.1,-0.783070426242707,0.044242170080730725,-0.02622329863304884,-0.0010582150339832172,-0.04314491122446895,0.4273492344640796,0.1807210530067503
2024-09-03 03:00:00,2529.8,2512.46,2513.03,-0.9248706898450312,0.028955310849808846,-0.010869279882057548,-0.0010713522822526761,-0.026434316956749915,0.38639469777359386,0.17891257096357774
2024-09-03 07:00:00,2523.62,2494.24,2505.3,-0.8352202287419717,0.007971827706269252,0.003069341557170313,-0.001078310505040026,-0.16824020911160464,0.3614392087644587,0.17575559889566655
2024-09-03 11:00:00,2519.12,2443.21,2446.26,0.46486040087535924,-0.016811826104732974,0.021958220947845497,-0.0011020545378550067,-0.20172750794923877,0.28130350215121064,0.17769476966348288
2024-09-03 15:00:00,2464.0,2435.79,2452.2,-0.005794830681401862,-0.028201795792026196,0.01655486072005763,-0.001146028092510563,0.08905578601690256,0.22364376675875988,0.17304742180133315
2024-09-03 19:00:00,2470.57,2446.25,2453.59,-0.6389775897448788,-0.03249973383312843,0.031506615389175874,-0.0011977757222469067,0.008345538359226357,0.25051489398404425,0.16986062347869108
2024-09-03 23:00:00,2455.0,2306.65,2364.44,3.011137246642055,-0.06628310624686207,0.044242170080730725,-0.0012924754579580976,-0.057265562816906423,0.05096873900488414,0.17550903030206227
2024-09-04 03:00:00,2383.94,2363.56,2372.52,-0.28950457753772546,-0.05768028467720543,0.028955310849808846,-0.0013737463653957936,-0.030436025356817553,0.061226539609155785,0.17357587672250477
2024-09-04 07:00:00,2414.71,2370.6,2389.14,-0.09640330927707609,-0.04408541840021085,0.007971827706269252,-0.0014344323738265915,0.08168392925972845,0.11401123435200769,0.16969420868398796
2024-09-04 11:00:00,2450.68,2388.9,2438.49,0.8097146397587703,-0.025206807249184338,-0.016811826104732974,-0.0014929448993944987,0.29822553748399305,0.14185108304522676,0.1605340116446436
2024-09-04 15:00:00,2490.0,2426.5,2442.39,0.6536881976280938,0.004079799915107429,-0.028201795792026196,-0.0015249861037029617,0.06318791959939918,0.24597933302465802,0.15378481328374521
2024-09-04 19:00:00,2469.55,2440.5,2462.71,-1.0266735965846994,-0.0011289299373506978,-0.03249973383312843,-0.0015570708932353859,-0.044412639639405116,0.203718577262416,0.14428947173395296
2024-09-04 23:00:00,2466.0,2443.12,2446.06,-0.5797899075888122,0.035704804648287736,-0.06628310624686207,-0.0015798048277620776,-0.034134106077369,0.19947368763222784,0.13861484429511292
2024-09-05 03:00:00,2446.06,2376.72,2399.04,0.3640007302167801,0.01502802407949444,-0.05768028467720543,-0.001637653951347687,-0.002651730079960668,0.09492889918387701,0.1355128221228204
2024-09-05 07:00:00,2417.2,2383.16,2390.73,-0.6001970300269978,0.0015196834477693155,-0.04408541840021085,-0.0016877489873536526,0.07276314474208445,0.07501929590036438,0.1295877643613864
2024-09-05 11:00:00,2415.15,2363.68,2377.21,0.5954720181059235,-0.007859846285736105,-0.025206807249184338,-0.0017348240564044732,-0.07522161955946605,0.051099625220843936,0.1244313793198466
2024-09-05 15:00:00,2395.99,2355.8,2389.55,0.18157779996821632,-0.033544122125010345,0.004079799915107429,-0.0017928452660562482,-0.08262069732655286,0.011188568924832807,0.1186407880155083
2024-09-05 19:00:00,2390.26,2348.04,2371.67,-0.13148987586811745,-0.036199204420050646,-0.0011289299373506978,-0.0018540921743088236,-0.11504246045667688,0.0,0.1152282859056491
2024-09-05 23:00:00,2408.4,2357.6,2402.42,-0.5125299736891916,-0.02795475614569043,0.035704804648287736,-0.001892069867874182,0.14132375290670862,0.04335751675680704,0.10808637917246873
2024-09-06 03:00:00,2402.95,2373.17,2379.48,-0.7931979714724369,-0.009620651852475293,0.01502802407949444,-0.001927011424403517,0.06671056456563473,0.04588876602844853,0.10331860520329293
2024-09-06 07:00:00,2379.83,2321.21,2367.54,0.7938324628378227,-0.022927283716290936,0.0015196834477693155,-0.001983330033879505,-0.05231887921263445,0.0,0.10110960440403675
2024-09-06 11:00:00,2408.83,2311.54,2327.21,2.7394526460211726,-0.012137835460266588,-0.007859846285736105,-0.002002645920307965,-0.019342348338114213,0.0355122856544564,0.10537679285237615
2024-09-06 15:00:00,2339.34,2210.0,2210.17,4.78548888358142,-0.04490571634311902,-0.033544122125010345,-0.0021142754204247277,-0.014947414996687058,0.0,0.1240389502593524
2024-09-06 19:00:00,2245.67,2150.55,2209.48,4.535182094973736,-0.0713484584524241,-0.036199204420050646,-0.0022288970983648224,0.108706033996252,0.0,0.13806521363457086
2024-09-06 23:00:00,2243.0,2209.11,2233.09,-0.2712683700999888,-0.06606026290721356,-0.02795475614569043,-0.0022455979641031252,-0.0973733158142599,0.05002897258352811,0.1467055155910177
2024-09-07 03:00:00,2283.15,2233.01,2277.23,-0.008549029518092898,-0.053629113115329696,-0.009620651852475293,-0.0022463856591198733,0.02662793420072984,0.10154196858853803,0.14974848646145336
2024-09-07 07:00:00,2299.47,2274.62,2282.19,-0.3633060226765104,-0.025816015528863923,-0.022927283716290936,-0.0022375768706582627,0.023027184180700155,0.14705342415553183,0.1538395976818091
2024-09-07 11:00:00,2298.79,2280.31,2294.79,-0.6839156691808574,-0.030491990445606243,-0.012137835460266588,-0.0022308484374462065,0.03451529207574833,0.15449498903549969,0.15664878395420762
2024-09-07 15:00:00,2311.27,2263.4,2282.9,0.041806511753393324,0.00941270519060522,-0.04490571634311902,-0.0022261153557605654,0.09293725640711847,0.15256418738226146,0.16073788912203404
2024-09-07 19:00:00,2293.97,2257.37,2264.83,-0.6474999896174993,0.035284927219841666,-0.0713484584524241,-0.0022165561572525844,0.05491714526769109,0.13024222087748852,0.16590485231854243
2024-09-07 23:00:00,2288.33,2258.2,2283.78,-0.8376891002471966,0.021451282455215326,-0.06606026290721356,-0.002203068472150008,0.17802886423146358,0.13028221858158,0.1670759806613851
2024-09-08 03:00:00,2304.8,2280.11,2287.01,-0.9055967030917305,0.014340648617177765,-0.053629113115329696,-0.0021734190161628608,-0.10164872846526607,0.155931737812911,0.1681851436189001
2024-09-08 07:00:00,2309.86,2287.01,2303.95,-0.7069833314675632,0.006124553053973969,-0.025816015528863923,-0.002141157413947891,-0.039164308697142824,0.1705607500952307,0.16752307211471426
2024-09-08 11:00:00,2306.42,2267.0,2268.25,-0.3193994027588867,-0.0037206335755743947,-0.030491990445606243,-0.002131407892744424,-0.0858346247654227,0.1401867255671134,0.17086456112270126
2024-09-08 15:00:00,2283.46,2240.94,2275.98,-0.1388939307780603,-0.01203207851418242,0.00941270519060522,-0.002121912171569458,-0.038598566395391165,0.10631622723064753,0.1720527011565653
2024-09-08 19:00:00,2333.58,2267.39,2293.46,-0.12254490730216681,0.01052799770805346,0.035284927219841666,-0.0020592398993285062,0.016990572434327778,0.1704739075250175,0.17137644073205935
2024-09-08 23:00:00,2320.74,2288.61,2307.01,-0.38302872507053226,0.012426219804847483,0.021451282455215326,-0.0020050456049098765,-0.11657818921993912,0.17776826748598948,0.17056833555092468
2024-09-09 03:00:00,2307.79,2283.1,2305.27,-0.41724548156934255,0.0028099333571836027,0.014340648617177765,-0.001965374008084075,0.003382289347624523,0.1667418019619899,0.17028905858705173
2024-09-09 07:00:00,2339.0,2299.14,2319.99,0.002805812199901562,0.009296080840691445,0.006124553053973969,-0.0019010446176084004,0.06799452449248089,0.2064595943767611,0.16852919237286665
2024-09-09 11:00:00,2325.51,2276.0,2278.54,0.5634439524155296,0.009400704644831004,-0.0037206335755743947,-0.001862048512202333,-0.01903806060521318,0.1762040602605185,0.17345712973834143
2024-09-09 15:00:00,2352.89,2272.8,2332.68,1.4232142296787234,0.029054993441057775,-0.01203207851418242,-0.0017956274808342745,0.048509505735499614,0.21665179910713595,0.1674216436128062
2024-09-09 19:00:00,2381.41,2328.4,2357.36,0.2070543338987816,0.02537099343499838,0.01052799770805346,-0.0017195894189750971,0.0035338311983776904,0.2684473305522643,0.16346484770750747
2024-09-09 23:00:00,2366.8,2334.99,2344.98,-0.597977434575163,0.0191371033123795,0.012426219804847483,-0.0016689465314885356,-0.06882061192521749,0.251808298051361,0.16223676385327615
2024-09-10 03:00:00,2349.94,2328.0,2343.76,-0.8291293197713732,0.01958954039884242,0.0028099333571836027,-0.0016156016472380005,-0.0642321654193958,0.24231627460074343,0.16005284013168009
2024-09-10 07:00:00,2372.0,2339.08,2350.82,-0.19236476157047022,0.014885907659511144,0.009296080840691445,-0.0015474786493789108,-0.1534944461067227,0.2644791613262701,0.15689472046210226
2024-09-10 11:00:00,2364.16,2320.41,2336.79,0.1593371236673014,0.01692640028680148,0.009400704644831004,-0.00149726395526592,0.02283606609239186,0.24166456870796652,0.15526403609915146
2024-09-10 15:00:00,2391.94,2323.75,2369.0,0.029286244596642426,0.012036577863671072,0.029054993441057775,-0.0014540127179296113,0.0520974023243832,0.2636884490342158,0.15116036373539157
2024-09-10 19:00:00,2395.59,2357.89,2390.56,-0.27705666660580813,0.009126662332739066,0.02537099343499838,-0.0014070865495509404,0.020736322254742312,0.3045853060702338,0.14685981957644031
2024-09-10 23:00:00,2400.0,2339.0,2353.76,-0.25828584216297795,0.007232898853416048,0.0191371033123795,-0.0014083597169920698,-0.04130108037451674,0.2803273702634553,0.14731411798452113
2024-09-11 03:00:00,2355.56,2318.66,2330.99,-0.34483503974883595,-0.0032343217076379327,0.01958954039884242,-0.001436417600617875,0.027379025745838614,0.229594155247924,0.147421960232192
2024-09-11 07:00:00,2343.8,2306.45,2316.48,-0.5789976060700923,-0.012832682016100438,0.014885907659511144,-0.0014530549205779952,0.10678492901216075,0.21371773492292676,0.14750708280013636
2024-09-11 11:00:00,2355.32,2277.68,2309.73,1.413027395967891,-0.013449008214980629,0.01692640028680148,-0.0014694110134930163,0.07715422492197677,0.18877201349061984,0.1473896533486945
2024-09-11 15:00:00,2368.87,2302.48,2337.48,1.0053758525474625,-0.00719472754154582,0.012036577863671072,-0.001453042673516991,-0.08492485103849579,0.23523441054671698,0.14313259822394303
2024-09-11 19:00:00,2351.8,2330.19,2339.99,-0.9301135014617656,-0.016291744939043618,0.009126662332739066,-0.0014473634443871784,-0.023837505983640095,0.23948768475546228,0.14284644204914634
2024-09-11 23:00:00,2391.93,2337.8,2362.89,-0.06180350988973127,-0.001119360283869164,0.007232898853416048,-0.0014163431085598146,0.19408586293748797,0.2758818479226456,0.14058900561663604
2024-09-12 03:00:00,2379.33,2352.74,2358.91,-0.5955105124730257,0.012647430701555828,-0.0032343217076379327,-0.0013891122449160012,0.09064289470107845,0.2791815890780484,0.1396688522203336
2024-09-12 07:00:00,2366.0,2344.73,2345.04,-0.7407470343776517,0.013852085502524591,-0.012832682016100438,-0.001360856297035189,-0.00801313465949649,0.2678083994282546,0.13585768979064766
2024-09-12 11:00:00,2366.98,2327.71,2328.19,-0.09361680992494657,0.015375542370537287,-0.013449008214980629,-0.0013326348808651663,-0.001733598165906458,0.2484280328706939,0.1322597233275001
2024-09-12 15:00:00,2359.0,2315.39,2347.17,-0.16602721006122387,-0.000903478590229545,-0.00719472754154582,-0.001298383508686873,0.06205959226160651,0.23168699959209735,0.1258406139516114
2024-09-12 19:00:00,2373.64,2341.5,2360.99,-0.5798100654847543,0.006365173396766677,-0.016291744939043618,-0.001253008819960836,0.06730339915799566,0.2645069224004117,0.11775541396921295
2024-09-12 23:00:00,2366.54,2350.27,2356.24,-1.0029502916785726,-0.0013471176602907198,-0.001119360283869164,-0.0012188091136652772,-0.1280898793876194,0.2705377792674473,0.11120063255747359
2024-09-13 03:00:00,2360.79,2337.5,2337.81,-0.8905294532396958,-0.005534285608933098,0.012647430701555828,-0.0011889371780471477,-0.23239566437373882,0.25720859904445315,0.10586726902452318
2024-09-13 07:00:00,2371.39,2337.35,2371.39,-0.7923261710355147,-0.002205654210815755,0.013852085502524591,-0.001158536060764886,-0.007001326159829513,0.2590762898009194,0.09842379500281055
2024-09-13 11:00:00,2376.22,2342.41,2366.86,0.2235645667845624,0.004625649549331978,0.015375542370537287,-0.001122532358156767,-0.08735657276702502,0.26665117453952664,0.09611209282205335
2024-09-13 15:00:00,2428.38,2363.71,2421.18,1.8094939468745908,0.029792773639848447,-0.000903478590229545,-0.00106807405075007,-0.012250228430341736,0.348559415372035,0.09250308107736598
2024-09-13 19:00:00,2464.82,2412.08,2446.8,0.18764823843213221,0.03538274225119187,0.006365173396766677,-0.0010178734479423736,0.051046123437028745,0.4044691742154831,0.0911702108075627
2024-09-13 23:00:00,2447.65,2422.28,2424.99,-0.6440183571873243,0.031192690836544967,-0.0013471176602907198,-0.0009563473054803709,-0.11152672923191709,0.3941137127677556,0.09356337886924006
2024-09-14 03:00:00,2434.72,2413.8,2419.31,-0.9130853571547045,0.031389807949613546,-0.005534285608933098,-0.000893426255115201,0.2701531455387194,0.3811470500577266,0.09499062929189998
2024-09-14 07:00:00,2423.0,2411.08,2413.6,-0.9544255915764148,0.027502929522958963,-0.002205654210815755,-0.0008324823452321035,-0.008277149358353442,0.3677192890863463,0.0958997788712156
2024-09-14 11:00:00,2424.11,2407.98,2420.12,-0.6862514867886869,0.024966027998928553,0.004625649549331978,-0.0007730212597952263,0.014131971460242365,0.36546193469393373,0.09487959941436504
2024-09-14 15:00:00,2422.9,2376.72,2407.36,-0.41696117210086664,-0.0010772247478527675,0.029792773639848447,-0.0007148538614678468,-0.04481063822325737,0.34420773242400377,0.0939743053494713
2024-09-14 19:00:00,2422.99,2404.03,2416.93,-1.0181836499661838,-0.010371061497373546,0.03538274225119187,-0.0006589121946314436,0.017638812173845775,0.36199317894958416,0.091374281544095
2024-09-14 23:00:00,2430.32,2414.6,2425.58,-1.028629178696938,-0.004093607009770794,0.031192690836544967,-0.0005988706349216938,0.1570037662067636,0.37739021822696994,0.09007372507517722
2024-09-15 03:00:00,2425.95,2414.1,2421.15,-1.1530130231662006,-0.0020200839269814974,0.031389807949613546,-0.0005427184950034737,-0.217687913024329,0.3729206532545182,0.0910034520757321
2024-09-15 07:00:00,2424.49,2403.6,2409.63,-1.0644388917544594,-0.0009067706431665767,0.027502929522958963,-0.0004944940170681913,-0.09573222508081058,0.36403881884344985,0.09199206040073364
2024-09-15 11:00:00,2418.72,2396.28,2411.79,-0.7399952372786278,-0.0033317211228076626,0.024966027998928553,-0.00044586826665578717,0.056075818829466995,0.35194641030688223,0.0928066625048013
2024-09-15 15:00:00,2415.4,2362.71,2380.61,-0.16908850811907147,-0.00738539012296191,-0.0010772247478527675,-0.0004087080575282701,-0.007847987123834055,0.314404986493996,0.09383203413420346
2024-09-15 19:00:00,2387.75,2336.39,2346.42,-0.2760590957187782,-0.023980149886368318,-0.010371061497373546,-0.00037365437014416246,-0.16386520234273472,0.264798020104782,0.09498997940428455
2024-09-15 23:00:00,2346.4,2252.39,2261.26,2.1188280848037513,-0.0523221881602578,-0.004093607009770794,-0.0003570367233729796,-0.023432226051420146,0.1645149032262133,0.09931006139241406
2024-09-16 03:00:00,2301.19,2259.62,2291.59,0.22897328738119127,-0.056994836716444675,-0.0020200839269814974,-0.0003663530372936361,0.4001936514619413,0.1412891871378735,0.09819053350982992
2024-09-16 07:00:00,2335.7,2289.0,2303.54,0.15558312253001272,-0.04427171098744487,-0.0009067706431665767,-0.0003663700679441538,0.13423831193203384,0.18450834301544458,0.09777958239154384
2024-09-16 11:00:00,2312.6,2269.52,2278.15,0.14729187989108225,-0.04744318960767946,-0.0033317211228076626,-0.00034694510619133083,-0.05962670429654382,0.16012866874151477,0.09976906313447714
2024-09-16 15:00:00,2311.06,2269.25,2289.88,0.2042131340333153,-0.039844413734529516,-0.00738539012296191,-0.0003195002088470993,0.04968161006411953,0.15480570078007194,0.09554318622543811
2024-09-16 19:00:00,2292.4,2267.6,2284.44,0.3166130850091091,-0.03230738899630947,-0.023980149886368318,-0.00029101891824140146,-0.2390562049939522,0.13699142888971136,0.09194747471340635
2024-09-16 23:00:00,2301.6,2263.29,2286.99,-0.5475239556047935,-0.006023154716631174,-0.0523221881602578,-0.00025374906789163844,0.08211085927536321,0.1412915922943325,0.0893739147907703
2024-09-17 03:00:00,2306.34,2281.9,2299.0,-0.7454950675909384,0.004957257031622975,-0.056994836716444675,-0.00021382542403911654,-0.04610540548143127,0.16028761002321856,0.08824278858201111
2024-09-17 07:00:00,2320.23,2295.61,2317.28,-0.19691726558672978,0.001022082754207565,-0.04427171098744487,-0.00017434518704239062,-0.005384753980638757,0.1884695941516156,0.08670202543422609
2024-09-17 11:00:00,2364.48,2302.61,2346.18,0.7695379559941915,0.01722753935954402,-0.04744318960767946,-0.00013120356812798325,0.11883772944771498,0.22647685139859802,0.08499610205590455
2024-09-17 15:00:00,2393.63,2339.0,2350.0,1.101391814868986,0.03557465146447192,-0.039844413734529516,-9.157104405346332e-05,-0.015492274758415636,0.29162449830248255,0.08382187321661493
2024-09-17 19:00:00,2361.6,2327.9,2337.79,-0.2878769282651193,0.02969073922078347,-0.03230738899630947,-4.9002502540596996e-05,0.3176062547807519,0.25065199802325394,0.08239904331239173
2024-09-17 23:00:00,2342.28,2309.69,2331.35,-0.5139312010763869,0.019303243263639747,-0.006023154716631174,-9.251306738324568e-06,0.0019662100186490505,0.21527028784997043,0.08154012649800513
2024-09-18 03:00:00,2343.28,2312.64,2329.39,-0.5709117426669826,0.015283349478719899,0.004957257031622975,-8.680379431590881e-06,-0.084456685370487,0.21915059039600177,0.08062457027248329
2024-09-18 07:00:00,2335.0,2277.34,2305.2,-0.10044858949618571,-0.0014095311131454569,0.001022082754207565,-5.263675227529972e-06,0.00512824416085933,0.1830011391695347,0.08143797638338898
2024-09-18 11:00:00,2318.0,2288.0,2298.97,-0.3656386767377987,-0.013405137762678043,0.01722753935954402,-4.0965339505834654e-07,-0.04445342608917202,0.1739604243034994,0.0804351477537966
2024-09-18 15:00:00,2364.42,2288.25,2335.6,1.6887024525932857,-0.020111298228063013,0.03557465146447192,7.863355916310402e-06,0.0009802859487939575,0.21152558339135138,0.07760516904977173
2024-09-18 19:00:00,2345.42,2290.0,2339.75,0.11477780703765332,-0.01058154607634787,0.02969073922078347,4.2425297528471825e-05,0.01741951087087079,0.20894156005551126,0.07652790027097311
2024-09-18 23:00:00,2409.4,2339.8,2400.6,1.0426191070680766,0.024459914497620527,0.019303243263639747,7.533567988063131e-05,0.12387315971812263,0.31082117554448285,0.07485233268837412
2024-09-19 03:00:00,2422.79,2397.96,2417.27,-0.1377492398262371,0.03491103826272912,0.015283349478719899,0.00012974791380652144,0.13559638196945412,0.355663502922271,0.0750484105596073
2024-09-19 07:00:00,2442.6,2414.46,2425.63,0.3731831354098195,0.05410340386173651,-0.0014095311131454569,0.00017744828500342367,0.05892985435580278,0.3926063042529288,0.07607821067288792
2024-09-19 11:00:00,2453.0,2420.48,2426.24,0.2424752183732669,0.05812322436805539,-0.013405137762678043,0.0002305955999794748,0.11461056533140268,0.3986135359041338,0.07582883694991654
2024-09-19 15:00:00,2494.95,2421.93,2475.16,0.7715892586002969,0.06001584418195405,-0.020111298228063013,0.0002781925111800296,0.06230192423315084,0.44574839833928426,0.07817952692098776
2024-09-19 19:00:00,2475.7,2452.26,2472.0,-0.48598813978905053,0.06138009743705797,-0.01058154607634787,0.0003315069788862534,0.011947149840976667,0.4483300153886177,0.08178584529676948
2024-09-19 23:00:00,2478.8,2437.31,2456.27,-0.38359915230930364,0.030853336506011075,0.024459914497620527,0.00038355671232190124,-0.1415742076137978,0.43429556780403006,0.08465972495039155
2024-09-20 03:00:00,2565.17,2454.38,2564.05,1.6603195028917157,0.04979663262648493,0.03491103826272912,0.00042464200053156994,0.030756834228873764,0.5571815576638394,0.09059936875205248
2024-09-20 07:00:00,2571.93,2539.34,2555.08,0.4905164987517222,0.050276046152903264,0.05410340386173651,0.0004961681818644876,-0.10034949347872568,0.5979217976680561,0.09855233992956659
2024-09-20 11:00:00,2570.0,2516.2,2546.35,0.8569184141105277,0.044950138414812324,0.05812322436805539,0.0005670351175826301,0.004706011935297516,0.5824493064006091,0.10494594936252001
2024-09-20 15:00:00,2569.0,2523.35,2542.94,0.16194959359195746,0.03334033603418196,0.06001584418195405,0.0006365986587872595,-0.11652500822411105,0.5836742284227239,0.11060732489489435
2024-09-20 19:00:00,2555.3,2538.47,2550.58,-0.752134879697616,0.03294943733234246,0.06138009743705797,0.0006729928204215296,-0.02665449579889101,0.5847237971877087,0.11579021757492913
2024-09-20 23:00:00,2587.4,2534.17,2542.2,0.0036820989037714873,0.04272117930011454,0.030853336506011075,0.000679940991340211,0.029094178393193726,0.6105397845366957,0.12070794235299939
2024-09-21 03:00:00,2553.26,2528.97,2547.96,-0.8191739721583757,0.004880828448313057,0.04979663262648493,0.0007086012275582345,-0.02759039049961165,0.5779169713979851,0.12458246192393868
2024-09-21 07:00:00,2558.99,2545.04,2546.55,-0.9104980870247298,-0.000894899437165364,0.050276046152903264,0.0007306029876054952,-0.023656769447593096,0.594083503091328,0.12803071321704906
2024-09-21 11:00:00,2576.47,2545.49,2567.57,-0.7138732288547543,0.007148238779995042,0.044950138414812324,0.0007619738541507579,0.014606373514518545,0.6129980677237611,0.13088551500906906
2024-09-21 15:00:00,2573.0,2550.44,2570.0,-0.8828201237010653,0.0069773140570486,0.03334033603418196,0.0007995395755198999,-0.02229349577317874,0.6294794590815452,0.13496161550380154
2024-09-21 19:00:00,2578.4,2560.0,2575.89,-1.0475533381181878,0.008888534841523077,0.03294943733234246,0.0008329638834172845,0.046905110092604785,0.6389488708199397,0.13879554063652907
2024-09-21 23:00:00,2632.57,2573.65,2594.71,0.3848295253506177,0.018171526669093607,0.04272117930011454,0.0008502754523238337,0.11503318687110098,0.7066453167452674,0.14282726100524862
2024-09-22 03:00:00,2614.68,2576.01,2580.52,-0.554488295238037,0.019906014022688767,0.004880828448313057,0.0008958035646333795,-0.11457179940615403,0.680162116694285,0.1475090144073275
2024-09-22 07:00:00,2595.76,2569.61,2580.15,-0.678099198703047,0.012276173293226389,-0.000894899437165364,0.0009372711796836947,-0.04368980524307431,0.6635326396519169,0.15086293377538473
2024-09-22 11:00:00,2588.0,2554.82,2564.04,-0.2488457433173766,0.003972314886672157,0.007148238779995042,0.0009765235131959448,-0.21853081635245275,0.6465061122926894,0.15381703995509485
2024-09-22 15:00:00,2591.69,2552.49,2576.56,-0.2964608112479432,0.003445351948740072,0.0069773140570486,0.0010010779057688087,-0.04411628702664372,0.6446967916607024,0.15570292371622085
2024-09-22 19:00:00,2594.0,2524.58,2589.93,-0.08217222340743914,-0.0027446879566406235,0.008888534841523077,0.0010199645077109969,-0.038589130181602704,0.6597657709421949,0.1580438123678456
2024-09-22 23:00:00,2643.19,2539.49,2636.0,0.7290163216210407,-0.003105290564691554,0.018171526669093607,0.001026440459408234,-0.09084032940470843,0.7368613272851748,0.16009952332301644
2024-09-23 03:00:00,2687.24,2632.42,2655.0,0.7808882920196374,0.027944797782007313,0.019906014022688767,0.0010337559041272866,0.038607793654134026,0.8705737880839415,0.1638598596632687
2024-09-23 07:00:00,2662.47,2633.91,2649.17,-0.1986780461538811,0.024857734963298572,0.012276173293226389,0.0010896733524344356,0.03359741875023592,0.8511965188666615,0.16897592115721194
2024-09-23 11:00:00,2672.72,2631.45,2660.2,0.15107891818747976,0.02981710913671387,0.003972314886672157,0.0011366658102137798,0.14648251790931188,0.8846465553384554,0.17303772022524158
2024-09-23 15:00:00,2702.82,2648.54,2680.02,0.5879160453553943,0.040889110923860716,0.003445351948740072,0.0011651853065160914,0.19510357816068247,0.9800524330644547,0.17761928160644125
2024-09-23 19:00:00,2682.82,2644.8,2646.34,-0.23256950057286058,0.039079624529055,-0.0027446879566406235,0.0012261273352469786,-0.11053809625377009,0.9484697512887933,0.1839960051836682
2024-09-23 23:00:00,2653.57,2609.4,2621.5,0.16000556108185326,0.011453795363047803,-0.003105290564691554,0.001298392182463217,-0.014393013027283352,0.8828516580056132,0.18865133733062997
2024-09-24 03:00:00,2647.05,2617.74,2640.16,-0.6894169272103959,-0.013439495853556194,0.027944797782007313,0.0013400673940988951,0.07271845440274105,0.899952639427725,0.1906508474179624
2024-09-24 07:00:00,2667.75,2636.95,2647.4,-0.432135108839803,0.001214503200796191,0.024857734963298572,0.0013663983634621202,0.15677405752731022,0.9440538063035944,0.19344456791581707
2024-09-24 11:00:00,2648.36,2591.56,2613.06,1.2583537197207035,-0.009787355409679233,0.02981710913671387,0.001426481895475025,-0.08586101484318742,0.888733600618269,0.1980410240744699
2024-09-24 15:00:00,2657.0,2605.73,2638.22,0.1890575142890503,-0.017998387084898537,0.040889110923860716,0.001454680421378877,-0.05442099063858896,0.8994689132315349,0.19868037240808473
2024-09-24 19:00:00,2670.96,2636.49,2666.18,-0.22309971202489876,-0.003153912154685967,0.039079624529055,0.0014757702516005815,0.24048334966665075,0.9502597659059262,0.19996564272768172
2024-09-24 23:00:00,2673.5,2632.5,2647.8,0.09102326363765222,0.00822476042374376,0.011453795363047803,0.001524911690838812,0.06083502509026806,0.9459450172616095,0.20396030296947146
2024-09-25 03:00:00,2647.81,2610.53,2617.62,-0.3773830069573259,-0.0003952539661756793,-0.013439495853556194,0.0015792141255216864,-0.15569458224081323,0.8977844684539021,0.2078387060978354
2024-09-25 07:00:00,2630.52,2612.49,2622.8,-0.6287311458608706,-0.010362085166185864,0.001214503200796191,0.0016038695473838825,-0.13259920427767558,0.8867554680204687,0.20880420570949965
2024-09-25 11:00:00,2629.56,2604.11,2627.07,-0.3469875418825019,-0.0015751301859949773,-0.009787355409679233,0.0016202475345089707,0.1188858377939166,0.8801108741397686,0.20982870323243083
2024-09-25 15:00:00,2629.0,2564.77,2582.81,0.35523145570324655,-0.013417627125856146,-0.017998387084898537,0.0016427749164756274,-0.08808704943796719,0.8258728287338835,0.21313620324368987
2024-09-25 19:00:00,2589.06,2554.05,2572.41,-0.7181569948976755,-0.029158058683715793,-0.003153912154685967,0.001658753569778292,-0.1340450565001412,0.7888459827416531,0.21255005101320143
2024-09-25 23:00:00,2600.6,2559.2,2597.27,-0.11327657870822802,-0.02684590822332955,0.00822476042374376,0.0016538137773056923,0.007871008626991305,0.7974467176912337,0.20609473251722724
2024-09-26 03:00:00,2620.0,2591.75,2617.0,-0.6442092346392523,-0.008237011455304533,-0.0003952539661756793,0.0016414236821977823,0.2304056930627183,0.8526180900311665,0.20145248603719154
2024-09-26 07:00:00,2639.5,2612.83,2630.32,0.08673468176886338,0.000960919457361431,-0.010362085166185864,0.0016414019735666427,0.1044503631352196,0.892013923273101,0.19776529247148547
2024-09-26 11:00:00,2653.75,2613.2,2613.68,0.70389225898598,0.0038972347570689347,-0.0015751301859949773,0.001652305125240317,-0.0676565656336734,0.9014118800584914,0.19442085679946156
2024-09-26 15:00:00,2666.22,2607.92,2659.99,0.7806654431020433,0.019764298864362262,-0.013417627125856146,0.0016521596921299448,0.15686841186348888,0.9328260217759107,0.18767608552109422
2024-09-26 19:00:00,2659.99,2628.71,2637.71,-0.45472019784601836,0.026042359722279862,-0.029158058683715793,0.0016619954918341078,0.05449592256246416,0.9288082194732693,0.18449117169282764
2024-09-26 23:00:00,2644.9,2617.17,2618.91,-0.605547238958205,0.019021122159194936,-0.02684590822332955,0.0016828509629119247,-0.03584549420588845,0.8998375627310532,0.18018056933502777
2024-09-27 03:00:00,2668.37,2615.21,2656.76,-0.001993574281118206,0.016365419918546786,-0.008237011455304533,0.001676680219809008,0.041514514067929165,0.9416161724165374,0.17295630213923174
2024-09-27 07:00:00,2677.61,2641.38,2641.44,0.3014633819411529,0.012962352644996455,0.000960919457361431,0.0016784395466213594,0.1707556235947898,0.963016179471763,0.1692908855499905
2024-09-27 11:00:00,2696.99,2641.3,2681.98,0.3572018377633435,0.014188610546741032,0.0038972347570689347,0.001683067623545519,0.08928044552465941,0.9792643995869759,0.16410115578321938
2024-09-27 15:00:00,2728.6,2678.49,2699.89,1.27133932239657,0.020533055238153075,0.019764298864362262,0.0016740556249654013,0.009650242636600304,0.999999999980058,0.16066213101130364
2024-09-27 19:00:00,2709.1,2689.99,2705.5,-0.7099667049561703,0.02081588722204919,0.026042359722279862,0.0017089970282503939,0.13299776862656443,0.9975713849142982,0.15702332772197505
2024-09-27 23:00:00,2708.14,2688.01,2700.33,-0.918611061592365,0.025767775362962375,0.019021122159194936,0.0017519669819034242,0.05336705884564563,0.9952670682210639,0.15286040425591513
2024-09-28 03:00:00,2703.35,2674.75,2679.21,-0.6439344045708225,0.014962632003503007,0.016365419918546786,0.0017953114572494258,-0.20207391480705106,0.9791441175561334,0.14811949507097705
2024-09-28 07:00:00,2683.7,2650.0,2675.69,-0.5295679039059468,0.0035990036931130565,0.012962352644996455,0.001839955983068006,-0.21258715047976895,0.939635119749269,0.13975643048791728
2024-09-28 11:00:00,2677.14,2652.2,2673.56,-0.6766098052148496,-0.0008075382002096232,0.014188610546741032,0.00186320549747649,-0.010255544763108193,0.9317824665778084,0.12950352022384892
2024-09-28 15:00:00,2684.51,2662.21,2675.37,-0.7884566932858711,-0.009449315138398084,0.020533055238153075,0.001874028043925019,-0.054634614157749284,0.9491311790405685,0.12066963537681479
2024-09-28 19:00:00,2680.26,2655.5,2675.0,-1.049604634555251,-0.009344373772356751,0.02081588722204919,0.0018883346411663635,-0.1778132407729458,0.9472901923019663,0.1109570225678949
2024-09-28 23:00:00,2683.7,2663.64,2675.01,-1.0656106198874287,-0.00834708568594733,0.025767775362962375,0.001901961484571136,-0.11803211547400472,0.9503714229281235,0.10485181345819586
2024-09-29 03:00:00,2676.0,2648.0,2650.0,-0.34676352358810814,-0.01186348534865933,0.014962632003503007,0.0019307641145251508,0.14546548741649867,0.9155264351198581,0.09956371172750132
2024-09-29 07:00:00,2654.29,2629.73,2646.63,-0.08597141635282876,-0.008970890066127724,0.0035990036931130565,0.0019474417133129736,0.10773840037538629,0.8918833475470345,0.09321261899973834
2024-09-29 11:00:00,2659.16,2641.0,2652.87,-0.8835617564131409,-0.004747000138662694,-0.0008075382002096232,0.0019427623826650422,-0.03494070858193521,0.9065516072312471,0.08583135439188379
2024-09-29 15:00:00,2671.8,2650.49,2663.79,-0.6317065770725694,-0.004266730070869085,-0.009449315138398084,0.0019344671656407026,0.04587783018080449,0.9263789888417281,0.08143074023215328
2024-09-29 19:00:00,2673.41,2655.5,2655.82,-0.8445794433214119,-0.0034421317770679805,-0.009344373772356751,0.0019265457826858356,0.22356543199247803,0.9289414808394859,0.07671887969744902
2024-09-29 23:00:00,2663.5,2601.12,2613.27,0.38391238219480855,-0.016325111915425627,-0.00834708568594733,0.0019321875414822047,-0.044896665806049896,0.8632980824207082,0.0706239833547292
2024-09-30 03:00:00,2643.53,2604.99,2629.84,-0.17199623540973794,-0.01149359343462375,-0.01186348534865933,0.0018844217952528183,-0.09888555355771356,0.8546234858135076,0.06917190988810769
2024-09-30 07:00:00,2643.38,2592.42,2605.55,0.5458157948782805,-0.009489665067035968,-0.008970890066127724,0.0018294214608121852,-0.028252814518694103,0.8418233002782576,0.06851090118058499
2024-09-30 11:00:00,2638.94,2601.5,2611.36,-0.2632111996070187,-0.011599589327884852,-0.004747000138662694,0.0017723951797371437,0.07796671371816855,0.8451911047810226,0.06654858217951343
2024-09-30 15:00:00,2623.1,2575.0,2589.09,0.1828058232150421,-0.023912398327223805,-0.004266730070869085,0.0017250156005006424,-0.08846194766778315,0.799411013108015,0.06540258676477476
2024-09-30 19:00:00,2617.46,2583.99,2602.39,-0.33143566613054437,-0.021827271325773667,-0.0034421317770679805,0.001646634538895257,-0.13525600226778933,0.8129889991468879,0.0634104898270708
2024-09-30 23:00:00,2629.37,2576.58,2619.73,0.14032170553397125,-0.008031515055166749,-0.016325111915425627,0.0015665911117675078,0.029906837916287232,0.8211596766052275,0.060614786291063545
2024-10-01 03:00:00,2659.0,2617.45,2656.4,-0.007389624087628642,0.00477597115110906,-0.01149359343462375,0.0014722236900423236,0.0922297725187502,0.879639820403729,0.057773790433939994
2024-10-01 07:00:00,2657.6,2631.59,2638.02,-0.5147263386323099,0.008505177243564921,-0.009489665067035968,0.0014040087541228917,-0.03811019244332181,0.8862641905733383,0.05568263970223644
2024-10-01 11:00:00,2639.51,2536.0,2549.54,1.8077029762392263,-0.014600994100554598,-0.011599589327884852,0.001372089996552232,-0.0737381873035402,0.7688494382870651,0.05857541172349866
2024-10-01 15:00:00,2551.5,2428.34,2502.0,5.0,-0.03893326308724676,-0.023912398327223805,0.0013384391305146567,0.024042608170586455,0.5976298319071284,0.06425218684490447
2024-10-01 19:00:00,2506.8,2414.0,2453.93,1.366732599442164,-0.05674466439408732,-0.021827271325773667,0.0012601855835308142,-0.008328444342060926,0.5181253855988412,0.0745692545596881
2024-10-01 23:00:00,2499.0,2440.0,2492.52,-0.04398184295319854,-0.05477089063975238,-0.008031515055166749,0.0011328544239274305,0.17716159255928532,0.5361049140392343,0.07840612744240288
2024-10-02 03:00:00,2496.27,2467.19,2485.84,-0.4496600883917608,-0.05856449175669698,0.00477597115110906,0.000997780527074955,-0.06916853519278265,0.5714164243200764,0.0834240426058615
2024-10-02 07:00:00,2492.93,2447.0,2450.99,-0.18393789406734246,-0.06524384921154336,0.008505177243564921,0.0008815762210089355,0.0025688750033630026,0.5424553106142015,0.09184536721142089
2024-10-02 11:00:00,2465.79,2418.8,2434.39,0.8286064925395624,-0.05446135727449419,-0.014600994100554598,0.0007540830898484157,0.04034657926338103,0.4882545267898445,0.10009265405503619
2024-10-02 15:00:00,2478.89,2389.05,2389.82,0.31991781422505094,-0.025105157811059153,-0.03893326308724676,0.0006061341412795003,-0.07343132888827741,0.47258194492800937,0.1132539864249927
2024-10-02 19:00:00,2399.79,2352.0,2382.12,1.0177943137234045,-0.033041982980528295,-0.05674466439408732,0.0004710632370356636,0.04626607135359073,0.356171442830438,0.1245408893163438
2024-10-02 23:00:00,2397.55,2352.59,2391.8,-0.02862368244539124,-0.03689325274058486,-0.05477089063975238,0.0002990599285098826,-0.04417778697274988,0.35461080506945764,0.13298208964444522
2024-10-03 03:00:00,2403.38,2379.44,2389.11,-0.48882209067100946,-0.03759972583127269,-0.05856449175669698,0.00014719031365239735,-0.019764294362205836,0.3851191609204665,0.1411367670702285
2024-10-03 07:00:00,2392.92,2318.72,2368.58,1.462573044763888,-0.048980896916543504,-0.06524384921154336,1.2502644295791864e-05,-0.10890600133694184,0.3011857244949231,0.15118734337106657
2024-10-03 11:00:00,2370.0,2315.0,2317.55,0.946207956456505,-0.04045722730065382,-0.05446135727449419,-0.0001319406713063989,-0.06133359910006453,0.29116355611637745,0.16641163300674358
2024-10-03 15:00:00,2351.7,2310.0,2344.15,0.4945022954349798,-0.04367644181333363,-0.025105157811059153,-0.00027800830394715786,0.13845527455960016,0.2604928078753763,0.1725357506331381
2024-10-03 19:00:00,2355.19,2332.6,2352.08,-0.8338559339488361,-0.012706536421657866,-0.033041982980528295,-0.0004144230650786133,0.04744198610433892,0.2959487423124232,0.17927157942431715
2024-10-03 23:00:00,2380.0,2339.15,2370.4,-0.2448426385627092,-0.005180238510683499,-0.03689325274058486,-0.000540905782979179,-0.03584524157551583,0.33006712011825207,0.1837707253175399
2024-10-04 03:00:00,2387.58,2361.35,2374.97,-0.7221700950479819,-0.006679531357417834,-0.03759972583127269,-0.0006630687800394415,0.08570436480998067,0.3532681274606512,0.18834796128638853
2024-10-04 07:00:00,2393.52,2370.9,2375.17,-0.5233519987429774,0.014162380041162548,-0.048980896916543504,-0.0007541867982610787,0.2394674566517765,0.3675296753593659,0.19270669878948965
2024-10-04 11:00:00,2399.99,2352.6,2367.21,0.33653412191145654,0.0151225951373537,-0.04045722730065382,-0.0008356928982772334,0.010756508451714053,0.36185409249413214,0.19824753415812404
2024-10-04 15:00:00,2441.64,2366.95,2432.2,1.0925768002895155,0.036583769525307064,-0.04367644181333363,-0.0009060874950360685,0.06838413889328088,0.43038150325396957,0.1944947547273764
2024-10-04 19:00:00,2436.1,2417.38,2420.91,-1.0678992277300323,0.03429649281969471,-0.012706536421657866,-0.0009695218165828695,-0.07136992968411482,0.4220982733539568,0.1965359977495328
2024-10-04 23:00:00,2428.23,2401.05,2401.57,-0.9962415451692136,0.02208694949998624,-0.005180238510683499,-0.0010367575731573956,-0.060649025716515426,0.3565868148033725,0.2001159383559424
2024-10-05 03:00:00,2427.0,2390.26,2424.28,-1.113650140923477,0.013455908154289764,-0.006679531357417834,-0.0011008429215342028,0.08706169783904527,0.3327627326885315,0.199784316100072
2024-10-05 07:00:00,2428.22,2415.1,2419.22,-1.1209087080207911,0.016422381965541133,0.014162380041162548,-0.0011630277459967167,-0.03213653235878022,0.36543438914142723,0.2016600412975211
2024-10-05 11:00:00,2424.15,2404.7,2414.46,-1.038853269393912,0.015245419115562209,0.0151225951373537,-0.0012250824005324362,-0.07235082440303742,0.3524401251024637,0.20341528346532886
2024-10-05 15:00:00,2417.0,2396.0,2402.57,-0.978754917853111,-0.002652193630778732,0.036583769525307064,-0.0012856969015643124,-0.18356798629108084,0.3334622308916792,0.20659059988516587
2024-10-05 19:00:00,2419.5,2390.05,2418.0,-0.9603635340847553,-0.010469506728951639,0.03429649281969471,-0.0013469619440210534,-0.0477222617871903,0.31989672095420846,0.20691695654997902
2024-10-05 23:00:00,2423.0,2407.0,2416.5,-1.2525388447779595,-0.00025143955375750426,0.02208694949998624,-0.0013959128407014594,0.1748212037951602,0.3510255147748703,0.20837328224671903
2024-10-06 03:00:00,2421.68,2410.35,2416.13,-1.2405127165582952,0.0038441484193143527,0.013455908154289764,-0.001431579839556535,0.012955479760997646,0.353882357975477,0.20929851648578082
2024-10-06 07:00:00,2428.0,2415.4,2420.04,-1.269956269779426,-0.00012679695620243514,0.016422381965541133,-0.0014685018535224778,0.12012310634452317,0.3647336281577415,0.20933061499312214
2024-10-06 11:00:00,2457.8,2419.17,2452.9,-0.7127352995264348,0.00817692079674659,0.015245419115562209,-0.0014996412703901804,0.20024324302815533,0.3975247601494707,0.20641230098062632
2024-10-06 15:00:00,2455.4,2435.4,2446.33,-0.7315429622245966,0.015257759633000578,-0.002652193630778732,-0.00153118442508279,0.11087011408727632,0.39194816308185376,0.2057355063135159
2024-10-06 19:00:00,2452.84,2415.65,2431.91,-0.9424980589317723,0.01381830288663033,-0.010469506728951639,-0.0015703913624062773,0.03889381486692489,0.36934344961969423,0.2064356332336372
2024-10-06 23:00:00,2512.92,2431.8,2504.75,0.5802090889601067,0.026405547325345502,-0.00025143955375750426,-0.0015807958731890342,0.0396305570561335,0.4746776802550378,0.1994185972787063
2024-10-07 03:00:00,2511.9,2481.01,2490.42,-0.37856186203517445,0.0322787542044749,0.0038441484193143527,-0.0015800466911292095,-0.15156383695973896,0.5115379523746275,0.19855540384989362
2024-10-07 07:00:00,2492.18,2437.9,2449.13,0.02507939629588153,0.01765218037223204,-0.00012679695620243514,-0.0015797389912709044,-0.18297173258194965,0.4388849609548844,0.20061319999691496
2024-10-07 11:00:00,2521.0,2439.04,2498.52,1.0636041214081313,0.01924050358977558,0.00817692079674659,-0.001563387608922789,-0.07525734600731515,0.4829198511632528,0.19346262934122463
2024-10-07 15:00:00,2500.0,2420.01,2425.07,0.6443300178679298,0.008311542959129836,0.015257759633000578,-0.001561381201394345,-0.11008929214562813,0.4403312773012419,0.19585897104968134
2024-10-07 19:00:00,2457.65,2411.21,2416.7,-0.3718124217914151,0.0015425824993275938,0.01381830288663033,-0.0015596703783971435,0.03924472482553876,0.37828825386974346,0.19258702515559079
2024-10-07 23:00:00,2448.0,2403.0,2445.79,-0.3423299951597311,-0.020537944178945167,0.026405547325345502,-0.0015606221515422735,-0.035937976740004984,0.35342320338126076,0.18576716113723463
2024-10-08 03:00:00,2448.1,2415.8,2435.66,-0.6291826620734817,-0.025361874777801385,0.0322787542044749,-0.001565976075497477,0.03614169713254034,0.360868506658626,0.18278197079920128
2024-10-08 07:00:00,2437.31,2410.51,2429.96,-0.6496531332974277,-0.015088864512454614,0.01765218037223204,-0.0015735833990023205,0.03135854399477611,0.35034151186007007,0.17936375146774938
2024-10-08 11:00:00,2453.23,2413.2,2435.4,-0.17232406843544854,-0.019576758834471297,0.01924050358977558,-0.0015661552637999212,0.05251685972232134,0.36717878523823977,0.17480879892280926
2024-10-08 15:00:00,2456.62,2401.18,2436.84,0.9264415890400398,-0.012785956081615257,0.008311542959129836,-0.001568884193442942,0.014439074142260644,0.3652831063871274,0.17008775166262274
2024-10-08 19:00:00,2466.66,2424.1,2441.76,-0.7341062846961918,0.0025817400634673415,0.0015425824993275938,-0.001560432160890731,0.05671330878711767,0.3932818004748638,0.1647152140827239
2024-10-08 23:00:00,2473.61,2427.44,2447.6,-0.44702736684756267,0.009270856226498925,-0.020537944178945167,-0.0015416471896741654,0.025378761089298596,0.40703350805326677,0.15883992656197157
2024-10-09 03:00:00,2454.28,2439.5,2443.73,-0.7040197668273037,0.006463819987560626,-0.025361874777801385,-0.001525844669940914,-0.10261933490967423,0.39829477142698977,0.15459898336170955
2024-10-09 07:00:00,2443.72,2427.79,2434.59,-0.6748107598785849,0.003258425683265287,-0.015088864512454614,-0.0015230577744304726,-0.03931661922937213,0.3691738717206381,0.15058153623098156
2024-10-09 11:00:00,2445.62,2423.13,2436.91,-0.07587198924973636,-4.595005183904988e-06,-0.019576758834471297,-0.0015177161727457488,-0.007653702094428172,0.3671521506314056,0.1450785036541379
2024-10-09 15:00:00,2472.08,2409.0,2415.2,0.5418369007479595,0.0032773921848474608,-0.012785956081615257,-0.001507242352758862,0.11478780097288732,0.38427405428873274,0.1400249127784982
2024-10-09 19:00:00,2421.77,2351.42,2373.46,0.9638147892101068,-0.02634098141810093,0.0025817400634673415,-0.0015447450874414039,-0.12270979351447231,0.23991067579861958,0.1368080338925568
2024-10-09 23:00:00,2400.6,2363.8,2394.43,-0.08434323504069362,-0.0267210266928517,0.009270856226498925,-0.001567292431765483,-0.06722826170498741,0.2510820990489718,0.1316017045521242
2024-10-10 03:00:00,2411.38,2391.12,2408.75,-0.841664736824461,-0.019030979612684185,0.006463819987560626,-0.001577988530170155,0.03082734888255345,0.2873909415282442,0.12509798014303108
2024-10-10 07:00:00,2408.74,2368.55,2397.21,-0.48972643925928494,-0.018943483322837906,0.003258425683265287,-0.0015899771725544313,-0.004979389569817028,0.25933158138951823,0.12119971121836225
2024-10-10 11:00:00,2408.93,2370.0,2381.82,0.15291782603559012,-0.018335953558528018,-4.595005183904988e-06,-0.00158934340543609,-0.11077721655048467,0.260869643789905,0.1168962899788362
2024-10-10 15:00:00,2421.36,2330.66,2357.73,2.244198725276958,-0.02734342960014058,0.0032773921848474608,-0.0015952485872891,-0.03302238674732827,0.22531244880918674,0.11459537635701177
2024-10-10 19:00:00,2387.09,2350.81,2377.96,-0.5501842439655985,-0.0051377318010361606,-0.02634098141810093,-0.0015930235450517156,0.1812941162647146,0.2107840637838662,0.10812670086943334
2024-10-10 23:00:00,2415.4,2377.96,2400.12,-0.6145884147157821,0.003808320522682873,-0.0267210266928517,-0.00156999746608232,0.043021895234319096,0.272714613183544,0.0991032563409907
2024-10-11 03:00:00,2418.55,2400.11,2411.4,-0.7717065031702021,0.0040272426880658685,-0.019030979612684185,-0.0015475793499177596,0.1998326602045608,0.3104132301440878,0.08523076281620118
2024-10-11 07:00:00,2426.22,2402.65,2414.71,-0.40026203309729996,0.010134911948038283,-0.018943483322837906,-0.0015190866013156377,0.20353466175929724,0.3169848250895612,0.07126542211427495
2024-10-11 11:00:00,2439.71,2412.0,2432.5,0.5966574296771572,0.016457528053727355,-0.018335953558528018,-0.00147609353695898,0.1288541764463067,0.3545148991690516,0.06507698222305214
2024-10-11 15:00:00,2453.84,2432.18,2446.01,0.382351878021503,0.029198326232113825,-0.02734342960014058,-0.0014238475826576162,0.002436710030183642,0.3904161222193533,0.06247586346009694
2024-10-11 19:00:00,2471.45,2437.57,2439.38,0.06910451619803011,0.03716592448779332,-0.0051377318010361606,-0.001355271492034081,-0.11201567543650692,0.42040103485949937,0.06233355716639872
2024-10-11 23:00:00,2451.37,2434.22,2436.67,-0.6154902346941443,0.020171172861042752,0.003808320522682873,-0.0012952371189294746,-0.19835230734210507,0.3877298678599212,0.06041140220311466
2024-10-12 03:00:00,2451.77,2434.35,2446.5,-1.0100076831237839,0.014339780099544397,0.0040272426880658685,-0.0012296556478564693,-0.006487946796820743,0.39271869663583114,0.0586594198516298
2024-10-12 07:00:00,2457.5,2442.61,2455.5,-0.922311316026818,0.014689698285375252,0.010134911948038283,-0.0011634664885567998,0.04581119381520726,0.4013952378463935,0.05857502747164195
2024-10-12 11:00:00,2479.33,2448.8,2471.43,-0.5045314410452283,0.013898356441616633,0.016457528053727355,-0.001096497770243954,0.08730079039520633,0.43489968453341965,0.05923356675235635
2024-10-12 15:00:00,2486.75,2466.0,2469.72,-0.2963416359014834,0.013343156948504076,0.029198326232113825,-0.001025135054667866,0.15998664103484628,0.4680688015262201,0.060041389517196724
2024-10-12 19:00:00,2490.51,2466.66,2487.32,-1.189698685716397,0.008263915329150828,0.03716592448779332,-0.0009504204765528628,0.18269215185936805,0.4687420314697259,0.06086314796977596
2024-10-12 23:00:00,2488.46,2462.35,2469.67,-0.9488343986353261,0.012667047929718844,0.020171172861042752,-0.0008755179731233744,0.21389962840683618,0.46141379348626804,0.06190370182273519
2024-10-13 03:00:00,2470.21,2452.55,2464.97,-1.0892199218944745,0.0075025573057341255,0.014339780099544397,-0.0008017357921193885,-0.12144699883822596,0.43639832840148035,0.06233747149192738
2024-10-13 07:00:00,2471.74,2459.87,2462.8,-1.2500087924374532,0.007205396158391553,0.014689698285375252,-0.0007313805424243506,-0.06125820551912042,0.4434073255029571,0.06192008666662413
2024-10-13 11:00:00,2470.49,2444.8,2447.06,-0.9186106980511519,-0.0010755116386521602,0.013898356441616633,-0.0006651996543354612,-0.20374204082817604,0.42859272645253516,0.058209476241556944
2024-10-13 15:00:00,2462.31,2436.4,2444.5,-0.502665899885126,-0.011312023189512188,0.013343156948504076,-0.0005980233987398388,-0.14234756066039955,0.4013582276777125,0.05570407023111445
2024-10-13 19:00:00,2484.6,2444.5,2467.11,-0.8018368550686494,-0.0048097964128388515,0.008263915329150828,-0.000523073133403232,-0.051086388723906695,0.4403739046661053,0.05343482658183451
2024-10-13 23:00:00,2470.0,2443.39,2452.3,-0.8692844456098348,-0.0065676995826187134,0.012667047929718844,-0.0004456415391197934,-0.11085004188110237,0.4227257026185518,0.05246942952574687
2024-10-14 03:00:00,2548.43,2451.25,2528.37,3.054784200838964,0.02377150172293896,0.0075025573057341255,-0.00036938847586108275,0.05894726216449975,0.5758335279989053,0.05336683141832135
2024-10-14 07:00:00,2545.65,2516.05,2540.87,0.7206337596597443,0.02662703437918812,0.007205396158391553,-0.00028203614764746505,-0.03767815629856164,0.599778695880649,0.05610303476405874
2024-10-14 11:00:00,2638.05,2534.47,2622.59,3.214605143581033,0.04933276742318493,-0.0010755116386521602,-0.00019043322727114114,0.27147378667381994,0.7175761745322663,0.0640331925202188
2024-10-14 15:00:00,2642.88,2615.12,2629.58,1.2965474484253225,0.07413939178633644,-0.011312023189512188,-8.526198578819364e-05,0.12150365827630605,0.8336357578917503,0.0738792031676565
2024-10-14 19:00:00,2651.8,2616.1,2649.8,-0.2513091885317067,0.06687545920392846,-0.0048097964128388515,2.4758205240274323e-05,-0.060430941108059244,0.8318822060310848,0.08346781406303795
2024-10-14 23:00:00,2654.0,2617.93,2627.4,-0.3704048797592065,0.07059067837119737,-0.0065676995826187134,0.00013661885734178884,0.09888946973614798,0.830210648297478,0.09080736630915581
2024-10-15 03:00:00,2627.5,2590.29,2608.7,-0.13602730865216695,0.03403776405897463,0.02377150172293896,0.00025227868954190707,-0.15539978965518642,0.768072864425273,0.0964603606036465
2024-10-15 07:00:00,2623.7,2605.57,2613.17,-0.2324122021949603,0.033242891374769545,0.02662703437918812,0.00036752938187292137,-0.08497136175022835,0.7891456313939558,0.10101907962759646
2024-10-15 11:00:00,2688.6,2562.35,2568.01,4.5265075742603615,0.013525549016748295,0.04933276742318493,0.00048758214201070503,-0.12667068338992127,0.7896884828504713,0.10478186270984316
2024-10-15 15:00:00,2619.33,2537.36,2592.97,2.0590047692585354,-0.019247835855978113,0.07413939178633644,0.0005969686449681002,-0.05715243749233778,0.6972134023234823,0.10642695976525626
2024-10-15 19:00:00,2603.46,2563.6,2594.5,0.13905515757415687,-0.017161550825948946,0.06687545920392846,0.0006571867038607624,0.01097895739280319,0.7102471778878503,0.10911892212850838
2024-10-15 23:00:00,2630.6,2588.67,2622.08,-0.11481217840339025,-0.007460709216877914,0.07059067837119737,0.0006991460929382297,0.0712139723033125,0.7774078461238243,0.11177899084050504
2024-10-16 03:00:00,2624.44,2603.25,2611.21,-0.13476995164406397,0.0030150543693379106,0.03403776405897463,0.0007572204694342456,0.03307395594173612,0.7878307088127829,0.11515389691481583
2024-10-16 07:00:00,2630.2,2598.77,2615.87,0.08958103037597033,-0.0007975145345553436,0.033242891374769545,0.0008229395464853928,-0.05884762038777669,0.7839026617326464,0.11785999911120337
2024-10-16 11:00:00,2647.79,2595.0,2607.59,1.5464367155849867,0.0030761415058553343,0.013525549016748295,0.0008784318918661445,0.02221280806321002,0.7994109061028005,0.12096993315862592
2024-10-16 15:00:00,2628.0,2591.58,2617.38,-0.35113239492138176,0.012786807672973133,-0.019247835855978113,0.0009346881462752281,0.0007094101324058855,0.7679507266390658,0.1234005419943905
2024-10-16 19:00:00,2628.83,2608.94,2621.91,-0.8961173256951186,0.013254445087376832,-0.017161550825948946,0.0009767309857499598,-0.02720670306955819,0.7814907922753545,0.1258345622069386
2024-10-16 23:00:00,2643.39,2609.49,2624.5,-0.34127466728203526,0.005532035245665812,-0.007460709216877914,0.0009999595485810375,-0.10506743955268372,0.8001306347230073,0.12864310329273831
2024-10-17 03:00:00,2648.37,2618.99,2625.12,-0.23875734801583018,0.007211464670664247,0.0030150543693379106,0.0010225159642990778,0.1684670246844373,0.8232185123123541,0.1314715076346653
2024-10-17 07:00:00,2630.71,2599.32,2614.31,-0.1202120555848608,0.00223447335223792,-0.0007975145345553436,0.0010600027516522266,0.12327595465145547,0.7838970108528975,0.13406378242759306
2024-10-17 11:00:00,2617.87,2583.5,2607.71,0.03293249902879087,-0.008230705976320252,0.0030761415058553343,0.0010784496586332766,-0.015954691992216663,0.7378177686969822,0.13635528666585198
2024-10-17 15:00:00,2632.73,2575.4,2587.12,0.27613866543243054,-0.0013064730989290618,0.012786807672973133,0.0010780339064241347,-0.09699689366230213,0.754866788833926,0.13798464281636286
2024-10-17 19:00:00,2614.91,2583.1,2612.68,-0.9534938614342335,-0.006583483667056744,0.013254445087376832,0.0010782347443453006,0.0333881315794784,0.7350040596823607,0.13760142984222395
2024-10-17 23:00:00,2651.66,2596.49,2633.8,0.2958431995643706,0.00037279174028514994,0.005532035245665812,0.0010664044168072016,0.12335435192387334,0.8027699086997194,0.13857840179354178
2024-10-18 03:00:00,2638.73,2608.76,2627.29,-0.29517633039401725,-0.004376701178658737,0.007211464670664247,0.0010781926661286199,-0.13027348830484076,0.7921314939898814,0.1404012904617077
2024-10-18 07:00:00,2650.0,2621.2,2627.55,0.10673662718189919,0.005700348983992853,0.00223447335223792,0.0010839915106443554,0.11517354517350409,0.8241615445335134,0.14157006829552524
2024-10-18 11:00:00,2646.44,2612.2,2641.79,0.5153024692080767,0.009638854684016929,-0.008230705976320252,0.001101777607257764,0.04361921126155743,0.8054578682364048,0.14239031662132784
2024-10-18 15:00:00,2675.58,2629.5,2663.5,1.2754584575201136,0.016589120120155565,-0.0013064730989290618,0.001101334120858708,0.12994455471710564,0.8715627982050966,0.14341659078466681
2024-10-18 19:00:00,2668.0,2633.59,2636.46,-0.3678141399286149,0.018663240750315113,-0.006583483667056744,0.0011289932731055365,-0.1698354939426323,0.8659197482114951,0.1460025890759153
2024-10-18 23:00:00,2648.4,2635.22,2647.11,-0.7686727579499081,0.005300573480379711,0.00037279174028514994,0.0011617062347362636,-0.02577436075345363,0.8403106569725062,0.146805595463748
2024-10-19 03:00:00,2663.49,2640.55,2644.26,-0.7957326718259371,0.010239500954174252,-0.004376701178658737,0.0011779792893761732,0.2317719913707612,0.8645427390758718,0.1479983480361409
2024-10-19 07:00:00,2648.6,2638.0,2639.6,-0.9715932663355719,0.0034917775785636707,0.005700348983992853,0.0011991448395090084,-0.029908649671769982,0.848966382924359,0.14876133615674156
2024-10-19 11:00:00,2651.44,2631.02,2650.09,-0.8383978902404602,0.004691549618788926,0.009638854684016929,0.001220463908067603,-0.04459288459423627,0.8386978804386244,0.14885191587409574
2024-10-19 15:00:00,2654.41,2637.0,2642.13,-0.90603439172974,-0.0029595756529455786,0.016589120120155565,0.001233254531203059,-0.1962132732162405,0.8503983204577897,0.14893118103400851
2024-10-19 19:00:00,2653.56,2638.73,2650.8,-1.1714537785371988,-0.001369453109514529,0.018663240750315113,0.0012440049658045452,0.19664350093088445,0.8561342613794907,0.14648562154475173
2024-10-19 23:00:00,2655.5,2636.53,2639.19,-0.9303039050015177,0.001996263102765461,0.005300573480379711,0.001252961721421419,-0.28347731697728573,0.8545239194241406,0.1453935035087867
2024-10-20 03:00:00,2652.03,2635.54,2650.79,-0.9473936550718725,-0.0026176868930020136,0.010239500954174252,0.0012655524340245122,-0.2083670536660055,0.8458415479637043,0.14360730436297134
2024-10-20 07:00:00,2651.49,2643.13,2646.06,-1.0215397009511356,0.001800967343554838,0.0034917775785636707,0.001271386233189883,-0.021750555971305374,0.8618047410503579,0.1418415495884905
2024-10-20 11:00:00,2721.0,2642.0,2711.01,1.5468330495694544,0.018400671483701503,0.004691549618788926,0.0012626715301052153,0.1408826232695346,0.9696797792055599,0.13756208494718591
2024-10-20 15:00:00,2714.0,2685.26,2702.13,0.20441922692525935,0.020187983133509446,-0.0029595756529455786,0.0012839023027777857,0.14624428205483242,0.994339086777973,0.13500529380351198
2024-10-20 19:00:00,2759.0,2692.48,2747.42,1.083283188471192,0.02983075263161794,-0.001369453109514529,0.0012997882802052477,-0.013930200185819697,0.9999999999747738,0.13224897603452748
2024-10-20 23:00:00,2769.48,2728.44,2731.19,0.9910947588083374,0.038815918836515806,0.001996263102765461,0.0013211510108188434,0.3931568024860972,0.9999999999761661,0.13229344281501576
2024-10-21 03:00:00,2744.24,2724.4,2727.57,-0.2377599830550167,0.03494716109146201,-0.0026176868930020136,0.0013790635555239838,0.03216372355319308,0.9676642095301053,0.1316192792067688
2024-10-21 07:00:00,2734.0,2701.41,2705.62,0.30554561464221375,0.026195160586800714,0.001800967343554838,0.0014380955812109708,-0.08779284249171915,0.9270251773631947,0.130713793209068
2024-10-21 11:00:00,2713.4,2659.12,2672.22,1.490051154513095,-0.0025708764897949266,0.018400671483701503,0.0014916654370736274,-0.11659651461120168,0.8405577691526066,0.12982364925698742
2024-10-21 15:00:00,2683.72,2655.01,2666.53,0.3602242894626429,-0.010304224978912258,0.020187983133509446,0.0015251025597614162,0.012882996364499855,0.8125791660405881,0.12773463378417896
2024-10-21 19:00:00,2685.02,2666.53,2677.31,-0.49788043319764386,-0.01734555160714013,0.02983075263161794,0.0015362853902276229,0.11667630607169333,0.8321531512136765,0.12450166372756091
2024-10-21 23:00:00,2677.31,2613.49,2636.79,1.203342840044592,-0.03880275266848354,0.038815918836515806,0.0015659786541555823,-0.1838688201426556,0.7458379102017019,0.12244542478285873
2024-10-22 03:00:00,2659.39,2635.1,2653.91,-0.5070409207994899,-0.03209625890494194,0.03494716109146201,0.0015547342178370113,0.19029552116828685,0.758468213485808,0.11811175551466584
2024-10-22 07:00:00,2658.34,2613.2,2632.76,0.08833794331685553,-0.031057520759924295,0.026195160586800714,0.001555730847711305,0.006604305568522317,0.7258615840144933,0.11536383736478414
2024-10-22 11:00:00,2645.5,2606.56,2638.95,0.6118402139765722,-0.019671586410969333,-0.0025708764897949266,0.0015438907353188948,0.06415395423531334,0.71484330161288,0.1119737035783118
2024-10-22 15:00:00,2642.0,2607.0,2622.41,-0.012247328127913218,-0.017588712726531175,-0.010304224978912258,0.0015320268963201229,-0.05148892137071903,0.7006677486435545,0.10909145031060528
2024-10-22 19:00:00,2644.1,2621.5,2635.83,-0.8156599928465458,-0.016358051313713484,-0.01734555160714013,0.0015064634498050135,-0.13238492966575044,0.7277518509882276,0.1056627137076066
2024-10-22 23:00:00,2638.78,2610.37,2613.19,-0.6907807874009941,-0.007810652451877065,-0.03880275266848354,0.0015009509193077098,-0.017755575175769533,0.6966624911904109,0.10245192433600354
2024-10-23 03:00:00,2624.68,2601.18,2612.2,-0.4852795562989878,-0.012349220754049872,-0.03209625890494194,0.0014880275470963635,-0.10601307803258553,0.6805622548416228,0.097761110718689
2024-10-23 07:00:00,2616.45,2563.73,2581.56,0.6212701258238511,-0.017125401722993927,-0.031057520759924295,0.0014813088785618394,-0.11723836430604306,0.6183831414592229,0.09393216505322081
2024-10-23 11:00:00,2587.56,2556.8,2563.69,0.32628239899716194,-0.02056163310413961,-0.019671586410969333,0.0014533687125912477,-0.08282962670500715,0.586025740898155,0.08836236943776213
2024-10-23 15:00:00,2565.0,2450.0,2491.32,3.6685922924234786,-0.04339721913278194,-0.017588712726531175,0.0014486721100709162,-0.05582383295750215,0.42940161012961636,0.08732219807795957
2024-10-23 19:00:00,2518.94,2488.75,2510.61,0.04333664889710977,-0.047943499884931184,-0.016358051313713484,0.0013858352746472897,0.05676427659481975,0.42676943968139025,0.08364105412203662
2024-10-23 23:00:00,2560.75,2508.55,2556.07,0.30667840293287707,-0.03181255759157542,-0.007810652451877065,0.0012853362940812788,0.19486557834735074,0.4979368524972169,0.07543801898810579
2024-10-24 03:00:00,2562.65,2540.38,2548.5,0.23155162209163108,-0.022930192420905104,-0.012349220754049872,0.0012036949234962744,0.06954069820874187,0.5376918643415325,0.07465972539434704
2024-10-24 07:00:00,2555.25,2508.8,2525.99,0.0980383465502721,-0.02192435820936456,-0.017125401722993927,0.0011501678446338192,0.09574312089505366,0.4831430060240511,0.07611585292029083
2024-10-24 11:00:00,2545.75,2513.4,2525.07,0.6642729544341152,-0.01747644491031275,-0.02056163310413961,0.0010736979116630465,0.04157590606735728,0.4787879965695447,0.07899614357199829
2024-10-24 15:00:00,2536.0,2507.31,2527.01,0.19020935432996997,0.0061477680007573365,-0.04339721913278194,0.0009969539584548002,0.2948754606889863,0.46616222723159556,0.0814993031286354
2024-10-24 19:00:00,2560.0,2522.42,2533.22,-0.09529001897546036,0.012802486521690692,-0.047943499884931184,0.0009043960387423095,0.07260443345026646,0.5032882893557248,0.0832263401421163
2024-10-24 23:00:00,2538.53,2509.89,2522.4,-0.6696953693885411,-0.005235028364257599,-0.03181255759157542,0.0008248870251341705,-0.14665562305535607,0.46627518380637667,0.08605985317206016
2024-10-25 03:00:00,2532.06,2485.86,2490.94,0.1990883243115087,-0.020326787487457643,-0.022930192420905104,0.0007486434207099759,-0.21962300300228454,0.4139465188049816,0.09119632773265554
2024-10-25 07:00:00,2545.0,2462.06,2542.25,1.7471897097669447,-0.008580391035633017,-0.02192435820936456,0.0006602499652910314,0.03621034967594983,0.4313753821220502,0.0907009592457713
2024-10-25 11:00:00,2566.33,2525.1,2544.79,0.8599717300400793,0.006247956189465942,-0.01747644491031275,0.0005685994066911282,-0.05659566881770439,0.5164562535495769,0.09126507088784916
2024-10-25 15:00:00,2557.43,2455.6,2482.9,2.6515383737309755,-0.007120110839101468,0.0061477680007573365,0.0005103856257756246,-0.20441088454996914,0.4233257403953004,0.09752266581764166
2024-10-25 19:00:00,2496.59,2463.2,2464.2,0.8238426006568011,-0.023528566478915658,0.012802486521690692,0.00043902806616692453,-0.15857352086085108,0.36086063171164046,0.10318278154018477
2024-10-25 23:00:00,2466.72,2382.59,2445.02,3.5961999704624734,-0.039160193030971846,-0.005235028364257599,0.0003652986683031134,-0.027425051892567387,0.2306725890865118,0.10988073693125942
2024-10-26 03:00:00,2479.7,2439.23,2473.54,-0.18402104234983874,-0.015858596021110838,-0.020326787487457643,0.0002537958365677762,0.46205067364387187,0.3193650410420934,0.11231217706760795
2024-10-26 07:00:00,2478.99,2464.19,2469.13,-0.3120324111360784,-0.015696854430394702,-0.008580391035633017,0.00016088595418288908,0.06437799462115712,0.3374849611481431,0.11619191723527009
2024-10-26 11:00:00,2478.8,2442.2,2446.85,0.20773120321807514,-0.03212498254456675,0.006247956189465942,7.266023840806706e-05,0.13267468765847812,0.3215680911719197,0.12194797765472458
2024-10-26 15:00:00,2487.34,2443.4,2480.86,-0.08228472476915374,-0.015272407522199716,-0.007120110839101468,-1.3522889024260308e-05,0.3382781798661114,0.3320970775263482,0.12288832738805587
2024-10-26 19:00:00,2508.0,2480.71,2486.77,-0.5547648980820279,0.004827478732161605,-0.023528566478915658,-9.232732634452397e-05,0.11919217495257506,0.38939569078228026,0.12476744598926424
2024-10-26 23:00:00,2488.23,2470.71,2473.05,-1.0163762421308804,0.022124221799882937,-0.039160193030971846,-0.00016384205836053896,0.1620510933450292,0.3585677863802115,0.1280287863893444
2024-10-27 03:00:00,2486.84,2469.52,2480.18,-0.9794302550982291,0.007201388569996636,-0.015858596021110838,-0.00024033041055252917,-0.06773459700672302,0.3616333728179876,0.12975305429771947
2024-10-27 07:00:00,2484.4,2465.96,2467.92,-0.8614070261381098,0.0014365130872726617,-0.015696854430394702,-0.000321011184151377,-0.19392752460530704,0.34594256064331286,0.13293481605692833
2024-10-27 11:00:00,2503.98,2464.13,2493.61,-0.3437349378263447,0.009016920161118547,-0.03212498254456675,-0.0004004680488796952,0.03523593981858131,0.37451249527952984,0.13305224213057953
2024-10-27 15:00:00,2511.7,2486.22,2487.78,-0.6035481419048683,0.012519602996188928,-0.015272407522199716,-0.00047712457993999934,-0.1777269021147172,0.4057399076044635,0.13501729118808453
2024-10-27 19:00:00,2527.99,2486.0,2514.49,-0.6629612252944762,0.006662976756160344,0.004827478732161605,-0.0005534666564442255,0.09962411297331664,0.42897044333964607,0.13431208503872133
2024-10-27 23:00:00,2523.4,2488.2,2490.0,-0.6166008329880079,0.009649302503137225,0.022124221799882937,-0.000624586115013212,-0.16695641568689612,0.4155823538841891,0.13668881443784936
2024-10-28 03:00:00,2495.27,2471.67,2491.78,-0.511227602413881,0.001056950058679229,0.007201388569996636,-0.00070489024600311,-0.04982759055883146,0.36788178464327953,0.13757952876005244
2024-10-28 07:00:00,2544.74,2491.03,2531.35,0.6424120452075628,0.02022132181736569,0.0014365130872726617,-0.0007526539393201055,0.2586615791518825,0.4651684282652344,0.13546033589792578
2024-10-28 11:00:00,2536.6,2509.05,2525.95,0.6961698789305754,0.015668504617601275,0.009016920161118547,-0.0007942038330432312,-0.10970320651421395,0.4673423860099019,0.13556334239644238
2024-10-28 15:00:00,2526.33,2488.0,2505.6,0.6556065735975706,0.002615990028198123,0.012519602996188928,-0.0008251124471905644,-0.017481905186339408,0.4213203375152205,0.13625940603861939
2024-10-28 19:00:00,2589.67,2498.0,2568.79,2.070719866773825,0.013794722688907912,0.006662976756160344,-0.0008267064227061458,-0.12714666015786302,0.5114501258644671,0.1323191643080214
2024-10-28 23:00:00,2631.66,2561.2,2612.83,2.0588624109660247,0.03758493535849583,0.009649302503137225,-0.0008100362696036032,0.17533214501588557,0.6398023134115493,0.12949873284593486
2024-10-29 03:00:00,2626.49,2605.2,2620.9,0.2451648655971195,0.05403229581782476,0.001056950058679229,-0.0007859325808036508,-0.10421182422825326,0.6876441770569034,0.12867538591488267
2024-10-29 07:00:00,2638.8,2609.09,2631.46,0.14823468113572927,0.038996563800825834,0.02022132181736569,-0.0007675235934268638,0.031759264529695796,0.6997434077253981,0.1280033207321218
2024-10-29 11:00:00,2645.41,2611.33,2630.62,0.5512077441338121,0.04110245308398097,0.015668504617601275,-0.0007445559544814371,0.0024203697083613473,0.7146742195275878,0.12764068944661588
2024-10-29 15:00:00,2681.86,2622.8,2666.09,2.1679647735134773,0.05964417342594941,0.002615990028198123,-0.0007142348538252333,0.07771047898445071,0.7774810436699413,0.12653145617331357
2024-10-29 19:00:00,2674.79,2606.82,2636.63,1.1645415106520425,0.03567979847725722,0.013794722688907912,-0.0007004945115837286,-0.016601694678676115,0.7277251778882615,0.12763877454702185
2024-10-29 23:00:00,2641.6,2599.66,2627.6,0.18665604606970393,0.010675770575012455,0.03758493535849583,-0.0006890396187334911,-0.06758995375347221,0.7058843397828934,0.12786132640467143
2024-10-30 03:00:00,2684.21,2627.17,2657.4,0.5069518547074993,0.012662712082394334,0.05403229581782476,-0.000663255959447455,0.16027502178652675,0.7666309941988457,0.126590993803881
2024-10-30 07:00:00,2696.5,2657.39,2682.21,0.7325741747104734,0.02140452902158918,0.038996563800825834,-0.0006281258153677556,-0.021856584691503422,0.8335184613548391,0.1264067163065645
2024-10-30 11:00:00,2722.3,2653.03,2709.49,3.1414219348318086,0.023785978504636596,0.04110245308398097,-0.0005891245477350855,0.062055848242944744,0.8636881144958819,0.12507252746848774
2024-10-30 15:00:00,2713.0,2660.0,2666.62,0.9339247985489723,0.01058540624330484,0.05964417342594941,-0.0005479463555678747,-0.08667647147137114,0.8444611085281741,0.12589022310355438
2024-10-30 19:00:00,2686.13,2635.52,2659.79,1.02747908998332,0.010286886355517222,0.03567979847725722,-0.0005160442341151545,0.008299431556561432,0.7923044996454472,0.1226586517420395
2024-10-30 23:00:00,2670.28,2637.63,2663.17,-0.2116278994033325,0.012797002111252676,0.010675770575012455,-0.0004854843548375961,0.0233030001948884,0.7859422437925933,0.11978595053487445
2024-10-31 03:00:00,2667.16,2632.35,2638.49,-0.365110363301925,0.0003331940249453602,0.012662712082394334,-0.00045457165953112836,-0.043076763830099174,0.7687356927648273,0.11759738944456247
2024-10-31 07:00:00,2648.8,2625.26,2646.61,-0.07442321434381911,-0.015465325099759952,0.02140452902158918,-0.00042437809920283935,-0.060932073456298474,0.7347936549865837,0.11511200498591996
2024-10-31 11:00:00,2648.5,2541.23,2555.8,2.6241375166852676,-0.0357686757442377,0.023785978504636596,-0.00040767950886901386,-0.10924613677434603,0.6342752416518834,0.11726463772022379
2024-10-31 15:00:00,2576.46,2506.3,2525.19,1.9710077706649254,-0.051482796274793796,0.01058540624330484,-0.0004114654004316522,-0.013137191367004086,0.4938005669213434,0.11708545618624663
2024-10-31 19:00:00,2531.86,2503.0,2521.62,0.2273428684525335,-0.05335876769687187,0.010286886355517222,-0.000425852882590233,0.042680786580025165,0.40435187612039436,0.11510961032444082
2024-10-31 23:00:00,2533.25,2467.67,2510.01,1.4081586161911674,-0.05750799095626291,0.012797002111252676,-0.0004490446615128931,0.05192673062827047,0.36152936577387096,0.1149908450056232
2024-11-01 03:00:00,2519.84,2498.32,2500.4,-0.4006655364554145,-0.05366373398729063,0.0003331940249453602,-0.00046455606004625587,-0.11821611578103519,0.3704416555068586,0.1142819502675083
2024-11-01 07:00:00,2524.89,2485.35,2518.74,0.49455675963666473,-0.04922831966080976,-0.015465325099759952,-0.0004802581349253212,-0.10558628803558989,0.3657566395286616,0.11255804773881761
2024-11-01 11:00:00,2586.8,2514.69,2561.82,1.8907990789379598,-0.016301693212705026,-0.0357686757442377,-0.00048250792683911004,0.028962495783387388,0.48503374781793995,0.10930610841711062
2024-11-01 15:00:00,2565.0,2481.68,2508.39,2.0075218505429135,-0.01075998191535843,-0.051482796274793796,-0.00048636494880289685,-0.018120065042770528,0.3928981235359026,0.11103799335417011
2024-11-01 19:00:00,2527.46,2485.05,2513.23,-0.21054212650802429,-0.004467756411200896,-0.05335876769687187,-0.0004880832798439391,-0.086679694446813,0.3675871152755856,0.10964887400796951
2024-11-01 23:00:00,2523.45,2510.25,2511.86,-0.886549571084161,0.003959190925341138,-0.05750799095626291,-0.0004893063023912861,-0.021024060151649926,0.387626439261534,0.10913254576487053
2024-11-02 03:00:00,2515.4,2499.59,2511.86,-0.9111131355833585,-0.00030632562390964235,-0.05366373398729063,-0.0004929999649441323,0.10555604287635911,0.36841977494873596,0.10851191978001294
2024-11-02 07:00:00,2512.15,2491.2,2502.21,-0.8269329579732088,-0.002183540146642793,-0.04922831966080976,-0.0004949045042058765,-0.11608773348775392,0.3513545675527751,0.1090246222027651
2024-11-02 11:00:00,2506.32,2470.0,2490.28,0.13824440910340882,-0.025866797168651257,-0.016301693212705026,-0.0005016045384688958,-0.03374530840807455,0.3113376569915252,0.11003270985404442
2024-11-02 15:00:00,2497.73,2478.1,2487.29,-0.7941161643184298,-0.011967894420946035,-0.01075998191535843,-0.0005104014908052954,0.07724507966786498,0.3136361284522421,0.11025097569885804
2024-11-02 19:00:00,2497.89,2485.55,2491.45,-1.190717618654901,-0.005945791285186464,-0.004467756411200896,-0.0005151718459688477,0.04559022628679088,0.3283593140325047,0.11038379760587536
2024-11-02 23:00:00,2496.39,2426.5,2434.6,0.22975370269959522,-0.02209087510520058,0.003959190925341138,-0.0005241413614030331,-0.12454784071865854,0.2414375577499765,0.11521450649959282
2024-11-03 03:00:00,2463.83,2421.29,2456.41,-0.4433632880958598,-0.02479756269041833,-0.00030632562390964235,-0.0005394807279538349,0.049246320623656636,0.20479535859202438,0.11553750083797783
2024-11-03 07:00:00,2462.64,2443.94,2457.38,-0.37934798318683804,-0.019285275065626384,-0.002183540146642793,-0.0005545243300036523,0.2829957556587499,0.2244315768017234,0.11673337181432396
2024-11-03 11:00:00,2462.37,2418.0,2425.12,-0.08658018337728884,-0.01964135714317572,-0.025866797168651257,-0.0005686181922318025,-0.05288430517326426,0.18285715474051814,0.12067659786252788
2024-11-03 15:00:00,2459.53,2411.0,2425.01,0.5236275219593716,-0.02065412151621482,-0.011967894420946035,-0.0005692120718461651,-0.07340444184209749,0.17848333229037863,0.12297440870237082
2024-11-03 19:00:00,2475.52,2423.8,2460.19,-0.4472837274356419,-0.013644033135231548,-0.005945791285186464,-0.0005594056683907014,-0.038121390049279724,0.2388770137252819,0.1222164801659742
2024-11-03 23:00:00,2485.23,2434.99,2483.8,-0.2987852196597619,0.0008868869524782941,-0.02209087510520058,-0.0005345395923971714,0.24842612851238965,0.24717698013680936,0.12147302220595935
2024-11-04 03:00:00,2491.39,2460.16,2477.4,-0.8914823580978459,0.011590768074462465,-0.02479756269041833,-0.0004965620133025703,-0.03087113411913367,0.2793794335205384,0.12202430555221355
2024-11-04 07:00:00,2479.7,2447.34,2467.12,-0.5901254389436605,0.0037176715744822175,-0.019285275065626384,-0.0004616436845721276,-0.058204634390699006,0.2484269868783682,0.12327180812525222
2024-11-04 11:00:00,2486.0,2445.4,2450.35,-0.2391690111566734,0.012147081368592438,-0.01964135714317572,-0.00043136496655428284,0.17366793445322237,0.2607544997326865,0.1252389015171503
2024-11-04 15:00:00,2454.94,2405.8,2425.43,0.9804644963469813,-0.00345443297974779,-0.02065412151621482,-0.0004176462036190425,0.050813909467411156,0.1563456995344855,0.1280859610418983
2024-11-04 19:00:00,2436.77,2357.59,2406.2,1.4761229776122597,-0.026205483328186174,-0.013644033135231548,-0.00041869231507244233,-0.055337542395797135,0.06935729435586285,0.13105140840054735
2024-11-04 23:00:00,2415.8,2380.74,2405.28,0.09300893924627945,-0.02468736133400573,0.0008868869524782941,-0.00041938408223813467,-0.12711429978218725,0.08727288188906841,0.13254592117132954
2024-11-05 03:00:00,2435.0,2405.0,2430.16,-0.6458267896985077,-0.02056165493017814,0.011590768074462465,-0.0004255451674628482,0.021428270288175844,0.1455360782297995,0.13232014394811029
2024-11-05 07:00:00,2448.0,2422.0,2435.5,-0.051848974778507105,-0.009840664030771995,0.0037176715744822175,-0.0004213828154198771,0.09868587650011196,0.18467508713583433,0.13288567512455599
2024-11-05 11:00:00,2480.0,2435.49,2469.9,0.3289213185379529,-0.005003891334779187,0.012147081368592438,-0.00041484277423766173,0.01415095134190425,0.22827553242712914,0.1305054583497874
2024-11-05 15:00:00,2475.0,2427.4,2452.63,1.1329170094954195,0.010260584592525879,-0.00345443297974779,-0.00040588972241458555,-0.031006250268018953,0.22187321086064335,0.13199598305887858
2024-11-05 19:00:00,2455.0,2401.3,2434.79,0.48333978567233876,0.012797526587143393,-0.026205483328186174,-0.0004024972326698359,0.0764887577306752,0.1499733259654963,0.13411077158508095
2024-11-05 23:00:00,2577.68,2420.24,2568.3,3.48316912974335,0.041309283615025505,-0.02468736133400573,-0.0003865354210287319,0.12264720057457024,0.34823437984128947,0.12698767927156415
2024-11-06 03:00:00,2638.0,2561.0,2583.95,5.0,0.07032950394089399,-0.02056165493017814,-0.00034720762127047423,0.04155472261819426,0.5939234840266228,0.12637926515787792
2024-11-06 07:00:00,2643.2,2571.0,2623.73,3.834217997641404,0.0692213178844312,-0.009840664030771995,-0.0002913567249489978,0.003826975013556444,0.6287064804537847,0.1252699238664118
2024-11-06 11:00:00,2648.0,2608.0,2613.79,1.7653112833881341,0.07052170540809866,-0.005003891334779187,-0.00023953730208811422,-0.055355899661978514,0.6837232506112353,0.1265777061030942
2024-11-06 15:00:00,2678.79,2611.0,2677.39,1.406323821786273,0.08142936388006894,0.010260584592525879,-0.00018623028513872907,0.12181932331884315,0.747244118803999,0.1263430315449542
2024-11-06 19:00:00,2744.7,2658.48,2735.31,1.4235019552636143,0.1100968238827793,0.012797526587143393,-0.0001469705748989445,0.06914317440092921,0.8523867418498557,0.1291871912132574
2024-11-06 23:00:00,2877.43,2699.49,2871.8,3.8150191823176822,0.11463623701673509,0.041309283615025505,-9.604183156268282e-05,0.00528316972505638,0.9999999999761345,0.1364175342258558
2024-11-07 03:00:00,2880.0,2779.91,2802.51,2.075790481373288,0.0945169446795533,0.07032950394089399,-1.3348353480445352e-05,-0.1841006996747967,0.9999999999787652,0.14716623607530144
2024-11-07 07:00:00,2830.0,2796.5,2818.32,0.20432979269005724,0.08055824772143727,0.0692213178844312,8.690108694023355e-05,-0.10202004307084322,0.9534523273386467,0.1542512000896217
2024-11-07 11:00:00,2825.31,2776.0,2792.62,0.6871753625061884,0.06793638244346423,0.07052170540809866,0.0001723237536021775,-0.022501863881268958,0.9310008547806059,0.161585637553316
2024-11-07 15:00:00,2890.0,2780.9,2879.17,1.5365946547501834,0.07259300035585126,0.08142936388006894,0.00024825799210326444,0.06000465475665173,0.9999999999790166,0.16647966846154494
2024-11-07 19:00:00,2916.11,2850.99,2881.41,1.5740403357992037,0.07193107885278227,0.1100968238827793,0.000329435533029455,-0.013671085078649337,0.9999999999796603,0.1756620429404242
2024-11-07 23:00:00,2954.94,2867.54,2889.65,1.5538596472658786,0.046054247280622684,0.11463623701673509,0.00042414019784779033,-0.0273448766739246,0.9999999999808066,0.18403015750753207
2024-11-08 03:00:00,2924.2,2886.5,2908.63,0.08546008346826471,0.0241685573575241,0.0945169446795533,0.0005251947564865518,0.10544245759605642,0.9849629426193903,0.19198283060836296
2024-11-08 07:00:00,2930.89,2892.0,2923.52,0.5099854454343816,0.032278374307361135,0.08055824772143727,0.0006135361615809439,0.06358415091361924,0.9857231753838267,0.2001907095221848
2024-11-08 11:00:00,2956.56,2909.09,2913.1,0.7034038791949886,0.04453611256237866,0.06793638244346423,0.0006957856425915441,0.082719978571832,0.9999999999813801,0.20898777214674513
2024-11-08 15:00:00,2971.21,2890.04,2957.93,1.7819066058570234,0.02902521258950319,0.07259300035585126,0.0007985796407352217,-0.0609400901002034,0.992013030795606,0.21522307328722287
2024-11-08 19:00:00,2981.69,2915.8,2958.87,0.8347016832564581,0.021807798233228093,0.07193107885278227,0.0008785258891713622,-0.02966892286289302,0.9999999999819567,0.22421701538397854
2024-11-08 23:00:00,2995.22,2952.73,2975.99,0.39800335641716994,0.021428892351171624,0.046054247280622684,0.0009504217445385592,-0.012163083400717922,0.9999999999828616,0.23220474689202603
2024-11-09 03:00:00,3058.77,2953.71,3036.47,1.403361192399908,0.038469108716711276,0.0241685573575241,0.0010062005116373122,0.09970153517038294,0.9999999999840008,0.23890811742536563
2024-11-09 07:00:00,3055.88,3020.41,3048.87,0.3450610361045955,0.04416949716650698,0.032278374307361135,0.001087400645019251,0.07896066408899549,0.9999999999844241,0.24889535093904794
2024-11-09 11:00:00,3055.0,3028.4,3040.96,-0.07820793094365397,0.03772831964992429,0.04453611256237866,0.001175189103671614,-0.09497942672731507,0.9999999999845598,0.2592199830680697
2024-11-09 15:00:00,3050.0,2990.58,3049.51,0.21523409283186737,0.03335793705350687,0.02902521258950319,0.0012680831185345263,-0.024452625776425707,0.973374208416667,0.26824971587559837
2024-11-09 19:00:00,3142.67,3048.5,3134.37,0.8422277917067679,0.04755205122102546,0.021807798233228093,0.0013189558595884034,0.11397521006783129,0.9999999999855999,0.2738226873711178
2024-11-09 23:00:00,3157.4,3103.7,3126.99,1.3774897158985666,0.05137860628700297,0.021428892351171624,0.0013975481416080098,0.07141730423633219,0.9999999999864221,0.28604406883395855
2024-11-10 03:00:00,3216.47,3118.31,3178.65,2.735186135540212,0.051959720470422965,0.038469108716711276,0.0014763039244685406,0.0022618952653155056,0.999999999987211,0.2943537061587095
2024-11-10 07:00:00,3212.58,3168.81,3200.26,0.5807427939339421,0.05098751568040072,0.04416949716650698,0.0015758608748691516,-0.06122507693045609,0.9999999999874505,0.30527156775446224
2024-11-10 11:00:00,3236.64,3167.56,3195.41,1.582332749405707,0.051858138297617096,0.03772831964992429,0.0016755520765243343,0.046498866473424494,0.9999999999875842,0.3169358738196208
2024-11-10 15:00:00,3248.52,3185.5,3218.26,1.5673378832446985,0.06325563677625223,0.03335793705350687,0.0017713604965670644,-0.006444620650997823,0.999999999987831,0.3254745114525487
2024-11-10 19:00:00,3233.61,3069.0,3184.36,3.781420870722355,0.023417189839748165,0.04755205122102546,0.0019116419584294826,-0.09628156545292843,0.9330851646557443,0.33746447687807807
2024-11-10 23:00:00,3221.8,3172.09,3202.28,0.6046969685308587,0.0203992265715236,0.05137860628700297,0.001983478832846772,-0.029270551889051033,0.9739585550969739,0.3437751650763341
2024-11-11 03:00:00,3202.94,3105.0,3137.65,0.9790499073164257,-0.006341696551064979,0.051959720470422965,0.00210400542750858,-0.15148571801173927,0.927011453792955,0.3560179909652136
2024-11-11 07:00:00,3212.49,3127.24,3190.99,0.5496294143708057,-0.008474347412933958,0.05098751568040072,0.0021745965169761806,0.003657558052865273,0.936769021652451,0.3565962002323941
2024-11-11 11:00:00,3208.42,3139.5,3182.8,1.5643347921664243,-0.008887565170384804,0.051858138297617096,0.0022543237702893587,0.032646122932450394,0.9455110666227431,0.3637608016812247
2024-11-11 15:00:00,3328.19,3174.51,3323.61,4.698618722058988,0.016334132509533417,0.06325563677625223,0.0022674651562706793,0.04526953540764622,0.9999999999885621,0.35782915441090596
2024-11-11 19:00:00,3368.18,3280.0,3341.8,3.115865225815135,0.05187612855137025,0.023417189839748165,0.002323503859723019,0.005607932213414157,0.9999999999892561,0.36509426519994664
2024-11-11 23:00:00,3387.61,3248.42,3306.04,2.8309537947507213,0.042226672581169966,0.0203992265715236,0.0024341638028089374,-0.07570429760808561,0.9999999999893079,0.37607636167376945
2024-11-12 03:00:00,3394.09,3292.5,3379.87,1.2371682491069262,0.05746927204868024,-0.006341696551064979,0.0025522081819951345,0.18229054916175058,0.9999999999893975,0.37650043275600664
2024-11-12 07:00:00,3442.5,3207.67,3281.13,3.5561263084551604,0.05815900065910129,-0.008474347412933958,0.0026702055678977923,-0.04058665102806758,0.9999999999895159,0.39226321943934495
2024-11-12 11:00:00,3315.05,3208.33,3285.25,2.436500429495914,0.028783621981014695,-0.008887565170384804,0.0028692733104322653,-0.05708346637221229,0.9102972021296029,0.39537963623130956
2024-11-12 15:00:00,3292.5,3209.5,3282.41,0.935253283487204,-0.0037714039742845484,0.016334132509533417,0.002979183075769827,-0.10760240265087206,0.9036893631748135,0.39849015042931457
2024-11-12 19:00:00,3304.78,3251.25,3288.4,0.3353182063348998,-0.013585425192276235,0.05187612855137025,0.003062714647838109,-0.03460764778383596,0.9284569685760979,0.4001058770952191
2024-11-12 23:00:00,3288.4,3206.9,3252.01,0.9133882797671994,-0.02364861273295027,0.042226672581169966,0.0031928587521453757,-0.040476709387361254,0.897983026981763,0.4038916950474989
2024-11-13 03:00:00,3258.2,3116.69,3126.96,1.5746748293882555,-0.047765757411098564,0.05746927204868024,0.003356804749554691,-0.22295166606541195,0.82168004353965,0.4166047982934807
2024-11-13 07:00:00,3182.35,3126.14,3167.62,0.20824517029364328,-0.05760667949869047,0.05815900065910129,0.00345609531713437,0.07858675606250332,0.797778474275964,0.4080687915905084
2024-11-13 11:00:00,3328.53,3152.15,3320.2,2.51679722212042,-0.010661465763739941,0.028783621981014695,0.0034500173871678487,0.06869459837269964,0.8738277340612552,0.38811153239451796
2024-11-13 15:00:00,3331.0,3253.72,3270.23,1.8677369970652025,0.010332390514421252,-0.0037714039742845484,0.003474004721300168,0.0765126782666572,0.9389648951813548,0.3907206602120849
2024-11-13 19:00:00,3273.2,3118.39,3179.8,1.6773571444582185,-0.031838668144647864,-0.013585425192276235,0.003702395077034467,-0.0548762874066856,0.8189688744439363,0.39692870551694187
2024-11-13 23:00:00,3228.35,3160.64,3210.51,0.007638606243640068,-0.018082077859913892,-0.02364861273295027,0.003745928144101875,0.096100246672852,0.8363526816716548,0.38890902738867955
2024-11-14 03:00:00,3240.4,3180.41,3184.45,-0.09587142217584928,0.011013676204501666,-0.047765757411098564,0.0037841692918670145,0.2512195020961492,0.8583783103046894,0.3865286136361479
2024-11-14 07:00:00,3230.73,3174.37,3180.36,-0.15078839981015368,0.014909313226331156,-0.05760667949869047,0.0038600209000907043,-0.07703914748092011,0.84710089438069,0.3803692344031576
2024-11-14 11:00:00,3198.99,3108.01,3109.4,1.1188696032228282,-0.019458583829275455,-0.010661465763739941,0.003959094439540231,-0.09523023964745858,0.8079757799476993,0.37997000122658364
2024-11-14 15:00:00,3181.0,3060.0,3132.18,1.4007295745992019,-0.05434576774674704,0.010332390514421252,0.004056696157297479,-0.0995362207710736,0.7515074192567638,0.3666318820063769
2024-11-14 19:00:00,3149.0,3068.0,3088.0,-0.01610639482387463,-0.020337463035774994,-0.031838668144647864,0.004053996662638074,0.09219867126276293,0.7512582976512785,0.35889785271991487
2024-11-14 23:00:00,3094.4,3028.56,3081.74,0.07302640815776942,-0.04010361636393722,-0.018082077859913892,0.004101889941458525,-0.12860413896576584,0.7021364657679882,0.34540774905542526
2024-11-15 03:00:00,3090.39,3014.79,3064.01,-0.271707945909832,-0.05006006253740225,0.011013676204501666,0.004082983882194265,-0.04979453699973879,0.6897378933901249,0.33304619947914155
2024-11-15 07:00:00,3114.0,3022.0,3100.79,-0.04165741506172787,-0.039653390138270184,0.014909313226331156,0.004011806225792933,-0.002291549488343647,0.7139652637147769,0.31412385223758404
2024-11-15 11:00:00,3131.06,3043.13,3059.38,0.4297756639528798,-0.024152512709650686,-0.019458583829275455,0.0039565334254167564,0.02497228687017672,0.7278290700800321,0.3035139726541009
2024-11-15 15:00:00,3061.2,3014.5,3020.54,0.5284187929850475,-0.024914992757199772,-0.05434576774674704,0.0040021184951612165,0.04404601263680319,0.6702374355972153,0.2899960252528742
2024-11-15 19:00:00,3120.0,3015.6,3100.49,0.41935741144650696,-0.011951635169802355,-0.020337463035774994,0.0038958406095579864,0.0670846855982623,0.712276347214549,0.26271350252126485
2024-11-15 23:00:00,3122.72,3072.0,3110.78,-0.3289847376650739,0.010845167043807002,-0.04010361636393722,0.003817378016660408,0.22800423123677271,0.7369767792655807,0.24839736427840525
2024-11-16 03:00:00,3165.0,3108.2,3113.8,-0.307499685670159,0.02614334129040996,-0.05006006253740225,0.00373150307403822,0.04755060918854581,0.7733997539348,0.23431794750182894
2024-11-16 07:00:00,3134.7,3101.11,3127.11,-0.4953206133981148,0.01367069917384467,-0.039653390138270184,0.003708865268432243,0.12636616446701043,0.7580443629688894,0.22056733672328244
2024-11-16 11:00:00,3219.97,3121.27,3168.2,0.8505905300466913,0.028548393586788068,-0.024152512709650686,0.003590541275914985,0.07036864306120738,0.8202748313552848,0.2034395290450218
2024-11-16 15:00:00,3182.33,3120.41,3180.76,-0.03477326492169017,0.03892283714491973,-0.024914992757199772,0.003577351319056753,0.05508970217180531,0.7940362185312558,0.19088936592636657
2024-11-16 19:00:00,3184.6,3132.4,3132.99,-0.7317443740657351,0.02792440517678929,-0.011951635169802355,0.0035160230286404733,-0.059449911514882436,0.8022672009664957,0.1836862476532106
2024-11-16 23:00:00,3154.0,3034.99,3065.36,0.2522748349728792,-0.0014044635702563646,0.010845167043807002,0.0035375301736133556,-0.1809634940957654,0.7324159803339305,0.18339684287958594
2024-11-17 03:00:00,3141.43,3053.07,3134.27,0.0888501556151706,-0.009485923649449557,0.02614334129040996,0.003441205943059111,-0.0021181859474050935,0.7422500385983016,0.17159862581479804
2024-11-17 07:00:00,3162.11,3120.58,3138.0,-0.44664210492848355,0.008466324816296167,0.01367069917384467,0.0033059432987030757,-0.05918918996487532,0.785715933207075,0.16380614200519225
2024-11-17 11:00:00,3138.57,3067.33,3088.27,-0.037086509099359406,-0.02318465346447196,0.028548393586788068,0.003267244257850947,-0.09007710861081619,0.743054676757704,0.15669846935925907
2024-11-17 15:00:00,3115.72,3071.6,3081.0,-0.399542428402661,-0.019151451740767267,0.03892283714491973,0.003177303326518377,0.03337847969227847,0.7307517875797177,0.15139274488248397
2024-11-17 19:00:00,3106.99,3042.93,3068.08,-0.2793119801503983,-0.02686525306111165,0.02792440517678929,0.003083578186025755,-0.05590819655285706,0.7132720069393895,0.14624676641979265
2024-11-17 23:00:00,3124.2,3050.56,3110.4,-0.4460763197520876,0.0013672780583136035,-0.0014044635702563646,0.0029486100505282014,0.2003029029129504,0.7368497886382412,0.1381882901854273
2024-11-18 03:00:00,3146.93,3094.6,3146.34,-0.601873433210172,0.004887882356161111,-0.009485923649449557,0.0028204833821404937,-0.005728508700260426,0.7581485277079404,0.13102017246467132
2024-11-18 07:00:00,3149.71,3102.0,3115.45,-0.47195719593413715,-0.0068422591402329536,0.008466324816296167,0.002712138626599778,-0.1181831340040842,0.76316316809757,0.1270915622095464
2024-11-18 11:00:00,3116.97,3050.01,3087.12,1.0657725538023743,-0.008152698694884997,-0.02318465346447196,0.00263958891772822,0.08335028143784928,0.7165303772059611,0.12237546027261102
2024-11-18 15:00:00,3199.0,3083.62,3164.18,1.719972520543145,0.02266268513778469,-0.019151451740767267,0.002446208037256315,0.051709391684499284,0.8042046115717426,0.11505400405041445
2024-11-18 19:00:00,3189.13,3090.3,3149.11,0.6465310176578106,0.02322073807746783,-0.02686525306111165,0.0023415175208699995,0.04353912985082187,0.7881276624873718,0.11094483673803074
2024-11-18 23:00:00,3224.94,3140.1,3157.14,0.7032285657391296,0.02597235102368134,0.0013672780583136035,0.0021851385892728056,-0.033478699736903206,0.8211880662871707,0.10648733580206848
2024-11-19 03:00:00,3159.93,3114.99,3130.45,-0.45512987702691554,0.0062911121841169315,0.004887882356161111,0.002083958458970909,-0.05204916448410912,0.7787112281170662,0.10550477218564319
2024-11-19 07:00:00,3131.14,3091.13,3120.32,-0.27904291550380467,-0.002335595865970208,-0.0068422591402329536,0.0019585808539403456,-0.022201116856339742,0.7555174864982619,0.10437766069251901
2024-11-19 11:00:00,3150.0,3076.0,3096.78,0.2922581206263272,0.010730532072791066,-0.008152698694884997,0.0018143281376727962,-0.025390738232986543,0.7511568779215884,0.10374446452615334
2024-11-19 15:00:00,3143.0,3087.25,3140.69,0.005521962378567663,-0.01436451963238572,0.02266268513778469,0.0016637401388383923,-0.031992168327978465,0.7565921484343485,0.10057885201655048
2024-11-19 19:00:00,3145.0,3065.4,3092.67,0.1766853067992515,-0.014235172602551027,0.02322073807746783,0.0015198065278192,-0.08344088164570684,0.7411727895966792,0.1027337519312639
2024-11-19 23:00:00,3127.64,3084.0,3086.44,-0.5175026186221516,-0.023441524731365293,0.02597235102368134,0.001351284293857231,-0.0998519972937999,0.7430909536964095,0.10358408130658965
2024-11-20 03:00:00,3115.01,3071.6,3104.52,-0.7780527313699428,-0.013165387117373362,0.0062911121841169315,0.0012034813007836503,0.054624347408236185,0.7354090253811144,0.1034192088405679
2024-11-20 07:00:00,3135.13,3098.8,3109.4,-0.3517723807217429,0.0011452934342468524,-0.002335595865970208,0.0010646858659751454,0.449281883491921,0.7592579012266061,0.10343124480611429
2024-11-20 11:00:00,3159.2,3081.56,3114.48,0.774579670112956,0.00056160464813515,0.010730532072791066,0.0009429948780895051,0.0943784942007766,0.7529885740459155,0.10338348853711066
2024-11-20 15:00:00,3135.0,3037.05,3049.01,1.0694620009275544,-0.0102541724725832,-0.01436451963238572,0.0008276805356807635,-0.13465635813153332,0.7230920187164446,0.10675416528040145
2024-11-20 19:00:00,3093.16,3029.41,3074.38,-0.4040256888066056,-0.012309581583739182,-0.014235172602551027,0.0007042119195298434,0.16775421711394323,0.7011474946305266,0.10666563226269236
2024-11-20 23:00:00,3098.43,3032.59,3056.21,-0.49113107961668007,-0.011664411527814944,-0.023441524731365293,0.0005770003763240076,0.13914364006826263,0.7051410910993605,0.1082707650034354
2024-11-21 03:00:00,3143.64,3053.67,3127.21,1.136967195033122,0.004191642714211907,-0.013165387117373362,0.00046950957327384735,0.08507579182572478,0.7490142271360806,0.10586781308791128
2024-11-21 07:00:00,3148.11,3118.37,3131.7,-0.0976219791473975,0.00492635747475334,0.0011452934342468524,0.0003904857444737547,-0.14146689355265707,0.775365322600895,0.10557158946437435
2024-11-21 11:00:00,3372.6,3129.18,3345.5,5.0,0.05635216964905032,0.00056160464813515,0.0002994818342959991,-0.01512963286100677,0.9368866595528612,0.10316727776861893
2024-11-21 15:00:00,3383.58,3236.88,3379.22,1.7946653519749824,0.07348176328565992,-0.0102541724725832,0.0002596359230970808,0.1000595257077943,0.9606934867191228,0.10465021260929021
2024-11-21 19:00:00,3386.73,3333.54,3371.34,0.04293389767331638,0.09592863747995639,-0.012309581583739182,0.0002313404561142188,-0.042888976859427275,0.9999999999896118,0.10623773911096879
2024-11-21 23:00:00,3376.2,3304.39,3331.01,-0.15180175938237353,0.08831245164170198,-0.011664411527814944,0.0002272316256783605,-0.07243742000967568,0.9800705201851694,0.10844320922101616
2024-11-22 03:00:00,3425.92,3321.0,3371.77,0.3919680529976612,0.08722563458201149,0.004191642714211907,0.00021900056906364366,-0.05649217404533424,0.999999999989854,0.1067351411170634
2024-11-22 07:00:00,3386.87,3319.54,3322.62,-0.03326425685488526,0.07180181528396945,0.00492635747475334,0.00022093477862615636,-0.13384637067307914,0.9786810810966091,0.10967524586374561
2024-11-22 11:00:00,3357.18,3257.54,3288.0,1.1873535633302446,0.005822000049666709,0.05635216964905032,0.00021684143539624844,-0.10538379403481524,0.9261015145107937,0.110910894654072
2024-11-22 15:00:00,3323.67,3266.66,3280.01,0.07486947970297962,-0.0026735699900963805,0.07348176328565992,0.0001997882611964711,-0.022642723782025698,0.9207369031367995,0.1111132856266505
2024-11-22 19:00:00,3319.67,3264.84,3308.14,-0.5168835579826161,-0.019216909504119917,0.09592863747995639,0.00017812573341418323,-0.036986032313240935,0.9112296086934317,0.11079474035146389
2024-11-22 23:00:00,3364.98,3307.01,3325.79,0.25451121304723423,-0.0013060842865981748,0.08831245164170198,0.0001548780106076698,0.16100284456970892,0.9527967355685374,0.1123412681977412
2024-11-23 03:00:00,3361.71,3320.09,3343.72,-0.45685027947530316,-0.01099465119421883,0.08722563458201149,0.00014919424960898787,-0.0397773784962524,0.9622944921918667,0.1152284781096319
2024-11-23 07:00:00,3402.98,3335.16,3348.27,0.2857735901862006,0.0015850662823340134,0.07180181528396945,0.00015385010407631365,0.049388048121819184,0.9840831805239891,0.11861049457624925
2024-11-23 11:00:00,3497.51,3347.0,3472.2,1.8303522893837638,0.03727026124210431,0.005822000049666709,0.00016399835690310312,0.1911245659631593,0.9999999999903479,0.12106003395683913
2024-11-23 15:00:00,3480.42,3377.0,3424.18,1.4126248794918348,0.03773199005700634,-0.0026735699900963805,0.000193009970795989,-0.04211093548713063,0.996177874976295,0.12783199008202187
2024-11-23 19:00:00,3433.0,3379.2,3405.87,-0.51340581053974,0.034935101386760925,-0.019216909504119917,0.0002154251780141326,0.03736476594086535,0.9779033552472356,0.13340302986349756
2024-11-23 23:00:00,3450.0,3382.0,3430.39,-0.5233045340367891,0.025749229618850844,-0.0013060842865981748,0.00024503338321435567,-0.1170911822839783,0.9892721640020011,0.1378821803917718
2024-11-24 03:00:00,3432.6,3398.12,3423.0,-0.7367641184204573,0.02182230996295953,-0.01099465119421883,0.0002872707777250063,0.011511954471487895,0.9858694997736966,0.14306300414773246
2024-11-24 07:00:00,3428.35,3360.01,3374.54,-0.5499163527453598,0.010511124781366288,0.0015850662823340134,0.0003397271028258172,-0.11738981843849683,0.9703183156771774,0.14809782740511976
2024-11-24 11:00:00,3379.6,3281.4,3325.99,1.2479281054326945,-0.030047000592869022,0.03727026124210431,0.0003976492625509908,-0.20213940705454625,0.9005085995212497,0.15136202324876807
2024-11-24 15:00:00,3334.19,3287.19,3326.59,-0.32250474306644933,-0.03355517062647562,0.03773199005700634,0.00043293558948540625,0.023176021287150794,0.8851985005569327,0.15257554378374003
2024-11-24 19:00:00,3363.38,3309.99,3358.83,-0.8548801671752959,-0.02079499965515319,0.034935101386760925,0.0004622427138838143,-0.030289324016866126,0.9095066098303339,0.15238644564672443
2024-11-24 23:00:00,3372.22,3300.01,3338.16,-0.38060152260030367,-0.022171449700832735,0.025749229618850844,0.00048540617431582856,-0.039251099035234716,0.9160960795898483,0.1538123872381504
2024-11-25 03:00:00,3391.79,3338.16,3380.39,-0.7642506592848912,-0.012438235850363966,0.02182230996295953,0.0005142282111498467,0.040446744000229407,0.9448598660591985,0.15284425728020262
2024-11-25 07:00:00,3527.0,3368.58,3500.78,0.9598064473697951,0.01779679965936687,0.010511124781366288,0.0005303674691897097,0.23247594427909335,0.9999999999906174,0.15300368586370208
2024-11-25 11:00:00,3521.5,3403.66,3407.74,1.6773358993985874,0.0443600116705547,-0.030047000592869022,0.0005787695972632438,0.0683234105444781,0.9999999999907457,0.15813573814975446
2024-11-25 15:00:00,3546.66,3348.72,3447.73,3.289541288311904,0.04526654362245819,-0.03355517062647562,0.0006355344395017897,0.019338788562965448,0.9874478623874947,0.15708605089914024
2024-11-25 19:00:00,3505.45,3363.62,3451.15,1.0757454005606086,0.030893594656928203,-0.02079499965515319,0.0007136163420489622,-0.01710151768710766,0.9674259103969317,0.15934455363800226
2024-11-25 23:00:00,3471.42,3395.84,3444.99,0.13545946533216455,0.028300371520492362,-0.022171449700832735,0.0007957870716469607,0.0034216247694252022,0.9659148195914543,0.1617289946324722
2024-11-26 03:00:00,3447.57,3410.0,3423.77,-0.43890739145592245,0.01670033306453056,-0.012438235850363966,0.0008798437772589244,0.17646050173639494,0.9580599021717595,0.16403517467890666
2024-11-26 07:00:00,3423.77,3314.1,3317.4,0.5033118339308851,-0.027005264422254704,0.01779679965936687,0.0009791513800432314,-0.16527446623261077,0.8998483164708491,0.1687123837670139
2024-11-26 11:00:00,3362.5,3280.1,3345.96,0.8471680327612733,-0.044732061197522044,0.0443600116705547,0.001063408924208574,-0.025248122188429756,0.8561438607725563,0.16754919082015202
2024-11-26 15:00:00,3354.4,3252.0,3282.31,0.6757638957540228,-0.04346226051254831,0.04526654362245819,0.0011023307229896069,-0.18212935962517818,0.8482208848588492,0.17054205239643874
2024-11-26 19:00:00,3344.31,3263.94,3325.39,-0.14196219310634617,-0.03861000106975088,0.030893594656928203,0.001135717496414648,-0.007147659137740736,0.8445157052517477,0.16771766598910623
2024-11-26 23:00:00,3366.61,3302.4,3364.77,-0.5002031283484373,-0.03016645482462743,0.028300371520492362,0.0011629092085147672,0.136532243424073,0.869929193062611,0.16400945664279845
2024-11-27 03:00:00,3445.73,3350.0,3426.92,0.5040197754662379,-0.007334643772810123,0.01670033306453056,0.0011740363873193325,-0.09183556280216365,0.9347796592203653,0.16189178175348984
2024-11-27 07:00:00,3485.5,3402.43,3455.49,-0.10358236181070292,0.02083610012384951,-0.027005264422254704,0.001196117182122181,0.21133008903322148,0.9647694333718764,0.16196340690146846
2024-11-27 11:00:00,3528.8,3434.83,3520.5,0.6899329915352788,0.04927263445768437,-0.044732061197522044,0.0012138364231550035,0.23768326839900267,0.9999999999908147,0.16091959459040872
2024-11-27 15:00:00,3593.73,3517.6,3586.19,0.9595409187584929,0.07432350850078495,-0.04346226051254831,0.001248338077488411,0.3401076529810818,0.999999999991399,0.1615938660141193
2024-11-27 19:00:00,3674.97,3573.31,3665.9,0.5067080170766299,0.09589602263736596,-0.03861000106975088,0.0013143582430698332,0.15574382826730426,0.999999999991868,0.16396360713486546
2024-11-27 23:00:00,3684.92,3615.0,3621.49,-0.14188755894822755,0.0937927242570491,-0.03016645482462743,0.0013815457940121365,-0.10512774157784555,0.9999999999920177,0.17026408187742648
2024-11-28 03:00:00,3627.8,3564.75,3594.81,-0.013815208277215772,0.05561765436826338,-0.007334643772810123,0.0014855089914100484,-0.13938158640385978,0.9574365908139283,0.17505123062620115
2024-11-28 07:00:00,3638.39,3574.23,3603.26,-0.2202775516544177,0.049331687299761784,0.02083610012384951,0.001553525628595342,0.032025228738636446,0.9674971452365253,0.17729582606703279
2024-11-28 11:00:00,3642.19,3548.01,3567.17,0.12045486345476203,0.03157881708211652,0.04927263445768437,0.0016310121406440063,-0.24586171981870486,0.9568253814930392,0.17940804234341404
2024-11-28 15:00:00,3582.69,3529.76,3578.39,0.2797612063809352,-0.0007378024450743759,0.07432350850078495,0.0017067387206779298,-0.04954038656841164,0.9259677495436953,0.1809068379576911
2024-11-28 19:00:00,3599.2,3547.86,3592.62,-1.0106753580957675,-0.013860366980402383,0.09589602263736596,0.0017306479743632432,-0.15301445737233998,0.9414790006171837,0.18197594665082634
2024-11-28 23:00:00,3600.0,3550.07,3599.98,-0.41229201190212883,-0.019261637359614614,0.0937927242570491,0.0017643264723191312,0.013866259424483163,0.9439225611117661,0.1833815482832546
2024-11-29 03:00:00,3602.85,3558.0,3561.45,-0.823821539494908,-0.004347255312760145,0.05561765436826338,0.0017856603050832112,-0.059292247312310975,0.9449652270519889,0.18512256465866092
2024-11-29 07:00:00,3584.88,3534.28,3584.88,-0.5429492374770706,-0.013427281782049216,0.049331687299761784,0.0018124296319589185,-0.0748531938693845,0.9288420039483284,0.18360876281212224
2024-11-29 11:00:00,3636.36,3572.8,3633.6,-0.29208195078698607,0.0018576734523318983,0.03157881708211652,0.0018057094597450111,0.28723550880610915,0.9621535215989241,0.18105854992968573
2024-11-29 15:00:00,3647.98,3570.0,3573.79,0.08634663323412879,0.014145467946853785,-0.0007378024450743759,0.0018276763521834355,-0.00024288164685992708,0.9661029889321229,0.18321322716185623
2024-11-29 19:00:00,3604.0,3559.24,3595.97,-1.0814594716943553,0.0028623164307379767,-0.013860366980402383,0.0018478588817484184,0.159796623878115,0.9496447104835619,0.17985471157263436
2024-11-29 23:00:00,3647.4,3568.4,3624.72,-0.47396600307804515,0.008280246908466404,-0.019261637359614614,0.0018475229757412251,0.02266741144732798,0.9675649534104276,0.17619578568542787
2024-11-30 03:00:00,3726.71,3617.84,3696.19,0.5029605301484007,0.02705907615755021,-0.004347255312760145,0.0018318774416463796,0.22881381932592126,0.9999999999921916,0.17277060739533978
2024-11-30 07:00:00,3718.0,3636.87,3641.79,-0.39079183905269543,0.036447187783279045,-0.013427281782049216,0.0018652452121644073,-0.031406354713231166,0.999999999992268,0.1732029402335656
2024-11-30 11:00:00,3684.18,3631.23,3655.79,-0.5184300081462485,0.018904386254567473,0.0018576734523318983,0.0019117016150445362,-0.022817480178886074,0.9846141356727606,0.17037418972875965
2024-11-30 15:00:00,3687.49,3651.38,3670.98,-0.6354546830488889,0.018342915720417796,0.014145467946853785,0.0019526523178282924,-0.12698533056228878,0.9869471633359702,0.16452807962236252
2024-11-30 19:00:00,3734.95,3666.1,3708.75,-0.7438211718267329,0.03398793094614594,0.0028623164307379767,0.001968479410186555,0.022526527945011754,0.9999999999923752,0.15915986140499588
2024-11-30 23:00:00,3738.98,3659.2,3664.01,-0.19621877067889304,0.026426679018747068,0.008280246908466404,0.0020119325010196374,-0.048238046911058596,0.9969061387847044,0.15414420381768926
2024-12-01 03:00:00,3712.55,3663.5,3699.86,-1.0593037450294687,0.004948224499262244,0.02705907615755021,0.002038572790223527,-0.11175543264498577,0.9903395267580372,0.14921150708233513
2024-12-01 07:00:00,3717.0,3675.47,3682.25,-0.9865862081873465,0.0036740304919624656,0.036447187783279045,0.002052950434025858,-0.0951491791053597,0.9964564501163135,0.14532478724678186
2024-12-01 11:00:00,3714.74,3677.59,3706.01,-0.4068973489399107,0.007952991810957322,0.018904386254567473,0.002082381253042757,-0.06739403668888022,0.9931953177646947,0.1468136584989158
2024-12-01 15:00:00,3746.8,3701.2,3711.81,-0.31332580383579844,0.014816585245867042,0.018342915720417796,0.0020800531630596718,0.1290206073778577,0.9999999999924859,0.1493931159823192
2024-12-01 19:00:00,3734.26,3679.0,3721.21,-0.6303410688878488,-0.0002701155101569874,0.03398793094614594,0.002105420556595299,-0.15247494068299605,0.9847359611722689,0.15168491192949296
2024-12-01 23:00:00,3740.9,3692.84,3740.51,-0.45629450377376796,0.004242566103802359,0.026426679018747068,0.0021002689483712537,0.07251472586895491,0.994240742691844,0.15308125160129535
2024-12-02 03:00:00,3760.0,3650.0,3680.61,0.6776837214445658,0.0005775334215167849,0.004948224499262244,0.0021195621869835118,-0.03443390494997034,0.9775706694172233,0.1566091402341358
2024-12-02 07:00:00,3686.29,3571.81,3578.41,1.6353781529290716,-0.02223433373552841,0.0036740304919624656,0.002167346392090974,0.04719463558395276,0.9201566696976022,0.1592484307856242
2024-12-02 11:00:00,3664.5,3569.58,3640.42,-0.14911236110216508,-0.02294025290718127,0.007952991810957322,0.002154587232603704,0.03413732695922822,0.915053246157465,0.15442157724301062
2024-12-02 15:00:00,3682.01,3554.32,3622.38,0.7915657357398965,-0.02717734812483341,0.014816585245867042,0.0021158775827934623,-0.06419840198349325,0.9239235442486519,0.1522265951670319
2024-12-02 19:00:00,3630.58,3584.36,3615.03,-0.9334263770457386,-0.025485415390976818,-0.0002701155101569874,0.0021116583198937935,0.1199642465666233,0.9133412275845059,0.1500353103465417
2024-12-02 23:00:00,3658.16,3607.8,3644.38,-0.5621249447119697,-0.02190746256813758,0.004242566103802359,0.0020754110222171917,0.16358590609530976,0.9315529179434356,0.14701866772984154
2024-12-03 03:00:00,3670.0,3626.34,3634.14,-0.8643008741866776,-0.01235177470400306,0.0005775334215167849,0.0020571452673292935,0.06954547192641636,0.9419348742436333,0.14570985156481386
2024-12-03 07:00:00,3641.0,3585.0,3594.44,0.2709215556077767,-0.0015525422543154477,-0.02223433373552841,0.002058174330439547,0.22563384502664818,0.9139533441878473,0.1450429536573879
2024-12-03 11:00:00,3617.64,3500.0,3580.36,1.7239599288291447,-0.012053382569612525,-0.02294025290718127,0.0020472221894566258,-0.006642517904790091,0.8795634118380212,0.14541796741977994
2024-12-03 15:00:00,3597.21,3538.55,3578.26,0.13958685858165748,-0.014552310671389401,-0.02717734812483341,0.0019946671466989996,0.1306203119878666,0.8815679093706149,0.1446108284275327
2024-12-03 19:00:00,3633.0,3550.07,3632.42,-0.7138444651692141,-0.004059315796201557,-0.025485415390976818,0.0019295877184636664,0.04609393533017836,0.894356577717294,0.14163786125783204
2024-12-03 23:00:00,3707.57,3611.75,3648.63,1.2696368286149193,0.006631116802870984,-0.02190746256813758,0.0018447743748622803,-0.08997997104976707,0.9425531945870416,0.1407479667312591
2024-12-04 03:00:00,3695.38,3648.5,3694.61,-0.8796968352882909,0.006508266684541741,-0.01235177470400306,0.0017998695976752521,-0.035090091173297644,0.9537284399832715,0.13926603659958656
2024-12-04 07:00:00,3742.17,3681.72,3721.91,0.3334543567544839,0.02796256802622521,-0.0015525422543154477,0.0017404861150785865,-0.016189635143587622,0.9901257413542276,0.13781174964983328
2024-12-04 11:00:00,3794.89,3690.0,3778.9,1.2022137435915288,0.04552638725745162,-0.012053382569612525,0.0017046279067115839,0.028385665503256385,0.9999999999907324,0.13501970334462143
2024-12-04 15:00:00,3853.38,3732.98,3823.16,2.8901178533061267,0.06459998537655487,-0.014552310671389401,0.0016444967042448246,-0.046572652055595354,0.9999999999909902,0.13368315012597687
2024-12-04 19:00:00,3887.24,3817.1,3842.0,0.5511559238142274,0.07193734105170724,-0.004059315796201557,0.0015999185855113992,-0.05706349645391051,0.9999999999906319,0.1343991436846126
2024-12-04 23:00:00,3880.0,3765.71,3856.0,0.9759359878905876,0.04456397543855717,0.006631116802870984,0.0015936652979108483,-0.16613262366234305,0.9702628150029179,0.13454326917637496
2024-12-05 03:00:00,3905.0,3817.74,3850.3,1.0537294800252195,0.05032232657408686,0.006508266684541741,0.0015499985341926646,0.0016158730477173755,0.9999999999904932,0.1359502255957515
2024-12-05 07:00:00,3935.0,3844.0,3915.6,0.4600571372285332,0.04966817114668998,0.02796256802622521,0.0015178296485352195,-0.08579939959841543,0.999999999990846,0.13929990154080713
2024-12-05 11:00:00,3956.0,3902.0,3927.18,0.13838762427757198,0.05260756127970412,0.04552638725745162,0.0015011876741045267,-0.02085513160175334,0.9999999999907646,0.142522551724395
2024-12-05 15:00:00,3930.0,3861.0,3870.0,0.6145016779806115,0.025126155687225538,0.06459998537655487,0.0015432363761225469,-0.09061636099152748,0.9712820482274996,0.1467033459516433
2024-12-05 19:00:00,3887.77,3677.0,3803.32,1.5587852906400437,-0.01199579205494583,0.07193734105170724,0.0016057576820436895,-0.12949344959257958,0.8831913054649099,0.1493393604622665
2024-12-05 23:00:00,3888.2,3763.85,3877.14,0.27930741175835694,0.002003948322067073,0.04456397543855717,0.0016101743595886232,0.13377539307304032,0.9054848473126088,0.14801760933956343
2024-12-06 03:00:00,3929.0,3850.39,3907.02,-0.4464413502686693,0.009358781479039235,0.05032232657408686,0.0015959809019283255,0.01395728399702012,0.9676880788595096,0.14836524801298734
2024-12-06 07:00:00,3910.45,3845.3,3864.01,-0.38415465564496437,-0.00526503159467151,0.04966817114668998,0.0016352249251106346,-0.12300197503357535,0.9509676379950114,0.14613943271911192
2024-12-06 11:00:00,3986.15,3831.9,3984.49,0.8675811634613597,-0.007985463231361845,0.05260756127970412,0.0016494854681283362,-0.016687321447029335,0.9686440682619425,0.14224408219895185
2024-12-06 15:00:00,4058.0,3974.6,4051.01,2.4537131639404413,0.029928502293400605,0.025126155687225538,0.0016119732492151581,0.13544981031670011,0.9999999999906148,0.139592288534405
2024-12-06 19:00:00,4087.73,4018.67,4023.94,-0.20023173158405863,0.06422257316418478,-0.01199579205494583,0.0016279010134354363,0.02755063991656015,0.9999999999906974,0.1398889206359804
2024-12-06 23:00:00,4026.64,3975.08,3991.36,-0.784653712583017,0.04426044828490805,0.002003948322067073,0.0016834286787167265,-0.14734083084689698,0.9494091275049015,0.13986564328896367
2024-12-07 03:00:00,4003.16,3970.0,3978.0,-1.1493779418301013,0.02397560392787823,0.009358781479039235,0.0017171351485922404,-0.05988191229126083,0.9367479950848915,0.14028415687108275
2024-12-07 07:00:00,3996.02,3968.0,3981.83,-1.2257023931926239,0.02683291132826149,-0.00526503159467151,0.0017437744963519808,0.1056737246303352,0.9314874925387099,0.1405636056652917
2024-12-07 11:00:00,4009.0,3976.2,3997.79,-1.1582099847263323,0.025617835926317722,-0.007985463231361845,0.0017623632498267015,0.050484213254420096,0.9445421849361441,0.14221675260171904
2024-12-07 15:00:00,4016.47,3986.0,4011.41,-1.1224282004943673,-0.004046621095262326,0.029928502293400605,0.0017998182379123674,-0.06989721951914685,0.9460623343643042,0.14526534369516358
2024-12-07 19:00:00,4024.01,3993.02,3994.3,-1.2404143413981603,-0.010490143519937267,0.06422257316418478,0.0018291877113009495,0.07178232942643947,0.958283150603003,0.14950581041957722
2024-12-07 23:00:00,4012.64,3985.47,3997.49,-1.4218151352814552,-0.0002992055258727033,0.04426044828490805,0.001864906403699928,0.04786231263751706,0.947526671565369,0.15231597109703157
2024-12-08 03:00:00,4001.6,3958.87,3979.22,-1.251383152850788,-0.0017806135614020224,0.02397560392787823,0.0019016569621019006,-0.09946690607036957,0.9292297115315571,0.15474567417225593
2024-12-08 07:00:00,3986.41,3923.5,3962.74,-1.0114140477884772,-0.007168379382752832,0.02683291132826149,0.0019350769802373158,-0.10878473627536134,0.9028793064012272,0.1565922908054972
2024-12-08 11:00:00,4003.4,3956.04,3978.68,-0.9681779928470774,-0.0027924864403624516,0.025617835926317722,0.0019284467652872803,0.00036557341926712894,0.9331103979758593,0.15658430368089846
2024-12-08 15:00:00,4000.0,3956.16,3968.36,-1.1341881344109055,-0.003970944643258645,-0.004046621095262326,0.0019261331327168991,0.0241038826784572,0.9304849989535655,0.1573120518276245
2024-12-08 19:00:00,4010.71,3964.4,4010.34,-1.3842733357340258,-0.005782891296640336,-0.010490143519937267,0.0019127203233150968,0.09806400633087908,0.935527187297794,0.15696643092138565
2024-12-08 23:00:00,4015.58,3935.0,3941.53,-0.6238934500600053,-0.006927139567759144,-0.0002992055258727033,0.0019123257055465258,-0.0877323016514141,0.9203425463441803,0.15940115723000395
2024-12-09 03:00:00,3955.13,3903.66,3916.0,-0.8053025662768398,-0.012595187833785881,-0.0017806135614020224,0.001919218517826521,0.18334127296248726,0.8800329579021493,0.15863222021730816
2024-12-09 07:00:00,3927.31,3850.01,3884.39,-0.030482683203761112,-0.01737303213155017,-0.007168379382752832,0.0019228435211069558,-0.06308385071373712,0.8354780983654281,0.15804227159672704
2024-12-09 11:00:00,3946.0,3836.84,3931.78,-0.08297715017157548,-0.025662191554854608,-0.0027924864403624516,0.0019119125165330188,-0.12923915200750669,0.8327743928172683,0.15571892232462065
2024-12-09 15:00:00,3937.4,3804.32,3837.11,0.6725755677433876,-0.03419943390032143,-0.003970944643258645,0.0019181627741869753,0.01890676279601533,0.7968592159176108,0.15666540378412894
2024-12-09 19:00:00,3837.11,3509.0,3714.19,5.0,-0.07175782934597241,-0.005782891296640336,0.001967095767723922,-0.18935525505770034,0.6547894978243819,0.15971179583508058
2024-12-09 23:00:00,3780.76,3678.26,3686.94,0.6950713341961409,-0.06082002987798152,-0.006927139567759144,0.0018861617164531179,0.08739503962262285,0.6833202689728975,0.15974092036950377
2024-12-10 03:00:00,3743.65,3615.11,3739.5,0.8722415708397114,-0.06477996723933133,-0.012595187833785881,0.0018522039938485622,-0.05180303351963367,0.6301896273691616,0.15702806133469785
2024-12-10 07:00:00,3773.39,3713.56,3763.8,-0.5711575956246212,-0.03645968250947684,-0.01737303213155017,0.001742463330173445,0.24903684050196828,0.6964848774136408,0.1544496110417426
2024-12-10 11:00:00,3763.8,3655.18,3671.44,0.7748223464109809,-0.04598441278244192,-0.025662191554854608,0.0016833479579881658,0.013546871669632754,0.6575949004076272,0.15804776161465892
2024-12-10 15:00:00,3689.61,3515.89,3580.71,3.5952431784689414,-0.06936568388615783,-0.03419943390032143,0.0016387983094733316,-0.035130103319851336,0.5350991002505474,0.16417654056790895
2024-12-10 19:00:00,3673.2,3577.0,3633.22,-0.33649966453588737,-0.017731526881506365,-0.07175782934597241,0.0014787046057545246,0.2291174767305022,0.5903964683115074,0.16309269035776228
2024-12-10 23:00:00,3658.48,3562.34,3651.2,-0.322121461578472,-0.03205350243976812,-0.06082002987798152,0.0013639284856089295,0.09990489899839927,0.5660016747308306,0.1625263563085635
2024-12-11 03:00:00,3681.5,3646.0,3674.82,-0.942343255790697,-0.0032319655969798022,-0.06477996723933133,0.0012198006292897096,0.14029864479941367,0.6185320698543154,0.16184729574984716
2024-12-11 07:00:00,3708.71,3650.61,3707.81,-0.7668118961214356,-0.015420587568532151,-0.03645968250947684,0.0011161957308496878,0.007710485683528612,0.6398411857432129,0.16006161922089676
2024-12-11 11:00:00,3777.57,3704.6,3770.8,-0.19094947417677793,0.00804083029922098,-0.04598441278244192,0.0010176508346596315,0.06344039989669437,0.6868181821850164,0.15685913274621152
2024-12-11 15:00:00,3821.0,3753.5,3790.5,0.3097327621297134,0.059129704857703747,-0.06936568388615783,0.0009391508476959616,0.14001519031066034,0.7427546657412455,0.15551309907551433
2024-12-11 19:00:00,3846.0,3788.56,3836.01,-0.8432889604266257,0.0508774313543876,-0.017731526881506365,0.0008970196497834842,-0.001062451640075457,0.7718845479381415,0.15325685154868407
2024-12-11 23:00:00,3884.94,3796.8,3880.39,-0.7620741568712317,0.06047926716949337,-0.03205350243976812,0.0008806105774902064,0.005659865346320236,0.7802656864879489,0.15150217196025192
2024-12-12 03:00:00,3947.81,3849.68,3937.26,0.06957125497079787,0.06869049555559581,-0.0032319655969798022,0.0008528789948229157,-0.05182178919307068,0.8654948975650385,0.14916547401191493
2024-12-12 07:00:00,3941.6,3891.32,3925.67,-0.7725459129812572,0.06235693571767942,-0.015420587568532151,0.0008506926630521179,-0.09289794053926126,0.8653617471693786,0.14684952153716205
2024-12-12 11:00:00,3984.8,3903.0,3981.92,0.6790016031472181,0.056964840878497736,0.00804083029922098,0.0008429377728651221,0.014045709376310445,0.8955136900995256,0.1442306218405785
2024-12-12 15:00:00,3987.41,3913.0,3920.64,-0.15623037815655122,0.042880811394594875,0.059129704857703747,0.0008423829096155418,-0.19159623140141768,0.9022507433851898,0.14436966799419507
2024-12-12 19:00:00,3933.16,3836.07,3882.73,-0.004501614655983475,0.01509676795046877,0.0508774313543876,0.0008507060804715452,-0.16602359937483646,0.8284770601399127,0.1429166844506941
2024-12-12 23:00:00,3928.05,3852.94,3907.49,-0.8092957081235087,0.01558363388531303,0.06047926716949337,0.0008263907054912804,-0.014814377628084685,0.8388138976911041,0.13991671687123416
2024-12-13 03:00:00,3941.19,3886.99,3886.99,-0.9071967053734881,0.00043742359765319705,0.06869049555559581,0.0007998050245691984,-0.16469461096528482,0.8671755932876651,0.1379556166876795
2024-12-13 07:00:00,3907.05,3871.0,3904.0,-0.7670946644764475,-0.006503348551799237,0.06235693571767942,0.0007896988828402368,0.05953793001756025,0.8403750492018767,0.13333055646964012
2024-12-13 11:00:00,3951.4,3901.5,3951.0,-0.37737514500130287,-0.00585086601761009,0.056964840878497736,0.0007554147232431131,0.012563382831747738,0.8728574986083084,0.1273666997126963
2024-12-13 15:00:00,3968.47,3879.0,3912.83,-0.07382071188322377,-0.007669618228351105,0.042880811394594875,0.0007423930048928094,0.03592255086186125,0.8687018455255578,0.12323960983856112
2024-12-13 19:00:00,3936.0,3891.0,3896.45,-0.9799059784316003,0.008678942981993565,0.01509676795046877,0.0007307264180024081,0.06291655896565307,0.8573766051741208,0.11987868399164492
2024-12-13 23:00:00,3945.0,3895.0,3912.61,-0.949897360247392,0.007889199971700789,0.01558363388531303,0.000706976296349739,0.00859075774627338,0.8650106733323233,0.1158687006765685
2024-12-14 03:00:00,3935.71,3904.5,3930.89,-1.2404339716754713,0.00013909049253202355,0.00043742359765319705,0.0006897077149877971,0.24814310592943367,0.8637692359152631,0.11313546631496928
2024-12-14 07:00:00,3933.8,3886.2,3897.9,-1.1668189892772023,0.0053453115556387765,-0.006503348551799237,0.0006866242526546323,-0.17443780813233434,0.8566313544736963,0.1122407486567896
2024-12-14 11:00:00,3905.58,3846.3,3884.2,-0.8007769364582887,-0.012296331786998849,-0.00585086601761009,0.0006886314898297279,-0.18134007402891006,0.8203233910664035,0.11183679016482422
2024-12-14 15:00:00,3898.23,3827.0,3833.59,-0.5849590316526643,-0.014184929604973417,-0.007669618228351105,0.0006722416274327911,0.1118016743729433,0.812473648731961,0.11322560633734759
2024-12-14 19:00:00,3867.55,3825.03,3861.89,-1.092644638381811,-0.016218708056704445,0.008678942981993565,0.0006555885669053794,0.025074390657079837,0.7932703152646715,0.11230494420155997
2024-12-14 23:00:00,3895.53,3854.8,3884.1,-1.1540222334611152,-0.0111131467512523,0.007889199971700789,0.0006337569453176362,0.08163940036314021,0.8209998571729703,0.1116150461324187
2024-12-15 03:00:00,3911.5,3872.6,3877.9,-1.1804522837766218,-0.006583747392641115,0.00013909049253202355,0.0006182357793403885,-0.037199392428711286,0.837704137395165,0.11171796087967376
2024-12-15 07:00:00,3883.18,3831.5,3860.43,-1.094422783924533,-0.014147434161504324,0.0053453115556387765,0.0006119208511994628,0.09368624234031508,0.8007225538112032,0.11215924287514818
2024-12-15 11:00:00,3910.33,3859.36,3907.08,-0.987784448130543,0.0025034253978382104,-0.012296331786998849,0.000588068052318212,0.36697194983078174,0.8301257049805796,0.11070103152615983
2024-12-15 15:00:00,3919.6,3886.4,3898.82,-1.0738835358532928,0.009117131406545909,-0.014184929604973417,0.0005707278821187393,-0.04863313671138858,0.8481007623435556,0.11095471915704934
2024-12-15 19:00:00,3913.61,3844.4,3889.21,-0.801414423517879,0.007973467182068594,-0.016218708056704445,0.0005685867930477257,0.09216834016355646,0.8242752025915322,0.11074372950997584
2024-12-15 23:00:00,4025.18,3887.41,3971.21,1.0585893895424259,0.02663379060096327,-0.0111131467512523,0.0005385543104864763,0.07023619999644248,0.9253040957882076,0.10907338843936012
2024-12-16 03:00:00,3977.78,3928.88,3957.81,-0.849917067360917,0.01657821363946721,-0.006583747392641115,0.0005488332151870275,-0.04999812526418301,0.9029052796724483,0.109831461612507
2024-12-16 07:00:00,3983.0,3926.05,3950.81,-0.7092581974978899,0.025734969804022345,-0.014147434161504324,0.0005454865522084808,0.1182520493967778,0.9009849612939197,0.11033162146381008
2024-12-16 11:00:00,3960.0,3884.0,3929.99,0.015126828726126551,0.008943868668326305,0.0025034253978382104,0.0005282336957725694,-0.2046654187630892,0.8652336355773714,0.11029419074307617
2024-12-16 15:00:00,4107.8,3917.95,4086.66,1.7034494599758043,0.02716890832153096,0.009117131406545909,0.0004842399251542601,0.18430538955549292,0.9552369508319369,0.10706340901784223
2024-12-16 19:00:00,4088.22,4017.79,4031.04,0.034225407623100404,0.04373669650723766,0.007973467182068594,0.00046697322313303037,-0.19439473782333583,0.9957017284627939,0.10869550219357632
2024-12-16 23:00:00,4038.6,3943.0,4009.72,-0.3105986045065934,0.0015127208623981758,0.02663379060096327,0.0004653325812725331,-0.20755018946690507,0.9313860525350719,0.10959823022542012
2024-12-17 03:00:00,4041.82,3996.02,4010.09,-0.9066172002022891,0.015266069885972344,0.01657821363946721,0.000442541234933246,-0.025054345214517548,0.9639412026917723,0.11011945376286916
2024-12-17 07:00:00,4031.38,3982.77,4011.33,-0.7060602687510334,0.014239285177605643,0.025734969804022345,0.0004320238187791471,-0.030684798584744266,0.9578883087578803,0.11058055292372813
2024-12-17 11:00:00,4025.6,3975.4,4020.01,-0.519142800216337,0.021808733396948554,0.008943868668326305,0.00041056680034762396,0.03750503652921777,0.9516064888862552,0.11075250971395485
2024-12-17 15:00:00,4020.02,3916.57,3930.97,0.250519680507599,-0.013666512302772604,0.02716890832153096,0.0003803774948286739,-0.2479491300105866,0.8998810955604567,0.11220243741823804
2024-12-17 19:00:00,3954.09,3853.2,3883.33,-0.5390651929937935,-0.03267385033975756,0.04373669650723766,0.0003355034978809786,0.0037590601136254786,0.862035001072344,0.1126303217559129
2024-12-17 23:00:00,3903.2,3834.66,3870.66,-0.09076091532807717,-0.02888376541748705,0.0015127208623981758,0.0002857710300137037,-0.010562082375748849,0.8150820101182403,0.11195794394667506
2024-12-18 03:00:00,3874.36,3803.63,3829.38,-0.2748794674773781,-0.04485875487227131,0.015266069885972344,0.00023657365680162702,-0.09424694548706725,0.781851512242315,0.11258701901938167
2024-12-18 07:00:00,3878.01,3825.27,3873.39,-0.8574602570090729,-0.038417639383883095,0.014239285177605643,0.00017865466818503417,-0.002895298563673543,0.8021767932999347,0.1107361670163325
2024-12-18 11:00:00,3891.09,3833.07,3837.55,-0.5378837488160411,-0.034589485497090955,0.021808733396948554,0.0001342946480574006,0.022107902373149857,0.8116282466436937,0.11104100647588726
2024-12-18 15:00:00,3902.51,3825.0,3899.09,-0.47744332744974105,-0.022647945798635827,-0.013666512302772604,9.542773462643517e-05,0.19755904567653082,0.8093998721860108,0.10862353915180789
2024-12-18 19:00:00,3907.19,3650.0,3680.75,3.560978195173266,-0.046590948322559056,-0.03267385033975756,7.355391366599229e-05,0.02711825812346813,0.6764164672732265,0.11656105177990032
2024-12-18 23:00:00,3681.17,3542.22,3648.87,1.6372793631832079,-0.06558638565567498,-0.02888376541748705,3.17856583718261e-05,-0.0208960051167556,0.5372710354149166,0.12114449064347803
2024-12-19 03:00:00,3692.4,3644.47,3680.0,-0.4301768956439018,-0.04465090679696693,-0.04485875487227131,-4.586953393497251e-05,0.14262967466362486,0.5785925819232826,0.12261879837546634
2024-12-19 07:00:00,3720.0,3664.28,3707.59,-0.5639845929314667,-0.0440175418352724,-0.038417639383883095,-0.00010176092305570003,0.020988330577167424,0.5220249638603507,0.123491593105014
2024-12-19 11:00:00,3712.99,3634.34,3638.59,-0.21604300266308515,-0.04746891049532975,-0.034589485497090955,-0.00014263727956965032,-0.19571912751242482,0.5134147228874442,0.12911425940321214
2024-12-19 15:00:00,3640.94,3394.97,3519.91,3.9078300793668452,-0.09077433925997658,-0.022647945798635827,-0.00018508569334621592,-0.15198649949104492,0.29055594782687133,0.1420957975073924
2024-12-19 19:00:00,3528.69,3326.8,3459.41,2.8859933668333184,-0.08791143515532052,-0.046590948322559056,-0.0002755587441039695,0.0423177957178158,0.1487063578000929,0.15454662283340473
2024-12-19 23:00:00,3465.6,3370.47,3455.1,0.5968914858094025,-0.05488633286447753,-0.06558638565567498,-0.00040561603645716273,-0.05667997241898182,0.16444392202012825,0.16366791977685086
2024-12-20 03:00:00,3457.35,3328.44,3359.22,0.27931844569191955,-0.07533785333674026,-0.04465090679696693,-0.0005299411623088609,-0.2373015724197156,0.12749705772976416,0.1832319010991497
2024-12-20 07:00:00,3418.54,3145.65,3186.73,3.785086610623957,-0.1103558324306041,-0.0440175418352724,-0.0006605505622722156,-0.11368249902818339,0.0,0.21948396308697105
2024-12-20 11:00:00,3356.85,3101.9,3328.54,3.7509319198233904,-0.12708579048906832,-0.04746891049532975,-0.0008189500336020003,0.2166893084999344,0.0,0.22255465015717854
2024-12-20 15:00:00,3452.21,3327.37,3429.55,1.3979001450087754,-0.03394483459794939,-0.09077433925997658,-0.0009211307032105917,0.013620350941491166,0.21400632685943866,0.22095968863562046
2024-12-20 19:00:00,3497.84,3393.09,3472.0,-0.06007227745575973,0.013504649195462681,-0.08791143515532052,-0.0009717407715394892,0.04560044198282154,0.2825084679573255,0.22255037876117545
2024-12-20 23:00:00,3489.99,3445.35,3474.72,-0.6325594484286472,0.015377701060197646,-0.05488633286447753,-0.0010050071727117252,0.20741130165921873,0.30461864990702076,0.22674808622382034
2024-12-21 03:00:00,3534.3,3455.0,3531.95,-0.505882970480624,0.03327393224018027,-0.07533785333674026,-0.0010388120282986179,0.3315458666285467,0.3429666675121965,0.2259045106963279
2024-12-21 07:00:00,3555.18,3456.34,3466.13,-0.4344505009848914,0.06701685294601889,-0.1103558324306041,-0.0010748164961982725,0.016215536795826324,0.34053936456222944,0.2352993042658738
2024-12-21 11:00:00,3471.2,3347.0,3375.27,0.28376741077607365,0.058571775627313194,-0.12708579048906832,-0.001140866149227247,-0.09064738704873032,0.22470087041388725,0.25030060709638435
2024-12-21 15:00:00,3403.98,3349.85,3363.4,-0.5462364188391619,-0.005535913602734754,-0.03394483459794939,-0.0012037811401210121,0.04914870654787329,0.19158399500392514,0.25982570747023054
2024-12-21 19:00:00,3388.88,3293.11,3330.5,-0.42483135749405365,-0.03234995263278728,0.013504649195462681,-0.0012735297073211405,-0.051051582478288116,0.14926412239824444,0.2717210392930083
2024-12-21 23:00:00,3374.48,3303.69,3336.79,-0.8735086340220684,-0.036195813441146196,0.015377701060197646,-0.0013306100948002415,-0.006034312171156464,0.15473351507064487,0.27926631498963195
2024-12-22 03:00:00,3362.31,3295.07,3342.54,-0.7963806535472425,-0.048818578468204143,0.03327393224018027,-0.0013925569129931198,-0.03498374049833808,0.13893916982456114,0.2852711762569822
2024-12-22 07:00:00,3403.0,3323.01,3379.26,-0.8662126626421808,-0.037355382809002524,0.06701685294601889,-0.0014369199691589207,0.17557350165943664,0.18451067630503518,0.2869425956285623
2024-12-22 11:00:00,3397.88,3275.0,3277.94,-0.4697422155310034,-0.0168722829522302,0.058571775627313194,-0.0015010735032781179,-0.003147880716079854,0.1561819478761393,0.30274284937870233
2024-12-22 15:00:00,3338.65,3277.37,3311.15,-0.48487635501799015,-0.018225041272939557,-0.005535913602734754,-0.0015644249063812832,0.06725175091311875,0.11817503072690407,0.3056748686481107
2024-12-22 19:00:00,3319.19,3221.1,3288.96,-0.3053602277685049,-0.02165383389548725,-0.03234995263278728,-0.0016411306476396435,0.02552962635839262,0.06296065150469742,0.3144295598478845
2024-12-22 23:00:00,3306.0,3216.97,3282.52,-0.40599076900091774,-0.024532656065210268,-0.036195813441146196,-0.0017047733638996265,-0.021220116842214143,0.05682203838641369,0.3210083504474224
2024-12-23 03:00:00,3363.12,3260.48,3277.47,-0.44242553497558523,-0.004065037916638703,-0.048818578468204143,-0.001737335807019448,0.008894192798323486,0.12277953531656033,0.32733847401987876
2024-12-23 07:00:00,3354.2,3273.0,3349.78,-0.6767452793273988,-0.014472619449076407,-0.037355382809002524,-0.0017890277544615957,-0.024878574154281297,0.1263185273380139,0.323131557407695
2024-12-23 11:00:00,3361.78,3281.4,3313.12,-0.3553456094695011,-0.004424511945205989,-0.0168722829522302,-0.0018438752714313726,0.09453207559948207,0.13851701517613915,0.32928079298353713
2024-12-23 15:00:00,3384.6,3269.35,3305.0,0.08578007022139085,0.0034979983749998667,-0.018225041272939557,-0.0019020293511026484,0.03467670534868339,0.13200789546502148,0.3331084497029645
2024-12-23 19:00:00,3466.99,3304.01,3459.68,-0.22254795480064093,0.04043042112694861,-0.02165383389548725,-0.0019217438081579209,0.12669270067773053,0.22061075988938653,0.3178568331760607
2024-12-23 23:00:00,3465.25,3358.19,3372.76,-0.6535418764564295,0.043918641808951,-0.024532656065210268,-0.0019946601581942503,-0.09798068619047084,0.227804146047654,0.32666820541791264
2024-12-24 03:00:00,3434.97,3372.76,3393.42,-0.9009631388484484,0.026359112827110343,-0.004065037916638703,-0.0020606894724016036,-0.031095556745067143,0.22713824494907459,0.32418272355120686
2024-12-24 07:00:00,3416.65,3385.02,3393.19,-0.9009790250281956,0.02445388987812258,-0.014472619449076407,-0.0021403486996535914,0.06818755792088527,0.22322078590286562,0.32402848049410826
2024-12-24 11:00:00,3471.29,3392.69,3455.91,-0.5688111603870635,0.031216755936709806,-0.004424511945205989,-0.0021789904504571802,0.03531746119904211,0.26259895648215487,0.31701206779189145
2024-12-24 15:00:00,3539.65,3443.98,3493.62,-0.22173755463209552,0.05091674034187421,0.0034979983749998667,-0.002199686378996904,-0.06001740412876644,0.3340629085977555,0.31269672952356514
2024-12-24 19:00:00,3500.0,3431.99,3492.63,-0.8079913715251609,0.020592400660429444,0.04043042112694861,-0.0022889204440100794,-0.10828799088387808,0.30415298345171754,0.3112961617305719
2024-12-24 23:00:00,3505.0,3458.0,3485.31,-0.9152714449736782,0.02257929769898337,0.043918641808951,-0.002345133735674982,0.07200006212081322,0.3195695219369402,0.3099327695274707
2024-12-25 03:00:00,3509.68,3468.16,3486.7,-1.0488314009197706,0.024173482235570587,0.026359112827110343,-0.0024085411330990367,0.10002256031346146,0.3253665092274037,0.3076998966430389
2024-12-25 07:00:00,3547.95,3480.0,3514.79,-0.7407682878358831,0.0320151323815161,0.02445388987812258,-0.002443754708698596,-0.0893899085823815,0.35318795673873704,0.30309349901653637
2024-12-25 11:00:00,3524.81,3457.7,3490.59,-0.7020915446438526,0.01493991254318705,0.031216755936709806,-0.002500559198406164,-0.06824876102073052,0.32383665028499625,0.30202996469368204
2024-12-25 15:00:00,3491.63,3440.93,3470.68,-0.8852244624080501,-0.00868115313753215,0.05091674034187421,-0.002549134161268069,-0.026598848057557745,0.2978590579271341,0.3006813715234308
2024-12-25 19:00:00,3488.55,3449.64,3475.6,-1.0092978816892375,0.0005646854928638145,0.020592400660429444,-0.0025663116189058952,0.1001584086911198,0.3064910561545784,0.29710714324007936
2024-12-25 23:00:00,3514.94,3455.93,3460.61,-0.779462094349127,0.0001412402522256162,0.02257929769898337,-0.002569312622584128,0.05169274122155887,0.32015650274105434,0.2928209120440229
2024-12-26 03:00:00,3466.0,3426.79,3440.01,-0.9038065036415852,-0.0124668192008619,0.024173482235570587,-0.0026030807301179134,-0.05144700264771396,0.2734833464904376,0.28912386056363026
2024-12-26 07:00:00,3446.65,3346.87,3369.42,-0.22076775016088526,-0.03597437943966553,0.0320151323815161,-0.0026390752938141716,-0.03587028025175121,0.20247251885426107,0.29022669154395997
2024-12-26 11:00:00,3384.05,3328.21,3340.0,-0.6866086334244924,-0.03741771480742728,0.01493991254318705,-0.0026639127107997177,0.001969905312424247,0.16817258658855508,0.28838724200983534
2024-12-26 15:00:00,3365.01,3313.5,3337.38,-0.583646080360237,-0.03594586548981982,-0.00868115313753215,-0.0026748966355285573,0.09835866542925453,0.14925192500437356,0.2771834381346334
2024-12-26 19:00:00,3350.0,3304.63,3340.96,-0.8036090697638829,-0.04113876762104518,0.0005646854928638145,-0.0026807466416954506,0.011110837339286084,0.1360603556371172,0.2668200387505157
2024-12-26 23:00:00,3388.57,3310.68,3364.99,-0.4750155745253224,-0.039639514489181904,0.0001412402522256162,-0.0026831510026051886,0.23591724463854935,0.1553952533849455,0.2544674692921202
2024-12-27 03:00:00,3397.99,3359.67,3397.99,-0.9029736340708613,-0.018702730329076767,-0.0124668192008619,-0.0026609550514174935,0.017971578818120948,0.19661854857784467,0.24014436207731676
2024-12-27 07:00:00,3444.16,3317.25,3402.53,0.12844364489734156,0.0019363573536226308,-0.03597437943966553,-0.002638034215769603,-0.02651596720585503,0.21029309076791902,0.22662098943532386
2024-12-27 11:00:00,3423.0,3338.85,3359.0,-0.641477812199114,0.008641478619398013,-0.03741771480742728,-0.0026298698456449087,-0.010658559625281394,0.20277744111675763,0.21460013639972492
2024-12-27 15:00:00,3366.62,3306.6,3361.99,-0.2566990462429312,-0.0030777700540266517,-0.03594586548981982,-0.0026501252894588693,-0.06728674023072667,0.1369852092507072,0.20287369134100192
2024-12-27 19:00:00,3362.93,3310.0,3320.84,-0.8773016574810171,0.0028773094463137028,-0.04113876762104518,-0.0026306129917288605,-0.06441319275433643,0.1474901622686922,0.19563742852952182
2024-12-27 23:00:00,3347.8,3315.67,3327.35,-0.913529730227294,-0.0034128975177785126,-0.039639514489181904,-0.002618922850394574,-0.17784255182528286,0.14177189191503717,0.18493005110609545
2024-12-28 03:00:00,3361.14,3326.92,3341.68,-0.9679352258533575,-0.010289397782640375,-0.018702730329076767,-0.0025905334272627724,-0.016678093322908483,0.1551218997595127,0.17472486175630428
2024-12-28 07:00:00,3359.26,3332.71,3339.8,-0.9263852760662608,-0.013372368019668235,0.0019363573536226308,-0.0025641838980543334,-0.20513738385308444,0.15618010952049116,0.16154301746295446
2024-12-28 11:00:00,3396.0,3339.79,3373.2,-0.7948608066933038,-0.005265843007714488,0.008641478619398013,-0.0025206554758158153,0.1191087626680889,0.18150811652278406,0.14701732515850177
2024-12-28 15:00:00,3413.0,3365.61,3390.88,-0.7550672099715618,0.017310240935840326,-0.0030777700540266517,-0.002478813894763604,0.09068768669129001,0.2057643150246412,0.12628540933569288
2024-12-28 19:00:00,3428.68,3389.71,3410.61,-0.9656558413594445,0.019026105476660504,0.0028773094463137028,-0.0024354345270190137,0.031764794064720325,0.22328681322814406,0.11863466039717319
2024-12-28 23:00:00,3412.86,3375.62,3388.16,-0.9490043575630639,0.0177642616696998,-0.0034128975177785126,-0.002407510464707882,-0.08478314511300333,0.21243999869059757,0.113529269241779
2024-12-29 03:00:00,3398.5,3377.74,3397.38,-1.067422954050722,0.012582018430931097,-0.010289397782640375,-0.0023698432250129292,-0.039929476088268356,0.20534246632988987,0.1049346400548446
2024-12-29 07:00:00,3413.78,3390.0,3404.5,-0.9491693081313636,0.016638560875564368,-0.013372368019668235,-0.0023124572397669224,0.17667686515990866,0.22260979179878057,0.09337726519666827
2024-12-29 11:00:00,3410.92,3354.68,3370.12,-0.790368962472864,0.005351517440064457,-0.005265843007714488,-0.0022788338628125775,-0.10779091666427232,0.20300966650026206,0.08642645763690848
2024-12-29 15:00:00,3383.26,3345.9,3361.91,-0.8930778959841467,-0.007941007186856863,0.017310240935840326,-0.0022442553524687162,-0.07988876992066773,0.17366598649067666,0.08435217163276684
2024-12-29 19:00:00,3369.65,3326.41,3340.44,-0.8404586381575581,-0.01509542424465704,0.019026105476660504,-0.002197974848097866,-0.09987613834685527,0.16200512093077904,0.08445512351628146
2024-12-29 23:00:00,3437.59,3326.17,3417.21,-0.36631288208997487,-0.00036976579299896617,0.0177642616696998,-0.002124378273787267,0.24063080775533674,0.21094290071296215,0.08201884337199433
2024-12-30 03:00:00,3431.25,3388.6,3431.25,-0.6441609529586383,0.007408540217869852,0.012582018430931097,-0.0020264853326955362,0.14162763402333622,0.23528538595964263,0.0818697920417313
2024-12-30 07:00:00,3434.35,3409.44,3412.42,-0.5809026927600645,0.0060289341527619555,0.016638560875564368,-0.0019327754138967724,0.08457385126415495,0.247080894192759,0.0764319249670049
2024-12-30 11:00:00,3430.2,3310.0,3315.54,-0.14171188243096522,-0.006796904852852448,0.005351517440064457,-0.0018725463589294845,-0.029574909768799285,0.17555463470054178,0.07894302903309527
2024-12-30 15:00:00,3408.56,3305.0,3396.52,0.07157698175029471,-0.002346912934040435,-0.007941007186856863,-0.0018037679091730899,0.015953485164901915,0.1642548666131483,0.07682750946634771
2024-12-30 19:00:00,3419.0,3308.87,3358.93,-0.13916428288323407,0.0025375338587760865,-0.01509542424465704,-0.001702481582237374,0.08396819774268804,0.17215104079507076,0.07674497104249288
2024-12-30 23:00:00,3368.45,3315.59,3343.24,-0.4842841991422957,-0.013143854470883731,-0.00036976579299896617,-0.0015946091904750549,-0.21593555480231996,0.15774608748219188,0.07617587625378688
2024-12-31 03:00:00,3363.42,3328.77,3353.46,-0.8848653908049366,-0.019377880346199694,0.007408540217869852,-0.001496331232176941,-0.08182980260700778,0.15638604057892427,0.07254448693469139
2024-12-31 07:00:00,3410.0,3350.05,3394.95,-0.6021572374106569,-0.01130101089401192,0.0060289341527619555,-0.0013703595263726777,0.04091210263178491,0.20093418259340495,0.07051409222042494
2024-12-31 11:00:00,3451.0,3389.76,3426.75,-0.17634877955426834,0.017865348644239498,-0.006796904852852448,-0.0012349712780358375,0.10808728088689934,0.24722841660194722,0.07018543661011789
2024-12-31 15:00:00,3434.0,3330.0,3361.37,-0.056951507101575614,0.010695736233717001,-0.002346912934040435,-0.00111440580084816,-0.1374717598824885,0.20704410555192257,0.07156408972840911
2024-12-31 19:00:00,3368.25,3329.0,3339.88,-0.7807634514026226,-0.0037097491602275934,0.0025375338587760865,-0.001011889845743739,0.03462364275149832,0.1572805682927637,0.07187524852440441
2024-12-31 23:00:00,3368.42,3328.47,3362.61,-0.7835501837041214,0.0013501979898649097,-0.013143854470883731,-0.0009108329057956493,0.2334216753348084,0.16313888583752048,0.07110349874356019
2025-01-01 03:00:00,3363.72,3336.88,3346.6,-0.9354395777734339,0.000531222243989049,-0.019377880346199694,-0.000819465970022352,-0.09371552445206122,0.1585070620620499,0.07139097258019879
2025-01-01 07:00:00,3350.49,3313.88,3326.69,-0.6514379262959443,-0.015370348104860487,-0.01130101089401192,-0.000736957218512512,-0.08984803142606756,0.1388799714970401,0.072344784534871
2025-01-01 11:00:00,3359.37,3323.71,3345.86,-0.7601496984167831,-0.02346198410829614,0.017865348644239498,-0.0006443483120782569,0.1076582471434322,0.15141994963817312,0.07029530966013287
2025-01-01 15:00:00,3357.19,3323.03,3348.57,-0.7345029893993152,-0.013578162195760024,0.010695736233717001,-0.0005457203235637542,0.21573294899948747,0.15214246734848624,0.06954457684605653
2025-01-01 19:00:00,3374.85,3337.92,3361.63,-0.5812641087335872,0.0037701734327020286,-0.0037097491602275934,-0.0004422069006547908,0.03071731400500477,0.17233718630240513,0.06777116100318735
2025-01-01 23:00:00,3405.6,3352.66,3398.49,-0.4605573548595217,0.009841718004573341,0.0013501979898649097,-0.00036471877051396165,-0.061099828374517884,0.20250056613678263,0.06516473626748194
2025-01-02 03:00:00,3427.54,3387.23,3410.37,-0.5198367719845319,0.01688694131073265,0.000531222243989049,-0.00031016985423733924,0.06209797427666941,0.22596770174207484,0.06279871132645465
2025-01-02 07:00:00,3476.0,3408.79,3468.81,-0.4310140670469253,0.03352033099406859,-0.015370348104860487,-0.0002362728629857172,0.10619129923552584,0.2721304459357353,0.06256891694190514
2025-01-02 11:00:00,3509.99,3440.38,3495.19,0.05700066948623472,0.03923472309550591,-0.02346198410829614,-0.0001481780156508301,-0.1020838574463695,0.3078783556387301,0.06284325881249085
2025-01-02 15:00:00,3496.26,3428.99,3465.24,-0.12686067061089162,0.03666156206682136,-0.013578162195760024,-5.466394892067791e-05,-0.09887669943661703,0.2983662299701876,0.06279283390031988
2025-01-02 19:00:00,3475.28,3421.79,3440.61,-0.6838404337060627,0.028139581355772103,0.0037701734327020286,-3.6113343309055687e-06,-0.15041212373172907,0.2851395038121999,0.0628716871631118
2025-01-02 23:00:00,3477.03,3437.49,3457.95,-0.6852224409606253,0.021402882281354563,0.009841718004573341,1.8314643217108927e-05,0.06416289291824007,0.2889432581888954,0.06311477641524117
2025-01-03 03:00:00,3472.89,3442.0,3442.6,-0.7938975531774118,0.015612100109912097,0.01688694131073265,4.37038034747118e-05,-0.041448853834169186,0.28938875622506166,0.06374483430360693
2025-01-03 07:00:00,3452.0,3423.44,3446.01,-0.6234626464970576,-0.0011965239454765353,0.03352033099406859,6.229734702601826e-05,-0.12494934790552992,0.26721457033456775,0.06406765307995048
2025-01-03 11:00:00,3536.64,3446.0,3527.19,0.003022773327161351,0.006740927249116568,0.03923472309550591,4.761639189214894e-05,0.0692257772828786,0.33581418688633513,0.06482103330255398
2025-01-03 15:00:00,3617.5,3520.09,3605.59,0.5816541789208086,0.031694781890173385,0.03666156206682136,3.0054978442225127e-05,0.03673331422424808,0.42941463902604565,0.06864273826481587
2025-01-03 19:00:00,3630.0,3595.0,3616.18,-0.4345737012534889,0.046437729845013154,0.028139581355772103,7.275393936154895e-05,0.12447801344636256,0.478962625030198,0.07386875026737898
2025-01-03 23:00:00,3620.86,3579.92,3596.4,-0.6075930514622042,0.04118070964878706,0.021402882281354563,0.00013818647854052003,-0.193618319625545,0.46116601585861994,0.07840053377592279
2025-01-04 03:00:00,3607.13,3584.16,3600.61,-0.7332142481953577,0.03973383739099745,0.015612100109912097,0.00020363126280216202,0.2411145637121037,0.4556323772516093,0.08234701159612956
2025-01-04 07:00:00,3609.81,3572.42,3588.09,-0.6880400550823927,0.044673895627902915,-0.0011965239454765353,0.0002749639949264881,0.1458308148642875,0.452834691405916,0.08525281197889398
2025-01-04 11:00:00,3649.66,3585.0,3636.99,-0.36527246425827736,0.0381497559535271,0.006740927249116568,0.0003410742211822085,-0.03240303029321234,0.4975060017007133,0.08939587559918682
2025-01-04 15:00:00,3663.25,3592.06,3626.73,-0.30370943360839525,0.013485802831689542,0.031694781890173385,0.00039583335891240284,-0.0414144069406287,0.4894260591559926,0.09437879623135988
2025-01-04 19:00:00,3671.6,3624.24,3660.09,-0.6292881159834887,0.010692701692892381,0.046437729845013154,0.0004369290127271358,0.01719217699560116,0.5253140885190958,0.09938768581059791
2025-01-04 23:00:00,3675.25,3631.28,3641.41,-0.7382024359276846,0.014308283600259042,0.04118070964878706,0.0004786831994968698,0.031602675059552165,0.5229359151531132,0.10465878050852746
2025-01-05 03:00:00,3650.44,3629.0,3639.08,-0.874763837208557,0.012142535047248604,0.03973383739099745,0.000520867027506729,-0.11189559741512134,0.5079853903767816,0.10918764560465385
2025-01-05 07:00:00,3641.26,3603.33,3615.62,-0.7155014576600464,0.0071057807745964485,0.044673895627902915,0.0005568269418921067,-0.026203956144011054,0.4834516624290904,0.11293670111210963
2025-01-05 11:00:00,3628.15,3593.7,3623.11,-0.6199846677452376,-0.004925897475172025,0.0381497559535271,0.0005934667204054979,-0.032363766540562056,0.47606153756316494,0.11531721842229335
2025-01-05 15:00:00,3648.11,3613.04,3630.75,-0.6163737155804261,0.0020336026875424906,0.013485802831689542,0.0006175088694823076,0.04306700677245723,0.49826273932762666,0.11759894859384384
2025-01-05 19:00:00,3656.88,3626.51,3645.32,-0.782686155979409,-0.003404541726278354,0.010692701692892381,0.0006380493246042727,-0.10136978606125124,0.510398039876835,0.11989386969602976
2025-01-05 23:00:00,3684.03,3610.63,3658.46,-0.38489443219379227,0.00046731648997755393,0.014308283600259042,0.0006477798901602216,0.04472620754779322,0.5249822204669322,0.12272170487875289
2025-01-06 03:00:00,3698.04,3654.3,3666.22,-0.5428632157386366,0.009993354799524345,0.012142535047248604,0.0006551733538318799,-0.07145560104625726,0.551595311332158,0.12603601406631687
2025-01-06 07:00:00,3668.45,3633.0,3637.87,-0.48960874590159925,0.007973934586082754,0.0071057807745964485,0.0006875795795884166,-0.09555673460719105,0.5180534213502914,0.12949813463009924
2025-01-06 11:00:00,3702.8,3622.1,3685.47,-0.12876330637154879,0.011461195090385123,-0.004925897475172025,0.0007059989840631815,0.06488872527981782,0.5257110695001928,0.1310141212034916
2025-01-06 15:00:00,3744.83,3655.55,3682.22,0.40840565646527394,0.01896930096354188,0.0020336026875424906,0.0007186445340826856,0.035038278484156304,0.5808582879501817,0.13392269144263047
2025-01-06 19:00:00,3703.38,3666.37,3678.52,-0.6654457128858902,0.011400431806211309,-0.003404541726278354,0.0007509782905353956,0.12434347696223713,0.5601757981560472,0.13563704249588585
2025-01-06 23:00:00,3700.86,3663.0,3678.07,-0.6949412002167059,0.008164911485140536,0.00046731648997755393,0.0007912070198417249,0.02339294083664556,0.5607517899030852,0.13703773697785074
2025-01-07 03:00:00,3688.68,3659.0,3672.6,-0.7921773096149441,-9.411515230028922e-05,0.009993354799524345,0.0008333062637886908,-0.007642054154240463,0.551180498618615,0.1384769689074616
2025-01-07 07:00:00,3680.0,3651.54,3657.61,-0.6694727017826309,0.00504542881557235,0.007973934586082754,0.0008723960708261932,-0.003529283382415982,0.5401219252744874,0.13958787879787912
2025-01-07 11:00:00,3658.59,3532.41,3568.75,0.09862047038288024,-0.008979638770808762,0.011461195090385123,0.0009162214918645354,-0.12052414030454472,0.4863657256064074,0.14247274547398733
2025-01-07 15:00:00,3582.4,3413.11,3421.82,3.2017534043956557,-0.05843937958325973,0.01896930096354188,0.0009825012685320369,-0.1019732991274589,0.3215765006074388,0.1481713549365538
2025-01-07 19:00:00,3438.01,3356.31,3396.7,0.6089028543852067,-0.07871541473622723,0.011400431806211309,0.0010198220381844461,-0.08806628219294133,0.2125620407645474,0.14946328522309438
2025-01-07 23:00:00,3415.1,3374.67,3382.9,-0.30518777181996487,-0.07832149004033073,0.008164911485140536,0.001001452706534729,-0.03217868763873599,0.2148325238950096,0.15016231533248423
2025-01-08 03:00:00,3387.94,3307.1,3308.77,0.5406281253243299,-0.08865086236705388,-9.411515230028922e-05,0.0010012263172775448,-0.12497549503917604,0.16048842689926016,0.15550455180904982
2025-01-08 07:00:00,3376.85,3306.41,3362.45,-0.13013418869240836,-0.08520860946361464,0.00504542881557235,0.0009766352452606482,0.19863329298205157,0.16554244756948736,0.1537305960682488
2025-01-08 11:00:00,3381.6,3323.0,3369.53,0.23826959197345662,-0.07307500155986779,-0.008979638770808762,0.0009603426649625973,-0.010482217370721969,0.16905416872169826,0.15341869939416614
2025-01-08 15:00:00,3386.36,3208.2,3282.83,2.3414665875757077,-0.05547155867078846,-0.05843937958325973,0.0009591564787291253,-0.01871694618957709,0.08984500175837838,0.15957739876780855
2025-01-08 19:00:00,3334.15,3266.08,3333.14,-0.13190949160125232,-0.028670977879912574,-0.07871541473622723,0.000915522135940096,0.12853946453874432,0.0959150663923793,0.15734178754645142
2025-01-08 23:00:00,3357.27,3306.5,3341.18,-0.3542976496967736,-0.018318335348380566,-0.07832149004033073,0.0008678753595744156,0.04829857400577997,0.14026335952837124,0.15824757252778396
2025-01-09 03:00:00,3343.36,3312.13,3316.21,-0.5258121572570802,-0.006315466281194726,-0.08865086236705388,0.0008448341344101388,0.16009784425874574,0.13512301954203687,0.16144550718635337
2025-01-09 07:00:00,3327.75,3265.77,3311.56,0.14350722270986233,-0.01532197528471102,-0.08520860946361464,0.0008167829416397575,-0.149832189504142,0.10392590467116963,0.16356507818489552
2025-01-09 11:00:00,3326.72,3210.28,3251.3,0.5562213544377682,-0.03008855547671585,-0.07307500155986779,0.0007715655513842532,-0.011686303007456322,0.04794891337431816,0.16856940733121747
2025-01-09 15:00:00,3337.0,3235.8,3260.16,0.407058450023821,-0.0014426032078829198,-0.05547155867078846,0.0006891128289715118,0.13580464422963168,0.0841528478417981,0.17126914893671127
2025-01-09 19:00:00,3268.79,3158.0,3224.24,0.9085354798188177,-0.02804807532159992,-0.028670977879912574,0.0006338797687603542,-0.19100832905617338,0.0,0.17696060832135885
2025-01-09 23:00:00,3260.47,3209.99,3241.47,-0.4803853564196448,-0.030523946909732147,-0.018318335348380566,0.000531971211664722,0.06026533661318845,0.03272199909318025,0.1787706953435201
2025-01-10 03:00:00,3281.57,3239.16,3278.39,-0.5245129376949857,-0.020379688371296778,-0.006315466281194726,0.00044374315685558865,-0.056900687412286155,0.06770248276801658,0.1784715318579691
2025-01-10 07:00:00,3321.25,3271.02,3318.54,-0.08233732904848398,-0.0011394549440159052,-0.01532197528471102,0.00037345272507074946,0.06893163870535668,0.11265825064286066,0.17757394324122663
2025-01-10 11:00:00,3320.8,3215.76,3257.01,1.199248145526981,0.0027201791066446823,-0.03008855547671585,0.0003250584507771691,-0.005150971742343469,0.07241319102429254,0.18405445849307403
2025-01-10 15:00:00,3322.49,3193.97,3286.67,0.9674793713103983,-0.008330294075260092,-0.0014426032078829198,0.00026340421924865863,-0.016354127195208568,0.06528251732998736,0.18390159928501534
2025-01-10 19:00:00,3299.27,3256.9,3273.62,-0.5864561916108136,0.022620870236027768,-0.02804807532159992,0.00018480345959809243,0.21464280445514805,0.08560853873821936,0.1861125008394717
2025-01-10 23:00:00,3275.53,3236.54,3247.96,-0.7609547213238675,0.008048096936477123,-0.030523946909732147,0.00011541917419773218,-0.1269771699350436,0.06344332029895258,0.1901318688967371
2025-01-11 03:00:00,3251.13,3230.0,3238.06,-0.8180221733253336,-0.005914707856553791,-0.020379688371296778,3.9448727006266134e-05,-0.01767271742875176,0.04491786830520972,0.19326376316777077
2025-01-11 07:00:00,3256.1,3217.56,3256.1,-0.6279923686045524,-0.01891041285100714,-0.0011394549440159052,-3.774826471390039e-05,-0.20310959732959433,0.0389615001175801,0.193819610064048
2025-01-11 11:00:00,3281.23,3254.04,3278.52,-0.6244781865860026,0.0013327243505196762,0.0027201791066446823,-0.00011427296733821653,0.17873168329405287,0.0775533846284759,0.19383049475125277
2025-01-11 15:00:00,3282.94,3259.06,3278.37,-0.7777083527545894,0.004360633374106193,-0.008330294075260092,-0.00017629854018613494,-0.0030615601538244164,0.08206997957001297,0.19520073929644524
2025-01-11 19:00:00,3320.18,3269.6,3288.67,-0.6498005959452351,0.006952700701120085,0.022620870236027768,-0.00022970851369011493,0.056352169717769796,0.1125162006234552,0.19586969127638834
2025-01-11 23:00:00,3294.43,3274.12,3289.79,-0.8242179478139696,0.008709248677208015,0.008048096936477123,-0.0002744856711891503,0.07758897317768554,0.09695595987191019,0.1974117846634284
2025-01-12 03:00:00,3290.91,3267.37,3270.33,-0.8337099622074048,0.012242012418857806,-0.005914707856553791,-0.0003238795150434407,0.12499429583553279,0.09179757111315377,0.2006825707156917
2025-01-12 07:00:00,3274.0,3224.49,3244.62,-0.6520049286563343,0.003566454766478433,-0.01891041285100714,-0.0003787476785050136,0.10972474392124476,0.052597679800135105,0.20506416319395548
2025-01-12 11:00:00,3280.78,3241.5,3269.1,-0.47195952468090036,-0.0017134701581565936,0.0013327243505196762,-0.00043232426552791367,-0.04857873775847099,0.07093588236307316,0.20547167542150996
2025-01-12 15:00:00,3300.0,3265.5,3285.15,-0.5778347510807095,0.004107431659832184,0.004360633374106193,-0.00048368984597029196,-0.07532314424334074,0.09795162525029351,0.20607332990488528
2025-01-12 19:00:00,3289.31,3234.38,3240.62,-0.6466689168076003,-0.010644982156109983,0.006952700701120085,-0.0005416579904874266,-0.26741014707220434,0.07103260078490797,0.21146626467932989
2025-01-12 23:00:00,3339.0,3237.0,3255.96,0.008609725326091463,0.0006011596486994453,0.008709248677208015,-0.0005998316645724559,0.0194762714530905,0.09928933072851938,0.21253552654376415
2025-01-13 03:00:00,3267.33,3181.3,3191.36,-0.19626016149595912,-0.016308849275329385,0.012242012418857806,-0.0006565031402890532,-0.07996438134693673,0.028579722581529805,0.22053144873478578
2025-01-13 07:00:00,3209.74,3106.74,3118.61,0.6992683706220031,-0.028828735922484583,0.003566454766478433,-0.0007280691143507466,0.07874600708876534,0.0,0.23168776417118442
2025-01-13 11:00:00,3123.81,2920.0,3034.41,3.479291549835678,-0.06883496293307556,-0.0017134701581565936,-0.0008304217876029136,-0.09107867911449485,0.0,0.24681240949016256
2025-01-13 15:00:00,3078.04,2986.4,3007.6,1.5734963803638102,-0.07668347902457395,0.004107431659832184,-0.0009536424469930346,0.05704295499817902,0.0,0.25683682847814593
2025-01-13 19:00:00,3143.2,2993.0,3131.96,0.7214615345382352,-0.057024385566618374,-0.010644982156109983,-0.0010623046843046778,0.27990864522767445,0.04381590649104935,0.24847147471953027
2025-01-13 23:00:00,3167.38,3125.65,3157.36,-0.3608978446893963,-0.0432838795117334,0.0006011596486994453,-0.0011434392384801978,-0.0547591743624497,0.11263491916840347,0.2476033688922033
2025-01-14 03:00:00,3187.95,3155.0,3183.91,-0.5115215035396987,-0.0176388727935608,-0.016308849275329385,-0.0012209344431414434,-0.03902573452698732,0.13940553768263933,0.24557851047273532
2025-01-14 07:00:00,3256.67,3169.41,3235.31,0.13048535175626297,0.01953005354379722,-0.028828735922484583,-0.0012815990638924814,0.10155926640162227,0.1868365839565635,0.24073061093388542
2025-01-14 11:00:00,3235.62,3178.11,3191.56,0.6186955964424345,0.05609314606832072,-0.06883496293307556,-0.00133927493922325,-0.04291824995405258,0.19002628578384426,0.24236283155043137
2025-01-14 15:00:00,3232.93,3172.12,3225.01,-0.10037202687174125,0.055507732687849476,-0.07668347902457395,-0.0013873924629983834,0.005362833255126542,0.19069616984681784,0.23752956408262563
2025-01-14 19:00:00,3240.69,3194.86,3235.41,-0.5283946510229034,0.04695718456376863,-0.057024385566618374,-0.0014335984283068775,-0.04084353820149689,0.22423475129536885,0.23294235950330144
2025-01-14 23:00:00,3245.77,3205.17,3213.09,-0.32860573931682474,0.02637844955497437,-0.0432838795117334,-0.001490173869136867,-0.0802576390821963,0.23257352944871232,0.23126458861017526
2025-01-15 03:00:00,3252.35,3208.4,3230.29,-0.52927105811996,0.017993256175294237,-0.0176388727935608,-0.0015459808815653892,-0.024086039995868225,0.23208887150251367,0.22618425022758862
2025-01-15 07:00:00,3250.92,3196.71,3209.5,-0.43522171287647354,0.003226019517560186,0.01953005354379722,-0.0016026782558466433,-0.13730255680243897,0.23035501837124756,0.22446598734251905
2025-01-15 11:00:00,3331.78,3186.36,3329.48,0.9768925109165232,0.01829347046399543,0.05609314606832072,-0.001641470667103104,0.1918046526973356,0.28114415997733416,0.2117846167122174
2025-01-15 15:00:00,3375.71,3323.91,3372.31,0.3993561785242037,0.04468685068987588,0.055507732687849476,-0.0016473072599520093,0.023490603671560306,0.4446215938647564,0.20412223805788532
2025-01-15 19:00:00,3473.75,3368.37,3430.78,0.4279026622875064,0.06525356198471632,0.04695718456376863,-0.0016291523220518704,0.032270952668941755,0.5974177958871782,0.1954730042118442
2025-01-15 23:00:00,3460.79,3381.6,3384.83,0.07083499829563619,0.057682038154810655,0.02637844955497437,-0.0016355724241041592,0.06218402469479978,0.5706060808496016,0.191651677072107
2025-01-16 03:00:00,3388.44,3346.0,3380.78,-0.40338029903090794,0.043962047096759216,0.017993256175294237,-0.001653574274314204,-0.02580612602482768,0.5034700976550283,0.18463792674555493
2025-01-16 07:00:00,3391.5,3300.21,3334.05,0.1793565761780258,0.035136277741592004,0.003226019517560186,-0.001671041557963795,0.005082559152712385,0.4584498541272528,0.18042282579216945
2025-01-16 11:00:00,3365.16,3265.44,3277.14,0.8367594018209412,0.016756553722213186,0.01829347046399543,-0.001679516680271227,-0.05810963345268971,0.4330805551334953,0.17374464729479172
2025-01-16 15:00:00,3365.95,3269.7,3325.97,0.46190607447536386,-0.006152524927448999,0.04468685068987588,-0.001674091878775963,0.01860519990818421,0.4368919436043623,0.1607128683278405
2025-01-16 19:00:00,3354.01,3269.0,3297.62,-0.23735170264147032,-0.03344378575415985,0.06525356198471632,-0.0016744172565777036,-0.018881644896518113,0.42506332251451934,0.15059465013666115
2025-01-16 23:00:00,3397.66,3290.6,3373.3,0.7336922905016535,-0.017526494499357836,0.057682038154810655,-0.0016562635620347476,0.0787025361059388,0.48075219880306497,0.135253905474082
2025-01-17 03:00:00,3377.49,3347.79,3367.44,-0.22139970465676367,-0.0004334190561826601,0.043962047096759216,-0.0016390049098186426,0.18466457721070229,0.5012771663439906,0.122355152896353
2025-01-17 07:00:00,3439.0,3363.0,3427.47,0.08295828657787897,0.019048608666317524,0.035136277741592004,-0.0016075898636212622,0.217454643545699,0.5539708085125892,0.10816170313697439
2025-01-17 11:00:00,3433.09,3395.14,3428.87,0.7839151847493774,0.028658576891509302,0.016756553722213186,-0.001581734874088951,0.026692876113005637,0.5760645079653179,0.10139215528362916
2025-01-17 15:00:00,3450.53,3404.24,3411.54,0.718085490667128,0.031572987567274335,-0.006152524927448999,-0.0015389481874296593,-0.08607897921436636,0.594536870185317,0.10158355271948184
2025-01-17 19:00:00,3525.72,3410.78,3470.21,1.3224504317339083,0.049605400339665984,-0.03344378575415985,-0.0014567144992691326,0.03396875325160442,0.6721578935220084,0.10238261824614626
2025-01-17 23:00:00,3494.39,3447.72,3451.36,-0.44165395154472936,0.03510875473746822,-0.017526494499357836,-0.0013780839924012452,-0.07918848207688556,0.6575912017560377,0.1049839346325803
2025-01-18 03:00:00,3456.3,3290.01,3313.52,2.0876938797006304,-0.0039496093651059105,-0.0004334190561826601,-0.0013461489023099257,-0.04328230344648365,0.48130234525357585,0.1093829688296524
2025-01-18 07:00:00,3315.32,3227.0,3267.1,1.8156503616505906,-0.03892075436039755,0.019048608666317524,-0.0013291077865911515,-0.14611886372003347,0.3550814519481751,0.11019195742697399
2025-01-18 11:00:00,3326.99,3249.1,3297.5,1.1629984608040107,-0.03461612112730139,0.028658576891509302,-0.001286836633485387,0.021612815950089903,0.3984075048225523,0.10828150265854944
2025-01-18 15:00:00,3347.34,3250.0,3264.78,1.6960062906964049,-0.03910825627670267,0.031572987567274335,-0.0012384682471970954,-0.019844286068729455,0.393102890168581,0.10938692857038611
2025-01-18 19:00:00,3293.23,3258.37,3280.46,-0.3858536631090586,-0.058064053372185565,0.049605400339665984,-0.0011952684491407786,-0.023876900889361452,0.36858174194968185,0.10851268575400536
2025-01-18 23:00:00,3378.11,3279.45,3353.41,0.5507202023025224,-0.03940632553988166,0.03510875473746822,-0.0011211854432372904,0.15769884299170944,0.4521372238471548,0.10634530762549646
2025-01-19 03:00:00,3365.82,3259.9,3283.44,1.0647163116185683,-0.015803688762712653,-0.0039496093651059105,-0.0010619604430233652,-0.01778291612297178,0.4016921787226596,0.10844212496262773
2025-01-19 07:00:00,3293.29,3143.02,3174.7,3.655080076651278,-0.01951344498893759,-0.03892075436039755,-0.0010308027909974175,-0.07079214301787418,0.2592466078161075,0.11323411251738381
2025-01-19 11:00:00,3397.7,3130.48,3381.16,5.0,-0.0060872960874724935,-0.03461612112730139,-0.0009743914530851256,-0.0006846562514472021,0.36824770889668834,0.10747765657782195
2025-01-19 15:00:00,3448.99,3353.17,3432.73,2.676869306051704,0.03330029612023977,-0.03910825627670267,-0.0008871016588654647,0.14104071919605077,0.55791413459795,0.10837944485285687
2025-01-19 19:00:00,3432.76,3156.7,3266.65,4.003349156088861,0.0008286969022568424,-0.058064053372185565,-0.0008281210959191272,-0.1416266452782895,0.3726628433681804,0.11355865743543249
2025-01-19 23:00:00,3274.8,3142.78,3245.07,4.982425742110859,-0.03960589640809675,-0.03940632553988166,-0.0007822049129900991,-0.14648545559288906,0.25377992609762856,0.11428343560285921
2025-01-20 03:00:00,3453.69,3228.06,3416.01,1.7737975197155558,0.007504117998927917,-0.015803688762712653,-0.0007039604932156222,0.13915142009254633,0.4388963342959675,0.11047089739114882
2025-01-20 07:00:00,3441.82,3340.33,3353.42,2.060012885803147,0.05813513208468701,-0.01951344498893759,-0.0006029715768999285,0.15617617636711967,0.5391897279174787,0.11292541562644813
2025-01-20 11:00:00,3388.63,3257.2,3359.4,1.4474748680799094,0.014997442019970109,-0.0060872960874724935,-0.0005141044986598062,-0.06553640504310632,0.4421009238183447,0.1132405331520679
2025-01-20 15:00:00,3390.68,3205.42,3330.53,3.621472900470225,-0.027524805678869946,0.03330029612023977,-0.00042878921109438763,-0.0910484856914322,0.4171507960685861,0.1144367007220719
2025-01-20 19:00:00,3364.12,3255.92,3318.49,0.05035305164760198,0.011753728979133182,0.0008286969022568424,-0.0003302770814916984,0.09528602617716997,0.4305946528684356,0.11494414968250176
2025-01-20 23:00:00,3320.84,3204.6,3257.94,0.9990705524060735,0.015533797871558397,-0.03960589640809675,-0.0002376236409898573,-0.027440639019397528,0.3284962456304869,0.11700642572828969
2025-01-21 03:00:00,3270.0,3213.03,3241.99,0.043083876846533385,-0.024767316064653766,0.007504117998927917,-0.00015367011159117075,-0.07280525792372061,0.31518269762961765,0.11754152886183825
2025-01-21 07:00:00,3310.0,3234.48,3303.11,0.04576638865586264,-0.036449841680429196,0.05813513208468701,-7.024266445369474e-05,0.07313483099570783,0.35346577629709985,0.11528698847684965
2025-01-21 11:00:00,3335.44,3279.09,3289.41,0.704772917918502,-0.006532785653293516,0.014997442019970109,1.8571056025709034e-05,-0.04808910599598126,0.4094484890605004,0.11575776856910107
2025-01-21 15:00:00,3368.0,3265.11,3345.76,0.4979516433671203,0.0029845175088483167,-0.027524805678869946,0.00010634555396431143,0.08676460740552949,0.43199366868499084,0.11414434296435415
2025-01-21 19:00:00,3347.12,3302.03,3333.74,-0.4123575327508737,0.0015252865897374956,0.011753728979133182,0.00016411144639175593,0.013412693340840276,0.4382008519311991,0.1147637766662477
2025-01-21 23:00:00,3365.99,3308.11,3343.77,-0.12761519103293809,0.025484005465664872,0.015533797871558397,0.0001999251698827849,0.11088069222759311,0.45297633523036407,0.11472148381031615
2025-01-22 03:00:00,3348.0,3303.0,3309.39,-0.5158264435109857,0.0252568357318661,-0.024767316064653766,0.00024030488910870368,-0.1370466974572616,0.438216887683022,0.11590266651304672
2025-01-22 07:00:00,3311.0,3273.83,3308.09,-0.1804434512228371,0.008265568294873127,-0.036449841680429196,0.0002686188768486316,-0.19742896959316614,0.3940464558126976,0.11573597779823003
2025-01-22 11:00:00,3332.7,3267.17,3293.97,-0.12806759661279607,-0.00193871100412224,-0.006532785653293516,0.0002881990296338371,0.01174164029676672,0.3998216485611575,0.11617224833181214
2025-01-22 15:00:00,3305.68,3239.4,3249.93,-0.07560444322650804,-0.013672481264841996,0.0029845175088483167,0.00031245734330571457,-0.13841579476303933,0.36379350840635993,0.11793908922161009
2025-01-22 19:00:00,3280.65,3233.02,3238.89,-0.39058129860370455,-0.01977897053476274,0.0015252865897374956,0.00031299924903897244,-0.0018344749553340645,0.33941793695413036,0.11836095978235284
2025-01-22 23:00:00,3261.34,3204.18,3223.13,-0.11002157196146782,-0.030410273915068453,0.025484005465664872,0.00031169412455413366,-0.06551780346044078,0.30064774397337385,0.11931735488438465
2025-01-23 03:00:00,3243.22,3185.0,3208.1,-0.29558297455897,-0.03356838010484742,0.0252568357318661,0.00031318511577341354,0.09205640046057395,0.2705644267577995,0.1195367098840562
2025-01-23 07:00:00,3234.0,3188.89,3203.99,-0.35013870777773937,-0.02555791994725043,0.008265568294873127,0.00030716043897265955,0.20746560969960037,0.26752999385345816,0.11718662188161427
2025-01-23 11:00:00,3286.72,3189.69,3275.55,0.6745093185843258,-0.01993200262224648,-0.00193871100412224,0.000292129507716045,0.05244679264712615,0.301039413603249,0.10689514761261559
2025-01-23 15:00:00,3297.49,3225.68,3241.09,0.8036902827176128,-0.0060542749165664045,-0.013672481264841996,0.0002713171129316299,0.11001945810121527,0.334006880081374,0.09777559657104645
2025-01-23 19:00:00,3323.49,3195.0,3322.36,1.6017710786677894,-0.0011237078503516518,-0.01977897053476274,0.0002662538631543686,0.040493033684376956,0.33391676038519186,0.09159076386036867
2025-01-23 23:00:00,3349.6,3280.24,3285.41,0.1492915405488955,0.02530143829849485,-0.030410273915068453,0.00023520612908647598,0.009098311865656683,0.42353145227629524,0.08964727590701775
2025-01-24 03:00:00,3421.0,3275.9,3386.4,0.6315169508803903,0.04505972597767549,-0.03356838010484742,0.00022798076958393547,0.05680126431856558,0.4880543929046208,0.08568588452213255
2025-01-24 07:00:00,3416.5,3372.33,3413.4,-0.18153291904899502,0.057802596123620376,-0.02555791994725043,0.00023882436022285543,-0.02641488480418419,0.5463506260526554,0.08563041518071186
2025-01-24 11:00:00,3428.0,3378.56,3399.66,-0.1373598541821924,0.05169602225642045,-0.01993200262224648,0.00027061585957883995,0.012073615389793124,0.5521362541040407,0.08488171837509499
2025-01-24 15:00:00,3409.73,3355.67,3381.49,-0.20907717422232983,0.040226423293020286,-0.0060542749165664045,0.0002956601533301498,-0.08465648772124912,0.5307199871085071,0.08470260389108525
2025-01-24 19:00:00,3395.0,3322.36,3325.73,-0.11556724970999122,0.029033463228057554,-0.0011237078503516518,0.00031709086366567214,-0.19376462681118656,0.4758920353391343,0.08510649748121722
2025-01-24 23:00:00,3325.99,3268.66,3295.0,-0.25386328516042583,-0.005394947646284565,0.02530143829849485,0.0003350573807199819,-0.10871912083096746,0.3966663870158973,0.08428328161389091
2025-01-25 03:00:00,3325.0,3283.82,3292.51,-0.6427820847712392,-0.01744922696264728,0.04505972597767549,0.0003289279378922694,-0.04488244744851466,0.40003710501641854,0.08321197429852671
2025-01-25 07:00:00,3301.2,3272.09,3295.53,-0.8199482006799058,-0.03202755745469488,0.057802596123620376,0.0003203613799727986,0.014089248547500377,0.3829303233902818,0.08127472966700983
2025-01-25 11:00:00,3319.5,3291.13,3315.85,-0.8327706589445381,-0.028791340858787318,0.05169602225642045,0.0003046955268583713,0.07555764474166904,0.40506213938486535,0.08078361277742718
2025-01-25 15:00:00,3349.58,3310.0,3342.2,-0.4615475790937492,-0.015290851548596551,0.040226423293020286,0.0002995011564606632,-0.00036354356332901627,0.45293757050619443,0.07984254902957412
2025-01-25 19:00:00,3350.68,3332.1,3334.42,-0.9203131028173661,-0.0030077140820928827,0.029033463228057554,0.0003055473691079591,0.015859311437455004,0.46075712257249535,0.07825639034577955
2025-01-25 23:00:00,3337.78,3313.9,3328.35,-0.6898703664185627,0.00805581960025914,-0.005394947646284565,0.00032117451667998935,0.019707719732526163,0.43656529951452694,0.07778033305694808
2025-01-26 03:00:00,3362.0,3326.36,3341.85,-0.6801685808585916,0.013780435578055528,-0.01744922696264728,0.00032551018229117087,0.00592902974723053,0.46833538044211603,0.07697070930270038
2025-01-26 07:00:00,3345.33,3292.82,3305.98,-0.6446810183649357,0.00841222661327512,-0.03202755745469488,0.00033878479565512974,-0.21285650556636782,0.4244788998389234,0.07780829317606434
2025-01-26 11:00:00,3316.55,3297.47,3311.09,-0.6698440367781212,0.0007951727494712735,-0.028791340858787318,0.0003338244938721501,-0.019515336000343386,0.4090071519066376,0.07740423643991907
2025-01-26 15:00:00,3344.88,3307.96,3337.16,-0.7109795619329914,-0.0027053895123009264,-0.015290851548596551,0.0003268071999208718,-0.014151823331025382,0.4393860653430413,0.07683804282463354
2025-01-26 19:00:00,3342.34,3281.56,3288.16,-0.45101472236436824,-0.009017505607421206,-0.0030077140820928827,0.00033417892242379823,-0.06029301286896316,0.41551722717903344,0.07806773560489977
2025-01-26 23:00:00,3288.16,3164.0,3170.82,1.7626349939648136,-0.03155382833340514,0.00805581960025914,0.00033908566323032996,-0.09625173892285588,0.27902634246643343,0.0840612639436776
2025-01-27 03:00:00,3199.96,3079.0,3084.05,0.769063978278365,-0.06263612267210916,0.013780435578055528,0.0003253694216903387,-0.12570035333856677,0.1536217418010103,0.09439524308902741
2025-01-27 07:00:00,3091.41,3020.01,3038.39,1.4899343298776764,-0.07681431892124013,0.00841222661327512,0.00027068344639819567,0.12646781274306496,0.041896072888305394,0.10452848063087405
2025-01-27 11:00:00,3146.61,3037.65,3137.51,0.7671770143727996,-0.06275908680998377,0.0007951727494712735,0.00016567348174105793,-0.08363142282322356,0.09739906846169624,0.10283489027254072
2025-01-27 15:00:00,3152.0,3046.68,3054.82,0.37286189683846693,-0.06797779290356198,-0.0027053895123009264,4.242680632984805e-05,0.021004850473338443,0.09980124818538187,0.11182170222396147
2025-01-27 19:00:00,3239.0,3054.81,3170.95,0.13095499710168132,-0.04901704332268697,-0.009017505607421206,-8.069550932284085e-05,0.35418618756318776,0.17182130330216436,0.10562241279753484
2025-01-27 23:00:00,3203.89,3151.62,3192.83,-0.4051605104817802,-0.012889252542873986,-0.03155382833340514,-0.00017732983080586754,0.14452817329574175,0.216704666023853,0.10264716363782463
2025-01-28 03:00:00,3223.01,3175.73,3195.0,-0.5357220892850822,0.022420247780180036,-0.06263612267210916,-0.0002467411346347402,0.23466871936325018,0.25921576071963204,0.10351613985534557
2025-01-28 07:00:00,3216.11,3183.4,3194.38,-0.7364918067020134,0.04424384382785984,-0.07681431892124013,-0.0003045431937775413,0.10355315466272819,0.24533085034384425,0.10451434406968751
2025-01-28 11:00:00,3200.89,3156.86,3172.31,-0.6404750375932021,0.025051701924450276,-0.06275908680998377,-0.0003544330093607342,-0.009276288797060772,0.2139781350388534,0.10673215874757916
2025-01-28 15:00:00,3214.38,3136.74,3144.06,-0.06227317297443986,0.022856516185382647,-0.06797779290356198,-0.00041019174589946206,0.14996668335479568,0.20621983824160997,0.10998155406786973
2025-01-28 19:00:00,3155.37,3040.03,3084.16,0.3928697967146462,-0.015739107561632104,-0.04901704332268697,-0.00047925639666600447,-0.14550613512413302,0.09740741623763836,0.11675078299030248
2025-01-28 23:00:00,3129.43,3053.84,3114.1,-0.5694546332449473,-0.025368977520226932,-0.012889252542873986,-0.0005530566824342901,0.06912900485894835,0.09562248413309873,0.1179014556892297
2025-01-29 03:00:00,3150.27,3108.15,3147.32,-0.7406192318972037,-0.02368886663928338,0.022420247780180036,-0.0006178976380830687,-0.06515217597850198,0.14514544695891357,0.11839804708539993
2025-01-29 07:00:00,3164.11,3119.8,3137.7,-0.7312230348015408,-0.01685416913211457,0.04424384382785984,-0.0006762114965165708,-0.11158986653998892,0.16440605329884372,0.119723838831187
2025-01-29 11:00:00,3144.0,3080.57,3096.62,-0.37529452658236706,-0.02083998101059692,0.025051701924450276,-0.000741215553232704,0.0144006115840416,0.11456896955917945,0.12310814830100782
2025-01-29 15:00:00,3135.16,3072.57,3127.94,-0.418535695820261,-0.02082745750286985,0.022856516185382647,-0.0007971826070029328,-0.041807624367302454,0.10703199696656883,0.12054568760354784
2025-01-29 19:00:00,3182.52,3054.06,3132.45,1.7765091348501727,0.007851194648437865,-0.015739107561632104,-0.0008259350865797328,0.08654815463554799,0.1339433205957381,0.12214761119197175
2025-01-29 23:00:00,3155.51,3091.06,3155.37,-0.4544756618878264,0.01054155052872896,-0.025368977520226932,-0.0008272090656512248,0.0852847642610206,0.14465927043655732,0.12237370898574036
2025-01-30 03:00:00,3215.73,3153.64,3186.1,-0.4684663124013623,0.019411422411058643,-0.02368886663928338,-0.0008154472747833729,0.12121210904764013,0.2364040791745332,0.1187365721745571
2025-01-30 07:00:00,3229.82,3178.76,3219.69,-0.5857571130512457,0.019269646507981797,-0.01685416913211457,-0.0008104826851337261,0.09978899883202552,0.2553693016402521,0.11640547994298446
2025-01-30 11:00:00,3281.0,3209.24,3271.24,0.20904164146789864,0.04499741184839712,-0.02083998101059692,-0.0008008028648069013,0.11136584408666694,0.32473877200587864,0.11325445346142211
2025-01-30 15:00:00,3283.43,3248.31,3270.34,-0.14326505570962644,0.051894278107709635,-0.02082745750286985,-0.0007903966239895886,-0.0923041050103508,0.34902392681709715,0.11256279615310447
2025-01-30 19:00:00,3276.27,3228.68,3260.88,-0.5811272031010306,0.041109995569924784,0.007851194648437865,-0.000782230345414345,-0.010797965092981143,0.32675261354294755,0.11231896440584842
2025-01-30 23:00:00,3279.5,3237.23,3247.61,-0.6941939355474016,0.04176078468153266,0.01054155052872896,-0.0007737595275832916,0.01926215145419663,0.34096832483190836,0.11276054879492116
2025-01-31 03:00:00,3271.5,3213.8,3262.93,-0.5710393146628404,0.015355177515529617,0.019411422411058643,-0.0007597323949768101,-0.037723719705357595,0.30999443993407116,0.11226422532840323
2025-01-31 07:00:00,3276.93,3234.05,3269.68,-0.2712121194122981,0.01623094422366278,0.019269646507981797,-0.0007383562652177439,0.01720612851292347,0.33346463617282596,0.11172164892537197
2025-01-31 11:00:00,3374.02,3269.67,3351.11,1.3117493895022594,0.02774442595729454,0.04499741184839712,-0.0006886828398734859,0.006538649694299181,0.4601559438837698,0.1100223090941373
2025-01-31 15:00:00,3437.31,3294.97,3314.76,2.1075039436208405,0.03373039929290389,0.051894278107709635,-0.0006249854364050964,0.1756199907520375,0.5144770551603444,0.11064687678627709
2025-01-31 19:00:00,3345.84,3278.5,3296.39,0.5067115802801737,0.0191353059028625,0.041109995569924784,-0.0005666014126318329,0.02318001999710262,0.42018825200146853,0.11067755593222767
2025-01-31 23:00:00,3331.98,3278.8,3306.2,-0.565469595768895,0.01441208348383416,0.04176078468153266,-0.0004994158527634753,0.007675421456496911,0.4115458547773484,0.10966881004261123
2025-02-01 03:00:00,3309.9,3273.44,3295.99,-0.6123307898445277,0.01636370324280345,0.015355177515529617,-0.0004361276556117067,-0.02998805191146936,0.38962241523734237,0.10983072383895554
2025-02-01 07:00:00,3301.04,3224.01,3234.31,-0.36016919207276044,8.661571566692672e-05,0.01623094422366278,-0.00040862319521164594,-0.11065500544365214,0.333888152753308,0.11145148538792475
2025-02-01 11:00:00,3273.15,3230.0,3238.8,-0.7288991233077238,-0.026090200386165385,0.02774442595729454,-0.0004079438613828984,0.008248962714099362,0.32927978486391846,0.11098996092283542
2025-02-01 15:00:00,3267.24,3228.93,3242.04,-0.6664747159112848,-0.03654924065015441,0.03373039929290389,-0.00039996250403439106,-0.0517253526670971,0.329149862466321,0.11087160483616727
2025-02-01 19:00:00,3244.46,3125.0,3137.94,0.3829717222407414,-0.04172427740569673,0.0191353059028625,-0.00040224069256487296,-0.12251542757100475,0.21255456331132078,0.1158196676315922
2025-02-01 23:00:00,3163.2,3101.7,3115.81,-0.16610008988730715,-0.053540805262788704,0.01441208348383416,-0.0004254152639732986,-0.07780398385316212,0.1455719689081449,0.11842318638021311
2025-02-02 03:00:00,3139.0,3069.36,3114.99,0.3658224024172377,-0.058863722348326264,0.01636370324280345,-0.0004433039990599412,-0.07259409477519885,0.09849644621419622,0.12011403119705125
2025-02-02 07:00:00,3124.13,3082.82,3104.47,-0.41809203576891263,-0.047559234922483706,8.661571566692672e-05,-0.00047309492797433997,0.09260457478634687,0.10132216846144995,0.12240661467263166
2025-02-02 11:00:00,3112.89,3050.64,3087.07,0.6812035428511536,-0.054639449761279324,-0.026090200386165385,-0.0005321004751704583,-0.09107760002782128,0.062343151363831846,0.12535487788545913
2025-02-02 15:00:00,3087.08,2916.66,2928.36,3.2812895990278155,-0.07952227544300072,-0.03654924065015441,-0.0005887130946412451,-0.12533118076234218,0.0,0.14256830277377305
2025-02-02 19:00:00,2987.68,2750.71,2875.46,2.934598794918943,-0.08626248651582624,-0.04172427740569673,-0.0006357072484170617,0.07005359690735391,0.0,0.15723045745960212
2025-02-02 23:00:00,2875.46,2125.01,2486.64,5.0,-0.16870978813209303,-0.053540805262788704,-0.0008076724081352596,-0.0655622147859275,0.0,0.23653130057619304
2025-02-03 03:00:00,2565.5,2447.25,2525.63,3.3336039118669594,-0.19207799048597995,-0.058863722348326264,-0.001066718923793044,0.08561567988812357,0.0,0.26834582709371585
2025-02-03 07:00:00,2632.8,2520.99,2610.43,2.45369968215823,-0.16827029624292933,-0.047559234922483706,-0.0012424449725942678,-0.09714778273425595,0.06302579629855913,0.2801271735053227
2025-02-03 11:00:00,2647.11,2529.39,2620.58,2.243616506848401,-0.15684526299719603,-0.054639449761279324,-0.001388756449650891,-0.053908106766754504,0.0743572757331858,0.2963373789780203
2025-02-03 15:00:00,2735.0,2600.0,2732.7,2.6542267329695277,-0.10158680152057042,-0.07952227544300072,-0.0014962185919432933,0.0690377642965967,0.15782040241836212,0.2925824113729443
2025-02-03 19:00:00,2921.0,2695.61,2870.0,1.6908079156237983,-0.0353169591133079,-0.08626248651582624,-0.0015601404826563337,0.09917916626530321,0.25015232592605213,0.28141914527668405
2025-02-03 23:00:00,2894.0,2800.99,2801.8,0.3453741847107793,0.09788470694439111,-0.16870978813209303,-0.0016087845989824338,-0.025414453766356537,0.30168767235105276,0.29379811905141173
2025-02-04 03:00:00,2836.68,2663.21,2727.61,1.4355853951113027,0.09158709415535382,-0.19207799048597995,-0.001765458215917223,-0.12025282971521511,0.1974275881946801,0.3101319233285688
2025-02-04 07:00:00,2758.78,2677.0,2750.01,0.26916560975149456,0.05133002250638219,-0.16827029624292933,-0.0019021846051945758,0.14664325752316132,0.18602524893730973,0.31402532920556286
2025-02-04 11:00:00,2846.3,2748.4,2818.47,0.7491780076228202,0.08165237773116418,-0.15684526299719603,-0.0019527736876493015,0.10071048065419341,0.30694632865461713,0.30909676839858197
2025-02-04 15:00:00,2842.77,2730.18,2829.6,0.9573672213290597,0.03836427645185969,-0.10158680152057042,-0.0020312985091540197,-0.02509468362536449,0.29596541942584104,0.3091057266886197
2025-02-04 19:00:00,2869.39,2632.6,2683.99,1.871502250118039,-0.022537115807955588,-0.0353169591133079,-0.0021410581972491766,-0.07271008222230768,0.23719220362437765,0.33247781100135
2025-02-04 23:00:00,2767.78,2676.29,2739.51,0.18904260211466323,-0.04551169408416911,0.09788470694439111,-0.0022276198785273096,0.08951288016529713,0.22837629350693367,0.3292295433516886
2025-02-05 03:00:00,2788.0,2709.2,2744.72,-0.1695676505500739,0.0031418529945037577,0.09158709415535382,-0.002290216717228025,-0.0008451998106406844,0.24345208961586456,0.3308520412386564
2025-02-05 07:00:00,2793.08,2735.29,2778.91,-0.19121214176159557,0.01991178960752582,0.05133002250638219,-0.0023385417001010925,0.030095893192465528,0.2678303869715664,0.3282477882986046
2025-02-05 11:00:00,2826.95,2771.42,2787.39,0.14920628644546963,-0.0007450983047623261,0.08165237773116418,-0.002372681753118014,-0.10926027929365445,0.30546570825110364,0.3278292962334614
2025-02-05 15:00:00,2800.46,2715.27,2723.01,0.5363484296813256,-0.012823421696829485,0.03836427645185969,-0.0024610796737528796,0.004516600764944201,0.259313918483291,0.3369207114831272
2025-02-05 19:00:00,2803.0,2716.54,2760.1,-0.04517578935980606,0.01121889313003499,-0.022537115807955588,-0.0025199550625197202,0.0045089157965017,0.2685983210095501,0.333325266625584
2025-02-05 23:00:00,2817.27,2755.47,2808.01,-0.09328813462194696,0.022640195393567764,-0.04551169408416911,-0.002564601277800626,0.041082015656626725,0.2915555575390109,0.32930184546191027
2025-02-06 03:00:00,2856.21,2790.72,2853.18,-0.32053334837866326,0.030748713147107365,0.0031418529945037577,-0.0025924717412750538,0.04032327956144899,0.32972237799911414,0.3255009475097524
2025-02-06 07:00:00,2857.64,2819.02,2828.9,-0.32816777151761034,0.026211531311748804,0.01991178960752582,-0.0026348148021986093,-0.15506479932177863,0.3420098998357883,0.3302554734902508
2025-02-06 11:00:00,2830.9,2737.62,2748.48,0.2748540911616089,-0.008190268921852595,-0.0007450983047623261,-0.0027390349060484823,-0.05020225413689261,0.2819787290617763,0.3430518668620424
2025-02-06 15:00:00,2760.75,2672.03,2693.76,1.0491876716157562,-0.016749882203655808,-0.012823421696829485,-0.0028662162182782644,-0.031563983931533035,0.21205383982496367,0.35534116310459474
2025-02-06 19:00:00,2726.75,2655.28,2700.5,0.06347206472134616,-0.024513715491128574,0.01121889313003499,-0.002948835608807156,-0.12116201665100768,0.19920485895349505,0.357926746852246
2025-02-06 23:00:00,2739.61,2666.8,2724.9,-0.22015599246170275,-0.029362953029416605,0.022640195393567764,-0.0030086372085083696,-0.07901181178277328,0.20776077443202512,0.3566312705972937
2025-02-07 03:00:00,2736.47,2668.03,2696.39,-0.38195940019678476,-0.04234655873347759,0.030748713147107365,-0.0030523653136744497,-0.10210564406316991,0.20725928345724726,0.362709438090904
2025-02-07 07:00:00,2754.1,2695.71,2743.01,-0.42286802437999355,-0.039183573831532814,0.026211531311748804,-0.003054377430548649,0.15033628983354386,0.22821245308116048,0.3571803544327968
2025-02-07 11:00:00,2797.5,2723.68,2782.86,0.13921348343080917,-0.004582298120242245,-0.008190268921852595,-0.003011940453056983,0.10914245389095512,0.26894583974935615,0.3519898048911984
2025-02-07 15:00:00,2782.95,2662.02,2678.47,0.7271454145685946,0.0002855200324891616,-0.016749882203655808,-0.0030558044949346914,0.03841697745383632,0.2128459457729732,0.36845240473750396
2025-02-07 19:00:00,2679.92,2562.51,2583.77,0.3748593523788233,-0.03210394789545157,-0.024513715491128574,-0.0031724990503112847,0.05541257843171343,0.11055275987518234,0.3886299717008533
2025-02-07 23:00:00,2667.3,2578.2,2640.95,-0.04314449567315622,-0.02822311530635735,-0.029362953029416605,-0.0031884933034003744,-0.024265304470823867,0.12958376298664986,0.38381854892470774
2025-02-08 03:00:00,2656.99,2608.3,2616.14,-0.44519961419678816,-0.027981245360181317,-0.04234655873347759,-0.0032323293560186134,0.017987948271569243,0.12976627538100927,0.3908247973500689
2025-02-08 07:00:00,2638.0,2594.63,2617.89,-0.3819618594485338,-0.04031977993552849,-0.039183573831532814,-0.003287629501549173,-0.07656644734824425,0.11570350973385526,0.39357580179231727
2025-02-08 11:00:00,2636.9,2599.0,2616.23,-0.47787726342140263,-0.05530782913628374,-0.004582298120242245,-0.0033330957409762564,0.005841613554106173,0.11236113475011461,0.3972158315104029
2025-02-08 15:00:00,2640.81,2588.8,2631.63,-0.4180874269657157,-0.035422558089501344,0.0002855200324891616,-0.003362700849780673,0.16060196339742183,0.1145466077110593,0.3968038224331577
2025-02-08 19:00:00,2649.9,2623.78,2627.01,-0.6662995052737519,0.009594202992837753,-0.03210394789545157,-0.003351410249121069,0.1454102631349845,0.13619572269679012,0.3990307149126277
2025-02-08 23:00:00,2657.11,2626.63,2639.62,-0.7042469199668279,0.004196617170426631,-0.02822311530635735,-0.0033473226312304575,0.13403133728877692,0.1408801621962951,0.3973460901402443
2025-02-09 03:00:00,2698.9,2634.0,2663.04,-0.5099905079497423,0.013801399860484675,-0.027981245360181317,-0.003315503873915897,0.2767912415723093,0.16691922193640538,0.39225652361704716
2025-02-09 07:00:00,2673.38,2650.99,2661.68,-0.7097659240530501,0.017856499486994082,-0.04031977993552849,-0.003299703686858607,0.028813590733701266,0.16352154876353872,0.38937138917604414
2025-02-09 11:00:00,2667.0,2611.78,2627.63,-0.4965013851105237,0.010314826555057888,-0.05530782913628374,-0.003313753294864329,-0.11850428127527601,0.13994880153502828,0.3895653047678905
2025-02-09 15:00:00,2666.38,2624.33,2636.69,-0.6396884433362897,0.011724486399760092,-0.035422558089501344,-0.0032974027019010334,-0.10550685925952719,0.14593012392883992,0.3824565270474311
2025-02-09 19:00:00,2649.55,2520.02,2615.77,0.2960782048554422,-0.019335894454149405,0.009594202992837753,-0.0033514650014488103,-0.11087777033267443,0.0840197667541054,0.379807517765157
2025-02-09 23:00:00,2658.6,2559.85,2589.54,-0.0228846975846943,-0.013338571087810891,0.004196617170426631,-0.0033218920080801944,-0.05371203505357125,0.10482489318024704,0.3783085089663572
2025-02-10 03:00:00,2660.0,2584.65,2636.25,-0.3530417395903566,-0.014198646544090199,0.013801399860484675,-0.003307339383221816,-0.07448438154132819,0.1281693778952181,0.3637405350668027
2025-02-10 07:00:00,2662.0,2629.0,2647.47,-0.6142640966121675,-0.007146336089661531,0.017856499486994082,-0.0033173562205133554,0.012502084260664903,0.1440426039246838,0.35293167310014095
2025-02-10 11:00:00,2684.55,2631.24,2650.86,-0.3824344396780089,0.005598541508770483,0.010314826555057888,-0.0033485169296985657,0.16836415535783322,0.15507691144069266,0.33751307352247945
2025-02-10 15:00:00,2689.41,2643.52,2683.22,-0.3588803477692391,0.007504217815063718,0.011724486399760092,-0.00336075898377642,-0.08842820198540724,0.16625254594490696,0.31884198866816477
2025-02-10 19:00:00,2693.79,2652.49,2658.49,-0.6406421174083502,0.03377957397428033,-0.019335894454149405,-0.0033705544707788022,0.09104240860331902,0.17340804977639146,0.3070797203251578
2025-02-10 23:00:00,2725.04,2651.74,2681.49,-0.3348996620950758,0.03243609527524871,-0.013338571087810891,-0.0033462948521304045,0.07783291155352545,0.19133286913387973,0.28723242168057234
2025-02-11 03:00:00,2724.98,2668.41,2722.81,-0.5728677110258119,0.026876948909838605,-0.014198646544090199,-0.0033143687698599877,0.07296485135104591,0.20047838307747465,0.2643546249200554
2025-02-11 07:00:00,2724.32,2690.24,2697.06,-0.41138250067749305,0.024883794781869417,-0.007146336089661531,-0.0032651737360581243,-0.15126601885207147,0.21138426808128524,0.250845706163214
2025-02-11 11:00:00,2710.29,2626.13,2663.81,-0.3066359876224935,0.004870669941447581,0.005598541508770483,-0.003275729417849282,-0.008814078034599104,0.16831188579497783,0.2358432135894146
2025-02-11 15:00:00,2676.86,2607.28,2610.77,-0.2838734474801343,-0.008263263963119938,0.007504217815063718,-0.0032806381427724915,0.008456012496729892,0.14370659625565954,0.22022487954567205
2025-02-11 19:00:00,2631.36,2558.24,2586.39,0.15010738746290556,-0.027820340679508893,0.03377957397428033,-0.0033180976087429175,-0.16472593664322965,0.09730241402327315,0.2085084852769368
2025-02-11 23:00:00,2624.36,2584.84,2596.65,-0.5629927000474886,-0.032030295710290146,0.03243609527524871,-0.0033255700598001335,-0.04761781222853889,0.10313629595185161,0.19354414472764192
2025-02-12 03:00:00,2612.75,2569.31,2601.81,-0.5752865965448891,-0.03934532114599831,0.026876948909838605,-0.0033492460545018993,-0.07689889502426905,0.0917797906393234,0.1768670981856328
2025-02-12 07:00:00,2637.24,2599.09,2618.89,-0.42228028822242053,-0.03251082137351846,0.024883794781869417,-0.0033107839292620582,0.27251243602659825,0.12121266272436736,0.15747763716999535
2025-02-12 11:00:00,2665.16,2546.92,2599.43,0.7520773600156178,-0.026100633872721213,0.004870669941447581,-0.003321403331306894,-0.062228172458239306,0.09704371236597198,0.13922032407989332
2025-02-12 15:00:00,2683.65,2569.29,2663.81,0.2698836919692136,-0.005441270965256817,-0.008263263963119938,-0.0032771404496524273,0.11679582419693335,0.12898300807794227,0.12764314828775045
2025-02-12 19:00:00,2795.45,2647.8,2745.6,0.1772804648092761,0.04571833811426096,-0.027820340679508893,-0.0031546390155219343,0.27591595427387383,0.21889058895894556,0.11904186849254918
2025-02-12 23:00:00,2757.28,2716.0,2739.69,-0.32373264830725895,0.05166098981949818,-0.032030295710290146,-0.0030774252456157924,0.05156495217628421,0.24083037032214674,0.11351469986894155
2025-02-13 03:00:00,2746.95,2680.62,2686.21,-0.5202224550442819,0.04868711050913155,-0.03934532114599831,-0.0030345648985663025,-0.07866139029177743,0.22099455172474458,0.1112917182870643
2025-02-13 07:00:00,2690.92,2658.1,2677.3,-0.37226277710764905,0.020615768109812915,-0.03251082137351846,-0.003001472336747701,-0.18523702292427657,0.17653334101632132,0.11056268733197845
2025-02-13 11:00:00,2679.2,2616.04,2636.53,-0.0497764640791069,0.020414802720922998,-0.026100633872721213,-0.0029523001832786598,-0.0170241676481806,0.15133171260052275,0.11191551685801775
2025-02-13 15:00:00,2667.04,2612.76,2639.6,-0.09010458048672512,0.003086881337840186,-0.005441270965256817,-0.002878938678820897,0.03631886521309302,0.1372903804291192,0.11198122120476726
2025-02-13 19:00:00,2676.92,2629.35,2668.78,-0.5550571295675427,-0.022496548923586657,0.04571833811426096,-0.0027652279292967965,0.05307248631642225,0.1563255774306458,0.10510317446314874
2025-02-13 23:00:00,2706.58,2664.1,2690.5,-0.6452593004835112,-0.02036817212431352,0.05166098981949818,-0.0026391968587062553,-0.02439971041989053,0.1837377009572387,0.10186730164174858
2025-02-14 03:00:00,2721.4,2689.11,2700.79,-0.6610830589112137,-0.006564626004131435,0.04868711050913155,-0.002507522355174485,0.015248588913105099,0.20272389966812737,0.10120161876211034
2025-02-14 07:00:00,2716.48,2695.68,2703.29,-0.3622324965249236,0.011333687271763981,0.020615768109812915,-0.0023862580871771306,0.299380836969819,0.2075733240102736,0.10039780302121604
2025-02-14 11:00:00,2736.76,2677.43,2720.75,-0.3990491082212776,0.018529238215996058,0.020414802720922998,-0.002263792340881932,0.2071200551831438,0.2016114466160314,0.0966387530911512
2025-02-14 15:00:00,2791.78,2688.79,2755.98,0.2287498659264554,0.04225047831906181,0.003086881337840186,-0.002069754772016374,0.04640986796302715,0.2513452736258508,0.09232172419348204
2025-02-14 19:00:00,2763.53,2706.0,2718.0,-0.4875320088326358,0.029799921033294652,-0.022496548923586657,-0.0018942830690738522,-0.15338135436957434,0.2397166453987812,0.09385924636343354
2025-02-14 23:00:00,2734.76,2703.99,2731.4,-0.6575336088527892,0.013709277250069984,-0.02036817212431352,-0.0017376732476951276,-0.16273708247992846,0.24006902369248648,0.09323190471574899
2025-02-15 03:00:00,2739.0,2705.0,2709.38,-0.804555136508119,0.007974422059288111,-0.006564626004131435,-0.0015706309503274452,-0.03467277635163357,0.24374519876708162,0.0933655322955582
2025-02-15 07:00:00,2712.4,2694.0,2710.49,-0.7147842173561968,-0.0012399507112190733,0.011333687271763981,-0.001415404635792895,-0.15809980419466052,0.2213698958592108,0.09159842832640736
2025-02-15 11:00:00,2715.1,2662.28,2688.68,-0.50500936281158,-0.0018447150213715124,0.018529238215996058,-0.0012657682938430749,-0.26452393720374545,0.2131002640535978,0.08998458608526881
2025-02-15 15:00:00,2707.93,2679.0,2702.83,-0.6855778857615291,-0.02112800309459284,0.04225047831906181,-0.0011132330464183235,-0.14410111896548772,0.2080985594560334,0.08922934765621265
2025-02-15 19:00:00,2705.53,2679.16,2695.19,-0.7740766652169284,-0.015388051115056145,0.029799921033294652,-0.0009550056247687308,0.026238461668353308,0.21065497578576248,0.08813616838489277
2025-02-15 23:00:00,2705.98,2687.71,2690.51,-0.826766855152542,-0.008733512718031577,0.013709277250069984,-0.0008167599287978102,0.11645938109892473,0.21370654342533688,0.0845992918863257
2025-02-16 03:00:00,2727.31,2687.81,2710.8,-0.7575671194055923,-0.005758662224206956,0.007974422059288111,-0.0006863517834378128,0.12952750325608053,0.22634126162093507,0.07695477998693377
2025-02-16 07:00:00,2710.81,2689.49,2695.9,-0.6929084505654919,-0.0013786779074120847,-0.0012399507112190733,-0.0005642704798931278,-0.16387744634688128,0.21723407792579083,0.07137032511162764
2025-02-16 11:00:00,2713.0,2676.73,2691.93,-0.5992816421869508,0.00035722356284995094,-0.0018447150213715124,-0.000439572243846472,0.09594398583585062,0.21416892472265786,0.06999602911752854
2025-02-16 15:00:00,2703.46,2659.1,2679.49,-0.6052778698276117,-0.002160270647054263,-0.02112800309459284,-0.00032177106701915194,-0.004778919136041115,0.20251126294584149,0.07019469387227747
2025-02-16 19:00:00,2689.13,2663.64,2678.9,-0.7089533063947422,-0.006159024409447156,-0.015388051115056145,-0.00022948833837720781,0.07086475754524235,0.19306905948105318,0.06997915417490029
2025-02-16 23:00:00,2684.0,2651.26,2669.34,-0.5643921749592822,-0.011102536694862386,-0.008733512718031577,-0.0001670251199713679,0.02661429185446207,0.18125953912650603,0.06938462746513085
2025-02-17 03:00:00,2688.72,2637.71,2686.28,-0.10318117851320652,-0.016407572168744333,-0.005758662224206956,-0.00020197369108233888,-0.12494666665954668,0.17779855582702078,0.0688220806031712
2025-02-17 07:00:00,2774.98,2675.6,2749.95,0.2901349142640948,0.009005302181539943,-0.0013786779074120847,-0.0002640141935279785,0.46156675768524935,0.2452583227766783,0.06751615151026175
2025-02-17 11:00:00,2828.7,2741.65,2826.6,0.2903120101110801,0.03351293460290328,0.00035722356284995094,-0.0002826798437495764,0.22634726141102668,0.31580932727746835,0.06868313043236249
2025-02-17 15:00:00,2849.7,2696.92,2700.99,0.9101441391893453,0.028338145039299656,-0.002160270647054263,-0.00028776307723309786,0.019367583763187923,0.2873244072868894,0.07211107989740913
2025-02-17 19:00:00,2778.15,2686.91,2737.6,-0.3629680488692638,0.021963797278518937,-0.006159024409447156,-0.00027170063129165355,0.016319002067611832,0.2585970519986823,0.07032797229227343
2025-02-17 23:00:00,2756.93,2707.5,2713.49,-0.46165653121196637,0.023612434435082097,-0.011102536694862386,-0.00022767658919705227,-0.06964435008367698,0.25142731426458076,0.07111246741681018
2025-02-18 03:00:00,2723.85,2652.17,2663.24,0.1846474552138685,0.007092022852845714,-0.016407572168744333,-0.00016905484333868312,-0.022512626725019302,0.19884898542912977,0.07159705254718937
2025-02-18 07:00:00,2706.12,2653.4,2695.24,0.055342468913063714,-0.017525937663173896,0.009005302181539943,-0.00016035759326603872,-0.22795101671373763,0.19205581726712498,0.06999008787987322
2025-02-18 11:00:00,2732.8,2672.6,2688.62,0.010701807065357054,-0.03236886289850671,0.03351293460290328,-0.00015851098103305392,-0.04341949257725641,0.215265330738337,0.06923377386203884
2025-02-18 15:00:00,2693.8,2605.44,2631.72,0.45001257220437096,-0.04195902817711361,0.028338145039299656,-0.00012386945006342032,-0.0054775519573726505,0.15818668792303023,0.07072841492057735
2025-02-18 19:00:00,2667.49,2613.79,2655.85,-0.19850273844988714,-0.03555936815291183,0.021963797278518937,-0.0001055907156386754,-0.05238608671853573,0.15017715670044846,0.06951913612873459
2025-02-18 23:00:00,2700.0,2653.49,2691.3,-0.5153242528704405,-0.020671650983739798,0.023612434435082097,-0.0001054891322656727,0.14051601609946118,0.18854802010811503,0.06825522006255079
2025-02-19 03:00:00,2705.36,2664.54,2698.78,-0.4439701987457381,0.001042822916856645,0.007092022852845714,-9.75227879309132e-05,0.056781198717560155,0.2019662277200817,0.06811308730857776
2025-02-19 07:00:00,2736.7,2697.95,2726.19,-0.33430709347286724,0.015231016588473256,-0.017525937663173896,-8.01806351385018e-05,0.1817267944787826,0.23748143140398043,0.06793590718494802
2025-02-19 11:00:00,2736.61,2687.68,2690.9,-0.3969478791387498,0.007382232712810799,-0.03236886289850671,-4.615778051451185e-05,-0.10024777695254294,0.23745374508931208,0.06809522531680061
2025-02-19 15:00:00,2719.86,2677.51,2699.78,-0.33570666559536677,0.021230869829306886,-0.04195902817711361,-1.3061725902198124e-07,0.0036988594669313812,0.2207874415644849,0.0674124495356778
2025-02-19 19:00:00,2730.91,2694.78,2721.41,-0.5422770008313065,0.02968721117309503,-0.03555936815291183,2.7623398199480547e-05,0.12707901620895523,0.23747426312764877,0.06604597794000766
2025-02-19 23:00:00,2751.5,2709.69,2741.74,-0.4715100501618454,0.02021283873279911,-0.020671650983739798,6.305874307299951e-05,-0.04365464734783975,0.24876072421901005,0.06391323414040846
2025-02-20 03:00:00,2758.68,2724.05,2730.61,-0.45104474742526796,0.01935549385030999,0.001042822916856645,0.00010876572851441927,0.05371025149332698,0.25988467440314744,0.06397902880200522
2025-02-20 07:00:00,2745.85,2722.23,2745.51,-0.6232685004773111,0.00564009340754712,0.015231016588473256,0.00017024813668706573,-0.1062480098469849,0.25455888407799543,0.064063878296832
2025-02-20 11:00:00,2770.59,2726.0,2729.19,-0.23162851755902336,0.011549190830126399,0.007382232712810799,0.00023314447356281224,0.14187934772529953,0.27242283906128567,0.06444194082644812
2025-02-20 15:00:00,2750.94,2707.18,2737.7,-0.1262622325061218,0.009401872442838632,0.021230869829306886,0.0002865269776357582,0.03383543697114155,0.24909810605663144,0.06482853480102818
2025-02-20 19:00:00,2767.93,2722.2,2728.55,-0.5299371501547041,0.01058559805611159,0.02968721117309503,0.00030826943924032647,-0.08078562766801745,0.26952597021718505,0.06509443960746485
2025-02-20 23:00:00,2746.8,2726.0,2736.57,-0.6442740772246436,0.004058844509410964,0.02021283873279911,0.00033440033750073845,-0.006480057537442074,0.26109614644014784,0.06538449065439444
2025-02-21 03:00:00,2762.5,2733.83,2761.21,-0.5473919149366405,0.005107185126594915,0.01935549385030999,0.00035795181714780094,0.06651997635112394,0.27546296919166036,0.06580299381937717
2025-02-21 07:00:00,2831.71,2747.74,2801.02,0.057237317455875625,0.02023196923049264,0.00564009340754712,0.00038155939456012753,0.0647445752144038,0.3161641064396479,0.067779816179553
2025-02-21 11:00:00,2845.32,2778.0,2807.0,0.1365772977859021,0.023252805365260087,0.011549190830126399,0.0004231212563400618,-0.0443593037832829,0.3491907369230381,0.0703536256105691
2025-02-21 15:00:00,2831.8,2653.57,2679.22,3.1116307807495667,-0.00202075214166042,0.009401872442838632,0.0005033100624711379,-0.05921440042941717,0.24994025746705256,0.07178518428871464
2025-02-21 19:00:00,2686.28,2616.72,2643.54,0.48123984688878707,-0.03558532138052728,0.01058559805611159,0.0005385024820327983,-0.08203838230339111,0.16525585458492809,0.07010896709992831
2025-02-21 23:00:00,2688.97,2635.0,2682.74,-0.0341226089946301,-0.02435909382849999,0.004058844509410964,0.0004992301189673323,0.26335066498855,0.1921336966290105,0.06612594119510973
2025-02-22 03:00:00,2695.73,2666.87,2684.79,-0.5755414061510172,-0.025117842082600483,0.005107185126594915,0.0004759067310572827,-0.005034146052964483,0.20416041751994385,0.06320350702383001
2025-02-22 07:00:00,2753.59,2676.8,2733.5,0.2716709459768412,-0.02456925154113787,0.02023196923049264,0.00045132205193929156,0.2147552301610034,0.24673308114055392,0.06015691140129939
2025-02-22 11:00:00,2744.58,2722.15,2737.23,-0.45665014861080533,-0.027419710515589335,0.023252805365260087,0.0004374023475866363,-0.12255028527284051,0.26511585896826706,0.05681640563940679
2025-02-22 15:00:00,2798.07,2737.22,2762.99,0.04070452901462276,0.019774101808149425,-0.00202075214166042,0.00042299420189554894,0.13247133902347064,0.31164613917664896,0.05659327456635748
2025-02-22 19:00:00,2778.14,2759.39,2767.59,-0.6209921418810608,0.04533321854736516,-0.03558532138052728,0.0004282246583901892,0.013737240546049634,0.30288097372459544,0.05714451403825711
2025-02-22 23:00:00,2775.88,2748.2,2750.22,-0.6287780741253146,0.03404534743078136,-0.02435909382849999,0.00043626376497452784,-0.29848747545568655,0.2964055310750199,0.0577359714379795
2025-02-23 03:00:00,2797.65,2745.41,2794.5,-0.2914461581334938,0.03395804367810462,-0.025117842082600483,0.0004404819601503119,0.13420406801933615,0.3085732677298595,0.05874715511028201
2025-02-23 07:00:00,2831.58,2790.43,2806.3,0.17494998546799245,0.034467154626590224,-0.02456925154113787,0.0004501432445408506,-0.1421765504801169,0.35417868414764475,0.060666859367451
2025-02-23 11:00:00,2827.0,2782.3,2791.04,0.4216691276931355,0.02428116285432913,-0.027419710515589335,0.0004780548213483625,0.020624188498280516,0.34125468758606176,0.06088252411529015
2025-02-23 15:00:00,2824.0,2773.48,2808.89,0.30174904227261395,0.010778964474859487,0.019774101808149425,0.0004919007819055646,0.11838922461212764,0.34594745778549185,0.06111259091547125
2025-02-23 19:00:00,2815.56,2784.01,2803.53,-0.4811875198437603,0.012267814272328259,0.04533321854736516,0.0005089561403723763,-0.023154644306882743,0.34181264950384826,0.062419374958306836
2025-02-23 23:00:00,2857.34,2774.15,2777.38,0.269036893225942,0.017535617043707097,0.03404534743078136,0.0005029791605255484,0.08235371726221019,0.3519409280963651,0.06357467043030239
2025-02-24 03:00:00,2777.39,2691.49,2731.0,0.4383595152585413,-0.018135244349623658,0.03395804367810462,0.0005222843961015112,-0.1937240163104731,0.2509181828075036,0.06453089769700834
2025-02-24 07:00:00,2735.78,2663.03,2684.41,0.04747801330461378,-0.04102862460597678,0.034467154626590224,0.0005085371546306289,-0.12940410843805217,0.22187044808234396,0.0659682838615285
2025-02-24 11:00:00,2696.63,2650.0,2656.71,0.024533286803976755,-0.04466715479271688,0.02428116285432913,0.000490052864948098,-0.002929826047777584,0.1977902749108753,0.06789332963177255
2025-02-24 15:00:00,2682.42,2636.33,2650.49,0.2952569162057703,-0.051477816454597036,0.010778964474859487,0.0004667010717028865,-0.12911282289363823,0.18036661563170295,0.06911605432936155
2025-02-24 19:00:00,2663.9,2500.0,2508.2,1.0171406923058528,-0.07318489496400893,0.012267814272328259,0.0004499869687844829,-0.015861050094532647,0.10671256360839483,0.08509491980866993
2025-02-24 23:00:00,2547.57,2458.27,2513.54,1.462629573924456,-0.10886282858441554,0.017535617043707097,0.0004181243880308664,0.03359144198527164,0.0011260021385475156,0.0945521180633356
2025-02-25 03:00:00,2517.59,2479.4,2480.71,0.059035506835931444,-0.08283767396553599,-0.018135244349623658,0.00034651560912933685,0.0723506428243057,0.0,0.10733084004509964
2025-02-25 07:00:00,2485.0,2313.49,2394.99,3.418038164540966,-0.11514501547625222,-0.04102862460597678,0.0002883797489809522,0.0668764813102003,0.0,0.1302007809438342
2025-02-25 11:00:00,2448.95,2365.0,2379.02,0.678813028847077,-0.10000472739932231,-0.04466715479271688,0.0001792689129684779,0.04489483842520747,0.022172970855160717,0.14884630184807193
2025-02-25 15:00:00,2443.0,2361.89,2424.35,0.9210934460025083,-0.09804650059942754,-0.051477816454597036,6.835966474592333e-05,0.011580861790386532,0.013614848290918595,0.1573284220231137
2025-02-25 19:00:00,2533.49,2411.78,2510.95,0.05548318977489091,-0.04439599567123209,-0.07318489496400893,-5.085286001797028e-05,0.06978089797018239,0.09587617645449772,0.15650996240855525
2025-02-25 23:00:00,2522.24,2471.8,2498.51,-0.4649627918787817,-0.0058165182588783,-0.10886282858441554,-0.00015346701482821248,-0.11263297658501503,0.10459654651147064,0.16225312752078122
2025-02-26 03:00:00,2507.5,2475.2,2500.89,-0.4509751307268052,-0.0017903951526412332,-0.08283767396553599,-0.0002501776453546277,-0.12184941300995955,0.10705686776669865,0.16655190679159648
2025-02-26 07:00:00,2506.4,2457.77,2494.02,-0.13176714351633598,0.03950812822906857,-0.11514501547625222,-0.0003507542256568992,0.09830886235726544,0.09531688466441761,0.17157824917473266
2025-02-26 11:00:00,2496.25,2370.0,2435.88,0.29572911878218044,0.006313550965917125,-0.10000472739932231,-0.000453746353307139,-0.050949312184163764,0.03754496610038941,0.18318014380449568
2025-02-26 15:00:00,2461.95,2266.1,2293.23,1.2088807826909957,-0.017128864006362376,-0.09804650059942754,-0.0005912924214421162,-0.1295492548136058,0.0,0.212885448256389
2025-02-26 19:00:00,2383.37,2253.77,2349.0,1.1703821968226253,-0.06802332700285962,-0.04439599567123209,-0.0007411189623870976,0.006111250481684483,0.0,0.21949670328191156
2025-02-26 23:00:00,2370.9,2315.85,2334.79,-0.19500955653729463,-0.05960574588020451,-0.0058165182588783,-0.0008502086506057425,0.10514003189270915,0.02727664955760032,0.23258407723024044
2025-02-27 03:00:00,2366.77,2303.22,2348.83,-0.039493871733518586,-0.06469558574878109,-0.0017903951526412332,-0.000950911757631062,-0.02859128135247102,0.01749684486957527,0.24095927883212095
2025-02-27 07:00:00,2378.85,2343.41,2378.17,-0.3306008232981949,-0.048476284928015145,0.03950812822906857,-0.00104214264717713,-0.16161107939701713,0.04512727522507949,0.2443851566655631
2025-02-27 11:00:00,2381.6,2305.11,2308.6,-0.036421389762981045,-0.03251339271525333,0.006313550965917125,-0.0011549326232626203,-0.04288259520778759,0.030370350686480585,0.2595457438643817
2025-02-27 15:00:00,2337.5,2290.78,2326.99,0.043793383397110607,-0.01743952536731086,-0.017128864006362376,-0.0012875753615528918,0.0655577758579271,0.0048639983402153026,0.26620658186066787
2025-02-27 19:00:00,2327.69,2230.57,2291.9,0.1341773151148796,-0.018012521891512145,-0.06802332700285962,-0.0014482120911269284,-0.02088326200219215,0.0,0.27983590574294886
2025-02-27 23:00:00,2314.18,2123.63,2167.86,2.234651078182565,-0.0589099172689711,-0.05960574588020451,-0.0016382670490090751,-0.09736359675082551,0.0,0.3144222049567306
2025-02-28 03:00:00,2195.26,2076.26,2109.15,1.6179915171086392,-0.08784684140773891,-0.06469558574878109,-0.0018609904473053445,0.0972844505325774,0.0,0.3459250965857945
2025-02-28 07:00:00,2151.94,2076.26,2117.09,0.6947210452707252,-0.10381392927188748,-0.048476284928015145,-0.00205317579950829,0.16397574344417332,0.0,0.36397194574071184
2025-02-28 11:00:00,2190.1,2105.38,2166.41,0.7077908226177637,-0.0856667024969876,-0.03251339271525333,-0.0022029987150563135,0.17355809715977344,0.022609154088706188,0.36945140600352283
2025-02-28 15:00:00,2255.13,2164.0,2228.11,0.35808728740500434,-0.043705798650423344,-0.01743952536731086,-0.0022883571335879887,0.10434373436413424,0.0843065747215218,0.36862858245659286
2025-02-28 19:00:00,2238.69,2198.51,2216.58,-0.4710710821527631,-0.022329338701859158,-0.018012521891512145,-0.0023902512378385457,-0.002257731589172085,0.08787241775694887,0.379721682516091
2025-02-28 23:00:00,2275.61,2213.33,2256.19,-0.405078194695934,0.01859781335274424,-0.0589099172689711,-0.0024679211735268805,0.14546966733520073,0.10969359274686095,0.3790437170203818
2025-03-01 03:00:00,2281.14,2230.36,2236.49,-0.37187652710127317,0.06237885913005492,-0.08784684140773891,-0.0025474085532367257,0.055002127863832184,0.12591044005085397,0.388610009185356
2025-03-01 07:00:00,2239.77,2200.0,2204.8,-0.46613024123639724,0.05160021388818592,-0.10381392927188748,-0.0026724305224036745,-0.0986847315232664,0.09601248635812103,0.40076144615406195
2025-03-01 11:00:00,2207.0,2142.73,2163.31,-0.2113845672451372,0.012019874956411103,-0.0856667024969876,-0.0028448478872986414,-0.1625455326443641,0.04773121292728911,0.4172870662743245
2025-03-01 15:00:00,2219.0,2158.7,2212.11,-0.4049653604119364,-0.012185751135461276,-0.043705798650423344,-0.0029427100803144112,-0.09040633376295237,0.06980981913914985,0.4134812639372447
2025-03-01 19:00:00,2235.99,2208.29,2214.99,-0.5523622078384921,0.00028345775280724794,-0.022329338701859158,-0.0030122945442556735,-0.10030819715114303,0.10382784791321795,0.41709397271651455
2025-03-01 23:00:00,2228.16,2191.1,2209.81,-0.45788142513705954,-0.013965864554614349,0.01859781335274424,-0.0031167696012395106,-0.1878757483425627,0.09924456706217483,0.42126075740204894
2025-03-02 03:00:00,2235.6,2209.8,2222.96,-0.6310888858603158,-0.014889668521918198,0.06237885913005492,-0.003190933009652737,-0.17774067720399134,0.11155595749041831,0.4211326362272135
2025-03-02 07:00:00,2260.84,2208.06,2246.01,-0.2578108410227715,0.0029331059508583834,0.05160021388818592,-0.003260234882525383,0.033536191568826146,0.12060279565697728,0.41734281888714425
2025-03-02 11:00:00,2247.9,2172.04,2196.23,-0.25444415374622503,0.018125213299898357,0.012019874956411103,-0.0033677688594469994,-0.0010710263901638761,0.10656900016628375,0.42909276462905244
2025-03-02 15:00:00,2518.0,2196.06,2474.69,5.0,0.09047025183042234,-0.012185751135461276,-0.00319020424065646,0.08612327804987419,0.3463648265696306,0.37720204856449735
2025-03-02 19:00:00,2549.88,2465.9,2538.62,0.22386875883398627,0.1282829028585668,0.00028345775280724794,-0.0030504182549489695,0.08907425658388979,0.5264661516442881,0.36445940403831334
2025-03-02 23:00:00,2550.58,2418.67,2447.48,0.29050363677051344,0.1208612367889621,-0.013965864554614349,-0.003052421372942526,0.04746725274233232,0.4927774809253266,0.3741685156696821
2025-03-03 03:00:00,2457.25,2360.37,2372.68,-0.06475565005285562,0.08719753764912275,-0.014889668521918198,-0.0031113644911070107,0.09380458321859586,0.41005197276964417,0.38149815213183225
2025-03-03 07:00:00,2391.46,2322.01,2359.19,0.06080246868823302,0.05635315446444644,0.0029331059508583834,-0.0031964083960427003,-0.1026394500478488,0.3256917792046199,0.37736308924485
2025-03-03 11:00:00,2389.0,2266.97,2274.81,0.6728162674805152,0.05973078455431602,0.018125213299898357,-0.0032186895534891896,0.050120752251727296,0.30427086151100685,0.3855764946860039
2025-03-03 15:00:00,2309.48,2178.32,2193.33,1.6279608429935406,-0.056218069441341334,0.09047025183042234,-0.0033230944335468525,-0.09351431671235078,0.1859045858268941,0.40096593434219374
2025-03-03 19:00:00,2207.69,2097.91,2166.41,2.2193630559470483,-0.14668877033339744,0.1282829028585668,-0.003520509549481078,0.010778658571275024,0.030596422447625032,0.4085785581353791
2025-03-03 23:00:00,2167.18,2002.81,2067.61,2.7137189412603746,-0.1623146276319276,0.1208612367889621,-0.003693584460514721,0.0032928252568265037,0.0,0.43349644395933173
2025-03-04 03:00:00,2122.12,2054.64,2097.66,-0.005982755791881264,-0.136945441917525,0.08719753764912275,-0.0037678713567223373,0.16237913101277246,0.013179868197759383,0.43011262108292236
2025-03-04 07:00:00,2111.83,2068.34,2100.34,-0.2306089931350839,-0.11333393394377922,0.05635315446444644,-0.003865854281116839,0.22596796020326515,0.015393671656193026,0.4293480235865621
2025-03-04 11:00:00,2158.32,2041.0,2078.81,1.1769945726930282,-0.10450902657695982,0.05973078455431602,-0.0039505086372144975,0.05676780307035534,0.024056348956566068,0.43339031029977787
2025-03-04 15:00:00,2153.64,1993.2,2148.06,1.9022263531478953,-0.0807450169768168,-0.056218069441341334,-0.004079138965344466,0.05640337108075211,0.0,0.41401008520368676
2025-03-04 19:00:00,2221.88,2126.06,2166.5,0.7586220683280651,0.015136679983849044,-0.14668877033339744,-0.003994340561801171,-0.05472080046831773,0.12941530876796647,0.403315732553848
2025-03-04 23:00:00,2192.75,2155.03,2179.3,-0.4072112796284461,0.04532347673436199,-0.1623146276319276,-0.004051770469879696,0.0003744699280414654,0.1316975916668192,0.39343742720545777
2025-03-05 03:00:00,2195.0,2156.15,2190.37,-0.4273645663768598,0.041053494047444294,-0.136945441917525,-0.004090822229498781,-0.2152907873985913,0.13371977833621018,0.38003255485830606
2025-03-05 07:00:00,2273.51,2188.12,2237.98,0.43676301381868976,0.06985559123116958,-0.11333393394377922,-0.004008517227918962,-0.029751641908077442,0.2145398799850478,0.35774159150713886
2025-03-05 11:00:00,2239.47,2166.48,2171.17,0.2793360474200532,0.05226519547879138,-0.10450902657695982,-0.0040534647373173275,-0.04618364176564649,0.1756107028193664,0.35522368921587505
2025-03-05 15:00:00,2220.5,2161.78,2205.15,0.8332809907362819,0.056233317813402905,-0.0807450169768168,-0.004084692684399221,-0.01267744240771529,0.15198029609209596,0.33263671501837183
2025-03-05 19:00:00,2241.88,2201.5,2237.38,-0.5005960321499034,0.025176479259181983,0.015136679983849044,-0.0040218143993689314,0.024383334259592715,0.200717333125471,0.3089056554551316
2025-03-05 23:00:00,2290.6,2230.3,2284.63,-0.11573436295308491,0.039179632679094745,0.04532347673436199,-0.003945810429947661,0.2194914022968233,0.24274720867489566,0.28365125259704416
2025-03-06 03:00:00,2319.99,2274.93,2292.0,-0.3440989868862365,0.056467478929286274,0.041053494047444294,-0.0038402636238881577,0.2830320966467337,0.29388375422915436,0.265865788756717
2025-03-06 07:00:00,2305.68,2276.77,2294.16,-0.6196584356467216,0.02478098983007393,0.06985559123116958,-0.003788750494720365,-0.12728203375925362,0.29661895355035606,0.2509057204060931
2025-03-06 11:00:00,2301.1,2208.6,2225.0,0.6178091664561697,0.021463254746741267,0.05226519547879138,-0.0037907602487861143,0.10216425369002646,0.24548851967536703,0.24486522899444116
2025-03-06 15:00:00,2275.5,2176.9,2201.61,0.21852050345831683,0.01642663925515575,0.056233317813402905,-0.003782657291674836,0.03541550066565424,0.20565886097099242,0.2328383949118757
2025-03-06 19:00:00,2229.4,2181.66,2211.39,-0.40561141592649463,-0.007890426983011456,0.025176479259181983,-0.0037663265379399313,0.15080642667391642,0.18387575245236687,0.22606846706207614
2025-03-06 23:00:00,2227.39,2101.82,2155.63,1.3294291318539722,-0.04618099883341109,0.039179632679094745,-0.00381075870812152,-0.13529561063440143,0.1103665432129246,0.22643968602761583
2025-03-07 03:00:00,2186.7,2144.59,2182.31,-0.6250922720498169,-0.058398982319949444,0.056467478929286274,-0.0037628318406610177,0.015251252542906046,0.12294471157060836,0.21887332657596653
2025-03-07 07:00:00,2210.8,2177.15,2196.9,-0.6500368104332857,-0.04356842525603455,0.02478098983007393,-0.0036681000363152313,0.11299263337089793,0.16192644201005435,0.21582413364972786
2025-03-07 11:00:00,2258.47,2165.79,2221.65,0.31948008986213144,-0.02080040950286388,0.021463254746741267,-0.0035676021358168925,0.016746092270851998,0.18224724159712152,0.21185806584554479
2025-03-07 15:00:00,2239.4,2141.53,2194.84,0.6513396766837325,-0.01826862894455139,0.01642663925515575,-0.0035083286953118947,0.01634165630457929,0.1508428068282163,0.21135760697360756
2025-03-07 19:00:00,2202.56,2115.0,2144.59,0.1841901830480993,-0.025889270900351535,-0.007890426983011456,-0.0035023903822355837,-0.11261487180766394,0.10675748001157835,0.20878601918541523
2025-03-07 23:00:00,2156.0,2105.06,2143.79,-0.5659540592185005,-0.0101220122482798,-0.04618099883341109,-0.0035116246257270466,0.04966526381909153,0.08095942312304835,0.20137189431545113
2025-03-08 03:00:00,2152.69,2124.61,2139.48,-0.8565131083091047,-0.01003569046138042,-0.058398982319949444,-0.0034674738442516157,-0.08132848646360724,0.09366214847601038,0.19327661713598057
2025-03-08 07:00:00,2148.0,2126.66,2139.61,-0.8601171082618253,-0.025505739243648518,-0.04356842525603455,-0.00343425071173278,-0.08940909721978785,0.08651045686891735,0.18425378347181975
2025-03-08 11:00:00,2198.86,2127.31,2178.81,-0.2389830092533508,-0.016675436696324875,-0.02080040950286388,-0.0033212873092479268,0.04682593724105577,0.13260204985859816,0.17460752486801756
2025-03-08 15:00:00,2219.67,2161.14,2208.69,-0.28058767701586523,0.004665701603184358,-0.01826862894455139,-0.003202372387422091,0.012424334138565696,0.1645867529577039,0.17161379653611775
2025-03-08 19:00:00,2234.93,2197.75,2207.51,-0.6344966895047188,0.03128541445746369,-0.025889270900351535,-0.003055115172873198,-0.03388333589861259,0.1975369644227102,0.1692909789488915
2025-03-08 23:00:00,2212.0,2180.5,2182.0,-0.7942526770371818,0.031133404959506894,-0.0101220122482798,-0.0029582522126831135,-0.06739617134080711,0.1704946470372126,0.16948875986050374
2025-03-09 03:00:00,2197.1,2171.84,2179.9,-0.8519105604229622,0.020083824388695826,-0.01003569046138042,-0.0028564639853234475,0.18994874433256603,0.15167547688281335,0.16716028404693292
2025-03-09 07:00:00,2189.44,2128.43,2134.1,-0.6323085853073602,0.01385268201154033,-0.025505739243648518,-0.0027553449359366154,-0.061877522780401595,0.1264256875864681,0.16741805121291292
2025-03-09 11:00:00,2148.6,2098.33,2117.5,-0.1280151889374525,-0.020662604561738296,-0.016675436696324875,-0.002665030240314881,-0.06068355687140026,0.07211228050831033,0.1687798035547717
2025-03-09 15:00:00,2122.6,1998.0,2021.21,1.5482883879082807,-0.06598095643485502,0.004665701603184358,-0.002631171744102113,-0.1500034382553056,0.0,0.18085299288881254
2025-03-09 19:00:00,2056.59,2006.2,2010.05,-0.18888045919765276,-0.08448668012066207,0.03128541445746369,-0.0025436901870425125,0.12283272537866585,0.0,0.18736580960330293
2025-03-09 23:00:00,2071.0,1989.66,2057.91,0.2739854502650721,-0.07723932066362249,0.031133404959506894,-0.002437015017681158,0.08530934225936115,0.0,0.18638505398921718
2025-03-10 03:00:00,2076.6,2044.29,2067.1,-0.6852794560708392,-0.05575926678583021,0.020083824388695826,-0.002278612306585248,-0.1716774773791222,0.043386660531392236,0.18716140131391573
2025-03-10 07:00:00,2152.4,2047.83,2099.73,0.37034566342269654,-0.02770402388952231,0.01385268201154033,-0.00213113726154778,0.1691953981393779,0.09828869058338309,0.18478122272590733
2025-03-10 11:00:00,2139.0,1997.0,2018.96,0.9918009671404006,-0.030574596206794147,-0.020662604561738296,-0.0020613929920676732,-0.08205594911353398,0.04062617806349099,0.19749279384002433
2025-03-10 15:00:00,2043.79,1812.76,1825.43,3.666529844888272,-0.05650195739109598,-0.06598095643485502,-0.0020954182372168034,0.09190399682403272,0.0,0.24219049192349876
2025-03-10 19:00:00,1903.99,1810.01,1880.02,1.2757617614702288,-0.08318421672449106,-0.08448668012066207,-0.0021281306236356217,0.04410879409695578,0.0,0.24998580425458145
2025-03-10 23:00:00,1895.49,1754.28,1859.69,2.3949417745021444,-0.10018743641853445,-0.07723932066362249,-0.0021774262704474037,-0.03383400440058126,0.0,0.2674854860684728
2025-03-11 03:00:00,1914.25,1845.46,1884.83,0.12564799123611706,-0.08823560651043616,-0.05575926678583021,-0.0021703530493485446,0.06377185054308088,0.05596086501907816,0.2753258701434778
2025-03-11 07:00:00,1929.68,1882.98,1921.72,0.028000271820841423,-0.09147243668661553,-0.02770402388952231,-0.0021614602520031987,0.04292147079230846,0.08882258492118493,0.2781325078502589
2025-03-11 11:00:00,1962.98,1840.53,1866.89,2.0699488444997405,-0.07947605783090395,-0.030574596206794147,-0.002237445227323992,0.067621159956891,0.07222981597809243,0.2981421987752639
2025-03-11 15:00:00,1963.2,1864.27,1953.13,0.6047147346983611,-0.0077943026064646315,-0.05650195739109598,-0.0022611497438383096,0.04919655561965275,0.0941726446077571,0.28996531622168126
2025-03-11 19:00:00,1963.0,1936.09,1943.7,-0.5983739286343591,0.04618219245271549,-0.08318421672449106,-0.00226402282739832,-0.14685926414639128,0.12419779386137933,0.2964560814937531
2025-03-11 23:00:00,1944.45,1887.42,1895.89,-0.4291594788090494,0.04946581798055294,-0.10018743641853445,-0.0022855899197414997,0.005139301651593486,0.09138960113532116,0.3115018876348648
2025-03-12 03:00:00,1898.6,1852.3,1873.11,-0.34255242550355336,-0.005070429928838882,-0.08823560651043616,-0.0023276637953167662,0.016560252259726127,0.046309346077470295,0.32355558971506504
2025-03-12 07:00:00,1960.0,1871.11,1900.33,1.2112229144419877,-0.0037068725559042948,-0.09147243668661553,-0.0022853514355752123,-0.021163057884963532,0.08164477128360033,0.3243049626231273
2025-03-12 11:00:00,1947.0,1856.05,1860.8,0.8166525351422955,0.004593380511029421,-0.07947605783090395,-0.002269619639998887,0.007001506051899975,0.0810480050151553,0.33947370230834134
2025-03-12 15:00:00,1894.72,1829.72,1878.65,0.011730294402797879,-0.028191465500722268,-0.0077943026064646315,-0.0023232744827674854,-0.023046888358788098,0.03943319097937159,0.32933493242849626
2025-03-12 19:00:00,1915.95,1867.5,1910.61,-0.6214632644940095,-0.02852297898719658,0.04618219245271549,-0.0023343950690387794,0.14143972222975343,0.06795823279474124,0.3078156454830364
2025-03-12 23:00:00,1917.12,1888.73,1889.9,-0.7565323983479302,-0.005764533267132221,0.04946581798055294,-0.0023682138183223063,0.07443724105094218,0.08021263244316443,0.30258977036142554
2025-03-13 03:00:00,1900.93,1858.32,1869.63,-0.5188631075801968,0.0026598578866916522,-0.005070429928838882,-0.0024303409417598854,-0.016948003078017693,0.051346690589902474,0.30283920143172166
2025-03-13 07:00:00,1905.38,1853.9,1900.2,0.01931017968997677,-0.012173126294290015,-0.0037068725559042948,-0.002460459394474832,0.03150425921156752,0.058160678610655464,0.29328000908246793
2025-03-13 11:00:00,1923.09,1864.21,1884.55,0.3795135545802852,-0.005321297837683536,0.004593380511029421,-0.00246162234691019,-0.05113576960170052,0.07078546506339257,0.2959917314801073
2025-03-13 15:00:00,1889.55,1821.81,1851.89,-0.007557295043038228,-0.004608998088601934,-0.028191465500722268,-0.0025282445959053023,-0.10759427322646165,0.030736179520571436,0.3059887293648718
2025-03-13 19:00:00,1881.45,1838.47,1879.2,-0.7375859255095656,-0.019878704712319784,-0.02852297898719658,-0.002569132781561226,-0.07421764373463025,0.029880800423967305,0.3050528549803062
2025-03-13 23:00:00,1894.63,1861.25,1892.64,-0.7541499801053947,-0.014288632648972843,-0.005764533267132221,-0.0025944425954273244,0.025756362077755002,0.052667820799371386,0.30667257227918016
2025-03-14 03:00:00,1899.58,1884.12,1895.16,-0.8326094303759776,0.008500992434959942,0.0026598578866916522,-0.0026462029625812936,0.08977246445268583,0.06748903014084554,0.30962511996654396
2025-03-14 07:00:00,1908.93,1888.25,1898.15,-0.6484325580878537,0.00800374066117926,-0.012173126294290015,-0.002734724337715452,0.060520388851710516,0.0734133355666144,0.31214886769087946
2025-03-14 11:00:00,1924.22,1877.69,1919.49,-0.24477482899379988,0.0050736020337043275,-0.005321297837683536,-0.002820816864525948,0.08410910181176079,0.08051823619975099,0.3108950031287871
2025-03-14 15:00:00,1945.64,1914.19,1935.02,-0.13494562054379897,0.04063277847736879,-0.004608998088601934,-0.0028593386664659093,0.1770871552458575,0.10705536826316525,0.3090526068342008
2025-03-14 19:00:00,1945.25,1915.45,1926.85,-0.7613257652787915,0.03995244442164436,-0.019878704712319784,-0.002893141942483783,-0.0357526273832075,0.10488796597946125,0.31059718894680394
2025-03-14 23:00:00,1926.93,1903.75,1914.01,-0.88454048645133,0.01916020939807006,-0.014288632648972843,-0.0029438629018191833,-0.1774020471383979,0.08907601608690045,0.3126786570021469
2025-03-15 03:00:00,1935.21,1913.06,1928.92,-0.8608411168639337,0.017616889698988336,0.008500992434959942,-0.002945276486758412,0.02934720178367689,0.10122571573418089,0.30919036232360375
2025-03-15 07:00:00,1929.52,1912.7,1927.4,-0.8827578517559703,0.012251940842041842,0.00800374066117926,-0.002956356020952953,-0.1760377551777208,0.09694862424262599,0.3061025531436341
2025-03-15 11:00:00,1933.34,1922.55,1926.75,-0.886342004997469,0.012593669918569805,0.0050736020337043275,-0.00296272397317553,0.03862925072907264,0.10479944396866867,0.3052643806801698
2025-03-15 15:00:00,1948.22,1926.52,1932.9,-0.7127807749781861,0.0037561485491302005,0.04063277847736879,-0.0029842370728722445,-0.2202823856399737,0.11439708265867482,0.3016520667162511
2025-03-15 19:00:00,1957.19,1928.76,1943.8,-0.7671061107210766,0.008463014943697944,0.03995244442164436,-0.0029941642751328905,0.14919980243814734,0.12141131155704754,0.2952327822819559
2025-03-15 23:00:00,1944.94,1916.56,1922.21,-0.8809976433499591,0.008711047532365956,0.01916020939807006,-0.0030189246416021964,0.16264717545945584,0.10594588639212804,0.2908707453938315
2025-03-16 03:00:00,1934.0,1921.48,1927.91,-1.0068834289299387,0.002007498500892657,0.017616889698988336,-0.0030283662769551977,0.034455426245201926,0.10513784066055351,0.28092309394092835
2025-03-16 07:00:00,1929.01,1903.8,1905.37,-0.6832532357892286,-0.0029716467636194954,0.012251940842041842,-0.0030503333427674053,-0.1928495117218193,0.09117031952408687,0.27450160251134614
2025-03-16 11:00:00,1905.37,1866.9,1896.83,-0.28349914002898213,-0.02383764848285197,0.012593669918569805,-0.003103481414771258,-0.14487482702355325,0.05826049207353515,0.27022236051412163
2025-03-16 15:00:00,1924.11,1887.94,1896.11,-0.5387443535260775,-0.01611237299860735,0.0037561485491302005,-0.0030854587038158187,0.14871891035111373,0.08278577569983801,0.26567394671208233
2025-03-16 19:00:00,1898.63,1860.38,1874.69,-0.5975700231277363,-0.03236267998605158,0.008463014943697944,-0.00305185293005826,-0.17507444383010862,0.0576910819144449,0.2634738082972574
2025-03-16 23:00:00,1913.6,1870.1,1907.66,-0.819803006088597,-0.016502470562149263,0.008711047532365956,-0.0029050115947489748,0.08639593553520908,0.07370870193066793,0.25553665345179444
2025-03-17 03:00:00,1915.44,1879.98,1893.46,-0.7774276813449489,-0.014426514349179853,0.002007498500892657,-0.0027765648522206695,-0.21373820611492345,0.07696764465962855,0.252498977276858
2025-03-17 07:00:00,1918.42,1891.65,1912.95,-0.8086001893165208,-0.005056117766905843,-0.0029716467636194954,-0.002667066248647333,0.482386872769778,0.08136802050882713,0.2431296910086962
2025-03-17 11:00:00,1939.03,1888.01,1899.84,-0.3299589134276682,0.013845198038240136,-0.02383764848285197,-0.002580333212670889,0.16661178607898375,0.08464654401741721,0.235700123548458
2025-03-17 15:00:00,1951.68,1894.14,1948.56,-0.3763711039686205,0.009905293052906439,-0.01611237299860735,-0.002476940808868053,0.04514229004714343,0.1019061228356573,0.22153014743971494
2025-03-17 19:00:00,1952.4,1931.47,1932.21,-0.7130891867676031,0.031366100470384684,-0.03236267998605158,-0.002404446731216022,-0.06865209108038595,0.11745044948189165,0.21804356544545306
2025-03-17 23:00:00,1932.49,1900.04,1911.28,-0.7720024981101488,0.00957067604490014,-0.016502470562149263,-0.0024238004718844233,-0.15851217944693863,0.0920962587198838,0.21491630294091593
2025-03-18 03:00:00,1911.44,1893.86,1898.33,-0.720773867358928,0.0008340370644157602,-0.014426514349179853,-0.0024647930929863763,-0.1375358624986639,0.07857274733659898,0.2108721328131948
2025-03-18 07:00:00,1913.09,1885.58,1895.36,-0.6034917557759715,-0.001879081990350251,-0.005056117766905843,-0.0024894824384748813,-0.1950291174234473,0.07774346227671251,0.2052259393981025
2025-03-18 11:00:00,1903.2,1872.31,1894.87,-0.42960102831926117,-0.010523010574366443,0.013845198038240136,-0.0025283692499278795,-0.1606676839630965,0.06431422589001926,0.195514104559002
2025-03-18 15:00:00,1898.01,1873.6,1890.38,-0.5283447515355205,-0.02131422494799151,0.009905293052906439,-0.0025559471245812327,0.09181780726974242,0.06035539484548693,0.18205349681216154
2025-03-18 19:00:00,1920.22,1888.17,1917.93,-0.7961923045529865,-0.017492381913092436,0.031366100470384684,-0.0025587393881407123,0.2837029339658055,0.08307825448633264,0.16360473203618972
2025-03-18 23:00:00,1949.03,1917.92,1933.55,-0.2981279722667999,0.010750709142415271,0.00957067604490014,-0.0024963514801946626,0.08317238532198501,0.11294862048042213,0.1475373021782894
2025-03-19 03:00:00,1943.14,1930.3,1938.88,-0.6822135530246729,0.01736328758033623,0.0008340370644157602,-0.002457779523073976,0.3060077688555636,0.11201622972121329,0.13054564156389473
2025-03-19 07:00:00,1990.29,1930.99,1973.51,-0.15430616049418583,0.03210807437479812,-0.001879081990350251,-0.002381782765965323,-0.007469802173879825,0.1395602977657623,0.116350584114494
2025-03-19 11:00:00,2041.68,1973.41,2030.87,0.7991817175872957,0.06669895599815412,-0.010523010574366443,-0.0022396697359578954,0.13798707370898877,0.191832264654504,0.10509325485709131
2025-03-19 15:00:00,2064.91,1997.33,2045.88,0.6258293684744247,0.07954441487356934,-0.02131422494799151,-0.002125921817022966,-0.09540492150882718,0.21211705187982977,0.1060322200862256
2025-03-19 19:00:00,2057.91,2021.0,2049.21,-0.5601502245260089,0.06936710723412398,-0.017492381913092436,-0.0020269045883374802,-0.08783604467338191,0.2169989901636253,0.10841105608235975
2025-03-19 23:00:00,2069.9,2022.5,2033.25,-0.5590583466734946,0.05522250688849706,0.010750709142415271,-0.0019097420128822776,-0.07934785155698698,0.22121118519255656,0.10741193937957394
2025-03-20 03:00:00,2034.8,2007.18,2012.97,-0.6975712396165629,0.04340700200866254,0.01736328758033623,-0.0018005926432579796,-0.27132497879905293,0.19707427303366815,0.10444444409438455
2025-03-20 07:00:00,2021.27,1972.4,1982.53,-0.3572413841605104,0.018414619520486397,0.03210807437479812,-0.0016771322672240626,0.012898024088228821,0.17615181641725644,0.09633565432884059
2025-03-20 11:00:00,2010.66,1979.11,2003.78,-0.5538442515577797,-0.010424817839461364,0.06669895599815412,-0.0015475300957935247,-0.058832048768978185,0.17057228065025754,0.0943096050817888
2025-03-20 15:00:00,2004.2,1952.17,1967.81,-0.017053443575071745,-0.03141705156391683,0.07954441487356934,-0.0014455965729191747,0.06199430674286166,0.1474090025346332,0.09362269413496085
2025-03-20 19:00:00,1984.88,1967.21,1976.69,-0.9028621699512402,-0.030520468467020168,0.06936710723412398,-0.0013412484521267308,-0.032167198368305505,0.15398858684153038,0.093691471220616
2025-03-20 23:00:00,1996.73,1971.99,1987.79,-0.8279356786705159,-0.027853141148260985,0.05522250688849706,-0.001237386394321382,0.021631935233125343,0.16359023457803606,0.09319920445569761
2025-03-21 03:00:00,1989.95,1967.38,1973.47,-0.8777958048269905,-0.020900792173953797,0.04340700200866254,-0.0011625132647651833,0.08954432437631676,0.15434041625283776,0.09413361608688596
2025-03-21 07:00:00,1982.33,1956.6,1967.79,-0.7186783644210241,-0.014197093295663987,0.018414619520486397,-0.0010837859293922711,0.04856218812916069,0.14742141157592073,0.09503257762293779
2025-03-21 11:00:00,1973.99,1937.1,1954.49,-0.5095484375025328,-0.02114942790272656,-0.010424817839461364,-0.0009992018051307198,0.09632867858735317,0.12789056408044533,0.09458332314622898
2025-03-21 15:00:00,1976.69,1946.07,1970.17,-0.6498981844695688,-0.004024498270560617,-0.03141705156391683,-0.0008980513369394495,0.038882526508862814,0.13938037246865623,0.0942524092765881
2025-03-21 19:00:00,1983.4,1962.62,1966.4,-0.8675602626893523,-0.001935760119089025,-0.030520468467020168,-0.0008010640094279656,0.07673818942530808,0.15011412626182247,0.09487700134369514
2025-03-21 23:00:00,1987.23,1964.34,1982.66,-0.8818067845893631,-0.005214339979730531,-0.027853141148260985,-0.0007153021452500558,0.17145472427230035,0.15310356799083494,0.0947142460516881
2025-03-22 03:00:00,1993.1,1976.17,1988.03,-0.9090755596822337,0.004819625796448346,-0.020900792173953797,-0.000632548732149945,0.059896510868091335,0.16398868434899647,0.09440152688458044
2025-03-22 07:00:00,2006.61,1981.68,1996.12,-0.7647613790326018,0.012323602202544803,-0.014197093295663987,-0.0005412999165254565,0.019540069379711644,0.17200640378003892,0.09506832258635364
2025-03-22 11:00:00,1997.75,1983.52,1984.54,-0.8524281931028073,0.02016633967218806,-0.02114942790272656,-0.0004509047774615986,-0.09921085191577905,0.16772757368947624,0.09453276028564316
2025-03-22 15:00:00,2000.0,1981.12,1995.32,-0.901128653227859,0.013323310145093581,-0.004024498270560617,-0.00034526439167736217,0.0794167741888121,0.16585260055871956,0.0940342956160823
2025-03-22 19:00:00,2004.3,1983.8,1985.01,-0.9431695800893513,0.01040569171001482,-0.001935760119089025,-0.0002273337598632927,-0.0046725725481212566,0.17090099906544617,0.09502936636636639
2025-03-22 23:00:00,2003.54,1974.78,2001.72,-0.8326944429765915,0.006261437929076186,-0.005214339979730531,-9.57938862313171e-05,-0.08933974254339916,0.16563041323000804,0.09470280203075235
2025-03-23 03:00:00,2008.73,1992.08,2002.72,-0.35774361262346965,0.005436330133684164,0.004819625796448346,2.7622317613410897e-05,0.4300592888589927,0.17492396601394913,0.0940977410902184
2025-03-23 07:00:00,2020.74,2001.42,2013.24,-0.7518835942613097,0.008811545083830197,0.012323602202544803,0.00014947352872674013,0.04934728245138564,0.1901774287541803,0.09462214759991433
2025-03-23 11:00:00,2020.2,2002.52,2004.35,-0.6800247126586617,0.010631633233390225,0.02016633967218806,0.00027162019919818906,-0.06361906823823194,0.1895275585395876,0.09490846215970085
2025-03-23 15:00:00,2012.0,1987.5,1997.32,-0.7012441084526094,0.005482986586693661,0.013323310145093581,0.0003800572672712694,-0.2226125711529492,0.17724217829817618,0.09275820081287417
2025-03-23 19:00:00,2000.71,1980.77,1987.38,-0.8135847478821749,-0.0004871421203135329,0.01040569171001482,0.0004516725518401033,-0.01706112871760379,0.17025415387654944,0.09185359484342448
2025-03-23 23:00:00,2021.39,1977.67,1992.11,-0.5442290368540754,0.00359935556361779,0.006261437929076186,0.0005109444413875733,0.007765500989557861,0.19022096557228818,0.09091347855768084
2025-03-24 03:00:00,2075.94,1990.26,2066.64,0.11605945992708491,0.020369909793274132,0.005436330133684164,0.0005594727797740058,-0.14533932646528147,0.24471080402379794,0.09087625285498072
2025-03-24 07:00:00,2099.0,2065.93,2094.23,-0.2394592977437521,0.03507633639530794,0.008811545083830197,0.0006370750552516198,-0.028498996353846673,0.30312309285103306,0.09477938283359531
2025-03-24 11:00:00,2104.11,2073.47,2080.81,-0.22518781238215899,0.037648998478373885,0.010631633233390225,0.0007610213279822659,0.09384076035242384,0.31402892907541885,0.09951509507869095
2025-03-24 15:00:00,2101.3,2067.67,2097.25,-0.4401639664683137,0.04283241253340608,0.005482986586693661,0.0008706447718655819,0.1653000512525271,0.33731081655803086,0.10397223516729405
2025-03-24 19:00:00,2097.82,2075.8,2077.15,-0.7030450086616745,0.047068386439979015,-0.0004871421203135329,0.0009253489882961795,-0.022417065388584678,0.3841893480110756,0.10819825085968947
2025-03-24 23:00:00,2097.7,2056.09,2063.07,-0.5557086836466973,0.038753848402347746,0.00359935556361779,0.0009563678892872829,-0.029044738905617096,0.36431711290548974,0.11069876312461659
2025-03-25 03:00:00,2065.57,2037.08,2055.77,-0.5770799243384566,0.005784013385318643,0.020369909793274132,0.0009691006977278206,-0.20203390444543456,0.3307860632390335,0.11268365431453133
2025-03-25 07:00:00,2075.36,2050.5,2070.71,-0.49494599916240944,-0.010105682537249416,0.03507633639530794,0.0009769749808782324,-0.337822934953218,0.3480400718151165,0.11398468384009768
2025-03-25 11:00:00,2080.4,2051.88,2076.39,-0.34439275782866235,-0.009672688966436915,0.037648998478373885,0.0010044223865391382,-0.08784683986771635,0.3559265634151601,0.11583929630525158
2025-03-25 15:00:00,2083.52,2056.51,2062.62,-0.5703218033822464,-0.006903363885140457,0.04283241253340608,0.0010265214244686322,-0.06601794495926394,0.36120428176874614,0.11804153910124643
2025-03-25 19:00:00,2082.99,2053.85,2062.63,-0.6513401842310944,-0.008204772101291669,0.047068386439979015,0.0010599074044782256,0.0710564292002025,0.3590504034054098,0.11954947369544523
2025-03-25 23:00:00,2079.21,2047.0,2048.5,-0.648225053288342,-0.003751786579150429,0.038753848402347746,0.001105044647783068,0.04563048130901581,0.35289641338070415,0.12062849993624265
2025-03-26 03:00:00,2069.0,2042.6,2067.0,-0.6333938754963945,0.002558942157739219,0.005784013385318643,0.0011370288641499205,0.19556876732593476,0.33848985728947545,0.1205522779987803
2025-03-26 07:00:00,2075.76,2057.6,2073.11,-0.43134582043467223,0.002135581305648726,-0.010105682537249416,0.001133590249863005,0.045470383037750306,0.35450616903176224,0.12044968762798666
2025-03-26 11:00:00,2075.0,2006.66,2018.1,0.15444200750842382,-0.013773850914520547,-0.009672688966436915,0.0011688750931171414,-0.053644865171344036,0.31411357255267275,0.12167244076963304
2025-03-26 15:00:00,2022.13,1991.15,1994.68,-0.07136711567123205,-0.02921040004375064,-0.006903363885140457,0.001192304236730315,-0.22167380553007054,0.27237671761791876,0.1206082475300571
2025-03-26 19:00:00,2017.92,1981.6,2000.09,-0.46359752241991686,-0.033375734408984115,-0.008204772101291669,0.0011742498068590187,-0.08192247425371424,0.2576281247348474,0.11632382883125111
2025-03-26 23:00:00,2037.38,1996.64,2030.51,-0.6882600107172552,-0.022890291971225718,-0.003751786579150429,0.0011465378366447762,0.08402845102916534,0.28347819427616294,0.11277152720516045
2025-03-27 03:00:00,2036.77,2020.95,2024.58,-0.7215372390385053,-0.01318523051833731,0.002558942157739219,0.0011346493430828034,-0.2214441873219105,0.29869363603052623,0.1101770815535866
2025-03-27 07:00:00,2035.92,2018.0,2024.87,-0.5928868954884706,-0.019212195082265127,0.002135581305648726,0.001120611056146285,0.13358692525000215,0.2962113995262204,0.10814202697258347
2025-03-27 11:00:00,2030.31,1987.06,2025.75,0.10982884341345843,-0.014166365009341986,-0.013773850914520547,0.0011154446738793713,0.10955375740844886,0.2717013729605986,0.10513948438003357
2025-03-27 15:00:00,2026.32,1993.65,2009.2,-0.2715564264483683,-0.0009104036509645086,-0.02921040004375064,0.0010986287110332478,0.023733298761215105,0.26968908839884603,0.10510474529876261
2025-03-27 19:00:00,2020.0,2000.4,2007.81,-0.4892025356906286,0.0046694000602161,-0.033375734408984115,0.001061772902678027,-0.20229163429582064,0.27134393000719337,0.10355256797918393
2025-03-27 23:00:00,2015.93,1991.63,2007.74,-0.6169653219587946,-0.006375272031141521,-0.022890291971225718,0.001026448252245288,-0.05288710273500019,0.26458679250048006,0.10067872471208424
2025-03-28 03:00:00,2009.0,1900.0,1915.48,0.7233152894710205,-0.04274236605391235,-0.01318523051833731,0.0010273707311846867,0.1639079328453541,0.17138780095449513,0.10433405687221538
2025-03-28 07:00:00,1921.9,1902.38,1909.7,0.2260333477614691,-0.0568376163105665,-0.019212195082265127,0.0009877791105820227,0.38640586086539486,0.12706470517378685,0.10359018545411984
2025-03-28 11:00:00,1925.0,1860.0,1887.94,0.7369808527391032,-0.05899323477195151,-0.014166365009341986,0.0009305720145899366,0.0202388014781838,0.09758556163446076,0.10535949888625688
2025-03-28 15:00:00,1888.67,1862.14,1879.4,-0.12249667332184247,-0.06556427056029401,-0.0009104036509645086,0.0008636194692957376,0.27320732864165076,0.07631110200638318,0.10679784915762432
2025-03-28 19:00:00,1901.6,1870.28,1901.42,-0.5746252778753891,-0.06257370746878987,0.0046694000602161,0.0007921757582053079,0.43555316312182546,0.08668288519889038,0.10668141645381092
2025-03-28 23:00:00,1913.6,1892.57,1895.27,-0.5934982279878177,-0.05027516438110813,-0.006375272031141521,0.0007189559586013601,-0.15484672022161183,0.11655965050809561,0.10945237382939854
2025-03-29 03:00:00,1905.95,1876.53,1882.3,-0.5322974459322796,-0.025749253355313417,-0.04274236605391235,0.0006609876613043933,0.04901090691882981,0.09797306695876022,0.11383457624757798
2025-03-29 07:00:00,1887.28,1860.39,1868.79,-0.4116790799118513,-0.018046852239269606,-0.0568376163105665,0.0006028170552492098,-0.10002898487598344,0.07641048978490655,0.12032863016285865
2025-03-29 11:00:00,1874.87,1833.5,1845.43,-0.0003100962089730089,-0.022253325966431925,-0.05899323477195151,0.0005392725070619066,0.05142578331974268,0.03578055239975817,0.12920665045033775
2025-03-29 15:00:00,1849.17,1797.2,1818.18,0.26964318027972656,-0.02953311748690224,-0.06556427056029401,0.0004652238749852366,-0.046795867700555105,0.0,0.1401224794466436
2025-03-29 19:00:00,1828.62,1811.6,1817.49,-0.6038783930963731,-0.034559210872597945,-0.06257370746878987,0.0003759957322898595,-0.025622320605102833,0.0,0.148101347847569
2025-03-29 23:00:00,1844.14,1812.69,1838.94,-0.6011240968308487,-0.038456467662861704,-0.05027516438110813,0.00028753370778461165,0.2125152264798389,0.017787583835131963,0.15198882067203087
2025-03-30 03:00:00,1846.85,1832.12,1839.34,-0.718124001576286,-0.027435854103011748,-0.025749253355313417,0.0002004540372987485,-0.05399278469376689,0.03041533802232403,0.15741105848401615
2025-03-30 07:00:00,1849.01,1826.49,1829.94,-0.7415579035943928,-0.0198870251314055,-0.018046852239269606,0.00011941156374792756,-0.04967555584418348,0.03025161252050447,0.16418597522343367
2025-03-30 11:00:00,1841.69,1790.06,1813.67,-0.1665411497627285,-0.017777226674414615,-0.022253325966431925,3.3250965615144927e-05,-0.0131143853171517,0.0,0.17238049642102293
2025-03-30 15:00:00,1826.65,1785.41,1824.89,-0.3837715405621409,-0.007366735949154268,-0.02953311748690224,-8.010763767988715e-05,0.16947285890668362,0.0,0.17680905594105184
2025-03-30 19:00:00,1834.33,1767.69,1805.17,-0.2305009651855473,-0.00878709711330572,-0.034559210872597945,-0.00018577296943875189,-0.07603553493690929,0.0,0.18539554880668907
2025-03-30 23:00:00,1823.5,1776.75,1811.86,-0.14075523948390833,-0.014767548930504693,-0.038456467662861704,-0.0003041498301732949,-0.03456834141886189,0.0018864623298283185,0.1903753221588818
2025-03-31 03:00:00,1817.55,1792.9,1804.09,-0.5358027103641162,-0.018737871398302852,-0.027435854103011748,-0.0004133848306459942,-0.01590703804643767,0.004343495048770663,0.1971023008618749
2025-03-31 07:00:00,1810.7,1777.79,1803.57,-0.04070802366203224,-0.02430163927323481,-0.0198870251314055,-0.0005226601064430399,0.11562223428019913,0.0,0.20274512670816286
2025-03-31 11:00:00,1846.75,1794.94,1839.81,0.7556642856934753,0.0030199985037369093,-0.017777226674414615,-0.000621887139074229,0.0679784891691928,0.0537512139447538,0.2018608868071966
2025-03-31 15:00:00,1854.22,1817.23,1839.86,-0.1145545863044195,0.01751259332822408,-0.007366735949154268,-0.0007067471637995314,-0.11565096668646768,0.08923283397393736,0.20482703215502496
2025-03-31 19:00:00,1845.64,1816.4,1824.68,-0.5344909684634988,0.014293309695836642,-0.00878709711330572,-0.0007852909898812218,-0.06849717250143306,0.06716775059013834,0.21013749660204237
2025-03-31 23:00:00,1843.0,1817.88,1839.38,-0.4556857846322921,0.013901579045950463,-0.014767548930504693,-0.0008562452242862972,0.004654035161021364,0.06811116557632099,0.21104437098322765
2025-04-01 03:00:00,1867.91,1831.95,1857.66,-0.525011944208246,0.022374527972721214,-0.018737871398302852,-0.0009293128808064394,0.1573953635905112,0.10110402639200314,0.21058560744515817
2025-04-01 07:00:00,1892.55,1852.64,1873.39,0.08240327287558984,0.04591715424659326,-0.02430163927323481,-0.00099079302864259,0.020157083602652337,0.16423229832192615,0.20968351984582445
2025-04-01 11:00:00,1889.0,1842.42,1882.53,0.23601660843737315,0.024375027128837212,0.0030199985037369093,-0.0010597658392733523,-0.0884688125154206,0.14224377987046116,0.2093548187158971
2025-04-01 15:00:00,1927.9,1882.53,1908.32,0.4373113800057881,0.039069705512885466,0.01751259332822408,-0.0011068507322529555,-0.004243098926447031,0.23246010140689177,0.20648149644951647
2025-04-01 19:00:00,1922.75,1897.13,1911.9,-0.616342869440198,0.045138426772745044,0.014293309695836642,-0.0011609064180775777,0.15428751687386066,0.23164661394823158,0.20611140117581173
2025-04-01 23:00:00,1915.18,1872.39,1878.25,-0.46769466253703207,0.03394329454139333,0.013901579045950463,-0.0012178178845810472,-0.15346483208218076,0.19182836961786667,0.210141233266981
2025-04-02 03:00:00,1887.2,1852.0,1854.01,-0.4211323155005199,0.011195109047399177,0.022374527972721214,-0.001274721670992888,-0.10427686531978364,0.14227754415010097,0.21381320465430906
2025-04-02 07:00:00,1888.05,1852.6,1872.68,-0.4417683754210177,-0.0028081875313609173,0.04591715424659326,-0.0013224578057055856,-0.0025396507568110627,0.15372703364460988,0.21167162176661036
2025-04-02 11:00:00,1893.42,1854.27,1875.75,-0.1583324614953993,0.002794773293386843,0.024375027128837212,-0.0013586680781314834,0.0452367572263328,0.15263740974697923,0.21134739110934708
2025-04-02 15:00:00,1919.0,1874.19,1898.12,2.068778647112129,-0.004770140869892914,0.039069705512885466,-0.0013477336362293425,0.034545623851594875,0.2142898282506078,0.20853118925222594
2025-04-02 19:00:00,1957.0,1789.05,1798.05,2.735314600572046,-0.01672674552586806,0.045138426772745044,-0.0013511621869435181,-0.10736843964713938,0.16794521891341246,0.2232534886390294
2025-04-02 23:00:00,1834.88,1781.53,1830.25,0.40497288393972525,-0.04281153597347709,0.03394329454139333,-0.0013959201771523186,0.2127606026338522,0.03049149694173793,0.220642981418905
2025-04-03 03:00:00,1845.26,1814.1,1817.28,-0.40505026822606693,-0.02041529321605362,0.011195109047399177,-0.0014034914061369622,0.09383811642091833,0.06707584094591859,0.22110063107148178
2025-04-03 07:00:00,1824.18,1790.05,1793.42,-0.2001272730350092,-0.03249200362485405,-0.0028081875313609173,-0.0014385322498024539,-0.05348148076841075,0.035588525550308205,0.22193317103860813
2025-04-03 11:00:00,1802.83,1750.0,1757.97,1.3486464963467484,-0.05198770427381172,0.002794773293386843,-0.00150676687778162,-0.048807697645376846,0.0,0.22649552779112245
2025-04-03 15:00:00,1799.15,1755.22,1788.48,-0.16799309662189266,-0.065715791278535,-0.004770140869892914,-0.0015602264787704426,0.0027293368826633024,0.007243340691700804,0.2193095170133303
2025-04-03 19:00:00,1818.61,1779.78,1811.07,-0.5106691098838346,-0.043617437910046686,-0.01672674552586806,-0.0016055877751936936,0.07066112281229309,0.051865108199171804,0.2130842511988416
2025-04-03 23:00:00,1823.12,1771.11,1788.88,-0.16328623317859708,-0.005850456325459219,-0.04281153597347709,-0.0016513902135401907,-0.10250268724363709,0.05726556499544523,0.21351390697822897
2025-04-04 03:00:00,1808.59,1782.55,1800.15,-0.6858055727516295,-0.017913798300093653,-0.02041529321605362,-0.001695575575836119,-0.0757538448390791,0.047882981357258096,0.20945311706841174
2025-04-04 07:00:00,1835.68,1780.75,1783.89,0.2682130612039353,0.0009235158110025843,-0.03249200362485405,-0.0017234091026707993,0.034559660075298204,0.08719668437924447,0.20778103573419898
2025-04-04 11:00:00,1808.98,1758.72,1790.13,1.3777284928489446,0.00503327308420376,-0.05198770427381172,-0.001790067126779723,0.01466994572341207,0.020126985248147464,0.2021501213637675
2025-04-04 15:00:00,1828.9,1783.25,1806.47,0.895050710305439,0.015503740486833006,-0.065715791278535,-0.0018271294460536066,0.029955436057387708,0.06935179015220751,0.1952366037249334
2025-04-04 19:00:00,1827.99,1802.16,1819.24,-0.46241614727277336,0.009964105087307162,-0.043617437910046686,-0.001857939963180493,-0.18823364612824056,0.09222622805573491,0.187826226863509
2025-04-04 23:00:00,1827.29,1809.56,1815.6,-0.8467343613956367,0.010665356035417739,-0.005850456325459219,-0.0018836621909078162,0.022802569507613946,0.10052480603702707,0.1827396520819145
2025-04-05 03:00:00,1816.24,1803.99,1809.56,-0.9417798902900694,0.008598943641119572,-0.017913798300093653,-0.001916630991374392,-0.07133185234693795,0.08268006550829818,0.17584700688318716
2025-04-05 07:00:00,1822.04,1807.05,1818.12,-0.9320979273615073,0.0012847703921843312,0.0009235158110025843,-0.0019335429488694584,-0.013889331518471382,0.09244623479869553,0.1658371198222938
2025-04-05 11:00:00,1819.39,1783.24,1790.8,-0.49137306345634857,0.007989765279565297,0.00503327308420376,-0.001966634643992245,0.05948381474523523,0.052237161925371506,0.16401156167966388
2025-04-05 15:00:00,1794.51,1777.93,1793.21,-0.6757438705656271,-0.010698865517638323,0.015503740486833006,-0.002001927231404542,-0.11761922271775405,0.02582732400325202,0.16057200898002305
2025-04-05 19:00:00,1805.06,1764.39,1797.31,-0.47696942209390275,-0.014579430659479087,0.009964105087307162,-0.002025132126248041,0.11444263126705678,0.03412304717605412,0.15602280663878373
2025-04-05 23:00:00,1817.0,1796.8,1804.3,-0.8394316296594561,-0.005787747294983214,0.010665356035417739,-0.0020233919703012515,-0.08607862502026031,0.08317077874393954,0.14782091422307767
2025-04-06 03:00:00,1813.55,1798.54,1798.55,-0.8605129330366452,-0.0018896747572079153,0.008598943641119572,-0.002035602420771234,0.0033979916370034946,0.08507323619723345,0.1405443281415433
2025-04-06 07:00:00,1801.59,1783.0,1790.1,-0.6385006628019047,-0.012514155675976468,0.0012847703921843312,-0.0020579252047347473,0.046537540400357624,0.052180757860405054,0.1326739051297193
2025-04-06 11:00:00,1792.09,1735.0,1770.02,0.4773720107787527,-0.01898703394680934,0.007989765279565297,-0.0020952595272910055,-0.10156161779933215,0.0,0.12507610192538604
2025-04-06 15:00:00,1773.78,1602.0,1618.28,3.5352179985442844,-0.06207778224063132,-0.010698865517638323,-0.0022216136149125405,0.016829544149331133,0.0,0.144137924259981
2025-04-06 19:00:00,1635.96,1555.0,1576.99,3.705778425844289,-0.10689847402437191,-0.014579430659479087,-0.0023955679638438306,0.02115951899794144,0.0,0.16009604683509332
2025-04-06 23:00:00,1614.2,1537.5,1579.29,2.4440409864758483,-0.12973241980880357,-0.005787747294983214,-0.0025400197993826912,0.02456353352797902,0.0,0.1688384727913016
2025-04-07 03:00:00,1582.69,1411.01,1431.29,5.0,-0.16992582493042274,-0.0018896747572079153,-0.00278407344295991,0.0398040738778529,0.0,0.23063064780921724
2025-04-07 07:00:00,1520.83,1431.23,1491.35,3.8147555425927577,-0.17533895131244448,-0.012514155675976468,-0.0029584494494922283,-0.024459674145452914,0.0,0.24528873432833123
2025-04-07 11:00:00,1639.0,1474.61,1569.62,5.0,-0.12015165262074445,-0.01898703394680934,-0.002925561435494217,0.12262896852940774,0.12012345528132458,0.24409202810853983
2025-04-07 15:00:00,1577.5,1526.0,1549.41,2.1123481314028756,-0.072643838723494,-0.06207778224063132,-0.0029788342210378617,0.06138265719484903,0.12299949902562662,0.25964564626250664
2025-04-07 19:00:00,1585.5,1542.25,1578.78,0.17488795500139562,-0.022300470612582446,-0.10689847402437191,-0.0030118533289482255,0.20013843251043384,0.13725049392524483,0.26201147844592637
2025-04-07 23:00:00,1618.67,1541.04,1589.69,0.2861085136825432,0.002238087840259917,-0.12973241980880357,-0.0030194405916554577,0.148975903769218,0.16248969969606655,0.2658679883676292
2025-04-08 03:00:00,1602.27,1574.34,1576.25,-0.22093300205316233,0.05805336943746342,-0.16992582493042274,-0.0030292151355889576,0.03119881319820461,0.17926693490245513,0.27471524407677217
2025-04-08 07:00:00,1578.55,1554.37,1566.08,-0.01206028797364155,0.06062145668937702,-0.17533895131244448,-0.003097338142742063,0.07287512202026059,0.14708098572342612,0.28369700985140217
2025-04-08 11:00:00,1593.47,1530.55,1531.16,1.101816402541105,0.011353586193863396,-0.12015165262074445,-0.0031232875410342055,0.0026987972276029115,0.14903358425756572,0.30053451611567594
2025-04-08 15:00:00,1539.23,1454.63,1475.79,2.3339481255298034,-0.03978974995578988,-0.072643838723494,-0.0033052240466010996,-0.011144951590241425,0.021566695809877544,0.3278161178860248
2025-04-08 19:00:00,1486.2,1441.3,1467.19,0.6174199821631297,-0.061924148316199634,-0.022300470612582446,-0.0034195890610487886,-0.11793784158339549,0.0,0.34528951197618424
2025-04-08 23:00:00,1482.28,1385.05,1419.04,2.6556737017119794,-0.08982345549263437,0.002238087840259917,-0.0035544292120637494,-0.1171680529879221,0.0,0.3764162672341851
2025-04-09 03:00:00,1476.83,1407.81,1459.99,1.4352981927861372,-0.0927915875094747,0.05805336943746342,-0.003618539982147397,0.1473732050998524,0.007043509716030907,0.37863426165617875
2025-04-09 07:00:00,1496.55,1458.36,1486.45,0.8278941155360061,-0.05655028470659251,0.06062145668937702,-0.0035909923759985104,-0.030798234296400384,0.06691097675855916,0.3812960782723541
2025-04-09 11:00:00,1501.27,1440.2,1470.96,2.9450968072911134,-0.06279259606948029,0.011353586193863396,-0.0036433427814915975,-0.030257543511066465,0.05360923694560968,0.3956673180417758
2025-04-09 15:00:00,1673.29,1469.36,1628.11,5.0,0.05711781931001281,-0.03978974995578988,-0.0034394498272939254,0.04099230846969437,0.2162691961446321,0.35778405708411193
2025-04-09 19:00:00,1689.0,1623.56,1671.17,0.864688811664036,0.13240206530926457,-0.061924148316199634,-0.003261497285232861,0.02611918912945832,0.3429208931355524,0.3482306281047796
2025-04-09 23:00:00,1674.58,1628.79,1632.99,0.10780513550378389,0.1483989054144914,-0.08982345549263437,-0.0032333312588307436,0.02769326349369705,0.32676897893471835,0.356585588370871
2025-04-10 03:00:00,1636.14,1601.76,1616.34,0.12816372991442163,0.12184941469676813,-0.0927915875094747,-0.003241122227722053,-0.04105554578260373,0.2762097256503864,0.3609793179651405
2025-04-10 07:00:00,1620.61,1583.31,1594.87,0.15959855288007527,0.07935876806043485,-0.05655028470659251,-0.0032280352908325097,-0.16816519124835572,0.2469660632045844,0.36711524338588924
2025-04-10 11:00:00,1640.0,1556.53,1565.48,1.104752395136401,0.07980903178072274,-0.06279259606948029,-0.003199386724702616,0.06615302262493006,0.23362431629644928,0.3751074646492392
2025-04-10 15:00:00,1567.7,1471.02,1518.72,2.0327702720250516,-0.04366254770006717,0.05711781931001281,-0.0033292724673692586,-0.0255461026155116,0.1106829940010766,0.38976575898932164
2025-04-10 19:00:00,1533.7,1510.73,1524.85,-0.19854130735463033,-0.08209402356055295,0.13240206530926457,-0.003295634075918621,-0.028552602864603482,0.1340010906135072,0.3910097357295416
2025-04-10 23:00:00,1550.6,1504.63,1534.57,-0.04871390883856814,-0.07246547370564904,0.1483989054144914,-0.003266230203670559,0.04883172395454238,0.14352317915526974,0.38980194108971833
2025-04-11 03:00:00,1562.8,1534.57,1552.64,-0.2667939441829185,-0.04197852858254081,0.12184941469676813,-0.003203794774674504,-0.041637326627302906,0.17217965843215663,0.38444606550883137
2025-04-11 07:00:00,1585.0,1538.14,1568.39,0.34825444631664976,-0.023455628054492084,0.07935876806043485,-0.0031764952289924458,0.20226210167775216,0.18952488132608844,0.37792448978028786
2025-04-11 11:00:00,1581.44,1541.48,1556.47,0.4705742757402556,-0.016261956500640995,0.07980903178072274,-0.0031719255773248224,-0.001833656676686224,0.19401689254182775,0.37755747722371424
2025-04-11 15:00:00,1591.47,1553.87,1562.27,-0.004004047036390444,0.04216527416883342,-0.04366254770006717,-0.003159530438161822,0.15296616235589733,0.20819636911626474,0.3704623667083655
2025-04-11 19:00:00,1586.97,1562.04,1566.38,-0.5032878482248806,0.03208336153849234,-0.08209402356055295,-0.0031635585621653892,0.07922132758692557,0.20894668836317626,0.3627219093369154
2025-04-11 23:00:00,1571.08,1546.06,1547.76,-0.4995732612665286,0.019547477082921816,-0.07246547370564904,-0.003186375640381918,-0.18499971958550998,0.18937152702466528,0.3625338267316651
2025-04-12 03:00:00,1578.82,1546.85,1573.85,-0.4606074115813425,0.009815079858952025,-0.04197852858254081,-0.0031667972169046937,0.056491260138441746,0.1954820635105157,0.3521615635018171
2025-04-12 07:00:00,1606.41,1571.44,1592.02,-0.2477824739608952,0.021718153874973556,-0.023455628054492084,-0.0030963089967443558,-0.028077489376286957,0.24146359482667923,0.34174437652278905
2025-04-12 11:00:00,1669.59,1590.7,1653.85,0.5834682163499363,0.04540701560959581,-0.016261956500640995,-0.0029980831405258712,0.04511748709803376,0.3028112133923903,0.32151860805698046
2025-04-12 15:00:00,1667.26,1628.24,1650.66,0.14956469733904207,0.04871193950716868,0.04216527416883342,-0.0029394283303434176,-0.012892884231973878,0.3255999327579389,0.3125447468214819
2025-04-12 19:00:00,1659.93,1634.85,1649.85,-0.38904168367822134,0.04882561538677366,0.03208336153849234,-0.002910881733035804,-0.00604361361958794,0.32666086385134974,0.309065552167467
2025-04-12 23:00:00,1652.0,1606.55,1625.4,-0.2615538716195963,0.04546341858838221,0.019547477082921816,-0.002915389025678506,0.25528770773117637,0.2980897941116721,0.30808041950927
2025-04-13 03:00:00,1629.23,1597.47,1616.99,-0.36999934074132,0.03297215015317634,0.009815079858952025,-0.0029151350003720506,-0.04605318078828069,0.27453099989712076,0.30454260526778276
2025-04-13 07:00:00,1628.2,1608.8,1617.92,-0.5429632120475034,0.015761778680775773,0.021718153874973556,-0.0028816571445941064,0.07403491510453586,0.279976352531011,0.3002988092687264
2025-04-13 11:00:00,1618.86,1566.11,1586.01,0.27065537857171273,-0.024536854079529213,0.04540701560959581,-0.002895025872856625,-0.23925241484016002,0.24135192079341253,0.30410109511276834
2025-04-13 15:00:00,1649.04,1579.73,1629.96,0.22268656668290968,-0.019346015134633965,0.04871193950716868,-0.002844695221214117,-0.11180666481691681,0.27670165158158255,0.2916683292578204
2025-04-13 19:00:00,1630.16,1562.01,1586.17,0.454804558280878,-0.03354067027109553,0.04882561538677366,-0.0028656190464323122,-0.09265303963918248,0.24184910651937047,0.29404959691038013
2025-04-13 23:00:00,1660.32,1581.78,1635.44,0.1501337347269903,-0.0015468356081517198,0.04546341858838221,-0.0027983419441655454,0.04072839624788149,0.29422262259389814,0.2804522837822854
2025-04-14 03:00:00,1642.19,1614.56,1623.77,-0.29048313515265006,0.009648825767241132,0.03297215015317634,-0.002765676959214304,-0.0813972228496973,0.29842626421545543,0.27671299950430944
2025-04-14 07:00:00,1684.9,1612.63,1678.83,0.04547563164101563,0.020224274660557873,0.015761778680775773,-0.0026991833254465967,-0.008729084032709,0.33017178658621693,0.2634334728485616
2025-04-14 11:00:00,1691.5,1648.17,1673.4,0.37266899118332025,0.05050791790412279,-0.024536854079529213,-0.0026242277953566996,0.24109246151758135,0.3647586974452564,0.25942330065182034
2025-04-14 15:00:00,1675.0,1615.0,1640.45,0.5261589923897626,0.013703450663238081,-0.019346015134633965,-0.002613786649595517,-0.0016448398413339005,0.3106679177299714,0.2577974181560272
2025-04-14 19:00:00,1647.37,1606.01,1621.05,-0.4888546269399291,0.021843650223666522,-0.03354067027109553,-0.0025695386924761993,0.0359195496260285,0.295230895157987,0.25239801532319933
2025-04-14 23:00:00,1637.99,1614.8,1631.72,-0.40649993325554956,-9.470373558417844e-05,-0.0015468356081517198,-0.0025189289235641415,-0.00357161860009525,0.2939862244396914,0.2421477684396895
2025-04-15 03:00:00,1648.47,1627.51,1636.75,-0.45195129071726825,0.0054872513388104505,0.009648825767241132,-0.0024469067106796375,0.1029104148694524,0.3121465315101245,0.2328738127382287
2025-04-15 07:00:00,1651.96,1626.29,1633.11,-0.3719126109109178,-0.006047935857310893,0.020224274660557873,-0.0023732630299049466,-0.1193883295950986,0.3148575945556722,0.22342127019536162
2025-04-15 11:00:00,1661.21,1601.36,1620.57,0.5749223468543047,-0.025636494006731625,0.05050791790412279,-0.0022966945538035167,-0.06576484178684738,0.29895693821636066,0.21687041817763486
2025-04-15 15:00:00,1631.4,1604.34,1610.49,-0.3468041422746076,-0.012274963143345863,0.013703450663238081,-0.002230328292439678,-0.09442427605690329,0.2798254592070817,0.2089973163923244
2025-04-15 19:00:00,1614.78,1583.12,1590.89,-0.4071333454272897,-0.017232731908564447,0.021843650223666522,-0.002149633547463514,-0.01649470742615866,0.2521974129523833,0.20098937230265895
2025-04-15 23:00:00,1604.4,1576.5,1598.59,-0.4427753671817656,-0.022072921835242676,-9.470373558417844e-05,-0.0020609672500655407,-0.06079303927279378,0.23889332040890032,0.187692956370816
2025-04-16 03:00:00,1601.0,1551.18,1576.48,-0.10435310009042878,-0.038645664694613724,0.0054872513388104505,-0.0019915164113834195,-0.018246652177235978,0.21498707672387524,0.1772577547264939
2025-04-16 07:00:00,1584.26,1556.7,1581.62,-0.39321501628065564,-0.041782457657218774,-0.006047935857310893,-0.0019239290436642341,0.06463174545115957,0.20969862211645343,0.16324474223124152
2025-04-16 11:00:00,1599.32,1566.28,1591.0,-0.035333402456414253,-0.029423256712944545,-0.025636494006731625,-0.0018350041545562115,0.067895017335448,0.22537171299963737,0.15013617368441404
2025-04-16 15:00:00,1613.66,1538.07,1566.5,0.9973217109956103,-0.025391385554363932,-0.012274963143345863,-0.0017557303760641963,0.08593061331072005,0.2168093978916794,0.15200580920737972
2025-04-16 19:00:00,1598.15,1552.36,1587.72,-0.11801405603327192,-0.012097396044593256,-0.017232731908564447,-0.0016484549449822274,0.116954962116818,0.22250845596070296,0.14999761734017972
2025-04-16 23:00:00,1593.84,1572.67,1591.93,-0.4517252311989419,-0.004368767359366976,-0.022072921835242676,-0.0015481699437851016,0.003747986769919276,0.22822978463308405,0.1496560577739612
2025-04-17 03:00:00,1609.45,1577.47,1602.1,-0.37392282428061235,0.011710328093371913,-0.038645664694613724,-0.0014743027997549812,0.04288421289434807,0.24329036141825588,0.14068050611977329
2025-04-17 07:00:00,1610.53,1588.65,1593.56,-0.49158615944964196,0.01675250848581533,-0.041782457657218774,-0.0013883446143320714,-0.029999118345189535,0.2501000129337264,0.1382450610805925
2025-04-17 11:00:00,1603.19,1563.2,1569.91,-0.2496775253560715,0.0028930220166620835,-0.029423256712944545,-0.001319853687076882,-0.051276297357007006,0.23239404732519003,0.14032438613778977
2025-04-17 15:00:00,1616.96,1569.9,1600.82,0.3355210632150974,0.014494521801721394,-0.025391385554363932,-0.0012546983760832707,0.053376092083926574,0.2518683549573553,0.13723935265026402
2025-04-17 19:00:00,1603.8,1577.02,1579.2,-0.38217062453228634,0.00406416549884292,-0.012097396044593256,-0.001198780337879981,-0.12309605148595693,0.23236191139510848,0.13911624086350868
2025-04-17 23:00:00,1589.19,1577.23,1584.57,-0.6013371544714069,-0.0004030540758080958,-0.004368767359366976,-0.0011289097030748657,0.012892983548234316,0.2272502853090342,0.13863626498074472
2025-04-18 03:00:00,1585.39,1573.54,1581.04,-0.6418418852058156,-0.00917293468280711,0.011710328093371913,-0.0010570758904799042,-0.09063950071485227,0.22086020710779816,0.13892206280120942
2025-04-18 07:00:00,1592.82,1577.01,1584.08,-0.6725563117645039,-0.008031433277550404,0.01675250848581533,-0.000980119254027885,0.029973530881427513,0.23040642812489628,0.13851367137802612
2025-04-18 11:00:00,1597.2,1582.3,1589.21,-0.6629950995853366,0.002269504441216652,0.0028930220166620835,-0.0008890439263466271,0.04126700610499956,0.2379188326786275,0.1369045766775749
2025-04-18 15:00:00,1595.0,1579.09,1593.56,-0.6914890567941137,-0.008122218073009058,0.014494521801721394,-0.0008136017224093095,-0.07267330778200576,0.2319377972009773,0.1315959224796372
2025-04-18 19:00:00,1600.64,1590.49,1592.97,-0.7671804915235583,0.004855919967791111,0.00406416549884292,-0.0007201152071481458,-0.07193602334021265,0.24418280095727682,0.12545114416937556
2025-04-18 23:00:00,1596.34,1585.01,1592.34,-0.7370693863246496,0.0041754978561960865,-0.0004030540758080958,-0.0006199677799946795,0.10007504119999822,0.23739346242424247,0.11206365382653972
2025-04-19 03:00:00,1613.48,1592.21,1596.55,-0.561398442016894,0.014026517331309218,-0.00917293468280711,-0.0005116957046752404,0.21803962229355411,0.25484398637182143,0.10281546411469726
2025-04-19 07:00:00,1606.4,1594.07,1596.39,-0.6879783545668964,0.009382072382918105,-0.008031433277550404,-0.0004034891623823566,0.04213091129479296,0.2532270992175182,0.09636302550032852
2025-04-19 11:00:00,1608.11,1594.86,1606.18,-0.6841116323986632,0.006526731091103244,0.002269504441216652,-0.0002904498012576618,0.004426163374209757,0.25384328881181556,0.0864280541355752
2025-04-19 15:00:00,1631.81,1598.5,1615.19,-0.37114847850604854,0.01723430262552683,-0.008122218073009058,-0.00018268535346115098,0.08949303541819065,0.2738843893879386,0.08559911479099737
2025-04-19 19:00:00,1622.37,1611.06,1619.41,-0.7871704470073331,0.013690404163225312,0.004855919967791111,-7.414058044806241e-05,0.1402511986273678,0.27767153299225594,0.08242045431797859
2025-04-19 23:00:00,1620.56,1608.0,1615.93,-0.75293898534754,0.015317350311282896,0.0041754978561960865,3.919911743995647e-05,-0.08508160542729748,0.2747579481477381,0.08203679051940191
2025-04-20 03:00:00,1617.65,1602.66,1605.44,-0.7288432020544033,0.006017521273469217,0.014026517331309218,0.0001645930054102533,-0.10457084970021902,0.26962787791993714,0.08239575387100513
2025-04-20 07:00:00,1605.44,1569.0,1574.53,-0.1223070153556293,-0.00863783776218452,0.009382072382918105,0.0002946437865545897,-0.1099033895454723,0.2320195608102634,0.08436199371444453
2025-04-20 11:00:00,1584.04,1565.59,1580.23,-0.46781318340880534,-0.016153536571853366,0.006526731091103244,0.00040653699209639114,0.05450860669233881,0.21417332340703746,0.08358006093154098
2025-04-20 15:00:00,1582.5,1571.1,1581.42,-0.7032714221585867,-0.022449727515992612,0.01723430262552683,0.000495862676350084,-0.07494537212724539,0.2183022780269397,0.07947743635322703
2025-04-20 19:00:00,1600.75,1574.68,1582.16,-0.586462590944611,-0.01815250775932331,0.013690404163225312,0.0005382991615290529,-0.04761077039750439,0.2326599381095224,0.07576082749131118
2025-04-20 23:00:00,1645.45,1582.16,1632.66,0.3115575979520675,0.0029873283278636364,0.015317350311282896,0.0005369918303189892,0.06764938204212734,0.28215672840621114,0.07104481153516166
2025-04-21 03:00:00,1658.75,1631.3,1647.91,0.2530080437370956,0.020267822469198782,0.006017521273469217,0.0005424487308958784,-0.05893539490199895,0.3197216539723486,0.07009957347670431
2025-04-21 07:00:00,1655.0,1628.29,1635.7,-0.2983198945908703,0.034770392893669566,-0.00863783776218452,0.0005301049635042411,0.08376548197729994,0.31665010948358596,0.07045749922129667
2025-04-21 11:00:00,1641.82,1608.6,1634.16,0.03834665445188517,0.03220672503511102,-0.016153536571853366,0.0005076799828586608,-0.04191436888617239,0.29241289187121644,0.0694362117987307
2025-04-21 15:00:00,1635.16,1567.28,1567.73,0.4523902811434063,0.009909802995708983,-0.022449727515992612,0.0005187400019287417,-0.052297951664095454,0.2426382237429962,0.07203926215369125
2025-04-21 19:00:00,1581.1,1564.07,1577.85,-0.17957061791541884,-0.007191550288563442,-0.01815250775932331,0.0005080284554904691,0.03872910036503052,0.2200376062097572,0.07098685775787979
2025-04-21 23:00:00,1593.73,1537.26,1577.09,0.3496744856810317,-0.030896527966697396,0.0029873283278636364,0.00048825129127459416,-0.04766179557618977,0.21077200335750695,0.06902476201891676
2025-04-22 03:00:00,1586.9,1571.21,1583.74,-0.4263295632315664,-0.03929418728968903,0.020267822469198782,0.00046830523718347904,-0.1009009336385408,0.22639786294471784,0.06830314026765925
2025-04-22 07:00:00,1634.49,1582.64,1628.46,0.6174608860360525,-0.014010406239772677,0.034770392893669566,0.00045107227266127524,-0.06261644470970174,0.2887135605695783,0.06661734059060086
2025-04-22 11:00:00,1680.0,1625.78,1675.0,1.234479145201121,0.014274971886512722,0.03220672503511102,0.0004471942465192258,0.07503107726058778,0.33614815512343943,0.06654415740986595
2025-04-22 15:00:00,1725.81,1674.11,1703.79,1.5907384360087204,0.06771428697966098,0.009909802995708983,0.00045255942848667214,0.16453410793308954,0.41941876427533265,0.07047996473917596
2025-04-22 19:00:00,1778.0,1683.66,1745.7,0.754607358230444,0.09773580954890315,-0.007191550288563442,0.0004497473712464252,0.008698210915963012,0.4665313043922582,0.07901224431129628
2025-04-22 23:00:00,1807.56,1744.95,1792.21,0.9821941114283832,0.12879122875980364,-0.030896527966697396,0.00044199504628973424,0.10651598110919691,0.5327445081949286,0.09309845408899019
2025-04-23 03:00:00,1818.18,1780.0,1788.84,0.4999757460754698,0.13780853710583196,-0.03929418728968903,0.00044092956885989534,0.10103602018541036,0.5730884792897171,0.10622630166043713
2025-04-23 07:00:00,1809.14,1773.93,1803.71,0.22655164970478014,0.10593295843413975,-0.014010406239772677,0.0004581076777994002,0.08268744641958858,0.5883487420800109,0.11831682988764217
2025-04-23 11:00:00,1834.86,1781.41,1788.12,1.0607899021197542,0.09436535600867146,0.014274971886512722,0.00048148320095787095,-0.07886616587971529,0.6228166516890756,0.12856556340420364
2025-04-23 15:00:00,1810.0,1761.62,1798.21,0.2910931917422625,0.04955867192109853,0.06771428697966098,0.0005128878402271036,-0.018430146348431764,0.5907472125260372,0.13747915083005396
2025-04-23 19:00:00,1805.9,1774.47,1803.42,-0.6201250164384582,0.03502815924728475,0.09773580954890315,0.0005760226730040692,-0.03556299100115434,0.5986641173191279,0.14580143467643522
2025-04-23 23:00:00,1806.91,1775.5,1779.36,-0.576988034789752,0.011047254008469842,0.12879122875980364,0.0006797438341290885,-0.15171421998375378,0.5999202712164285,0.1541165497647776
2025-04-24 03:00:00,1791.0,1758.0,1768.19,-0.3629649079852572,-0.01401494222358457,0.13780853710583196,0.0007859828349617807,-0.1371144733382731,0.5689696731378479,0.16016468037636752
2025-04-24 07:00:00,1774.62,1722.9,1750.17,0.10540882572466792,-0.025480803808003993,0.10593295843413975,0.0008712930504304126,-0.17639423139976773,0.5385048930851762,0.16492886746786012
2025-04-24 11:00:00,1776.35,1741.47,1765.37,-0.1933430765639364,-0.026404038679009978,0.09436535600867146,0.0009138234805022687,-0.017491181705694636,0.5600239273864307,0.16757450563448525
2025-04-24 15:00:00,1777.77,1746.04,1763.24,-0.1530768065202333,-0.011753323704645657,0.04955867192109853,0.0009581187115301488,-0.08024365732057648,0.5733553843819086,0.17186201706911625
2025-04-24 19:00:00,1770.0,1749.04,1760.0,-0.6878908498611188,-0.01630416455437378,0.03502815924728475,0.0009709259451149374,0.11852072458643748,0.5718247076035128,0.17576337178177254
2025-04-24 23:00:00,1790.5,1738.6,1744.61,-0.2654074206896163,-0.014850437811943507,0.011047254008469842,0.0009827601634418072,0.015234398371171354,0.6501312546184768,0.17994968643527876
2025-04-25 03:00:00,1780.46,1740.15,1776.96,-0.5834043240068212,-0.004567257583239948,-0.01401494222358457,0.0009987653877292194,0.3306717851512422,0.6894967325028251,0.18094277462992717
2025-04-25 07:00:00,1793.29,1764.29,1771.6,-0.15209441039334406,0.018455760476742356,-0.025480803808003993,0.0010127183075563627,0.20419881742714785,0.7174360005568357,0.18518244485982194
2025-04-25 11:00:00,1813.7,1757.25,1808.34,0.5591754841256605,0.01563266874882352,-0.026404038679009978,0.0010390715300570338,0.08923508172611849,0.7331689240877264,0.1869951005244314
2025-04-25 15:00:00,1827.32,1782.4,1796.4,0.2502468950177386,0.02305947397981023,-0.011753323704645657,0.001059741026726741,0.044434430219492116,0.7770329969584929,0.19249133475063776
2025-04-25 19:00:00,1809.4,1785.4,1795.65,-0.5920823975485582,0.02045062976858869,-0.01630416455437378,0.0011090856213689009,-0.061184375158554793,0.759836594426646,0.19597536127562226
2025-04-25 23:00:00,1815.81,1783.85,1807.99,-0.34435657223885824,0.019767881479268112,-0.014850437811943507,0.0011459694343852263,0.14634533869195687,0.7644578410938807,0.19861049133055125
2025-04-26 03:00:00,1810.11,1789.0,1803.05,-0.7161278691973271,0.019555115046174798,-0.004567257583239948,0.0011773760327602482,-0.15098656269193866,0.7619526676037963,0.2017762238475674
2025-04-26 07:00:00,1841.16,1792.96,1803.89,-0.11556326483760541,0.019663216250974225,0.018455760476742356,0.0011975066769833174,-0.025095125801757434,0.7908418498960929,0.2041521536947089
2025-04-26 11:00:00,1806.39,1778.94,1792.2,-0.4316378500623167,0.0038690140818131713,0.01563266874882352,0.0012588343832562667,-0.12799658109914858,0.7476734272607453,0.2073250397119377
2025-04-26 15:00:00,1808.25,1792.19,1802.79,-0.7580954175911767,-0.0021316617600352084,0.02305947397981023,0.0013061401723626503,-0.033227409846461664,0.7689481309064324,0.20723017418670292
2025-04-26 19:00:00,1831.09,1800.92,1816.28,-0.6588259780033813,0.010197502843257267,0.02045062976858869,0.001360000426327197,0.054848713453041986,0.7983378412521897,0.2079849617732927
2025-04-26 23:00:00,1857.47,1801.02,1813.24,0.05734802197787403,0.01727982798350225,0.019767881479268112,0.0014173299237767703,-0.0891908132709115,0.8297786600698385,0.21026016486604793
2025-04-27 03:00:00,1817.5,1790.27,1800.62,-0.5599274128554674,0.0029390655976693214,0.019555115046174798,0.0015042327479381935,-0.1655030956164606,0.7730554947229897,0.21309128717718678
2025-04-27 07:00:00,1815.52,1797.22,1809.19,-0.7876905396612366,-0.0021964231489863817,0.019663216250974225,0.0015439127604235554,0.033249154732039266,0.7824810298222334,0.21325201191585527
2025-04-27 11:00:00,1809.91,1781.9,1796.63,-0.4848496359957696,0.003718862964617875,0.0038690140818131713,0.0015977386249675528,-0.000538648134489117,0.7616689708668276,0.21404432083903732
2025-04-27 15:00:00,1808.47,1787.31,1803.39,-0.7160800693439446,-0.0029658630765251326,-0.0021316617600352084,0.0016259358044819333,0.10149012180639949,0.7577233241034869,0.21382698002833128
2025-04-27 19:00:00,1808.4,1784.59,1794.6,-0.729627844095163,-0.009953330195031307,0.010197502843257267,0.0016591454904379922,-0.14694849931390797,0.7603752664016421,0.21391897283216604
2025-04-27 23:00:00,1796.4,1752.18,1772.99,-0.06072880784558586,-0.031311417514615636,0.01727982798350225,0.001704196693528414,-0.10722028025042551,0.709370652976307,0.21480955494473836
2025-04-28 03:00:00,1806.31,1769.81,1804.69,-0.5328110863622002,-0.00636825937889407,0.0029390655976693214,0.0017110926002429673,0.2794823327313882,0.7489275910686628,0.20996353814698065
2025-04-28 07:00:00,1824.0,1788.3,1815.39,-0.2132994148378093,-0.0004072767780627373,-0.0021964231489863817,0.001729687487015232,-0.04925463804173402,0.7809341108354733,0.20789927291101476
2025-04-28 11:00:00,1827.98,1780.0,1781.92,0.046689999105035726,0.0020615751676478222,0.003718862964617875,0.0017832228049913703,-0.08091449885380864,0.7694563417065756,0.20971517528498812
2025-04-28 15:00:00,1785.4,1744.71,1778.2,0.11022702658197542,-0.01834616888928431,-0.0029658630765251326,0.001878147792544439,-0.08681584133241693,0.6884950996890555,0.20791295037409088
2025-04-28 19:00:00,1805.8,1777.63,1801.88,-0.2796467508894049,-0.001703511849784456,-0.009953330195031307,0.0018641088736154,0.10275570778055831,0.7539426437504574,0.20335975655939723
2025-04-28 23:00:00,1811.56,1787.89,1794.63,-0.4592755619180097,0.014799720817938677,-0.031311417514615636,0.0018857462364396307,0.06006734507815037,0.7645009513514333,0.20177438650494173
2025-04-29 03:00:00,1822.21,1788.16,1821.13,-0.43289660352222936,0.007595663260403507,-0.00636825937889407,0.0019061105229510062,0.1026139111865525,0.7775225847654937,0.19727275102086242
2025-04-29 07:00:00,1842.99,1816.47,1825.71,-0.0808496171848347,0.01143955526526419,-0.0004072767780627373,0.0019158843541697383,0.05444071563600805,0.824366142800642,0.1950200304291183
2025-04-29 11:00:00,1838.57,1802.02,1823.51,-0.060057741466734225,0.010301290117076478,0.0020615751676478222,0.0019662978591216893,0.14714691155089987,0.8084485390425727,0.1935792829402761
2025-04-29 15:00:00,1832.49,1807.48,1825.58,-0.4427299362552763,0.03273219412206885,-0.01834616888928431,0.001997580833590384,0.09343786253223807,0.8104372098111032,0.1919015191627703
2025-04-29 19:00:00,1828.68,1789.85,1792.69,-0.5137044434191823,0.005833160062747478,-0.001703511849784456,0.0020398350972529768,-0.09496865769488416,0.7910853624746245,0.19286602946593456
2025-04-29 23:00:00,1813.09,1780.47,1802.99,-0.5114402971327386,-0.0018421636689002208,0.014799720817938677,0.002055891387063952,0.016139575689137153,0.7723316019323759,0.1890157153181273
2025-04-30 03:00:00,1813.0,1798.45,1803.24,-0.7078508225693848,0.00030330433142933266,0.007595663260403507,0.0020400136391777327,-0.09478414793532108,0.793880304702021,0.18529958234377666
2025-04-30 07:00:00,1810.8,1791.1,1807.53,-0.6624562743910521,-0.014765894877184493,0.01143955526526419,0.0020364549909298005,-0.15115363703397233,0.7826560440220881,0.17860652938353963
2025-04-30 11:00:00,1816.8,1731.7,1759.27,0.8508282303501213,-0.02898540127031035,0.010301290117076478,0.002058392782703145,-0.1472313373911578,0.7112274379536826,0.1762255831998167
2025-04-30 15:00:00,1789.6,1756.07,1782.48,-0.33140435613087177,-0.027194196321254194,0.03273219412206885,0.002023988440071585,-0.01983870457770842,0.7572122253197177,0.16642402340616155
2025-04-30 19:00:00,1809.72,1775.92,1795.39,-0.4296313379194468,-0.005142526553880589,0.005833160062747478,0.0019642994042206943,0.16323117813466737,0.9116081867036194,0.15732208659371202
2025-04-30 23:00:00,1819.0,1792.21,1807.56,-0.5772792615527575,0.005441268084266149,-0.0018421636689002208,0.0019316320517703692,0.08395300963779317,0.9376819458765593,0.15221871882056878
2025-05-01 03:00:00,1816.9,1804.0,1806.54,-0.7287613677141023,0.002016822165485488,0.00030330433142933266,0.0019101682057331916,0.0010269546194707768,0.9476330798363347,0.14892359777098102
2025-05-01 07:00:00,1851.0,1802.14,1847.61,-0.07238949030823512,0.015338627559293494,-0.014765894877184493,0.0018774729124098916,0.29259130928699806,0.9950795190130148,0.14242313200719214
2025-05-01 11:00:00,1859.23,1825.2,1848.59,0.5007685352542586,0.04254084442531636,-0.02898540127031035,0.001858216082555122,0.14522334207749577,0.9999999999754462,0.13857706183340787
2025-05-01 15:00:00,1873.17,1844.65,1856.0,0.28582439166111157,0.04984342317556245,-0.027194196321254194,0.001835125816550729,0.053422269813434786,0.9999999999764279,0.12691877747171387
2025-05-01 19:00:00,1856.09,1836.94,1838.71,-0.6713112146151388,0.027561395577863967,-0.005142526553880589,0.0018543549064673137,-0.10699214175888527,0.9654377616128345,0.11557886383457672
2025-05-01 23:00:00,1851.3,1833.5,1846.8,-0.7276900913084842,0.02066578823802523,0.005441268084266149,0.0018454086416154303,-0.03858975369852635,0.961029414623557,0.10039405912672278
2025-05-02 03:00:00,1851.79,1828.48,1832.23,-0.5374077008900207,0.015775055571446872,0.002016822165485488,0.0018341530770974738,0.00547866278758935,0.9496213142641784,0.08334947537638326
2025-05-02 07:00:00,1835.18,1813.0,1829.28,-0.2923369525806951,-0.0031023110211789717,0.015338627559293494,0.0018263996541003494,-0.11412946385129952,0.913125941723725,0.06969796815308818
2025-05-02 11:00:00,1851.87,1823.34,1848.9,-0.06148494411915903,-0.0025294151759079897,0.04254084442531636,0.0017811101336492957,0.055472134922114336,0.9490334606327349,0.06157715909140353
2025-05-02 15:00:00,1871.0,1832.27,1849.02,-0.15989784134576382,-0.0037988628394474144,0.04984342317556245,0.001743791366617027,0.010211363742980373,0.9833462261042661,0.05708294479089816
2025-05-02 19:00:00,1850.85,1831.7,1835.2,-0.6907672648144513,-0.002297018941860962,0.027561395577863967,0.0017336275575570905,-0.019512759386967282,0.9554472872315284,0.05611289124135309
2025-05-02 23:00:00,1843.05,1826.58,1833.89,-0.775723409971127,-0.004387935803371934,0.02066578823802523,0.0017129786138511923,-0.09488527321339724,0.9419642136596941,0.05677619288446377
2025-05-03 03:00:00,1839.3,1824.6,1827.28,-0.8324188378515356,-0.0034099331490522466,0.015775055571446872,0.0016822843017383297,-0.04148430227611288,0.9348443509741401,0.057244666055825864
2025-05-03 07:00:00,1830.51,1817.63,1819.45,-0.7093320041675684,0.0014260556630951715,-0.0031023110211789717,0.0016559965144268577,0.11106568013212081,0.9192537170300153,0.0576675107883388
2025-05-03 11:00:00,1837.41,1818.74,1835.2,-0.7279449111813582,-0.004265720942039031,-0.0025294151759079897,0.0016132807360220427,-0.05820096033317601,0.9305504440467471,0.05766365889157683
2025-05-03 15:00:00,1840.12,1810.0,1825.93,-0.6076428952029088,-0.015129786293383796,-0.0037988628394474144,0.0015796642476867797,-0.21233127709003863,0.9172709666779341,0.05823679143160184
2025-05-03 19:00:00,1848.6,1824.61,1842.84,-0.7459511893511924,-0.0008716115257764168,-0.002297018941860962,0.0015298567720217608,0.006421584959781512,0.9516650761013257,0.05866138340271684
2025-05-03 23:00:00,1849.6,1828.4,1834.15,-0.6588537384693488,0.0009416605460181859,-0.004387935803371934,0.0015000311654437093,-0.003175832009397528,0.9460376942139248,0.058981632346074904
2025-05-04 03:00:00,1849.95,1826.44,1845.49,-0.7051422224319706,0.004549124097055657,-0.0034099331490522466,0.0014609281730927147,0.13196711819462803,0.9544907820072076,0.058571851282215474
2025-05-04 07:00:00,1846.59,1822.0,1827.36,-0.6815361803257781,0.003419692443241251,0.0014260556630951715,0.001429136795825865,-0.09782393065664163,0.9339691244301245,0.057014603229311685
2025-05-04 11:00:00,1836.23,1818.57,1831.21,-0.7286791757181278,-0.0007084083562576282,-0.004265720942039031,0.0013744171217608943,-0.06865269750537872,0.9274940626616198,0.05581001418218805
2025-05-04 15:00:00,1833.65,1822.08,1825.85,-0.756152661399528,0.0021158837930030927,-0.015129786293383796,0.0013084434304287287,-0.07744563603056542,0.9263717106808035,0.05447092998780128
2025-05-04 19:00:00,1842.15,1811.7,1818.02,-0.6827552346142758,-0.006537253669902543,-0.0008716115257764168,0.001241226973892885,0.014959907575951892,0.923322492246875,0.052680899115832264
2025-05-04 23:00:00,1819.03,1781.85,1799.41,-0.03907467661921496,-0.019864755992625938,0.0009416605460181859,0.0011916317960019955,0.048995234560503365,0.860024857064036,0.04958504538910225
2025-05-05 03:00:00,1821.64,1792.82,1820.36,-0.6016716271645208,-0.018294591159296214,0.004549124097055657,0.0011197318851243335,0.02557824160347799,0.8751219897863451,0.047919231192356644
2025-05-05 07:00:00,1831.55,1798.3,1804.76,-0.4755257004872401,-0.0065541859532516344,0.003419692443241251,0.0010570903006571772,-0.060382149842122534,0.9056691123887747,0.04682106770703908
2025-05-05 11:00:00,1815.63,1794.47,1804.48,-0.41472406027008774,-0.013416539351227996,-0.0007084083562576282,0.001014164044717287,0.12857978852376872,0.8696502897478764,0.04688374553064676
2025-05-05 15:00:00,1828.5,1795.41,1822.61,-0.6409199976764356,-0.009663550645981567,0.0021158837930030927,0.0009421700830179779,0.2924006761569391,0.8847193366994737,0.04617855108296995
2025-05-05 19:00:00,1833.55,1799.52,1826.09,-0.6518849289759535,-0.004434578893274033,-0.006537253669902543,0.0008554188527563835,0.0233513709769424,0.9042218454199139,0.04586037140003874
2025-05-05 23:00:00,1830.78,1792.49,1803.63,-0.5898486121703451,0.004919590020648901,-0.019864755992625938,0.0007701742642262136,-0.03591267282046284,0.8809031485343924,0.04650616887491061
2025-05-06 03:00:00,1808.82,1797.78,1806.38,-0.8557326537654226,-0.0016692254089768488,-0.018294591159296214,0.000671943358110631,-0.022373473104610575,0.8680127488361512,0.04637191959890535
2025-05-06 07:00:00,1809.26,1782.55,1785.19,-0.608416654377154,-0.013119778502392876,-0.0065541859532516344,0.0005733857380775576,-0.10384991334730953,0.8493911261904155,0.047618680987582075
2025-05-06 11:00:00,1790.6,1752.0,1768.7,0.20721171943135416,-0.018896884980862727,-0.013416539351227996,0.0004915994916281309,-0.0733174888871162,0.7892717422475477,0.0495002214881175
2025-05-06 15:00:00,1791.24,1760.49,1790.12,-0.4863894474000326,-0.021605281323166414,-0.009663550645981567,0.0004017629041741767,-0.06254546972531472,0.7924949615936391,0.04930350707816031
2025-05-06 19:00:00,1813.23,1765.5,1811.11,-0.15812788608019207,-0.0161014403596057,-0.004434578893274033,0.0003335581336794611,0.04410818316547149,0.835177165520643,0.04873849176891646
2025-05-06 23:00:00,1850.0,1802.1,1824.94,0.6086960297922831,0.011858084084676701,0.004919590020648901,0.0002842988695597015,0.08501138057705182,0.9307255141273556,0.048459887015691566
2025-05-07 03:00:00,1834.38,1817.2,1830.61,-0.626737925396168,0.012844748881206014,-0.0016692254089768488,0.00028078055688926154,-0.0058184983574880444,0.9156806996816732,0.04834943194654171
2025-05-07 07:00:00,1847.05,1830.1,1833.71,-0.4155102326335518,0.023905110495844983,-0.013119778502392876,0.00028443698759258,0.08798758127950546,0.946151781971266,0.04851983011856884
2025-05-07 11:00:00,1837.11,1816.79,1822.21,-0.24162519251684578,0.03281532037595558,-0.018896884980862727,0.00029357766141995564,0.11922670376065803,0.9110926775408988,0.048556703365826
2025-05-07 15:00:00,1825.6,1788.78,1806.43,0.28417460147557644,0.01912311303887515,-0.021605281323166414,0.00030635911385166174,0.06712934687482486,0.8462000442486448,0.0489239654027353
2025-05-07 19:00:00,1821.56,1787.01,1817.12,-0.39557553912800486,0.007448903725474576,-0.0161014403596057,0.0002958665238276254,0.06956746720582241,0.8392645905096437,0.048243292635954414
2025-05-07 23:00:00,1847.75,1808.29,1841.56,0.19375825327473795,-0.0005839498487308914,0.011858084084676701,0.00028170500873192625,-0.033490470881274215,0.9143945118062567,0.046480229964493976
2025-05-08 03:00:00,1916.59,1839.0,1911.29,2.419326903335623,0.03486060182847628,0.012844748881206014,0.0002750091283386709,0.006573897832282016,0.999999999973886,0.05131040229718329
2025-05-08 07:00:00,1968.72,1908.37,1961.01,1.9678622948094018,0.05313522017132266,0.023905110495844983,0.00028832003120209603,0.08727820027746191,0.9999999999766799,0.06238589119020062
2025-05-08 11:00:00,2010.68,1945.21,1989.51,2.4804559259928753,0.07950373888825357,0.03281532037595558,0.00030886310102050374,0.006596680281748313,0.9999999999785473,0.07452180444235723
2025-05-08 15:00:00,2075.65,1987.81,2067.74,4.203077095908231,0.1301849083960931,0.01912311303887515,0.00034251241276415234,0.014627220612366987,0.999999999980687,0.09298252010507402
2025-05-08 19:00:00,2226.0,2061.28,2179.47,5.0,0.19378948980220456,0.007448903725474576,0.0003933107169018126,-0.04465579566544531,0.9999999999839617,0.12072712453183597
2025-05-08 23:00:00,2244.22,2166.29,2216.59,1.7586940244383833,0.20230097027042082,-0.0005839498487308914,0.000490863499983097,-0.020167319647302895,0.999999999984662,0.1477003831813149
2025-05-09 03:00:00,2259.85,2197.07,2256.91,1.4134511999644708,0.17837008081793626,0.03486060182847628,0.0006048343328601014,-0.07515213027831125,0.9999999999850494,0.17307931942006158
2025-05-09 07:00:00,2490.77,2256.07,2348.8,5.0,0.22419996335901482,0.05313522017132266,0.0006872744511147977,-0.05609343119105514,0.9999999999876799,0.19901410365418865
2025-05-09 11:00:00,2388.23,2271.5,2305.96,2.565394863174762,0.18416504252329324,0.07950373888825357,0.0008698663742764442,-0.1426201994294225,0.95893792097464,0.2258419100975612
2025-05-09 15:00:00,2355.2,2274.33,2340.03,0.8491480327503266,0.13344947508271288,0.1301849083960931,0.001039108997789113,0.007028599841336636,0.9289560388404585,0.24554475175842685
2025-05-09 19:00:00,2352.0,2308.78,2334.47,-0.2777175537392094,0.08389099941653555,0.19378948980220456,0.0011829627843786693,-0.0355931209409277,0.9538273297801863,0.2654362724193542
2025-05-09 23:00:00,2380.66,2317.0,2342.09,-0.2568129794987718,0.06658313743787647,0.20230097027042082,0.0013282347764228012,0.05887601573888901,0.9697343860219122,0.28241835457762443
2025-05-10 03:00:00,2378.08,2326.66,2367.69,-0.2537220691512605,0.05597495796129648,0.17837008081793626,0.001476936686793164,0.11880909514866933,0.9774001839165036,0.29706721501250055
2025-05-10 07:00:00,2435.72,2355.01,2396.96,1.8199994522115635,0.011005853325812831,0.22419996335901482,0.0015963467831495248,0.021987403345146372,0.9999999999879128,0.3112919075124423
2025-05-10 11:00:00,2448.88,2375.24,2435.87,0.5621725385687374,0.03285827873762637,0.18416504252329324,0.0017460822195907008,0.09951419853794796,0.9999999999881615,0.32386664245628144
2025-05-10 15:00:00,2512.42,2422.63,2495.26,1.532408778541001,0.0677747523618144,0.13344947508271288,0.0018583111733078109,-0.003041492665485812,0.9999999999888929,0.3360102178374921
2025-05-10 19:00:00,2586.17,2469.1,2577.22,0.6497877996157556,0.08109626236223022,0.08389099941653555,0.0019849138225209915,0.08124472191929288,0.9999999999895064,0.3483983385075038
2025-05-10 23:00:00,2608.13,2504.27,2543.58,1.814490760662049,0.09097701571236927,0.06658313743787647,0.0021356834962649182,-0.060304993944712004,0.9999999999899014,0.3717453796714727
2025-05-11 03:00:00,2562.47,2504.41,2521.26,0.13879544059104523,0.07971151408091726,0.05597495796129648,0.0023449768641588776,-0.17102202329147553,0.9802183771066497,0.39067404468987116
2025-05-11 07:00:00,2522.07,2453.92,2510.79,0.9925895650618494,0.03927911380175586,0.011005853325812831,0.002566046948152628,-0.038264936842226205,0.9305482247235974,0.4065992180809175
2025-05-11 11:00:00,2535.46,2465.82,2486.05,0.3218623319772877,0.035666303646590514,0.03285827873762637,0.002709621177166646,-0.032528007135699144,0.9399818504394949,0.42255960616668126
2025-05-11 15:00:00,2515.0,2435.51,2504.7,0.6004336360279756,0.0025957747656224495,0.0677747523618144,0.0028847485823924697,-0.06673511111384234,0.9156786294997289,0.43126461542983446
2025-05-11 19:00:00,2528.52,2483.33,2503.51,-0.20800250692682726,-0.005873485341581608,0.08109626236223022,0.0029811627929664042,-0.07967161004659884,0.9473995469010552,0.44198020194142035
2025-05-11 23:00:00,2548.85,2490.75,2522.85,0.07430498146922374,-0.015012408314862502,0.09097701571236927,0.003102282204480671,0.028357121199571678,0.9611939735528436,0.44911312126692
2025-05-12 03:00:00,2527.5,2486.8,2517.69,-0.313379792461,-0.01190923503969088,0.07971151408091726,0.0032448024340015554,0.013690186906918589,0.9496694207346603,0.4591238151336277
2025-05-12 07:00:00,2624.0,2517.7,2560.52,2.4621923388251856,0.03022132068322181,0.03927911380175586,0.0032958284305688447,0.0944329393789769,0.9999999999899674,0.4613216840227626
2025-05-12 11:00:00,2576.29,2488.81,2505.94,1.5301982981772644,0.015319314503570824,0.035666303646590514,0.003473399180906159,-0.016493982939342122,0.9722746050428057,0.4785378704851717
2025-05-12 15:00:00,2515.38,2406.63,2435.05,1.692805612636132,-0.0017457664262433559,0.0025957747656224495,0.0036951124833379417,-0.048717958994989985,0.9053655306705516,0.49649380094844137
2025-05-12 19:00:00,2497.52,2428.89,2485.85,-0.03602567246471562,-0.015422695034179701,-0.005873485341581608,0.003785490881058926,0.08582883825670784,0.9024159553364086,0.49116358390618853
2025-05-12 23:00:00,2500.36,2415.3,2439.2,-0.014379329936743271,-0.025187013050214868,-0.015012408314862502,0.0038931287256483,-0.0631719342186099,0.8912100841457108,0.5031952360830426
2025-05-13 03:00:00,2463.32,2418.23,2453.51,-0.20457426509001359,-0.026842251947642448,-0.01190923503969088,0.004000818802707247,0.05028685262466848,0.8758811331551776,0.5025994899408971
2025-05-13 07:00:00,2488.45,2451.25,2482.41,-0.03485629038101093,-0.03628576006014261,0.03022132068322181,0.004025199650616613,-0.06631287436667133,0.9065791833278376,0.4991719184518762
2025-05-13 11:00:00,2562.0,2478.61,2544.74,1.2311796417710714,-0.00400912384065899,0.015319314503570824,0.004022079404725971,0.1656178115161575,0.96206392471962,0.4911359220785643
2025-05-13 15:00:00,2672.0,2539.66,2669.95,1.791518934733332,0.05239573306755352,-0.0017457664262433559,0.004002086634451529,0.27392553130190134,0.9999999999903095,0.475858385722022
2025-05-13 19:00:00,2738.5,2653.76,2679.62,1.6976067583327776,0.08842811431199205,-0.015422695034179701,0.003981806052296378,0.04216876523827806,0.9999999999910539,0.4816322931091884
2025-05-13 23:00:00,2725.99,2622.99,2638.29,1.825212649018211,0.09026709016676837,-0.025187013050214868,0.004116924185160128,0.11772612736815313,0.9931675707365312,0.4939314769640356
2025-05-14 03:00:00,2687.75,2624.32,2673.98,-0.19825651047698714,0.08818009704021512,-0.026842251947642448,0.004263433297525628,0.16824784772639556,0.973704635291368,0.4927572592005215
2025-05-14 07:00:00,2674.47,2577.48,2595.83,0.9076743962262195,0.059287547685150654,-0.03628576006014261,0.004429483854273446,-0.032593938735597905,0.9395683853314325,0.5089949332641461
2025-05-14 11:00:00,2636.15,2559.19,2583.86,0.5058831205515223,0.028825936150236098,-0.00400912384065899,0.004544874785737191,-0.21225337774115471,0.9230753521468851,0.5117305011933274
2025-05-14 15:00:00,2614.33,2547.26,2613.49,0.0728895900468242,-0.007189800258332935,0.05239573306755352,0.0046386511221030826,-0.16556295936949317,0.9064492260029596,0.5062759363538697
2025-05-14 19:00:00,2617.5,2583.99,2595.97,-0.6664748435380411,-0.031688232686904017,0.08842811431199205,0.004653441675725465,-0.1600027710774009,0.9238196022193247,0.508456445099858
2025-05-14 23:00:00,2647.03,2566.91,2591.13,0.11880129566378599,-0.028445439259676353,0.09026709016676837,0.0047084465622536115,0.006365866954150867,0.9249773928578786,0.5065790701413191
2025-05-15 03:00:00,2596.49,2555.83,2573.64,-0.2918184210332094,-0.030093893609706268,0.08818009704021512,0.00481046576111678,-0.08671175314901114,0.9021484534795217,0.5066207147953133
2025-05-15 07:00:00,2577.6,2515.69,2543.57,0.454300498538318,-0.029835085021835073,0.059287547685150654,0.004921973684166673,0.06988184248290086,0.8696460472253135,0.5070628548500661
2025-05-15 11:00:00,2579.61,2476.03,2500.12,0.694539630411669,-0.027172073770555638,0.028825936150236098,0.00497437926713546,0.06744244031326985,0.8598422714618418,0.508501123985806
2025-05-15 15:00:00,2603.59,2498.0,2525.0,0.6858496004442158,-0.009467109016867314,-0.007189800258332935,0.004946917711785377,0.13169855449377943,0.8845753877277822,0.49660256704868727
2025-05-15 19:00:00,2564.33,2511.77,2541.5,-0.24777088528001515,-0.02551089360820158,-0.031688232686904017,0.00502679725820784,0.07099456356703127,0.8644333253508014,0.4861966020856753
2025-05-15 23:00:00,2583.33,2516.25,2573.8,-0.2767840165049611,-0.019123239550628668,-0.028445439259676353,0.0050093939911912905,-0.05086842698588889,0.8804386618645131,0.4718432495437174
2025-05-16 03:00:00,2600.84,2564.0,2597.58,-0.36245384662301433,0.0027125039768480796,-0.030093893609706268,0.004966196685944657,0.053339021270538245,0.9084040518054814,0.45899007175834
2025-05-16 07:00:00,2628.78,2558.12,2625.05,0.5538119271705981,0.022425483554866288,-0.029835085021835073,0.004960330152458008,0.0834997041588148,0.9206349942504702,0.4442711033182242
2025-05-16 11:00:00,2649.31,2573.8,2585.1,0.47185569591770143,0.029302149054008186,-0.027172073770555638,0.004962234222875071,0.16298415802470645,0.9261794594847051,0.43796147720178064
2025-05-16 15:00:00,2604.86,2570.0,2586.5,-0.2701562754563186,0.011184319218169536,-0.009467109016867314,0.005011368269134174,-0.04081497885766139,0.9101722112187474,0.42433128735369646
2025-05-16 19:00:00,2593.47,2529.4,2545.69,-0.5580451245455815,0.011021971982354328,-0.02551089360820158,0.005064587611494258,-0.10983026770048165,0.8894365900419374,0.41651992267351456
2025-05-16 23:00:00,2557.93,2452.6,2490.67,0.8171114854005594,-0.022409751930900446,-0.019123239550628668,0.005191377872666725,-0.07706670953524519,0.8292436241037522,0.40942953713585467
2025-05-17 03:00:00,2513.51,2474.93,2493.31,-0.4653041525071783,-0.03569325759855435,0.0027125039768480796,0.005158986768688913,-0.17498508858830364,0.8258646935016044,0.39161544867589504
2025-05-17 07:00:00,2506.29,2466.59,2485.94,-0.4997482168426031,-0.043686484465874975,0.022425483554866288,0.005126646030684626,-0.16327120454257327,0.8190772630396456,0.37382793392112373
2025-05-17 11:00:00,2488.99,2446.42,2482.68,-0.5059036771750556,-0.05105866910871548,0.029302149054008186,0.005095538494689427,-0.2564449657440524,0.80720055798894,0.35256446667459984
2025-05-17 15:00:00,2488.69,2448.27,2467.09,-0.522882508063873,-0.044378889732311744,0.011184319218169536,0.005028037225632957,-0.13221507593729875,0.8074691759711033,0.32907163625305463
2025-05-17 19:00:00,2495.45,2453.26,2460.01,-0.630280428952157,-0.03447970569735648,0.011021971982354328,0.00494757990244466,0.10200783541612068,0.8103575188133455,0.30195264644721165
2025-05-17 23:00:00,2487.44,2457.07,2481.2,-0.8636190458485068,-0.008131387242440224,-0.022409751930900446,0.004872955834487587,0.13021267734527497,0.8110837713299719,0.27011290128203586
2025-05-18 03:00:00,2515.44,2467.75,2497.28,-0.7080347403723892,0.0005646656981157516,-0.03569325759855435,0.004759732780830227,0.13260692047625589,0.8271238552198741,0.24211639014427214
2025-05-18 07:00:00,2528.55,2494.56,2505.28,-0.5375730564418061,0.011769716567855637,-0.043686484465874975,0.004645901870967813,0.15356074584540047,0.8452429529823982,0.21631126950295826
2025-05-18 11:00:00,2569.81,2488.02,2557.93,-0.2492790989980224,0.024133672515865623,-0.05105866910871548,0.004538023215226837,0.27578441905318263,0.8605663847939314,0.18676795068168356
2025-05-18 15:00:00,2587.61,2450.94,2463.01,1.3378684216497752,0.019766542125522646,-0.044378889732311744,0.004479432921958822,-0.0037525789770750384,0.8511834512946205,0.1718789437537909
2025-05-18 19:00:00,2471.52,2323.21,2454.91,2.099333209934151,-0.029707499972029372,-0.03447970569735648,0.004610616451064692,-0.02450432166382832,0.7445727244049707,0.15879427598958748
2025-05-18 23:00:00,2513.67,2392.44,2401.19,0.826218337307838,-0.009995982430393902,-0.008131387242440224,0.004381075377592894,-0.05649703120791094,0.7889412378115321,0.1515850188605642
2025-05-19 03:00:00,2405.1,2348.38,2353.69,0.24235164943276408,-0.04592982521382705,0.0005646656981157516,0.00437594008669793,-0.10761863688046036,0.7246459923280305,0.1483749955213331
2025-05-19 07:00:00,2422.69,2351.82,2409.83,0.0012637077115533494,-0.04501319931308856,0.011769716567855637,0.004171954066494214,-0.04097410055654116,0.7439946520115611,0.14238310083772435
2025-05-19 11:00:00,2454.48,2383.8,2447.3,0.23322659501308532,-0.04358018075909986,0.024133672515865623,0.003981628688242046,-0.03489745060457172,0.761873578086192,0.13403474422998377
2025-05-19 15:00:00,2547.36,2443.3,2489.7,0.972963646101971,-0.00915318782559138,0.019766542125522646,0.0037049258951660133,0.06914915973206526,0.830540788696736,0.12687309782868267
2025-05-19 19:00:00,2534.52,2479.69,2504.15,-0.0002263332929763902,0.045511336089483656,-0.029707499972029372,0.003554799823517845,0.08677181466668293,0.8423598490567031,0.12051411991165245
2025-05-19 23:00:00,2588.63,2500.85,2567.0,0.23085082659168435,0.038602529429846655,-0.009995982430393902,0.00337889945312446,0.10708877436166753,0.8724639009704633,0.11252511947343263
2025-05-20 03:00:00,2580.28,2535.0,2544.07,-0.06961875836953396,0.07559685302259123,-0.04592982521382705,0.003237411142865813,0.14807455909270884,0.8802650710272861,0.10925151698447055
2025-05-20 07:00:00,2547.0,2507.75,2515.75,-0.3836981547918717,0.05321546460215165,-0.04501319931308856,0.003147802607320646,-0.08223960697598898,0.8474320574906276,0.10736847324964491
2025-05-20 11:00:00,2519.54,2464.56,2469.2,0.06593547389597679,0.027610366834371014,-0.04358018075909986,0.003049688122848104,-0.08843247739452653,0.7978088513436018,0.10841652914033244
2025-05-20 15:00:00,2508.64,2442.4,2452.79,0.09105132159513214,-0.007119244968094018,-0.00915318782559138,0.0028802686717673115,-0.11502971426317776,0.7835837173737406,0.11001778824371489
2025-05-20 19:00:00,2526.65,2448.03,2516.55,-0.0346568106232246,-0.0053188171940175,0.045511336089483656,0.0026740971608898573,0.0029819311653065395,0.7988477324265021,0.10665748035208118
2025-05-20 23:00:00,2549.0,2509.0,2539.55,-0.17598818453626744,-0.006082086520804331,0.038602529429846655,0.00246237255086299,-0.02604789665591578,0.833639194999803,0.10566136473999585
2025-05-21 03:00:00,2615.95,2534.52,2597.68,0.39274420501122864,0.006474142315893383,0.07559685302259123,0.0022637654180902517,0.025519945563468927,0.8818539127210658,0.10436478115758775
2025-05-21 07:00:00,2600.8,2515.38,2528.8,0.26722335306339867,0.007458159343282755,0.05321546460215165,0.0021400779041645937,0.031316340050034475,0.85194543006933,0.10717643271262904
2025-05-21 11:00:00,2581.04,2522.22,2580.5,0.430238648325081,0.024133300141748526,0.027610366834371014,0.0019799187340273344,0.0909659312385176,0.8521977184368553,0.10532845200773297
2025-05-21 15:00:00,2615.34,2452.2,2475.05,3.341305794782814,0.016636552759179635,-0.007119244968094018,0.0018300568061831244,0.0681165672512214,0.8239127604027365,0.1102425403045359
2025-05-21 19:00:00,2543.37,2463.46,2536.11,-0.07232539917667209,0.0014918297330430708,-0.0053188171940175,0.0016498204917885827,0.007132419063907491,0.8028016050346684,0.1075136036604353
2025-05-21 23:00:00,2603.12,2525.5,2594.49,0.8060347259367148,0.017369662486610205,-0.006082086520804331,0.0014008223132336941,0.022120071423065824,0.8802792154381333,0.10597350166127464
2025-05-22 03:00:00,2647.8,2585.7,2609.3,1.0707773748310938,0.018043033057888014,0.006474142315893383,0.0012033802445246195,-0.048045275686239286,0.9311719689018694,0.10659801428174163
2025-05-22 07:00:00,2692.99,2604.25,2656.82,0.8292725921481794,0.04242269805312038,0.007458159343282755,0.0010478424092248057,0.10135004376072843,0.9661945278543086,0.1074544913563048
2025-05-22 11:00:00,2676.0,2623.14,2666.05,0.4979768135867959,0.04069678899323681,0.024133300141748526,0.0009287594925530109,-0.01582779231661502,0.9615620631560587,0.11014252574027197
2025-05-22 15:00:00,2679.99,2635.28,2658.8,-0.3629007170338089,0.055606474212327894,0.016636552759179635,0.0008103320258339452,0.08470700606470105,0.9722003823021764,0.11138225394095903
2025-05-22 19:00:00,2661.5,2626.37,2635.76,-0.5257041494306256,0.05567592056157378,0.0014918297330430708,0.0007205494434301679,0.02981175691218607,0.9495969785829652,0.11354254883613736
2025-05-22 23:00:00,2734.23,2635.76,2705.32,0.6157694831805892,0.04483647454483841,0.017369662486610205,0.0006375916787255714,0.02362941647425787,0.9999999999892076,0.11334338421432123
2025-05-23 03:00:00,2730.85,2651.45,2657.11,0.2610552474183857,0.025867383050333315,0.018043033057888014,0.0005944989477176818,-0.11257863930697287,0.9999999999892119,0.11607747762981645
2025-05-23 07:00:00,2689.21,2651.35,2671.55,-0.32702439351552615,0.0047696350517500985,0.04242269805312038,0.000561447272232465,-0.11830864326027879,0.9765372194429818,0.11720617289335922
2025-05-23 11:00:00,2671.99,2498.3,2574.37,2.6622117372470155,-0.031557761692086794,0.04069678899323681,0.0005811362136859686,-0.03484770699002793,0.8681192231180961,0.12172204279148675
2025-05-23 15:00:00,2587.18,2545.91,2559.86,-0.016496856864453797,-0.03520971485352453,0.055606474212327894,0.000532486233564533,-0.07404245419530864,0.8679259126968547,0.11996087924479294
2025-05-23 19:00:00,2575.47,2527.01,2538.49,-0.5217708424989239,-0.03519370626835061,0.05567592056157378,0.0004774911640342295,-0.06953967364079472,0.846293419431392,0.11791557187803543
2025-05-23 23:00:00,2545.0,2503.66,2540.85,-0.4250619380605714,-0.06077056631643263,0.04483647454483841,0.0004200056318860709,-0.1190292059249547,0.8232562690863704,0.11626921204512414
2025-05-24 03:00:00,2563.5,2535.08,2547.23,-0.8445085086885242,-0.05218208595058316,0.025867383050333315,0.00035084438805157894,0.02177170704395648,0.8485544067229805,0.11288324706005738
2025-05-24 07:00:00,2575.85,2545.0,2570.1,-0.7941027364236527,-0.04117154211010088,0.0047696350517500985,0.00029297504104194025,0.11647626886390561,0.8580130042360956,0.11149590661887304
2025-05-24 11:00:00,2575.69,2543.51,2558.52,-0.756522943677262,-0.0038690834972157084,-0.031557761692086794,0.00025254864194627046,0.09124642835095664,0.8574004233167127,0.11172718298168062
2025-05-24 15:00:00,2567.38,2543.86,2549.41,-0.9071896825254733,-0.0044949477765632295,-0.03520971485352453,0.00021658806553216217,-0.12412412893234193,0.8554741050673912,0.1111652908676461
2025-05-24 19:00:00,2556.57,2519.5,2525.39,-0.8587677704390807,-0.0037927880605169717,-0.03519370626835061,0.00019886540328024852,-0.025753318095035782,0.8358687670037219,0.11167341154388989
2025-05-24 23:00:00,2539.5,2476.0,2508.24,-0.22258300319612562,-0.009403910206929988,-0.06077056631643263,0.00019343455249101792,-0.039858430458405425,0.7976258286577881,0.11209419260940039
2025-05-25 03:00:00,2520.22,2502.08,2507.42,-0.9160146345173267,-0.014754153498842126,-0.05218208595058316,0.00018526388798991163,0.08546073061067605,0.8079685782837001,0.11205802559555691
2025-05-25 07:00:00,2507.42,2463.0,2492.31,-0.39279885776319207,-0.02810548322070816,-0.04117154211010088,0.00017658193505022972,-0.1944395562125244,0.7804344063422692,0.11310904046795288
2025-05-25 11:00:00,2524.9,2488.71,2505.99,-0.7421541679994542,-0.019320085240254414,-0.0038690834972157084,0.00013935038806278874,-0.03187583493380175,0.804083692175021,0.11241661659969521
2025-05-25 15:00:00,2523.37,2479.24,2516.6,-0.7082103957684684,-0.02023934082225909,-0.0044949477765632295,0.00011443089957431687,0.0890782795753633,0.7996595349150999,0.11199243901956527
2025-05-25 19:00:00,2554.26,2507.65,2549.16,-0.7303664316049384,-0.0023689224965895983,-0.0037927880605169717,7.870448744635029e-05,0.10760146196551612,0.8293823697606251,0.1105881197838272
2025-05-25 23:00:00,2577.0,2535.0,2552.71,-0.3035843813544253,0.02076310482773036,-0.009403910206929988,6.32534676866779e-05,0.04262170385357611,0.8536836869543071,0.11021889998085012
2025-05-26 03:00:00,2585.9,2548.49,2582.81,-0.767241229917453,0.021764215794627617,-0.014754153498842126,6.002504783537374e-05,-0.05700522274382214,0.8669544162931769,0.10863460446857616
2025-05-26 07:00:00,2599.0,2553.24,2559.34,-0.5408346603396597,0.035545964971415156,-0.02810548322070816,5.685640530973744e-05,0.07799072301360543,0.8757931037748039,0.1082074107742487
2025-05-26 11:00:00,2574.43,2539.23,2550.51,-0.5492131266282195,0.019927252118443484,-0.019320085240254414,7.541650386324899e-05,-0.07011730230090452,0.8580135372683869,0.10813709682829419
2025-05-26 15:00:00,2573.3,2525.86,2534.89,-0.5209193149588137,0.017312590356841406,-0.02023934082225909,7.916417944596804e-05,0.04280404031383789,0.8457149647666805,0.10826071061624129
2025-05-26 19:00:00,2584.65,2532.42,2559.54,-0.793409045131394,0.010437409310548595,-0.0023689224965895983,5.613565848144547e-05,0.002597118019374456,0.8572257356728823,0.10732112337570303
2025-05-26 23:00:00,2573.5,2509.46,2535.61,-0.5710287368721437,-0.005581416122818927,0.02076310482773036,3.5585966336419e-05,-0.021654721417750045,0.83754176207895,0.10797139747281233
2025-05-27 03:00:00,2610.92,2535.6,2569.59,0.6670139790805221,0.007248882125147071,0.021764215794627617,4.057584421349139e-06,0.05862183360158424,0.8864971622505651,0.10644394285660952
2025-05-27 07:00:00,2647.68,2569.6,2638.42,0.3231620750081582,0.019430903425534662,0.035545964971415156,-1.763131551099631e-05,0.2533531900183785,0.9294430110015152,0.10511446710036425
2025-05-27 11:00:00,2683.87,2626.99,2661.1,0.6987210492279453,0.03790161303505091,0.019927252118443484,-1.744540194787257e-05,0.13017281460354035,0.9624564655507105,0.10632083202982107
2025-05-27 15:00:00,2712.36,2653.5,2680.0,0.2922929243852543,0.05271023023938981,0.017312590356841406,8.85071214832598e-06,0.04642795550432233,0.991279885060052,0.10788956963149057
2025-05-27 19:00:00,2694.12,2652.98,2659.82,-0.47014780653901594,0.04402489055844794,0.010437409310548595,6.603986407903754e-05,-0.20238887164929242,0.9793119249144767,0.10967006364049874
2025-05-27 23:00:00,2664.7,2618.34,2638.45,-0.33994701474060696,0.040251574336833684,-0.005581416122818927,0.00014835639977520858,0.10612030154218899,0.9483717915928164,0.1111467408949039
2025-05-28 03:00:00,2652.57,2623.85,2627.7,-0.6295495334442365,0.020770575126152435,0.007248882125147071,0.00021879863633119084,-0.07176721672988695,0.9447043895286629,0.11210132986179626
2025-05-28 07:00:00,2645.76,2608.5,2640.41,-0.4657584230248942,0.0025894300404953885,0.019430903425534662,0.0002819413758632971,-0.13803583060878655,0.9368108060380713,0.11245604039371897
2025-05-28 11:00:00,2689.14,2621.26,2628.4,0.22477214040811105,-5.85373176861248e-05,0.03790161303505091,0.00032690072847538676,-0.12477550093058998,0.962174859635005,0.11388842334216659
2025-05-28 15:00:00,2664.35,2613.2,2636.17,-0.131166750150488,-0.01600135850592732,0.05271023023938981,0.00037802831867993875,-0.0950851658361066,0.9445955053926954,0.11307921621292057
2025-05-28 19:00:00,2659.36,2612.04,2648.61,-0.4716350613716055,-0.013934068819756895,0.04402489055844794,0.00041637188196793436,0.1290634377395239,0.9387869028690485,0.11195923007287821
2025-05-28 23:00:00,2788.0,2648.49,2770.7,1.0958388074300867,0.02929078795097273,0.040251574336833684,0.00044365413796085333,0.07155971689880225,0.9999999999894695,0.10951697436472442
2025-05-29 03:00:00,2773.75,2701.28,2727.75,0.22612519862813613,0.037490399905222516,0.020770575126152435,0.0005074913051947335,-0.04139850496995334,0.999999999989667,0.10740570432418116
2025-05-29 07:00:00,2744.42,2711.6,2730.6,-0.3763984386445846,0.03590906509766367,0.0025894300404953885,0.0005734145131740843,0.023480837076780947,0.9878921891500154,0.10652392024978213
2025-05-29 11:00:00,2731.66,2621.92,2672.02,0.8386033088913372,0.00789546581990197,-5.85373176861248e-05,0.0006324952050664681,0.029089355563721275,0.9361874507884521,0.1071081562238058
2025-05-29 15:00:00,2674.51,2630.67,2649.9,-0.18282324999380425,0.005206765448759754,-0.01600135850592732,0.0006660432856758642,0.14556697350291103,0.9120143336024596,0.10712673205316672
2025-05-29 19:00:00,2668.95,2628.99,2644.99,-0.5478273115394869,0.006121656176859558,-0.013934068819756895,0.0006952350545242135,0.015010177444441553,0.9089546336359204,0.10666430372598255
2025-05-29 23:00:00,2649.0,2557.07,2629.79,0.3982708865954907,-0.04099963925967498,0.02929078795097273,0.0007260965096931238,-0.19637153448284117,0.8660057486853814,0.10749101920246522
2025-05-30 03:00:00,2649.23,2606.8,2620.3,-0.3892081940989666,-0.03943866568950671,0.037490399905222516,0.0007314230688905176,0.08793595231691365,0.8884153642224633,0.10765120567011306
2025-05-30 07:00:00,2643.1,2588.16,2622.05,-0.08064873566920001,-0.04055895460439818,0.03590906509766367,0.0007636262986332327,0.055739835238831414,0.8736289768436551,0.1066788953642842
2025-05-30 11:00:00,2628.1,2572.56,2595.5,0.13992022501145884,-0.029662721298693517,0.00789546581990197,0.0007971215252321463,0.0757364642507552,0.8541549513429991,0.10482884959989931
2025-05-30 15:00:00,2616.8,2533.2,2578.21,0.5516943724247125,-0.0320578038952305,0.005206765448759754,0.0008301833031261624,-0.05286527094616322,0.8241331506097811,0.10155665628110162
2025-05-30 19:00:00,2589.85,2523.42,2526.71,-0.5632573492879973,-0.0332444458495047,0.006121656176859558,0.0008407510545633575,-0.09444943057123001,0.8179221854347182,0.10331193788047417
2025-05-30 23:00:00,2539.98,2475.33,2490.22,0.796569282252321,-0.037171233430618456,-0.04099963925967498,0.0008566236270644762,0.09289938274094478,0.765817137684383,0.10649713993763736
2025-05-31 03:00:00,2526.5,2485.23,2521.7,-0.6809303786873401,-0.045110993548151734,-0.03943866568950671,0.0008157026978049035,0.09768599016429635,0.7658155872448015,0.10627141691567843
2025-05-31 07:00:00,2538.45,2508.04,2520.21,-0.8189366519648511,-0.035548784120638555,-0.04055895460439818,0.0007698856063647388,-0.04568596942923053,0.7775423999923777,0.10657710855330414
2025-05-31 11:00:00,2547.7,2509.74,2542.5,-0.6931081877958334,-0.024869457533836625,-0.029662721298693517,0.000726027785748269,-0.030612461413914938,0.7874183659796417,0.10614118838412429
2025-05-31 15:00:00,2550.14,2523.36,2539.73,-0.8791486746260248,-0.011563380605468687,-0.0320578038952305,0.0006818613435520501,-0.0770938171027794,0.7934502530679161,0.10399507796788156
2025-05-31 19:00:00,2550.34,2530.69,2530.76,-1.013119148223665,-0.008302220225073098,-0.0332444458495047,0.000640306128201923,-0.02721068060257048,0.7959441914733794,0.10449792752710735
2025-05-31 23:00:00,2548.31,2492.0,2507.07,-0.5915847510811552,0.0024710900773994293,-0.037171233430618456,0.0006062390278509447,0.09685653709738307,0.7722299572044625,0.107039061716841
2025-06-01 03:00:00,2527.28,2492.4,2512.7,-0.9481411269944452,0.0008937797396493252,-0.045110993548151734,0.0005593070951122708,0.018410020727137377,0.7681350675378025,0.10803601832740757
2025-06-01 07:00:00,2515.67,2477.77,2493.6,-0.7603689244217436,-0.010580046740039983,-0.035548784120638555,0.0005195323772322466,-0.07651318530603934,0.7499616658649826,0.10988170671745007
2025-06-01 11:00:00,2518.73,2468.56,2509.68,-0.7443824254489857,-0.014661597750991628,-0.024869457533836625,0.0004768863868758226,-0.06644382445041463,0.7490527894262522,0.1091977494075943
2025-06-01 15:00:00,2547.79,2493.49,2520.2,-0.48321308129031404,-0.004023888725189995,-0.011563380605468687,0.00043411700002336285,0.15706538912292944,0.7828965143407414,0.10853670465506882
2025-06-01 19:00:00,2547.59,2511.82,2535.28,-0.8877151215424703,-0.003662890135327168,-0.008302220225073098,0.0004046007722406795,-0.0034066785377002695,0.7863281343627704,0.10782116487866251
2025-06-01 23:00:00,2545.25,2507.6,2508.53,-0.8101649887648646,0.004795179146404482,0.0024710900773994293,0.0003363944156995439,-0.10112177641929954,0.78470485897448,0.10695511986746889
2025-06-02 03:00:00,2510.24,2483.37,2494.79,-0.7212420689169454,-0.007666939830255015,0.0008937797396493252,0.0002872579199147221,-0.14517778016763427,0.7482205299602457,0.10769665800560842
2025-06-02 07:00:00,2515.92,2475.0,2482.1,-0.5353699881889206,-0.0017960614293359711,-0.010580046740039983,0.00019625390285942727,0.01887263909463832,0.7453291161760704,0.10813272257037271
2025-06-02 11:00:00,2540.79,2475.72,2531.4,-0.3041358945249371,0.0050745570859327405,-0.014661597750991628,0.00010980189498458003,0.07641869339661644,0.7621368932155546,0.10637810761616862
2025-06-02 15:00:00,2565.56,2523.36,2544.47,-0.29132879232116954,0.006716853676601797,-0.004023888725189995,3.5671991715747234e-05,-0.09346576575024534,0.8004423955755877,0.10595800232550442
2025-06-02 19:00:00,2585.0,2524.8,2584.57,-0.5929614729298618,0.009317728826567118,-0.003662890135327168,6.428023184139044e-07,0.1837746521031598,0.8107000415098002,0.10410506742144554
2025-06-02 23:00:00,2649.91,2582.7,2616.21,0.12268088167027225,0.03578197943585448,0.004795179146404482,-2.6235578297182827e-05,0.06053370657610202,0.8782398700858045,0.1029721484121319
2025-06-03 03:00:00,2619.75,2589.3,2618.54,-0.6091289345405184,0.04354898704984045,-0.007666939830255015,-2.1146406517331272e-05,0.1332748863054647,0.8604698424220862,0.10308535250437088
2025-06-03 07:00:00,2620.75,2594.79,2611.46,-0.7694692539497839,0.04735058778633272,-0.0017960614293359711,-1.7545353325821277e-05,-0.051762274214067094,0.8672403013798385,0.10359426202771367
2025-06-03 11:00:00,2655.38,2598.02,2648.6,-0.4807222833488721,0.04597853673325214,0.0050745570859327405,-2.2161991907067618e-05,0.10673828010877706,0.8811203578512404,0.10302826318661136
2025-06-03 15:00:00,2651.51,2602.56,2618.41,-0.4972762646291472,0.030730524923350044,0.006716853676601797,-3.6570412797023916e-05,0.04374709649677855,0.8788178693029802,0.10435080272133311
2025-06-03 19:00:00,2628.57,2575.0,2604.5,-0.7394234869928881,0.019917316209464353,0.009317728826567118,-5.498075517672523e-05,-0.108081659346275,0.8584849276012914,0.10445327101164789
2025-06-03 23:00:00,2622.77,2583.5,2612.24,-0.836147471094055,-0.006341067962650659,0.03578197943585448,-7.410500044253825e-05,-0.18130580682992836,0.8561962155495291,0.10329556612937728
2025-06-04 03:00:00,2644.77,2610.0,2629.32,-0.5057855351103123,0.010231086366813358,0.04354898704984045,-8.304785676328496e-05,-0.07862219392972036,0.8840590197535284,0.1019214502710845
2025-06-04 07:00:00,2650.0,2622.45,2638.45,-0.7619899727963467,0.010916225574723937,0.04735058778633272,-6.987131340874063e-05,0.2021816035861308,0.8930510913120703,0.10042664906694611
2025-06-04 11:00:00,2644.88,2594.49,2640.38,-0.014647105518760514,-0.0014967155205984906,0.04597853673325214,-6.434805404153164e-05,-0.07266442776697135,0.8729235270303287,0.09957957193706496
2025-06-04 15:00:00,2679.88,2625.55,2629.11,0.07002395872676707,0.011499910050819073,0.030730524923350044,-6.414700866491633e-05,0.10556407964676562,0.9093550015082079,0.09924514237487594
2025-06-04 19:00:00,2633.21,2599.11,2605.6,-0.6598501493718084,0.0028641363592807334,0.019917316209464353,-6.414377945263965e-05,0.10594149303929323,0.8625797847831014,0.09982347049556295
2025-06-04 23:00:00,2628.64,2599.54,2620.07,-0.9036089691291825,0.003435906303532299,-0.006341067962650659,-8.364660778502518e-05,0.11780838555532358,0.8519127624042598,0.0991088778862209
2025-06-05 03:00:00,2634.46,2602.5,2604.33,-0.7657243467153777,-0.0039572629859963016,0.010231086366813358,-7.995641605613481e-05,-0.020885351017112752,0.8517931864381724,0.09971091210711001
2025-06-05 07:00:00,2615.09,2580.88,2596.69,-0.6339292444339271,-0.013561892810737275,0.010916225574723937,-5.925275285442037e-05,-0.0957087227347615,0.822359774112319,0.09976827748505149
2025-06-05 11:00:00,2640.86,2562.85,2587.78,0.5432581821891926,-0.006508137731554564,-0.0014967155205984906,-3.243207481166999e-05,-0.016408390088525793,0.8052088354312336,0.09973137850680629
2025-06-05 15:00:00,2602.49,2552.91,2576.3,-0.10567235998627474,-0.030321166937570254,0.011499910050819073,-6.669388277250917e-06,-0.11165098156134379,0.7178558457043607,0.09950826936870547
2025-06-05 19:00:00,2578.3,2391.66,2430.15,2.4416724801319427,-0.06015693272778122,0.0028641363592807334,1.4207836391167318e-05,-0.16700090512564547,0.47610283749214166,0.11095040144051521
2025-06-05 23:00:00,2436.48,2381.49,2435.4,0.3979850949353328,-0.0753351014735737,0.003435906303532299,-1.1331385514154571e-05,0.021628707047040452,0.3683297616720636,0.11504766576993031
2025-06-06 03:00:00,2468.55,2428.0,2457.95,-0.31074397201616527,-0.06371404281766013,-0.0039572629859963016,-3.1572930926501896e-05,0.02021790863277606,0.3279849868100758,0.11731996725602625
2025-06-06 07:00:00,2487.0,2451.0,2481.8,-0.5225292355396459,-0.05187977285927459,-0.013561892810737275,-3.681596756985142e-05,0.05702020611386538,0.36306481587914236,0.11785589591300645
2025-06-06 11:00:00,2524.21,2466.45,2518.85,0.18788629881931418,-0.04194321614454455,-0.006508137731554564,-4.2362357883816724e-05,-0.04070854393521095,0.42369281062456915,0.11590602941313854
2025-06-06 15:00:00,2531.36,2483.22,2495.08,-0.24292416619605223,-0.026872980028453064,-0.030321166937570254,-7.234865927375197e-05,0.0870626885598269,0.42128914530521255,0.11670563532670597
2025-06-06 19:00:00,2507.06,2477.26,2482.62,-0.986457452620775,0.014155102890240467,-0.06015693272778122,-9.890497259734726e-05,0.17763182258129806,0.36901934655947677,0.11788040187521527
2025-06-06 23:00:00,2483.13,2457.0,2479.99,-0.9539783777951197,0.0234069224332778,-0.0753351014735737,-0.0001368759568618568,0.20972357651641582,0.31068782403763734,0.11907146636015548
2025-06-07 03:00:00,2501.47,2477.51,2501.34,-0.9058905870548335,0.01522697262075745,-0.06371404281766013,-0.00018604800318479286,0.0807352609580616,0.307609162556369,0.11853723320758008
2025-06-07 07:00:00,2502.0,2482.11,2495.01,-1.2054293852546032,0.009386721522483876,-0.05187977285927459,-0.00022168576515092087,-0.030064628794027604,0.3096462830301546,0.11910195010339578
2025-06-07 11:00:00,2518.31,2492.81,2515.65,-0.8836922167239258,0.00442090209156043,-0.04194321614454455,-0.00025223274890688184,0.09750101687066692,0.3476638524622,0.11806306206463531
2025-06-07 15:00:00,2525.79,2506.69,2516.98,-0.9095806191183764,0.004913368743986624,-0.026872980028453064,-0.00027773113281296557,-0.1819816085988265,0.3809545917507871,0.11765465912421176
2025-06-07 19:00:00,2544.36,2516.58,2535.4,-1.0630052153230958,0.014968922445853572,0.014155102890240467,-0.00029918398826838126,-0.019888265202991473,0.4145207416678717,0.11575836734571686
2025-06-07 23:00:00,2536.06,2511.1,2511.68,-1.0374138619157205,0.018822253994913662,0.0234069224332778,-0.0003250102448343341,-0.04202680303743456,0.38875418817891627,0.10920264449927877
2025-06-08 03:00:00,2519.9,2508.08,2512.81,-1.227003292986332,0.00926641632137537,0.01522697262075745,-0.0003657295232943413,-0.006533002267804067,0.3719307859148193,0.10389465424716418
2025-06-08 07:00:00,2521.13,2490.58,2503.04,-0.8516483428123184,0.0052649952403487355,0.009386721522483876,-0.0004060251674969771,0.082489917045937,0.34620328795860844,0.09837982456279766
2025-06-08 11:00:00,2527.35,2500.21,2514.45,-0.9231841161949648,0.0030142443964975563,0.00442090209156043,-0.00045538018662920934,-0.0029893112620823503,0.36870757241982677,0.09509478398338961
2025-06-08 15:00:00,2534.56,2511.68,2532.23,-0.8432044217589938,0.003662106510766039,0.004913368743986624,-0.000493292680463872,0.044371199563023156,0.40664322643863815,0.09225932675826341
2025-06-08 19:00:00,2548.63,2500.0,2507.99,-0.7008381101192479,-0.0009756743946399693,0.014968922445853572,-0.00053047786295792,-0.1194724922828706,0.4076439138999196,0.09134494344744969
2025-06-08 23:00:00,2513.51,2489.68,2492.63,-0.7515446361058506,-0.006781811866406584,0.018822253994913662,-0.0005637178456168501,-0.11837230094242268,0.34112881310646403,0.09091158541019917
2025-06-09 03:00:00,2498.02,2477.73,2493.5,-0.7953411520548564,-0.010051592855603086,0.00926641632137537,-0.0005954948037559187,-0.06847228493580637,0.30151242702361725,0.09007904740077848
2025-06-09 07:00:00,2540.63,2483.45,2534.86,-0.3008870075006539,0.004739530601538755,0.0052649952403487355,-0.0006172448962486598,-0.002385191593691105,0.37928504106711486,0.08708284090366751
2025-06-09 11:00:00,2548.9,2509.94,2530.79,-0.08567939673699518,0.009089145561443912,0.0030142443964975563,-0.0006280857953190877,-0.05545115370292053,0.43235402620149416,0.08651654028104104
2025-06-09 15:00:00,2585.87,2529.8,2584.19,-0.07975463727166743,0.014633627061497734,0.003662106510766039,-0.0006354184563046874,0.19673380720162448,0.5096698724468928,0.0848460085345314
2025-06-09 19:00:00,2669.42,2573.23,2665.94,0.5525074934685129,0.03970167152385207,-0.0009756743946399693,-0.0006282544333509573,0.26698529513531444,0.6871994485385687,0.08571433995030298
2025-06-09 23:00:00,2726.78,2657.85,2692.3,1.581053390500275,0.0772754083484215,-0.006781811866406584,-0.000597019642347613,0.10209284758504489,0.8801162515137266,0.08895863657893748
2025-06-10 03:00:00,2699.27,2655.61,2675.99,0.09536673088023684,0.07672479399335375,-0.010051592855603086,-0.0005701736167117283,-0.029299697162903482,0.8336198320569191,0.09280592373563434
2025-06-10 07:00:00,2697.86,2666.75,2695.11,-0.10845282513919027,0.06584354535248638,0.004739530601538755,-0.0005309728617773396,0.047943532663494715,0.8410488390168317,0.09614485321771514
2025-06-10 11:00:00,2798.76,2688.14,2736.2,3.7585134195034016,0.08585978198338351,0.009089145561443912,-0.0004671145128096366,0.0726281402354616,0.9999999999731686,0.10088900310021826
2025-06-10 15:00:00,2765.27,2690.0,2754.6,0.6577437466643914,0.06793556004947177,0.014633627061497734,-0.0003883924305029215,-0.010112949313648811,0.9575705635390886,0.10693693452106194
2025-06-10 19:00:00,2827.0,2734.93,2803.62,1.6720952261070776,0.05976862822110318,0.03970167152385207,-0.0002990894719309733,-0.031187372362665222,0.9999999999752133,0.11422156547461583
2025-06-10 23:00:00,2834.86,2771.8,2781.26,0.2317748554011736,0.038329369114529666,0.0772754083484215,-0.00020488922223481238,-0.19969726355468553,0.9999999999761332,0.1215594080823455
2025-06-11 03:00:00,2804.03,2780.15,2792.09,-0.6596685906737435,0.04234237772425442,0.07672479399335375,-0.00011754425481406211,0.0590230534951961,0.9843235624693434,0.12754966527797928
2025-06-11 07:00:00,2801.9,2754.0,2771.75,-0.30488841075093787,0.03540133175080551,0.06584354535248638,-3.4060841352192345e-05,-0.12157734801187459,0.9465367871397865,0.1328652057491944
2025-06-11 11:00:00,2856.68,2761.81,2840.59,2.0816535837791275,0.019868656557994635,0.08585978198338351,4.146913639985731e-05,-0.041314549459771754,0.9999999999766015,0.13760794532395035
2025-06-11 15:00:00,2879.22,2801.5,2821.6,1.7473179372408878,0.039782892854125285,0.06793556004947177,0.00013022969035123385,-0.10174541544332028,0.999999999978529,0.14477909662252103
2025-06-11 19:00:00,2831.21,2743.75,2759.09,0.4360890019206336,0.003504150298844655,0.05976862822110318,0.00022914412477085906,-0.18105690360444948,0.88716957084741,0.15115427676783616
2025-06-11 23:00:00,2784.83,2752.01,2757.99,-0.3532445803532007,-0.010296459575612649,0.038329369114529666,0.0003092036474277092,0.14742426609540504,0.8377542877018375,0.15356120803836187
2025-06-12 03:00:00,2777.21,2746.49,2768.12,-0.49408325534808784,-0.011157040815365837,0.04234237772425442,0.0004072709678875765,-0.021841283342790563,0.8186379000281969,0.15513694478313952
2025-06-12 07:00:00,2773.83,2732.46,2750.3,-0.12198396930241406,-0.009737194198783716,0.03540133175080551,0.0005090872327583476,0.04107966569221122,0.7934863551547454,0.15701896491419698
2025-06-12 11:00:00,2770.32,2711.94,2764.79,0.36505412456942654,-0.023085088306833423,0.019868656557994635,0.0006032840966373679,0.029036614029639418,0.7785024023603565,0.15840649038294707
2025-06-12 15:00:00,2773.21,2713.41,2735.29,0.3699935398221114,-0.03611114923834602,0.039782892854125285,0.0006780720646975566,-0.025137277100964472,0.7793983390398068,0.16141605378811605
2025-06-12 19:00:00,2743.79,2616.24,2639.79,1.232380556275368,-0.04597075610409673,0.003504150298844655,0.0007671243614853441,0.026662341205736295,0.6115228402357623,0.16726196226458798
2025-06-12 23:00:00,2658.81,2436.98,2476.21,5.0,-0.09006119307813099,-0.010296459575612649,0.0008562843392420703,-0.101809036607175,0.3021858679037793,0.18054652149292777
2025-06-13 03:00:00,2534.43,2474.4,2532.91,0.9138924243965035,-0.09227722242640557,-0.011157040815365837,0.0008440055240033962,-0.02897686701222657,0.27165538818940327,0.17718801688954258
2025-06-13 07:00:00,2542.26,2506.84,2532.8,0.5586028931646432,-0.08135986131812378,-0.009737194198783716,0.0008238896639945283,-0.0008954504554625764,0.31326392492491867,0.1778625322395358
2025-06-13 11:00:00,2563.24,2502.9,2538.06,0.6616993683042177,-0.07461336209819647,-0.023085088306833423,0.0008089459135206624,-0.08108462656784998,0.33921884264700475,0.1778298234743757
2025-06-13 15:00:00,2585.2,2510.0,2529.7,0.4275725617895306,-0.07200034212104167,-0.03611114923834602,0.0007938978392815474,0.04317621510126468,0.35543433530282975,0.1790576978948822
2025-06-13 19:00:00,2574.19,2521.12,2571.9,-0.7028359828619022,-0.045255680559010525,-0.04597075610409673,0.0007747895981377132,0.10352554717798745,0.35263837750811833,0.17623563872269377
2025-06-13 23:00:00,2583.24,2550.27,2554.84,-0.4746961097715231,0.018260223307001278,-0.09006119307813099,0.0007463854479604774,0.16173724534730782,0.400994647679282,0.17767025921448779
2025-06-14 03:00:00,2560.0,2542.15,2543.53,-0.9724829028972753,0.017959124240648272,-0.09227722242640557,0.0007196614313789259,-0.026187037945379465,0.36828657552833993,0.1787645896263564
2025-06-14 07:00:00,2543.61,2518.51,2531.1,-0.8253663552435104,0.0024276242190235386,-0.08135986131812378,0.000688287544603713,-0.051702945052727656,0.3264270534116005,0.18002542836493834
2025-06-14 11:00:00,2546.19,2524.05,2529.3,-0.8857763328251408,-0.0015628338822181176,-0.07461336209819647,0.0006479321273292584,-0.06181004443979832,0.33070424005736593,0.18050004487718627
2025-06-14 15:00:00,2532.95,2488.72,2508.48,-0.0812352735585846,-0.01447932298812038,-0.07200034212104167,0.0006181369802164756,-0.1066808926108137,0.27631356682074376,0.18277871204367688
2025-06-14 19:00:00,2535.29,2496.58,2526.49,-0.8138642997951725,-0.010723071604298307,-0.045255680559010525,0.0005734138225939527,-0.10334692240959009,0.2940732389148072,0.18200227236176464
2025-06-14 23:00:00,2540.99,2524.77,2529.19,-0.9850131624141294,-0.012911068618801869,0.018260223307001278,0.0005310354758464641,-0.137044302556651,0.3298552112820068,0.18219891459753462
2025-06-15 03:00:00,2553.08,2527.73,2535.6,-0.9168554517699901,-0.004353336787776829,0.017959124240648272,0.0004890433805723617,0.15336548667608452,0.3444422651003185,0.1820857711243646
2025-06-15 07:00:00,2536.0,2508.45,2520.19,-0.8259418935258183,-0.004425164958657302,0.0024276242190235386,0.0004527467199306155,0.027453641590106992,0.3023745574827115,0.1837709002108048
2025-06-15 11:00:00,2554.96,2511.65,2548.76,-0.6703972838112813,1.7096952391826292e-05,-0.0015628338822181176,0.00039781051783637026,0.22914754584711017,0.3307972417827367,0.1819020039671859
2025-06-15 15:00:00,2559.51,2536.0,2548.65,-0.761702299156875,0.01563205827452263,-0.01447932298812038,0.0003472432684815908,0.2580924769461661,0.3604965180309434,0.18207834724361716
2025-06-15 19:00:00,2553.45,2492.0,2544.66,-0.3420721730032615,0.0017740187244399408,-0.010723071604298307,0.00031745938237093724,0.052801995675757496,0.3036583257011352,0.17965193089077286
2025-06-15 23:00:00,2579.0,2514.85,2574.3,-0.2550658401824537,0.007005996761877631,-0.012911068618801869,0.0002729407498910067,0.05336296535205354,0.3679595514113882,0.17477583133852903
2025-06-16 03:00:00,2620.7,2564.28,2607.89,-0.06798029903048959,0.021815188913426153,-0.004353336787776829,0.0002374304041624026,-0.029650653238577407,0.43727796705874666,0.17038498622927595
2025-06-16 07:00:00,2638.5,2607.89,2617.32,-0.10229114954731236,0.041495792246563745,-0.004425164958657302,0.00020676052039758172,0.08576867356276141,0.48686262396616525,0.16827612076985102
2025-06-16 11:00:00,2657.9,2592.6,2639.91,0.2503692127380579,0.03562251488162804,1.7096952391826292e-05,0.00018661904617103752,-0.0590464238593329,0.484316760913479,0.16628695782612368
2025-06-16 15:00:00,2654.99,2627.62,2654.19,-0.5545550251668023,0.036034528432822954,0.01563205827452263,0.00016935630430663616,-0.08072976933047848,0.5201228006289176,0.16440806713079045
2025-06-16 19:00:00,2680.34,2544.21,2570.3,0.8429550386509668,0.04043584768500175,0.0017740187244399408,0.0001703297406174082,0.05324029687869314,0.48208999497802524,0.16813953202790136
2025-06-16 23:00:00,2617.27,2524.54,2609.01,0.9288941484213242,0.0066799275912505784,0.007005996761877631,0.00017113213245101343,0.12151846503917652,0.35412257547452575,0.1637568329626541
2025-06-17 03:00:00,2618.6,2574.57,2582.26,-0.35838989057248966,-3.243092320981411e-05,0.021815188913426153,0.00016987079966014374,-0.05849127599305781,0.41777544444840103,0.1641563265381184
2025-06-17 07:00:00,2586.73,2544.62,2556.79,-0.22533608769580551,-0.021644128781312277,0.041495792246563745,0.00017580725583662878,-0.11220391622341441,0.3545493610873674,0.1645185986686654
2025-06-17 11:00:00,2567.97,2528.3,2533.19,-0.040210303846757445,-0.027446209598055105,0.03562251488162804,0.00017442909332878224,-0.06348967937566019,0.316604527536068,0.16567512432556772
2025-06-17 15:00:00,2540.83,2453.8,2497.27,1.6294211857189427,-0.05680457251987581,0.036034528432822954,0.00017578562336317458,-0.048868593594233345,0.1709800230534484,0.1685747527533525
2025-06-17 19:00:00,2543.75,2492.07,2494.34,0.03999607471036132,-0.03955937795724607,0.04043584768500175,0.00015042011894000044,-0.0057034799992360385,0.24044737826859844,0.16975820518835288
2025-06-17 23:00:00,2536.82,2493.63,2514.95,-0.6418488059514561,-0.018929938417642234,0.0066799275912505784,0.00013221039240114297,0.016596934266576158,0.24091425827070476,0.16828837620041479
2025-06-18 03:00:00,2546.91,2512.5,2524.03,-0.8319685042608576,-0.02436112254881473,-3.243092320981411e-05,0.0001134730871074385,0.01692735046872862,0.27053590052710236,0.16742797987991326
2025-06-18 07:00:00,2548.42,2488.27,2494.79,-0.4685967898223568,-0.018264171036498578,-0.021644128781312277,0.00010961963109528497,-0.03435764686871534,0.24531479416776364,0.1696214295243518
2025-06-18 11:00:00,2538.7,2465.78,2505.39,0.4501037286796086,-0.019093623107393043,-0.027446209598055105,0.00010608626494907539,-0.0194550058432319,0.20313366835812918,0.16913036084277935
2025-06-18 15:00:00,2520.55,2467.12,2475.56,0.3742199678568804,0.0027581146908290943,-0.05680457251987581,9.040613543762683e-05,0.01942086194550563,0.1869694822414228,0.172675318565546
2025-06-18 19:00:00,2537.48,2470.5,2525.15,-0.25754628525128304,-0.0026049022836925895,-0.03955937795724607,8.422812246268029e-05,0.06477401817433504,0.22516517285780963,0.16889445389713348
2025-06-18 23:00:00,2546.91,2506.2,2514.49,-0.7262917925087479,0.0021267326345124626,-0.018929938417642234,7.131472073189142e-05,-0.007344842970679832,0.25339217410685144,0.16903654964483408
2025-06-19 03:00:00,2531.23,2514.25,2519.04,-1.0084068449830454,-0.003807818722293632,-0.02436112254881473,6.348171098099944e-05,-0.14486682190828504,0.24808196197832388,0.16807446421603608
2025-06-19 07:00:00,2544.81,2517.81,2538.56,-0.8595336624157172,0.004364331951259626,-0.018264171036498578,5.759244841021222e-05,0.1177800244592726,0.2709403056373884,0.16671565091440851
2025-06-19 11:00:00,2538.55,2495.05,2496.92,-0.7048875786407869,0.005879239416285875,-0.019093623107393043,5.050379138359363e-05,-0.14240753686348795,0.23740608284548037,0.17030870232928708
2025-06-19 15:00:00,2523.0,2485.03,2504.79,-0.6677479062004835,0.0025640789434864253,0.0027581146908290943,3.905144320547693e-05,0.010909961350426434,0.2018750674204172,0.17102552628347498
2025-06-19 19:00:00,2532.0,2497.32,2523.59,-0.8867845645063808,0.0008627319241500953,-0.0026049022836925895,1.2698974678452917e-05,-0.05985905185273288,0.23021338613125472,0.17010942897224024
2025-06-19 23:00:00,2531.49,2514.02,2518.0,-0.8724947564172025,-0.0004698132560234658,0.0021267326345124626,-4.865142637599859e-05,-0.07068181490588055,0.25062983449910936,0.1703563716771114
2025-06-20 03:00:00,2524.27,2503.64,2521.47,-0.9914630998168267,-0.003164368087519076,-0.003807818722293632,-0.00012168058710508747,0.06776457874048036,0.22949337449450458,0.1701487379346049
2025-06-20 07:00:00,2569.0,2519.49,2552.84,-0.09488550807174058,0.007099319583045771,0.004364331951259626,-0.00018328793561922635,-0.023662626968984357,0.31280643150475607,0.16710313872704544
2025-06-20 11:00:00,2559.55,2489.75,2490.01,-0.16122120332118273,0.0039696535303170855,0.005879239416285875,-0.00023231157663965323,-0.008832036066741988,0.2606828146995433,0.17009631330683714
2025-06-20 15:00:00,2508.76,2367.36,2419.81,3.094799864389585,-0.025492332963876208,0.0025640789434864253,-0.000289229311443589,-0.11531927161733058,0.053302249363910606,0.17517833990000037
2025-06-20 19:00:00,2437.6,2381.96,2391.0,-0.07469177412899532,-0.04052831352255992,0.0008627319241500953,-0.00036879819085756076,-0.1276157430249889,0.0,0.1756622473406223
2025-06-20 23:00:00,2432.11,2383.6,2422.87,-0.7047410612824271,-0.044591933385889404,-0.0004698132560234658,-0.00045871585936526325,-0.04983886789534564,0.0,0.17086507636077794
2025-06-21 03:00:00,2430.9,2419.0,2424.87,-1.0482091485254712,-0.03555629104717828,-0.003164368087519076,-0.0005517241039644761,0.11507050813429509,0.03234677629180177,0.1668804171394466
2025-06-21 07:00:00,2448.31,2419.9,2438.88,-0.6666597906263363,-0.0450965800819767,0.007099319583045771,-0.0006331668743813084,-0.21231100747603993,0.05576932773969453,0.16213026556069537
2025-06-21 11:00:00,2448.8,2412.77,2419.68,-0.6857985877906444,-0.038490869069975675,0.0039696535303170855,-0.0007139770859667988,0.02061598415081356,0.04500680464693553,0.1545784309941337
2025-06-21 15:00:00,2428.23,2384.27,2387.32,-0.648496167439779,-0.012217666320327059,-0.025492332963876208,-0.0007969606297496963,0.10324784981690405,0.0,0.1494465244950359
2025-06-21 19:00:00,2409.42,2245.0,2286.59,1.4192202483249965,-0.03815300240449837,-0.04052831352255992,-0.0009094933010783152,0.023304711323171468,0.0,0.1592221337493872
2025-06-21 23:00:00,2314.48,2216.0,2265.5,2.20934780742243,-0.056957249899874385,-0.044591933385889404,-0.0010393730186133315,-0.007597698612637149,0.0,0.1644789327273526
2025-06-22 03:00:00,2298.22,2251.3,2286.81,-0.452523608978445,-0.06086663499079226,-0.03555629104717828,-0.0011675357854151179,-0.020299484446955507,0.0065913776724265665,0.1629078476904727
2025-06-22 07:00:00,2288.67,2236.05,2259.37,-0.37139991844054643,-0.071787780945605,-0.0450965800819767,-0.0013058989596007077,0.08704679915038693,0.0,0.16712940927369502
2025-06-22 11:00:00,2287.0,2156.21,2201.34,2.318309363026039,-0.09249062457799828,-0.038490869069975675,-0.001478961161767136,0.15733738418595355,0.0,0.17647517944127225
2025-06-22 15:00:00,2219.95,2168.68,2182.7,0.3011377528090248,-0.09068880628651688,-0.012217666320327059,-0.001646459080332487,0.038195434241749426,0.0,0.1852614282241945
2025-06-22 19:00:00,2235.74,2111.89,2233.81,0.9624538150542988,-0.06462600297714094,-0.03815300240449837,-0.0018177172941536497,0.12388561672793541,0.0,0.1877520123282681
2025-06-22 23:00:00,2260.42,2219.7,2239.07,-0.41045932495947657,-0.016271816745630607,-0.056957249899874385,-0.0019201145654120584,0.09817329249470519,0.09766632059644352,0.1960140026286813
2025-06-23 03:00:00,2255.07,2227.89,2250.88,-0.5513022443816447,-0.015638351030607622,-0.06086663499079226,-0.002052539583537847,-0.01054171832733386,0.10530038451450374,0.20194209730831952
2025-06-23 07:00:00,2275.67,2238.68,2247.01,-0.5006216119793828,-0.00134670311974594,-0.071787780945605,-0.0021754346444436768,0.0712477507937872,0.12832378520263493,0.20891322456612632
2025-06-23 11:00:00,2313.53,2232.45,2274.01,0.32303200249553227,0.03259304509758598,-0.09249062457799828,-0.0022734057953724407,0.04658251580440109,0.15838745081486869,0.21094504286186616
2025-06-23 15:00:00,2312.88,2188.0,2305.48,1.632545582666951,0.03077246201771744,-0.09068880628651688,-0.0023944823376899895,-0.05387690616490037,0.12918556834028136,0.21092586820382797
2025-06-23 19:00:00,2438.68,2295.5,2407.36,1.351696880770249,0.08943322101085305,-0.06462600297714094,-0.0023775105063418627,0.007495016326175774,0.28782882987010117,0.20112467010305266
2025-06-23 23:00:00,2431.0,2389.31,2391.91,-0.07890493280665621,0.0764981240174043,-0.016271816745630607,-0.0023622908953608024,-0.061610189887814415,0.351336565544295,0.20206581960503922
2025-06-24 03:00:00,2434.82,2391.09,2425.76,-0.5201832752812091,0.07587329451632296,-0.015638351030607622,-0.00234345798230999,0.05528395123657237,0.35747789627712406,0.19861904041238226
2025-06-24 07:00:00,2449.14,2376.11,2413.96,0.3188122118739713,0.06737716718822395,-0.00134670311974594,-0.00233316692612495,0.019668056853771487,0.3538142564343633,0.19923930352863664
2025-06-24 11:00:00,2441.19,2397.72,2431.13,-0.07081013758705927,0.062224800219793375,0.03259304509758598,-0.0023086470010070586,-0.027119944418158126,0.36850525418555946,0.19732365076916494
2025-06-24 15:00:00,2482.04,2425.01,2435.57,0.3118892103963922,0.0859501428987135,0.03077246201771744,-0.0022325757828797897,0.08028130933268307,0.41690809640596793,0.1967007619497803
2025-06-24 19:00:00,2450.41,2417.22,2441.61,-0.8546569992260254,0.03049278019661905,0.08943322101085305,-0.0021922227052665667,-0.0784725915770248,0.39474245544971653,0.19564500988157701
2025-06-24 23:00:00,2468.69,2430.7,2451.73,-0.7707264900583839,0.018181066012345592,0.0764981240174043,-0.002111959365212009,0.035310579093172256,0.4162375619265393,0.1941790870836416
2025-06-25 03:00:00,2460.3,2424.21,2444.68,-0.7883945547496738,0.011213477617326717,0.07587329451632296,-0.002041858531160325,-0.15544809339193888,0.3975755407803348,0.19393816651831558
2025-06-25 07:00:00,2450.66,2407.63,2426.49,-0.3065974918560876,0.008809450315277134,0.06737716718822395,-0.0019713331276244687,-0.011843316545769866,0.3852832001422926,0.19489517422891128
2025-06-25 11:00:00,2446.59,2389.69,2432.12,0.36984158872010575,0.001763600634552942,0.062224800219793375,-0.0019048990820179387,-0.004892681952574418,0.3748310624496811,0.19330437905991846
2025-06-25 15:00:00,2432.7,2397.05,2418.4,-0.36724434778654635,-0.015431193799928078,0.0859501428987135,-0.0018284908310726832,-0.05020764362696817,0.36081147867186497,0.19326500471453267
2025-06-25 19:00:00,2454.98,2410.02,2416.24,-0.5932189643598077,-0.0018012406337460929,0.03049278019661905,-0.001717859300099868,0.2908566582737617,0.3882343778447743,0.19233864548850838
2025-06-25 23:00:00,2502.0,2408.02,2493.3,-0.12551913894486974,0.0016718589212096902,0.018181066012345592,-0.001614487654673624,-0.014099104821623687,0.4223141061688924,0.184667869525973
2025-06-26 03:00:00,2520.92,2467.14,2487.21,-0.13987503924697,0.02251945472358874,0.011213477617326717,-0.0015010534452446617,0.2857310241625637,0.4790045706014143,0.18206366368008806
2025-06-26 07:00:00,2500.56,2446.24,2451.13,-0.4205784798941069,0.019944547038084792,0.008809450315277134,-0.0014083332877578283,-0.02035559000055609,0.457156349361122,0.18083955566998616
2025-06-26 11:00:00,2459.49,2420.0,2446.48,-0.05133866343231736,0.006680023622463338,0.001763600634552942,-0.0013347514450894845,0.014389787166928958,0.3988337031168089,0.17592643779986325
2025-06-26 15:00:00,2449.0,2409.51,2425.25,-0.4656386731892895,0.004959265479811181,-0.015431193799928078,-0.0012592900055540322,-0.0935403120970979,0.3785615695497926,0.1709749361311991
2025-06-26 19:00:00,2457.32,2394.32,2413.33,-0.5621587704284737,-0.003091695751892387,-0.0018012406337460929,-0.0011788550838277901,-0.11840702135577519,0.3770838670509795,0.16914182472545847
2025-06-26 23:00:00,2440.11,2382.53,2437.82,-0.39479519605056396,-0.017997940487871178,0.0016718589212096902,-0.0011297290533831144,-0.08043209153513564,0.3567893638728645,0.16286455071019776
2025-06-27 03:00:00,2453.12,2432.88,2448.74,-0.4195853139177587,-0.02070813893869705,0.02251945472358874,-0.0011138672791556,-0.43894849738033537,0.4024389089471817,0.1586972240950644
2025-06-27 07:00:00,2463.54,2435.25,2446.19,-0.1880707527160862,-0.012559181701162325,0.019944547038084792,-0.0011031556528286635,-0.1498420141266752,0.41099479743845707,0.15633615671734433
2025-06-27 11:00:00,2456.92,2414.15,2423.25,-0.469387442303838,-0.0029028119705942768,0.006680023622463338,-0.0010925699951664406,-0.09049031979369782,0.38833365277504434,0.1559387960937203
2025-06-27 15:00:00,2449.44,2388.29,2394.98,-0.49646502951319177,-0.0034452369040302022,0.004959265479811181,-0.0010820617093132388,0.028527163792999133,0.36616930225045363,0.15692876036182538
2025-06-27 19:00:00,2429.47,2392.42,2422.32,-0.811095360340212,-0.0028059916368936566,-0.003091695751892387,-0.0010661821646229415,0.1413209039451635,0.36699506504108265,0.15426819611445955
2025-06-27 23:00:00,2424.42,2405.81,2418.88,-0.9126609532819403,0.0027347607377503635,-0.017997940487871178,-0.0010498812090212971,0.13821311356302246,0.3665665581517168,0.15300116632752817
2025-06-28 03:00:00,2428.75,2416.84,2427.47,-1.0607575844615247,-0.008090425281289448,-0.02070813893869705,-0.001022610474180856,0.22179665387766723,0.37314505808803383,0.15064873480773458
2025-06-28 07:00:00,2433.86,2419.65,2426.14,-0.7809746723842226,-0.009174972282183336,-0.012559181701162325,-0.000998630889722614,0.030664534268344923,0.37769551353055497,0.14972379261815694
2025-06-28 11:00:00,2429.38,2420.0,2425.57,-1.0502692141014902,-0.0027367980688133287,-0.0029028119705942768,-0.000980516555394702,0.058421260079798865,0.37846284437234473,0.1484237441509925
2025-06-28 15:00:00,2447.8,2423.2,2437.02,-0.7914254552186352,0.007836121056822742,-0.0034452369040302022,-0.0009566433544523417,0.206700140410071,0.39425815411899606,0.14717854993779358
2025-06-28 19:00:00,2441.45,2427.44,2440.22,-1.1099705915987412,0.006636170151075538,-0.0028059916368936566,-0.000942341789783054,-0.14553486883164524,0.3907881305354094,0.1450431224635772
2025-06-28 23:00:00,2442.77,2424.65,2431.77,-1.023048974736485,0.00663811494596156,0.0027347607377503635,-0.0009245181267131437,0.12222183291175681,0.39036375195974926,0.1438385522179039
2025-06-29 03:00:00,2437.75,2426.64,2436.82,-1.172892203993527,0.0037421385965585863,-0.008090425281289448,-0.000901050549183054,0.16152506287668822,0.3865849899078417,0.14166186231999017
2025-06-29 07:00:00,2459.2,2435.0,2456.45,-0.62981615897386,0.00952341840210802,-0.009174972282183336,-0.0008681584348408527,0.24768756720081408,0.41194231108219936,0.13808513026590571
2025-06-29 11:00:00,2463.88,2435.78,2440.18,-0.6875340061775369,0.010853063508300398,-0.0027367980688133287,-0.000840393537291107,0.0044225580767491834,0.41749945528990107,0.13780171547896222
2025-06-29 15:00:00,2444.4,2429.58,2437.84,-0.9582176020542886,0.00039288179920093924,0.007836121056822742,-0.0008123088846843829,-0.3321408098151942,0.3956774883617907,0.13641318336362745
2025-06-29 19:00:00,2510.47,2412.0,2501.72,-0.13478193084180462,0.01381590280018874,0.006636170151075538,-0.0007690950017292167,0.10264442654275863,0.4406518519731065,0.13214082525452234
2025-06-29 23:00:00,2525.0,2495.05,2501.22,0.4288571084416274,0.030708016939116733,0.00663811494596156,-0.0007219246673010601,-0.07087560374759261,0.5011806835984715,0.1315734981136622
2025-06-30 03:00:00,2505.31,2456.37,2464.17,-0.4965748688228236,0.023788220031149887,0.0037421385965585863,-0.0006680746123716089,-0.06138361886820798,0.4723403551555151,0.13178738177178068
2025-06-30 07:00:00,2486.64,2446.68,2456.2,-0.40463511638801436,0.006779720435204473,0.00952341840210802,-0.0006053080853695439,-0.026540947643237223,0.436554785925926,0.12873731831540933
2025-06-30 11:00:00,2474.66,2431.0,2438.61,-0.32969511200514706,0.0022785952901089868,0.010853063508300398,-0.0005346065171996053,0.03934519550119209,0.425784120990473,0.12847684069198953
2025-06-30 15:00:00,2499.0,2436.01,2485.82,0.12039652120562551,0.014493051878279983,0.00039288179920093924,-0.00046085010980930245,0.49372785473993375,0.44805600684846997,0.12726880607351165
2025-06-30 19:00:00,2522.17,2482.54,2490.44,-0.2594434525883236,0.01442959083069284,0.01381590280018874,-0.0003738987206731278,-0.05142419230677475,0.4934499811443778,0.12840757818162069
2025-06-30 23:00:00,2500.8,2477.44,2483.54,-0.8136875244002677,-0.0076768569693557165,0.030708016939116733,-0.00028819232028718577,-0.19481291192528105,0.47262625639591993,0.12982759700893082
2025-07-01 03:00:00,2488.0,2451.25,2459.67,-0.6650694715515754,-0.009224533325002948,0.023788220031149887,-0.0002252366831438178,0.12089359587037318,0.4382953122046003,0.1315603543007977
2025-07-01 07:00:00,2468.81,2440.0,2455.94,-0.4658329005342717,-0.0037384066162288176,0.006779720435204473,-0.00015795002127977597,0.02712883342251482,0.42289120620832843,0.13201905000488043
2025-07-01 11:00:00,2458.86,2406.7,2419.94,0.09065625413341517,-0.008880605610639192,0.0022785952901089868,-0.00010254590693200256,-0.19363261772104123,0.3934218617646238,0.1339845255244016
2025-07-01 15:00:00,2434.0,2400.0,2410.14,-0.6132189706051595,-0.020856919026904452,0.014493051878279983,-5.788338377925972e-05,-0.1483556928695109,0.37158574177594694,0.13449367414855612
2025-07-01 19:00:00,2422.3,2393.95,2400.66,-0.536120773092807,-0.03815960189264889,0.01442959083069284,-3.918056111248857e-05,-0.21101177642215108,0.3518085643766605,0.13258793268788083
2025-07-01 23:00:00,2418.87,2373.0,2418.1,-0.5022148776487435,-0.03698491185023245,-0.0076768569693557165,-1.364119677243818e-05,0.1793273849796546,0.3361152364209625,0.12810052070764205
2025-07-02 03:00:00,2453.71,2416.57,2451.51,-0.5939288730697694,-0.011682220007142474,-0.009224533325002948,9.216750251086423e-06,0.08974070017797753,0.3955773912959816,0.12397500827148111
2025-07-02 07:00:00,2455.88,2441.98,2453.45,-0.5637538937157902,-0.0027949299133026573,-0.0037384066162288176,5.093787873007002e-05,-0.14653236658004454,0.4127141477676089,0.11987237959333023
2025-07-02 11:00:00,2472.56,2431.56,2469.66,-0.26952461527838173,0.006682699939870584,-0.008880605610639192,9.351922588151867e-05,0.1580048946013819,0.4175583557008253,0.11071885495316383
2025-07-02 15:00:00,2589.28,2469.0,2582.38,2.415583584621711,0.05004466377092798,-0.020856919026904452,0.00012686274625564077,0.1336222894003467,0.5512436652253734,0.09970239757006953
2025-07-02 19:00:00,2619.28,2567.38,2594.87,0.4546030123339786,0.07690824738359003,-0.03815960189264889,0.00018763864600398745,0.2815007383099577,0.6263844261812497,0.09720171055986182
2025-07-02 23:00:00,2595.86,2556.12,2567.37,-0.014685969294793304,0.07446354694053814,-0.03698491185023245,0.00027422260503887666,-0.13727103690351838,0.6007945102393621,0.0939541750083126
2025-07-03 03:00:00,2603.47,2559.34,2599.59,-0.4715473175405461,0.0595988038789117,-0.011682220007142474,0.00035638451400491443,0.02580294736183708,0.6109640894375731,0.09063227162151505
2025-07-03 07:00:00,2616.96,2584.01,2598.21,-0.0827123190716196,0.06130545664904541,-0.0027949299133026573,0.0004375613030032198,0.2008516716328279,0.6353191689392504,0.08709378399736371
2025-07-03 11:00:00,2635.5,2565.46,2595.17,1.1372365293481292,0.061408546505226536,0.006682699939870584,0.0005283237036779986,0.1560190106950774,0.6408351801617213,0.08475613358081764
2025-07-03 15:00:00,2598.0,2565.31,2585.49,-0.13350459332072676,0.0136355593679367,0.05004466377092798,0.0006217834249678242,-0.06545115763362563,0.602644400404756,0.08368213633316805
2025-07-03 19:00:00,2603.6,2582.21,2593.68,-0.7769301099503151,0.0001757049073172201,0.07690824738359003,0.0006913818147568138,-0.10558934871207737,0.6270599676830158,0.08701523595411895
2025-07-03 23:00:00,2603.17,2571.56,2575.18,-0.7621382368267197,0.004861617303157262,0.07446354694053814,0.0007752698185865088,0.09956858910015653,0.6193618066299375,0.08939794444501162
2025-07-04 03:00:00,2585.14,2548.13,2558.75,-0.48791161378006737,-0.006034900397211218,0.0595988038789117,0.0008654875206240191,-0.220405554542761,0.587854464292976,0.09160012447996918
2025-07-04 07:00:00,2564.93,2527.37,2548.12,-0.25705286125769994,-0.020796491822020147,0.06130545664904541,0.0009469058622198313,-0.09793485527963641,0.5551760386762022,0.09279451391115667
2025-07-04 11:00:00,2556.59,2498.36,2516.85,-0.008783720561174577,-0.028968466237978552,0.061408546505226536,0.001032377574287333,-0.1149669597557973,0.529040043628097,0.09412342681444032
2025-07-04 15:00:00,2518.47,2474.56,2484.28,0.7136214904311478,-0.03298252485103281,0.0136355593679367,0.001113378664264981,-0.1763799009998095,0.47661783283146403,0.09511751616154977
2025-07-04 19:00:00,2520.85,2474.24,2520.39,-0.48218515010625657,-0.03921135139059451,0.0001757049073172201,0.0011371692074582482,-0.159065634926277,0.47627562228212983,0.09408911170304601
2025-07-04 23:00:00,2520.51,2498.63,2518.79,-0.9225637018645191,-0.029478094324703386,0.004861617303157262,0.0011421208860503012,0.03899766980164343,0.5062329069580481,0.09452511711602837
2025-07-05 03:00:00,2528.6,2512.63,2527.33,-0.9892141180498958,-0.01829980794718633,-0.006034900397211218,0.0011579869707256686,0.19642640623245278,0.5182013624086116,0.09464717425926775
2025-07-05 07:00:00,2529.81,2508.83,2518.34,-0.9771442414024816,-0.010253612900145925,-0.020796491822020147,0.0011847310239213955,-0.17766609913543185,0.5164836002551287,0.09485410480959866
2025-07-05 11:00:00,2526.45,2510.72,2518.45,-0.9256726333453719,-0.003823367462390981,-0.028968466237978552,0.0012138408733444244,0.0004230524336723551,0.5147123336303291,0.0947806890972519
2025-07-05 15:00:00,2518.74,2491.54,2492.85,-0.6389079670683966,0.00450971246745091,-0.03298252485103281,0.0012468753705070087,0.3321831992444224,0.49328114709096593,0.09497798334349328
2025-07-05 19:00:00,2521.94,2487.95,2519.01,-0.9920107845942034,0.0061469855602465096,-0.03921135139059451,0.0012580015121932094,0.4228509847902815,0.49898653044147734,0.09341716536431577
2025-07-05 23:00:00,2522.52,2512.39,2513.35,-1.0794418559990642,0.001975325564128383,-0.029478094324703386,0.0012364332493517258,-0.20295557666002717,0.5135902022205605,0.0938334303167108
2025-07-06 03:00:00,2526.66,2508.66,2521.39,-0.9594429459163915,-0.0016107154599087625,-0.01829980794718633,0.0012059240386974326,-0.1559312900245503,0.5121828157333014,0.09389118337127716
2025-07-06 07:00:00,2525.78,2503.5,2508.32,-0.9148540888120764,-0.0022441901284893095,-0.010253612900145925,0.0011752457311027715,0.07052372191842737,0.5081018878491254,0.0943178993465818
2025-07-06 11:00:00,2570.0,2507.55,2559.4,-0.19403308842846376,0.011064214288666108,-0.003823367462390981,0.001120164820245532,0.09496766290143221,0.5560159112924322,0.09341172140987494
2025-07-06 15:00:00,2561.62,2523.33,2532.02,-0.5979616268378022,0.01709423070316962,0.00450971246745091,0.0010699790658272707,-0.09407759031397422,0.55672889820177,0.094099315102523
2025-07-06 19:00:00,2605.0,2531.14,2582.31,-0.14674173661746165,0.029115424172987847,0.0061469855602465096,0.0009989569803844913,-0.08530072650406006,0.6072188235933691,0.09302008262753897
2025-07-06 23:00:00,2584.0,2550.46,2576.34,-0.562995425506454,0.02056359807602548,0.001975325564128383,0.0009479598853347582,0.2756722708685122,0.5903326477834945,0.09425308650992553
2025-07-07 03:00:00,2590.57,2563.57,2565.56,-0.8271927953232748,0.023318892981873285,-0.0016107154599087625,0.0009055454396331017,0.21067438784733894,0.599175082270741,0.0953985276085574
2025-07-07 07:00:00,2588.42,2558.51,2558.66,-0.6833187525682041,0.023592815077281504,-0.0022441901284893095,0.0008670975784431964,0.16204158850658512,0.5960197535340764,0.09605238473113473
2025-07-07 11:00:00,2569.12,2529.67,2531.65,-0.11795737606163458,0.0014439387087699096,0.011064214288666108,0.0008373636814348412,-0.15245893972376834,0.5614658873082518,0.09619169337420917
2025-07-07 15:00:00,2548.0,2512.0,2544.24,-0.04342070063846197,-0.005972000911520947,0.01709423070316962,0.0008021500827673872,0.055453335038344376,0.5341840285562764,0.09382579246482918
2025-07-07 19:00:00,2557.49,2523.33,2536.33,-0.7500594450107475,-0.01562415315526211,0.029115424172987847,0.0007432402673359425,-0.014748535865541146,0.5474473017815443,0.09303355842644849
2025-07-07 23:00:00,2554.56,2523.59,2528.01,-0.6489466846396533,-0.012316204524234542,0.02056359807602548,0.0007249662299501665,0.03208326014317042,0.5434239373543939,0.09189671238686153
2025-07-08 03:00:00,2563.8,2527.4,2559.07,-0.7004868703675385,-0.011251436650008384,0.023318892981873285,0.0007156947655601415,-0.04640965865854785,0.5562222616188683,0.09011603065817254
2025-07-08 07:00:00,2566.64,2543.33,2565.97,-0.6680817016104644,-0.006880844327904478,0.023592815077281504,0.0007095530284755243,0.07877073471997154,0.5697735595653765,0.08919705792344367
2025-07-08 11:00:00,2600.62,2557.86,2563.99,-0.06133186844977737,0.011817530438482882,0.0014439387087699096,0.0007003605702270078,0.10312375956585429,0.6061341646447485,0.08835856613509836
2025-07-08 15:00:00,2628.21,2558.71,2625.06,0.4889150633756185,0.027715096194425692,-0.005972000911520947,0.0007021808936859428,0.05743687953404786,0.6381863111233904,0.08795293083399953
2025-07-08 19:00:00,2625.54,2596.85,2610.56,-0.5510471738471718,0.02752320804516417,-0.01562415315526211,0.0007239363525694232,-0.011598050265413495,0.6510945623139596,0.08926456713978435
2025-07-08 23:00:00,2626.72,2599.74,2602.81,-0.7270593588930704,0.028690322084167885,-0.012316204524234542,0.0007447005113747788,-0.023669413156043873,0.6513508997351907,0.08951850279540656
2025-07-09 03:00:00,2647.0,2589.78,2631.22,-0.3034866839929305,0.028652885279596196,-0.011251436650008384,0.00076642762240357,0.09975832016936192,0.6643751035251693,0.08970782948379388
2025-07-09 07:00:00,2634.5,2604.37,2618.08,-0.5532017413378214,0.024697713680924993,-0.006880844327904478,0.000788320879195201,-0.05859446990991035,0.6633319436087846,0.09113216608812387
2025-07-09 11:00:00,2674.81,2616.64,2642.23,1.3467437321690223,0.02846381572633705,0.011817530438482882,0.0007950834302160191,-0.009790785468784202,0.7149940300616723,0.0915694390170215
2025-07-09 15:00:00,2723.98,2641.21,2718.33,0.970800706132347,0.0329694678550152,0.027715096194425692,0.0008091630734187776,-0.007654454575774405,0.8300016780712681,0.09434799051860587
2025-07-09 19:00:00,2795.74,2717.02,2780.0,2.1917767339003036,0.05498061473534688,0.02752320804516417,0.0008189023252217698,0.05882924593055572,0.9728299505150487,0.1028355338582221
2025-07-09 23:00:00,2798.0,2755.5,2783.43,0.09422372214303862,0.06320314808327243,0.028690322084167885,0.0008654162996545979,-0.10922639361206854,0.9999999999834516,0.11213348096217088
2025-07-10 03:00:00,2799.91,2765.53,2795.7,0.06644768376034482,0.06230054120702544,0.028652885279596196,0.0009273279544972533,-0.19575660332723577,0.9999999999836404,0.12007884904321389
2025-07-10 07:00:00,2823.18,2772.0,2784.93,1.0405502500313129,0.06815598824119284,0.024697713680924993,0.0009977896466416348,0.24963629586843838,0.9999999999840217,0.12705287571134125
2025-07-10 11:00:00,2795.0,2758.78,2776.51,0.23470864558550422,0.0467613825198987,0.02846381572633705,0.0010783820920609222,0.08475424732977532,0.9687792435834823,0.13215914793674152
2025-07-10 15:00:00,2840.69,2759.27,2811.39,1.4249711449273794,0.044175633137792936,0.0329694678550152,0.0011200036231581027,-0.05280856150634172,0.9999999999842495,0.1377697762257605
2025-07-10 19:00:00,3000.0,2806.75,2973.88,3.826868475967399,0.06219700506193648,0.05498061473534688,0.001126762466799855,-0.0784408813434373,0.9999999999867356,0.14772187076863874
2025-07-10 23:00:00,2974.63,2913.75,2965.15,1.123706496039281,0.06204717356094647,0.06320314808327243,0.001201089811258522,0.05439736506873949,0.9999999999871212,0.16232130322391838
2025-07-11 03:00:00,3029.55,2946.02,2989.2,1.6905426952390352,0.07662035231035569,0.06230054120702544,0.0012625135799575146,0.22338856027903264,0.9999999999878703,0.1744013848862205
2025-07-11 07:00:00,3040.15,2963.51,3002.99,1.7836495961269532,0.07348396551060876,0.06815598824119284,0.0013587008297413793,-0.19371019894451058,0.9999999999879714,0.18601993499569117
2025-07-11 11:00:00,3009.64,2968.6,2988.73,1.2780636355332986,0.07655282463281265,0.0467613825198987,0.0014637378005477111,-0.13155945026416394,0.9850208621182261,0.1960447749357161
2025-07-11 15:00:00,2999.57,2936.46,2995.57,1.4327567219871802,0.058645695602032255,0.044175633137792936,0.001561625748274387,-0.05142046876266637,0.9616156579982882,0.20359422360050186
2025-07-11 19:00:00,3010.39,2923.32,2950.49,0.44429325806215464,0.017172841162033103,0.06219700506193648,0.0016337163438254149,-0.040110341961506535,0.9672455919402058,0.21108977000498974
2025-07-11 23:00:00,2970.85,2932.0,2956.64,-0.5444722295879464,0.002749974526802701,0.06204717356094647,0.0017172694776730465,0.05056888127048298,0.9437352145606389,0.2150620207886061
2025-07-12 03:00:00,2968.73,2937.7,2959.87,-0.6164999628432435,-0.013188106932410792,0.07662035231035569,0.001780353705910104,-0.1890702413200549,0.9441517172663679,0.2195942469796698
2025-07-12 07:00:00,2979.62,2957.51,2975.82,-0.5512070547431481,-0.011134504997844075,0.07348396551060876,0.0018332830639295188,0.0830194147456853,0.9597923192642456,0.22320986610447055
2025-07-12 11:00:00,2979.78,2917.42,2928.3,0.16851838057216623,-0.015943597753683147,0.07655282463281265,0.0019121359938654885,-0.04091215501835832,0.9276859441592884,0.22952260386254206
2025-07-12 15:00:00,2944.69,2903.85,2942.37,-0.19962331660630125,-0.01534352719511467,0.058645695602032255,0.0019748012521914973,0.007984549990452727,0.9067977776588493,0.23325610331218471
2025-07-12 19:00:00,2945.83,2915.0,2938.05,-0.7219177147360375,-0.013846938923456342,0.017172841162033103,0.002014444668877105,0.10971827308691373,0.9176966210909581,0.23803942637380046
2025-07-12 23:00:00,2960.7,2930.74,2954.01,-0.8162285281759928,-0.0035252553696470956,0.002749974526802701,0.0020508782153671776,0.0856035635411001,0.9312035538778325,0.2410422250496841
2025-07-13 03:00:00,2967.97,2948.62,2959.82,-0.9344399769005177,0.0005202479325649989,-0.013188106932410792,0.002085965981098188,0.23300942234172406,0.946001323535116,0.24507242529731257
2025-07-13 07:00:00,2965.66,2944.49,2948.45,-0.8978450735202419,-0.004403857326988336,-0.011134504997844075,0.002130000103547094,-0.08407048769623193,0.9440666704853562,0.249797373745255
2025-07-13 11:00:00,3020.31,2948.46,2987.85,0.6263828433781397,0.015653670682182375,-0.015943597753683147,0.002150223557994541,0.2138494240815363,0.983080750795741,0.25118936613479115
2025-07-13 15:00:00,3005.28,2962.65,2994.0,-0.27115911228515116,0.02226194523662195,-0.01534352719511467,0.0021990898989912733,-0.03569133783726319,0.9851127648680723,0.2550387240991297
2025-07-13 19:00:00,3010.65,2940.24,2959.2,-0.10877914454931852,0.013421381716965941,-0.013846938923456342,0.0022543530084021333,-0.1268448759148466,0.9650577905138168,0.2610715602566316
2025-07-13 23:00:00,3016.29,2953.96,3000.59,-0.17674139881736137,0.013704500869481606,-0.0035252553696470956,0.00228819141013741,-0.06858550760876203,0.9797488956690785,0.2611473732686855
2025-07-14 03:00:00,3065.57,2997.0,3023.66,2.0899334522081006,0.026897892191137363,0.0005202479325649989,0.0023033093431200735,-0.056448156686345397,0.9999999999884527,0.26286980791208997
2025-07-14 07:00:00,3079.39,3022.07,3066.78,1.1944495515380285,0.031005302697381776,-0.004403857326988336,0.0023546475285158696,0.014890112455979265,0.9999999999885908,0.2636567152836179
2025-07-14 11:00:00,3083.0,3019.51,3029.49,1.134604052045747,0.02051172706985782,0.015653670682182375,0.0024047060842176506,-0.14655446651191417,0.9999999999886179,0.2689086058616763
2025-07-14 15:00:00,3033.03,2983.0,2989.5,1.1348451104449326,0.007339869556896028,0.02226194523662195,0.002481680373447866,-0.09569245263922788,0.9571396578417805,0.27198353956530313
2025-07-14 19:00:00,3018.88,2980.97,3013.61,0.0645474642930441,0.009728823250937157,0.013421381716965941,0.002526528098421784,-0.03192196642251932,0.9461073994121216,0.2704899044080668
2025-07-14 23:00:00,3023.2,2954.24,2974.2,0.285593860186407,-0.0007485375372441316,0.013704500869481606,0.0025820886761333457,-0.05703106162576266,0.9245438188488012,0.2732632051366281
2025-07-15 03:00:00,2992.96,2932.46,2985.5,0.60427322323849,-0.024982383412277542,0.026897892191137363,0.002628342253440083,0.032866232729304556,0.8993391970809705,0.27153225740335124
2025-07-15 07:00:00,2995.89,2958.84,2974.31,-0.22471804200340806,-0.022477601740131026,0.031005302697381776,0.00262307315571662,0.08580638346256331,0.9196661601411764,0.270944130555975
2025-07-15 11:00:00,3067.43,2961.74,2977.93,1.962198010740696,-0.01098484431947544,0.02051172706985782,0.0025998702881276964,0.08278111154620782,0.9618744411160443,0.26868368891214167
2025-07-15 15:00:00,3097.32,2968.0,3065.41,2.329337480225795,0.013031508610107823,0.007339869556896028,0.0025800555822999725,0.26497391257452896,0.9999999999886384,0.2600825617503513
2025-07-15 19:00:00,3094.5,3029.63,3094.06,0.5149190415558512,0.019866078723924208,0.009728823250937157,0.002582745943097871,0.24602731551474144,0.9999999999887749,0.2578715897256522
2025-07-15 23:00:00,3152.53,3094.05,3115.51,0.9355914264347202,0.04932746696265333,-0.0007485375372441316,0.00253275575200214,0.10915477852713762,0.9999999999895771,0.2561754575474962
2025-07-16 03:00:00,3166.25,3101.0,3165.23,0.2658357438315213,0.05958981788664186,-0.024982383412277542,0.0025447935987958775,0.10509572538622036,0.9999999999896542,0.2535095854185651
2025-07-16 07:00:00,3175.0,3143.82,3144.08,0.3542020976502898,0.060919684236915295,-0.022477601740131026,0.0025521737880744373,-0.05420359002519093,0.9999999999898934,0.2546628684053619
2025-07-16 11:00:00,3265.44,3143.81,3251.66,2.176991681392721,0.06061746043709637,-0.01098484431947544,0.002551699973808549,0.09718677747011673,0.9999999999902714,0.25054018522742877
2025-07-16 15:00:00,3369.99,3207.44,3335.98,4.0891360331793445,0.07823817855256099,0.013031508610107823,0.0025167838189989705,-0.059477948791424096,0.9999999999910625,0.2502454766275212
2025-07-16 19:00:00,3425.0,3335.48,3362.54,2.615200375192784,0.1046916970189613,0.019866078723924208,0.0025236855689237136,-0.15343849494009987,0.999999999991745,0.2557991714625246
2025-07-16 23:00:00,3398.18,3310.77,3348.55,0.6423662830061684,0.07285345814056665,0.04932746696265333,0.0026495898719039804,-0.08708134663057909,0.9802551109112668,0.26251350457050504
2025-07-17 03:00:00,3444.79,3314.05,3441.29,0.6595478132118199,0.07597297729392283,0.05958981788664186,0.0027281723461893715,-0.06121135607368455,0.99466564027267,0.26361029818213844
2025-07-17 07:00:00,3480.19,3408.45,3458.19,1.4582085724166698,0.09230161330653597,0.060919684236915295,0.002759546524948173,-0.06213942808471862,0.9999999999921946,0.26968021546215903
2025-07-17 11:00:00,3459.99,3361.2,3426.5,1.4223745475820793,0.06854230915579307,0.06061746043709637,0.0028977227315169756,-0.1745657307763162,0.9734464902083458,0.2760689147224026
2025-07-17 15:00:00,3442.63,3364.43,3427.04,0.872636635531377,0.03592219764070781,0.07823817855256099,0.0030048322517715977,-0.0037977324520468425,0.9655636336484266,0.27921227276010513
2025-07-17 19:00:00,3500.0,3372.51,3466.63,1.1686812257851356,0.020148553254448753,0.1046916970189613,0.0030514597926061993,0.10366609189891318,0.998737318952306,0.27936003098769063
2025-07-17 23:00:00,3626.57,3458.68,3602.11,2.7189121384153063,0.0591500021587521,0.07285345814056665,0.0030504606671673427,0.1256384825464698,0.9999999999927857,0.2763478049077167
2025-07-18 03:00:00,3673.84,3576.0,3650.73,1.457755101385082,0.07471601945363027,0.07597297729392283,0.003098066583975454,-0.04633541678578024,0.9999999999931373,0.2817068774872961
2025-07-18 07:00:00,3669.74,3582.41,3617.61,1.7031443623218465,0.04817090739195917,0.09230161330653597,0.0032200286956033707,-0.09565410979331856,0.9933356263112376,0.29049099094400616
2025-07-18 11:00:00,3671.5,3554.48,3585.23,1.9843285793015055,0.05657898993637889,0.06854230915579307,0.003326604424685452,0.046020102518209205,0.98858654919861,0.29657666896833723
2025-07-18 15:00:00,3624.8,3530.0,3572.54,0.8765348779552713,0.04784367145790647,0.03592219764070781,0.003453858134769521,-0.036317595151695525,0.9608346557618016,0.30133820228123476
2025-07-18 19:00:00,3583.21,3477.58,3538.48,0.7153112065727477,0.025076967483535606,0.020148553254448753,0.003553104301745619,-0.11994144404532958,0.9374894117289106,0.3052447172013195
2025-07-18 23:00:00,3576.61,3506.79,3569.5,-0.33211228563927636,-0.0040878861386652865,0.0591500021587521,0.003599207628737777,-0.12701957059638969,0.9412721252411312,0.303345861449737
2025-07-19 03:00:00,3608.3,3566.41,3570.99,-0.5126448065390609,-0.011489872821587754,0.07471601945363027,0.003606398425111495,-0.0714697685146416,0.9713934316063365,0.3038883850290162
2025-07-19 07:00:00,3590.12,3546.61,3557.84,-0.5817581871696373,-0.014918478351643505,0.04817090739195917,0.0036866661496711794,0.015508406867932312,0.9562922118145712,0.3037783656426507
2025-07-19 11:00:00,3577.87,3526.44,3531.57,-0.3204583254750871,-0.016081782609812745,0.05657898993637889,0.0037447208398886057,-0.07650991778997318,0.9487309589189824,0.3038218198172635
2025-07-19 15:00:00,3569.99,3530.1,3552.8,-0.49676476169494793,-0.0052404639382340745,0.04784367145790647,0.0037836384559889005,-0.06800260948105064,0.9479926114445651,0.3019678662939541
2025-07-19 19:00:00,3593.0,3539.0,3576.7,-0.52823346224372,0.00919045186426648,0.025076967483535606,0.0037933951029413813,0.10421891894297919,0.9597965647720325,0.30155298808939696
2025-07-19 23:00:00,3626.0,3574.23,3616.3,-0.4624394509592971,0.01776009706046011,-0.0040878861386652865,0.0037823499600743516,0.22563119392407205,0.9844467847786472,0.3003558684639533
2025-07-20 03:00:00,3694.99,3608.2,3652.54,0.44462176826315297,0.019036632362554373,-0.011489872821587754,0.003762460753935478,0.15554023501693326,0.9999999999932603,0.3000958248204933
2025-07-20 07:00:00,3727.34,3652.53,3699.63,0.9572471829601694,0.03807468546468007,-0.014918478351643505,0.0037519716613730178,0.15135809211170237,0.9999999999934606,0.2993220319714679
2025-07-20 11:00:00,3768.0,3696.0,3767.06,1.0027566537881112,0.05264839372705188,-0.016081782609812745,0.0037502368221857974,0.30850031122947796,0.9999999999936287,0.29803651448056867
2025-07-20 15:00:00,3824.56,3730.72,3750.11,1.604141180463937,0.06263940031018533,-0.0052404639382340745,0.0037644721692034052,0.0874257083726595,0.9999999999937651,0.30278445114742175
2025-07-20 19:00:00,3773.53,3681.6,3747.07,0.7085972237828028,0.047463656735337256,0.00919045186426648,0.003850806696687077,-0.07476152772753775,0.9766647829144015,0.30898520219482906
2025-07-20 23:00:00,3767.85,3701.01,3743.31,0.08140079633459206,0.03607910780161294,0.01776009706046011,0.00389768928803575,-0.2168486149139588,0.9743552349418604,0.3142636967739647
2025-07-21 03:00:00,3812.49,3743.3,3787.37,0.23719383256431675,0.03270117491982627,0.019036632362554373,0.003891078797808519,-0.12951997539701277,0.9995857712700154,0.3165637115014596
2025-07-21 07:00:00,3820.0,3755.32,3810.85,0.39286309023974514,0.023826055118300715,0.03807468546468007,0.003913530812810096,0.030969101021736556,0.9999999999934649,0.32074016890161267
2025-07-21 11:00:00,3860.0,3775.39,3841.02,1.374727067970339,0.020715183420956018,0.05264839372705188,0.003916002745446375,-0.15844871191793775,0.9999999999935892,0.3242265862753599
2025-07-21 15:00:00,3851.56,3731.09,3736.74,1.8020853337500287,0.002097682612121732,0.06263940031018533,0.003980428092100914,-0.0696849022411894,0.9757680508381592,0.3359052146573628
2025-07-21 19:00:00,3779.48,3719.0,3761.44,-0.02872651623353185,0.002211255258008027,0.047463656735337256,0.004027449484456072,-0.04857713480071779,0.950189211042314,0.33546575177561766
2025-07-21 23:00:00,3798.65,3696.18,3736.98,0.41184120920759587,0.004953171426636205,0.03607910780161294,0.004016732715741713,-0.002647991953202311,0.9549870462254777,0.3383610731170709
2025-07-22 03:00:00,3744.32,3646.0,3691.6,1.240710650788053,-0.020732017646275636,0.03270117491982627,0.004070683817636776,-0.025622718293651925,0.9141058840247569,0.34175138262230975
2025-07-22 07:00:00,3714.18,3616.54,3698.4,0.9491523950092557,-0.034296032892198736,0.023826055118300715,0.004085225981489558,-0.019321423626436407,0.8876373825736825,0.3403319281519677
2025-07-22 11:00:00,3719.99,3625.42,3706.33,1.517010601146354,-0.036202184563505324,0.020715183420956018,0.004021585194510571,-0.04686334247876034,0.9026883935536075,0.33728400876028614
2025-07-22 15:00:00,3748.9,3676.58,3710.65,0.6761664554579813,-0.018810270312764166,0.002097682612121732,0.003952012182794294,0.0735519231229822,0.9251165744575681,0.33442061517284727
2025-07-22 19:00:00,3730.8,3655.19,3719.82,-0.3546261856690779,-0.01345928741002489,0.002211255258008027,0.003938910372977665,0.15233424135800067,0.9146810142664359,0.33058355042340504
2025-07-22 23:00:00,3764.2,3712.45,3745.56,-0.0006361170474107641,-0.003783017232114494,0.004953171426636205,0.003857618075181995,0.09007692337491457,0.944988566647975,0.3256181668153857
2025-07-23 03:00:00,3758.88,3686.37,3694.5,-0.46677590110116884,0.00685974121488897,-0.020732017646275636,0.0038445237439090835,-0.03391156807543194,0.9319556824568667,0.3259846530001487
2025-07-23 07:00:00,3699.71,3639.96,3665.79,-0.01723957198035339,0.0034164049825717857,-0.034296032892198736,0.0038562236336768534,-0.11578456913128365,0.8964368156378196,0.32298097230667916
2025-07-23 11:00:00,3680.68,3573.47,3616.44,2.1301223349740837,-0.01595940539432472,-0.036202184563505324,0.0038495659963190213,-0.04662635487453948,0.8613424880110686,0.3217164824032878
2025-07-23 15:00:00,3646.0,3552.0,3604.24,1.2100794083931163,-0.031224071000489517,-0.018810270312764166,0.0038072615780711046,-0.02235715803481242,0.8435243211431812,0.3166462551019804
2025-07-23 19:00:00,3620.0,3527.0,3610.43,0.496056913865896,-0.03227583137105372,-0.01345928741002489,0.0037536730808553206,-0.11356449804738455,0.830677200973668,0.3083183630103293
2025-07-23 23:00:00,3652.34,3609.19,3649.79,-0.6772262563693162,-0.028089221887416915,-0.003783017232114494,0.00362907658047651,0.041836777818242465,0.8710298623436648,0.29842876047576933
2025-07-24 03:00:00,3665.31,3526.28,3544.94,0.3835084744721016,-0.03507421959622703,0.00685974121488897,0.0036212781279619834,0.03289585425981478,0.8400626513705478,0.299824750378482
2025-07-24 07:00:00,3658.0,3502.85,3620.98,0.6823151086760897,-0.02017225292123037,0.0034164049825717857,0.0035496033857398937,0.14182068419265215,0.8443028276820718,0.28761563736197865
2025-07-24 11:00:00,3737.5,3612.96,3734.44,0.7452621338135401,0.010888048188082866,-0.01595940539432472,0.0034237691893220837,0.2620145683781796,0.8890998922699763,0.2727996592109081
2025-07-24 15:00:00,3771.0,3666.74,3740.8,1.3229442244006573,0.0359739508731558,-0.031224071000489517,0.0033068485389034534,-0.027203424254395814,0.9345933861921988,0.2641261160332254
2025-07-24 19:00:00,3754.17,3701.21,3724.27,-0.27784686860995095,0.04287311060548671,-0.03227583137105372,0.0032606443721911907,0.07439576629024303,0.9386608862767709,0.25680144463377697
2025-07-24 23:00:00,3724.28,3615.97,3615.97,0.574191982792906,0.009514047092154865,-0.028089221887416915,0.003297664681155546,-0.15120276126823062,0.8953766282673395,0.2518739508336208
2025-07-25 03:00:00,3651.55,3573.76,3631.61,0.6886742072367198,0.006360632620656226,-0.03507421959622703,0.003317198651698335,0.04136276361856561,0.856142752739871,0.23762229710360117
2025-07-25 07:00:00,3747.0,3599.44,3718.89,1.0987668102953152,0.022098988712945467,-0.02017225292123037,0.0032243760861264477,-0.02915890089421025,0.9002642412899434,0.21806056829675463
2025-07-25 11:00:00,3744.0,3620.93,3629.23,0.4394141173266681,0.009698705073438951,0.010888048188082866,0.003183631012829865,-0.118875781710987,0.9140944600581977,0.20659535884840177
2025-07-25 15:00:00,3658.52,3601.56,3650.25,0.1572824836147143,-0.024368614826035362,0.0359739508731558,0.0032114735915458005,0.020747293952402712,0.8706843276958655,0.19184564537792587
2025-07-25 19:00:00,3730.0,3639.5,3720.07,-0.5506175887940286,-0.008700241436377598,0.04287311060548671,0.0031076982432213756,0.06183962396051501,0.9158082701112984,0.17562754333993544
2025-07-25 23:00:00,3767.13,3697.66,3742.67,-0.4449187453138445,0.016819659900092487,0.009514047092154865,0.0030446771395266415,0.15862726101241797,0.9388282069601748,0.16189718292692534
2025-07-26 03:00:00,3756.62,3728.21,3739.78,-0.851105597513997,0.03601459383881034,0.006360632620656226,0.0029976170594140095,-0.09334378278110522,0.9477691542845751,0.15046069675675014
2025-07-26 07:00:00,3782.83,3738.09,3759.93,-0.49090725445936406,0.02319828473119867,0.022098988712945467,0.002945607900562743,0.1262891642569246,0.9603076181992138,0.13534816933547825
2025-07-26 11:00:00,3770.0,3724.57,3727.97,-0.13586418979485337,0.013120972342286708,0.009698705073438951,0.0029238300006771073,0.004699530345014358,0.9482365181877095,0.12633472187007805
2025-07-26 15:00:00,3756.0,3709.39,3740.14,-0.7338427381009605,0.026788816362730117,-0.024368614826035362,0.002884149799097357,-0.02228077754583524,0.9392285516840855,0.119346112494394
2025-07-26 19:00:00,3793.0,3733.49,3750.16,-0.6593740258113776,0.015968272765654712,-0.008700241436377598,0.002803826332366978,0.012623244510975962,0.9573866500502518,0.11315153706328192
2025-07-26 23:00:00,3787.8,3731.0,3784.72,-1.0479805385551304,0.007121928341824457,0.016819659900092487,0.002746639715089614,-0.03558803079114947,0.9575363156432676,0.10545056717255813
2025-07-27 03:00:00,3811.0,3764.84,3772.2,-0.658455575034224,0.011629251529605922,0.03601459383881034,0.0026667407462176045,0.2288124408895107,0.9784212199055741,0.10252376698986203
2025-07-27 07:00:00,3842.95,3751.0,3817.06,-0.47509780758964215,0.009051285045177604,0.02319828473119867,0.002607660148090915,-0.07581556288738167,0.9842782389248181,0.0993893039058775
2025-07-27 11:00:00,3836.54,3791.48,3809.44,-0.13939615505399267,0.01952224983518369,0.013120972342286708,0.0025368321758753635,-0.07343169296887397,0.9997018585602465,0.09556727533713738
2025-07-27 15:00:00,3868.08,3793.48,3846.26,0.11933082498411288,0.027886640026827392,0.026788816362730117,0.002476860256630249,0.08684980294962874,0.9999999999930461,0.09110862618695872
2025-07-27 19:00:00,3879.82,3816.01,3864.13,-0.7185054018126789,0.023278500221477705,0.015968272765654712,0.002423076772192197,-0.07148638303184207,0.9999999999930903,0.08900735456518802
2025-07-27 23:00:00,3907.4,3839.49,3885.88,0.011504461322828155,0.03111477123875761,0.007121928341824457,0.0023509031946383143,0.13159132413351737,0.9999999999932291,0.09145599942214482
2025-07-28 03:00:00,3941.0,3868.03,3912.81,-0.10139955437748012,0.03348319263048927,0.011629251529605922,0.0022786081768094643,-0.0010678500756328146,0.9999999999934056,0.09508428832552743
2025-07-28 07:00:00,3914.25,3871.88,3887.8,-0.5493431276410539,0.024593017923175697,0.009051285045177604,0.002259803839411863,-0.06663313045109998,0.9834186611356852,0.09828279119199534
2025-07-28 11:00:00,3893.8,3773.33,3785.04,0.7958656100497731,0.003426630206124548,0.01952224983518369,0.0022523850953963336,-0.01889277866991801,0.9449377937872304,0.10020912995900862
2025-07-28 15:00:00,3824.3,3754.0,3782.69,0.12072044376263769,-0.010948779992923319,0.027886640026827392,0.002215100367815938,-0.10523476502749773,0.9205999586332808,0.09904578456615547
2025-07-28 19:00:00,3806.8,3764.7,3787.04,-0.7161222696827164,-0.01503040134314726,0.023278500221477705,0.0021387345242165974,0.011605520250891566,0.9162489521325684,0.09655933523804569
2025-07-28 23:00:00,3821.48,3731.21,3759.13,-0.002680603128637483,-0.025287972946773984,0.03111477123875761,0.0020563774174061403,-0.2110250781146341,0.9093081052953481,0.09533239652125598
2025-07-29 03:00:00,3834.29,3758.77,3828.8,-0.7219733226712873,-0.029299341038122706,0.03348319263048927,0.001945417275081776,0.001396800503662865,0.9243792948572783,0.092594154392187
2025-07-29 07:00:00,3886.44,3824.0,3829.59,-0.10876563687882262,-0.007274771815179992,0.024593017923175697,0.0018134077269655255,0.08883066182507915,0.9647633225303928,0.09092198687308574
2025-07-29 11:00:00,3874.54,3770.0,3782.26,0.2117775922385414,-0.001161988349021592,0.003426630206124548,0.0017407370343021176,0.1310529209318374,0.9420027189591136,0.08830050194290642
2025-07-29 15:00:00,3793.59,3716.04,3770.99,0.4536957298204699,-0.009530819757634479,-0.010948779992923319,0.0016778906036125313,-0.0045523743706709086,0.8967579511592569,0.08519933421109342
2025-07-29 19:00:00,3797.0,3739.14,3792.59,-0.5665488931637362,-0.005018861955507603,-0.01503040134314726,0.0015671818153767903,0.00469341084343422,0.9037157575261955,0.08222067688231333
2025-07-29 23:00:00,3822.0,3756.0,3812.83,-0.7781954144052575,0.004543088769038306,-0.025287972946773984,0.001452290411210141,0.23229873487982422,0.9184652508304616,0.08067178526648472
2025-07-30 03:00:00,3830.21,3786.87,3824.95,-0.8946722942179146,0.0037955217292848786,-0.029299341038122706,0.001358249850857627,-0.12558690425839214,0.9315565442065549,0.08027526815582435
2025-07-30 07:00:00,3834.03,3768.23,3773.99,-0.6985952460164505,-0.014874507848894769,-0.007274771815179992,0.0012779476639438023,-0.22534252404553756,0.9241491452322224,0.0812280144856149
2025-07-30 11:00:00,3832.0,3744.16,3819.52,-0.2508577680136876,-0.013444103068278257,-0.001161988349021592,0.0012021114437304962,-0.045506943773080955,0.9019725055832284,0.08083951801539963
2025-07-30 15:00:00,3822.6,3737.0,3738.37,0.060118410770465196,0.008161911714066328,-0.009530819757634479,0.0011116046131755392,-0.002654385353146105,0.9114613725154316,0.08259846412829307
2025-07-30 19:00:00,3787.63,3677.65,3764.02,0.3432304303326665,-0.00926334729345446,-0.005018861955507603,0.0010613782889193767,-0.04715152890217722,0.8727674743944837,0.08207419232230939
2025-07-30 23:00:00,3864.49,3763.04,3862.92,-0.026742196854269634,0.009133115753993337,0.004543088769038306,0.0009761200742023413,-0.05422166694267283,0.9397104804274767,0.08148597042186717
2025-07-31 03:00:00,3878.67,3854.77,3874.08,-0.7389494130586698,0.012898666542240811,0.0037955217292848786,0.0009225614386314644,0.14137393561049105,0.9640879254361413,0.08281892834852554
2025-07-31 07:00:00,3877.16,3853.3,3855.48,-1.0081168018833286,0.0159136907798052,-0.014874507848894769,0.0008865612518773686,0.13816460318661306,0.9645992995491277,0.08403078888242643
2025-07-31 11:00:00,3858.21,3766.66,3768.97,0.04094198608689031,0.009610416030530589,-0.013444103068278257,0.0008773019709594509,-0.07016413603623595,0.9274837324146445,0.08506703109425912
2025-07-31 15:00:00,3819.0,3749.0,3775.58,-0.19812181956783942,-0.001197034021225396,0.008161911714066328,0.0008402806218036798,0.10796952911493318,0.9082724401923894,0.08497838159599413
2025-07-31 19:00:00,3781.18,3702.36,3709.33,-0.2519015648384427,0.0005925414743424007,-0.00926334729345446,0.0007966219685293923,-0.05297767077077564,0.8743230938197585,0.08665905547436661
2025-07-31 23:00:00,3729.62,3616.66,3716.4,0.897643635058486,-0.037915792391675085,0.009133115753993337,0.0007494674662933707,-0.17471232467124875,0.8376306550460231,0.08659609149522922
2025-08-01 03:00:00,3724.02,3641.17,3662.69,-0.5235740553910855,-0.0468332137949532,0.012898666542240811,0.0007026696877171384,-0.16746790151833535,0.836858255162331,0.08833662117940776
2025-08-01 07:00:00,3669.0,3585.69,3615.11,0.3842675130420325,-0.06197238319744214,0.0159136907798052,0.0006820132073975175,0.02844765616984013,0.7962100425232559,0.09122845499063367
2025-08-01 11:00:00,3675.85,3565.0,3633.05,0.47917167824681517,-0.04780247059573406,0.009610416030530589,0.0006333554369432564,0.08565332704231698,0.7993706969601121,0.0920326427152881
2025-08-01 15:00:00,3636.67,3537.5,3550.16,0.2318220894759296,-0.053032419444747014,-0.001197034021225396,0.0005923855102973082,-0.08738031853226136,0.7671616989917779,0.09825515089796208
2025-08-01 19:00:00,3561.26,3431.75,3463.81,0.7443988370813713,-0.061083247436672594,0.0005925414743424007,0.0005340629918550078,-0.015466202668772633,0.7115372066084126,0.10891041885172002
2025-08-01 23:00:00,3527.5,3449.31,3523.88,-0.33604905330197304,-0.050867760021896746,-0.037915792391675085,0.00043778214635645024,0.2381728423322178,0.7034812055691393,0.11155999848186543
2025-08-02 03:00:00,3537.69,3455.0,3480.01,-0.6905395080150711,-0.04901834333837263,-0.0468332137949532,0.0003380057018851393,-0.04482615449757843,0.707570004626052,0.1189948150822106
2025-08-02 07:00:00,3524.25,3469.04,3491.01,-0.8297823579053981,-0.03501721996197271,-0.06197238319744214,0.00025169529767491756,-0.030145835739204818,0.7045758862210897,0.12347723489826197
2025-08-02 11:00:00,3518.0,3467.16,3479.5,-0.949990485527494,-0.036065406347721596,-0.04780247059573406,0.0001590137196860946,0.014548313205910768,0.7049540073782199,0.12824146377675996
2025-08-02 15:00:00,3492.16,3372.47,3383.7,0.5120311231431138,-0.04300771371972856,-0.053032419444747014,6.546746591277882e-05,-0.08387378865719519,0.655078093630782,0.14068951146318057
2025-08-02 19:00:00,3441.69,3376.22,3410.78,-0.49608453580608547,-0.028556041218467332,-0.061083247436672594,-4.8446715549487565e-05,0.18691635731170209,0.6379670502412025,0.14640439208348918
2025-08-02 23:00:00,3446.01,3354.28,3444.14,-0.5275386395646884,-0.02699487818355384,-0.050867760021896746,-0.0001633576989901001,0.007452794504299698,0.6339820907107643,0.15040300085507274
2025-08-03 03:00:00,3456.0,3433.98,3440.37,-1.3729539988409984,-0.016298876060213185,-0.04901834333837263,-0.0002661433711759091,0.13598513201161966,0.664731500875948,0.15405809182835872
2025-08-03 07:00:00,3488.0,3440.38,3484.94,-1.150427485573261,-0.00944984660241055,-0.03501721996197271,-0.0003449785098545943,0.1721421574530273,0.6747834280586769,0.15524235644666967
2025-08-03 11:00:00,3516.31,3463.91,3472.08,-0.8613085084319692,-0.002235063569045237,-0.036065406347721596,-0.000405005353297301,-0.04997611348673847,0.6934143801330906,0.1597802389623613
2025-08-03 15:00:00,3499.66,3454.34,3496.47,-1.1811857127279073,0.014875404446897278,-0.04300771371972856,-0.00045137758951031994,0.30038354001386836,0.686039708401725,0.16158868707519777
2025-08-03 19:00:00,3515.49,3483.5,3503.41,-1.1887438160260055,0.027129454838913825,-0.028556041218467332,-0.00048633543465513194,0.10182832379142748,0.7001995469800356,0.1638882520291437
2025-08-03 23:00:00,3571.88,3490.73,3571.66,-0.5771996724895573,0.03939027952942853,-0.02699487818355384,-0.0005208823953602736,0.13469974410344987,0.7262116045857245,0.1613711698049216
2025-08-04 03:00:00,3576.07,3520.69,3538.95,-1.1153909860750404,0.028949317011490505,-0.016298876060213185,-0.0005499204363466728,-0.005919375669008797,0.7325727014770088,0.1642426250601396
2025-08-04 07:00:00,3574.47,3536.58,3554.9,-1.0936070092355288,0.025920452425728824,-0.00944984660241055,-0.0005660523044087454,-0.04701114117345173,0.7397166561641443,0.16476495508499317
2025-08-04 11:00:00,3665.6,3549.6,3639.04,0.12487882263779505,0.035787492096002405,-0.002235063569045237,-0.0005669476256349157,0.12393461841453068,0.7837322473407012,0.1608801801007037
2025-08-04 15:00:00,3718.54,3634.56,3676.28,-0.268426019792546,0.05634226686137045,0.014875404446897278,-0.0005456471642382791,-0.08600689026409114,0.8270372084940352,0.15914755269670616
2025-08-04 19:00:00,3736.73,3661.21,3732.52,-0.6999644460520262,0.05915829681558793,0.027129454838913825,-0.0005225955394141028,-0.10160836102159065,0.8492208197938128,0.1567980204234011
2025-08-04 23:00:00,3733.74,3672.5,3680.09,-0.7966961458079829,0.0458221283825635,0.03939027952942853,-0.00050602020559461,-0.3301480972232751,0.8416549140404731,0.15889920229863813
2025-08-05 03:00:00,3681.16,3635.0,3650.85,-0.813031978443031,0.032373731214002666,0.028949317011490505,-0.0004935480435016692,-0.07595262590446605,0.8122843393008046,0.16014887639825579
2025-08-05 07:00:00,3694.06,3601.53,3682.55,-0.6047380047877554,0.02440999679814637,0.025920452425728824,-0.0005004104542240941,-0.002136173397750074,0.7952661785976962,0.15848404448218018
2025-08-05 11:00:00,3686.3,3559.82,3577.85,0.5531053999190327,0.0005290308701664248,0.035787492096002405,-0.000521109417356883,-0.09608725252367711,0.7736321278541807,0.163843352439092
2025-08-05 15:00:00,3612.26,3555.0,3587.69,-0.4010691491903111,-0.025691914243058167,0.05634226686137045,-0.0005442021931131894,-0.05524291631225864,0.7449823239786644,0.16385653489633603
2025-08-05 19:00:00,3598.96,3546.0,3597.01,-1.1998768893845153,-0.03512616335219798,0.05915829681558793,-0.0005632596601726314,-0.09952030688626856,0.7409504918931058,0.16365469930340804
2025-08-05 23:00:00,3624.56,3564.19,3592.34,-1.143798260877139,-0.028124580443787184,0.0458221283825635,-0.0005827834109530851,0.16652375173042566,0.7525753493435684,0.1637075788101584
2025-08-06 03:00:00,3662.0,3569.28,3632.23,-0.852028527029703,-0.010265594598945826,0.032373731214002666,-0.0005854406891977806,0.18504303222749874,0.7741551395486722,0.1615016993562781
2025-08-06 07:00:00,3649.17,3607.54,3616.3,-1.0349715346694295,-0.0035886455495847125,0.02440999679814637,-0.000588651261718664,0.039221206484677085,0.7729822235189265,0.1611771845227956
2025-08-06 11:00:00,3637.17,3574.05,3637.17,-0.575313791574049,-0.003909174401332094,0.0005290308701664248,-0.0006070140003313132,0.03859643101516208,0.7462862423191783,0.15914738062196326
2025-08-06 15:00:00,3698.6,3620.31,3677.09,-0.5148981782738249,0.021474690787017803,-0.025691914243058167,-0.0006290726149132321,0.1330888922814628,0.7797216198804857,0.15544180478259864
2025-08-06 19:00:00,3686.15,3652.38,3682.15,-1.2428108055508904,0.027170946756775338,-0.03512616335219798,-0.0006507574238451802,-0.010150960489826888,0.7887467331578886,0.15273251508850103
2025-08-06 23:00:00,3716.61,3650.4,3659.03,-0.9430474427974045,0.025025209035121954,-0.028124580443787184,-0.0006743779574053578,0.12571589899996138,0.7970904382592023,0.15042509456851738
2025-08-07 03:00:00,3711.0,3647.63,3695.14,-1.1897268664202776,0.01624585748331664,-0.010265594598945826,-0.0006852077628201716,0.048340341669764086,0.7943365263011322,0.14472964474719352
2025-08-07 07:00:00,3826.5,3694.22,3821.48,0.6916572103985683,0.03808526445090887,-0.0035886455495847125,-0.0006906445281037541,0.06152003384142435,0.8697389539055224,0.1382042736527799
2025-08-07 11:00:00,3865.64,3804.27,3820.33,1.00019896492644,0.06395609639856592,-0.003909174401332094,-0.0006795287398374715,0.04802486858351185,0.9270166240480022,0.1389312564963003
2025-08-07 15:00:00,3843.79,3780.54,3827.7,-0.36564765821134554,0.04441006331621011,0.021474690787017803,-0.0006544952744197213,0.025362132023430073,0.9058205863631758,0.13954235045093172
2025-08-07 19:00:00,3927.77,3822.08,3916.8,-0.007019364316376602,0.05523535606478691,0.027170946756775338,-0.0006075194359393152,0.23082765047370257,0.9619007552612755,0.13955961072446602
2025-08-07 23:00:00,3937.0,3880.0,3893.68,-0.21159747172722518,0.059505274521769236,0.025025209035121954,-0.0005533636265382934,-0.04337429876905685,0.9883712213092323,0.14317642025270969
2025-08-08 03:00:00,3969.06,3892.47,3915.01,-0.22125593454601372,0.0675836800328744,0.01624585748331664,-0.0005085163807890342,0.03252204991803809,0.9999999999900416,0.14460628912316068
2025-08-08 07:00:00,3928.29,3884.44,3897.41,-0.7487165639339429,0.0370730927082874,0.03808526445090887,-0.0004779929213621156,-0.15177135891886073,0.9767139470879624,0.1469022782247283
2025-08-08 11:00:00,4012.0,3891.52,3984.5,1.8523984257090307,0.03471348962977805,0.06395609639856592,-0.0004305957893918469,0.162952710533536,0.999999999990398,0.14879025482109046
2025-08-08 15:00:00,4057.85,3925.2,4056.72,1.3250224980985232,0.04659488413842783,0.04441006331621011,-0.0003715048911923292,-0.062474850306100005,0.9999999999906902,0.1537485607863533
2025-08-08 19:00:00,4071.0,4019.11,4024.86,-0.5637283872492439,0.0439067617219151,0.05523535606478691,-0.00031989157210548716,-0.1287277022540143,0.9999999999910856,0.1607010511466913
2025-08-08 23:00:00,4038.83,4006.63,4032.44,-1.207794893909581,0.030548132457491217,0.059505274521769236,-0.00025249972632707937,-0.02629410613560157,0.9778973897863615,0.1658539023692906
2025-08-09 03:00:00,4200.0,4025.14,4162.23,1.915928567605802,0.051913079075074586,0.0675836800328744,-0.00017814944467808014,-0.07145142441351682,0.9999999999917228,0.17054160191165085
2025-08-09 07:00:00,4246.65,4156.77,4217.33,0.27642414504864715,0.07553818919747601,0.0370730927082874,-8.537067648096961e-05,0.07300298367438196,0.9999999999921618,0.18014061124562486
2025-08-09 11:00:00,4218.13,4153.17,4197.16,-0.3286628976086055,0.05658205957356999,0.03471348962977805,1.9895317647357248e-05,-0.2203711007413035,0.9922004815968593,0.19072354390351626
2025-08-09 15:00:00,4254.86,4171.7,4241.96,-0.3445859884830315,0.054587890226541314,0.04659488413842783,0.00011698463524731736,-0.0026228833320269818,0.9999999999922079,0.19984884986400392
2025-08-09 19:00:00,4326.2,4237.08,4264.28,0.18655689542865514,0.05677724636291481,0.0439067617219151,0.00021176973175599987,-0.0005246692765649152,0.9999999999924882,0.2097867298730632
2025-08-09 23:00:00,4332.6,4246.95,4247.0,-0.20624439797914082,0.0645503944415069,0.030548132457491217,0.00032229617334263616,-0.015408252598794414,0.9999999999924563,0.2196116854861574
2025-08-10 03:00:00,4264.98,4203.0,4225.21,-0.0698637884599971,0.02420040084841668,0.051913079075074586,0.0004365923124665211,-0.1040979496856973,0.9634701390582414,0.22841031634882542
2025-08-10 07:00:00,4233.83,4160.0,4198.31,-0.16394103220729,0.00022201678671374125,0.07553818919747601,0.0005451587532067737,-0.17470796514384956,0.9395315160292453,0.2365291555085387
2025-08-10 11:00:00,4226.7,4153.07,4219.37,-0.5752325484062061,0.0010212572495269523,0.05658205957356999,0.0006447470136294639,0.09224585229949822,0.9345298786909488,0.24266569787554165
2025-08-10 15:00:00,4246.99,4211.19,4235.67,-1.2798420737319098,0.0023633389609234445,0.054587890226541314,0.0007390079967171309,-0.02150526633748351,0.9589519246586846,0.24906540618177248
2025-08-10 19:00:00,4259.36,4186.16,4250.63,-0.8539416066141325,-0.012277897558671702,0.05677724636291481,0.0008471625103129748,-0.06835476593699574,0.9564037563597365,0.25544123828594417
2025-08-10 23:00:00,4343.0,4228.14,4309.05,0.18981158526242528,0.002930692884810515,0.0645503944415069,0.00093847787803388,0.06733719325691023,0.9999999999924973,0.2603604504824485
2025-08-11 03:00:00,4349.81,4284.39,4298.95,-0.36066180340053955,0.01886499753780524,0.02420040084841668,0.001056857037916012,0.06469849401214733,0.9999999999926021,0.2682383162263916
2025-08-11 07:00:00,4304.0,4220.54,4236.58,-0.4049057034173926,0.015550954712130416,0.00022201678671374125,0.0012017463579733314,-0.00580832539769649,0.9660219387845849,0.27699100135812554
2025-08-11 11:00:00,4320.38,4166.77,4277.64,1.4272641157401573,0.009981869816746425,0.0010212572495269523,0.0013286118597100986,0.01661639429867967,0.9437784423920629,0.27982887965465947
2025-08-11 15:00:00,4366.46,4259.45,4295.2,0.486880201322256,0.021446986132646062,0.0023633389609234445,0.0014005382115187303,0.03660091670840537,0.9999999999926296,0.28317505071911325
2025-08-11 19:00:00,4309.22,4190.0,4220.62,-0.28181384683239286,0.0029496410953349095,-0.012277897558671702,0.0015328644332730972,-0.0032584692590968967,0.9398847267490982,0.28906508888203064
2025-08-11 23:00:00,4311.12,4214.7,4291.69,-0.8177468800544497,-0.0071004153055374,0.002930692884810515,0.0016078886250358404,0.03082651689582594,0.9599042123988548,0.2872478169550152
2025-08-12 03:00:00,4321.67,4267.41,4290.84,-0.6373737950732644,-0.003963974210253518,0.01886499753780524,0.0016810490654073943,-0.047944206485383334,0.9834731710795238,0.28894411671680714
2025-08-12 07:00:00,4332.32,4273.93,4277.39,-0.6622615742682656,0.008561382703925702,0.015550954712130416,0.001771713239502983,0.26923831592214253,0.9889129611687764,0.29085688399937343
2025-08-12 11:00:00,4434.25,4256.92,4415.71,3.0485420005722865,0.03343398977469114,0.009981869816746425,0.0018446260745837689,0.006270165572104025,0.9999999999924662,0.28514831740578556
2025-08-12 15:00:00,4518.73,4414.66,4490.28,1.5026870133058445,0.03571985783898124,0.021446986132646062,0.001912590448121394,0.03317980913161889,0.9999999999929092,0.2828663436694303
2025-08-12 19:00:00,4639.7,4482.78,4576.4,1.3365463632151793,0.08069903144534174,0.0029496410953349095,0.001974230400295715,0.08857403446695788,0.9999999999930929,0.28207922489850396
2025-08-12 23:00:00,4639.0,4564.33,4623.52,-0.08150798264896585,0.07885705172724844,-0.0071004153055374,0.0020886622902476994,-0.04403041672772423,0.9999999999931606,0.28476442860965945
2025-08-13 03:00:00,4683.0,4608.21,4623.01,0.40153101264603497,0.08181309033006201,-0.003963974210253518,0.002194808003727738,0.0005058984900627728,0.9999999999932739,0.2891344183553329
2025-08-13 07:00:00,4715.75,4609.04,4694.58,0.5213688560499651,0.08336391260575526,0.008561382703925702,0.0023236176610973666,0.010208289942629456,0.9999999999931662,0.2909883369598218
2025-08-13 11:00:00,4736.82,4634.25,4648.35,1.732221058336649,0.07051281546694543,0.03343398977469114,0.0024434893325508173,-0.03697580228961006,0.9999999999928438,0.2974610709940878
2025-08-13 15:00:00,4750.0,4616.0,4716.43,1.4170012159060863,0.050358015139474466,0.03571985783898124,0.0025657991116337974,-0.015394877637510462,0.999999999992531,0.2980944981263989
2025-08-13 19:00:00,4783.1,4697.34,4734.31,0.8456057557037903,0.034669478325842995,0.08069903144534174,0.0026711849394679245,0.024161165723652678,0.9999999999927455,0.3014447182991612
2025-08-13 23:00:00,4783.85,4708.35,4750.31,0.08499450732616308,0.030658254544610797,0.07885705172724844,0.002788914507544869,-0.05797670771922814,0.9999999999926729,0.3056630878325945
2025-08-14 03:00:00,4788.0,4716.0,4774.47,-0.03859547832607211,0.023156663684799517,0.08181309033006201,0.0029137752112519213,0.008668444648258111,0.9999999999926105,0.3083200859663785
2025-08-14 07:00:00,4774.47,4675.81,4707.54,1.2032491289111016,0.015110461241998552,0.08336391260575526,0.0030660913775770187,-0.273984829380989,0.9836201677277048,0.31460083735061173
2025-08-14 11:00:00,4736.0,4451.33,4670.58,5.0,-0.018137392255723417,0.07051281546694543,0.0032877414887210396,0.04360666654632683,0.8872512810356246,0.3190086333644522
2025-08-14 15:00:00,4686.49,4480.63,4537.97,2.3989192237566033,-0.02791316642133801,0.050358015139474466,0.0034117030129175185,-0.11135337089491859,0.8606330386951626,0.327781308893962
2025-08-14 19:00:00,4573.41,4453.13,4531.62,0.0643051795811969,-0.04658694827636378,0.034669478325842995,0.0035331115878406757,-0.12763896901232463,0.8237027086367401,0.3280868761309649
2025-08-14 23:00:00,4642.7,4529.71,4621.72,-0.08763754159864565,-0.03323018409189338,0.030658254544610797,0.0035422529789376463,0.08688101393476466,0.8731663885350797,0.3216740522215281
2025-08-15 03:00:00,4662.6,4599.01,4647.62,-0.44816700801762244,-0.02575607293117932,0.023156663684799517,0.0035637816941564366,0.03874184276215109,0.9095081465855984,0.31916568701757914
2025-08-15 07:00:00,4666.66,4612.31,4636.21,-0.30254991685655425,-0.019819980999855047,0.015110461241998552,0.0036226222332943507,0.30302285591377776,0.9143089352547277,0.3190328826816587
2025-08-15 11:00:00,4672.67,4471.64,4493.22,1.783725729400683,-0.004649043793794383,-0.018137392255723417,0.003719273745492425,-0.06511545327029622,0.8714414200492218,0.3230093463256083
2025-08-15 15:00:00,4500.0,4369.46,4396.54,2.280086063145128,-0.03048702517490076,-0.02791316642133801,0.0038862760300814687,0.04928786263947971,0.757768255994868,0.3224049362761569
2025-08-15 19:00:00,4478.33,4368.0,4474.86,0.44827853426759534,-0.021990484859615744,-0.04658694827636378,0.003890435546730645,-0.019068604736807715,0.7503178035194846,0.30947878174263294
2025-08-15 23:00:00,4490.73,4406.78,4444.48,-0.036951311339083734,-0.027881503985466405,-0.03323018409189338,0.003831796445692238,-0.03136635701002477,0.7787433189866454,0.30307642091702874
2025-08-16 03:00:00,4456.76,4407.69,4419.15,-1.0791999435329769,-0.042504731702069476,-0.02575607293117932,0.0038247831108995907,-0.14958656454867125,0.7640175838716445,0.2964480244296635
2025-08-16 07:00:00,4465.22,4372.54,4404.06,-0.5324893235610554,-0.046750012636878946,-0.019819980999855047,0.003805073654027424,-0.15193106582751414,0.7540626519773684,0.28772230124740805
2025-08-16 11:00:00,4427.92,4375.63,4413.48,-0.5286382717946122,-0.03880335102934607,-0.004649043793794383,0.003782218133451001,-0.03855390283051985,0.7400975270250625,0.27727781976622445
2025-08-16 15:00:00,4421.86,4387.15,4409.06,-1.2649043309382737,-0.004997154879505583,-0.03048702517490076,0.0037337557250208355,0.016223360433448075,0.741421631020565,0.2681441577001028
2025-08-16 19:00:00,4440.51,4402.82,4426.53,-1.2333479787079626,0.0015600021860506796,-0.021990484859615744,0.003653825516849732,0.2997960462395446,0.7554092386991528,0.25716070581883427
2025-08-16 23:00:00,4434.2,4393.98,4434.08,-1.2274156630216746,-0.009031139741126792,-0.027881503985466405,0.003591781646480435,-0.1313124117538177,0.7490113489559981,0.24509233605882638
2025-08-17 03:00:00,4491.0,4428.35,4457.12,-0.42813137394977796,0.008009045892273692,-0.042504731702069476,0.0034712771247510468,0.1190284005127975,0.7902667168549308,0.23263887935493138
2025-08-17 07:00:00,4576.0,4444.44,4568.63,-0.1406463197229529,0.02265277570110591,-0.046750012636878946,0.0033712313024961728,0.25750952110811864,0.8280801610748784,0.22045786398717893
2025-08-17 11:00:00,4568.86,4519.13,4553.29,-0.8789346172820052,0.032241711827773134,-0.03880335102934607,0.0033024303778725348,0.023172285875369347,0.8449964410321682,0.21368577036563882
2025-08-17 15:00:00,4566.17,4427.44,4469.0,-0.5336214418305315,0.023686606131748666,-0.004997154879505583,0.0032808762246993883,-0.15258235813835408,0.8185177382900186,0.20871696698828188
2025-08-17 19:00:00,4533.95,4443.55,4521.55,-0.6738761871827085,0.013989863906842093,0.0015600021860506796,0.003236596868722609,-0.06522458059229153,0.8011396886207479,0.19997643335311974
2025-08-17 23:00:00,4522.9,4307.9,4320.39,1.7414486946273484,-0.0030854788182548276,-0.009031139741126792,0.003230436695335902,-0.019907451084192562,0.7389451919250076,0.20080225183644337
2025-08-18 03:00:00,4348.44,4230.74,4253.15,0.9660401232238635,-0.039243816803335774,0.008009045892273692,0.0032265154769541993,-0.02631707148305329,0.6606175142336294,0.19612212312871882
2025-08-18 07:00:00,4319.77,4225.86,4264.29,0.5142861135032157,-0.055435792643478754,0.02265277570110591,0.0031373877955399657,-0.035253102939884595,0.6428415550943808,0.18647137343117443
2025-08-18 11:00:00,4370.26,4252.89,4333.54,0.626420957251023,-0.050294716646194226,0.032241711827773134,0.002992267769329526,0.17335276929826526,0.6760859321664358,0.17658002250343638
2025-08-18 15:00:00,4380.92,4298.23,4366.71,-0.16398746674844383,-0.038221327055972254,0.023686606131748666,0.0028837435396933957,0.24318170879177203,0.6911667280157948,0.1701412231972658
2025-08-18 19:00:00,4388.65,4316.7,4340.82,-0.7412959968024461,-0.028340438660529266,0.013989863906842093,0.0027881253567100923,-0.04977491264753886,0.7072036662808981,0.1648283503257698
2025-08-18 23:00:00,4355.0,4265.25,4285.91,-0.12409174259311372,-0.02082454642293896,-0.0030854788182548276,0.002744680004621349,0.07431065565894501,0.6712162010943539,0.16095611708275387
2025-08-19 03:00:00,4291.82,4193.77,4241.78,0.2646775024664011,-0.014978398900136414,-0.039243816803335774,0.0027047408386407616,0.05769009541393744,0.6130755423396829,0.16098477567033903
2025-08-19 07:00:00,4306.06,4204.16,4286.01,-0.36012344248389283,-0.003584110339426738,-0.055435792643478754,0.0025721981934848383,0.12392140271012053,0.6315291721491133,0.1582143073189303
2025-08-19 11:00:00,4340.15,4180.82,4191.6,1.297116562937332,-0.015057850816923346,-0.050294716646194226,0.002456785046617306,-0.11225795802421401,0.6280588559275752,0.16190062637926408
2025-08-19 15:00:00,4232.93,4121.47,4145.78,1.7712779421325495,-0.03739638946002044,-0.038221327055972254,0.0023726669934384546,-0.10257274421270213,0.5713268248789823,0.1658192377722758
2025-08-19 19:00:00,4168.0,4113.63,4131.78,0.022978040456375505,-0.04970414382608479,-0.028340438660529266,0.002235073151400375,-0.2727881055734187,0.5471254176696259,0.16920475605878202
2025-08-19 23:00:00,4142.73,4060.0,4137.7,0.6317343939581983,-0.048113290928881614,-0.02082454642293896,0.002087964201619095,-0.005263695621093967,0.5179929633692656,0.17129069680805845
2025-08-20 03:00:00,4188.84,4128.27,4182.21,-0.5538402428129653,-0.015980097758343637,-0.014978398900136414,0.0018840640725960455,0.03859685536691004,0.5631138679307534,0.17031586685185082
2025-08-20 07:00:00,4242.0,4179.6,4226.62,-0.4852132659877664,-0.009693733927461201,-0.003584110339426738,0.0017053902512972207,-0.133254103207059,0.6010428898565001,0.16799696313569593
2025-08-20 11:00:00,4235.81,4106.37,4213.4,1.267556646084486,-0.01725502843973592,-0.015057850816923346,0.0015723225501100373,-0.002770415922018654,0.5738525813177672,0.16863417289086627
2025-08-20 15:00:00,4364.77,4206.02,4291.67,1.7679058790254722,0.029130225081739347,-0.03739638946002044,0.0013700727298525458,0.14564776944244562,0.66118613952309,0.16477664155070992
2025-08-20 19:00:00,4378.0,4286.71,4366.0,-0.4764246802679778,0.048365250480494115,-0.04970414382608479,0.0012294798028366504,0.38383627716905866,0.6951493726083413,0.1608177188327683
2025-08-20 23:00:00,4367.59,4278.03,4292.91,-0.5969674205015186,0.05188218021294788,-0.048113290928881614,0.0011192268242400934,0.014993705867687668,0.6752691796386852,0.16373224619296547
2025-08-21 03:00:00,4333.23,4283.17,4307.4,-0.8499990001480332,0.033886644909882246,-0.015980097758343637,0.0009973797947573475,0.09462298644729517,0.6673672150527481,0.16309110180764028
2025-08-21 07:00:00,4315.01,4256.34,4291.52,-0.7436456007092508,0.016966795810178903,-0.009693733927461201,0.0008707568467658379,-0.008875866595234871,0.6538853139161094,0.1629069412606899
2025-08-21 11:00:00,4328.37,4236.87,4273.85,0.06131923905627259,0.02426870787683222,-0.01725502843973592,0.0007517855481536414,-0.012357148469558377,0.6487766521714206,0.16363127904441657
2025-08-21 15:00:00,4276.77,4208.0,4261.37,-0.40867846327209256,-0.012498473079445849,0.029130225081739347,0.0006466787235612954,-0.1655538159038793,0.6215084336132115,0.16455588178443703
2025-08-21 19:00:00,4274.38,4204.2,4253.18,-1.024833994768546,-0.02344009801332947,0.048365250480494115,0.0005233627732426073,-0.08043327837971503,0.6199402360348257,0.16432042589457743
2025-08-21 23:00:00,4314.89,4210.13,4290.84,-0.4148557750238398,-0.012687329927705271,0.05188218021294788,0.00040661873760986,0.30929991107638344,0.6348132517970317,0.16288836989477895
2025-08-22 03:00:00,4319.2,4265.06,4294.72,-0.6987743844985347,-0.0030665368800935067,0.033886644909882246,0.00029772038220530735,-0.07174407690617424,0.657613219506724,0.16269540409402453
2025-08-22 07:00:00,4354.19,4288.56,4296.43,0.05195042366727674,0.00888988635666399,0.016966795810178903,0.00019985569056475772,0.06869509935271845,0.6820422815251167,0.1623953297819892
2025-08-22 11:00:00,4647.7,4207.39,4613.93,5.0,0.041531971929642975,0.02426870787683222,0.00010123384922614848,0.06126049341570727,0.7801088367994025,0.15270554038545248
2025-08-22 15:00:00,4849.82,4613.24,4789.63,4.155611639794114,0.11805425441009221,-0.012498473079445849,4.07735763585127e-05,0.1804939357061679,0.9915998508547313,0.1520801975420316
2025-08-22 19:00:00,4887.59,4783.59,4811.86,1.126227328803281,0.1411353239706079,-0.02344009801332947,4.015276694199017e-05,0.10117400353638839,0.999999999993043,0.15604392706424428
2025-08-22 23:00:00,4847.63,4659.7,4714.68,1.0837550519746957,0.11838068609430552,-0.012687329927705271,6.324686610794007e-05,-0.23996106768605896,0.9485347399024795,0.1608746234729007
2025-08-23 03:00:00,4765.54,4675.06,4745.93,0.0832403638091014,0.10168502527967704,-0.0030665368800935067,6.53346605875088e-05,-0.10637040147088606,0.9226975599119563,0.16207666141832766
2025-08-23 07:00:00,4751.04,4698.19,4712.67,-0.6696032762994734,0.09234600929465375,0.00888988635666399,7.744085670409339e-05,-0.10634479597293511,0.9199396867828189,0.16357727974190076
2025-08-23 11:00:00,4757.76,4690.72,4726.56,-0.360245059604731,0.059965819828309064,0.041531971929642975,9.85520152324287e-05,0.05517863827712843,0.9203893175700598,0.16452765951788256
2025-08-23 15:00:00,4768.9,4720.83,4753.21,-0.8321437434652703,0.0009888143644503078,0.11805425441009221,0.00011515770978516936,-0.02954219976627792,0.9368253102604757,0.16439483167082053
2025-08-23 19:00:00,4786.25,4738.0,4781.86,-1.1437967538418239,-0.017185757851031047,0.1411353239706079,0.00013874890076460722,-0.13014878984436307,0.9421474134902167,0.1644964328301202
2025-08-23 23:00:00,4817.4,4758.88,4776.2,-0.5944715314203114,0.004573635820509292,0.11838068609430552,0.0001711974536101297,0.1535411762564154,0.9636956320097881,0.16528915307480518
2025-08-24 03:00:00,4800.01,4753.42,4760.72,-0.8305529197744265,0.011193187692385864,0.10168502527967704,0.00020912573781519338,0.07980658560461262,0.9595120375435409,0.16550415393820447
2025-08-24 07:00:00,4786.5,4733.88,4740.01,-0.8497433340673114,0.008354749275331308,0.09234600929465375,0.0002357829484962354,0.017694587710778142,0.9473954779955774,0.16688781248458928
2025-08-24 11:00:00,4799.48,4720.0,4795.0,-0.0680656972464917,0.00838656006632088,0.059965819828309064,0.0002505563939688478,-0.04919989213545306,0.9479534178366307,0.16751993286073671
2025-08-24 15:00:00,4956.63,4785.31,4935.0,1.461782378215135,0.026284086814993612,0.0009888143644503078,0.00025608197635430894,0.05752810887890125,0.9999999999932037,0.17040476435809662
2025-08-24 19:00:00,4956.78,4711.0,4781.32,2.562023147856694,0.009588349750549119,-0.017185757851031047,0.0002936061153816535,0.007747180553188127,0.9513746138330834,0.17925762960010258
2025-08-24 23:00:00,4804.93,4670.0,4764.33,0.06611405008454241,-0.009018369540627846,0.004573635820509292,0.0003152600226284958,-0.13843582014615974,0.9120976774622928,0.18211508478171504
2025-08-25 03:00:00,4774.4,4616.75,4630.88,0.3021052939343045,-0.017740943894752892,0.011193187692385864,0.0003367359294338518,-0.15161648746496081,0.8797079449870716,0.1871587491301883
2025-08-25 07:00:00,4654.59,4519.96,4544.21,1.0170860217382516,-0.03690210817288253,0.008354749275331308,0.00035622639236162796,-0.09377027936820459,0.8060534668944671,0.18988588953185828
2025-08-25 11:00:00,4690.02,4543.74,4659.82,1.3314266334239009,-0.028645344636029635,0.00838656006632088,0.0003346756517470072,-0.05757926288999904,0.8333113869167257,0.18650032150145276
2025-08-25 15:00:00,4668.91,4565.44,4574.59,0.05699281247536528,-0.05380361958574775,0.026284086814993612,0.00031766152509838514,-0.2659573289009969,0.8218212194939036,0.1902731065653711
2025-08-25 19:00:00,4578.18,4334.13,4392.28,2.3268234066196847,-0.08156701293889035,0.009588349750549119,0.0003238658645696312,-0.0291366671980956,0.6852194070093602,0.1983360480302476
2025-08-25 23:00:00,4451.72,4311.04,4396.53,1.1883187493906053,-0.0763372613778398,-0.009018369540627846,0.00026170177029309025,-0.030761124657965988,0.6660055747678815,0.19828078303745733
2025-08-26 03:00:00,4448.3,4373.19,4414.71,-0.45417033603678947,-0.058120692726219,-0.017740943894752892,0.0001947139176783639,0.13781800005027267,0.6942239848870634,0.19747781356133495
2025-08-26 07:00:00,4454.0,4393.86,4441.22,-0.3570402192068517,-0.03532810436079448,-0.03690210817288253,0.00014373048999963487,0.06310591352369399,0.6959108978892723,0.19620036491917878
2025-08-26 11:00:00,4560.53,4405.84,4553.12,1.188558391950109,-0.031074940564368325,-0.028645344636029635,9.301483468631784e-05,0.02715767862836649,0.7355818850536818,0.19158142730798589
2025-08-26 15:00:00,4579.0,4498.58,4548.02,0.8567783509781828,-0.01668226315097221,-0.05380361958574775,6.820437816604844e-05,0.14712645340147357,0.7695478206863826,0.19193106721622052
2025-08-26 19:00:00,4611.61,4527.08,4601.38,0.0018433716141436185,0.03924013619868272,-0.08156701293889035,7.022312199848745e-05,0.08063989636613145,0.8028169879939159,0.19025933741944753
2025-08-26 23:00:00,4633.46,4538.69,4577.35,-0.3555523490034325,0.044844751709888886,-0.0763372613778398,0.00010169902654973286,0.07634689019343055,0.7995378194483844,0.1916079011366595
2025-08-27 03:00:00,4645.93,4546.74,4586.91,-0.07468672551571048,0.04300484639627933,-0.058120692726219,0.0001351959724676553,0.1887497967552192,0.8234911528357637,0.19164664427973072
2025-08-27 07:00:00,4619.68,4550.01,4581.37,-0.36392067192761973,0.03579318222345207,-0.03532810436079448,0.000186032626612836,0.09729148110904617,0.8035610889211381,0.19196581252896125
2025-08-27 11:00:00,4663.93,4575.17,4613.38,0.04830360831696945,0.02917356434896856,-0.031074940564368325,0.00023203593340452754,-0.019631345124366373,0.8244805133884108,0.19107376289541333
2025-08-27 15:00:00,4659.94,4589.09,4591.73,-0.5587626217802187,0.02145210184670554,-0.01668226315097221,0.0002888710864302981,0.026125409016909407,0.8356459995944595,0.1924277300336507
2025-08-27 19:00:00,4614.0,4481.53,4523.86,0.24428977110281838,-0.006935825407737073,0.03924013619868272,0.0003578904862322271,-0.023434752820471916,0.7812155856720523,0.19532194180025347
2025-08-27 23:00:00,4539.36,4467.63,4512.24,-0.6851725342188215,-0.015950177581657066,0.044844751709888886,0.0004190579354453979,0.09063040075690987,0.7499138142128252,0.19502014549152025
2025-08-28 03:00:00,4588.22,4506.59,4583.99,-0.7578297296863248,-0.011907573588774478,0.04300484639627933,0.00046404181825436417,-0.0667736579756163,0.7861592236023266,0.19054670908031762
2025-08-28 07:00:00,4633.97,4566.25,4610.0,-0.545200545988992,0.0033181332356853055,0.03579318222345207,0.0005227916563148234,0.0035158269886244042,0.8138977758329787,0.18828722289543617
2025-08-28 11:00:00,4616.02,4544.48,4567.63,-0.09917078729356556,-0.005951837820609707,0.02917356434896856,0.0005913642400565241,-0.09587883804978192,0.805814770566891,0.1893584568345919
2025-08-28 15:00:00,4573.81,4459.02,4481.3,-0.050482135796154314,-0.0275396535219542,0.02145210184670554,0.0006442724260982323,-0.1619521827043321,0.7489705461043867,0.1924315377418873
2025-08-28 19:00:00,4515.78,4430.0,4506.47,-0.6479823988161552,-0.01791164592772254,-0.006935825407737073,0.0006688334909164427,0.008892127070818434,0.725817264510032,0.19049611803726843
2025-08-28 23:00:00,4516.75,4434.79,4480.32,-0.7392230800849857,-0.005993110125102508,-0.015950177581657066,0.0006714678615229651,-0.07284694373457723,0.7315655224794734,0.1899861778091676
2025-08-29 03:00:00,4504.79,4443.37,4456.15,-0.6044030072344291,-0.019293994187244867,-0.011907573588774478,0.0006912045516354778,-0.14059849136048808,0.7263901019506519,0.18862033781029613
2025-08-29 07:00:00,4456.16,4318.57,4346.46,0.9326329480143692,-0.05003226965436991,0.0033181332356853055,0.0007349719274962417,-0.16988168286917404,0.6575195046575044,0.19252424991205563
2025-08-29 11:00:00,4454.4,4265.0,4282.49,1.0753272154806541,-0.05213360036619119,-0.005951837820609707,0.0007488342212323173,0.08129834363265753,0.6432900850995349,0.193528254727561
2025-08-29 15:00:00,4358.81,4281.84,4315.79,-0.04380503391134473,-0.039247998338190704,-0.0275396535219542,0.0007485436715287249,0.33378502263814247,0.6288472987097434,0.18840084996435347
2025-08-29 19:00:00,4379.55,4305.57,4366.39,-0.6959040632830142,-0.028359863390799656,-0.01791164592772254,0.000708331039800611,1.798358797433508e-07,0.6396750953430204,0.1814184789311896
2025-08-29 23:00:00,4374.41,4257.2,4304.44,-0.3812789762763405,-0.036239394675131154,-0.005993110125102508,0.0006766338058864634,-0.02028436340822848,0.6212812181167282,0.18006529510725877
2025-08-30 03:00:00,4403.98,4303.42,4397.04,-0.23428824412500854,-0.020814599837434944,-0.019293994187244867,0.0006341889643463884,0.34637651730979835,0.6631545037704,0.1722907816791269
2025-08-30 07:00:00,4415.61,4378.41,4392.07,-0.8308094304697905,0.006182192546492882,-0.05003226965436991,0.0006072285471492764,0.19818166618499977,0.6758754849615017,0.16957844505765826
2025-08-30 11:00:00,4402.11,4332.15,4363.78,-0.9154740739580481,0.0032320290176872657,-0.05213360036619119,0.000588716451979543,-0.09704441844004619,0.6528405386236941,0.1676755388748268
2025-08-30 15:00:00,4383.46,4346.23,4350.0,-1.1955594880174514,0.009083367512868978,-0.039247998338190704,0.0005548399439576013,0.05058120353157003,0.6555569203454131,0.167176476844636
2025-08-30 19:00:00,4360.43,4334.4,4358.69,-1.3047634281646008,0.0010886471452111746,-0.028359863390799656,0.0005250567085458571,0.020731568519778865,0.6428880474621649,0.1669466962493329
2025-08-30 23:00:00,4470.0,4357.83,4449.49,-0.47594360674445646,0.026246526032273954,-0.036239394675131154,0.0004841451965506455,0.08618377194103743,0.689163235583539,0.16145485111328964
2025-08-31 03:00:00,4491.46,4433.48,4434.6,-0.7839614028736095,0.019456397489686417,-0.020814599837434944,0.00046351207543778863,-0.15318703202108597,0.7085834049660058,0.16024933457406051
2025-08-31 07:00:00,4480.18,4433.04,4454.97,-0.8252758467461035,0.01483878531613625,0.006182192546492882,0.00046365577379704195,0.02201646791563916,0.7044536261126622,0.15725043041973144
2025-08-31 11:00:00,4498.47,4440.47,4459.81,-0.5203667958915137,0.0252548901787919,0.0032320290176872657,0.00047218592639698226,0.24045355945279367,0.7123776835312298,0.15431079489424993
2025-08-31 15:00:00,4490.87,4458.05,4489.71,-1.0101279202775382,0.025700824236241537,0.009083367512868978,0.0004879561144960718,-0.028287548533506124,0.7126782186448533,0.14994445564469985
2025-08-31 19:00:00,4490.0,4434.25,4445.4,-1.1553700309844146,0.02572486028640797,0.0010886471452111746,0.0005010685099792157,-0.13464438119879685,0.6907322838428647,0.14801181844266653
2025-08-31 23:00:00,4445.39,4360.0,4387.59,-0.17980274408032337,-0.007485748241100598,0.026246526032273954,0.0005114020097770998,-0.15902530189930253,0.6408820669673907,0.14806860217499918
2025-09-01 03:00:00,4412.38,4358.67,4397.59,-0.6764848769415024,-0.01618406710079212,0.019456397489686417,0.0004866122358446688,-0.021238039735019476,0.6339778820003468,0.1457486869545774
2025-09-01 07:00:00,4491.84,4380.0,4408.5,-0.13046567149491886,-0.0038960931100765483,0.01483878531613625,0.000434057182974268,-0.07622175303009449,0.6690728567429499,0.14325099949489126
2025-09-01 11:00:00,4423.78,4373.2,4396.26,-0.7274670406624714,-0.01654816270539783,0.0252548901787919,0.0003964911781312798,-0.06792465703478479,0.6339134203566426,0.14457620751002725
2025-09-01 15:00:00,4405.22,4309.69,4346.94,-0.6559588466924722,-0.02867721387313915,0.025700824236241537,0.0003576590486272901,-0.22255600109013118,0.596606321930131,0.1451269829481526
2025-09-01 19:00:00,4369.25,4210.61,4284.56,0.13233471021849452,-0.03913534349180592,0.02572486028640797,0.00031342088512277755,0.12545704745614716,0.5463932253847462,0.14655106410498364
2025-09-01 23:00:00,4363.78,4282.68,4360.95,-0.5594330263102922,-0.018036079236650515,-0.007485748241100598,0.0002534008672113263,0.19216811172817216,0.5708566910612033,0.14363540634571959
2025-09-02 03:00:00,4416.78,4353.11,4412.46,-0.6201755681316062,-0.001455304156912418,-0.01618406710079212,0.00018953857977502552,0.05424389310710098,0.6227892795125611,0.14007977634086685
2025-09-02 07:00:00,4414.0,4368.37,4391.5,-0.6623624512268264,-0.012035246198168315,-0.0038960931100765483,0.00012681045322334616,-0.06138178749513379,0.6278246751939727,0.13960818634619293
2025-09-02 11:00:00,4397.44,4271.31,4348.51,0.6404925279510606,-0.013822233342606238,-0.01654816270539783,7.065637320336715e-05,-0.04008009159078585,0.5870267120322739,0.1399591655234268
2025-09-02 15:00:00,4353.42,4267.18,4296.73,-0.21635621037370048,-0.01026960884944006,-0.02867721387313915,1.1573306260342308e-06,0.12109379322586578,0.5621536802891056,0.14064555209688817
2025-09-02 19:00:00,4335.66,4257.85,4329.2,-0.6991938604057499,0.004397376270226516,-0.03913534349180592,-9.095148540946968e-05,0.12008427079005135,0.555036946069555,0.13678513747968707
2025-09-02 23:00:00,4355.37,4283.23,4338.3,-0.7437987423457446,0.0012332158018677486,-0.018036079236650515,-0.00018973308136121332,0.03296269333524382,0.5661063545952847,0.13330209927335404
2025-09-03 03:00:00,4343.46,4291.19,4307.92,-0.9870153641752718,-0.014094620347463227,-0.001455304156912418,-0.0002939517333105678,-0.21562662572630908,0.5662832082994074,0.13161268471609097
2025-09-03 07:00:00,4377.37,4285.71,4371.72,-0.767243648025294,-0.012326531545920116,-0.012035246198168315,-0.0003857381991135146,-0.010406909921528595,0.5774626125530912,0.12637719679089673
2025-09-03 11:00:00,4481.22,4339.99,4467.11,0.46305503769491163,0.016632415604774353,-0.013822233342606238,-0.0004585308640667319,0.05245817705895206,0.6185025986280913,0.11768953216190084
2025-09-03 15:00:00,4490.64,4452.7,4469.09,0.31371167837770075,0.038189280262933334,-0.01026960884944006,-0.0005243620421910446,0.3760641076351914,0.6637568196801091,0.10394453598006842
2025-09-03 19:00:00,4480.79,4436.6,4469.63,-1.0488731484300087,0.037911731550240635,0.004397376270226516,-0.0005637177586621052,-0.07554042546870554,0.6594563569339309,0.09677640970712711
2025-09-03 23:00:00,4482.05,4419.13,4421.06,-0.6960408365184017,0.030825875223562615,0.0012332158018677486,-0.0005967728760125843,-0.08531219717230143,0.6496187959599063,0.09064325913333683
2025-09-04 03:00:00,4429.32,4355.29,4365.01,-0.1204979350316264,0.016067365367097075,-0.014094620347463227,-0.0006455287537883354,0.05014067175972636,0.5650682153549136,0.08960765446164873
2025-09-04 07:00:00,4433.85,4363.02,4408.17,-0.7927783342605567,0.013003953176292216,-0.012326531545920116,-0.0007003669785099763,0.031638614613596294,0.5434505673009581,0.08799295972122172
2025-09-04 11:00:00,4432.93,4328.22,4341.68,-0.08610352217293124,-0.00619471428594931,0.016632415604774353,-0.0007609210771304313,-0.08727454028410786,0.533618791815987,0.08607046852372723
2025-09-04 15:00:00,4346.49,4271.0,4274.03,-0.35619233552767365,-0.03680137661809901,0.038189280262933334,-0.0008384147813967838,-0.31886607627669594,0.43023229277643266,0.08787167459263984
2025-09-04 19:00:00,4353.33,4265.33,4341.68,-1.0011865464542393,-0.03700238099114683,0.037911731550240635,-0.0009259752686135728,0.16934785954602227,0.41110222438033645,0.08703126362516224
2025-09-04 23:00:00,4349.96,4291.02,4324.4,-0.8943960106380945,-0.03152458566062244,0.030825875223562615,-0.0010111757568650331,-0.025555959506710302,0.4228062364636162,0.08819543025082031
2025-09-05 03:00:00,4342.48,4297.79,4332.66,-1.1336815632822355,-0.014802987584123461,0.016067365367097075,-0.0010899068753845687,0.10139205935986029,0.4350885790514233,0.08875161012785987
2025-09-05 07:00:00,4428.67,4332.16,4409.99,-0.01715534688220881,0.0005172923840937038,0.013003953176292216,-0.0011451123974156447,0.06715540736646686,0.47276544235042306,0.08720106934145032
2025-09-05 11:00:00,4490.0,4263.37,4273.62,2.414207597536899,0.002776787602449593,-0.00619471428594931,-0.0011980129170219543,0.058402006855943434,0.4525370738902715,0.09048008637367232
2025-09-05 15:00:00,4317.16,4256.03,4312.93,-0.26818052895117744,-0.0039480423064002235,-0.03680137661809901,-0.0012555938261667309,0.12484506661231998,0.31292448486563296,0.08924930266060493
2025-09-05 19:00:00,4343.03,4286.71,4313.0,-0.7941855403190431,0.00372385492214633,-0.03700238099114683,-0.0012380888381263021,-0.07535438790764626,0.34743561494200925,0.08726255892719086
2025-09-05 23:00:00,4329.3,4302.77,4323.1,-1.2694005873078094,0.00024231696074461517,-0.03152458566062244,-0.001202758105867714,-0.0014843777603188446,0.27666660429605616,0.0853799233164223
2025-09-06 03:00:00,4325.0,4290.71,4302.61,-1.2729322106804635,-0.004523127365003599,-0.014802987584123461,-0.0011819529644290434,-0.12314209369328,0.2653303606346321,0.08390874276745336
2025-09-06 07:00:00,4315.05,4286.08,4300.94,-1.2965762978562871,-0.021078279175391512,0.0005172923840937038,-0.0011669799732995775,-0.1048166508632109,0.2593019999851668,0.0819910699058924
2025-09-06 11:00:00,4308.39,4287.17,4295.91,-1.1007932423015085,-0.022240721838700073,0.002776787602449593,-0.0011519349820404744,-0.04555994480943781,0.2521039644610678,0.07873197223073945
2025-09-06 15:00:00,4304.25,4236.0,4279.17,-0.6160396687128451,-0.0039878559373276445,-0.0039480423064002235,-0.0011411731636031387,-0.029723974177326085,0.2187691163841429,0.07642664785250339
2025-09-06 19:00:00,4288.0,4251.24,4277.78,-0.9923674806595224,-0.010636650822385518,0.00372385492214633,-0.0011216046389692553,-0.12143516258847031,0.21948289291649958,0.07578504119558724
2025-09-06 23:00:00,4303.43,4268.01,4299.43,-1.1847871455878674,-0.006665762798194419,0.00024231696074461517,-0.0010943549392192005,0.15735153672605162,0.23932790397548012,0.07445552944725291
2025-09-07 03:00:00,4304.08,4283.0,4283.82,-1.2467333320800806,-0.00265931100997141,-0.004523127365003599,-0.0010574867313415195,0.10013737769452069,0.25046420505844974,0.07138153957174187
2025-09-07 07:00:00,4315.35,4276.76,4305.59,-0.9656162523184555,0.00011139807025783988,-0.021078279175391512,-0.0010182466226357125,0.3039772761290367,0.2599240690785629,0.0655408876014788
2025-09-07 11:00:00,4311.23,4288.95,4299.96,-1.0415969959893652,0.001666365662781999,-0.022240721838700073,-0.0009803155316515408,0.05779657970665353,0.26139728887831426,0.06162910764779387
2025-09-07 15:00:00,4305.36,4270.81,4281.09,-1.0460351229693277,0.004030799493754733,-0.0039878559373276445,-0.0009435298363350162,-0.003166166462307052,0.24111452660919117,0.06112593072426366
2025-09-07 19:00:00,4311.0,4277.0,4309.46,-1.1888810432123575,0.0051775737953629886,-0.010636650822385518,-0.0008811056044869394,0.1405221719513161,0.24818933364949977,0.058495365352940025
2025-09-07 23:00:00,4336.02,4279.0,4309.1,-0.7263278425866968,0.004018129401680115,-0.006665762798194419,-0.0008283896451583156,-0.1108227588980466,0.2616856832978144,0.05694138123190037
2025-09-08 03:00:00,4330.97,4289.56,4292.21,-0.9782959557356553,0.0026080470409768353,-0.00265931100997141,-0.0007844733299618179,-0.02427599945115766,0.26500501171306645,0.056389963544851346
2025-09-08 07:00:00,4337.77,4287.68,4328.69,-0.4532089289824784,0.0027812142297123366,0.00011139807025783988,-0.0007466113140624475,-0.12286888889397907,0.27545665542445896,0.05599216392041211
2025-09-08 11:00:00,4362.88,4300.0,4350.72,-0.16264698893811735,0.0065322978002595455,0.001666365662781999,-0.000725528708227525,-0.006765465652710079,0.29788863268765403,0.05503364357370944
2025-09-08 15:00:00,4384.06,4300.16,4329.71,-0.45402628610669893,0.014219728087005334,0.004030799493754733,-0.0006920752209651186,-0.06616956224256554,0.3202617099215892,0.0551812214048426
2025-09-08 19:00:00,4332.5,4281.8,4311.14,-0.6943162598114078,0.0026151390216628823,0.0051775737953629886,-0.0006669285534689455,0.0296743873078118,0.2627637315595318,0.05565719067975423
2025-09-08 23:00:00,4320.16,4276.76,4290.82,-0.7753712305251654,-0.0021359559108005133,0.004018129401680115,-0.0006838515595069341,-0.0139359592341467,0.24975298706030355,0.05612479789048681
2025-09-09 03:00:00,4375.41,4288.24,4365.66,-0.5295013204898555,0.006660825393639547,0.0026080470409768353,-0.0006997618689226839,0.1510184947409352,0.30223837901151046,0.0549427177012408
2025-09-09 07:00:00,4381.87,4342.16,4348.73,-0.49334180097762004,0.010625328210784879,0.0027812142297123366,-0.000701486619548754,-0.04914864679619202,0.3349622607302363,0.05496709539901139
2025-09-09 11:00:00,4367.44,4286.0,4306.24,0.05968559575171153,-0.0006837163215845932,0.0065322978002595455,-0.0007066101682844323,-0.05565856737687669,0.29404424175876115,0.055778013775590204
2025-09-09 15:00:00,4310.0,4277.06,4286.64,-0.26315104291731517,-0.014151934867163818,0.014219728087005334,-0.000707595824036421,-0.036038486167681016,0.24037177873047946,0.05658836256897764
2025-09-09 19:00:00,4319.67,4281.0,4318.6,-0.9902477084014716,-0.001186550448532886,0.0026151390216628823,-0.000697134234923521,0.10031932672830912,0.25613368913791923,0.05629660621958584
2025-09-09 23:00:00,4326.09,4285.1,4317.27,-0.830077793876878,0.0024684214899266532,-0.0021359559108005133,-0.0006744489181314015,0.10063992794924204,0.2635135751221494,0.05514313919942232
2025-09-10 03:00:00,4323.74,4294.92,4312.99,-0.8249832601646269,-0.0057122352218133,0.006660825393639547,-0.0006504421776764943,-0.012783953884143662,0.27009485292961594,0.05434177020145273
2025-09-10 07:00:00,4335.02,4309.5,4326.93,-0.4671437893860179,-0.007747738676703975,0.010625328210784879,-0.0006156113825919457,0.2133614359378746,0.29111114321618947,0.05257930796462565
2025-09-10 11:00:00,4453.57,4322.21,4401.26,1.1664559816206022,0.014233975276913835,-0.0006837163215845932,-0.0005759829738299381,0.15829097574553797,0.37402412536416535,0.050295738639700535
2025-09-10 15:00:00,4425.0,4327.01,4341.5,0.024674008473387122,0.020872889221648316,-0.014151934867163818,-0.0005274847437122063,0.16513293970754872,0.3565350363364269,0.04781032959045957
2025-09-10 19:00:00,4355.7,4300.59,4345.8,-0.5265285970325615,0.006492994142544006,-0.001186550448532886,-0.0004809656815290247,-0.08383590434923127,0.2923712945907601,0.04606576796409645
2025-09-10 23:00:00,4385.3,4338.82,4376.77,-0.8542126873744715,0.013440633045040729,0.0024684214899266532,-0.00044906095037880553,0.03480668387457109,0.3386253631368589,0.045594988948560185
2025-09-11 03:00:00,4443.16,4372.76,4440.0,-0.2954905514236381,0.023592915434023976,-0.0057122352218133,-0.00041758939435295193,0.10808654067699397,0.4020970439314214,0.04596636776494121
2025-09-11 07:00:00,4450.0,4406.3,4427.82,-0.5173867506669074,0.023758347858000572,-0.007747738676703975,-0.0003692824098411803,-0.17421292101534136,0.42453823976745436,0.04654501298375534
2025-09-11 11:00:00,4481.09,4350.01,4427.53,1.170999151639417,0.006860073911312936,0.014233975276913835,-0.000311346578885734,-0.07953810043845533,0.4131191517101794,0.047209613916860876
2025-09-11 15:00:00,4441.5,4401.0,4420.31,-0.8448652804100687,0.010382222239905481,0.020872889221648316,-0.0002557799951666071,0.007824270337785544,0.4155209357789,0.04819431363402227
2025-09-11 19:00:00,4462.01,4413.39,4453.72,-0.8203323357943051,0.024441792840782073,0.006492994142544006,-0.0002149762696141406,0.07771049730441182,0.42966742470841884,0.0490758244065706
2025-09-11 23:00:00,4539.0,4450.71,4507.51,0.058728108724474024,0.03159399255749995,0.013440633045040729,-0.00017628650280934207,-0.030547789767556788,0.5175586751329873,0.05193796654617862
2025-09-12 03:00:00,4563.0,4488.38,4538.99,-0.42380387382781826,0.02635985264561258,0.023592915434023976,-0.00012564674116433407,-0.21738052316252598,0.5530597868985891,0.055549114687794436
2025-09-12 07:00:00,4551.97,4504.5,4516.69,-0.7086590064550455,0.021351272406700428,0.023758347858000572,-7.261887789221635e-05,-0.10658424671721023,0.5472960170883598,0.05884196003469046
2025-09-12 11:00:00,4571.24,4504.11,4547.02,-0.3160897802464213,0.026031362373927003,0.006860073911312936,-3.9727374029701967e-05,0.027491677331771047,0.562487553032205,0.06253699368922497
2025-09-12 15:00:00,4628.0,4528.32,4624.61,-0.09929489199535196,0.03672385586343707,0.010382222239905481,-9.417977071389225e-06,0.018195282244592548,0.6263312498989811,0.06812653362538916
2025-09-12 19:00:00,4748.4,4614.65,4695.16,0.4392753604721191,0.05365206234564113,0.024441792840782073,2.4206069964889034e-05,-0.12158166054612407,0.7384117225727298,0.07646105354158314
2025-09-12 23:00:00,4733.58,4671.51,4702.71,-0.4136500028902558,0.04523124935512257,0.03159399255749995,7.447225935219653e-05,0.002025422811479327,0.7818202855746217,0.08474112896926327
2025-09-13 03:00:00,4769.36,4701.86,4711.09,0.09390017304093123,0.04508722574616142,0.02635985264561258,0.00012378365278749735,0.19726676525392906,0.8180805922987087,0.09206683963990916
2025-09-13 07:00:00,4738.58,4707.29,4718.05,-0.7896658742387623,0.04392205362797297,0.021351272406700428,0.00018842816955301934,0.20649065719884319,0.8052148334667893,0.09913817885347154
2025-09-13 11:00:00,4730.18,4650.1,4689.12,-0.3519293174950291,0.03527013995895567,0.026031362373927003,0.0002543915409193656,-0.14818267821762043,0.7701364621442637,0.1048796568941759
2025-09-13 15:00:00,4705.26,4605.0,4643.08,0.04239234848025575,0.012785902901843116,0.03672385586343707,0.00031025976075561124,-0.15445761966371074,0.7024230880255538,0.10930302173070436
2025-09-13 19:00:00,4667.69,4635.31,4658.53,-0.9859448662506345,-0.003458293196372475,0.05365206234564113,0.0003522370774066153,-0.012617848807647492,0.7174430201387304,0.11259153483763736
2025-09-13 23:00:00,4692.36,4650.44,4683.16,-0.8871480147543618,-0.0071465706090931835,0.04523124935512257,0.00039107897304279136,-0.14349763345245958,0.7381781928328185,0.116414699808027
2025-09-14 03:00:00,4686.62,4634.0,4666.4,-1.0037400391968065,-0.014298815351087346,0.04508722574616142,0.00044826261843091563,-0.22802571099489377,0.7302432770540765,0.12045502846407097
2025-09-14 07:00:00,4674.38,4641.85,4659.83,-1.1343135577148897,-0.013246009088797916,0.04392205362797297,0.0005094865493352171,-0.12438023119423192,0.7240153044120906,0.12391972989305483
2025-09-14 11:00:00,4667.96,4578.85,4601.89,0.43773824996571364,-0.017095378848854148,0.03527013995895567,0.0005737874988934204,-0.17795477941159765,0.6659395405339037,0.12710783381700008
2025-09-14 15:00:00,4629.27,4576.89,4603.5,-0.7364506327066049,-0.009363392184923658,0.012785902901843116,0.0006282804150857016,0.24681872827020812,0.6459869177394651,0.12784954262283493
2025-09-14 19:00:00,4636.51,4592.33,4629.15,-1.0450874554532368,-0.007694080245241097,-0.003458293196372475,0.0006757225757958856,-0.02054550556260004,0.6709527641883488,0.12899537255519125
2025-09-14 23:00:00,4630.0,4580.1,4620.19,-0.8257416813105848,-0.01325288887673004,-0.0071465706090931835,0.0007267942467909319,0.08732086435597841,0.6578249190514673,0.13061338555823515
2025-09-15 03:00:00,4670.28,4617.77,4630.49,-0.6047098834103204,-0.003997496222694963,-0.014298815351087346,0.0007558859294541138,0.25937787015397884,0.7060378730492372,0.13180667548959935
2025-09-15 07:00:00,4642.44,4498.22,4529.79,0.9451805627181374,-0.02404135761877324,-0.013246009088797916,0.0008127204025417623,0.0034844901190547173,0.5785912187295079,0.13516462146896835
2025-09-15 11:00:00,4541.92,4491.3,4511.24,-0.34501369395079323,-0.02094966354447525,-0.017095378848854148,0.0008495917709521626,0.2862573548276084,0.5404335116914494,0.13469055412134287
2025-09-15 15:00:00,4520.93,4466.0,4501.5,-0.3382971720423112,-0.023137025890200724,-0.009363392184923658,0.0008714017495619025,-0.007009617563751069,0.5078384009985331,0.13436844151111235
2025-09-15 19:00:00,4529.99,4476.12,4513.52,-0.8897971122033562,-0.02474628003499746,-0.007694080245241097,0.0008717577830234738,-0.07624710497147713,0.5225777644701031,0.1334129186885809
2025-09-15 23:00:00,4538.25,4503.0,4514.02,-1.0170099648586692,-0.018936766915913283,-0.01325288887673004,0.0008601156614834933,0.025219593947002572,0.5445314914018676,0.13286561542815353
2025-09-16 03:00:00,4536.21,4487.53,4508.81,-0.8847047879441982,-0.02824991079159156,-0.003997496222694963,0.0008612283865751749,-0.043281137840611716,0.5356644753175599,0.13210488730139378
2025-09-16 07:00:00,4531.35,4493.31,4498.75,-0.9179083719799376,-0.008214564463777552,-0.02404135761877324,0.0008725097192111398,-0.01310932918399399,0.5300966267579419,0.13132909340985313
2025-09-16 11:00:00,4512.49,4424.0,4446.71,0.06383190132586748,-0.01176312705412108,-0.02094966354447525,0.0008917629337173301,-0.006970230534689481,0.47143887301739645,0.1315404765849132
2025-09-16 15:00:00,4510.51,4430.54,4474.63,-0.08533851411238914,-0.005242321173429598,-0.023137025890200724,0.0008820557583721437,0.08917461800722637,0.4772613239603445,0.1290477737008782
2025-09-16 19:00:00,4525.4,4471.24,4520.5,-0.9466345187136603,-0.001075744861644301,-0.02474628003499746,0.0008615024842087239,0.18614223303634425,0.516287372564625,0.1261284570543436
2025-09-16 23:00:00,4553.02,4492.99,4530.85,-0.7185331627658571,-0.0008725891395640062,-0.018936766915913283,0.000848052758992299,0.015460775217112088,0.4997619170618228,0.12458561567007509
2025-09-17 03:00:00,4557.67,4464.0,4545.99,-0.30531749668515906,-0.0005442928804183511,-0.02824991079159156,0.000844898001052372,0.03179227854143796,0.4816093139202393,0.12261665462588722
2025-09-17 07:00:00,4555.61,4479.0,4484.02,-0.6763009151835839,0.0016527367067813437,-0.008214564463777552,0.0008378623323943723,-0.046418543504355037,0.4897021763481849,0.12276231174777162
2025-09-17 11:00:00,4513.46,4467.36,4489.93,-0.7372804281553663,0.006273593660301113,-0.01176312705412108,0.0008393495567649374,0.0015501262486783407,0.4004336311675411,0.12087011027292874
2025-09-17 15:00:00,4533.31,4412.0,4456.17,1.3650836044528327,0.0017974429530895897,-0.005242321173429598,0.0008477901913440921,-0.1675233228475339,0.37593391163315,0.11957076175983122
2025-09-17 19:00:00,4601.0,4453.82,4587.12,0.16902442005525328,0.005116415799052643,-0.001075744861644301,0.0008529903160095035,-0.04128628675381785,0.4471744508741088,0.11504569940237394
2025-09-17 23:00:00,4633.21,4580.27,4613.52,-0.227811641945774,0.019266704697918025,-0.0008725891395640062,0.000858886307542845,0.03986372345106193,0.5765685506909319,0.11344282194916737
2025-09-18 03:00:00,4644.47,4553.7,4571.37,-0.44038910348727456,0.01946098871610502,-0.0005442928804183511,0.0008933197423403972,-0.13054116840723184,0.5693438646811091,0.11250588645337524
2025-09-18 07:00:00,4607.76,4570.59,4574.28,-0.7396165428733805,0.015297061207444784,0.0016527367067813437,0.0009161210990762232,0.06633214830338718,0.5486607242273164,0.11110144967983257
2025-09-18 11:00:00,4625.0,4558.15,4596.45,-0.45663895318144476,0.021606589012612698,0.006273593660301113,0.0009325905949559972,0.09774435861378161,0.5539497443134285,0.10974100152373611
2025-09-18 15:00:00,4636.22,4587.51,4618.2,-0.457397467120833,0.029648396821221557,0.0017974429530895897,0.0009433941394684855,0.08537938386313959,0.585861175036784,0.10811431835364821
2025-09-18 19:00:00,4619.11,4581.03,4590.98,-0.8919696591274843,0.016288150143335622,0.005116415799052643,0.0009495337966138953,-0.0781311860394992,0.5493213707666271,0.10673324851334205
2025-09-18 23:00:00,4620.72,4570.61,4589.1,-0.837790328345859,-0.0014723150930028295,0.019266704697918025,0.0009479120973918572,-0.08167691286187906,0.5437908439716674,0.10399142184087262
2025-09-19 03:00:00,4601.59,4520.02,4523.8,-0.3687002364016789,-0.011023457798610359,0.01946098871610502,0.0009580855420438653,-0.008892796496092314,0.4632058192227256,0.10398270199893407
2025-09-19 07:00:00,4549.0,4516.09,4527.73,-0.7507342286742252,-0.01180727146144489,0.015297061207444784,0.0009536452484406622,0.008492507592585685,0.4357373664142069,0.1019420789944463
2025-09-19 11:00:00,4544.44,4487.0,4495.75,0.103218225443234,-0.0160874814642743,0.021606589012612698,0.0009580918985111145,-0.3505840472318684,0.40858279676813575,0.09952133429091606
2025-09-19 15:00:00,4498.0,4435.7,4448.83,0.06187215647058749,-0.031465992868711656,0.029648396821221557,0.0009662627089881404,-0.1206279172383985,0.32376300988357176,0.09694199480326474
2025-09-19 19:00:00,4478.21,4438.4,4468.9,-0.9549471317051593,-0.03012664839264223,0.016288150143335622,0.0009343885087109003,-0.037551555782060264,0.31140141452111963,0.09354582562427897
2025-09-19 23:00:00,4475.91,4446.62,4465.79,-1.0693830663594468,-0.029101735738989776,-0.0014723150930028295,0.0009031357076906704,-0.028523558002547023,0.3214577076498651,0.09048298933296965
2025-09-20 03:00:00,4484.81,4459.38,4473.07,-1.2250816733315302,-0.01703672224007524,-0.011023457798610359,0.0008717661958379907,0.1453884673485819,0.33442058068562586,0.08681732955188932
2025-09-20 07:00:00,4483.22,4456.43,4463.91,-1.1822668101138492,-0.01380320227706211,-0.01180727146144489,0.0008413832442418903,-0.014208006816392227,0.33177434141684276,0.08385911999362348
2025-09-20 11:00:00,4496.78,4463.41,4487.18,-1.0810364240498849,-0.009277729327343276,-0.0160874814642743,0.0008079658608312092,0.5970408611445703,0.33895668334770507,0.08207075809936668
2025-09-20 15:00:00,4508.71,4470.0,4475.22,-0.7094536321859197,0.0053559834486216484,-0.031465992868711656,0.0007717962107458904,0.11492828947665479,0.36350349886503586,0.07927607695335978
2025-09-20 19:00:00,4501.39,4471.74,4493.74,-1.1478828440677593,0.006196909341600998,-0.03012664839264223,0.0007359351550132791,0.04534125885695128,0.3573048273479764,0.07572777575968292
2025-09-20 23:00:00,4493.75,4458.0,4478.57,-1.0185628905543023,0.0033202016609545915,-0.029101735738989776,0.0006989033405322406,-0.15728781162320238,0.3460853869034659,0.0737862475512695
2025-09-21 03:00:00,4492.24,4466.9,4484.6,-1.1451595110137907,0.0012502274113688205,-0.01703672224007524,0.0006616741099254066,-0.0750883783224382,0.34371038046566404,0.07298029772853709
2025-09-21 07:00:00,4485.58,4444.34,4458.8,-1.0089480520151777,-0.0012373794340654332,-0.01380320227706211,0.0006265112191694781,0.027327696182955385,0.32258328278005693,0.07279093918631277
2025-09-21 11:00:00,4484.76,4456.2,4472.73,-1.0786904416497012,-0.0007558506198409587,-0.009277729327343276,0.0005867975200604251,-0.05216894772730529,0.33333691576960894,0.07171817886903288
2025-09-21 15:00:00,4497.0,4464.59,4497.0,-0.8124514098561637,-0.0019870022989517677,0.0053559834486216484,0.0005475588985392326,-0.006157659904040491,0.39572313615285043,0.06999062229421092
2025-09-21 19:00:00,4498.16,4446.0,4465.3,-0.9463266267646172,-0.0024921374137258923,0.006196909341600998,0.0005081816177119154,0.1578764291963144,0.43144647184603685,0.07028166408143821
2025-09-21 23:00:00,4465.31,4261.6,4288.13,2.3423438090326685,-0.030535178358639392,0.0033202016609545915,0.0004813598898979257,0.11857346498631327,0.15491085977084482,0.07961980072039886
2025-09-22 03:00:00,4310.49,4077.0,4192.12,2.1854981593076017,-0.06323404405264132,0.0012502274113688205,0.00042926537412319533,-0.0077876579952108616,0.0,0.09249054996895062
2025-09-22 07:00:00,4224.95,4136.47,4182.78,1.3486047315206537,-0.06333927590333144,-0.0012373794340654332,0.00033191765257118946,0.0352994903258157,0.0,0.10274118664868044
2025-09-22 11:00:00,4219.34,4169.17,4190.01,0.15714578989326522,-0.06223590938168022,-0.0007558506198409587,0.00023239890673001334,-0.045429124795745346,0.01997915553456749,0.11108685014574214
2025-09-22 15:00:00,4195.85,4146.51,4155.32,-0.1500034241125334,-0.06954532107432054,-0.0019870022989517677,0.000140949807051509,0.016160194501363412,0.0,0.12067825040234577
2025-09-22 19:00:00,4198.61,4122.0,4190.74,-0.4918530552053605,-0.06987806574416955,-0.0024921374137258923,4.761378079489678e-05,-0.10583410062417664,0.0,0.12448613646631435
2025-09-22 23:00:00,4211.56,4141.34,4144.21,-0.6292098034601566,-0.036785532388085684,-0.030535178358639392,-5.5396706970737035e-05,0.042037364515899345,0.036113225592640436,0.13179074874411403
2025-09-23 03:00:00,4215.78,4114.39,4205.56,-0.18484822573187465,-0.004421985053542077,-0.06323404405264132,-0.00015565076531673182,0.11953956761882178,0.024520762297273825,0.13238431591308322
2025-09-23 07:00:00,4229.03,4185.2,4193.06,-0.2972778893201142,0.005340834698653429,-0.06333927590333144,-0.00024658870194829317,-0.013644582766822122,0.07448045052870496,0.1350014236515627
2025-09-23 11:00:00,4211.5,4164.75,4174.55,-0.2741452094266541,-0.000818570073510827,-0.06223590938168022,-0.00032811137390353743,0.042630377621283744,0.04858704371155974,0.1386254072123535
2025-09-23 15:00:00,4207.0,4137.7,4157.16,-0.15192285258325888,0.0007137224198179304,-0.06954532107432054,-0.00041921868278822484,-0.05116296827122502,0.017593044270496256,0.14326421819402543
2025-09-23 19:00:00,4190.86,4139.53,4181.93,-0.810372375015227,0.0015878168376437518,-0.06987806574416955,-0.0005207791887763404,0.035034164122552225,0.011583240677642753,0.14483669102643995
2025-09-23 23:00:00,4194.37,4158.25,4169.68,-0.5381638702121206,-0.0021254576607659947,-0.036785532388085684,-0.0006188607117842651,0.04657766474856295,0.02053109841348094,0.1470491980542639
2025-09-24 03:00:00,4183.71,4073.74,4181.21,0.8392083053550629,-0.009381867051797887,-0.004421985053542077,-0.0007211194359630646,-0.05223236199537007,0.0,0.14801799880554012
2025-09-24 07:00:00,4184.32,4164.35,4178.43,-0.7115888823025188,-0.006903903989114335,0.005340834698653429,-0.000816030078984736,-0.0044189573376438585,0.06488762192800965,0.1492992653934202
2025-09-24 11:00:00,4206.9,4145.96,4193.59,0.07445373604463681,-0.002790384846134031,-0.000818570073510827,-0.000905102712683728,-0.15154172672582888,0.06919126064410215,0.15033827988673115
2025-09-24 15:00:00,4198.27,4155.0,4173.09,-0.22641321765767822,0.0016885097470884514,0.0007137224198179304,-0.0009800242249214058,-0.06922949634687081,0.07095838946617632,0.15283909822508687
2025-09-24 19:00:00,4174.75,4131.2,4154.62,-0.6552561824784751,-0.001912847623280478,0.0015878168376437518,-0.0010613926536519231,-0.24618576631662503,0.03999175440922574,0.1549120039906537
2025-09-24 23:00:00,4162.51,4063.29,4102.22,0.905994970157587,-0.015020806640700601,-0.0021254576607659947,-0.0011652988101363627,-0.11413473195390189,0.0,0.15959324268472241
2025-09-25 03:00:00,4103.11,3966.0,3997.75,2.5749183651258463,-0.02716399598333674,-0.009381867051797887,-0.0012853259301074508,-0.11337735443635477,0.0,0.1694810640164925
2025-09-25 07:00:00,4052.81,3985.78,4013.75,0.744702322466632,-0.03651963738519037,-0.006903903989114335,-0.0013871399627371644,-0.07030589657108877,0.0,0.17494633997977246
2025-09-25 11:00:00,4022.87,3924.12,4014.17,3.062911701349511,-0.04598200635915117,-0.002790384846134031,-0.0014969345491535895,0.17776129947135688,0.0,0.18067413776836516
2025-09-25 15:00:00,4017.44,3815.0,3924.96,3.4487535397908626,-0.06498355721727234,0.0016885097470884514,-0.001633613470726273,0.026249674397396117,0.0,0.19350842072229435
2025-09-25 19:00:00,3947.77,3877.92,3893.34,0.30397436466883465,-0.0601188390195857,-0.001912847623280478,-0.0017531155351343162,0.3003666167588568,0.0036265097250949784,0.20411228888884644
2025-09-25 23:00:00,3971.09,3850.0,3958.78,0.9748852425764061,-0.04920780730895691,-0.015020806640700601,-0.0018690085861072989,0.3428987339321885,0.0014744391024013755,0.20638872512592737
2025-09-26 03:00:00,3976.98,3910.21,3921.14,-0.09590108049988577,-0.02011366721179908,-0.02716399598333674,-0.001949530793333681,-0.052681427213241094,0.04361436448064571,0.21481741029056234
2025-09-26 07:00:00,3947.88,3874.54,3888.44,1.0187465176101207,-0.026943561720039977,-0.03651963738519037,-0.0020451033012327028,0.11410714140922829,0.00857601828142534,0.22373401761371073
2025-09-26 11:00:00,3985.41,3873.0,3930.92,1.5228559967041253,-0.013271672849673677,-0.04598200635915117,-0.002120452901460725,0.11658557247783752,0.03091468670728617,0.2269068298455072
2025-09-26 15:00:00,4068.3,3928.57,4044.11,1.0411611976447879,0.02607981967912254,-0.06498355721727234,-0.0021539084461456226,0.12202179727728502,0.1235220550897681,0.22248853999249343
2025-09-26 19:00:00,4045.7,4005.0,4026.24,-0.4352669545697327,0.028687159743507884,-0.0601188390195857,-0.0021909079910148294,0.056047215481306756,0.13960176433491162,0.2248873134974512
2025-09-26 23:00:00,4036.56,4005.74,4012.74,-0.8551553927762892,0.028944433008472048,-0.04920780730895691,-0.0022113219853320625,-0.28369620975088705,0.1386068616408051,0.2268550144408313
2025-09-27 03:00:00,4029.49,4010.41,4019.0,-1.0727568144907578,0.01915173921652169,-0.02011366721179908,-0.0022226120917029826,0.12963901239013365,0.13515818851382974,0.2269696772021151
2025-09-27 07:00:00,4022.0,3972.98,4008.99,-0.6360279309448791,0.02098898934602067,-0.026943561720039977,-0.002235898911004901,-0.08547182962473143,0.10816633557645476,0.22892827442286304
2025-09-27 11:00:00,4039.01,3994.77,4014.93,-0.8025433088096292,0.0216224038548265,-0.013271672849673677,-0.0022281247314793065,-0.026451752819740992,0.13399349800749308,0.2294894278409874
2025-09-27 15:00:00,4022.2,3980.98,3996.08,-0.5832084999411624,-0.0024389608876886903,0.02607981967912254,-0.002240149595521752,-0.23414898465463163,0.11166911999144091,0.23206843787814405
2025-09-27 19:00:00,4033.23,3991.74,4022.71,-1.128965812268409,-0.002468902626660552,0.028687159743507884,-0.002246213658182752,-0.08275921874247183,0.1275636182412489,0.2287601280490354
2025-09-27 23:00:00,4031.75,3994.27,4001.22,-0.9666188880590924,-0.0022633799556824874,0.028944433008472048,-0.0022511175059953172,0.1856040062460791,0.1275730773606295,0.2274819801714964
2025-09-28 03:00:00,4019.87,3996.24,4006.09,-1.0887604122070142,-0.003383918483384929,0.01915173921652169,-0.002253480593818491,-0.10829412201260591,0.11867354449081997,0.22524385450689874
2025-09-28 07:00:00,4016.0,3984.98,3996.38,-0.9844966823893229,0.0006242984759852188,0.02098898934602067,-0.002254718642595749,0.21919423896301216,0.111190733437441,0.22349418805027438
2025-09-28 11:00:00,4028.31,3966.0,4024.64,-0.5185233640596782,-0.004376235738429601,0.0216224038548265,-0.002250777448030581,0.08306410416365706,0.11267991112145492,0.21812290231514062
2025-09-28 15:00:00,4055.12,4016.15,4042.24,-0.24171400141926908,0.008875285105762964,-0.0024389608876886903,-0.002234191383534004,0.49458395592857274,0.15469629792818307,0.21197791866849172
2025-09-28 19:00:00,4141.09,4033.29,4132.29,0.006877909335168166,0.020520144554706965,-0.002468902626660552,-0.002197265866344247,0.2560231549996157,0.2273709641931434,0.2017800745831577
2025-09-28 23:00:00,4146.38,4107.91,4111.68,-0.3343161077894046,0.028686416369314793,-0.0022633799556824874,-0.0021566515475152223,0.006470175205244955,0.26710039127229435,0.1969205645473418
2025-09-29 03:00:00,4123.99,4094.92,4097.53,-0.7792722166852181,0.02589928173182443,-0.003383918483384929,-0.0021360346922568297,0.1742491210279784,0.2444140758435731,0.19333791684397342
2025-09-29 07:00:00,4141.0,4088.15,4116.34,-0.11675872935372712,0.030912457614585387,0.0006242984759852188,-0.00209228845074234,0.07335670874877209,0.2610388284289317,0.18762585140107643
2025-09-29 11:00:00,4205.59,4082.25,4188.8,0.8734394643012569,0.03714501746506027,-0.004376235738429601,-0.0020576336945113513,-0.09650485063893288,0.29279564679003733,0.18006901322701552
2025-09-29 15:00:00,4200.01,4128.53,4162.29,0.3344519255709688,0.030936092498933476,0.008875285105762964,-0.0020295761599599597,-0.13264749604998594,0.30600485515575293,0.1778727270695618
2025-09-29 19:00:00,4235.86,4160.14,4226.06,-0.207327291015001,0.026984294577950374,0.020520144554706965,-0.001986316265193053,-0.24463122560860973,0.3613123359370783,0.17135477350356967
2025-09-29 23:00:00,4245.0,4190.67,4198.73,-0.2695887311928066,0.02047081292320918,0.028686416369314793,-0.0019488901759411655,-0.1176412853095623,0.3695242256851033,0.1683920373493392
2025-09-30 03:00:00,4207.69,4169.38,4189.73,-0.4886793605165993,0.01975270568419818,0.02589928173182443,-0.001918455780828221,0.005070087517264232,0.3427968104553943,0.16420735031666706
2025-09-30 07:00:00,4206.85,4134.0,4158.1,0.0762967253318568,0.01108961765362082,0.030912457614585387,-0.0018919067713196519,-0.2116465678507472,0.31645749255259775,0.16082789565897745
2025-09-30 11:00:00,4175.95,4117.62,4149.28,-0.22381407979410392,0.00013539910526105814,0.03714501746506027,-0.0018675402437482098,-0.09375312695815285,0.29347658290593304,0.15545378886604114
2025-09-30 15:00:00,4149.81,4092.1,4116.53,0.3773513129996445,-0.012182264426123246,0.030936092498933476,-0.0018641950462007816,-0.2905031912041456,0.24457806826757844,0.15096380523475614
2025-09-30 19:00:00,4201.52,4108.82,4140.43,0.3820506197278252,-0.012011315461074257,0.026984294577950374,-0.0018279003746901024,0.09587053367927156,0.3000832115910149,0.14320917337036307
2025-09-30 23:00:00,4174.63,4116.64,4152.96,-0.463110153218731,-0.015525299569304485,0.02047081292320918,-0.0017984143888987558,-0.00021290016509634135,0.29025465291131486,0.13598351426249675
2025-10-01 03:00:00,4156.79,4123.08,4126.26,-0.43527245514781565,-0.01164176649885551,0.01975270568419818,-0.0017639281570114669,-0.26433005563696355,0.2836670597889993,0.12912517019672684
2025-10-01 07:00:00,4329.0,4125.0,4282.62,2.349661395925019,0.02193246109288327,0.01108961765362082,-0.0016794367945272613,0.009034123327788857,0.42727707219025035,0.11906006865489105
2025-10-01 11:00:00,4340.6,4280.0,4323.95,0.503284894508802,0.03776297827293651,0.00013539910526105814,-0.0016003342429758147,-0.003674744969293542,0.48341622376705623,0.11267416726629577
2025-10-01 15:00:00,4344.0,4288.64,4308.35,0.4588409383363678,0.05249507958932731,-0.012182264426123246,-0.001527341998025678,0.4821226635433935,0.5060500718116688,0.10584238159409019
2025-10-01 19:00:00,4339.88,4287.5,4312.96,-0.04490702908707265,0.039733305038840205,-0.012011315461074257,-0.0014614699927428445,-0.015978978693617307,0.5001956745713418,0.09974493261977906
2025-10-01 23:00:00,4399.11,4310.8,4386.25,0.5255842349785425,0.05204669454678745,-0.015525299569304485,-0.0013716025878225564,0.1360512993992895,0.5518706169527815,0.10120605879590337
2025-10-02 03:00:00,4423.35,4358.26,4403.5,0.9691713366617825,0.0593128036957169,-0.01164176649885551,-0.001263661071085764,0.4477697139652643,0.5814158471190116,0.10605094748914244
2025-10-02 07:00:00,4409.56,4369.32,4379.82,-0.5250955169559195,0.029669471860623853,0.02193246109288327,-0.0011586546355571402,-0.1408614821125076,0.5804779102134612,0.11081262959263102
2025-10-02 11:00:00,4420.76,4367.32,4374.42,0.6115567666574182,0.021108526143736484,0.03776297827293651,-0.0010525588681894276,-0.0344083895103795,0.5935969061787355,0.11468376418371067
2025-10-02 15:00:00,4497.0,4335.74,4487.3,1.5700501839133654,0.026105897621572893,0.05249507958932731,-0.000936998562421893,0.017433281294942038,0.6429065314314981,0.1193800441650538
2025-10-02 19:00:00,4516.74,4457.27,4464.13,-0.14086807353514025,0.03907320772352185,0.039733305038840205,-0.000809275913023298,-0.04202758347328972,0.7048026651565621,0.12596141250673504
2025-10-02 23:00:00,4515.14,4461.01,4510.19,-0.3668595998087886,0.027431694760008396,0.05204669454678745,-0.0006855558590736669,0.011364885426986326,0.6969343149332489,0.1319570714615928
2025-10-03 03:00:00,4560.0,4458.1,4472.09,0.2056991074763005,0.026859430573832555,0.0593128036957169,-0.0005583222315254738,-0.17041510143318583,0.724246878002024,0.138350371508595
2025-10-03 07:00:00,4495.0,4428.0,4489.56,-0.07776195346971025,0.01671326064171863,0.029669471860623853,-0.00044351953249426024,0.21018027327910027,0.669338736667293,0.14336388274493292
2025-10-03 11:00:00,4504.46,4436.26,4482.84,0.27690175278924306,0.017444562999657576,0.021108526143736484,-0.00033350578396533145,0.07440605438113335,0.6865747657589677,0.14864711913673453
2025-10-03 15:00:00,4591.59,4450.62,4512.57,2.647496707634502,0.016984077850874968,0.026105897621572893,-0.00022308059811340306,-0.14650386163390516,0.7342675275338133,0.15328690390804078
2025-10-03 19:00:00,4544.74,4493.72,4528.4,-0.45888511278174454,0.007717623542845997,0.03907320772352185,-0.00011750979341145279,0.03283499405091561,0.7467951078909485,0.15843725927594773
2025-10-03 23:00:00,4528.7,4463.17,4484.77,-0.5159716418283856,0.002751671121426824,0.027431694760008396,-1.2235133310695745e-05,-0.1765219001006827,0.711884810538207,0.16416331827637567
2025-10-04 03:00:00,4517.93,4470.92,4506.77,-0.7987898276497797,-0.0019824541644333227,0.026859430573832555,8.924693653823712e-05,0.11713356003629594,0.7134215785096852,0.16785208410305652
2025-10-04 07:00:00,4513.82,4483.01,4487.55,-0.949512294609645,0.007773430955889893,0.01671326064171863,0.000192391123403797,-0.0776177115206339,0.7113591573049726,0.172350756527376
2025-10-04 11:00:00,4511.71,4469.67,4470.58,-0.7469229187397128,0.0036727112199599343,0.017444562999657576,0.0002950339012688847,-0.07441909553045445,0.7064914476451094,0.17621197192311158
2025-10-04 15:00:00,4483.2,4440.0,4454.93,-0.2744802917252045,-0.012195401306580367,0.016984077850874968,0.0004003379441599189,-0.1617237253371263,0.6675516652319149,0.17955967751433716
2025-10-04 19:00:00,4494.5,4454.93,4489.6,-1.0977719981675245,-0.009639034985025607,0.007717623542845997,0.0004978105109423226,-0.07900593480982576,0.6939432864992343,0.18141215735357344
2025-10-04 23:00:00,4551.0,4467.05,4548.9,-0.15994658545431426,0.004712342600927455,0.002751671121426824,0.0005959512887917238,0.3920627131082848,0.7375585609858604,0.18312544364383398
2025-10-05 03:00:00,4588.98,4528.24,4559.66,1.7073349308999468,0.014145561437853393,-0.0019824541644333227,0.0006967535262524658,0.07520118429317435,0.7905110611865019,0.18551569240201587
2025-10-05 07:00:00,4618.17,4523.45,4542.57,2.4492516281379326,0.01775829386964123,0.007773430955889893,0.0008083107245612101,0.08619357162949948,0.8081004292085568,0.1884860969131798
2025-10-05 11:00:00,4556.63,4530.3,4535.7,-0.4057993544095415,0.011427720140004816,0.0036727112199599343,0.0009285894450995243,0.12558483866193004,0.7686902349795153,0.19055791484764195
2025-10-05 15:00:00,4543.5,4491.13,4518.56,-0.33210823930897526,0.013927983935190458,-0.012195401306580367,0.0010427056259370384,0.20089511628393764,0.7428165339707673,0.19073648187873626
2025-10-05 19:00:00,4519.32,4474.0,4513.29,-0.8684985925864062,0.004302454720341409,-0.009639034985025607,0.0011552908487933772,0.1186595455578312,0.7173066962028908,0.18914638212399132
2025-10-05 23:00:00,4552.44,4488.25,4538.32,-0.15999311208932337,0.0013889666702102677,0.004712342600927455,0.0012513524310330114,-0.09326516992695078,0.7451615790101095,0.18783914945344474
2025-10-06 03:00:00,4576.5,4509.0,4560.26,-0.38974556626177914,-0.004192803834579983,0.014145561437853393,0.0013268917574457352,-0.10816640244763942,0.7673381935956166,0.18583947064448686
2025-10-06 07:00:00,4579.67,4528.98,4573.2,-0.24762922348110844,-0.0026564904350199203,0.01775829386964123,0.0013755373208115197,0.0468968963898968,0.7933717616045229,0.18312436219745648
2025-10-06 11:00:00,4676.55,4565.0,4638.51,1.2993853482390083,0.017586052887344827,0.011427720140004816,0.0014120951130212798,0.07040001957227648,0.8655014227278575,0.18039129538560492
2025-10-06 15:00:00,4718.6,4637.78,4711.96,0.5807187822424976,0.036797772034173226,0.013927983935190458,0.001457036857099863,0.0903208502548889,0.9444361045873141,0.1811596933340697
2025-10-06 19:00:00,4735.93,4672.56,4698.57,0.021922658805032948,0.044990501542382155,0.004302454720341409,0.0015221168604870321,-0.106353246892408,0.9626675505746835,0.18402150545356277
2025-10-06 23:00:00,4704.99,4663.71,4686.41,-0.5831272803751621,0.03582431344776138,0.0013889666702102677,0.0015969472244283351,-0.17004127960005566,0.9415314585620362,0.1857518723750641
2025-10-07 03:00:00,4730.94,4666.0,4669.39,-0.050869281234609626,0.034832559394106344,-0.004192803834579983,0.001659317305311692,0.014084338297442489,0.9590442718501904,0.18692595038099064
2025-10-07 07:00:00,4699.42,4638.92,4692.38,0.11073303379600016,0.023921590171167795,-0.0026564904350199203,0.001735987236489217,-0.004465629535687854,0.9256504914336395,0.18631956821559575
2025-10-07 11:00:00,4755.0,4590.04,4592.84,2.311546374308033,0.013255758699386444,0.017586052887344827,0.0017964236673993553,-0.12335179101903893,0.9397576549390525,0.18837766056023506
2025-10-07 15:00:00,4605.99,4446.13,4464.91,3.331468584790552,-0.03756570231185308,0.036797772034173226,0.001929482081816757,-0.10633782699361871,0.7310349676788399,0.18936134304709015
2025-10-07 19:00:00,4517.09,4459.15,4498.19,-0.2458986009446578,-0.044680166298785906,0.044990501542382155,0.0019645555178335735,0.017942587951685907,0.7080363812299845,0.1841760150135177
2025-10-07 23:00:00,4499.29,4430.43,4480.83,-0.03278407751319197,-0.04629442752873292,0.03582431344776138,0.001996510736619284,0.06883209385464983,0.6786791374318796,0.17999393359287938
2025-10-08 03:00:00,4480.83,4410.08,4455.6,0.01939868059928679,-0.05458718003974772,0.034832559394106344,0.0020241902541999336,-0.04133395198576184,0.648151059312273,0.17564856532440257
2025-10-08 07:00:00,4504.68,4442.74,4500.08,-0.07791595288758567,-0.04163653443298776,0.023921590171167795,0.0020116977430331825,0.09892879156032164,0.6899061673267244,0.16814002374650963
2025-10-08 11:00:00,4522.6,4438.87,4450.09,0.2892317382340012,-0.043225970795588986,0.013255758699386444,0.002025618081069938,0.09093461641626388,0.6944042124976241,0.16427894626022682
2025-10-08 15:00:00,4558.0,4437.08,4523.48,0.4930645028262606,-0.0020947779444695502,-0.03756570231185308,0.00203161272945608,0.13400561673726163,0.7195820984960216,0.1565203200897576
2025-10-08 19:00:00,4539.31,4500.0,4521.32,-0.6384008234689463,0.005026234763968018,-0.044680166298785906,0.0020437485588559183,-0.12869553567817993,0.7354009335523596,0.15358912368299737
2025-10-08 23:00:00,4537.55,4398.17,4412.82,0.4116916679715878,0.00031033902629662435,-0.04629442752873292,0.0020801505013453864,-0.27611065042095007,0.6803596192259297,0.15302456076038576
2025-10-09 03:00:00,4460.0,4412.05,4429.55,-0.3498104151678511,0.00018371008068518435,-0.05458718003974772,0.0020881243897355735,-0.08096062619594457,0.6491402386958866,0.1474077139783736
2025-10-09 07:00:00,4437.5,4320.0,4354.7,1.4392855875335142,-0.026094333016516535,-0.04163653443298776,0.0021000855903042137,-0.12920036169774907,0.5483127313225232,0.14538459035021298
2025-10-09 11:00:00,4413.76,4305.73,4344.88,0.8122930557614098,-0.0257017579623513,-0.043225970795588986,0.002051412937751295,-0.008910623873578216,0.5548253650931769,0.14308334811441883
2025-10-09 15:00:00,4363.5,4265.06,4308.24,0.6852397227350343,-0.04265610464359626,-0.0020947779444695502,0.002023483625936519,-0.1092070823127621,0.48685508524705823,0.1412615743556899
2025-10-09 19:00:00,4383.0,4307.21,4377.83,-0.7011198886984321,-0.037171088560108645,0.005026234763968018,0.001923850050039089,0.37870938498951134,0.532011561189531,0.13684788242852325
2025-10-09 23:00:00,4393.63,4351.0,4359.19,-0.6862056558557811,-0.021729208169938286,0.00031033902629662435,0.0018367988658649333,0.2579201397394655,0.5626597238523875,0.13465831983771387
2025-10-10 03:00:00,4392.63,4320.8,4328.0,-0.2185825770644641,-0.019951723835764157,0.00018371008068518435,0.001770372049776664,0.20262573283756558,0.5416912653794006,0.13283355368184174
2025-10-10 07:00:00,4351.27,4313.39,4342.89,-0.5166603021326763,-0.00679422924973172,-0.026094333016516535,0.0017075010624186902,0.16434070955423508,0.5124078074865436,0.12833229187540685
2025-10-10 11:00:00,4390.46,4279.12,4280.35,0.4107871013903802,-0.005449314570510011,-0.0257017579623513,0.0016182098553846162,0.0024807908952535485,0.5259923156825386,0.12662986597108938
2025-10-10 15:00:00,4284.28,4053.1,4053.84,5.0,-0.040120032580298726,-0.04265610464359626,0.0016134607668289436,-0.06595060058813551,0.2773016174713114,0.13651543373362135
2025-10-10 19:00:00,4380.0,3435.0,3855.09,5.0,-0.11617041004816431,-0.037171088560108645,0.0016158133657509315,-0.2271448990263164,0.0,0.15908982065966445
2025-10-10 23:00:00,3917.91,3726.16,3841.17,3.3173376755423742,-0.1248814813154413,-0.021729208169938286,0.001438060903855492,0.06257727211426323,0.0,0.1749839828731749
2025-10-11 03:00:00,3847.99,3756.61,3781.78,0.8392045264823693,-0.12897773858542727,-0.019951723835764157,0.0012618575585704333,-0.04028233091718325,0.0,0.19473653805789107
2025-10-11 07:00:00,3857.24,3733.7,3833.89,1.0193235491367036,-0.12267085504056296,-0.00679422924973172,0.0010644875339336616,-0.2383692807198976,0.006895118656184655,0.20758314319558796
2025-10-11 11:00:00,3845.0,3786.07,3814.2,0.16608603531306004,-0.12038893988122956,-0.005449314570510011,0.0008622665962699136,-0.15734102848042497,0.028612245336317,0.22424666459716613
2025-10-11 15:00:00,3855.06,3809.52,3815.48,-0.26182662596452194,-0.07416446945894051,-0.040120032580298726,0.000673849204567131,0.11375982861944478,0.04041229125373104,0.23822837291543714
2025-10-11 19:00:00,3816.15,3643.33,3742.94,0.7218982490730246,-0.03068173289760001,-0.11617041004816431,0.0005009666650704292,-0.025266765606502095,0.0,0.2594985865189019
2025-10-11 23:00:00,3763.97,3694.74,3734.06,0.09635276948304908,-0.026061177158509197,-0.1248814813154413,0.0002887942222724284,0.05020918375613004,0.002479695793729449,0.27604697099220604
2025-10-12 03:00:00,3839.19,3727.97,3832.84,0.2227644090880411,0.0012927266836966211,-0.12897773858542727,7.75764786762942e-05,0.20783474790625678,0.07571589830272218,0.2792516416933908
2025-10-12 07:00:00,3866.6,3806.34,3820.0,0.003083474464354039,0.008280162085000153,-0.12267085504056296,-0.00011151522502106904,0.15315907293302122,0.10927220697957951,0.2903052224097013
2025-10-12 11:00:00,4027.29,3793.56,3975.19,0.9989001694743245,0.018440443808491525,-0.12038893988122956,-0.0002886079162213316,0.13433855771447534,0.1692903246589559,0.2837069826773084
2025-10-12 15:00:00,4170.0,3965.77,4109.5,2.3217771035696733,0.06345195736265907,-0.07416446945894051,-0.0004331362383799031,0.006224636070863987,0.3566928111941831,0.27585399190642207
2025-10-12 19:00:00,4197.7,4080.7,4134.57,0.5599512764141795,0.11119610308528838,-0.03068173289760001,-0.0005363699357988517,-0.014070744298813942,0.4233305712884058,0.2752760944900019
2025-10-12 23:00:00,4220.89,4108.82,4158.51,0.3545765736897103,0.11561131768862909,-0.026061177158509197,-0.0006180420310137487,0.08132038835218869,0.44290594819284596,0.2740306962386331
2025-10-13 03:00:00,4183.19,4116.07,4170.0,-0.11454579273182657,0.0912759037588513,0.0012927266836966211,-0.000693823059915897,-0.2637717338044291,0.43012005256271274,0.27370125181427063
2025-10-13 07:00:00,4198.0,4140.0,4151.75,-0.1624986511064486,0.08879674919034919,0.008280162085000153,-0.0007694164399897901,-0.04990412169073155,0.4570300432875114,0.2752862179255689
2025-10-13 11:00:00,4180.0,4042.29,4095.45,1.4202926782787038,0.05737360271528513,0.018440443808491525,-0.0008533537402383254,-0.0975846611543778,0.3974280413314152,0.2800839025490437
2025-10-13 15:00:00,4239.75,4093.32,4228.35,0.44096934106823593,0.0231312730184956,0.06345195736265907,-0.000920876128077125,0.06893958329116767,0.4530057839548457,0.27061750307012367
2025-10-13 19:00:00,4292.0,4223.42,4271.15,-0.10282812685734496,0.02973963563651627,0.11119610308528838,-0.0009643764493574099,0.24858303441769092,0.549140935095611,0.2668257360864828
2025-10-13 23:00:00,4271.16,4167.86,4172.31,-0.18063191216811436,0.014945514087317369,0.11561131768862909,-0.0010103778059910556,-0.15673342130649304,0.5064239191787498,0.2729859225508259
2025-10-14 03:00:00,4174.59,3965.56,4003.38,1.0089172375219704,-0.015428451374589591,0.0912759037588513,-0.0010898290818135703,0.020630788004797562,0.36474687966452374,0.2862257016180663
2025-10-14 07:00:00,4025.78,3888.74,3942.37,1.205557865129811,-0.04854387737927979,0.08879674919034919,-0.0012012189256829123,0.043899453820573475,0.250034432810624,0.29355423947591475
2025-10-14 11:00:00,4017.56,3893.77,3970.14,1.7863261813080364,-0.03699862737912896,0.05737360271528513,-0.0013123478815334365,0.32896996018270697,0.24186764347912865,0.29370519409106394
2025-10-14 15:00:00,4164.62,3950.15,4120.91,1.7678237169432027,-0.018962380456256867,0.0231312730184956,-0.001381370489801565,-0.03139900083938019,0.37222473864988315,0.28296698743048426
2025-10-14 19:00:00,4148.49,4049.16,4119.22,0.18263593787006105,-0.03667890697885723,0.02973963563651627,-0.0014666571331951766,-0.0438848054036487,0.3893601356884066,0.2826234183121028
2025-10-14 23:00:00,4145.73,4082.6,4118.54,-0.27125079310645334,-0.024467321538434117,0.014945514087317369,-0.0015402154151743874,0.04898285516016032,0.40088444744790974,0.2812560729694803
2025-10-15 03:00:00,4125.0,4060.11,4118.52,0.25862112383410285,0.004070578731817376,-0.015428451374589591,-0.0016243299148468427,0.07940571420287523,0.3817285602883509,0.27948198433481297
2025-10-15 07:00:00,4217.6,4104.5,4118.66,0.4950352237865912,0.04640611788032789,-0.04854387737927979,-0.0016834912636847631,0.11389450603799034,0.4383085751506968,0.27778663469987425
2025-10-15 11:00:00,4131.17,3993.26,4009.87,0.5302908702792687,0.02797601939374683,-0.03699862737912896,-0.0017628636944301969,-0.19497272848058966,0.35514060605946024,0.28471957168187395
2025-10-15 15:00:00,4035.69,3929.66,4007.81,0.417496790365714,-0.026436311436763726,-0.018962380456256867,-0.00185672741267371,-0.0034103519001535965,0.2617397860532703,0.28430730180695635
2025-10-15 19:00:00,4009.76,3926.74,3961.65,-0.08746423529368205,-0.03273763447007494,-0.03667890697885723,-0.001928805706879438,-0.1183373751605521,0.2519791685523222,0.2875677956472761
2025-10-15 23:00:00,4035.66,3953.66,4031.33,-0.0970956285387688,-0.026990979946732274,-0.024467321538434117,-0.0019804878306783767,0.3194040597737968,0.28730782191569987,0.2808631032170843
2025-10-16 03:00:00,4049.88,3979.36,4042.08,-0.4096011918178579,-0.019887567321080435,0.004070578731817376,-0.00202513212625328,-0.03412316820780059,0.2984236858729729,0.2775671577540642
2025-10-16 07:00:00,4078.96,3940.66,4049.09,0.1387624722939016,-0.03337804365586916,0.04640611788032789,-0.002066748246762687,-0.17962552905889795,0.2966063769332078,0.27389894088098377
2025-10-16 11:00:00,4086.49,3970.01,4015.52,0.4058879007867053,-0.009246704462330224,0.02797601939374683,-0.0020958915566765676,0.11487685777085632,0.316653939278428,0.2713384820747589
2025-10-16 15:00:00,4020.8,3857.12,3904.89,1.4098659798304505,-0.01477460609590453,-0.026436311436763726,-0.002187845719841896,-0.14462009028032508,0.20162482740967502,0.272779982770777
2025-10-16 19:00:00,3912.5,3826.04,3865.45,0.051024549817953326,-0.026516212450397036,-0.03273763447007494,-0.002265330454074496,0.11307329299865754,0.14434874371098275,0.26961058831283413
2025-10-16 23:00:00,3950.45,3861.5,3922.3,-0.35994646451038337,-0.02281534963145493,-0.026990979946732274,-0.0022806077856392356,-0.14095458127249538,0.1938933197875112,0.25835393085589675
2025-10-17 03:00:00,3935.97,3807.6,3819.71,-0.061733358493147775,-0.03376973841998954,-0.019887567321080435,-0.002331607495798243,-0.0563835693006679,0.15978247395232753,0.2594779999539137
2025-10-17 07:00:00,3824.33,3674.5,3725.36,2.828148180043077,-0.06769729515498235,-0.03337804365586916,-0.002449302982316112,0.10803566080832683,0.018799058998455357,0.2605910657825936
2025-10-17 11:00:00,3817.7,3714.0,3750.31,1.1765513170018111,-0.06480150302091481,-0.009246704462330224,-0.0024990715012087224,-0.013476695200560607,0.04943088271309335,0.2554555110706528
2025-10-17 15:00:00,3849.29,3744.79,3835.69,0.293962355298295,-0.030353515918879692,-0.01477460609590453,-0.0025344677297417587,0.17754969477993687,0.07994705722033305,0.24767827994882927
2025-10-17 19:00:00,3883.17,3815.25,3854.43,-0.3631245719350415,-0.002124774144881769,-0.026516212450397036,-0.0025337338082130636,0.06022517411508033,0.1359528861737259,0.24255932621969406
2025-10-17 23:00:00,3882.28,3819.07,3851.24,-0.49155473673597777,-0.01526770560541546,-0.02281534963145493,-0.0025530575472295053,-0.07894881357271166,0.1328078963525301,0.23885012418873336
2025-10-18 03:00:00,3878.74,3841.3,3872.67,-0.7457101905907688,-0.004962762367556217,-0.03376973841998954,-0.0025692040504423424,0.06107795761163115,0.1400959624498659,0.23350041722804987
2025-10-18 07:00:00,3927.73,3861.98,3876.36,-0.22704205003633868,0.03966643858153973,-0.06769729515498235,-0.0025650713387869576,-0.027242098613609156,0.17055738191404582,0.22720888570224262
2025-10-18 11:00:00,3893.38,3848.81,3873.77,-0.6339645473643892,0.026005760171029513,-0.06480150302091481,-0.002584787294070391,-0.0873219272767799,0.14972193807602688,0.2223654085038406
2025-10-18 15:00:00,3898.83,3853.16,3888.12,-0.6862120573248645,0.01902581397948988,-0.030353515918879692,-0.002590418659773723,-0.0776558850013862,0.15390058776004978,0.21305733052556936
2025-10-18 19:00:00,3908.94,3869.62,3886.14,-0.8712647924575311,0.008704414983890851,-0.002124774144881769,-0.002591073434838926,-0.19786346344395167,0.17027453285155392,0.20384807607283567
2025-10-18 23:00:00,3892.48,3855.7,3872.95,-0.6797951649028244,0.006035476721665711,-0.01526770560541546,-0.002600023737762986,0.16646554807482783,0.1565868955146109,0.19876877734524637
2025-10-19 03:00:00,3921.61,3868.51,3881.48,-0.4750999443289766,0.009601819746959173,-0.004962762367556217,-0.0025779354510669043,0.22616598569031465,0.17799587144841175,0.19119091920705766
2025-10-19 07:00:00,3955.6,3827.04,3930.92,0.17219106437947082,0.0023168167177571863,0.03966643858153973,-0.0025511968251503564,0.05463038557243438,0.17977279934276372,0.18333504936783485
2025-10-19 11:00:00,4002.08,3908.17,3989.31,-0.05153338738396783,0.02281595719548779,0.026005760171029513,-0.0024811118499135174,0.1593998853593912,0.23999977416028262,0.17495564505175668
2025-10-19 15:00:00,4026.95,3958.71,4001.51,-0.21168824066568745,0.029771028542695532,0.01902581397948988,-0.002421067225450601,-0.024236512955859157,0.27182254818627943,0.16957610772233364
2025-10-19 19:00:00,4030.94,3974.65,4020.76,-0.6742090918043863,0.027042396097781474,0.008704414983890851,-0.002371973403627801,-0.007283267927499226,0.277831270191427,0.1611237443374286
2025-10-19 23:00:00,4020.76,3908.73,3956.54,-0.21955283609302728,0.01955340922367954,0.006035476721665711,-0.002352235602723362,-0.19361276479855105,0.2340897642027005,0.15609243810297715
2025-10-20 03:00:00,4085.3,3948.08,4075.0,0.1491234851470097,0.03801984585218765,0.009601819746959173,-0.0022550884034883297,0.021764830160861726,0.32950719596162037,0.14530835281877574
2025-10-20 07:00:00,4076.99,4016.02,4026.21,-0.28548449820445665,0.03825005355231981,0.0023168167177571863,-0.0021846142829532,-0.05964020485274968,0.33226948268385836,0.13921551950396255
2025-10-20 11:00:00,4048.1,4012.21,4038.69,0.055071290307583724,0.018353134493588774,0.02281595719548779,-0.002117248416343823,-0.29749508463472674,0.3142760618040766,0.1331162638092129
2025-10-20 15:00:00,4049.51,3922.0,3974.01,0.610289018060179,-0.003110584925685056,0.029771028542695532,-0.0020562414658969914,-0.1650260281685425,0.25913482824486544,0.13478634634614067
2025-10-20 19:00:00,4003.2,3959.06,3988.89,-0.7159450208739959,-0.002991680991996093,0.027042396097781474,-0.0019577025337410873,0.1886117668948868,0.26561056960894186,0.13354315726337324
2025-10-20 23:00:00,3993.51,3925.11,3931.39,-0.5889905317706462,0.0006479815546540646,0.01955340922367954,-0.0018674932486049975,-0.0006879881360543072,0.2367083566621157,0.13454606144542403
2025-10-21 03:00:00,3943.02,3840.24,3887.23,-0.020969732505774635,-0.04166581076709497,0.03801984585218765,-0.0018049234587231993,-0.2375906764646597,0.15715364439423454,0.13419147830131511
2025-10-21 07:00:00,3897.77,3851.0,3883.75,-0.5381358640441338,-0.04241939405099493,0.03825005355231981,-0.0017149300931028593,-0.030951619454629653,0.15668150642507897,0.13356587449283996
2025-10-21 11:00:00,4024.47,3852.06,4021.24,0.2914885903288103,-0.02719678652792934,0.018353134493588774,-0.0016081838669011394,0.25277147304007586,0.2021888827669798,0.12751885864799878
2025-10-21 15:00:00,4110.0,3965.47,4013.94,1.309732104619496,0.0160712112309771,-0.003110584925685056,-0.0014601693426925994,0.21126867242000258,0.32448355266462225,0.12614384397888356
2025-10-21 19:00:00,4022.32,3892.48,3901.28,-0.26443750817380657,-0.009734271517581772,-0.002991680991996093,-0.0014011504819247227,-0.05539904339807622,0.22596605914960843,0.12633565782384323
2025-10-21 23:00:00,3911.24,3821.64,3862.0,-0.13158796873249926,-0.023517090359137516,0.0006479815546540646,-0.0013571047695744938,0.04981605206756767,0.14161061996105412,0.12423816532134771
2025-10-22 03:00:00,3884.34,3838.31,3853.36,-0.5583137611548024,-0.004624361229550011,-0.04166581076709497,-0.0013045287463609022,0.10145899669591629,0.13882167457646974,0.12409683284033732
2025-10-22 07:00:00,3876.46,3818.75,3820.7,-0.4538815603330333,-0.008044611555776848,-0.04241939405099493,-0.0012585015669783568,-0.06319692257376874,0.12479472145687764,0.12514077968373727
2025-10-22 11:00:00,3876.92,3770.02,3853.57,0.5073022600102443,-0.024417222679677164,-0.02719678652792934,-0.0012063305187365483,0.04019507858892002,0.1042940864397501,0.12526987319698657
2025-10-22 15:00:00,3864.23,3790.74,3802.61,0.9904358311430101,-0.052128119195299916,0.0160712112309771,-0.0011463804986039882,-0.22256511072694296,0.10911380080872167,0.12793852542321396
2025-10-22 19:00:00,3827.24,3710.0,3752.36,-0.01935419563176755,-0.04444252468953935,-0.009734271517581772,-0.0010962156104353962,-0.1171572386580928,0.04672806501991543,0.13127494332674078
2025-10-22 23:00:00,3835.93,3750.77,3825.65,-0.5903572733584913,-0.013900736193669716,-0.023517090359137516,-0.001023887654166298,0.030312482758157566,0.0867211494690288,0.12751783749661325
2025-10-23 03:00:00,3897.0,3822.58,3891.41,-0.5510474160527333,-0.0007806008650647067,-0.004624361229550011,-0.0009485468570331632,0.062344689244552054,0.1357415135756025,0.12256469172992535
2025-10-23 07:00:00,3905.22,3870.26,3877.57,-0.42105308611109654,0.011012597052568074,-0.008044611555776848,-0.0008706244538790454,0.16511081990732768,0.16809468635870004,0.12064409527005776
2025-10-23 11:00:00,3887.99,3808.01,3847.69,0.8577102588758588,0.004725749151748282,-0.024417222679677164,-0.000818267658125565,-0.28777982491598,0.12277817893642558,0.12085655304141263
2025-10-23 15:00:00,3934.86,3843.1,3870.14,0.34346936377623977,0.015015946215693798,-0.052128119195299916,-0.0007532209998929361,0.2651863018221994,0.16791890122178268,0.1145133648938865
2025-10-23 19:00:00,3871.36,3818.72,3850.96,-0.5961260201314592,0.02027095059559403,-0.04444252468953935,-0.0007052618887136943,0.10014765757481103,0.1248480735759769,0.10674479760607353
2025-10-23 23:00:00,3896.0,3845.28,3889.62,-0.6655613565777521,0.015453559379931425,-0.013900736193669716,-0.0006440907499363259,-0.0669584232706163,0.14689397424231018,0.10096920042375342
2025-10-24 03:00:00,3989.2,3878.91,3982.44,-0.27853665375808023,0.024476122825190627,-0.0007806008650647067,-0.0005617912062484563,0.036325497125284434,0.2322460814531772,0.09839555957264481
2025-10-24 07:00:00,3983.91,3930.54,3956.6,-0.30637151516932654,0.01675842029119856,0.011012597052568074,-0.0004762371956219863,0.019634132625125034,0.2347120498147778,0.09908107892914833
2025-10-24 11:00:00,4026.39,3890.65,3902.27,0.6459277403003377,0.028482459513814895,0.004725749151748282,-0.0003937053422599768,0.32519976960029595,0.23470972159240627,0.1004074641762418
2025-10-24 15:00:00,3930.0,3866.43,3911.97,-0.18521034234035622,0.0022053453874515405,0.015015946215693798,-0.00031127129775742463,0.05501371124480503,0.1766851092523615,0.0968908272638248
2025-10-24 19:00:00,3945.23,3911.97,3935.88,-0.7720846121056338,0.022525590426230924,0.02027095059559403,-0.0002760944622626643,0.2249635937452732,0.2134166923131877,0.09286367784082115
2025-10-24 23:00:00,3939.29,3912.4,3934.32,-0.83202776567638,0.015677898630373166,0.015453559379931425,-0.0002996999977892347,0.05239697207621097,0.20888371108316708,0.08924048390163222
2025-10-25 03:00:00,3935.99,3920.0,3928.74,-0.8786459702102294,-0.005658107332459639,0.024476122825190627,-0.0003278168040586129,-0.28024952549491233,0.20939123704560958,0.08541474956749032
2025-10-25 07:00:00,3960.57,3925.19,3942.56,-0.7697428460712585,-0.002865530078827616,0.01675842029119856,-0.00036237622159150776,-0.06539671320979434,0.22313022179932684,0.08091017567797582
2025-10-25 11:00:00,3956.41,3933.6,3938.66,-0.9123086123600508,-0.0022752869291081668,0.028482459513814895,-0.0003942838593402506,0.013362774833843405,0.2255135289180895,0.0800730839484377
2025-10-25 15:00:00,3969.22,3924.2,3959.68,-0.7707080664698239,0.011367160961798684,0.0022053453874515405,-0.000422706848229243,0.16136062112630034,0.2219690153936297,0.07891499465831377
2025-10-25 19:00:00,3964.76,3935.82,3961.56,-0.9316149263193773,0.005261425395147512,0.022525590426230924,-0.0004484219448108806,-0.15888218637607876,0.23457014633741632,0.07887659689288433
2025-10-25 23:00:00,3963.93,3919.03,3930.55,-0.7981443068557068,0.004039371489262367,0.015677898630373166,-0.0004976213474537513,0.06965199213063955,0.22510561178437538,0.077965417502509
2025-10-26 03:00:00,3946.55,3923.55,3944.88,-0.9527006881053052,0.0022234332914388144,-0.005658107332459639,-0.0005493136261064797,0.3297990866639149,0.21832155513955512,0.07586338888082451
2025-10-26 07:00:00,4011.25,3941.71,3983.19,-0.48245225591311947,0.00942106526219133,-0.002865530078827616,-0.0005808733515100819,0.07366607092017885,0.2610989352872288,0.07352042089736595
2025-10-26 11:00:00,4099.02,3976.59,4066.86,0.2086257680206878,0.02832018839850936,-0.0022752869291081668,-0.0005915523381184203,0.02265624931034327,0.3397168563274867,0.07353052130772819
2025-10-26 15:00:00,4080.25,4046.29,4072.23,-0.5852805467781309,0.031718222607004964,0.011367160961798684,-0.0005841827618492811,-0.13786796355809006,0.3497627501731429,0.0762553724473598
2025-10-26 19:00:00,4176.0,4054.11,4160.65,-0.21986989112444275,0.04192020824511378,0.005261425395147512,-0.0005313123579362034,0.07193235903652817,0.40399625004328454,0.08046748102775067
2025-10-26 23:00:00,4217.7,4148.0,4205.49,0.08832337121715184,0.06051038488261984,0.004039371489262367,-0.00045446592991497985,-0.06289488094185736,0.46909368720492134,0.08710236543647923
2025-10-27 03:00:00,4253.72,4193.24,4235.21,-0.258726652000398,0.07253636109817774,0.0022234332914388144,-0.00036536253429313403,-0.08804255782709358,0.5103083037609928,0.09357851086906357
2025-10-27 07:00:00,4247.56,4154.55,4167.29,-0.0717624456490442,0.05117302505497179,0.00942106526219133,-0.0002778878280187339,-0.1292871664735452,0.46927908861425055,0.096063888753202
2025-10-27 11:00:00,4188.0,4124.52,4148.96,0.16412634253034944,0.02438438056579706,0.02832018839850936,-0.00019120636183702375,0.17558994708472198,0.44083351479311134,0.09711143569526516
2025-10-27 15:00:00,4233.48,4147.56,4215.12,-0.41168365576670024,0.0325365304456362,0.031718222607004964,-0.00011918496389163719,0.12489108633490265,0.4850114381863165,0.10025306022274133
2025-10-27 19:00:00,4221.04,4095.0,4122.82,-0.2741480954938012,0.007876948134569517,0.04192020824511378,-2.9876298364475297e-05,-0.05653232282648901,0.437166545452898,0.10401988182510602
2025-10-27 23:00:00,4143.13,4074.7,4095.72,-0.38862392649377414,-0.01601558740679543,0.06051038488261984,7.125689584364935e-05,-0.04584754486879539,0.40060852580149,0.10535887128113092
2025-10-28 03:00:00,4114.75,4066.58,4112.84,-0.5203884225640014,-0.031839866983721654,0.07253636109817774,0.00015819439219308382,0.022328644546409038,0.3728437753037697,0.10610735983049135
2025-10-28 07:00:00,4136.1,4104.23,4118.2,-0.690121939609449,-0.015135791824988476,0.05117302505497179,0.00020883569001395487,0.157649838007337,0.40455326478597553,0.10716809637385107
2025-10-28 11:00:00,4175.55,4071.28,4118.78,-0.0854073802233263,-0.005995951730946025,0.02438438056579706,0.00024289271776946136,-0.15704999951192022,0.4153633322521099,0.10817073337531227
2025-10-28 15:00:00,4151.28,4087.09,4115.42,-0.3313745076923262,-0.01796664651971891,0.0325365304456362,0.0002777213464203376,-0.15076729034669156,0.4078972536786408,0.10924743980029007
2025-10-28 19:00:00,4118.81,3931.33,3995.24,0.9511108427821987,-0.03541767497806625,0.007876948134569517,0.00034636055169036953,-0.07706150144988233,0.28684580240572066,0.11196649770158378
2025-10-28 23:00:00,4008.89,3964.56,4002.97,-0.6007563212776653,-0.03207770750677952,-0.01601558740679543,0.0003873727926044042,0.1542062124452901,0.2656360688829057,0.11097826787802892
2025-10-29 03:00:00,4036.66,3986.21,4024.54,-0.732725310155595,-0.017912590746937518,-0.031839866983721654,0.00042180097798451467,0.055540580979029475,0.2979708156376646,0.10981135237656667
2025-10-29 07:00:00,4031.45,3986.4,3989.07,-0.6533407021514482,-0.027022236361228025,-0.015135791824988476,0.0004633664459303415,-0.23270949865830437,0.2907459742544784,0.11059986794200896
2025-10-29 11:00:00,4029.41,3973.53,3988.57,-0.42339770507101565,-0.03162495587820291,-0.005995951730946025,0.000516126026162589,0.02245502567929991,0.2818292853724148,0.11061287977016765
2025-10-29 15:00:00,4018.46,3840.37,3917.9,1.5165731697462008,-0.04397114043465544,-0.01796664651971891,0.0005573478659369439,-0.03446713468976126,0.2225606438491486,0.11288392495170789
2025-10-29 19:00:00,3963.59,3887.68,3940.8,-0.26766952125143983,-0.018690736463811586,-0.03541767497806625,0.0005607421081427264,0.1473554555182024,0.21032763162292514,0.11221073793230611
2025-10-29 23:00:00,3948.0,3874.01,3945.66,-0.3420742935488978,-0.017769947910101558,-0.03207770750677952,0.0005603670567442022,-0.0963591009127629,0.1932644183375089,0.11211908489747081
2025-10-30 03:00:00,3948.74,3839.5,3913.41,0.11104589252346277,-0.031040795386929165,-0.017912590746937518,0.0005650355432172394,-0.03901185571250687,0.17054730049458883,0.11261184058567521
2025-10-30 07:00:00,3944.94,3883.2,3892.9,-0.585597803165064,-0.02343326082846975,-0.027022236361228025,0.0005611775012655929,0.17457064006754197,0.19472094742190466,0.11352477269793596
2025-10-30 11:00:00,3897.49,3760.67,3801.36,0.5677527302104373,-0.04696484574644355,-0.03162495587820291,0.0005813068888456103,-0.09951090884167457,0.08979508928751115,0.11821999941236738
2025-10-30 15:00:00,3807.9,3720.37,3721.28,0.200935955287613,-0.04614466276378426,-0.04397114043465544,0.0005765239719127906,-0.08728539559364046,0.03661501912117008,0.1255828406395076
2025-10-30 19:00:00,3783.8,3680.0,3783.79,-0.06889249109158958,-0.05188362293598803,-0.018690736463811586,0.0005323211722791824,0.03129466704632655,0.0018908502108339823,0.12591971824499115
2025-10-30 23:00:00,3860.79,3773.8,3821.25,-0.42263216115777286,-0.022958789604851204,-0.017769947910101558,0.0004513440696762999,0.028422308633458515,0.10142174248210614,0.12606897693947966
2025-10-31 03:00:00,3873.68,3812.01,3831.24,-0.5111040678574219,-0.011300343094192034,-0.031040795386929165,0.00041440567197753017,0.009036107000043536,0.1255989392527669,0.12656441688370978
2025-10-31 07:00:00,3863.77,3818.48,3835.83,-0.6268647797852461,-0.019188465251346765,-0.02343326082846975,0.0003791590152268884,0.08168361576252914,0.11793285494658866,0.12710339414746624
2025-10-31 11:00:00,3888.0,3827.71,3868.87,0.5843016119326649,0.011721838329580736,-0.04696484574644355,0.00030934389361852185,0.28308069253542545,0.13547342996034045,0.1262839305432155
2025-10-31 15:00:00,3883.51,3804.74,3852.9,0.4406713048376249,0.02414293495205455,-0.04614466276378426,0.00025151825178845386,0.2994512948866874,0.12941268783657658,0.12729775453222503
2025-10-31 19:00:00,3906.09,3836.51,3855.66,-0.3871998862797704,0.039407865449627044,-0.05188362293598803,0.0001970211349171441,0.1909024356273059,0.15199359157120568,0.12769247548282436
2025-10-31 23:00:00,3860.91,3831.0,3852.26,-0.8929315012027734,0.0062333787787522965,-0.022958789604851204,0.00016174332120654996,0.04626057951610352,0.12578480841639686,0.12793780816650743
2025-11-01 03:00:00,3869.55,3851.52,3858.65,-0.8863918151996601,0.0036088358794226227,-0.011300343094192034,0.0001183601798735297,-0.0078047026157933574,0.13979127080908157,0.12765322089413864
2025-11-01 07:00:00,3882.94,3856.71,3876.8,-0.8501875734712825,0.008660718129251066,-0.019188465251346765,7.991263291338598e-05,-0.12938079608644015,0.15192613782067269,0.1262231898763267
2025-11-01 11:00:00,3881.29,3858.11,3873.42,-0.8337638951091033,0.004100602971625511,0.011721838329580736,5.10304215583196e-05,-0.26863983839783645,0.1516402066156594,0.12607739509709273
2025-11-01 15:00:00,3909.39,3862.92,3880.26,-0.5850981959747238,0.009519672016890857,0.02414293495205455,1.7579904098727872e-05,-0.0616275243192107,0.16688664541465448,0.12459421845689311
2025-11-01 19:00:00,3891.6,3864.31,3874.68,-0.9736786413067919,0.0013691876161667782,0.039407865449627044,-1.1583270265240013e-05,-0.09826018377915868,0.15741428284641334,0.122224542603374
2025-11-01 23:00:00,3886.85,3861.71,3880.06,-0.9261785272248906,0.006537384390911116,0.0062333787787522965,-3.936701520361341e-05,0.12342732041998228,0.1514953463784615,0.12121206950962111
2025-11-02 03:00:00,3913.58,3876.01,3902.03,-0.8358969373772838,0.009402625422129551,0.0036088358794226227,-7.084512617830637e-05,0.05367956599351764,0.17690206323907387,0.12043336395454499
2025-11-02 07:00:00,3918.23,3853.76,3863.3,-0.6828090901788342,0.0027289211448666695,0.008660718129251066,-9.289523867311056e-05,0.047339364918038696,0.1627299070276922,0.12182719719753124
2025-11-02 11:00:00,3897.74,3839.12,3852.86,-0.31059797050563964,0.0006418995922787829,0.004100602971625511,-0.00011755478965641145,0.3464554883831634,0.15418129659852978,0.1220740614915437
2025-11-02 15:00:00,3871.05,3840.64,3863.94,-0.6954003150985512,-0.007665076460834475,0.009519672016890857,-0.00013124412899264876,-0.0991859516215744,0.13642601742845775,0.12180804255272272
2025-11-02 19:00:00,3868.58,3843.12,3854.5,-0.9013776694510446,-0.005895361766128482,0.0013691876161667782,-0.00014088757777741315,-0.06055634873964033,0.13404225497153383,0.12205070627313576
2025-11-02 23:00:00,3916.27,3787.41,3799.38,0.46912832517000264,-0.00787067351897186,0.006537384390911116,-0.00014947191109870167,-0.11541875115109457,0.12033882592297632,0.12535430234692166
2025-11-03 03:00:00,3807.28,3684.0,3718.5,0.5682937686591779,-0.041066296200878205,0.009402625422129551,-0.00017408495776743212,-0.09061706729207575,0.013295373348527068,0.1322069409939525
2025-11-03 07:00:00,3740.0,3662.88,3675.99,0.2440217280420168,-0.04506960448257269,0.0027289211448666695,-0.00019748256474794444,-0.07365592992100856,0.0,0.13923875818103723
2025-11-03 11:00:00,3748.64,3673.04,3734.62,0.6171861856742689,-0.04063531958803979,0.0006418995922787829,-0.00022319206670468422,-0.3280766293897682,0.009252191809644565,0.14005220242423375
2025-11-03 15:00:00,3739.7,3564.13,3632.45,2.0579310069523364,-0.05931293364956447,-0.007665076460834475,-0.0002556293874258116,-0.013859370325582376,0.0,0.1506211975552325
2025-11-03 19:00:00,3649.04,3558.82,3590.21,0.05484633861420267,-0.06604985989172929,-0.005895361766128482,-0.0003166515486634282,-0.11702481648959617,0.0,0.16048009906742638
2025-11-03 23:00:00,3654.54,3566.33,3626.1,-0.1945333451798033,-0.05839845117514453,-0.00787067351897186,-0.00037700475087202917,0.010150480901600645,0.015359391579860682,0.16483522890638364
2025-11-04 03:00:00,3651.26,3478.49,3512.41,1.7431219505928568,-0.05068331295417039,-0.041066296200878205,-0.0004481374971790708,-0.15598790331221024,0.0,0.18085619275176795
2025-11-04 07:00:00,3520.63,3460.3,3485.74,0.9631910971194407,-0.05864983039152705,-0.04506960448257269,-0.0005542207075299344,0.027261603965630155,0.0,0.19332091662839407
2025-11-04 11:00:00,3563.14,3474.0,3555.94,1.052253703180173,-0.055100382194323116,-0.04063531958803979,-0.0006607614874089082,0.3855798880651493,0.021340214744907444,0.19647678022335727
2025-11-04 15:00:00,3587.66,3256.0,3303.3,3.2669372428310646,-0.06337127630965533,-0.05931293364956447,-0.0007775875944820858,-0.002487305705944798,0.0,0.23146940874715202
2025-11-04 19:00:00,3316.88,3057.0,3247.2,4.094503800646173,-0.11181634472311341,-0.06604985989172929,-0.0009221850949134248,0.02624020912872682,0.0,0.2568712300969015
2025-11-04 23:00:00,3326.39,3166.66,3324.94,2.1181534383241702,-0.10161375235271508,-0.05839845117514453,-0.0010751395666311725,0.10232504418951849,0.03941075955227944,0.265391896746234
2025-11-05 03:00:00,3354.6,3305.76,3337.13,-0.09216556547650527,-0.06117948669236972,-0.05068331295417039,-0.0012163646324087202,0.3552882803725128,0.10075149668550434,0.27694497943987983
2025-11-05 07:00:00,3342.06,3274.54,3276.55,-0.10980346985797475,-0.05256865227137586,-0.05864983039152705,-0.0013698795464445232,-0.0716138738509362,0.08299688702217857,0.29621600587404473
2025-11-05 11:00:00,3375.79,3276.06,3348.92,0.2824810365514708,-0.049983178844942744,-0.055100382194323116,-0.001507489719447023,-0.026715886944948752,0.10561649319424926,0.29804369969771116
2025-11-05 15:00:00,3479.16,3334.19,3462.04,0.814244555809552,0.003318394364245414,-0.06337127630965533,-0.001616362672406584,0.07214798046980353,0.1610638834141412,0.2915915017910984
2025-11-05 19:00:00,3480.46,3415.29,3424.74,-0.22820103547845247,0.07831075142042421,-0.11181634472311341,-0.0017161284028770869,0.04260860647375475,0.19697806112434557,0.2966223852748535
2025-11-05 23:00:00,3435.35,3375.13,3422.13,-0.3934339639602133,0.04861185446403793,-0.10161375235271508,-0.0018591481745180779,-0.20484353548339218,0.16849189635282683,0.29675462458857094
2025-11-06 03:00:00,3456.46,3372.3,3384.71,-0.28519390684700435,0.024545311806375203,-0.06117948669236972,-0.001977319915924673,-0.20803450840697757,0.18259948619229344,0.29927600275173605
2025-11-06 07:00:00,3415.0,3361.0,3393.7,-0.43494643135400296,0.023729960269992745,-0.05256865227137586,-0.0020987656675466424,0.16155730550525882,0.1599047834901568,0.2987654803505097
2025-11-06 11:00:00,3407.79,3319.44,3329.01,-0.06338734893693146,0.009432617345911165,-0.049983178844942744,-0.002211807825589202,-0.07079168448530682,0.14524163390539666,0.30672811891204343
2025-11-06 15:00:00,3365.67,3245.45,3329.43,1.1102321995150342,-0.030875732471766892,0.003318394364245414,-0.0023716045774693816,0.11033287199143893,0.0909510652230878,0.3056529664975287
2025-11-06 19:00:00,3343.73,3287.77,3319.61,-0.4195811952321093,-0.03784706570169283,0.07831075142042421,-0.0024806812367292887,-0.05663348883942165,0.10212576168770589,0.3079942287069917
2025-11-06 23:00:00,3352.38,3276.19,3346.66,-0.18465162639361635,-0.02738410841499006,0.04861185446403793,-0.0026058242047848515,0.11748547061396719,0.10074356251357432,0.30606410503347425
2025-11-07 03:00:00,3369.99,3319.59,3348.02,-0.4820959417934592,-0.01802348901232176,0.024545311806375203,-0.002690954243702084,0.20538679614376654,0.1336677857337762,0.30518732298729195
2025-11-07 07:00:00,3364.25,3272.47,3280.55,-0.3710641344968411,-0.018432723651229166,0.023729960269992745,-0.002793426812352896,-0.06933382025515433,0.10958161509671786,0.3118212917433816
2025-11-07 11:00:00,3299.29,3194.2,3289.43,0.9813193308366285,-0.03770974354075929,0.009432617345911165,-0.0029488880380866547,0.0008830298611481879,0.04093614713636811,0.3100861515224334
2025-11-07 15:00:00,3435.29,3262.82,3426.17,1.0949851690949413,0.009210095475287838,-0.030875732471766892,-0.002965374770221222,0.045125383075311776,0.12906964944832738,0.29271087341575625
2025-11-07 19:00:00,3473.0,3417.35,3445.89,-0.33574543243388777,0.039567853553720944,-0.03784706570169283,-0.0029506042066809643,0.16962170080384587,0.2362527674501378,0.2887513611016127
2025-11-07 23:00:00,3460.0,3405.87,3440.9,-0.49849748942418654,0.03745078580543848,-0.02738410841499006,-0.0030029418352189243,-0.07485530633477211,0.2263623922281302,0.28633291361839713
2025-11-08 03:00:00,3488.0,3418.6,3445.45,-0.5111481286239073,0.030381362672340595,-0.01802348901232176,-0.00303470204018882,-0.008330147430748003,0.23956085661589518,0.28194889881165297
2025-11-08 07:00:00,3473.42,3424.93,3446.01,-0.8554620047074244,0.03782822729038138,-0.018432723651229166,-0.003075501991104807,0.16638664835350836,0.23613400655245406,0.2784557888954175
2025-11-08 11:00:00,3456.07,3373.11,3399.77,-0.46141068675523444,0.05049194548539426,-0.03770974354075929,-0.0031478853076765774,-0.05620121754585339,0.1948634963742915,0.2790957610244642
2025-11-08 15:00:00,3408.16,3355.58,3402.77,-0.6079714793170437,0.01417467103659531,0.009210095475287838,-0.003209319164071213,-0.10005025238466492,0.17353114240569004,0.2771437899721966
2025-11-08 19:00:00,3411.47,3363.78,3409.5,-0.9700641063026082,-0.01599684734653639,0.039567853553720944,-0.003241894494437708,-0.1293741013392561,0.18436108749705965,0.2737662382481547
2025-11-08 23:00:00,3415.62,3364.7,3368.11,-0.9388312645443323,-0.013940023414648839,0.03745078580543848,-0.0032792130788602655,0.017182428226286683,0.18128065208165303,0.2744361905266745
2025-11-09 03:00:00,3419.98,3358.66,3405.3,-0.45564368039374337,-0.017349607023115277,0.030381362672340595,-0.0033112025563395127,0.13937655425556073,0.18322360720411418,0.2685636184712678
2025-11-09 07:00:00,3435.13,3382.35,3401.59,-0.5695906555872654,-0.011631339257838214,0.03782822729038138,-0.0033272264416337252,-0.01743955084429405,0.1984048450557459,0.26620717875651284
2025-11-09 11:00:00,3563.65,3401.59,3507.02,0.874582490911847,0.021678799827278716,0.05049194548539426,-0.0032738712681675405,0.2124818638111572,0.26428941709251036,0.2563110944191286
2025-11-09 15:00:00,3544.62,3501.63,3541.54,-0.33614083509662396,0.04100190954685545,0.01417467103659531,-0.0032093326453117924,0.08516302680369447,0.30396426637208573,0.25295056566524454
2025-11-09 19:00:00,3597.76,3535.19,3587.35,-0.3736618312847874,0.05310831979533592,-0.01599684734653639,-0.0031211797192584193,0.18281732004200735,0.353881648912445,0.24783163781181394
2025-11-09 23:00:00,3658.98,3553.52,3628.6,0.6636432429016788,0.066196791801443,-0.013940023414648839,-0.003017786705941937,0.13148833308143404,0.3923754066010695,0.24247299858125929
2025-11-10 03:00:00,3647.77,3589.46,3605.64,-0.3785242238743204,0.06586264751446747,-0.017349607023115277,-0.0029211416525713537,-0.13167634723212118,0.39338077815874556,0.24104620320137987
2025-11-10 07:00:00,3631.32,3586.02,3606.72,-0.18040278955353461,0.05809490107722293,-0.011631339257838214,-0.0028195979872968637,0.14878275925969375,0.3846583323901978,0.23778693159954803
2025-11-10 11:00:00,3622.14,3529.39,3541.62,-0.1463985601611618,0.030644616215709464,0.021678799827278716,-0.002735080110096418,-0.1314061901903415,0.36455571528390246,0.23778415285446766
2025-11-10 15:00:00,3560.75,3507.3,3532.89,1.3980405193034586,0.004068883653150612,0.04100190954685545,-0.002679628458391131,-0.28615159474376317,0.3174387028291892,0.23421145332722212
2025-11-10 19:00:00,3584.04,3529.24,3575.91,-0.3915376450594688,-0.005505390839183888,0.05310831979533592,-0.002569683840817322,-0.11486064778379257,0.34780053462318,0.22701220794709218
2025-11-10 23:00:00,3648.27,3552.84,3615.66,0.12438108051160279,-0.0034013921988290674,0.066196791801443,-0.0024439456286855215,-0.15013677548892568,0.39491927402472543,0.22028485693535374
2025-11-11 03:00:00,3634.05,3532.2,3557.7,0.841878809641143,-0.011775665763652188,0.06586264751446747,-0.0023657675437750154,-0.36505245843523426,0.36642228424452833,0.2189094596452921
2025-11-11 07:00:00,3587.05,3542.03,3560.74,-0.19747203273462965,-0.01187493368221093,0.05809490107722293,-0.0022841986850236475,-0.34426862430381655,0.3571339804484338,0.21289042610102318
2025-11-11 11:00:00,3594.33,3486.39,3529.92,0.6551913419507978,-0.012369743406683176,0.030644616215709464,-0.002202284622695755,-0.14479630387500375,0.33480374472293095,0.20858321984077463
2025-11-11 15:00:00,3529.91,3446.02,3468.86,0.43456726978963467,-0.01540809519304509,0.004068883653150612,-0.0021417096413116074,0.28182564199549676,0.27606854323173213,0.20542855756132203
2025-11-11 19:00:00,3469.95,3405.24,3429.9,-0.28277785750726314,-0.033065565021317855,-0.005505390839183888,-0.0020822633340901123,0.010071300685027706,0.2331673304275653,0.2008045128649549
2025-11-11 23:00:00,3456.06,3409.2,3427.23,-0.21718002920887033,-0.04756694792296767,-0.0034013921988290674,-0.002035305015795444,0.08088397924954172,0.2277707216333955,0.19313727632883862
2025-11-12 03:00:00,3458.07,3421.74,3439.11,-0.33012111834433994,-0.035222913134611455,-0.011775665763652188,-0.001978806771291061,0.2230525610794527,0.24365397525307828,0.18273806088272
2025-11-12 07:00:00,3548.6,3424.58,3534.51,-0.25739488012385325,-0.021207558610365607,-0.01187493368221093,-0.0018944148013089693,0.342441899878823,0.28341271242248656,0.1692951533987906
2025-11-12 11:00:00,3588.19,3480.47,3502.28,0.11605199302725101,0.0010632750519310452,-0.012369743406683176,-0.001792761013519599,0.21175670795701085,0.33847613585403946,0.16194349023646543
2025-11-12 15:00:00,3521.25,3371.65,3423.87,1.246295452134171,-0.013449550062767934,-0.01540809519304509,-0.001762119544866037,-0.03927830569741286,0.23040579457777435,0.1552337817447381
2025-11-12 19:00:00,3439.62,3372.81,3422.13,-0.32061889870946975,-0.007578186949747767,-0.033065565021317855,-0.0017242510025839584,-0.0005939005062686187,0.2077636392076237,0.14422355861412509
2025-11-12 23:00:00,3457.36,3403.71,3434.19,-0.06342356362200702,0.00023122568011846312,-0.04756694792296767,-0.0016696849390231325,0.08370316190145277,0.22854459135913865,0.1346058268276294
2025-11-13 03:00:00,3553.49,3377.68,3541.01,0.571030817753374,0.010443456363973924,-0.035222913134611455,-0.0015977571755488359,0.28360256418201923,0.2787721745561982,0.12549308104467638
2025-11-13 07:00:00,3565.84,3476.06,3506.01,0.035892695325788496,0.009729433834252843,-0.021207558610365607,-0.0015238559691144581,-0.21526595753643862,0.3165166989477798,0.12275909069847506
2025-11-13 11:00:00,3518.26,3393.55,3443.62,0.8373388692557228,-0.02385993964469857,0.0010632750519310452,-0.0014761696537501491,-0.16291791497446317,0.25597989185467823,0.11759889747305693
2025-11-13 15:00:00,3447.75,3184.08,3213.72,3.3448430105528875,-0.03382568053334012,-0.013449550062767934,-0.0015012252992686994,0.15190512316431182,0.11710834433826309,0.1282199775216884
2025-11-13 19:00:00,3239.55,3154.22,3228.87,0.9513597138767862,-0.06333675999744204,-0.007578186949747767,-0.0015685320669615306,0.01057234873520918,0.0,0.12999549157653123
2025-11-13 23:00:00,3272.3,3186.2,3238.05,0.589341717399705,-0.06006662222582915,0.00023122568011846312,-0.001601099607411956,-0.049377374195909596,0.030322513803506174,0.129920601020932
2025-11-14 03:00:00,3239.93,3104.66,3222.42,1.2648208497435014,-0.08808244252416586,0.010443456363973924,-0.0016363541394692576,-0.025888113728013806,0.0,0.13414474385188488
2025-11-14 07:00:00,3241.32,3150.87,3176.2,0.4552676330488369,-0.09161082516119368,0.009729433834252843,-0.0016378289062886782,0.2492595566222946,0.021849654138451496,0.14174244216838275
2025-11-14 11:00:00,3220.62,3070.0,3199.5,2.519278088328736,-0.09452620509842702,-0.02385993964469857,-0.001677617944361278,0.15138143624702183,0.0,0.1434980983395861
2025-11-14 15:00:00,3256.71,3155.0,3168.81,0.4899446952810253,-0.03437815666938915,-0.03382568053334012,-0.0016543419066804396,-0.08455734829731498,0.06481714008444597,0.14932066211593664
2025-11-14 19:00:00,3220.77,3122.73,3158.86,-0.24132334319118465,-0.007748155914736543,-0.06333675999744204,-0.0016640932567848978,0.009067835241907352,0.033826058112186974,0.1531308282224959
2025-11-14 23:00:00,3193.74,3090.0,3193.31,-0.28274030559591623,-0.026943264787442245,-0.06006662222582915,-0.001671380775963913,0.0010223251825254298,0.00539703600122149,0.15496903088203795
2025-11-15 03:00:00,3194.0,3159.03,3175.53,-0.74455541178791,0.00011115177580234281,-0.08808244252416586,-0.00165298256750188,-0.05394120318747464,0.04033395709323184,0.16004989659021504
2025-11-15 07:00:00,3185.39,3134.23,3169.0,-0.794410480077388,-0.012972881103091027,-0.09161082516119368,-0.0016461664435494172,-0.128953679520734,0.022900502388891717,0.1636854464180571
2025-11-15 11:00:00,3197.37,3146.66,3177.96,-0.6821804903671884,0.013606059971529527,-0.09452620509842702,-0.0016177919310178099,0.03913916315848742,0.03911399730519773,0.1671547207981044
2025-11-15 15:00:00,3230.0,3162.78,3208.1,0.45620514666226325,0.000577180552287393,-0.03437815666938915,-0.0015746156120335353,0.19325959225802403,0.06651380006880021,0.16824118932272555
2025-11-15 19:00:00,3214.25,3152.75,3171.52,-0.8452301484911765,0.0021420701865058067,-0.007748155914736543,-0.001544169262042142,-0.1655934851619637,0.04005642845630925,0.1741074747133319
2025-11-15 23:00:00,3204.8,3131.78,3203.13,-0.7086348270816523,0.008265077346686134,-0.026943264787442245,-0.0015108505710872428,0.08036516757231182,0.02920165968888952,0.17507326297702946
2025-11-16 03:00:00,3216.45,3187.03,3201.21,-0.8995531884401056,0.00822849707348361,0.00011115177580234281,-0.001454401187665788,0.15339884240186397,0.06432070263186522,0.17784326468655842
2025-11-16 07:00:00,3249.0,3199.19,3235.99,-0.7437376218910476,0.021645679521732575,-0.012972881103091027,-0.0013847809739457326,0.19987667004843757,0.08562207898794819,0.17759871324558404
2025-11-16 11:00:00,3237.87,3139.04,3172.05,0.14889702201614716,-0.0013283172316853609,0.013606059971529527,-0.0013417569750564693,0.1687940188804984,0.03524346385058472,0.1842770572778267
2025-11-16 15:00:00,3180.76,3026.0,3060.44,1.6855014121941794,-0.03752010524773064,0.000577180552287393,-0.0013233495654952111,-0.28300589994004477,0.0,0.19843221578989162
2025-11-16 19:00:00,3117.21,3043.76,3091.86,-0.08865137869413642,-0.030284085346042766,0.0021420701865058067,-0.001293161340076294,0.1791781704985358,0.0,0.20196030577279234
2025-11-16 23:00:00,3160.35,3004.0,3149.4,0.4505584370267097,-0.022942864920683537,0.008265077346686134,-0.0012530186614505702,-0.017212225169086492,0.010296061971025896,0.2016447728842646
2025-11-17 03:00:00,3197.55,3148.06,3194.0,-0.5124862181776066,-0.007190963609421064,0.00822849707348361,-0.001179741095115356,-0.08722073884164272,0.0871974390156471,0.2008613298152366
2025-11-17 07:00:00,3216.84,3179.88,3196.72,-0.3461413250343085,-0.0086933486486368,0.021645679521732575,-0.0011349315610170076,-0.09882421870834046,0.10312982943048517,0.20212180677843067
2025-11-17 11:00:00,3223.38,3095.09,3152.26,0.8209428944062328,-0.0031814080448866466,-0.0013283172316853609,-0.0011091010504767087,-0.11057275584110926,0.07078824880210095,0.20761360668058088
2025-11-17 15:00:00,3166.65,3020.0,3024.98,1.5940771984017554,0.00233557446611643,-0.03752010524773064,-0.0010979888419270852,0.1286185814848524,0.010479611805356899,0.22371555855529954
2025-11-17 19:00:00,3038.97,2959.46,3023.54,1.4333354677169166,-0.026173267649026277,-0.030284085346042766,-0.0011359488716277833,-0.01710898884369294,0.0,0.23045874973593147
2025-11-17 23:00:00,3050.05,2978.17,2985.5,0.6122917055293396,-0.022823873054004906,-0.022942864920683537,-0.0011619690145038173,0.018230786857281522,0.01783409680500587,0.2412488455960822
2025-11-18 03:00:00,3027.94,2946.56,2989.76,1.2843737656871501,-0.06012185732459985,-0.007190963609421064,-0.0011942433187784281,-0.0584471179563254,0.0,0.2478366299447248
2025-11-18 07:00:00,3072.21,2977.33,3066.15,0.35706982924504405,-0.049090968310455896,-0.0086933486486368,-0.0012176999628672766,0.23948725272399463,0.04245381134401631,0.24513222530314632
2025-11-18 11:00:00,3092.64,3022.09,3058.33,0.39635810551459694,-0.03242832322107547,-0.0031814080448866466,-0.0012524150940049787,0.015352910883331017,0.05667084509330811,0.24967947574997942
2025-11-18 15:00:00,3169.95,3034.0,3160.46,1.0197090866882443,0.010843754770583747,0.00233557446611643,-0.0012526720331506205,0.1054092684027419,0.11109261586624508,0.24271605364225599
2025-11-18 19:00:00,3168.36,3097.21,3125.55,-0.7148800099997938,0.043450262651411276,-0.026173267649026277,-0.0012884443536186412,-0.03225322004161313,0.11450646696657463,0.24703969910707732
2025-11-18 23:00:00,3126.45,3077.88,3113.93,-0.6496686639547135,0.02722292433322271,-0.022823873054004906,-0.0013898791001091257,-0.062130844886895575,0.09321387488892996,0.25002851455530395
2025-11-19 03:00:00,3118.33,2992.23,3041.15,0.12546236418672824,0.018085012801799305,-0.06012185732459985,-0.0015022003215051322,-0.004252362863802928,0.043805153273752534,0.25953472340900363
2025-11-19 07:00:00,3112.55,3039.25,3092.0,-0.20867126286083235,0.012366816905219569,-0.049090968310455896,-0.0015612584776444223,-0.2060020266367666,0.0729334843522754,0.2571808888340167
2025-11-19 11:00:00,3108.76,3023.89,3060.51,-0.15922081175912642,0.003925967944186981,-0.03242832322107547,-0.0016369721850282915,-0.0006140173039689278,0.06640273339082156,0.2604524868648157
2025-11-19 15:00:00,3106.2,2880.49,2899.75,2.4695105309008287,-0.053618932660962626,0.010843754770583747,-0.0017656071479836698,-0.16152009737541972,0.0,0.2798643325633535
2025-11-19 19:00:00,3002.0,2873.64,2984.54,0.38298838641226796,-0.06157006492682848,0.043450262651411276,-0.0018539988834943217,0.11425398073468052,0.0,0.27130295279728855
2025-11-19 23:00:00,3058.0,2984.54,3044.26,0.11108372452656472,-0.023966694751820783,0.02722292433322271,-0.001863072974861662,0.0983048482535418,0.07162070489600096,0.26148033130686
2025-11-20 03:00:00,3063.61,3006.89,3020.81,-0.41035531955319504,-0.0022549886957596854,0.018085012801799305,-0.0019069279823352905,0.04262473397190569,0.07672418789742588,0.2597936337284876
2025-11-20 07:00:00,3044.75,2993.91,3015.3,-0.510424281986397,-0.019158866452920864,0.012366816905219569,-0.001959629274992889,-0.043220546757670064,0.06413445277312421,0.2559257079638957
2025-11-20 11:00:00,3049.58,2963.68,3000.7,0.3154165588940734,-0.021027835149666663,0.003925967944186981,-0.0020208175600406075,-0.08415355577036188,0.05352011928212234,0.2550639150863793
2025-11-20 15:00:00,3003.48,2806.36,2813.66,4.131046915477667,-0.03096973718996665,-0.053618932660962626,-0.0021805880334952775,-0.027428457273288687,0.0,0.2768902111256552
2025-11-20 19:00:00,2905.93,2790.01,2886.17,0.8040776027029221,-0.0337997278040133,-0.06157006492682848,-0.002322634451476585,-0.09455269842307457,0.0,0.26866247566167
2025-11-20 23:00:00,2891.54,2772.84,2782.67,0.1656160855583033,-0.0619716308129068,-0.023966694751820783,-0.0024409915440674924,-0.21691297699269696,0.002601247348777155,0.2790672598113669
2025-11-21 03:00:00,2832.66,2780.36,2790.2,0.36171377386120374,-0.07630739661104502,-0.0022549886957596854,-0.002592929388294881,-0.12099301671600704,0.0,0.2798292854126515
2025-11-21 07:00:00,2801.21,2663.01,2696.8,3.5372001715059773,-0.1001506613551505,-0.019158866452920864,-0.0027956497863268898,-0.04153611789335865,0.0,0.2947478336727697
2025-11-21 11:00:00,2781.83,2623.57,2770.35,2.080983324584088,-0.09730659122045415,-0.021027835149666663,-0.002950994660151498,0.0019984503561449873,0.0,0.28809006263034
2025-11-21 15:00:00,2806.84,2675.0,2779.15,1.5638374146071408,-0.04414058926502851,-0.03096973718996665,-0.003094889994594009,0.13061380585245885,0.017544110210477304,0.289408789777555
2025-11-21 19:00:00,2787.96,2708.55,2721.88,-0.1938644716875044,-0.030500456391458153,-0.0337997278040133,-0.003212480684051376,-0.04418158820122087,0.02510250168012324,0.30097504902275796
2025-11-21 23:00:00,2784.12,2713.15,2752.84,-0.7268566559584914,-0.03021435607154732,-0.0619716308129068,-0.0032942468036770735,0.11758513174527918,0.027955186981585063,0.3006046866638579
2025-11-22 03:00:00,2768.53,2726.66,2766.26,-0.7765912889206976,-0.021366891063551052,-0.07630739661104502,-0.0033919472369937126,0.055600110418698945,0.020381239090533094,0.30021927317352887
2025-11-22 07:00:00,2771.0,2705.26,2712.89,-0.7636910851962679,0.005645345067221141,-0.1001506613551505,-0.003484835990760439,0.1011731600023491,0.012635208082637276,0.3041426020430931
2025-11-22 11:00:00,2754.45,2704.33,2745.81,-0.7199631104780543,0.006318474925018469,-0.09730659122045415,-0.0035652191667946433,0.1065808388748628,0.011361925581128998,0.2974491432444046
2025-11-22 15:00:00,2759.02,2725.99,2752.5,-0.7041721800251847,0.0028559176832227973,-0.04414058926502851,-0.0036294601055255516,-0.07044993254267007,0.02272974579767966,0.2959542545358699
2025-11-22 19:00:00,2799.01,2733.72,2789.27,-0.9200750419434323,0.004035927375836135,-0.030500456391458153,-0.0036931117797250126,0.1858476249495573,0.03246124624754634,0.28917574045113065
2025-11-22 23:00:00,2834.33,2767.62,2821.12,-0.4767824248577039,0.015589936287409456,-0.03021435607154732,-0.0037147292200385316,0.14589278882348755,0.056424938489628436,0.2807320332843489
2025-11-23 03:00:00,2852.17,2806.0,2810.33,-0.4088821791677764,0.029553404954392182,-0.021366891063551052,-0.003734009902386814,-0.035116359667850094,0.07412671255722525,0.2700391447678996
2025-11-23 07:00:00,2823.98,2777.2,2808.73,-0.6217817566566491,0.02450254677502972,0.005645345067221141,-0.0038104421206285404,-0.0700788451310812,0.057005452986465456,0.2590468227533805
2025-11-23 11:00:00,2858.16,2803.72,2814.88,-0.1817454787266681,0.037710987010353136,0.006318474925018469,-0.0038047650786174154,0.04823648852683471,0.07960255428604697,0.24950165731552934
2025-11-23 15:00:00,2846.8,2786.63,2808.87,-0.560294068434092,0.023715441755864264,0.0028559176832227973,-0.003837178670731716,0.018821707628335682,0.06591406416402767,0.25022235276594
2025-11-23 19:00:00,2845.0,2807.24,2838.7,-0.809111972293236,0.024229997412711368,0.004035927375836135,-0.0038080040788570782,-0.06456728674660595,0.07681833212688721,0.24622320069594597
2025-11-23 23:00:00,2867.46,2763.0,2840.24,0.04432774698138232,0.005589786300771005,0.015589936287409456,-0.003795348315516288,-0.08084613050833167,0.06679193446380256,0.2440333092175341
2025-11-24 03:00:00,2885.75,2802.87,2839.43,0.058086034503129914,0.007809607133276719,0.029553404954392182,-0.003705247372763894,0.1978697690346194,0.0902282486463451,0.2421972174050269
2025-11-24 07:00:00,2844.94,2788.0,2799.05,-0.19643978347924668,0.0053986778893129195,0.02450254677502972,-0.003685960522890293,-0.0806658943714671,0.06813831533869648,0.24574413505991005
2025-11-24 11:00:00,2848.63,2785.04,2832.0,-0.01035064278480917,-0.007472341610072264,0.037710987010353136,-0.003633434634704029,-0.10925891015186484,0.06666391457066438,0.24117346817567917
2025-11-24 15:00:00,2963.61,2812.61,2957.53,1.6108825440885746,0.03350117877612635,0.023715441755864264,-0.0034628649744735934,-0.056165027681891466,0.13475227192701522,0.22849679149422314
2025-11-24 19:00:00,2987.0,2947.77,2960.57,-0.35075670600990577,0.04912498377554231,0.024229997412711368,-0.0033228157177165917,-0.0465500039836495,0.1800058384040978,0.22595150226441071
2025-11-24 23:00:00,2968.76,2908.7,2930.71,-0.6226428974112752,0.04445396959886705,0.005589786300771005,-0.003258894704599783,-0.10263739645749403,0.15951449333032483,0.22489906945543062
2025-11-25 03:00:00,2943.03,2904.39,2922.3,-0.8359066955710539,0.02694525775110801,0.007809607133276719,-0.003168728965783986,-0.1901627596218911,0.14874676186470145,0.22257192444611834
2025-11-25 07:00:00,2925.45,2865.09,2898.17,-0.36446015119781633,0.02648535646548722,0.0053986778893129195,-0.00310711147827016,0.14184562016967006,0.12405636618095897,0.2216054532122064
2025-11-25 11:00:00,2934.0,2857.58,2881.32,-0.28751888271804976,0.032098130316859486,-0.007472341610072264,-0.0030015382780566036,-0.04902473354921033,0.13430955802981762,0.21971848097653587
2025-11-25 15:00:00,2958.53,2857.32,2924.21,-0.33826382191369225,0.002992234295944307,0.03350117877612635,-0.0028954735548361787,0.1639171798793515,0.15553392022607865,0.21169980928267226
2025-11-25 19:00:00,2978.23,2872.09,2970.42,-0.33726163157969474,-0.015213233838104911,0.04912498377554231,-0.002805442937954183,-0.08776139101441838,0.1611849818298749,0.20472894446943557
2025-11-25 23:00:00,2984.0,2945.6,2956.8,-0.6671173414619521,0.007749705768695714,0.04445396959886705,-0.0026937548458443113,-0.13610659848932938,0.1910927540929626,0.2005700000690016
2025-11-26 03:00:00,2964.83,2921.11,2946.38,-0.635712339994972,0.004533944533875234,0.02694525775110801,-0.0026279610384523427,-0.21092391585137205,0.17299761194027174,0.19592281927646124
2025-11-26 07:00:00,2949.6,2902.12,2914.22,-0.8844267111712509,0.010886238074699461,0.02648535646548722,-0.0025531133619023554,0.006263127243296918,0.16112552570139813,0.19069832824106134
2025-11-26 11:00:00,2947.4,2888.69,2910.8,-0.6400714057950577,0.00536055002341973,0.032098130316859486,-0.0024544345171696315,0.0203537988777438,0.1668172036182981,0.18600060483967365
2025-11-26 15:00:00,3045.0,2907.54,3034.22,0.16776057590340218,0.021900397739646804,0.002992234295944307,-0.0022856412088092053,0.09623196815368562,0.21903379896651728,0.17791801857579748
2025-11-26 19:00:00,3038.41,3008.53,3027.88,-0.8569222705253621,0.03477710509902754,-0.015213233838104911,-0.002145379496419915,0.0424279012773936,0.25943878010715615,0.17687829278402376
2025-11-26 23:00:00,3071.37,3004.61,3037.46,-0.4445929380550096,0.02657402125508468,0.007749705768695714,-0.0020195938819451507,0.21412992553334886,0.2727469594434066,0.17316564218761443
2025-11-27 03:00:00,3053.98,3017.45,3028.04,-0.8644898840366414,0.03322777918035347,0.004533944533875234,-0.0018957364079417096,0.21728981289137406,0.26784534286073153,0.1683240181992187
2025-11-27 07:00:00,3044.73,3017.78,3034.69,-0.9399478692032777,0.037326090282477686,0.010886238074699461,-0.0017554850578957407,-0.2058130214702114,0.26726159917573805,0.16232487802679374
2025-11-27 11:00:00,3036.17,2985.78,2996.32,-0.6349497867876817,0.02897668149241217,0.00536055002341973,-0.0016136588141127935,-0.06503952378202471,0.2446002644618137,0.1598684332402276
2025-11-27 15:00:00,3039.99,2990.42,3037.9,-0.7302583392192664,0.012103894214129163,0.021900397739646804,-0.0014717651394712222,-0.058553870357170745,0.2555764632202044,0.1579556186232231
2025-11-27 19:00:00,3044.44,3003.88,3010.92,-0.9574063697594771,0.0014864081395096207,0.03477710509902754,-0.00136460833146793,-0.0027396844829318256,0.26706192134416007,0.15913340396363185
2025-11-27 23:00:00,3023.97,2994.36,3012.63,-0.8777757683013336,-0.011047744728529207,0.02657402125508468,-0.001302739380431727,-0.19387183312378353,0.24836520136739668,0.15946022505244772
2025-11-28 03:00:00,3028.94,3002.32,3010.01,-0.9452093988903221,-0.006415914976813708,0.03322777918035347,-0.001223630308970785,0.13356390183851352,0.25533013896092205,0.15991155693003195
2025-11-28 07:00:00,3077.77,3000.7,3060.96,-0.3224916510240021,0.0035330089821121735,0.037326090282477686,-0.0011489009213037768,0.47241018022632186,0.2763101845796328,0.15711035698431552
2025-11-28 11:00:00,3099.0,3018.14,3067.38,-0.4109426102218183,0.018695471921996276,0.02897668149241217,-0.001063244341877602,0.15855079132818561,0.2920586109473076,0.15702289469742978
2025-11-28 15:00:00,3092.0,3011.22,3042.61,-0.1117183703772004,0.00925407273858525,0.012103894214129163,-0.001002107036411092,-0.0696122716263935,0.27916944746058575,0.15421899708491688
2025-11-28 19:00:00,3060.0,3020.57,3039.53,-0.9086846673107638,0.005195994972434725,0.0014864081395096207,-0.0009189629010209769,-0.035649996185103006,0.2803686349469657,0.15161126251545254
2025-11-28 23:00:00,3052.64,3023.58,3030.51,-1.0595532040874105,0.009665374903711221,-0.011047744728529207,-0.0008468215382868704,0.3167504142683497,0.2729370887411707,0.149471800177094
2025-11-29 03:00:00,3045.6,2992.5,3007.64,-0.8145666318333057,0.0014794691663571058,-0.006415914976813708,-0.0007866432837243243,-0.1398728781322257,0.2591016373333781,0.1498613330317258
2025-11-29 07:00:00,3014.51,2986.09,2997.32,-0.8780430060062282,-0.012449200282576456,0.0035330089821121735,-0.0007190601472743602,-0.31448985880248015,0.2443131990905918,0.14782697392610708
2025-11-29 11:00:00,3002.86,2986.4,2988.28,-0.8652932703663397,-0.020844213611010853,0.018695471921996276,-0.0006577737689175531,-0.25855737263997214,0.2381564642989432,0.14657531914108288
2025-11-29 15:00:00,3014.09,2961.91,2994.72,-0.47889876904372913,-0.01729254663156765,0.00925407273858525,-0.0005914697995340882,-0.14057054015542536,0.23467462943722717,0.1469814450681619
2025-11-29 19:00:00,2999.81,2982.49,2988.83,-1.1458619399581904,-0.017773698150846173,0.005195994972434725,-0.0005156190009038531,0.17170931923164168,0.2346144695855455,0.14733780471097277
2025-11-29 23:00:00,3012.29,2985.74,2990.96,-1.1318125520754339,-0.011829371382479748,0.009665374903711221,-0.0004452186598577823,-0.04902255011365675,0.24257309162991592,0.14605630761849098
2025-11-30 03:00:00,3005.43,2975.3,2997.86,-1.1010316387236334,-0.009359507560770197,0.0014794691663571058,-0.00037703616363889256,0.17454170893434595,0.23799553718180294,0.145248200395213
2025-11-30 07:00:00,3018.48,2996.25,3009.59,-1.0751294919700862,0.00205098126379033,-0.012449200282576456,-0.0002962085338915297,0.11859061554618644,0.2542960297450779,0.1445609305046862
2025-11-30 11:00:00,3053.02,2999.94,3037.84,-0.6647031374204148,0.012407274045379557,-0.020844213611010853,-0.00020311177293696312,0.22446776851439765,0.2789059224911203,0.14404528498383853
2025-11-30 15:00:00,3049.34,3024.69,3036.9,-0.8755850009524688,0.01471267349439942,-0.01729254663156765,-0.00011977961497490692,0.18152390424717058,0.28186478434578105,0.1446762361414982
2025-11-30 19:00:00,3041.14,3014.93,3033.62,-1.0841023770999334,0.012251506864763728,-0.017773698150846173,-5.953201599727402e-05,0.002145144579468239,0.2786225111472704,0.1461592971800011
2025-11-30 23:00:00,3035.47,2827.47,2837.92,1.0365211505123417,-0.03671082921532853,-0.011829371382479748,-2.1732111090997663e-06,-0.0280438268655665,0.17283654220485287,0.15496058506263552
2025-12-01 03:00:00,2842.0,2806.71,2824.56,-0.2436846216999896,-0.05664837765791386,-0.009359507560770197,2.2472047491434438e-05,0.08269538136314547,0.10840017219755645,0.154862196253109
2025-12-01 07:00:00,2854.35,2820.02,2844.02,0.32419281451052057,-0.05614898098183241,0.00205098126379033,5.4803813913875096e-05,-0.2302728924068036,0.12581681282528542,0.1489436612711405
2025-12-01 11:00:00,2850.66,2794.59,2818.03,0.48124740628695295,-0.06807970349974224,0.012407274045379557,0.0001010001197392398,-0.18461674040655152,0.12294169758314702,0.14893691711407125
2025-12-01 15:00:00,2820.44,2716.04,2749.54,1.3783102015216324,-0.09528556818717582,0.01471267349439942,0.00013805531777948135,-0.08372541780243781,0.0358767414062199,0.1537344055212486
2025-12-01 19:00:00,2814.14,2730.59,2797.35,0.11299865671570906,-0.08300416264807542,0.012251506864763728,0.00012714464011767546,0.024956312739429443,0.06959664358029168,0.14827704423304272
2025-12-01 23:00:00,2825.11,2782.81,2801.14,-0.7717562820015744,-0.030359932490699792,-0.03671082921532853,9.985159330274515e-05,0.1573665869919718,0.09871241193181753,0.146425581302476
2025-12-02 03:00:00,2815.88,2785.49,2812.92,-0.9451353493088347,-0.006640023937556916,-0.05664837765791386,8.987569228534998e-05,-0.13155893884905767,0.09978522195925295,0.1443373659798965
2025-12-02 07:00:00,2834.5,2782.19,2823.13,-0.816045672921542,-0.012071964535950608,-0.05614898098183241,7.169886619854664e-05,0.47977041308255264,0.10192732864800524,0.13966859241820181
2025-12-02 11:00:00,2910.05,2816.46,2894.98,0.5240128410905568,0.011639823153666073,-0.06807970349974224,7.023101280472962e-05,0.3150818029024993,0.16110735360512887,0.13237512494596107
2025-12-02 15:00:00,3033.76,2893.82,3013.56,1.4809213717344216,0.08819866001394883,-0.09528556818717582,8.873164397733138e-05,0.09464443641921694,0.30439648895204413,0.12423551552831696
2025-12-02 19:00:00,3029.47,2972.35,3017.55,-0.5650153250669167,0.07965033193843629,-0.08300416264807542,0.0001667891256719593,-0.14104652831917286,0.31482998636449283,0.1223631943024832
2025-12-02 23:00:00,3048.0,2985.58,3031.0,-0.6274365573798024,0.0761117909530562,-0.030359932490699792,0.0002483822832363971,-0.009955311764866748,0.33517153465160776,0.12121057472461849
2025-12-03 03:00:00,3085.56,3021.2,3067.21,-0.3160987394348985,0.09083188074394033,-0.006640023937556916,0.00032493696175843456,0.22415274351575776,0.38207320003677797,0.11958553494172455
2025-12-03 07:00:00,3080.0,3043.75,3055.61,-0.6911056476055963,0.0898321051769071,-0.012071964535950608,0.0004000709555564655,-0.14413014308106642,0.38130062691701794,0.11920419396485021
2025-12-03 11:00:00,3145.68,3030.42,3076.53,0.8522219357432755,0.07844212958501884,0.011639823153666073,0.0004809232142209051,0.01629018339980992,0.40970061172445676,0.11809959556855645
2025-12-03 15:00:00,3142.15,3056.62,3115.3,0.010776086207456195,0.037863772395601236,0.08819866001394883,0.0005666373288246202,-0.04774265961004287,0.42981714999619663,0.11714322931651339
2025-12-03 19:00:00,3197.11,3111.67,3189.22,0.18599672319678115,0.05094576965651787,0.07965033193843629,0.0006190178340050984,0.07516310574053908,0.48411524001298867,0.11871001152039465
2025-12-03 23:00:00,3240.35,3174.19,3221.56,0.15299804463159467,0.06251549167009207,0.0761117909530562,0.0006750361688338746,-0.031236298789743544,0.5441729243641685,0.12284504830976196
2025-12-04 03:00:00,3228.68,3170.47,3205.13,-0.47587223974488624,0.04555796582609961,0.09083188074394033,0.0007807866861666109,-0.11169125746903064,0.5365190428708351,0.1272788876515666
2025-12-04 07:00:00,3208.63,3175.51,3188.41,-0.650537822618037,0.04429880938201536,0.0898321051769071,0.0008851889185655261,-0.03229164556329145,0.5314435854213092,0.1291231068170654
2025-12-04 11:00:00,3194.88,3139.72,3144.5,-0.28881752520474535,0.028409090418034966,0.07844212958501884,0.0009887656053503783,0.03229703221648772,0.5067950033997043,0.13113771201753185
2025-12-04 15:00:00,3225.0,3133.71,3141.27,0.23895129585766625,0.024515734321970628,0.037863772395601236,0.0010732022678661302,0.03660752831716696,0.514098302080557,0.13357002249221675
2025-12-04 19:00:00,3152.07,3066.37,3143.66,0.09843583247807815,-0.011415542439403015,0.05094576965651787,0.0011453102069507318,-0.043093017480494655,0.4442505987536174,0.13570479515321116
2025-12-04 23:00:00,3189.21,3128.88,3183.22,-0.8373436089232005,-0.014430843438767549,0.06251549167009207,0.0011525429704887858,-0.07565384857740498,0.49291175505141566,0.13706597869817105
2025-12-05 03:00:00,3193.33,3152.0,3169.07,-0.9279902218339338,-0.00926656421677674,0.04555796582609961,0.0011829486798026684,0.016902439724615137,0.5036733253600415,0.1398716379370378
2025-12-05 07:00:00,3182.88,3107.82,3134.88,-0.15979067105865571,-0.016223506740364324,0.04429880938201536,0.0012175673057121935,0.09577741478442792,0.47402104108214566,0.1419732534658691
2025-12-05 11:00:00,3143.46,3082.75,3103.51,0.010576556245190476,-0.018187861797788085,0.028409090418034966,0.0012197032884017538,-0.19311588206251884,0.44286799687314443,0.14273330428620923
2025-12-05 15:00:00,3157.99,3000.27,3007.53,1.6191398118853362,-0.03662792812986493,0.024515734321970628,0.001219898520957807,-0.011947082698950728,0.38509033153413524,0.1465312362876696
2025-12-05 19:00:00,3049.34,2983.08,3027.13,-0.2663352136390255,-0.029285034762114748,-0.011415542439403015,0.0012047064530075983,0.2181080575000227,0.3431506746857543,0.1454349591718396
2025-12-05 23:00:00,3033.5,3006.78,3029.06,-1.111502860930492,-0.04306209032240105,-0.014430843438767549,0.001165174528548067,-0.05376999995333487,0.3421542280007505,0.14505237610002966
2025-12-06 03:00:00,3046.3,3028.0,3039.43,-1.1095490051715295,-0.04106795910079064,-0.00926656421677674,0.0011186629040835254,0.037932934911034,0.3594551639542583,0.14415800027879833
2025-12-06 07:00:00,3041.3,3013.25,3030.65,-1.0906971983141756,-0.036383433212552774,-0.016223506740364324,0.0010813336212114858,-0.10864657899232755,0.3473323594050137,0.14354170528042348
2025-12-06 11:00:00,3069.0,3028.5,3055.11,-0.9264698150118996,-0.021823966889684132,-0.018187861797788085,0.0010254589813381626,0.13218415314178222,0.3675558870924406,0.14135867874200092
2025-12-06 15:00:00,3066.62,3026.5,3042.41,-0.8299930272931724,-0.0043810614656950575,-0.03662792812986493,0.000977824399635187,-0.02337328877098588,0.37022489769931755,0.14198105199482794
2025-12-06 19:00:00,3054.31,3025.0,3042.04,-1.0931697294458749,0.005119584312848646,-0.029285034762114748,0.0009371701764311983,-0.19122963046859454,0.36030728591642763,0.14204380446087916
2025-12-06 23:00:00,3056.97,3026.16,3053.79,-1.1483545389894034,0.006446348468252205,-0.04306209032240105,0.000892412365102307,0.05159273692540833,0.3637506316177382,0.1415844218815146
2025-12-07 03:00:00,3058.01,3043.62,3048.34,-1.223821132512572,0.003812390633863627,-0.04106795910079064,0.0008556953999952877,-0.2358573658334886,0.37229330248470893,0.14191370980886597
2025-12-07 07:00:00,3051.01,3024.07,3038.02,-1.0364618248746176,0.0023321243886451626,-0.036383433212552774,0.0008335078133862088,-0.0027839083712775103,0.3551574632191677,0.14240691838122443
2025-12-07 11:00:00,3053.49,2907.52,2942.65,-0.023919782037204695,-0.022659741293505342,-0.021823966889684132,0.0008092773940530406,-0.08017540424756486,0.29106616467716245,0.14759556706806823
2025-12-07 15:00:00,3150.0,2940.0,3128.78,1.230922610494978,-0.0018760691841860355,-0.0043810614656950575,0.0007443646597871888,0.055716090966675624,0.3638870727335848,0.13995848386211893
2025-12-07 19:00:00,3147.36,3013.73,3033.59,-0.46034963976754484,0.014321207052404361,0.005119584312848646,0.0006990270504457837,-0.02198373537041265,0.40854582753222035,0.1443560663993763
2025-12-07 23:00:00,3134.73,3025.5,3109.77,-0.38152095861080837,0.013639041461759538,0.006446348468252205,0.0006772583978563512,0.07292184788362199,0.4097383788080927,0.14157632913995108
2025-12-08 03:00:00,3140.5,3101.55,3130.53,-0.5518923786915539,0.02489291935870619,0.003812390633863627,0.000641380601539178,0.4532222424663037,0.4611798095242627,0.14173517902692978
2025-12-08 07:00:00,3180.51,3123.02,3160.46,-0.3938607948530587,0.03785889392216091,0.0023321243886451626,0.0006286161545810869,0.44058484293506983,0.48973852909224136,0.1420205475122136
2025-12-08 11:00:00,3178.42,3123.3,3128.49,0.16480935576070418,0.056631886396762976,-0.022659741293505342,0.0006169700597718945,-0.00574476043584593,0.48508563653713715,0.144306927039144
2025-12-08 15:00:00,3139.15,3075.38,3092.58,0.35747422955992697,0.02277162504211705,-0.0018760691841860355,0.000607125947808306,-0.12470147138706766,0.4472970194043794,0.14636737752859647
2025-12-08 19:00:00,3153.0,3090.41,3129.93,-0.643297721965942,0.014901354043590276,0.014321207052404361,0.0006023187630327042,0.05389189934536853,0.4663658910554083,0.14558075732375433
2025-12-08 23:00:00,3143.5,3097.85,3098.62,-0.8379381671489304,0.011000809085622842,0.013639041461759538,0.000623053258050408,-0.1389608861523064,0.46949534020988887,0.14749821989505033
2025-12-09 03:00:00,3131.42,3090.8,3113.06,-0.6550229929497315,-0.005234876444116465,0.02489291935870619,0.0006313293281083457,-0.20303515710568554,0.46516764617054623,0.14738593571848566
2025-12-09 07:00:00,3130.0,3093.0,3107.66,-0.8732415350826083,-0.010803575529019782,0.03785889392216091,0.0006292102032919546,-0.194612530380031,0.48290106049115183,0.14803728736210114
2025-12-09 11:00:00,3141.46,3098.58,3117.41,-0.4749235579552187,-0.007461175700679279,0.056631886396762976,0.0006177140245820903,-0.01916809783625817,0.490628043014731,0.14799412364779294
2025-12-09 15:00:00,3397.85,3115.0,3376.06,3.40610119941371,0.05810846137969805,0.02277162504211705,0.0005798082188014701,0.06852395310683601,0.6960234517717255,0.1459975997590878
2025-12-09 19:00:00,3378.34,3285.0,3328.46,0.08709380621921489,0.0649322757880686,0.014901354043590276,0.0006122881229852141,-0.056074253800095564,0.7432952567151632,0.15428589050032418
2025-12-09 23:00:00,3336.01,3288.1,3310.88,-0.5915837339229181,0.06287193376140832,0.011000809085622842,0.0006647328677795549,0.04414499524460047,0.7215514216386967,0.16010352818829363
2025-12-10 03:00:00,3334.66,3305.32,3325.97,-0.7459433351639125,0.06776017759600705,-0.005234876444116465,0.0007154620776501572,0.14306805887804175,0.7294177230808085,0.16459745965934564
2025-12-10 07:00:00,3376.0,3310.37,3312.36,-0.365942138356119,0.07025951530868135,-0.010803575529019782,0.0007573946876846588,0.12155473764419922,0.7462884821829323,0.1696942844892924
2025-12-10 11:00:00,3339.14,3296.99,3319.41,-0.41368215289405086,0.06361528228321323,-0.007461175700679279,0.0008025568856898421,0.1263806654181543,0.7499171213780881,0.17384564123852328
2025-12-10 15:00:00,3429.51,3306.8,3381.56,0.3468051790140634,0.02393870061747161,0.05810846137969805,0.0008252619951124296,0.06280524782499386,0.8128902597780693,0.17709561068578747
2025-12-10 19:00:00,3447.44,3318.29,3346.5,1.5879450069594105,0.015798701024518413,0.0649322757880686,0.0008826335007371759,0.06407018402553644,0.8290981472024657,0.18365019238239008
2025-12-10 23:00:00,3352.86,3206.03,3211.0,0.23765013940106275,-0.012712638866020809,0.06287193376140832,0.0009885578619160667,-0.1568336197896133,0.6895427825657826,0.18835786508602337
2025-12-11 03:00:00,3216.16,3167.07,3202.77,-0.05483957761841466,-0.037994016772935235,0.06776017759600705,0.001062198277261525,-0.03874323304650129,0.59370593985669,0.18477823709735988
2025-12-11 07:00:00,3213.0,3178.0,3196.13,-0.726315834307288,-0.041029040539717676,0.07025951530868135,0.001087280693432192,-0.15058057169641514,0.647586848255646,0.18130555114528604
2025-12-11 11:00:00,3207.32,3145.28,3159.76,-0.4167127347334163,-0.040794083491518696,0.06361528228321323,0.0011162922175165563,-0.03891614616835726,0.7024334622670539,0.17760411943047655
2025-12-11 15:00:00,3234.25,3155.0,3203.47,0.2552849051539264,-0.053609890990865994,0.02393870061747161,0.0011274248352452921,0.09001856941972619,0.7108352667434958,0.16592644905151738
2025-12-11 19:00:00,3273.4,3186.36,3238.28,0.13084666160865463,-0.044811002144759415,0.015798701024518413,0.0011294308917602666,-0.06879056897122204,0.7737596256815555,0.15720733379361926
2025-12-11 23:00:00,3265.5,3185.2,3258.63,-0.4413568804163039,-0.012544362643697404,-0.012712638866020809,0.0011604342090483456,0.2056799565012739,0.7704560213190089,0.14909694103697066
2025-12-12 03:00:00,3265.0,3232.79,3254.04,-0.7944886871319508,0.017497340665148187,-0.037994016772935235,0.0011758473447173185,0.03018643450752312,0.7994587284378869,0.141774843045871
2025-12-12 07:00:00,3257.91,3232.78,3244.06,-0.8745632961665135,0.015462023421745075,-0.041029040539717676,0.0012051669454843101,-0.07074145242393082,0.7948626895011469,0.13403556617004925
2025-12-12 11:00:00,3251.31,3216.14,3231.43,-0.5358204030930662,0.0160598032004029,-0.040794083491518696,0.0012418289614667172,-0.02674717785967451,0.7787368301093216,0.1292055988775268
2025-12-12 15:00:00,3231.68,3045.31,3079.74,2.2874901454072667,-0.029012348242400954,-0.053609890990865994,0.0013321682845244057,-0.1727110503764847,0.5727479859178412,0.1341563828925659
2025-12-12 19:00:00,3094.34,3063.57,3093.3,-0.7673713690132188,-0.0476128937411634,-0.044811002144759415,0.001332559587397641,0.23925972978814225,0.5441451083585626,0.13206296906387519
2025-12-12 23:00:00,3096.16,3078.6,3084.73,-1.0519244757931172,-0.044023303199827946,-0.012544362643697404,0.0013154118842897868,-0.14215353777624473,0.5582978407753886,0.13136451822907694
2025-12-13 03:00:00,3095.85,3084.11,3094.05,-1.1155245629781176,-0.04917904800867556,0.017497340665148187,0.0013015012771514002,0.009338162288414553,0.5610275307645578,0.13056372516617848
2025-12-13 07:00:00,3135.68,3090.19,3127.68,-0.7861270026916276,-0.0399445808531288,0.015462023421745075,0.0012728285583254472,0.2122828136504138,0.6013858734140268,0.12823647396635612
2025-12-13 11:00:00,3129.05,3095.12,3110.75,-0.9244786560141071,-0.03825192768445429,0.0160598032004029,0.001259442468002674,-0.0353930085734423,0.5940754468431574,0.12849949815578873
2025-12-13 15:00:00,3124.01,3096.05,3101.8,-0.892744992021544,0.0030861253526965893,-0.029012348242400954,0.0012418623871043289,0.19702152669475193,0.5870105649905079,0.1289990477438668
2025-12-13 19:00:00,3119.79,3079.0,3114.37,-0.9632383166247379,0.008146318169316213,-0.0476128937411634,0.001220617622047085,-0.1144345862857058,0.5815604436132605,0.1284727344952513
2025-12-13 23:00:00,3129.54,3103.49,3122.64,-0.9907630302845479,0.009404903933646347,-0.044023303199827946,0.0011909852112355916,0.3240602754493238,0.6016268567532145,0.1276570927308689
2025-12-14 03:00:00,3125.91,3104.59,3110.72,-1.0799677698412788,0.007471890840003326,-0.04917904800867556,0.0011736696481892046,-0.2731730980296495,0.5954714232046929,0.12794921280821855
2025-12-14 07:00:00,3119.9,3093.8,3107.57,-0.9433160865363751,-0.0021845611439289536,-0.0399445808531288,0.00115154853187671,-0.06845292633517208,0.5912273269432592,0.12806008712467662
2025-12-14 11:00:00,3109.59,3050.01,3085.84,-0.1780612906955496,-0.007876198690558667,-0.03825192768445429,0.0011397664587815411,0.08421135995434215,0.5575074857410206,0.12935759342147893
2025-12-14 15:00:00,3107.89,3070.5,3101.73,-0.06838404264901683,-0.005164330337537715,0.0030861253526965893,0.0011180026050926705,-0.3643752942557641,0.5630698707319298,0.12889780336283313
2025-12-14 19:00:00,3101.91,3054.41,3074.24,-0.49297284332756725,-0.00646502716623687,0.008146318169316213,0.00110176127969649,-0.0351608917831534,0.5516252414606626,0.1305867605656186
2025-12-14 23:00:00,3150.92,3024.44,3120.27,0.032023558660690774,-0.008637393501240376,0.009404903933646347,0.0010759070129652036,-0.04710399173382873,0.5614595624632504,0.1285402516188422
2025-12-15 03:00:00,3145.0,3104.02,3137.28,-0.7638151314902755,0.0030678806885451326,0.007471890840003326,0.0010050472882159648,0.3593168745953792,0.6097193970563566,0.12776773963448582
2025-12-15 07:00:00,3177.5,3122.87,3159.67,-0.5236377312561054,0.012287738891801236,-0.0021845611439289536,0.0009263299334541543,0.18980947982112917,0.6482423836363174,0.12688988127421283
2025-12-15 11:00:00,3162.75,3032.26,3048.72,0.028004485104806937,0.007421645278197664,-0.007876198690558667,0.0008761437860048294,-0.045754694834779785,0.5916936318662464,0.13230420630579845
2025-12-15 15:00:00,3060.0,2894.57,2938.0,1.8056108368683632,-0.034248816095975965,-0.005164330337537715,0.0008320603561919699,0.36939274331880245,0.40511986786705395,0.13993825947228627
2025-12-15 19:00:00,2964.5,2916.67,2952.03,-0.04335585962218586,-0.04660462191414083,-0.00646502716623687,0.0007017702364786345,0.0677166387983632,0.3372256323325644,0.1417681605593066
2025-12-15 23:00:00,2978.26,2935.25,2945.85,-0.4543989523126818,-0.04344200054400282,-0.008637393501240376,0.0005498586050880852,0.04326709231815129,0.3611820341891359,0.14479984110578253
2025-12-16 03:00:00,2951.45,2876.0,2945.7,-0.22412535032117828,-0.06467719256348281,0.0030678806885451326,0.00041782876956933575,-0.1435324472544145,0.30842148084960247,0.1476962277114074
2025-12-16 07:00:00,2964.14,2918.21,2947.98,-0.4417348060160316,-0.06785936086061306,0.012287738891801236,0.00026689789260886366,-0.2963580231950632,0.3295062298094674,0.15011265572267563
2025-12-16 11:00:00,2981.87,2886.75,2941.35,0.34354699931919563,-0.05494025395794322,0.007421645278197664,0.00012158648687022014,0.023073665200172178,0.33674546603883543,0.15362818151600455
2025-12-16 15:00:00,2975.99,2912.15,2952.13,-0.049073219916065856,-0.014388224887059708,-0.034248816095975965,-7.1470244772450256e-06,0.04873327480813883,0.34103632097911984,0.15552016358220097
2025-12-16 19:00:00,2963.33,2920.64,2954.23,-0.6295778234475654,0.002582398343503378,-0.04660462191414083,-9.751663772503763e-05,0.025252070954513206,0.34855201621206916,0.1577166081178524
2025-12-16 23:00:00,2974.27,2938.38,2959.38,-0.9052867651925232,-6.994353604528047e-05,-0.04344200054400282,-0.00018288510746867543,-0.13390915455005337,0.3608735866577647,0.1596988458724625
2025-12-17 03:00:00,2961.99,2913.95,2936.47,-0.7204743524562055,0.005105390387712294,-0.06467719256348281,-0.0002622859471657315,-0.022991358807014417,0.33066663649273215,0.16386654943831938
2025-12-17 07:00:00,2953.98,2908.56,2920.44,-0.6961050858388115,-0.0007365482197022599,-0.06785936086061306,-0.00033373308449976505,0.2945570321124855,0.32628141938107846,0.16804905546851603
2025-12-17 11:00:00,2996.91,2886.8,2995.89,0.3406034759542986,0.00023766118056611774,-0.05494025395794322,-0.00040405175462356627,-0.008562347860359698,0.3377877324559655,0.16228212677980033
2025-12-17 15:00:00,3030.92,2806.0,2813.88,2.3995745837441813,-0.010496082929741135,-0.014388224887059708,-0.0004692606485756951,-0.0056592747474737415,0.29496056594913656,0.18197950161832505
2025-12-17 19:00:00,2837.8,2791.02,2834.99,-0.0786056197939053,-0.04493397207448624,0.002582398343503378,-0.0005506655470660559,-0.044636136561335804,0.15096294071660996,0.18732914729212333
2025-12-17 23:00:00,2847.65,2818.19,2837.15,-0.7295833601053874,-0.042168232799947636,-6.994353604528047e-05,-0.0006248846845167147,0.008322655416842517,0.17492677425599235,0.1939806387827719
2025-12-18 03:00:00,2841.76,2822.5,2831.35,-0.817411906317909,-0.03543114504729483,0.005105390387712294,-0.0006784976348541291,0.053284787088388796,0.17549823635203024,0.20096915164789403
2025-12-18 07:00:00,2864.46,2828.76,2859.42,-0.6978269478631068,-0.029249091030482677,-0.0007365482197022599,-0.0007275777772003801,0.06770976203170886,0.1983151871865382,0.2036941213574371
2025-12-18 11:00:00,2992.0,2850.25,2950.44,1.441749078397138,-0.0014035144789946719,0.00023766118056611774,-0.0007509927673812724,0.09049988234236017,0.331631137326468,0.19912280444381747
2025-12-18 15:00:00,2997.4,2797.58,2827.58,2.2118109206552288,-0.008042465143928701,-0.010496082929741135,-0.0007879849819430692,-0.01654262528705397,0.2600262766606239,0.21361544013990114
2025-12-18 19:00:00,2838.25,2775.19,2829.42,0.8509404659731575,-0.00221748136533928,-0.04493397207448624,-0.0008460962934227093,0.020532971687507784,0.1416501145953612,0.21878002183256676
2025-12-18 23:00:00,2841.11,2808.63,2835.61,-0.6283537696521942,-0.0016185368770615938,-0.042168232799947636,-0.0009171201371958057,0.06650953535134518,0.16809056776134734,0.2231437142420901
2025-12-19 03:00:00,2949.99,2834.85,2948.01,1.2148259106202828,0.027914734196254676,-0.03543114504729483,-0.0009445496509674683,0.01691387458221394,0.2934175183639694,0.2159152146169094
2025-12-19 07:00:00,2984.33,2938.01,2954.33,-0.03146521100068676,0.038896272788131236,-0.029249091030482677,-0.000953620758507629,-0.00738916531250744,0.3635109112943105,0.21656410939767196
2025-12-19 11:00:00,2994.32,2943.13,2976.83,0.37900078887743266,0.010048015827992529,-0.0014035144789946719,-0.0009677058735593968,-0.034177412712634414,0.35925386734366566,0.2155626340805285
2025-12-19 15:00:00,3020.0,2936.3,2966.32,1.3546669444277029,0.030524399083136977,-0.008042465143928701,-0.0009854590051750528,0.05513471072277176,0.37557559544041963,0.21059591170315678
2025-12-19 19:00:00,3003.02,2966.32,2987.84,-0.6785438991368423,0.06370800848265334,-0.00221748136533928,-0.0010138393250174501,0.17228667498037975,0.39308726976096253,0.20457257603457
2025-12-19 23:00:00,2990.0,2970.98,2982.66,-1.1292534651691304,0.05429002019560958,-0.0016185368770615938,-0.0010558433699542603,-0.03945227302678089,0.3811935982015702,0.20077127531452815
2025-12-20 03:00:00,2994.41,2964.17,2980.55,-1.0573650032185535,0.025575942437590538,0.027914734196254676,-0.0010955764654816023,0.00865120363426053,0.3888382514930249,0.19579003794436464
2025-12-20 07:00:00,2990.0,2975.0,2979.04,-1.065442006845448,0.008511961896397802,0.038896272788131236,-0.0011317464159024389,-0.10920905590190433,0.3853439072041854,0.19091396561259794
2025-12-20 11:00:00,2993.8,2967.44,2980.31,-0.9100059208687719,0.005187503134854277,0.010048015827992529,-0.0011711660042764388,-0.1207633783589579,0.36803928976530714,0.18509119031603302
2025-12-20 15:00:00,2981.4,2968.66,2978.05,-1.0150523456191367,0.000284664952463487,0.030524399083136977,-0.0012064227332853367,-0.34311195208401446,0.36196195299022055,0.17563288403290347
2025-12-20 19:00:00,2985.94,2974.5,2977.37,-1.175987533606445,-0.0025412718274429036,0.06370800848265334,-0.001238866941087794,-0.1015392634918123,0.36666146125454785,0.16717954131422758
2025-12-20 23:00:00,2981.43,2961.42,2965.72,-0.9470190868578692,-0.0031337747648448877,0.05429002019560958,-0.0012778623320199697,0.0699209334375368,0.351746145593739,0.16508845432507074
2025-12-21 03:00:00,2978.72,2965.16,2976.27,-1.1754488920121668,-0.003402051544621143,0.025575942437590538,-0.0013124354912639666,-0.0613777619142144,0.35829379299196606,0.16171556218042904
2025-12-21 07:00:00,3013.4,2975.6,2996.78,-0.6530501867840199,0.005455428589409728,0.008511961896397802,-0.0013340795125926798,0.06330148154446613,0.3961450222479865,0.1577323267809142
2025-12-21 11:00:00,3005.46,2944.0,2970.9,-0.4946022897931983,-0.003818452168067088,0.005187503134854277,-0.0013769125022955778,0.05234283919313221,0.3501943632973295,0.15733982453727036
2025-12-21 15:00:00,2988.73,2962.53,2988.55,-0.8164327288041393,7.284334929780201e-05,0.000284664952463487,-0.0014276752396482797,0.4919719493107122,0.3623019320578002,0.15294210628360647
2025-12-21 19:00:00,2997.96,2970.75,2996.32,-0.9167663617563168,0.0027330097560349653,-0.0025412718274429036,-0.0014554527651388892,-0.07601395515436238,0.3794299803171454,0.14731445750233593
2025-12-21 23:00:00,3060.55,2972.48,3010.12,-0.007072667016547981,0.01602467327647994,-0.0031337747648448877,-0.001458718143383998,-0.015329656110199874,0.4263738049815975,0.13997112895182126
2025-12-22 03:00:00,3042.87,3002.01,3024.71,-0.7859177462072395,0.01808884747448447,-0.003402051544621143,-0.0014621174595083723,0.15257015360345516,0.4426528483892748,0.1324183455129619
2025-12-22 07:00:00,3055.73,3023.24,3040.62,-0.6803866546521273,0.013245730819866797,0.005455428589409728,-0.0014504118928543948,-0.036105839303145815,0.4584191110919326,0.12503078751043217
2025-12-22 11:00:00,3077.39,3029.81,3061.97,-0.22135972238961643,0.028492645799285565,-0.003818452168067088,-0.001426151296897266,0.022280603756238637,0.48284174449797396,0.1180269043639311
2025-12-22 15:00:00,3072.88,3007.77,3015.74,-0.25575763938027324,0.020698447418667776,7.284334929780201e-05,-0.0014124939956831548,-0.10426549286669062,0.45891406649501637,0.11896547940612079
2025-12-22 19:00:00,3016.0,2963.43,3012.02,-0.1251740899466255,2.6753525228961905e-05,0.0027330097560349653,-0.0014285977938268298,-0.055774600195732105,0.3795553133863638,0.1178696331626634
2025-12-22 23:00:00,3035.79,2988.0,2991.09,-0.369930399415634,-0.0024733421305476178,0.01602467327647994,-0.0014190016294157947,-0.05397243166559906,0.41467075426946165,0.11755745936135371
2025-12-23 03:00:00,2999.97,2944.79,2959.91,0.06596202927823455,-0.018792455410034714,0.01808884747448447,-0.001434580415698851,0.06908369775825185,0.3534271368808324,0.1174500565313421
2025-12-23 07:00:00,2972.94,2952.26,2967.15,-0.7103709950732712,-0.024440636916958414,0.013245730819866797,-0.0014477393436722315,-0.01993183928641451,0.34199075680164126,0.11455250849933026
2025-12-23 11:00:00,2975.35,2900.93,2917.21,0.22157587912178786,-0.036690128476238204,0.028492645799285565,-0.0014678010041664238,-0.02930997723680462,0.3071641710173411,0.11487745343633017
2025-12-23 15:00:00,2966.56,2906.62,2947.25,0.22216930117639316,-0.03336368938624967,0.020698447418667776,-0.001482676117318878,0.11199895693446815,0.2999622739174486,0.11181793184949071
2025-12-23 19:00:00,2988.44,2931.06,2961.38,-0.05540215807134003,-0.008860298324298022,2.6753525228961905e-05,-0.0014334784703957596,0.49032364462815425,0.33804608859638186,0.1087015906715969
2025-12-23 23:00:00,2978.15,2923.99,2935.46,-0.29047718825408936,-0.0171955249607606,-0.0024733421305476178,-0.0013770571725055527,0.23051803651868763,0.3335083616756527,0.10671791278882095
2025-12-24 03:00:00,2958.73,2917.12,2933.47,-0.5854798595870048,-0.01261372524249682,-0.018792455410034714,-0.0013339517360977415,-0.09976413970637177,0.29466321983122507,0.10413451528519808
2025-12-24 07:00:00,2943.7,2914.35,2927.68,-0.6492506185008362,-0.011359735754711386,-0.024440636916958414,-0.0012834754195565974,0.1110249621785524,0.2891987501527672,0.10165219641028378
2025-12-24 11:00:00,2938.73,2888.7,2914.71,-0.5497931943417942,-0.008404149169979669,-0.036690128476238204,-0.0012312035966295786,0.04100370321562474,0.2684003254445792,0.1002568515289627
2025-12-24 15:00:00,2954.39,2903.08,2941.58,-0.4716812926411995,-0.0015603255747986822,-0.03336368938624967,-0.0011719624357387475,0.1003441491167203,0.29277656380899303,0.09634710807680023
2025-12-24 19:00:00,2962.96,2936.94,2959.84,-0.9223045675665426,-0.004015563594457983,-0.008860298324298022,-0.0010907598320489809,-0.25317070365664285,0.31940043295908127,0.0936573614906872
2025-12-24 23:00:00,2960.86,2936.89,2952.7,-1.0051607106613039,-0.0038223688037936077,-0.0171955249607606,-0.0010054249083590531,-0.3257063359119743,0.31577712137832104,0.08945847530587196
2025-12-25 03:00:00,2953.03,2938.12,2942.88,-0.9301455171682137,0.0029964381856044664,-0.01261372524249682,-0.000951359858653585,-0.16599327869582936,0.3084467283554427,0.08383477837297922
2025-12-25 07:00:00,2946.82,2912.0,2920.43,-0.7072892173143147,-0.0007126182520479363,-0.011359735754711386,-0.0009219628287562086,-0.23657615881244032,0.2859246257519203,0.07614144507341176
2025-12-25 11:00:00,2938.66,2920.0,2932.84,-0.8388750787060861,0.0034215167117710443,-0.008404149169979669,-0.0008896607313182895,0.2549940667895598,0.28404932105958414,0.07378175973583287
2025-12-25 15:00:00,2971.46,2931.62,2959.2,0.07932252237605336,0.008141917879171512,-0.0015603255747986822,-0.0008505918255539535,-0.1533375862607329,0.3302137339624759,0.07312744349900853
2025-12-25 19:00:00,2959.96,2906.4,2921.56,-0.8313683140000869,-0.004621937766897677,-0.004015563594457983,-0.0008142676888607717,-0.14248736846259236,0.29802535061666374,0.07421846566932923
2025-12-25 23:00:00,2994.38,2891.2,2973.5,0.5521950936803482,-0.0007425248003418705,-0.0038223688037936077,-0.0007615318061228991,0.17419692999850267,0.3123458562481889,0.07305567271462896
2025-12-26 03:00:00,2982.47,2952.59,2976.66,-0.5746243442063451,0.00908077997162482,0.0029964381856044664,-0.000701553412096883,0.2862549306266424,0.35034315657427384,0.07314046531362361
2025-12-26 07:00:00,2993.27,2952.79,2971.61,-0.21083185713219318,0.014632230632122933,-0.0007126182520479363,-0.0006329811773292788,0.3485389540546604,0.35310449839978797,0.07337044456350234
2025-12-26 11:00:00,2985.89,2910.0,2917.37,-0.0806023879452687,0.008833199470518638,0.0034215167117710443,-0.0005667805274306556,-0.15618689059792012,0.3245879681317449,0.07493625007477739
2025-12-26 15:00:00,2935.12,2894.49,2923.48,0.1332272777542611,-0.014380346783325115,0.008141917879171512,-0.0005098413659337977,0.11358669645719033,0.26355342416814914,0.07491167307965185
2025-12-26 19:00:00,2938.83,2918.58,2931.5,-0.9796386193647948,-0.002558219388302807,-0.004621937766897677,-0.0004929164178297694,-0.11059540970940074,0.28624903182454164,0.07475839454203875
2025-12-26 23:00:00,2934.06,2921.33,2928.04,-1.0006409648550123,-0.005983519748042343,-0.0007425248003418705,-0.00047888329281571215,0.14476513748123332,0.2847160749276012,0.07490085056773196
2025-12-27 03:00:00,2934.0,2925.41,2929.99,-1.0596761927141278,-0.01312976913486652,0.00908077997162482,-0.00046069071750051894,-0.23242815861670885,0.2892156232584792,0.07488996727111519
2025-12-27 07:00:00,2940.79,2917.25,2926.85,-0.7979866043992854,-0.01320892083084002,0.014632230632122933,-0.00044027426674649755,-0.3037718359969547,0.29157198860538563,0.07490576553862043
2025-12-27 11:00:00,2933.85,2923.24,2929.79,-0.9834565097151357,-0.008049696392962935,0.008833199470518638,-0.0004110049884223193,-0.13112572757771268,0.2873187673808372,0.0743867897615963
2025-12-27 15:00:00,2930.62,2917.13,2926.23,-0.9579166376427025,0.0037443199015747552,-0.014380346783325115,-0.000382823982136917,0.10450472461677807,0.2806606768203021,0.07068714682766078
2025-12-27 19:00:00,2953.86,2925.99,2933.27,-0.8401137296466388,0.0027243203054634346,-0.002558219388302807,-0.00035399907601140623,0.06849542782316997,0.29875788488571037,0.0676022006878612
2025-12-27 23:00:00,2960.89,2933.0,2947.3,-0.8249912139506914,0.006746155228154249,-0.005983519748042343,-0.00032200764841348536,-0.03608581226593077,0.3156810428029342,0.06421350562890404
2025-12-28 03:00:00,2948.4,2929.5,2942.68,-0.9701856163238738,0.0031081847875082946,-0.01312976913486652,-0.0002839107589837771,0.23709413491386444,0.30349623001946036,0.060648610397573584
2025-12-28 07:00:00,2947.34,2931.56,2943.34,-0.9647258342159,0.0027805285755382325,-0.01320892083084002,-0.00024717864125653656,0.28073609193981963,0.304353725385807,0.05829568077935116
2025-12-28 11:00:00,2955.64,2937.78,2945.69,-0.591512822809792,0.0051028262924281975,-0.008049696392962935,-0.0002096921786690809,0.004034030274889133,0.31075410842315315,0.05826683094963107
2025-12-28 15:00:00,2961.23,2924.54,2931.31,-0.5999321743779491,0.006080123286768879,0.0037443199015747552,-0.0001769065890266779,0.0559654529684519,0.30854388937320015,0.0541142474440825
2025-12-28 19:00:00,2955.5,2926.49,2950.2,-0.8423860466160277,8.50144486579385e-05,0.0027243203054634346,-0.00014263904836587672,0.19189666363611857,0.29914929641576654,0.04878602584713323
2025-12-28 23:00:00,3018.3,2940.36,3003.9,0.25805575857010826,0.011450724091530917,0.006746155228154249,-0.00010930261685683505,-0.06440290544869631,0.3685946335260841,0.043447023377003686
2025-12-29 03:00:00,3057.78,3002.87,3036.36,0.9228413939158964,0.033973389054646086,0.0031081847875082946,-6.149818540662258e-05,-0.07091080523794913,0.46007269233561426,0.044756598022716754
2025-12-29 07:00:00,3039.01,2956.89,2966.33,0.5040427640180225,0.017396813972780256,0.0027805285755382325,1.0387067114991093e-05,-0.017181145687713673,0.3845470316068843,0.04579106955524531
2025-12-29 11:00:00,2967.52,2910.25,2928.5,1.0115127139049462,-0.001656705489305632,0.0051028262924281975,7.909193802925887e-05,0.12367984142016653,0.3031066645399242,0.046714389245046194
2025-12-29 15:00:00,2950.84,2914.03,2919.81,-0.10183253301706925,-0.0027130190967094014,0.006080123286768879,0.00012293510560369047,-0.20136188537431188,0.26072124664821855,0.04744695512732863
2025-12-29 19:00:00,2944.23,2918.13,2938.16,-0.568366618438037,-0.0010715036921206122,8.50144486579385e-05,0.00012992544769541522,0.09508382314792052,0.22542900501503899,0.0470903238475464
2025-12-29 23:00:00,2944.24,2923.48,2928.08,-0.8298006181313592,-0.01568211162552302,0.011450724091530917,0.0001235059847134079,0.0009400080034176472,0.22532695139257483,0.047432586274898346
2025-12-30 03:00:00,2959.0,2919.44,2945.84,-0.49738845483662975,-0.030815584691774922,0.033973389054646086,0.00012159106686371862,-0.0029186302526814645,0.24251089180935154,0.04706306328310289
2025-12-30 07:00:00,3003.66,2945.47,2977.19,-0.11899975089662196,-0.0040422948192871955,0.017396813972780256,0.00011196384618837771,0.12060726786294684,0.29663366141380143,0.04654456485414337
2025-12-30 11:00:00,3009.8,2958.88,2996.22,0.24314584981335166,0.01416417222392119,-0.001656705489305632,0.00011695965886740867,0.08761679335317951,0.29972875549461453,0.046548155650731296
2025-12-30 15:00:00,3002.48,2960.28,2971.63,0.057673249321169094,0.015622222820535825,-0.0027130190967094014,0.00012363355469367264,0.03221254438325172,0.2992059606899232,0.04686867594493562
2025-12-30 19:00:00,2974.6,2944.76,2969.54,-0.5214588310729245,0.009934570979312829,-0.0010715036921206122,0.00013154623743456625,-0.0843201029306655,0.268163053003123,0.04682913430676221
2025-12-30 23:00:00,2984.86,2961.89,2981.5,-0.798916613840955,0.013555590460950118,-0.01568211162552302,0.0001343351329769273,0.08193450425795379,0.2878446513617254,0.04678766481830172
2025-12-31 03:00:00,2984.0,2966.15,2975.63,-0.8518190380775973,0.009949317234810406,-0.030815584691774922,0.0001430609408964524,-0.1632044153980683,0.2895234081274976,0.046873097011042336
2025-12-31 07:00:00,2983.01,2963.91,2981.34,-0.6543323913020175,-0.001175978993854021,-0.0040422948192871955,0.0001460910000924867,-0.1718506861816541,0.29054375943811933,0.0464836819887491
2025-12-31 11:00:00,3028.08,2980.2,2993.75,0.5548973417313865,0.005977487280463212,0.01416417222392119,0.0001470520081540636,-0.08547578539683787,0.33070215590566304,0.04663125927237468
2025-12-31 15:00:00,2997.4,2958.91,2974.33,-0.0886810401362457,-0.0009057756599093469,0.015622222820535825,0.0001586338685531885,0.09860535474768128,0.2945129985249781,0.04673180904228338
2025-12-31 19:00:00,2984.86,2963.43,2977.14,-0.6683657577574493,0.003893059920890618,0.009934570979312829,0.00015480645114214253,0.051986954708692856,0.2882127397072022,0.04634104151254761
2025-12-31 23:00:00,2988.96,2970.19,2982.49,-0.8472035343699637,0.0019597004757596626,0.013555590460950118,0.00012115477883026539,0.0760647277138784,0.2979758943536343,0.045570999253109076
2026-01-01 03:00:00,2986.18,2972.99,2975.89,-0.7515411358580771,0.00099053511038516,0.009949317234810406,9.299262673629469e-05,0.5093302399519142,0.29464593105473424,0.044273447744188794
2026-01-01 07:00:00,2987.41,2975.89,2985.0,-0.8435307693721998,0.002020188608365947,-0.001175978993854021,6.323119183540165e-05,-0.03546927401405098,0.3009931661752221,0.041957629997517135
2026-01-01 11:00:00,2993.2,2977.74,2985.15,-0.6550439128056654,-0.004494362094278115,0.005977487280463212,3.798341761179707e-05,-0.13400069251512203,0.30727462351122564,0.03802048225051206
2026-01-01 15:00:00,3005.98,2980.75,2990.41,-0.5214077776479915,0.003953191741263851,-0.0009057756599093469,3.8613011311632327e-05,-0.10283314295449131,0.314976537103567,0.03697613379945833
2026-01-01 19:00:00,3000.26,2987.23,2999.3,-0.8554670273996012,0.006036841082104338,0.003893059920890618,2.6372658081220303e-05,0.02414919989838249,0.31942417191095107,0.036336670457510795
2026-01-01 23:00:00,3010.0,2990.98,3002.29,-0.5318243270664512,0.007561862159920496,0.0019597004757596626,-8.59406759621658e-06,-0.0938283203796445,0.33714575663596,0.03668478275733869
2026-01-02 03:00:00,3039.54,3000.0,3026.9,-0.2535088814115895,0.014602545933729782,0.00099053511038516,-3.6546146210816395e-05,0.031748444996375635,0.37023736586746686,0.03838508203707622
2026-01-02 07:00:00,3069.71,3015.95,3057.25,0.09702990398148535,0.02216684609959363,0.002020188608365947,-3.6200238073698714e-05,0.22995472128155114,0.4158826012950137,0.041626247415726014
2026-01-02 11:00:00,3109.0,3020.79,3082.85,0.5646503002217189,0.025735287367638193,-0.004494362094278115,-1.6326408101674256e-05,0.3028121443380305,0.4408207310156271,0.045720859418903886
2026-01-02 15:00:00,3150.01,3055.13,3110.56,1.4080948242070432,0.04048350631944819,0.003953191741263851,8.861057822993268e-06,0.0022986492106169543,0.5253662205129483,0.05163991000415919
2026-01-02 19:00:00,3146.0,3107.62,3133.81,-0.44055938386697757,0.04455004538234597,0.006036841082104338,4.9017543261869526e-05,-0.06886217562197383,0.5511454898771577,0.058452008791276516
2026-01-02 23:00:00,3136.71,3120.17,3126.27,-0.6932876738459072,0.04148853289477494,0.007561862159920496,9.543477702507569e-05,-0.14580228359604408,0.553678254618328,0.06404432666292557
2026-01-03 03:00:00,3127.79,3098.34,3098.34,-0.6832000752740934,0.030492810883332,0.014602545933729782,0.00013983327379124872,-0.2625523382346888,0.5303912278641935,0.06780199507670896
2026-01-03 07:00:00,3110.56,3076.0,3097.31,-0.3600027928925921,0.015142076406739813,0.02216684609959363,0.0001817786824628313,-0.031853857639227545,0.4961027406185612,0.07052894810161009
2026-01-03 11:00:00,3114.61,3091.99,3106.0,-0.6918497621578309,0.013267178964889048,0.025735287367638193,0.00021538180756234236,0.012976950734511883,0.5114388419620216,0.07287496065692302
2026-01-03 15:00:00,3118.55,3098.33,3116.46,-0.8342331357254199,-0.0010464067803335197,0.04048350631944819,0.0002503203053627618,0.002369389446414294,0.5197079713847045,0.07588410798326947
2026-01-03 19:00:00,3129.22,3107.49,3122.78,-0.8615894411476488,-0.0024664008957095973,0.04455004538234597,0.00028405789072834394,0.10450847358641768,0.5377453059036331,0.07917949694057796
2026-01-03 23:00:00,3167.22,3120.89,3141.12,-0.20121690231246925,0.006104369304373636,0.04148853289477494,0.00031851771043910304,0.3070867112630862,0.5868593180529912,0.08267228352460308
2026-01-04 03:00:00,3163.19,3139.37,3140.0,-0.5703608487833451,0.011567504308419352,0.030492810883332,0.00035918165394645106,0.19658208251598586,0.5929984726488142,0.08610278848458959
2026-01-04 07:00:00,3148.3,3126.0,3146.34,-0.3987025826061535,0.014569953288054327,0.015142076406739813,0.00040251884603784583,-0.029043364428521956,0.5744606728797663,0.08885842619966408
2026-01-04 11:00:00,3147.26,3131.8,3137.26,-0.6895959680981939,0.011454298667339824,0.013267178964889048,0.0004473717171492949,-0.1817786879695369,0.5732162932488737,0.09157461893414932
2026-01-04 15:00:00,3143.6,3118.75,3135.03,-0.6925154063314247,0.008199295329826883,-0.0010464067803335197,0.0004838162431367791,-0.046322221183529466,0.563997735066853,0.09416415125390737
2026-01-04 19:00:00,3155.85,3118.98,3139.37,-0.6513332419708433,0.006435738573072225,-0.0024664008957095973,0.0005182893437199315,0.07398441920291288,0.5726250281830013,0.09582753571404937
2026-01-04 23:00:00,3220.82,3134.67,3193.07,0.503902181615463,0.010758502508318335,0.006104369304373636,0.0005494857961124577,-0.13315508042789703,0.6456954836273265,0.09890831465258575
2026-01-05 03:00:00,3197.51,3135.31,3157.68,-0.18589505402403417,0.004435184509004708,0.011567504308419352,0.0006089203306337928,-0.13032762729436642,0.6172808656191542,0.10283854681206128
2026-01-05 07:00:00,3179.04,3153.12,3173.19,-0.3991178701761549,0.008331941079786409,0.014569953288054327,0.0006626425221384579,-0.05067822473693451,0.6199231394081393,0.10547984611657579
2026-01-05 11:00:00,3183.91,3135.02,3167.0,-0.0031107626606761067,0.007299018784834299,0.011454298667339824,0.000719830599677469,0.0848515943332453,0.6130336319792206,0.10734605678908087
2026-01-05 15:00:00,3229.99,3152.4,3228.3,0.9546930390791407,0.018763816453925886,0.008199295329826883,0.0007711042520335879,0.0766559294191489,0.6661844408963788,0.10939233167228635
2026-01-05 19:00:00,3265.66,3214.82,3240.19,0.26785460606349937,0.03201955779907428,0.006435738573072225,0.0008205357500993546,-0.17442691169083313,0.7472780097825755,0.11330415835953868
2026-01-05 23:00:00,3247.3,3203.34,3217.1,-0.23426589667571912,0.013513869274148993,0.010758502508318335,0.0008829901015974229,0.032080139124942564,0.7203953203947696,0.11686318349480393
2026-01-06 03:00:00,3253.76,3214.12,3241.15,-0.33956195818487195,0.021250469482153145,0.004435184509004708,0.0009395769257923638,0.1481315264293288,0.7341420377437017,0.11939931229846863
2026-01-06 07:00:00,3242.75,3211.37,3228.94,-0.4397418254797439,0.018395003783315156,0.008331941079786409,0.0009909414800016948,-0.03028512986167675,0.7211300598717667,0.12225772607618912
2026-01-06 11:00:00,3308.86,3227.03,3278.09,1.1435942436016668,0.03528377071918354,0.007299018784834299,0.0010189937156098866,0.10208578374454147,0.8069172657003792,0.12456547160465224
2026-01-06 15:00:00,3301.99,3183.27,3218.91,1.9672713281164456,0.016605468269773827,0.018763816453925886,0.0010764126722489706,-0.1253245384306899,0.7583137600809803,0.1281171446881411
2026-01-06 19:00:00,3300.35,3213.5,3277.63,-0.09718843770991788,0.007427213199684424,0.03201955779907428,0.0011084785715658992,0.032075852779782865,0.7890874634468963,0.12913365841503865
2026-01-06 23:00:00,3301.6,3239.44,3270.08,-0.159273569280998,0.013953087508648432,0.013513869274148993,0.0011535169544579862,-0.03937415244023956,0.7985652918567193,0.1323243013736882
2026-01-07 03:00:00,3282.14,3246.75,3250.97,-0.6809231585409816,0.009502904939695078,0.021250469482153145,0.0012015185566392587,-0.09586581242200742,0.7875111971931961,0.1348218443099206
2026-01-07 07:00:00,3263.37,3196.23,3218.44,0.12854927232068641,0.00015918654797508758,0.018395003783315156,0.0012516334618204754,-0.017498930252116796,0.7220219943534139,0.1366241761132249
2026-01-07 11:00:00,3229.05,3166.14,3191.54,0.340876387988493,-0.021784044365679933,0.03528377071918354,0.0012838404361505192,-0.1512928327561508,0.6829907960006565,0.1373813172690466
2026-01-07 15:00:00,3193.26,3133.68,3146.37,0.5909683338058768,-0.026146235463659906,0.016605468269773827,0.0013129753756369825,0.09354274158912856,0.6108421763974705,0.13757059345030295
2026-01-07 19:00:00,3165.86,3125.42,3153.0,-0.3179290851854751,-0.03659062877869068,0.007427213199684424,0.0013236732080031755,-0.025401123744916543,0.7207439652461017,0.13596013605045235
2026-01-07 23:00:00,3184.39,3143.71,3159.43,-0.11607477403373068,-0.031016183683259424,0.013953087508648432,0.0013161959601267115,0.027216487417707436,0.771302719969052,0.1355105167852747
2026-01-08 03:00:00,3166.7,3104.37,3105.38,-0.048598442399501875,-0.03828154213862589,0.009502904939695078,0.0013354858118618791,-0.04659407938419413,0.7069815231502005,0.13761243727633757
2026-01-08 07:00:00,3136.56,3090.04,3128.18,0.17817371887679678,-0.033438252875571894,0.00015918654797508758,0.001340360559511009,0.14977740707989606,0.662564909160328,0.13516520041590352
2026-01-08 11:00:00,3131.54,3054.65,3077.4,1.1121662208242384,-0.034844741809906155,-0.021784044365679933,0.001336853342576729,0.12265522617484792,0.6061116784288343,0.1345530557636533
2026-01-08 15:00:00,3140.0,3067.37,3120.22,0.588264621567432,-0.016325539176641257,-0.026146235463659906,0.0013054884619634276,-0.012793730005041137,0.6458771611925819,0.12944876531662722
2026-01-08 19:00:00,3130.38,3089.39,3119.12,-0.5334191304148157,-0.01022227941455034,-0.03659062877869068,0.0012930536159347058,-0.00104668138243047,0.651530293969896,0.12669670424450108
2026-01-08 23:00:00,3148.41,3081.34,3109.49,-0.013712517575076055,-0.017121308146331393,-0.031016183683259424,0.0012751947735869446,-0.09741709546349342,0.6545110262760652,0.12368359111630442
2026-01-09 03:00:00,3125.71,3103.01,3123.2,-0.7686647299227587,-0.0062516524282700825,-0.03828154213862589,0.001257753503765085,0.12657842074063286,0.6647384681456611,0.12025675626821838
2026-01-09 07:00:00,3123.79,3067.44,3096.65,-0.2456728091088035,-0.006903800462107812,-0.033438252875571894,0.0012582307041315328,-0.03267962697573601,0.6162218666163128,0.11928667536165674
2026-01-09 11:00:00,3111.17,3062.0,3078.93,-0.1250408425805403,-0.0005060847439871674,-0.034844741809906155,0.0012454802353778602,-0.07885948543723031,0.6027430607305687,0.11853914009770032
2026-01-09 15:00:00,3145.45,3058.69,3094.97,1.075560532248992,0.0013851749618749576,-0.016325539176641257,0.0012130448309905211,0.07103772514068751,0.6551522898817174,0.11558382679037907
2026-01-09 19:00:00,3094.96,3065.23,3086.27,-0.45042083400253125,-0.009644272045642333,-0.01022227941455034,0.001197458398267793,0.05903661961750095,0.5868977478838141,0.11342674859995579
2026-01-09 23:00:00,3094.61,3081.7,3088.07,-1.0116077794338385,-0.007815361808059196,-0.017121308146331393,0.0011608325650696492,0.09162407209225143,0.602111902941472,0.11118364513723027
2026-01-10 03:00:00,3089.0,3077.99,3087.49,-0.7830158297633254,-0.01095015972383151,-0.0062516524282700825,0.0011294465481722033,-0.01974987251361293,0.5912096868852288,0.1087246501402925
2026-01-10 07:00:00,3104.12,3087.37,3102.96,-0.7817479834967401,0.0002678367791975056,-0.006903800462107812,0.001090124173153037,0.2952845463869498,0.6180073583590803,0.10571475178229538
2026-01-10 11:00:00,3104.01,3088.81,3091.64,-0.9474660910061127,0.0030621165435436026,-0.0005060847439871674,0.0010573282175378779,0.07000221277501129,0.6231149051508766,0.1040311307195246
2026-01-10 15:00:00,3099.37,3090.65,3092.85,-1.0469415561076976,-0.005698214179973404,0.0013851749618749576,0.0010251357221222946,-0.006461842735979939,0.6169442078098363,0.10106579753340027
2026-01-10 19:00:00,3093.9,3078.71,3080.74,-1.0067048602221258,0.0021664920882162875,-0.009644272045642333,0.0009912327445143103,0.06617333967544048,0.6012767960079217,0.09863021410713436
2026-01-10 23:00:00,3097.29,3079.93,3092.49,-1.0574423237449213,0.0004515677144902863,-0.007815361808059196,0.0009544876098632744,0.1310381114557042,0.6051158364491355,0.09538910947054641
2026-01-11 03:00:00,3102.42,3090.0,3097.19,-0.9981071828825807,0.004553146635651872,-0.01095015972383151,0.000918561142030256,0.04687112228357848,0.621448638344385,0.09187782617497102
2026-01-11 07:00:00,3109.78,3092.4,3107.76,-0.8834946262836694,0.002402588840820341,0.0002678367791975056,0.0008822765072352279,-0.22900843192799147,0.634028128606921,0.08834488927578703
2026-01-11 11:00:00,3129.19,3103.37,3125.46,-0.5448088937523055,0.004633516667618132,0.0030621165435436026,0.0008458943887453384,0.06267541860074122,0.6540354539123532,0.08434677174006634
2026-01-11 15:00:00,3147.27,3110.12,3129.44,-0.1583636170743786,0.011070557986118335,-0.005698214179973404,0.0008102854311879356,0.03144482863630649,0.6907523373244661,0.08073823137031472
2026-01-11 19:00:00,3133.01,3101.95,3109.61,-0.5436972691541806,0.008529258851049049,0.0021664920882162875,0.0007862058203582936,-0.07219688628230636,0.658008287631714,0.07804610119120359
2026-01-11 23:00:00,3167.95,3092.59,3157.65,0.6656472602261578,0.012319497865074025,0.0004515677144902863,0.0007479568400291613,-0.056813224584366995,0.6871050097035061,0.07352820916470953
2026-01-12 03:00:00,3171.49,3148.7,3154.79,-0.35493061025917255,0.02066063699409426,0.004553146635651872,0.0007200588593020315,-0.11619358353938469,0.7592875122214541,0.07115119889546073
2026-01-12 07:00:00,3161.45,3101.48,3106.88,-0.1239540720732574,0.007080832105081036,0.002402588840820341,0.0007323255818112547,0.006159567236811325,0.6813574647748513,0.07106117637408371
2026-01-12 11:00:00,3122.75,3065.55,3105.41,0.3098302851765432,-0.004834573805327036,0.004633516667618132,0.0007188523201437385,-0.12574975036467662,0.6216237158102218,0.07065129195973147
2026-01-12 15:00:00,3146.66,3083.5,3108.28,0.5616477563911504,-0.003808885481838775,0.011070557986118335,0.0006716175325968834,-0.08279919617269549,0.6650771235833404,0.07061726355596173
2026-01-12 19:00:00,3127.75,3083.54,3095.42,-0.4682799404157413,-0.0033695351114785277,0.008529258851049049,0.0006350064527478255,-0.16541568627873904,0.635405011215172,0.07135199405134127
2026-01-12 23:00:00,3114.39,3088.47,3101.44,-0.692020433347381,-0.008629355186273724,0.012319497865074025,0.0005907430775770623,-0.047745625526480984,0.6289670954175228,0.07149923820909601
2026-01-13 03:00:00,3146.55,3101.43,3134.41,-0.3120823599004707,-0.010380391978352388,0.02066063699409426,0.0005393245824413431,0.10424848692895661,0.6886031850358107,0.07037039793245718
2026-01-13 07:00:00,3148.33,3122.0,3134.73,-0.2071003727738736,0.002471090091464845,0.007080832105081036,0.0005019415346590088,0.1057464931334775,0.697991553959698,0.06995597070825636
2026-01-13 11:00:00,3165.94,3130.0,3145.01,0.5835073660935216,0.016203474267476148,-0.004834573805327036,0.0004722532654087184,0.11029593625675194,0.7297291560231477,0.06943803671010822
2026-01-13 15:00:00,3214.94,3133.22,3201.14,1.2349841306595049,0.019534594196170207,-0.003808885481838775,0.00044399194320635875,0.08228821499436045,0.7962557895236346,0.06866071538690342
2026-01-13 19:00:00,3367.79,3190.56,3331.18,3.102558865099998,0.05690405932813847,-0.0033695351114785277,0.00041406382250310165,0.21648452310486666,0.9999999999787944,0.0718328427583346
2026-01-13 23:00:00,3357.56,3314.67,3327.11,1.7137467488092344,0.07443232771140318,-0.008629355186273724,0.0004117178252864168,-0.13240821639362932,0.9999999999808709,0.07700153106945042
2026-01-14 03:00:00,3364.64,3321.0,3334.33,0.30938091427677833,0.0663487992117362,-0.010380391978352388,0.0004290689569387116,-0.015610285683450686,0.9999999999810326,0.08179003560198628
2026-01-14 07:00:00,3342.83,3304.06,3312.99,0.15558807051504156,0.062103119234951265,0.002471090091464845,0.00044733460062316847,-0.1123353600215905,0.9835881881083266,0.08586214855554146
2026-01-14 11:00:00,3358.0,3280.48,3349.21,1.0300879093785298,0.05253553888285811,0.016203474267476148,0.00046226552081868625,-0.06524619857161384,0.9561532191890347,0.08979116360779625
2026-01-14 15:00:00,3402.89,3315.51,3339.41,2.662058179351822,0.05666443730810666,0.019534594196170207,0.00046896841352583326,-0.05318830148700138,0.9999999999818093,0.09401489787773139
2026-01-14 19:00:00,3400.01,3332.02,3349.09,0.8068983511452423,0.027144127938882212,0.05690405932813847,0.0004845719010178981,-0.0904944152769801,0.9999999999821623,0.0978139066268961
2026-01-14 23:00:00,3369.5,3305.7,3314.27,-0.15012234934099677,0.0006449388784561805,0.07443232771140318,0.0005065592997404004,-0.13045059326458563,0.936319908113901,0.10134004947023253
2026-01-15 03:00:00,3323.65,3278.0,3315.99,0.0779545572778228,-0.010254143910814584,0.0663487992117362,0.0005183696642877017,-0.08300723194264881,0.8794233071885251,0.10374065732149482
2026-01-15 07:00:00,3378.75,3314.4,3364.11,0.1727448191898287,0.006828817338412785,0.062103119234951265,0.0005070860918561137,0.0780449631622222,0.965532669298801,0.10634971659081242
2026-01-15 11:00:00,3384.19,3322.57,3342.31,0.8171650024735552,0.013446018092301948,0.05253553888285811,0.0005132376231271946,-0.05609495033910139,0.9786571639341582,0.11003388661956864
2026-01-15 15:00:00,3358.21,3273.72,3288.39,2.438503647784711,-0.01346890755319119,0.05666443730810666,0.0005279912056138824,-0.04436965836132101,0.8999083812875911,0.1128842075903469
2026-01-15 19:00:00,3319.24,3276.7,3309.11,-0.16813441050124803,-0.0220231634900806,0.027144127938882212,0.0005264606123886697,-0.04478344734842654,0.8633229263041812,0.11358702416014321
2026-01-15 23:00:00,3326.79,3291.89,3303.63,-0.6419399115822074,-0.007211949165501053,0.0006449388784561805,0.0005138451081092426,0.2674687973260985,0.8698145283124036,0.11523342764373766
2026-01-16 03:00:00,3316.99,3277.04,3313.99,-0.23080804053497128,-0.0008132746220840259,-0.010254143910814584,0.0005096240173160327,0.025934176462443892,0.8455478525398341,0.1163283062148148
2026-01-16 07:00:00,3319.97,3294.49,3297.75,-0.6193473739483417,-0.012301452810653313,0.006828817338412785,0.0005026727238323385,-0.24404522566448517,0.8669758093389888,0.11804222198135557
2026-01-16 11:00:00,3318.61,3290.64,3294.12,-0.4675784065500603,-0.01579420113994434,0.013446018092301948,0.0005055138518618746,0.0016938980517660074,0.8571771558823728,0.11851140046074235
2026-01-16 15:00:00,3311.36,3253.01,3279.11,1.0343694143791362,-0.010785673770405957,-0.01346890755319119,0.0005128493998190278,0.08719046346449133,0.7981570437345336,0.11984754232451893
2026-01-16 19:00:00,3299.04,3264.42,3294.1,-0.5686913826484589,-0.0030101013817922517,-0.0220231634900806,0.0005192087374219531,0.18611633985850662,0.8151392191808571,0.11964206832404559
2026-01-16 23:00:00,3299.89,3283.96,3292.24,-1.0257801050614193,-0.005114228275148847,-0.007211949165501053,0.0005304066726530789,-0.18398308302367583,0.8315172962928717,0.12014253202566628
2026-01-17 03:00:00,3294.12,3285.99,3291.4,-1.2091297438859567,-0.0026628505275374525,-0.0008132746220840259,0.0005444792725877941,0.09858054764378066,0.8262428235245544,0.12087129832788811
2026-01-17 07:00:00,3303.77,3287.38,3296.64,-1.0545815457845191,-0.0036710805000566005,-0.012301452810653313,0.0005519579357999005,0.2888232970897695,0.840282690571803,0.12178175734747247
2026-01-17 11:00:00,3312.0,3292.45,3310.45,-0.8131282232989206,-0.0005226024834181775,-0.01579420113994434,0.0005548837282612424,0.2567513103219137,0.8533823354510712,0.12272837166220385
2026-01-17 15:00:00,3330.26,3308.2,3317.82,0.3773426885409714,0.013507831888316169,-0.010785673770405957,0.0005581450488793497,0.16763474128070732,0.8954454449695982,0.12379339524744258
2026-01-17 19:00:00,3321.08,3297.44,3302.0,-0.9984915881299391,0.007768001077410158,-0.0030101013817922517,0.0005713577019233365,-0.11124876305414488,0.871219153552412,0.12532821390129806
2026-01-17 23:00:00,3314.43,3296.34,3303.45,-1.0364823172775168,0.0036249117989277657,-0.005114228275148847,0.0005823803283494438,0.12576847920088907,0.8577461797433442,0.12621886229007687
2026-01-18 03:00:00,3319.5,3303.45,3315.85,-0.9230815928595998,0.007415001916852182,-0.0026628505275374525,0.000595149890434642,0.25711230429687504,0.8798566659361352,0.1261362329063686
2026-01-18 07:00:00,3326.2,3303.52,3325.83,-0.4955189824634286,0.006004185204839807,-0.0036710805000566005,0.0006118586757389409,0.293362565054496,0.8837799832965745,0.12661928254000043
2026-01-18 11:00:00,3347.75,3314.64,3324.99,-0.4613344921853819,0.008324577654244436,-0.0005226024834181775,0.0006230004224290576,-0.1696137484256679,0.9137987498553195,0.12631108264466082
2026-01-18 15:00:00,3368.82,3319.02,3361.85,-0.5995544958090044,0.007324924735244265,0.013507831888316169,0.000635785486284716,-0.10921733104565423,0.9489148923091809,0.12625012359213178
2026-01-18 19:00:00,3365.96,3336.92,3350.77,-0.8725078282210426,0.01146368024283384,0.007768001077410158,0.0006525288146341189,0.04874990268038726,0.954622379256339,0.12748849343280533
2026-01-18 23:00:00,3350.78,3177.68,3204.46,5.0,-0.021132139643521786,0.0036249117989277657,0.0006940145609763333,0.012633503625403053,0.7042854482031096,0.13213686939773972
2026-01-19 03:00:00,3218.02,3187.88,3195.58,1.394421857277166,-0.032990284384220026,0.007415001916852182,0.0006991597761318538,-0.03791255841580343,0.6395531423203077,0.1316158004386709
2026-01-19 07:00:00,3221.99,3195.58,3215.47,-0.07619275102534227,-0.032271254680410144,0.006004185204839807,0.0006845923075382217,-0.20375918366133305,0.6485873116276687,0.12922076042346212
2026-01-19 11:00:00,3236.26,3202.85,3213.0,0.4691625872993573,-0.032408761520351104,0.008324577654244436,0.0006694807657347822,0.21177226928634063,0.6766310582808146,0.1271738742599824
2026-01-19 15:00:00,3227.17,3208.5,3214.9,-0.6860537056145658,-0.03843682525153036,0.007324924735244265,0.000660037676960835,-0.2200324325407852,0.6662840076115504,0.12532103505519734
2026-01-19 19:00:00,3225.43,3186.82,3189.0,-0.6143960934261168,-0.04142389870886576,0.01146368024283384,0.0006577157990154078,-0.17518409594568274,0.6497907355977658,0.12436205200050228
2026-01-19 23:00:00,3200.5,3165.38,3192.96,0.06880215925668692,-0.015384472752355105,-0.021132139643521786,0.0006694399651727899,0.2126771577718911,0.5949249503788671,0.12218529513955555
2026-01-20 03:00:00,3194.91,3109.37,3116.91,1.0336016047776782,-0.017320684881709125,-0.032990284384220026,0.0006728626533900115,-0.3422009324742127,0.5175502918112571,0.12431897842811124
2026-01-20 07:00:00,3131.34,3085.17,3103.01,1.2192670519300777,-0.03256619129407379,-0.032271254680410144,0.0006713827753379364,0.023942196122975545,0.4189044735792727,0.12487442224720016
2026-01-20 11:00:00,3115.0,3034.22,3047.49,1.5799634961989986,-0.044656407555240474,-0.032408761520351104,0.0006520694940364555,-0.12447775482276169,0.3604260084874944,0.12877399539505716
2026-01-20 15:00:00,3049.91,2984.26,2991.81,2.3976368052962855,-0.06334877998109656,-0.03843682525153036,0.0006478711235102703,0.14005736719458795,0.218376660105471,0.1354707123669983
2026-01-20 19:00:00,3007.22,2920.0,2951.54,0.9304879317708318,-0.07304008897204295,-0.04142389870886576,0.0006127389837893131,0.09693960683513603,0.1345656887297656,0.1433812466633892
2026-01-20 23:00:00,2975.41,2921.89,2961.52,0.47989396924466343,-0.07337870386837131,-0.015384472752355105,0.0005698655225560536,-0.019382786248521855,0.08133729303632081,0.14841721689261717
2026-01-21 03:00:00,3002.0,2960.87,2980.3,-0.369458463945265,-0.05237825926042827,-0.017320684881709125,0.0005128022359353055,0.311416790447256,0.155000389318481,0.15188592095873416
2026-01-21 07:00:00,2985.67,2950.34,2963.92,0.08358216086498321,-0.04369225652938202,-0.03256619129407379,0.00047436636548447324,-0.037263096634382875,0.12078708272252797,0.15802490615721762
2026-01-21 11:00:00,2995.83,2902.0,2981.09,2.1916850539034827,-0.042315124294980855,-0.044656407555240474,0.00042282421691812574,-0.04010852525261521,0.07417947590544258,0.1616916578604649
2026-01-21 15:00:00,3026.83,2866.11,2927.4,3.647684604352417,-0.02673544011072637,-0.06334877998109656,0.0003588391582433703,0.04609965237469171,0.041318815843962055,0.17178621775383157
2026-01-21 19:00:00,3069.07,2916.6,3010.52,2.2369468134136943,0.013485494047368318,-0.07304008897204295,0.0002703757163921301,0.13376457562452826,0.2227443473046996,0.1697445044772011
2026-01-21 23:00:00,3038.33,2972.69,3017.72,-0.044566327333910874,0.019756717005776192,-0.07337870386837131,0.0002118867633868388,0.027090805125529194,0.20947047112681116,0.17235915193428658
2026-01-22 03:00:00,3030.82,2999.77,3019.13,-0.511708865123861,0.010839596630678905,-0.05237825926042827,0.0001583409237248196,-0.17410287384218381,0.22609961465652398,0.17511892289138312
2026-01-22 07:00:00,3022.39,2992.5,3002.64,-0.45053022147259497,0.012674337302185368,-0.04369225652938202,0.00010031397919011343,-0.07057360645691613,0.2034871323096676,0.17877444592662087
2026-01-22 11:00:00,3010.18,2935.22,2941.33,0.6737919115310264,0.008513690043756572,-0.042315124294980855,3.4157589432493725e-05,-0.08501569357064087,0.12933449984312514,0.18754865797092
2026-01-22 15:00:00,2972.76,2906.02,2939.53,0.9838312550305841,0.0029150761854155327,-0.02673544011072637,-5.004575567231465e-05,0.05417072395520428,0.06010803160031433,0.19262915683734963
2026-01-22 19:00:00,2963.49,2928.33,2951.9,-0.4929951902000368,-0.02307549269448217,0.013485494047368318,-0.00013720206068176585,-0.06812216036687802,0.06982404574354424,0.1958755514320173
2026-01-22 23:00:00,2972.08,2940.82,2952.83,-0.71404408330726,-0.017420940616336034,0.019756717005776192,-0.00022042667664119042,-0.03682499336117573,0.09425388736225188,0.1997867026864365
2026-01-23 03:00:00,2984.71,2937.85,2939.88,-0.29961141691372456,-0.017407563390611447,0.010839596630678905,-0.00029871949796432063,0.10700669233005433,0.11068203075601483,0.20539109489796833
2026-01-23 07:00:00,2951.42,2914.93,2930.95,0.21169777073615356,-0.024967604259778953,0.012674337302185368,-0.0003771881586228171,0.04671501103065068,0.038508694984119705,0.21089683942593931
2026-01-23 11:00:00,2946.66,2892.4,2916.07,0.2803162751921049,-0.01639617105334723,0.008513690043756572,-0.0004684663678804243,0.015153285040265807,0.022209340501053016,0.2173075793182647
2026-01-23 15:00:00,3019.26,2899.77,2988.6,1.4131035650276427,0.00959177785547971,0.0029150761854155327,-0.0005530349124924327,-0.006506175170073347,0.10217219776624857,0.21471986441714097
2026-01-23 19:00:00,2988.6,2930.42,2960.02,-0.19707494452282326,0.0035767183729689123,-0.02307549269448217,-0.0006265383266468705,0.01793364825745325,0.0723779790063624,0.21854644736394066
2026-01-23 23:00:00,2962.32,2949.27,2959.59,-1.0401624423354756,-0.0003291293687635033,-0.017420940616336034,-0.000709668102632266,-0.07218635287601238,0.07149353487758582,0.22009907220121736
2026-01-24 03:00:00,2970.41,2957.25,2961.79,-0.8624112161245944,-5.021308166219818e-05,-0.017407563390611447,-0.0007877052666778504,-0.15447560707308705,0.09014767777928367,0.2208990746416105
2026-01-24 07:00:00,2964.98,2953.99,2961.66,-0.9864737013365835,0.009023582856088508,-0.024967604259778953,-0.0008677702110370263,0.02851219395184512,0.07612650531533123,0.22204378312255804
2026-01-24 11:00:00,2965.01,2943.84,2959.48,-0.9428680974621892,0.011195747456716365,-0.01639617105334723,-0.0009438759243042743,-0.08662442871671583,0.07358282551843849,0.2222044794764793
2026-01-24 15:00:00,2968.49,2952.23,2963.82,-0.8838011180530692,-0.0026653119951515203,0.00959177785547971,-0.0010166884949490442,-0.12633796224445837,0.0843824054375607,0.22168563478214204
2026-01-24 19:00:00,2964.55,2949.23,2963.0,-1.0350594879132542,6.593808937971346e-06,0.0035767183729689123,-0.0010914996136759992,0.06585322077638289,0.07242179334091252,0.22096697389229653
2026-01-24 23:00:00,2964.4,2950.0,2953.37,-1.016580592385092,3.2848987819633635e-05,-0.0003291293687635033,-0.00116732299607542,-0.31153712307555226,0.07171177974711737,0.22176451618769025
2026-01-25 03:00:00,2954.1,2935.01,2944.24,-0.8113392709820137,-0.007243886321791959,-5.021308166219818e-05,-0.0012473012700253239,-0.07254592276507066,0.04188500776791946,0.2224062903458497
2026-01-25 07:00:00,2948.11,2921.0,2945.08,-0.7036225614909355,-0.007533300033832457,0.009023582856088508,-0.0013258464008590893,-0.0014983421714197531,0.02604123106388342,0.22045230355093381
2026-01-25 11:00:00,2946.49,2924.76,2932.54,-0.6803105394950878,-0.006858838369035225,0.011195747456716365,-0.0014002237195219404,0.22964375616866128,0.027999167881342213,0.22012573318256248
2026-01-25 15:00:00,2936.12,2828.05,2848.19,2.51118083308815,-0.028990996436930705,-0.0026653119951515203,-0.0015019562563567763,-0.04998600994611635,0.0,0.22925082447241488
2026-01-25 19:00:00,2857.77,2787.0,2807.14,2.329320699813776,-0.04830803365039538,6.593808937971346e-06,-0.0016206144885230153,-0.23204402019363046,0.0,0.23575177426017271
2026-01-25 23:00:00,2898.76,2787.0,2865.98,1.4835312397196183,-0.03645977057209293,3.2848987819633635e-05,-0.0017063951193492985,0.42418950744662953,0.06250749422409478,0.23142239471344148
2026-01-26 03:00:00,2891.83,2840.89,2891.64,0.485185736410628,-0.025907070910126007,-0.007243886321791959,-0.0017840296897711886,0.053085504882719015,0.09539229138017756,0.22835093861465847
2026-01-26 07:00:00,2934.4,2880.5,2896.28,0.4940059305437679,-0.010937241382723784,-0.007533300033832457,-0.0018314607446710603,-0.009457762131254266,0.16214360420221,0.22695400761003037
2026-01-26 11:00:00,2934.7,2875.77,2922.74,0.9036564099032297,-0.01241085291168853,-0.006858838369035225,-0.0019018821444360498,-0.10853867487192415,0.1559045863808939,0.22300804896774395
2026-01-26 15:00:00,2951.21,2885.97,2932.01,1.1573113330386897,0.013398219346771656,-0.028990996436930705,-0.0019681664425350944,0.23340122957023968,0.1814668673428915,0.22037149724309324
2026-01-26 19:00:00,2944.18,2895.82,2927.22,0.476632992645114,0.03947123644134187,-0.04830803365039538,-0.0020251775482089092,0.27117173926840143,0.19991476303601916,0.21808107670202592
2026-01-26 23:00:00,2947.42,2912.44,2945.25,0.1495569280084512,0.029618422476987538,-0.03645977057209293,-0.002083069459582453,0.21610821959133375,0.21437088760928708,0.2135124471683794
2026-01-27 03:00:00,2957.04,2924.35,2929.0,0.3092400913029462,0.02567815188697442,-0.025907070910126007,-0.002138369245625372,0.17856422123308113,0.22789704233193864,0.21139040011823465
2026-01-27 07:00:00,2937.52,2901.68,2903.23,-0.02355171808441511,0.004565356094712314,-0.010937241382723784,-0.002205038718440463,-0.29035364865925917,0.18600656074370478,0.20982467796569867
2026-01-27 11:00:00,2943.63,2899.77,2918.65,0.11457661886049715,0.006729017046083419,-0.01241085291168853,-0.00225660092506139,0.09215757479097664,0.1910349405401798,0.20395962540922674
2026-01-27 15:00:00,2998.52,2913.03,2978.21,2.3635655060080922,0.01433477597517685,0.013398219346771656,-0.0022752175658709373,-0.03153505600386597,0.2566712343649675,0.19364069752035998
2026-01-27 19:00:00,3030.3,2965.61,3020.0,1.1809337119032477,0.02866893285008265,0.03947123644134187,-0.0022607439704414602,-0.14297971770106765,0.35084913058453354,0.1848743991388242
2026-01-27 23:00:00,3035.08,3005.49,3010.82,-0.09364328846163031,0.03022373272677914,0.029618422476987538,-0.002231063411229613,-0.21971597935961662,0.3739277843412214,0.1788372617188045
2026-01-28 03:00:00,3018.33,2992.89,3014.47,-0.42847907522101164,0.021882329527850963,0.02567815188697442,-0.002203249528459035,0.06602224460944428,0.34371405139818095,0.17088458506379314
2026-01-28 07:00:00,3039.78,2986.59,3025.86,-0.09953288038774959,0.03220185934816677,0.004565356094712314,-0.0021597571089968285,0.4862825425661068,0.3550929842161273,0.16134512151989505
2026-01-28 11:00:00,3045.78,3007.64,3013.09,0.3097373772564964,0.03753414339047678,0.006729017046083419,-0.002106462333739135,0.09890261995368221,0.38830900608806157,0.1522889607816196
2026-01-28 15:00:00,3031.68,2983.67,3015.51,0.4992952451267287,0.017200630795886518,0.01433477597517685,-0.002078485791234387,0.05195568065694767,0.348204264461928,0.1387142855178444
2026-01-28 19:00:00,3038.45,2996.66,3018.92,0.016941695109193855,0.0018330528892107623,0.02866893285008265,-0.0020214679052751204,0.05627355047622995,0.36077634109872453,0.12418311712013573
2026-01-28 23:00:00,3022.98,2944.48,2959.23,-0.1829169942667598,-0.012228424859704545,0.03022373272677914,-0.0019813379014897554,-0.10727301537552558,0.30742044860246015,0.12098158968125838
2026-01-29 03:00:00,2972.73,2937.55,2955.97,-0.41944655626684474,-0.01637373233330819,0.021882329527850963,-0.0019563949931699887,-0.06976921186928742,0.25515613959205097,0.1153909630400589
2026-01-29 07:00:00,2969.79,2941.36,2944.29,-0.3893420791732501,-0.019630399738053805,0.03220185934816677,-0.0019294815030028094,-0.00506836249358289,0.248697898296274,0.10832699731233693
2026-01-29 11:00:00,2945.42,2875.7,2876.28,-0.015452267705722396,-0.036528294417366824,0.03753414339047678,-0.0019061370465090243,-0.26434637582406895,0.18911545309647912,0.10377110875872456
2026-01-29 15:00:00,2877.49,2754.53,2763.98,5.0,-0.06338504327811711,0.017200630795886518,-0.0019332200576186274,-0.10693679033289782,0.0050993984167907085,0.10489363667516788
2026-01-29 19:00:00,2825.23,2758.18,2819.95,0.5363224487291312,-0.07222369397196537,0.0018330528892107623,-0.0019458416340304174,0.11904145541423605,0.0,0.09747811348227194
2026-01-29 23:00:00,2828.65,2689.0,2736.56,2.75132977554484,-0.08045854137080644,-0.012228424859704545,-0.0019896312092434177,0.06997241581418168,0.0,0.09885566405428552
2026-01-30 03:00:00,2774.83,2696.82,2718.56,0.6446382482111835,-0.07247704214406692,-0.01637373233330819,-0.0020065030000653724,-0.06394838922900115,0.0,0.10386531163965151
2026-01-30 07:00:00,2750.93,2710.0,2736.19,0.706784422784531,-0.07423396898981571,-0.019630399738053805,-0.00202750280647291,0.017024398997266266,0.0,0.10599793581503321
2026-01-30 11:00:00,2768.78,2719.54,2737.42,0.699689695016497,-0.06022138229577445,-0.036528294417366824,-0.002030047193908206,0.2575854590787323,0.016113384825790025,0.11046758806978293
2026-01-30 15:00:00,2752.84,2636.01,2740.27,3.6506155447360413,-0.03854572122844124,-0.06338504327811711,-0.0020604849289813094,0.024711317893163276,0.0,0.11560294099535397
2026-01-30 19:00:00,2761.46,2664.82,2709.92,1.9100164867383964,-0.03054987147291921,-0.07222369397196537,-0.002077545879441292,-0.013781084781633424,0.004590214420935214,0.12404449332826016
2026-01-30 23:00:00,2714.64,2684.67,2702.05,-0.5090255591337285,-0.015208130747672355,-0.08045854137080644,-0.002095747277471961,0.29749977946388606,0.0,0.13128576959507623
2026-01-31 03:00:00,2706.47,2684.14,2692.9,-0.6082145024683223,-0.016505898499449834,-0.07247704214406692,-0.0021086014060451765,0.35539863582792863,0.0,0.13825194201639918
2026-01-31 07:00:00,2693.81,2609.85,2651.67,1.0085004294649234,-0.03195711651054922,-0.07423396898981571,-0.0021551551504298346,-0.13278301693675676,0.0,0.14919281739061532
2026-01-31 11:00:00,2651.67,2510.01,2538.69,2.969870685954428,-0.061650106015457395,-0.06022138229577445,-0.0022311444279082605,-0.12954348151567918,0.0,0.1725350958426609
2026-01-31 15:00:00,2554.89,2250.0,2381.08,5.0,-0.10676755531751614,-0.03854572122844124,-0.0024085646329548315,-0.09034076610571018,0.0,0.2159397453533218
2026-01-31 19:00:00,2433.66,2355.24,2419.59,2.1841895586366094,-0.11610338349607052,-0.03054987147291921,-0.0025073547180935753,-0.0671376553070222,0.0,0.23389545663963549
2026-01-31 23:00:00,2475.98,2416.94,2452.61,1.096131966650321,-0.09348544666547576,-0.015208130747672355,-0.002530947813421747,-0.2594350389115676,0.055209070499209985,0.2462041879166396
2026-02-01 03:00:00,2456.62,2408.17,2418.65,0.5880281252787031,-0.09653769584668792,-0.016505898499449834,-0.0026007940766658486,-0.4142751966640341,0.040584082577660927,0.2659916157615004
2026-02-01 07:00:00,2438.98,2376.1,2381.03,0.8943883031157817,-0.08901536376138819,-0.03195711651054922,-0.0026784906003057512,-0.20339775310440877,0.01405422410663739,0.28810248764010604
2026-02-01 11:00:00,2423.9,2326.96,2373.07,1.181308006965474,-0.0751311990957998,-0.061650106015457395,-0.0027630353654598165,-0.05246065335764816,0.0,0.3067819050341266
2026-02-01 15:00:00,2377.99,2284.17,2350.97,3.76527027370257,-0.041117080738249934,-0.10676755531751614,-0.002886318809087292,0.04685964359950945,0.0,0.3273593389381061
2026-02-01 19:00:00,2356.0,2279.16,2319.33,1.563643295232244,-0.03321074077227837,-0.11610338349607052,-0.0029481825152511774,0.06356975255856323,0.0,0.3500289179726802
2026-02-01 23:00:00,2324.17,2222.0,2262.27,3.2925125860551385,-0.07139143159588246,-0.09348544666547576,-0.0030525265438028394,0.10533916531282661,0.0,0.3798263243180876
2026-02-02 03:00:00,2268.0,2157.14,2227.44,4.768087991928873,-0.09451979786337039,-0.09653769584668792,-0.003251629385503656,0.43587311045929966,0.0,0.407736277193093
2026-02-02 07:00:00,2319.0,2217.57,2277.8,1.7428500342364142,-0.061977537657570525,-0.08901536376138819,-0.0033012549185048377,0.41792097042590703,0.0473055479244507,0.41481508949104196
2026-02-02 11:00:00,2367.68,2273.5,2328.94,2.4745054119959153,-0.028480547466969375,-0.0751311990957998,-0.00332244037093691,0.17444733541754842,0.09211527609376038,0.4173541358717202
2026-02-02 15:00:00,2396.62,2320.0,2345.22,1.5495743914670383,0.018376552587655803,-0.041117080738249934,-0.003315377799175865,-0.0702810916826625,0.1344831206255848,0.42268976144665016
2026-02-02 19:00:00,2354.99,2313.33,2351.29,-0.04854817474954685,0.007833463811679708,-0.03321074077227837,-0.003393117609230284,0.01376344648176242,0.11111142506714944,0.42928035444104257
2026-02-02 23:00:00,2359.88,2297.13,2298.72,0.01492946528973567,0.027484729873261005,-0.07139143159588246,-0.0034332937642573467,-0.10814802369547916,0.11349552838261937,0.44867703312413737
2026-02-03 03:00:00,2354.99,2284.48,2320.48,0.9943575399974397,0.056200990809989415,-0.09451979786337039,-0.0034902442056501796,0.21185868214767978,0.10651263517111098,0.45185945140078954
2026-02-03 07:00:00,2333.61,2262.15,2281.79,0.5015002068532832,0.01877685846001098,-0.061977537657570525,-0.0035844989359767165,-0.0432040534137792,0.08377987251594012,0.46799226747466316
2026-02-03 11:00:00,2317.65,2255.02,2257.2,0.9154768200133528,-0.010437590676575903,-0.028480547466969375,-0.003680953960820588,-0.015408312767908217,0.07137239660781228,0.4819212820628283
2026-02-03 15:00:00,2313.43,2110.0,2120.65,4.911890161266572,-0.06421603322786251,0.018376552587655803,-0.003896200262000014,0.13010674214143414,0.004144330734719088,0.5291540884019021
2026-02-03 19:00:00,2343.82,2112.08,2236.38,3.51291619888759,-0.03660148965024146,0.007833463811679708,-0.003958940672181414,-0.046107458502257614,0.03767710125297376,0.5092141453430822
2026-02-03 23:00:00,2281.82,2212.84,2251.82,0.41871535044431457,-0.03878636857888096,0.027484729873261005,-0.00408647893648558,0.10780429191817587,0.03558516618754044,0.5116740285336097
2026-02-04 03:00:00,2295.74,2249.14,2277.54,-0.10646188208326167,-0.02375846954461691,0.056200990809989415,-0.0041629846761908895,-0.16937383739237688,0.05895478777013502,0.5100807257087576
2026-02-04 07:00:00,2293.99,2250.58,2260.74,-0.0064756838950456395,-0.013207864474759967,0.01877685846001098,-0.004262218865115632,-0.18364776772794866,0.05764165296947242,0.5179333749790797
2026-02-04 11:00:00,2267.32,2168.82,2171.87,2.476343183315527,-0.028949892688721945,-0.010437590676575903,-0.004457390516067018,-0.20464616899846255,0.014440070247826887,0.5468883909085888
2026-02-04 15:00:00,2197.26,2076.68,2147.97,5.0,-0.03505287712114458,-0.06421603322786251,-0.0047689929960482115,0.06031070107345138,0.0,0.5631750401243515
2026-02-04 19:00:00,2194.71,2088.01,2120.16,1.2821396312891793,-0.04376889098293468,-0.03660148965024146,-0.004886672241521467,0.017566089508124216,0.014598830840091663,0.5821537728722733
2026-02-04 23:00:00,2173.77,2113.32,2124.31,0.5643074491229881,-0.044731161237014816,-0.03878636857888096,-0.005007208357592919,0.06401902102518342,0.010967244046111992,0.589983636134057
2026-02-05 03:00:00,2136.68,2068.2,2087.57,1.8536596081666799,-0.07630788267750166,-0.02375846954461691,-0.005225110186949582,-0.014563678307418781,0.0,0.6095031638115703
2026-02-05 07:00:00,2149.75,2085.72,2097.72,0.8134001252782017,-0.06862352233454327,-0.013207864474759967,-0.005300178633358129,0.24430520413544232,0.012652670535974278,0.6137892738805788
2026-02-05 11:00:00,2106.51,2042.42,2046.6,2.2437015907611135,-0.06820053873946208,-0.028949892688721945,-0.005523658619953755,0.355370435283751,0.0,0.6370128808479926
2026-02-05 15:00:00,2054.16,1913.76,1950.3,4.711579959942657,-0.07704073892799668,-0.03505287712114458,-0.005947190704451992,-0.07173625537634176,0.0,0.6805158076433481
2026-02-05 19:00:00,1953.81,1818.18,1870.79,4.0618846094919405,-0.12603520521502287,-0.04376889098293468,-0.006421456636494889,-0.04804484307558432,0.0,0.7255564535984927
2026-02-05 23:00:00,1947.84,1747.8,1907.49,3.634388023195106,-0.13695763199849875,-0.044731161237014816,-0.006740317036290435,0.01801109200741724,0.0,0.7220055941037357
2026-02-06 03:00:00,1975.75,1879.24,1908.32,1.1332970774580924,-0.08616211242939686,-0.07630788267750166,-0.006716446097981489,0.06786723664620697,0.04426922497308542,0.7307987903410806
2026-02-06 07:00:00,1934.98,1866.13,1926.94,2.889255746180333,-0.10156437195639367,-0.06862352233454327,-0.0069488661216695995,0.19435385637391644,0.032446797309856994,0.7309866762264642
2026-02-06 11:00:00,2002.18,1914.88,1978.88,1.9151621417031786,-0.05836592071588209,-0.06820053873946208,-0.0069532675091339554,0.11939286194867704,0.06424324941652167,0.7140191496427613
2026-02-06 15:00:00,2090.13,1961.24,2044.61,2.856295635384321,0.031134527314565563,-0.07704073892799668,-0.006821674461341926,0.15032761580792386,0.11694469937466882,0.686320498452145
2026-02-06 19:00:00,2093.94,2033.37,2075.1,1.2254639324216734,0.09646701429903914,-0.12603520521502287,-0.006796921666600531,0.2020000116498777,0.1375984136206396,0.66686582604589
2026-02-06 23:00:00,2087.98,2032.6,2059.39,0.383587801537999,0.10981027301356483,-0.13695763199849875,-0.006877032101330258,0.04751115604700096,0.13411036744761784,0.6620013918563069
2026-02-07 03:00:00,2119.46,2047.2,2047.73,0.22543596050317416,0.08679471839740582,-0.08616211242939686,-0.006832328993077031,-0.0037691078538504286,0.15411322309653422,0.6543013462388054
2026-02-07 07:00:00,2055.7,1994.57,2010.68,0.39251522741077377,0.061900018280200086,-0.10156437195639367,-0.007090392317591383,-0.3324891091304589,0.11005322895115689,0.6534831406084387
2026-02-07 11:00:00,2075.21,2007.05,2020.41,0.42349386411516976,0.04566466501375821,-0.05836592071588209,-0.007075483817122887,-0.0849734654287998,0.12294676910186482,0.6359828811347498
2026-02-07 15:00:00,2121.7,2009.54,2097.1,3.406229801251837,0.014903174961264032,0.031134527314565563,-0.007038675984141607,-0.15002899723340024,0.1368886695482497,0.5943847886919414
2026-02-07 19:00:00,2115.0,2083.74,2088.58,-0.28994907116559876,0.017886138547329455,0.09646701429903914,-0.006927254538772078,-0.3525374386422493,0.16190370923229597,0.5762682376839874
2026-02-07 23:00:00,2107.44,2073.0,2088.84,-0.4604917987582865,0.015564813626637752,0.10981027301356483,-0.006955082482649919,-0.1387011055428885,0.1552069469452249,0.5577236908207482
2026-02-08 03:00:00,2093.29,2064.91,2079.3,-0.3845348980362163,-0.002191503747027257,0.08679471839740582,-0.0069658897103767265,-0.0973148534255448,0.15109901820473645,0.5401179549558871
2026-02-08 07:00:00,2124.55,2064.1,2096.08,-0.1427279430102832,0.03685152226942057,0.061900018280200086,-0.0069150419727397215,0.09564783337100713,0.15911531371207555,0.5139812675838329
2026-02-08 11:00:00,2145.26,2094.45,2128.62,-0.15492673403685994,0.04337083544569165,0.04566466501375821,-0.006785541070578163,-0.09931575925097202,0.1812475115597006,0.4868130203259836
2026-02-08 15:00:00,2130.78,2072.8,2109.47,-0.324163613529983,0.020794369882027208,0.014903174961264032,-0.006821921301319131,-0.049463809934619074,0.16513117308780328,0.47804646867382083
2026-02-08 19:00:00,2129.73,2090.0,2108.43,-0.5664637550635064,0.0045425969862129545,0.017886138547329455,-0.006791302734133807,0.2043498581288734,0.16818700821693697,0.4598627386442846
2026-02-08 23:00:00,2152.03,2055.01,2081.29,0.19598849164787108,0.0023038016327252553,0.015564813626637752,-0.0068401295133216165,0.168543031153787,0.15837812661692371,0.4519876507730333
2026-02-09 03:00:00,2103.02,2072.43,2081.43,-0.4348008197801463,0.0031442572268980395,-0.002191503747027257,-0.006840229155485397,0.1722665486173791,0.1554141674221505,0.4378819818878128
2026-02-09 07:00:00,2087.7,2013.25,2022.7,-0.048013851388288405,-0.02245227975541797,0.03685152226942057,-0.006950339263486272,-0.011678943817659215,0.12812203080933116,0.4348147335379262
2026-02-09 11:00:00,2050.17,2008.62,2043.7,-0.08840696432209794,-0.04533914542527062,0.04337083544569165,-0.0069698565816431095,0.047111383550604735,0.11765758540298539,0.4121075828627351
2026-02-09 15:00:00,2143.0,2032.1,2130.67,0.37969437606582673,-0.004388030084619965,0.020794369882027208,-0.0067266111077683354,0.12834116381288796,0.15904750811273052,0.37385375257259895
2026-02-09 19:00:00,2147.73,2089.0,2115.22,-0.09497307687105017,0.006130320381174004,0.0045425969862129545,-0.0065688859194355095,0.09432586088943373,0.17670495743915768,0.35556420130298017
2026-02-09 23:00:00,2124.71,2096.4,2108.18,-0.6336350876295832,0.00832471201629792,0.0023038016327252553,-0.00650534559899141,-0.04622866847771856,0.1698634800280694,0.33410006214058274
2026-02-10 03:00:00,2110.7,1997.59,2008.79,0.62233314630011,-0.02515618072894088,0.0031442572268980395,-0.006636795422815829,-0.05921064267016041,0.12078150754226377,0.327258296036816
2026-02-10 07:00:00,2029.98,1995.83,2014.01,0.1992505404211128,-0.01730452721725051,-0.02245227975541797,-0.006628784576307736,-0.10145325552645612,0.10477106536833403,0.304052658454232
2026-02-10 11:00:00,2040.01,1989.38,2009.8,-0.22819590623570649,-0.009081432536476641,-0.04533914542527062,-0.0065480491627154,-0.013516583156077178,0.1054980084229379,0.2908029780012614
2026-02-10 15:00:00,2046.94,1996.18,2009.44,-0.27115813815759604,-0.033799648612841904,-0.004388030084619965,-0.00642678185389164,-0.04434141014831916,0.11239253023852679,0.2869706626476189
2026-02-10 19:00:00,2025.72,1997.0,2017.95,-0.7194453139866486,-0.05150196257404638,0.006130320381174004,-0.0063470091854979285,0.03576793214197593,0.10470538945412466,0.27865994889762713
2026-02-10 23:00:00,2032.31,2012.64,2017.85,-0.7510688758028464,-0.041613854369865644,0.00832471201629792,-0.006169257948604947,-0.12546772131993322,0.11197215382490824,0.2682603130047468
2026-02-11 03:00:00,2021.38,1939.21,1949.19,-0.15592137153463687,-0.030345029179853378,-0.02515618072894088,-0.0061533782308907745,-0.14608266182354568,0.08005625898663717,0.27104508651126313
2026-02-11 07:00:00,1958.57,1932.02,1939.3,-0.5321064081733108,-0.03208523430690313,-0.01730452721725051,-0.006087286955246621,0.3168315107317754,0.06222403304435764,0.267898859429644
2026-02-11 11:00:00,2015.81,1936.75,1943.3,0.16383093321013387,-0.022450140275176778,-0.009081432536476641,-0.005872159219687989,0.017621069609386808,0.07571139489849511,0.26225515196767263
2026-02-11 15:00:00,1956.34,1903.19,1944.03,0.2692828505942494,-0.04652255968886121,-0.033799648612841904,-0.00580611784972283,-0.036095293794247585,0.05034612923345465,0.2576649528652991
2026-02-11 19:00:00,1988.07,1938.28,1951.47,-0.46360620227583155,-0.02656619504530844,-0.05150196257404638,-0.005554920008360103,0.029640477413418465,0.07003113135004696,0.25315413691411687
2026-02-11 23:00:00,1977.75,1932.44,1958.69,-0.6071773754326806,-0.03204937762519311,-0.041613854369865644,-0.005364089319801928,0.1850824243752398,0.06979243372566199,0.2509404874404448
2026-02-12 03:00:00,1983.0,1953.14,1975.06,-0.5912240644397692,-0.0027619966155840725,-0.030345029179853378,-0.00514570980493782,0.08493653253052602,0.07706990292103812,0.24812521878098281
2026-02-12 07:00:00,1995.73,1957.25,1994.15,-0.5140177797775196,0.014153189898364227,-0.03208523430690313,-0.004939676273063337,-0.11491817423395723,0.08102906807331095,0.24181371268216303
2026-02-12 11:00:00,2001.42,1973.41,1978.5,-0.4626462370759945,0.009681801042811022,-0.022450140275176778,-0.004709569367792088,-0.024822973313161856,0.08948694680757756,0.236380406232261
2026-02-12 15:00:00,1984.81,1897.24,1918.65,0.3802106559273737,-0.0015589000801197184,-0.04652255968886121,-0.0046502030174577725,0.0233997620677302,0.04903125792438589,0.2362480347041888
2026-02-12 19:00:00,1945.8,1909.66,1942.97,-0.5274082421709,-0.015664333474515568,-0.02656619504530844,-0.004501929621387741,0.016397796777051,0.049939486186229065,0.22307438456840753
2026-02-12 23:00:00,1954.54,1927.63,1948.3,-0.6584940951720442,-0.006870847116482337,-0.03204937762519311,-0.004318182096858042,-0.08202529226296129,0.061208074314445596,0.21535290191176223
2026-02-13 03:00:00,1958.21,1924.72,1936.57,-0.6485736733059904,-0.012542812731873743,-0.0027619966155840725,-0.0041808097940357935,-0.12812136151529963,0.06101508672631748,0.20705019886977774
2026-02-13 07:00:00,1969.26,1932.78,1959.4,-0.45672512274876015,-0.01080367909198221,0.014153189898364227,-0.004016706969060603,0.106124349684251,0.06724232518562451,0.1965466644089735
2026-02-13 11:00:00,2002.21,1945.84,1990.86,-0.15839832223922276,-0.005654214185229378,0.009681801042811022,-0.0038208846419866813,0.07678054189001915,0.08198021958820305,0.1857895318202612
2026-02-13 15:00:00,2073.68,1987.2,2057.4,0.2557846433256082,0.060787477861186545,-0.0015589000801197184,-0.0035270433759050667,0.09306849627475922,0.12727558342063694,0.17871022476747694
2026-02-13 19:00:00,2061.67,2038.69,2054.2,-0.6402851167071594,0.06499997060613394,-0.015664333474515568,-0.00332366503055805,-0.16472663812536803,0.1336650759565582,0.17193800684313654
2026-02-13 23:00:00,2057.57,2042.37,2050.22,-0.8201834853102297,0.05514518137785407,-0.006870847116482337,-0.0031267981971611057,-0.026519694736676258,0.13286125067758506,0.1633911973842427
2026-02-14 03:00:00,2058.0,2048.48,2053.68,-0.8604390789030066,0.05654959613767252,-0.012542812731873743,-0.0029220365037164967,0.12071349815634758,0.1344821832941888,0.1509498011129604
2026-02-14 07:00:00,2091.32,2050.69,2077.42,-0.6210909906521117,0.06182696233389873,-0.01080367909198221,-0.002689932288339004,0.03834131362673676,0.14795058756065457,0.13802907538574274
2026-02-14 11:00:00,2107.67,2064.58,2085.09,-0.4708884434371652,0.0551915595296637,-0.005654214185229378,-0.0024804514357048913,-0.10531208363451139,0.15484010473497148,0.133476845619743
2026-02-14 15:00:00,2093.73,2067.27,2085.39,-0.6378597455032339,0.018418048662076858,0.060787477861186545,-0.0023081002834431643,-0.011309992894957932,0.1524240047150247,0.1307790251791055
2026-02-14 19:00:00,2098.89,2078.56,2090.47,-0.7910745766195398,0.01741819387087795,0.06499997060613394,-0.0021841970480481632,0.07827333093980982,0.15755956626587184,0.12932519932813
2026-02-14 23:00:00,2093.01,2045.0,2059.58,-0.34622499232581055,0.006129079290427386,0.05514518137785407,-0.002096200514505909,-0.34718007041533416,0.14126426952241444,0.12911906230664683
2026-02-15 03:00:00,2096.11,2030.9,2085.85,0.8173861134284434,-0.0013492354033695086,0.05654959613767252,-0.0019792950112004224,-0.22911136590638204,0.1326301832792211,0.12744004524847655
2026-02-15 07:00:00,2103.32,2054.36,2061.57,-0.3306392821999876,0.003044801444427092,0.06182696233389873,-0.001830542734285782,-0.23185072703745013,0.1521709797798432,0.12793385847855931
2026-02-15 11:00:00,2068.63,1993.3,2010.32,-0.13667495591022386,-0.031161961504874047,0.0551915595296637,-0.0017561914133344867,-0.04134531076991488,0.11143189130953018,0.1310933166360917
2026-02-15 15:00:00,2015.07,1952.62,1959.24,0.6275500344397676,-0.0479993843848453,0.018418048662076858,-0.0016934968886058758,-0.3367183852588377,0.08567744809237106,0.1341915852354597
2026-02-15 19:00:00,1974.51,1928.88,1970.27,0.22483204761349881,-0.06916493678192004,0.01741819387087795,-0.0016668856552155816,-0.08332636181269015,0.0660549283984373,0.1279578283110803
2026-02-15 23:00:00,1981.2,1944.36,1957.0,-0.5619189424087467,-0.04836696048130096,0.006129079290427386,-0.0016050583106269787,0.7198674144281298,0.08143130686826468,0.1262793974650091
2026-02-16 03:00:00,1974.17,1948.76,1966.69,-0.7428341642508531,-0.04374703906358157,-0.0013492354033695086,-0.0015683817777426168,0.341260633898149,0.07937374249392572,0.12274853899338646
2026-02-16 07:00:00,1993.35,1964.32,1978.88,-0.6478074182832986,-0.04819466427360852,0.003044801444427092,-0.001543194608637055,0.2481637385876727,0.09303076722431758,0.11979696817595223
2026-02-16 11:00:00,2023.51,1954.97,1973.13,-0.2525860129702382,-0.017787562986655292,-0.031161961504874047,-0.0014959018822872775,0.08477435932598598,0.09583013206231644,0.1203162341905073
2026-02-16 15:00:00,1988.4,1937.24,1968.93,-0.32205682168767547,-0.006952510185859739,-0.0479993843848453,-0.0014361809477373975,0.3491458150192759,0.08428813133557612,0.12143199998676542
2026-02-16 19:00:00,2004.02,1966.22,1990.19,-0.6664313718818897,0.02207164620059765,-0.06916493678192004,-0.0013326254389746553,0.2675582320148111,0.10071914705925063,0.11976758763693998
2026-02-16 23:00:00,2008.58,1979.7,1998.59,-0.7151992934352837,0.017429311967477323,-0.04836696048130096,-0.001235571187455398,-0.1307784663025784,0.11236233367658999,0.11908630262354741
2026-02-17 03:00:00,1999.22,1964.72,1981.02,-0.6820720678553683,0.010925833493122594,-0.04374703906358157,-0.0011455974509623481,-0.17606648816206738,0.10391603742386334,0.12046498599878569
2026-02-17 07:00:00,1990.88,1961.71,1966.93,-0.6177196611158589,-0.0018593597463434364,-0.04819466427360852,-0.0010559811960608662,-0.07177781685889639,0.10094801945197986,0.1221608356256247
2026-02-17 11:00:00,2002.7,1944.3,1948.49,-0.28091860608454144,-0.005104613299434679,-0.017787562986655292,-0.0009748512871602862,-0.010645225251018187,0.10253268474592357,0.1248264077598592
2026-02-17 15:00:00,2010.47,1941.66,1998.69,0.07925724106377077,0.004852701649987301,-0.006952510185859739,-0.0008948423396874976,0.12583558620008262,0.10532085305999538,0.12012155738660943
2026-02-17 19:00:00,2015.33,1987.57,1993.92,-0.6100050378779307,0.006757880942376282,0.02207164620059765,-0.0008358799301258428,-0.14187639017829545,0.1254320372389284,0.1191490440933366
2026-02-17 23:00:00,1998.19,1968.68,1987.61,-0.6122980136738503,-0.0064756515954907945,0.017429311967477323,-0.0007640601910655939,-0.11779199964943599,0.11285126586896393,0.11824261505906065
2026-02-18 03:00:00,2008.62,1986.86,2002.06,-0.7804590777771632,0.008023012196856971,0.010925833493122594,-0.0006862153576597218,0.17293811189981878,0.12408719931222215,0.11622951758828508
2026-02-18 07:00:00,2039.05,1995.55,1997.27,-0.5523936351002378,0.020020375612678887,-0.0018593597463434364,-0.0005884234245321579,0.004618115931827482,0.13874708510706488,0.11456737329661487
2026-02-18 11:00:00,1998.3,1954.3,1974.66,-0.241377682720889,0.0010399657245023786,-0.005104613299434679,-0.0004972032374257983,-0.013698914433806442,0.10427612181539078,0.11207871070495176
2026-02-18 15:00:00,2010.3,1949.21,1952.62,-0.23098680494664733,0.00014799156921796452,0.004852701649987301,-0.00043009779645853763,-0.08062067579772947,0.10556936423486539,0.11111211390793638
2026-02-18 19:00:00,1961.57,1923.78,1948.24,-0.4538872275278498,-0.02911462998916714,0.006757880942376282,-0.00040630834068068004,0.08139234720215738,0.07595648670413856,0.10903738228269577
2026-02-18 23:00:00,1974.73,1944.62,1968.06,-0.764410135193062,-0.01291195701721537,-0.0064756515954907945,-0.00037680236869349633,0.4252604112973821,0.09107194968393797,0.10638568978540833
2026-02-19 03:00:00,1985.0,1963.14,1982.92,-0.7731500629199964,-0.012556802907853881,0.008023012196856971,-0.0003407742695568245,-0.0830353312168558,0.10276585391872434,0.10362271146308402
2026-02-19 07:00:00,1987.55,1957.45,1959.64,-0.7172997111641473,-0.021586289687480775,0.020020375612678887,-0.00031977129794292066,-0.17181790074572234,0.10177729480363568,0.10525191750393607
2026-02-19 11:00:00,1964.56,1911.49,1936.87,-0.30118282171838273,-0.019833639956226667,0.0010399657245023786,-0.0002961946716241009,-0.0720172545534159,0.07099169428797536,0.1071300732081753
2026-02-19 15:00:00,1947.78,1907.0,1939.99,-0.31053742243126026,-0.025691622365999645,0.00014799156921796452,-0.0003028250060766222,0.06523045579624442,0.06242095944814864,0.10187042862529255
2026-02-19 19:00:00,1952.57,1927.84,1943.96,-0.7289526487058009,0.0007285305051136781,-0.02911462998916714,-0.0003533796322303371,-0.09202393504451833,0.07715846066270893,0.09722089490720237
2026-02-19 23:00:00,1964.54,1942.29,1949.69,-0.8174584143950249,-0.002784630377883568,-0.01291195701721537,-0.00043553666072334495,-0.16587075629956594,0.0864356060637747,0.09239277279218429
2026-02-20 03:00:00,1965.5,1931.01,1958.47,-0.6162613505616105,-0.011695305097026987,-0.012556802907853881,-0.0005287268504648705,0.06953402700676792,0.08315668417885229,0.09219239427453069
2026-02-20 07:00:00,1973.86,1956.55,1957.54,-0.5770467420854901,-0.003699850672641336,-0.021586289687480775,-0.0005897249197877903,0.043267575934948566,0.09557752289300882,0.09234443065420213
2026-02-20 11:00:00,1957.58,1922.97,1943.7,-0.36356831436160164,0.003805529512118433,-0.019833639956226667,-0.0006638623437368844,0.10532586304771052,0.0772513947802746,0.09353627372119597
2026-02-20 15:00:00,1981.18,1935.4,1975.56,0.24221369880219443,0.018435662643049078,-0.025691622365999645,-0.0007134567119968718,-0.03926816864975724,0.09258770107639583,0.0918721453239552
2026-02-20 19:00:00,1978.15,1961.6,1971.4,-0.8039827439599838,0.013328264875370754,0.0007285305051136781,-0.0007234318649741077,0.047157312861688006,0.09916426330909729,0.09175058107248046
2026-02-20 23:00:00,1973.27,1961.47,1965.69,-0.8862426084706564,0.006477485734700528,-0.002784630377883568,-0.0007193624489098961,0.09064542226428074,0.09719043453141127,0.09174446288867968
2026-02-21 03:00:00,1966.09,1955.62,1961.5,-0.8978488360049252,0.005557544948906035,-0.011695305097026987,-0.0007188743568516731,0.19062461348797166,0.09236587543443787,0.09166398579523392
2026-02-21 07:00:00,1977.66,1960.0,1974.17,-0.8072260294847913,0.0026642022798575304,-0.003699850672641336,-0.0007012799755099622,0.17321709070753455,0.10002536034093185,0.09031986941079427
2026-02-21 11:00:00,1995.56,1969.49,1987.52,-0.5870008350074808,0.02047976518106176,0.003805529512118433,-0.0007063770709648364,-0.024638899434092365,0.11106667698732031,0.08902576984983639
2026-02-21 15:00:00,1995.31,1976.41,1991.97,-0.7109737984452419,0.013228887151741198,0.018435662643049078,-0.0007000920167530874,0.13542599564781788,0.1146335365380186,0.08814501257903398
2026-02-21 19:00:00,1994.77,1970.0,1974.4,-0.8213745146403129,0.006272143412558995,0.013328264875370754,-0.0006858194841204327,-0.02726370854979665,0.10965798967553012,0.08849658696030124
2026-02-21 23:00:00,1982.99,1967.75,1972.23,-0.8875954035309566,0.003969890626119188,0.006477485734700528,-0.0006570161611631673,0.025471259928772305,0.10382449810549373,0.08836083357571874
2026-02-22 03:00:00,1979.54,1967.4,1976.05,-0.9070132160757591,0.006471385219676495,0.005557544948906035,-0.0006322367781089708,0.02039554052935144,0.10314895203069895,0.08818075958489535
2026-02-22 07:00:00,1980.01,1970.58,1977.5,-0.9202911453381185,0.002820454347743917,0.0026642022798575304,-0.0006085066987410962,-0.09795875858089331,0.10474660270837173,0.08813543242387531
2026-02-22 11:00:00,1983.13,1943.53,1950.64,-0.6405800247234981,-0.01119900158795395,0.02047976518106176,-0.0005825328194771338,-0.04681860907124502,0.09219668362918747,0.08984456685570069
2026-02-22 15:00:00,1958.72,1935.0,1942.95,-0.7407923318008873,-0.020279812339943026,0.013228887151741198,-0.000546224275592955,-0.19779490437465796,0.08039030479625961,0.08910786030325228
2026-02-22 19:00:00,1960.89,1939.81,1958.54,-0.8954970241206042,-0.016406519656161467,0.006272143412558995,-0.0005203118285862731,0.22036120495796419,0.08203659083569619,0.08794316738556605
2026-02-22 23:00:00,1960.95,1847.46,1863.24,0.3220133340944351,-0.04317872662094102,0.003969890626119188,-0.0005059168474625404,-0.0636769153907717,0.031382302245940664,0.09808272184801153
2026-02-23 03:00:00,1883.2,1853.34,1879.52,-0.5013622015545067,-0.05394877746899385,0.006471385219676495,-0.0005126724105517545,-0.03523244681143611,0.012673975907211501,0.10066006279752816
2026-02-23 07:00:00,1928.19,1876.93,1913.94,-0.3887691864899682,-0.03887974261102389,0.002820454347743917,-0.0005145449351496133,0.2126892044545643,0.03948108520823949,0.10046886273414594
2026-02-23 11:00:00,1935.52,1895.0,1906.92,-0.2946290517236038,-0.02316841035174888,-0.01119900158795395,-0.0005228056111806534,-0.09156559927547137,0.05359577088169821,0.10296706004513664
2026-02-23 15:00:00,1913.23,1837.13,1857.75,-0.0226857505655146,-0.03721829011841071,-0.020279812339943026,-0.0005454638454190098,-0.001058408405884781,0.01882028589007394,0.10913876898861463
2026-02-23 19:00:00,1870.0,1846.8,1859.93,-0.6201181154021862,-0.04648261084360594,-0.016406519656161467,-0.0005497358494163618,-0.12899352553350707,0.005064131875076346,0.11188241129915898
2026-02-23 23:00:00,1869.58,1811.81,1843.54,-0.44448205591666295,-0.023358530812494394,-0.04317872662094102,-0.0005456503278017402,-0.01688318071708894,0.0,0.11684968653699548
2026-02-24 03:00:00,1843.54,1813.77,1820.86,-0.4111617301755138,-0.021342635048717917,-0.05394877746899385,-0.0005508971720302547,-0.07444299536488552,0.0,0.12359781600472824
2026-02-24 07:00:00,1836.18,1815.22,1825.88,-0.4954829779894518,-0.038421947018089875,-0.03887974261102389,-0.0005916309541273688,-0.17278522908275307,0.0,0.12575595968061615
2026-02-24 11:00:00,1847.99,1800.0,1834.73,-0.1884671408390448,-0.049515570079429194,-0.02316841035174888,-0.000643608006682766,-0.017601744681113085,0.0,0.12559300545719732
2026-02-24 15:00:00,1865.38,1828.46,1855.08,-0.20984486833193305,-0.012574626790832988,-0.03721829011841071,-0.0006823494384244829,0.07320375042501848,0.02510557374565887,0.12251267603708
2026-02-24 19:00:00,1864.11,1845.41,1860.56,-0.7519190206796439,-0.0019687747170639147,-0.04648261084360594,-0.0007094787113904407,-0.046416239810631144,0.028185572805676948,0.11906234981834622
2026-02-24 23:00:00,1944.86,1846.74,1920.97,-0.1687451954216638,0.03103102714174555,-0.023358530812494394,-0.0007212513638000231,0.09209385532930048,0.06769886146921068,0.111863871060565
2026-02-25 03:00:00,1922.81,1878.02,1885.05,-0.5150249449103779,0.04011449554107904,-0.021342635048717917,-0.0007237305031906743,-0.042059265807625756,0.06629999020731558,0.10897516966807079
2026-02-25 07:00:00,1923.43,1882.44,1912.61,-0.6483863186634995,0.04345766281668362,-0.038421947018089875,-0.0007451974695470908,0.13871781090322544,0.07001284253438671,0.10309501572494752
2026-02-25 11:00:00,2001.65,1907.76,1997.38,-0.016602442448469583,0.0762223478981865,-0.049515570079429194,-0.0007563351621355,0.2869809929169971,0.11628198373060883,0.09819083565923512
2026-02-25 15:00:00,2086.17,1986.72,2074.12,0.5046601416841346,0.10272952269389113,-0.012574626790832988,-0.0007251839129379023,-0.0054890554457401874,0.1847598144622127,0.09985961184171992
2026-02-25 19:00:00,2148.39,2058.37,2083.15,0.3032137571070501,0.12794470005375147,-0.0019687747170639147,-0.0006896249769187337,0.015785251124500244,0.23317826689672705,0.10490208163609517
2026-02-25 23:00:00,2087.0,2034.39,2053.28,-0.34382653993154183,0.0820816266635831,0.03103102714174555,-0.0006508005357890147,-0.08159541486051336,0.20972647331990069,0.10963758520755164
2026-02-26 03:00:00,2082.81,2047.35,2062.54,-0.5633204837765186,0.08661282209045362,0.04011449554107904,-0.0006138676452734995,0.1837136484616646,0.2163883204970018,0.11266365909258855
2026-02-26 07:00:00,2083.33,2044.36,2065.31,-0.5473972408346204,0.08215557802492368,0.04345766281668362,-0.0005737458669470494,-0.02019444839105,0.21961821985501012,0.1158723212041214
2026-02-26 11:00:00,2077.81,2034.63,2051.19,-0.471605667937966,0.05151656725169884,0.0762223478981865,-0.0005328591274974326,-0.04708845596605671,0.24071855800280031,0.119166688716205
2026-02-26 15:00:00,2053.43,1975.35,2004.23,0.21957288495331678,-0.015439762286576952,0.10272952269389113,-0.0005003469673513022,0.02186042982655545,0.1936813846909835,0.12258232858577235
2026-02-26 19:00:00,2042.75,2003.58,2033.29,-0.6030118494480794,-0.030963863693675653,0.12794470005375147,-0.0004978997876056366,0.08146948573465185,0.22366675662643082,0.12214510768235316
2026-02-26 23:00:00,2034.52,2000.02,2026.0,-0.6197068222218169,-0.01953322285862058,0.0820816266635831,-0.0004949124920109835,-0.012281971804173675,0.21443856772796185,0.12341593048522542
2026-02-27 03:00:00,2063.52,2019.5,2035.91,-0.6024089961954906,-0.010635201803371741,0.08661282209045362,-0.0004812693808553064,-0.18287387342178052,0.24157611584373961,0.12432493890555354
2026-02-27 07:00:00,2045.93,1978.39,1980.8,-0.3480098681818553,-0.022500496039053575,0.08215557802492368,-0.0004707139536847361,-0.10989049978442145,0.21117240680351118,0.12790971018849548
2026-02-27 11:00:00,1984.12,1938.82,1942.95,-0.09065473359159859,-0.04926801407759418,0.05151656725169884,-0.00047552249904214775,0.030195138425716417,0.15523431324378187,0.13043638480174577
2026-02-27 15:00:00,1959.24,1907.48,1918.02,-0.31396992674271534,-0.03732954420535972,-0.015439762286576952,-0.00048800026396716506,0.09577482178504226,0.12800479679681037,0.13204557302108327
2026-02-27 19:00:00,1933.64,1887.0,1921.4,-0.6168699192494899,-0.05549349139671922,-0.030963863693675653,-0.0004796609973176541,-0.06402394059123973,0.10669141049709499,0.1317123686502743
2026-02-27 23:00:00,1937.17,1919.8,1930.36,-0.8378274693675126,-0.04411652274861344,-0.01953322285862058,-0.00046597522637362317,0.13724451685239214,0.1242191219918076,0.1309451104482546
2026-02-28 03:00:00,1931.62,1835.36,1842.45,-0.21277456933746225,-0.07931293327815037,-0.010635201803371741,-0.00046009097752899256,-0.035950105041885894,0.07364081834869712,0.13995526569157835
2026-02-28 07:00:00,1885.0,1835.55,1865.09,-0.21382444957083302,-0.0768835869607234,-0.022500496039053575,-0.0004665247972207572,0.16677848055866673,0.05285675159508933,0.13964050503892267
2026-02-28 11:00:00,1915.95,1861.68,1887.75,-0.2704792312804276,-0.03599993034299376,-0.04926801407759418,-0.0004591591111925414,-0.025196178804037905,0.10756500061617631,0.13876794211958327
2026-02-28 15:00:00,1947.0,1873.83,1936.08,-0.4338315578508094,-0.01474936814613581,-0.03732954420535972,-0.00043520125477448343,-0.061136853058816665,0.135758701068036,0.13532871653477685
2026-02-28 19:00:00,1984.99,1920.38,1965.48,-0.22897040471461505,0.021815303608977432,-0.05549349139671922,-0.0003967500188042078,0.0260090039355656,0.21590651108269462,0.1333924646177162
2026-02-28 23:00:00,2054.8,1943.58,2033.05,0.02481790326012942,0.04189229980774578,-0.04411652274861344,-0.0003335183062066631,-0.09282231035439803,0.30819804777698273,0.13069022720317622
2026-03-01 03:00:00,2039.25,1989.0,1998.41,-0.3873597567892442,0.06963339025990711,-0.07931293327815037,-0.00026725965104161276,-0.004474595976313167,0.32540475230860116,0.13328860343805715
2026-03-01 07:00:00,2010.18,1972.24,1984.81,-0.5018800419774387,0.07047164045488863,-0.0768835869607234,-0.00020758383013201338,-0.10097695909484206,0.30531569913611845,0.134503272197904
2026-03-01 11:00:00,2028.0,1968.6,2000.1,-0.4067931128342185,0.058850437385433274,-0.03599993034299376,-0.0001403181199801379,-0.03830977136041891,0.3303335019520194,0.13408035912080224
2026-03-01 15:00:00,2016.23,1953.3,1975.82,-0.1725043058195139,0.04090279108916506,-0.01474936814613581,-9.663611181927583e-05,-0.03370304395754531,0.30184059827934023,0.13586523093128688
2026-03-01 19:00:00,1976.37,1907.41,1924.86,-0.09761787142973752,-0.010464097320818766,0.021815303608977432,-7.676586964808323e-05,-0.0916210973636028,0.21316550010648558,0.13962399147842558
2026-03-01 23:00:00,1989.23,1918.7,1955.63,-0.37283908813207645,-0.027886190746669315,0.04189229980774578,-9.091492799201647e-05,-0.010231914165034328,0.2466158104968571,0.1374339174503469
2026-03-02 03:00:00,1983.6,1937.55,1943.31,-0.5179083094682334,-0.023681128044044097,0.06963339025990711,-8.85211285793838e-05,0.051122878498752744,0.26616899260178417,0.13830112577605483
2026-03-02 07:00:00,1967.13,1920.0,1952.25,-0.3952595331828828,-0.02400327111597189,0.07047164045488863,-8.412106509094014e-05,0.05356655285749645,0.2274363919735555,0.13765496465510965
2026-03-02 11:00:00,1985.48,1921.7,1979.75,-0.11596214880466811,-0.026000272341446085,0.058850437385433274,-7.943494072807187e-05,0.061981496813727555,0.23429740172200383,0.135949736823557
2026-03-02 15:00:00,2090.0,1974.36,2029.4,0.9059296487381194,0.02966364248129638,0.04090279108916506,-6.810017938098713e-05,0.08367353216630757,0.42996174495983447,0.1339872642007087
2026-03-02 19:00:00,2058.59,2017.15,2053.82,-0.411276791534394,0.05381531256772143,-0.010464097320818766,-2.7811332350143674e-05,0.06617084418923036,0.4248015986528072,0.13478466051638635
2026-03-02 23:00:00,2055.75,1998.0,2013.67,-0.07262233536186805,0.03750913912429543,-0.027886190746669315,1.9180344579519523e-05,0.11342880013695855,0.40646187420908714,0.13831568233519084
2026-03-03 03:00:00,2019.4,1987.5,1999.27,-0.5313906563426076,0.0184232676871805,-0.023681128044044097,6.628661715686182e-05,0.07269717478507176,0.37377753969681915,0.13979378470934156
2026-03-03 07:00:00,2003.49,1939.1,1958.05,-0.1417786761721072,0.011398087759779685,-0.02400327111597189,9.667894681550883e-05,-0.006026353994211031,0.31048885573657387,0.14264247857686604
2026-03-03 11:00:00,1990.07,1929.56,1942.78,0.062321961304694154,0.005086670909177027,-0.026000272341446085,0.00010840480140044815,-0.01995253019151344,0.30156076474118704,0.14350999164841266
2026-03-03 15:00:00,2014.12,1932.04,1988.2,0.24779422771669832,-0.033521576288676136,0.02966364248129638,0.0001138154089116468,-0.03079645393242092,0.33911751379651606,0.14016388312567662
2026-03-03 19:00:00,1994.37,1959.35,1983.31,-0.5898536416558702,-0.029144770901081474,0.05381531256772143,0.000128586673854034,-0.12835682316363262,0.3531258438464772,0.14062046687710378
2026-03-03 23:00:00,2001.63,1961.88,1979.24,-0.543547753851273,-0.022658223189775617,0.03750913912429543,0.00015666298888354413,-0.21383569806649516,0.35475988583751833,0.14098588295827436
2026-03-04 03:00:00,1986.49,1945.08,1980.33,-0.45211145088113075,-0.018589968861750017,0.0184232676871805,0.0001804869135176322,-0.022314229772579353,0.31662389236200006,0.14095974977694703
2026-03-04 07:00:00,2092.9,1974.64,2072.34,0.7091796341011444,0.043799625740901904,0.011398087759779685,0.00019246587849138964,0.04412330466441694,0.5761004954254908,0.13779620930189831
2026-03-04 11:00:00,2110.0,2036.37,2080.0,0.4346936544822142,0.05625351415848767,0.005086670909177027,0.0002540330021611019,0.04031325425702881,0.7475226827012116,0.1407270204209121
2026-03-04 15:00:00,2165.75,2079.09,2163.18,1.1900314867536455,0.08197384228675375,-0.033521576288676136,0.00029623076456455243,-0.0016851698003251814,0.955777749633271,0.14388915036757619
2026-03-04 19:00:00,2199.0,2127.42,2132.11,-0.06238179428625814,0.09472897334635833,-0.029144770901081474,0.00036786187605475243,0.07804087855370478,0.9999999999712442,0.1517419843404874
2026-03-04 23:00:00,2141.93,2107.57,2121.85,-0.41910113478533917,0.0726582398336264,-0.022658223189775617,0.0004499210332126347,-0.12501627867814524,0.8765731363469956,0.15514654701446523
2026-03-05 03:00:00,2144.2,2107.5,2128.23,-0.5920017235473699,0.08174206285998586,-0.018589968861750017,0.0005129227362247022,-0.0076311909387843935,0.8730383036039272,0.15787113823825316
2026-03-05 07:00:00,2163.66,2093.63,2156.15,-0.2468841574041399,0.03478131279912766,0.043799625740901904,0.000579404787081032,0.06568891270425037,0.8705883789067307,0.1612237657013699
2026-03-05 11:00:00,2159.31,2096.73,2119.17,-0.19259942760232998,0.02753342211593046,0.05625351415848767,0.0006431241450919248,-0.08101803063750745,0.8735251259776745,0.16673149312713245
2026-03-05 15:00:00,2121.93,2054.75,2076.59,0.37377024039237905,-0.02766738328909757,0.08197384228675375,0.0007071381536093224,-0.12091201784727679,0.7376241752405126,0.16895704365526254
2026-03-05 19:00:00,2099.36,2070.09,2080.11,-0.48776393372665167,-0.03859593017211882,0.09472897334635833,0.0007287346165786465,0.045098667238189005,0.7593371661068549,0.16739742757680684
2026-03-05 23:00:00,2093.33,2061.79,2083.89,-0.7191191207322605,-0.022280565089414672,0.0726582398336264,0.0007640412675302739,0.1569129462841372,0.7403938987741621,0.16477344732430288
2026-03-06 03:00:00,2088.75,2058.84,2074.03,-0.6640735659402559,-0.024036230704697292,0.08174206285998586,0.0007994140383867894,-0.02284148732880975,0.7262133684554064,0.16105763410507906
2026-03-06 07:00:00,2087.66,2045.79,2063.4,-0.5440968726984304,-0.02624679945359376,0.03478131279912766,0.0008303708494231014,-0.09127055553778185,0.7103245221959136,0.15686308495543164
2026-03-06 11:00:00,2067.34,1972.0,1981.55,1.0124480060924936,-0.04881347279865722,0.02753342211593046,0.0008818491229498571,-0.10288340403190555,0.5753250358370451,0.15748705642647357
2026-03-06 15:00:00,1998.0,1955.95,1974.62,0.34525168813451057,-0.04868556494420917,-0.02766738328909757,0.0009042950786435378,0.1912568211180119,0.44682188503753173,0.15333277081101876
2026-03-06 19:00:00,1993.3,1969.26,1987.22,-0.8675636305744382,-0.04986349771184673,-0.03859593017211882,0.0008927265117482907,0.021890171686548054,0.460416315289314,0.14765505664646736
2026-03-06 23:00:00,1987.75,1971.79,1983.52,-1.0274472501567256,-0.047293062135693065,-0.022280565089414672,0.0008889468635406037,0.1333843827413259,0.45777813669460254,0.14633715385984916
2026-03-07 03:00:00,1996.04,1964.34,1971.76,-0.8387264021298128,-0.04604458724398863,-0.024036230704697292,0.0008841775752674889,0.07599068625474659,0.45171122896480137,0.14390829443820793
2026-03-07 07:00:00,1989.42,1967.07,1984.36,-0.7223354723358348,-0.04215580914735462,-0.02624679945359376,0.0008737355878476236,-0.06041769048428536,0.4596757597897511,0.14088136562805756
2026-03-07 11:00:00,1994.98,1970.47,1987.0,-0.9030973346347141,-0.01844467413231221,-0.04881347279865722,0.0008681613405300101,0.15239709564812354,0.46814725979438404,0.14078286666314
2026-03-07 15:00:00,1987.41,1965.78,1971.23,-1.2038656251827664,0.0006195979848273581,-0.04868556494420917,0.0008733920085805247,-0.10742809285702937,0.45034260669542664,0.14120284934291505
2026-03-07 19:00:00,1971.73,1948.09,1966.46,-1.012199960211112,-0.009721866964098824,-0.04986349771184673,0.0008821247972796969,-0.14388501269308285,0.405041900758455,0.14050764950212843
2026-03-07 23:00:00,1977.35,1935.73,1942.34,-0.5809283708372618,-0.011866538385779668,-0.047293062135693065,0.0008769333160869142,-0.17288498787331996,0.39021927533429185,0.1426563584810961
2026-03-08 03:00:00,1953.37,1930.0,1948.05,-0.4425482302343524,-0.016812604373774853,-0.04604458724398863,0.0008696651845783163,-0.2140017815837335,0.35609530644150866,0.1421145633640144
2026-03-08 07:00:00,1979.8,1947.19,1974.18,-0.22938984671045523,-0.00710881946431452,-0.04215580914735462,0.0008422512778427096,0.627028641056514,0.41919016820878346,0.13940306446240042
2026-03-08 11:00:00,1974.32,1925.06,1945.52,0.3332586348265722,-0.02161799055331759,-0.01844467413231221,0.0008461675021736875,-0.23485671331182245,0.34484703712849574,0.14153357906927191
2026-03-08 15:00:00,1947.83,1928.08,1930.27,-1.0158808260081422,-0.020569879406356906,0.0006195979848273581,0.0008229039808296932,-0.13443573216437887,0.3333866231466198,0.14381852051282967
2026-03-08 19:00:00,1971.95,1916.14,1943.2,0.5045208190269685,-0.011120906968995925,-0.009721866964098824,0.0007889427666073029,0.2065588281535855,0.34231456086323975,0.14325429580989665
2026-03-08 23:00:00,1966.14,1929.65,1959.66,-0.434059945860888,-0.0031313235233892955,-0.011866538385779668,0.0007545152509163015,0.29491502216793153,0.3726034976914621,0.14214319527943542
2026-03-09 03:00:00,2014.26,1959.08,1985.0,1.2295491536010188,0.02457440727920268,-0.016812604373774853,0.0006878470053077431,0.17450955124934908,0.4935041169322212,0.13993338989038354
2026-03-09 07:00:00,2022.0,1963.45,1995.41,-0.12614276312256562,0.014978335170329649,-0.00710881946431452,0.000643539260400943,-0.24951957154357862,0.5038872022396192,0.13915874432368186
2026-03-09 11:00:00,2032.84,1980.93,2022.29,0.731556830202132,0.037535466539646345,-0.02161799055331759,0.000608982982596094,0.33900985453836463,0.5543059352873465,0.13682895712965187
2026-03-09 15:00:00,2039.29,2005.76,2012.1,-0.04666578935832016,0.04392000902466098,-0.020569879406356906,0.0005910580047170842,0.1262917528274854,0.5779697970429137,0.1360701591328495
2026-03-09 19:00:00,2053.52,1997.87,2002.53,0.645930472779579,0.040200299703146314,-0.011120906968995925,0.0005617330312371432,0.06624446144011054,0.5665422023509877,0.13526528691606932
2026-03-09 23:00:00,2054.19,1989.12,2042.4,0.4900174912305686,0.033441474050437625,-0.0031313235233892955,0.0005217824806981586,0.09333567940421927,0.5601449355062121,0.13189430249582648
2026-03-10 03:00:00,2054.2,2022.63,2043.76,-0.346412079958716,0.02458045138665499,0.02457440727920268,0.00046708749126486595,0.2297856852040543,0.6343242938850683,0.12580459235674843
2026-03-10 07:00:00,2074.0,2040.09,2062.86,-0.31113853951877957,0.03223338391047381,0.014978335170329649,0.00041656634682486207,-0.06534990860963386,0.6888853289438547,0.1203591699259915
2026-03-10 11:00:00,2080.27,2008.65,2075.19,0.912517668156112,0.014893235698334228,0.037535466539646345,0.0003784244388539898,-0.07034196647339519,0.6405340737416199,0.11691764611765328
2026-03-10 15:00:00,2088.19,2035.74,2039.68,0.923918082492557,0.022401439307544235,0.04392000902466098,0.00032169196165344197,0.04742850987134095,0.7081986755533699,0.11762087192224815
2026-03-10 19:00:00,2048.31,2018.0,2027.64,-0.7408438574110915,0.008025857289102989,0.040200299703146314,0.00029399027054403796,-0.19517072818030956,0.6131081307115194,0.11776224900570906
2026-03-10 23:00:00,2041.71,2018.7,2026.71,-0.9157390729368765,0.008318746951256006,0.033441474050437625,0.0002470214766247702,-0.2858440889533548,0.6083569889526134,0.11775652209907479
2026-03-11 03:00:00,2041.49,2011.37,2024.3,-0.9144206993177211,-0.008422276825182262,0.02458045138665499,0.00021844811323395733,-0.28676062106451206,0.58488746456099,0.11786953230289633
2026-03-11 07:00:00,2031.3,2007.17,2028.68,-0.8914380698498969,-0.020281691974052163,0.03223338391047381,0.0001839841493749614,-0.20778548676445008,0.5687298681650265,0.1174413598669341
2026-03-11 11:00:00,2082.66,2012.81,2062.68,1.0379445159113327,0.0032402726284419536,0.014893235698334228,0.00014498049065565235,0.09750966610251344,0.6595738507584735,0.11608067197547146
2026-03-11 15:00:00,2085.58,2030.03,2076.51,0.301451171122075,-0.002016940486476937,0.022401439307544235,0.00014248969373117763,0.11813976923664105,0.6962106982073958,0.11586149911307354
2026-03-11 19:00:00,2084.53,2058.98,2061.76,-0.8145991962029587,0.01843285460231936,0.008025857289102989,0.00017854685128128585,0.10675843629866932,0.7209136764672788,0.11482500312367569
2026-03-11 23:00:00,2064.99,2021.87,2024.67,-0.7794216472707115,0.006026043250986879,0.008318746951256006,0.00024275692912051406,0.01762807914356368,0.6435719978050576,0.11576650320991816
2026-03-12 03:00:00,2035.08,2017.59,2030.38,-0.9055775888859738,0.0008844264663989687,-0.008422276825182262,0.0002822866158682959,0.2718000426537541,0.590035121416223,0.11373109427821576
2026-03-12 07:00:00,2075.49,2025.66,2069.86,-0.3645519857890086,0.015756791579967233,-0.020281691974052163,0.0003111391359792458,0.2928882168915554,0.6601850557586942,0.11077820600008238
2026-03-12 11:00:00,2095.0,2037.79,2045.35,0.633474362674974,0.007883764577654828,0.0032402726284419536,0.00034950367191245767,-0.001538341622397188,0.7060487985145819,0.11165972044197948
2026-03-12 15:00:00,2082.0,2039.05,2048.78,0.11820789420006546,0.0001933114745942266,-0.002016940486476937,0.0003968516237524301,-0.053901047358920984,0.6973573554877612,0.11163102358770373
2026-03-12 19:00:00,2073.81,2045.42,2065.3,-0.23425122990676614,-0.0046776497361789016,0.01843285460231936,0.0004215430495726733,-0.16137925304093892,0.6930519127485975,0.11096401597221876
2026-03-12 23:00:00,2148.8,2064.64,2105.81,1.915205126992296,0.032826744191865265,0.006026043250986879,0.00044147454857193925,0.075496860878699,0.8365610138548581,0.11055677419048422
2026-03-13 03:00:00,2123.58,2090.0,2095.94,-0.6838456137988966,0.03889101617318591,0.0008844264663989687,0.0004889142225355689,-0.11229373323107206,0.8165939973485631,0.11214244401037654
2026-03-13 07:00:00,2133.3,2091.45,2126.87,-0.1290788346587227,0.02937006907244899,0.015756791579967233,0.00053996902885368,-0.002187454280761836,0.8333401436353155,0.11165608790105994
2026-03-13 11:00:00,2209.03,2118.18,2151.14,2.8132141515221143,0.05015252947674287,0.007883764577654828,0.0005667306051967327,0.0013230816390614741,0.9999999999713596,0.11192526380147322
2026-03-13 15:00:00,2165.93,2090.28,2100.93,1.2784175498142685,0.031192498810810543,0.0001933114745942266,0.0006200188073123073,-0.07567198671106867,0.8788746370190105,0.11513364400972523
2026-03-13 19:00:00,2116.66,2078.5,2088.97,-0.6310881989544215,0.016879851335906526,-0.0046776497361789016,0.0006429061613702169,0.19110774839661726,0.7899407821389689,0.11571356426716486
2026-03-13 23:00:00,2095.91,2081.39,2092.39,-1.0736204868534531,-0.010239487760351995,0.032826744191865265,0.0006361209200755198,0.17080518935078648,0.7712786857737541,0.1153091251414883
2026-03-14 03:00:00,2106.09,2068.28,2078.02,-0.8058272802497728,-0.006745613766398595,0.03889101617318591,0.0006288326422212123,-0.07727436765221185,0.7726556372153068,0.11547374576795068
2026-03-14 07:00:00,2081.64,2061.6,2066.24,-1.0958518357502935,-0.01798523207431868,0.02937006907244899,0.0006057666082860876,-0.18389563991518731,0.721284994621937,0.11604059680186819
2026-03-14 11:00:00,2080.65,2065.85,2071.22,-1.183772210842771,-0.04386082388260315,0.05015252947674287,0.0005586775408092932,-0.0004952214434863489,0.7274298558381508,0.11559916732589495
2026-03-14 15:00:00,2078.79,2069.19,2076.91,-1.4265774902032213,-0.024782538188572678,0.031192498810810543,0.0005225396930888347,0.008469319687757437,0.7278670118830141,0.11149994785547049
2026-03-14 19:00:00,2088.92,2074.77,2084.45,-1.3898713356289345,-0.006417170936821703,0.016879851335906526,0.0004901037518177398,0.043663717114372336,0.7514096902651107,0.10924897359922131
2026-03-14 23:00:00,2107.91,2083.35,2101.99,-0.9055339812186298,0.0023175780610795726,-0.010239487760351995,0.0004795309414483128,0.03900109470054791,0.7851510394757442,0.10751700620043257
2026-03-15 03:00:00,2115.95,2093.53,2107.76,-1.2226607077928495,0.0070030707702744,-0.006745613766398595,0.0004948476555214187,0.20031288447168327,0.8145836414986373,0.10629753398451823
2026-03-15 07:00:00,2123.44,2103.46,2119.14,-1.1371351913162755,0.020227531446407987,-0.01798523207431868,0.0005144029281735047,0.19656176835704864,0.8413499136906541,0.10360906345266724
2026-03-15 11:00:00,2121.27,2086.34,2096.99,-0.6670938449483437,0.011349285533426512,-0.04386082388260315,0.0005346024597686228,-0.14862104460148462,0.7948657521242002,0.1037836043822078
2026-03-15 15:00:00,2117.86,2088.84,2099.14,-0.9830066300345729,0.013085446705385362,-0.024782538188572678,0.0005453994139969098,0.05159605249803989,0.8056246598452536,0.10434291583633631
2026-03-15 19:00:00,2192.49,2096.47,2184.35,0.3531031983594108,0.031900287110497194,-0.006417170936821703,0.0005391979346513285,0.07538239891798493,0.9417217796976382,0.1056354297248298
2026-03-15 23:00:00,2202.87,2164.73,2180.49,0.6827377072315768,0.0410596315469236,0.0023175780610795726,0.000535493589780573,-0.038046938083482806,0.999999999972234,0.11048280952658861
2026-03-16 03:00:00,2288.63,2177.38,2261.7,4.075060280752619,0.06866244127841425,0.0070030707702744,0.0005397514838227409,0.006193772516490226,0.9999999999766876,0.11759529839766425
2026-03-16 07:00:00,2279.0,2234.92,2278.3,0.877244954306117,0.06732462746044066,0.020227531446407987,0.000586232700893769,-0.010084604264233188,0.9999999999770703,0.12814685552365113
2026-03-16 11:00:00,2308.54,2255.04,2288.0,2.127407428655427,0.08889168475184461,0.011349285533426512,0.0006188811721856796,0.20634307024389886,0.9999999999784503,0.1376573599778339
2026-03-16 15:00:00,2346.16,2270.0,2321.46,1.447444765795523,0.09800136728379805,0.013085446705385362,0.0006608713460424673,0.05121040344708305,0.9999999999794781,0.1470109506058651
2026-03-16 19:00:00,2386.02,2318.43,2357.83,1.1702975288193045,0.09507121283582398,0.031900287110497194,0.0007355533065057962,-0.0879902196534641,0.999999999981244,0.1579225797048875
2026-03-16 23:00:00,2376.66,2330.0,2351.3,1.9128092486617183,0.08075584117749957,0.0410596315469236,0.0008351383950318376,0.009611570526334212,0.9999999999813526,0.1692695421852688
2026-03-17 03:00:00,2355.99,2294.15,2315.34,0.7177660540750553,0.02932654654975919,0.06866244127841425,0.0009460290816664279,-0.10348067712222331,0.9229203852402768,0.17876491680436993
2026-03-17 07:00:00,2337.86,2304.0,2312.94,-0.31644673557463254,0.028516446011941365,0.06732462746044066,0.0010118540138101342,-0.14208586774543674,0.93325174465409,0.1852404143428613
2026-03-17 11:00:00,2348.94,2311.77,2343.45,0.27478867071918583,0.01977506420848818,0.08889168475184461,0.001062212092442903,-0.05454321257364103,0.9495753377577566,0.19034088639770746
2026-03-17 15:00:00,2357.73,2304.27,2332.98,0.03268143926117371,0.008958729224431083,0.09800136728379805,0.0011138945337025854,-0.13286028036198172,0.9472157465593167,0.19681832253624118
2026-03-17 19:00:00,2344.69,2317.0,2329.54,-0.8754933701303708,-0.010225565909759649,0.09507121283582398,0.0011670300011493394,-0.1477656626031998,0.9493278460879951,0.20169326608666194
2026-03-17 23:00:00,2341.3,2307.0,2331.49,-0.9003278684598053,-0.013772571790240162,0.08075584117749957,0.0012231592262535655,-0.1139417237678888,0.9394686708159811,0.20468163252147023
2026-03-18 03:00:00,2350.0,2313.81,2322.73,-0.8109844260529245,0.0067981160651464645,0.02932654654975919,0.00126821009475895,-0.0054394168687795785,0.9522745416440053,0.20774511170942392
2026-03-18 07:00:00,2333.62,2309.42,2312.83,-0.8887228131359195,0.00021182490001780963,0.028516446011941365,0.0013152767741495485,-0.031628398911381694,0.9341685896224772,0.2108695742657847
2026-03-18 11:00:00,2319.16,2186.93,2190.27,2.122324681915325,-0.03678372339764335,0.01977506420848818,0.0014307732891826197,-0.11110854505386047,0.78976334024255,0.21934093812575592
2026-03-18 15:00:00,2220.0,2166.87,2181.2,1.293977006448217,-0.05973230695022114,0.008958729224431083,0.0015122158329918662,0.03772948911995644,0.6878413828477615,0.215695563210078
2026-03-18 19:00:00,2206.87,2153.21,2194.41,-0.04282026814939506,-0.0628347028503432,-0.010225565909759649,0.0015667704375583198,0.13572402501264325,0.6763492995404693,0.21036248153345227
2026-03-18 23:00:00,2208.28,2187.24,2196.68,-0.6134445403235932,-0.05451403188422954,-0.013772571790240162,0.0016162088627141933,0.11745897182561804,0.7031758395625365,0.2066118587739394
2026-03-19 03:00:00,2233.72,2177.79,2180.64,-0.3828647106653986,-0.055439753751801546,0.0067981160651464645,0.0016611822712069813,-0.009953208857843787,0.7112591847422403,0.2052040617245158
2026-03-19 07:00:00,2192.07,2143.14,2172.76,0.6527172239193452,-0.0655016955869302,0.00021182490001780963,0.001735484886277856,0.10568972902100882,0.6505965396046283,0.20315567442098706
2026-03-19 11:00:00,2177.58,2102.16,2121.68,1.4422170855957148,-0.05048723758163387,-0.03678372339764335,0.0018033589431229815,-0.05575999481952443,0.578482987495514,0.20600838820108724
2026-03-19 15:00:00,2136.79,2099.38,2125.04,0.40024712248212113,-0.0332164278047572,-0.05973230695022114,0.001836597995058647,0.08748161319481618,0.5522218637401212,0.20317240803042927
2026-03-19 19:00:00,2156.92,2125.04,2140.08,-0.3629281283993537,-0.01746898359174709,-0.0628347028503432,0.0018086862679462124,0.1342024610882835,0.6052258541343252,0.19869311374683393
2026-03-19 23:00:00,2160.78,2130.57,2144.44,-0.6045111459447781,-0.023745461415327074,-0.05451403188422954,0.0018186102527386002,0.0591513091946243,0.6058612527141946,0.19661618243755868
2026-03-20 03:00:00,2159.24,2132.06,2136.61,-0.9545084884113337,-0.025529093033342054,-0.055439753751801546,0.0018254828637351075,0.10442168651099637,0.6064284879527357,0.1956594125390715
2026-03-20 07:00:00,2176.84,2121.25,2148.38,-0.20126569217795617,-0.009002663642102116,-0.0655016955869302,0.0018265824363008275,0.17985658483527733,0.6141748220189585,0.19340104013814674
2026-03-20 11:00:00,2158.69,2116.88,2129.3,-0.19099855471953933,0.0030919681076995165,-0.05048723758163387,0.0018406825180345308,0.19965312419498527,0.5907690668660932,0.19429724324961395
2026-03-20 15:00:00,2144.76,2117.41,2123.29,-0.6034892864019429,0.006590797244049762,-0.0332164278047572,0.0018251784092585897,-0.006933258044982349,0.5782376219974482,0.1929732531599519
2026-03-20 19:00:00,2168.0,2117.5,2154.71,-0.6815123769207726,-0.001430544514493648,-0.01746898359174709,0.0017725732860976555,0.03324050630141384,0.5995032619773105,0.18763209444101667
2026-03-20 23:00:00,2159.87,2143.16,2154.9,-1.2867972481192653,0.002302378543931116,-0.023745461415327074,0.0017278605869514127,-0.11025370453868866,0.6150728962863975,0.18493025131976756
2026-03-21 03:00:00,2160.0,2150.36,2155.8,-1.3552554754439383,0.004082318623677805,-0.025529093033342054,0.001688168288869847,0.08483183234194103,0.6227638536887103,0.18193537280271307
2026-03-21 07:00:00,2161.34,2149.57,2154.34,-1.3787922686943197,0.0027463083221259676,-0.009002663642102116,0.0016499511942227314,-0.09513809065294387,0.6251854269050016,0.17919626435402955
2026-03-21 11:00:00,2168.27,2150.61,2152.13,-1.3595335964071666,0.010187439402047138,0.0030919681076995165,0.001610222500383094,0.02562230709578195,0.6313744957832742,0.17772845810338256
2026-03-21 15:00:00,2157.58,2142.01,2151.46,-1.2617620302112007,0.009332269574719554,0.006590797244049762,0.001580152288770744,-0.08552860457154354,0.6153175402463128,0.17651705215702412
2026-03-21 19:00:00,2157.0,2149.06,2149.94,-1.4156988954789347,0.005042815518173649,-0.001430544514493648,0.001534481093937481,-0.03984227166562748,0.6196471258148798,0.17485800504020751
2026-03-21 23:00:00,2149.93,2050.12,2102.29,1.4888209764623408,-0.029059936270330433,0.002302378543931116,0.0015296359079659497,-0.09436138576390474,0.4985385848217619,0.17602006928172162
2026-03-22 03:00:00,2127.21,2098.09,2108.76,-0.8116586993050379,-0.018516391829896728,0.004082318623677805,0.0014286584478843216,-0.026191829512228648,0.5483681859663302,0.172746788513484
2026-03-22 07:00:00,2112.05,2074.36,2081.45,-0.7697783460739852,-0.03136714716855549,0.0027463083221259676,0.0013686442824722242,-0.11044628985813876,0.4990816835410962,0.1746223173525666
2026-03-22 11:00:00,2092.63,2066.97,2078.14,-0.8199063221436483,-0.03703499047817249,0.010187439402047138,0.001292890334066264,-0.005518196346017246,0.4822553986750283,0.17361837110394734
2026-03-22 15:00:00,2084.58,2057.0,2072.27,-1.1296646305636397,-0.034895877887828664,0.009332269574719554,0.001197789526512977,0.07800960340376095,0.4753717691555855,0.1731687801919724
2026-03-22 19:00:00,2072.7,2026.0,2062.67,-0.24747600506363163,-0.048167137386421865,0.005042815518173649,0.001109970705455748,-0.1112040837381657,0.42627000197653,0.17407771758054907
2026-03-22 23:00:00,2074.16,2035.69,2063.42,-0.541976779391972,-0.015775691423214777,-0.029059936270330433,0.0009930755149345361,0.11617016370193789,0.43711431798647404,0.17534222391006946
2026-03-23 03:00:00,2072.33,2028.47,2037.3,-0.7473309893896871,-0.028788163509082865,-0.018516391829896728,0.0008855553891186431,-0.09960675399653118,0.4348440264819725,0.17979986593196676
2026-03-23 07:00:00,2059.16,2023.04,2049.04,-0.507870610387885,-0.02171507295199937,-0.03136714716855549,0.0007977651992273372,0.18444228449053246,0.41452003428912654,0.18102156295046212
2026-03-23 11:00:00,2198.57,2049.04,2181.16,5.0,0.03590688274840459,-0.03703499047817249,0.0006655232448802969,-0.03614056246735842,0.6214778378912141,0.17003646361714933
2026-03-23 15:00:00,2188.09,2117.77,2168.72,0.8908497632338055,0.03418607878044244,-0.034895877887828664,0.0006264003708844447,-0.04494773277284503,0.607686778126266,0.17022993363116468
2026-03-23 19:00:00,2178.74,2143.94,2152.81,-0.8007799888152103,0.05425895394517544,-0.048167137386421865,0.0005803044608460766,-0.010634575385322642,0.6336115667303608,0.17041372417067918
2026-03-23 23:00:00,2156.22,2124.26,2135.86,-0.71784971412231,0.04200453223060885,-0.015775691423214777,0.0005457060697518676,-0.09224054974180684,0.5980831595024059,0.17090912634275102
2026-03-24 03:00:00,2152.03,2128.84,2145.3,-0.8834163150651365,0.04081494932880436,-0.028788163509082865,0.0004970853245239303,0.015217276308518546,0.5911615128189698,0.16874844677373863
2026-03-24 07:00:00,2170.65,2144.13,2161.25,-0.5420818713004181,0.0568045461983504,-0.02171507295199937,0.00045075399434186105,-0.09534690948202473,0.6309217047137936,0.165532860191078
2026-03-24 11:00:00,2175.16,2120.0,2133.98,0.06630226756863854,-0.003864616105750951,0.03590688274840459,0.0004269371191053316,-0.063362307489928,0.5823200894491746,0.16603675162244969
2026-03-24 15:00:00,2147.74,2103.02,2118.92,-0.12688761725335265,-0.01086436203516361,0.03418607878044244,0.00039147309101429624,-0.05204582676574898,0.5346350554307778,0.16603673726652238
2026-03-24 19:00:00,2155.82,2114.37,2145.61,-0.6407359305938779,-0.008875672822647895,0.05425895394517544,0.00034824648673522523,0.05698852616607408,0.5656056218439511,0.1626202345934037
2026-03-24 23:00:00,2168.63,2143.0,2155.5,-0.7505668993224768,0.008198842805231754,0.04200453223060885,0.0002991102045186426,0.19842063901097773,0.6012173583605681,0.1609359783625381
2026-03-25 03:00:00,2179.73,2147.0,2163.81,-0.7970639697114371,0.013743864337843581,0.04081494932880436,0.0002570754924023329,-0.04427532297383796,0.6175555905093288,0.15945795577154312
2026-03-25 07:00:00,2191.93,2159.81,2185.27,-0.6197067552545599,0.00918090777028202,0.0568045461983504,0.0002137201790435827,0.123502354482667,0.6412509504560807,0.15724969575179762
2026-03-25 11:00:00,2199.02,2165.02,2174.14,0.0738141813726367,0.017964824772632504,-0.003864616105750951,0.00017231959337198942,0.029489853980317005,0.6519979384611341,0.15679550796294917
2026-03-25 15:00:00,2186.85,2147.67,2162.38,-0.3251226450318231,0.020457165220322482,-0.01086436203516361,0.000145621326254737,0.06458093506373919,0.6167423111181045,0.15646282705841516
2026-03-25 19:00:00,2183.5,2159.42,2174.53,-1.0531827641263987,0.013063135587434882,-0.008875672822647895,0.00011441307728586162,0.06702243712423983,0.6219484521719941,0.15559774567016058
2026-03-25 23:00:00,2177.14,2144.05,2149.97,-0.9260870026348943,0.0018249622855415204,0.008198842805231754,8.707291100132659e-05,-0.26807956171761804,0.6091536240366702,0.1575616782177596
2026-03-26 03:00:00,2155.56,2112.17,2121.86,-0.617707598547548,-0.015560303196697656,0.013743864337843581,4.59384625392583e-05,-0.11153037862648907,0.5496338272035894,0.1590374104009594
2026-03-26 07:00:00,2126.89,2072.73,2078.65,-0.005601506069939032,-0.037485407947124294,0.00918090777028202,-1.6963729288449187e-05,-0.06027700284461923,0.4767364094863804,0.16225890950102886
2026-03-26 11:00:00,2093.79,2062.94,2076.27,-0.040578767369010546,-0.04966225427809434,0.017964824772632504,-8.707850598726292e-05,0.09574698629272915,0.4335083951038282,0.16177259914411288
2026-03-26 15:00:00,2076.72,2034.54,2047.17,0.11520178244221449,-0.050616775944633874,0.020457165220322482,-0.00016100175347209065,0.06978843610838581,0.39583786712094576,0.16250554703664633
2026-03-26 19:00:00,2080.42,2039.59,2065.88,-0.5303539287279359,-0.04827084128044512,0.013063135587434882,-0.00024224321142258192,0.024061462784195742,0.4110309570475526,0.1555643982429968
2026-03-26 23:00:00,2077.19,2056.35,2068.28,-1.0626472515129877,-0.04464663446889261,0.0018249622855415204,-0.0003212871362298376,0.2526171446319725,0.4146432004944126,0.149571312457202
2026-03-27 03:00:00,2069.2,2043.49,2062.71,-0.8538891004607183,-0.0354076827020251,-0.015560303196697656,-0.00038062435992109844,0.11945241945434626,0.3974818782551455,0.14637871309123301
2026-03-27 07:00:00,2072.36,1986.3,1991.67,0.9234703497988712,-0.029208423805483053,-0.037485407947124294,-0.00044935310401288657,0.09147168116721915,0.3533527939762873,0.15143181129283215
2026-03-27 11:00:00,1998.44,1970.93,1989.39,0.7150698782748166,-0.04259576460529946,-0.04966225427809434,-0.0005328264433263318,-0.18760063807958394,0.255414667055966,0.14822279314684075
2026-03-27 15:00:00,2010.45,1974.48,1984.43,0.07713493916132734,-0.032777433681491774,-0.050616775944633874,-0.0005987107701762811,0.03882337289558713,0.2600295166501011,0.14548485172560383
2026-03-27 19:00:00,1997.73,1978.94,1985.52,-0.5486213845644672,-0.03683095399027114,-0.04827084128044512,-0.0006810437940096942,0.12830779168022177,0.25786788084181594,0.14150553285466264
2026-03-27 23:00:00,1995.16,1980.54,1987.32,-1.0909579309832167,-0.037663948135693404,-0.04464663446889261,-0.0007755387431494171,0.1298675267268179,0.2578800316379291,0.13605375948782414
2026-03-28 03:00:00,2007.0,1987.13,2000.95,-1.1615787738839543,-0.030005382572924177,-0.0354076827020251,-0.00086845150216727,0.44979157065358444,0.2731097740777861,0.12864351631262072
2026-03-28 07:00:00,2008.35,1992.77,1996.69,-1.0882437253015511,-0.017294824383164542,-0.029208423805483053,-0.0009576625223659898,-0.10048804518026333,0.23973896420459329,0.12250861506141734
2026-03-28 11:00:00,2047.45,1992.25,2020.84,-0.3542750030368098,0.015669900201119136,-0.04259576460529946,-0.0010444433492383554,0.34699564931581706,0.24914500962040234,0.12175724259173475
2026-03-28 15:00:00,2040.26,2016.5,2021.8,-0.9364822666562826,0.01885774032253318,-0.032777433681491774,-0.0011257840529179648,-0.038582280545988556,0.21628999321920447,0.12247936991599263
2026-03-28 19:00:00,2026.48,2005.38,2011.89,-1.174048243495706,0.013569879855845013,-0.03683095399027114,-0.001214325073135238,-0.26272370343847784,0.18870870958305921,0.12352945134516558
2026-03-28 23:00:00,2011.88,1989.64,2008.93,-1.0032829740033382,0.005649250652050686,-0.037663948135693404,-0.0013074459522961792,-0.15770125731649276,0.1513007927385168,0.12389128102527597
2026-03-29 03:00:00,2019.65,1997.67,2004.98,-1.1673768438789665,0.005806392055969223,-0.030005382572924177,-0.00138637954224861,-0.23630272933161156,0.17011225034585783,0.1249660635569821
2026-03-29 07:00:00,2009.91,1991.9,1995.89,-1.1155014875987297,9.876264408115176e-05,-0.017294824383164542,-0.0014667340480287174,0.011311410809411893,0.1540369324358403,0.12689731860624667
2026-03-29 11:00:00,2008.16,1983.56,1994.17,-0.9544437744884421,-0.011795020781538268,0.015669900201119136,-0.001545082846051245,-0.1695463281692694,0.13912538097380522,0.1295918025975382
2026-03-29 15:00:00,2003.61,1986.32,1997.33,-0.9724373355500456,-0.015609808600635544,0.01885774032253318,-0.0016266304021463147,0.025461043999893462,0.1411075223934302,0.13156618765335498
2026-03-29 19:00:00,2009.48,1938.82,1973.99,-0.17802345149238336,-0.022410766841330365,0.013569879855845013,-0.0017275613684931551,0.12422116301575192,0.08019745533230502,0.13608080697188257
2026-03-29 23:00:00,2043.5,1973.63,2029.93,0.3374781639378368,0.0030459082803186988,0.005649250652050686,-0.0017648009759780637,0.19771634399117977,0.16469141211539273,0.13244279899509123
2026-03-30 03:00:00,2058.96,2027.5,2042.46,-0.444516012714938,0.01913286598784869,0.005806392055969223,-0.0017670450391550209,-0.0029805643495013356,0.26042186066418765,0.13153166427951032
2026-03-30 07:00:00,2075.0,2041.54,2057.78,-0.43548531188957834,0.028942979409836145,9.876264408115176e-05,-0.0017459324995384756,0.039087027691830256,0.2907165402798968,0.12978551008662673
2026-03-30 11:00:00,2085.0,2044.25,2071.64,0.14335472341045924,0.0359840404809062,-0.011795020781538268,-0.001719221988167575,0.03646204195259628,0.3087657456626889,0.12846901846162004
2026-03-30 15:00:00,2079.92,2028.04,2032.61,-0.12158440531563809,0.029502887569594183,-0.015609808600635544,-0.001692147546476415,-0.14498037773747652,0.28005373200584044,0.1311835341247571
2026-03-30 19:00:00,2049.1,2013.33,2033.08,-0.5526563566104471,0.03012326386587527,-0.022410766841330365,-0.0016680407214970877,-0.008390099838980758,0.2214011316183403,0.130405065283894
2026-03-30 23:00:00,2092.34,2013.92,2073.09,0.045965493485949534,0.02602757007733003,0.0030459082803186988,-0.001589388446585902,-0.022300279054754957,0.2888955769196516,0.12650613086381746
2026-03-31 03:00:00,2076.61,2054.77,2062.33,-0.749046691200583,0.008442614815715066,0.01913286598784869,-0.0015137557968701444,-0.13355545554275372,0.30151842861941475,0.12572452415462698
2026-03-31 07:00:00,2062.91,2012.64,2026.5,-0.2566109874932532,-0.010866844184260649,0.028942979409836145,-0.00147357676514114,-0.1762346242340871,0.2374902137288303,0.1270345627103179
2026-03-31 11:00:00,2092.0,2023.0,2045.94,0.6152133173362406,-0.0037552502998202675,0.0359840404809062,-0.001404339324134128,-0.03851193402305375,0.29030456942284477,0.12448897509664003
2026-03-31 15:00:00,2124.03,2045.65,2099.89,1.5345584781383488,0.01876207248202233,0.029502887569594183,-0.0013136253027532315,0.19292415277335118,0.37175121089471264,0.11991510755403169
2026-03-31 19:00:00,2111.01,2088.35,2096.51,-0.6151326089471937,0.034589976799047406,0.03012326386587527,-0.0012259270470022707,-0.004059898734035894,0.3884268866952422,0.11870788253351441
2026-03-31 23:00:00,2117.79,2082.08,2088.45,-0.5670519931064546,0.02035539349095128,0.02602757007733003,-0.0011370405881271151,-0.11139415269522623,0.3885602088576533,0.11899665550934291
2026-04-01 03:00:00,2156.23,2088.46,2151.23,0.006434331520648065,0.0316408305341882,0.008442614815715066,-0.001033983090363958,0.2949568772539357,0.45683852225030824,0.11676297335861495
2026-04-01 07:00:00,2158.0,2125.0,2132.65,-0.12024021096635543,0.049276023936024815,-0.010866844184260649,-0.0009264670339971334,-0.0940006845063629,0.4762237721251185,0.11866073012660307
2026-04-01 11:00:00,2152.0,2108.72,2126.81,0.19087230550225548,0.03283906862668018,-0.0037552502998202675,-0.0008257537419983718,0.037944162541615034,0.4511383815231951,0.11968806397501808
2026-04-01 15:00:00,2167.85,2122.2,2129.23,0.22193266749957535,0.022959726790226842,0.01876207248202233,-0.0007490240649025365,-0.06270909315063955,0.48606959317414883,0.12029314114370214
2026-04-01 19:00:00,2165.42,2128.0,2139.95,0.5918848081635302,0.02327469930504944,0.034589976799047406,-0.0006905234523424229,0.07790723807829103,0.5047016645665985,0.12066260470673142
2026-04-01 23:00:00,2159.37,2065.0,2073.89,0.6831471129272045,0.006803420177460273,0.02035539349095128,-0.000644050237441515,-0.0830696970167194,0.42254936037236385,0.12446441137801019
2026-04-02 03:00:00,2076.67,2038.63,2050.09,-0.1666570408239227,-0.035608041602174234,0.0316408305341882,-0.00061159319518284,-0.29161608321648036,0.27651333987875665,0.1256927769515016
2026-04-02 07:00:00,2056.76,2032.54,2038.79,-0.6126418207814238,-0.04254201641204869,0.049276023936024815,-0.0005843448463990826,0.2573264727215101,0.2599590736894662,0.12656293353018427
2026-04-02 11:00:00,2072.22,2017.04,2063.82,0.3712570753762816,-0.04074364530150665,0.03283906862668018,-0.0005718343726307862,0.0003767877040932177,0.2450378725644451,0.12219809588045014
2026-04-02 15:00:00,2077.64,2043.65,2058.32,-0.16631634531088102,-0.03851880748158143,0.022959726790226842,-0.0005699337328171484,-0.1446441450095317,0.28987785104815295,0.1202101083946282
2026-04-02 19:00:00,2074.16,2053.54,2060.03,-0.8776769747560277,-0.039846609547560474,0.02327469930504944,-0.0005692709794728121,-0.1158127181723716,0.301004468865851,0.11840287408067303
2026-04-02 23:00:00,2062.49,2040.66,2052.48,-0.7896151013042598,-0.029646070604520514,0.006803420177460273,-0.0005587043008508438,0.026154038564718096,0.2734331526420352,0.11776938301347929
2026-04-03 03:00:00,2066.61,2047.35,2063.66,-0.9322582591005023,0.002177736147383813,-0.035608041602174234,-0.0005471778612428262,0.2447261698705414,0.2871490656635183,0.11555636419900336
2026-04-03 07:00:00,2075.17,2053.46,2059.9,-0.8372227116521344,0.008604012111978587,-0.04254201641204869,-0.0005322122596451295,-0.051927063222809045,0.301837302076351,0.11334341139238892
2026-04-03 11:00:00,2081.76,2041.65,2054.59,-0.6837980346053545,0.007965039897990467,-0.04074364530150665,-0.0005156743961942113,-0.026578141910811315,0.28368718945565796,0.11236884383006482
2026-04-03 15:00:00,2057.77,2043.78,2049.26,-1.0503859287049169,-0.0032123199448390594,-0.03851880748158143,-0.0005056680530129827,0.15215865484799562,0.2741464472760569,0.11189464172336305
2026-04-03 19:00:00,2060.92,2045.21,2051.79,-1.0823803513104056,-0.004257742652445495,-0.039846609547560474,-0.0004977016465790447,-0.1512820352149803,0.2801060367963929,0.1098419500812798
2026-04-03 23:00:00,2054.1,2047.92,2050.13,-1.175100731024979,-0.00018867379809650586,-0.029646070604520514,-0.00048452478092499374,-0.1357411328522229,0.2725122802080579,0.10737305007592558
2026-04-04 03:00:00,2058.0,2048.41,2056.46,-1.2182230718508227,-0.0020909574949747878,0.002177736147383813,-0.00046708959106430504,0.07415710368007322,0.27691491451549016,0.1037792338116258
2026-04-04 07:00:00,2057.37,2047.89,2054.32,-1.1148742613024956,-0.005544833631833224,0.008604012111978587,-0.00044683501235584896,0.008444590305087152,0.27461677693576075,0.09877051992622637
2026-04-04 11:00:00,2055.03,2044.63,2053.1,-1.0017314275426474,-0.0023001181361356204,0.007965039897990467,-0.0004253985226561462,-0.2488862177055997,0.2724372683060825,0.09418625659745446
2026-04-04 15:00:00,2062.1,2052.35,2055.15,-1.0016222803373507,0.002399217583334279,-0.0032123199448390594,-0.00040061769156920433,0.031343045071949405,0.28585817537301517,0.09000938257883445
2026-04-04 19:00:00,2084.0,2055.14,2069.14,-0.7906328017956763,0.007303585535855861,-0.004257742652445495,-0.0003749426649963385,0.3395362700590827,0.31580185603360006,0.0840567092213834
2026-04-04 23:00:00,2069.24,2054.15,2059.86,-1.14431916007714,0.004851385954760756,-0.00018867379809650586,-0.0003460878568093171,0.02549746334879277,0.2961862865394125,0.08065810697549207
2026-04-05 03:00:00,2060.55,2027.75,2038.32,-0.9525893100935857,-0.004725393721451199,-0.0020909574949747878,-0.00034840001713789403,-0.24842984210880859,0.25383492643929007,0.07942595725184924
2026-04-05 07:00:00,2052.53,2034.48,2044.74,-1.094931956104389,-0.005020722250515308,-0.005544833631833224,-0.0003437604703277255,0.10600670108611188,0.25010586981491867,0.07880497886283509
2026-04-05 11:00:00,2045.83,2021.5,2038.49,-0.846832887878789,-0.008584242821950472,-0.0023001181361356204,-0.00035134523158370266,0.35818923961972904,0.23054814694870637,0.07874571996924876
2026-04-05 15:00:00,2069.89,2034.58,2062.99,-0.5887223204672517,0.0001417843836435395,0.002399217583334279,-0.00036012355707511787,-0.033076639683951026,0.2812428810827755,0.07790778150166501
2026-04-05 19:00:00,2088.0,2050.0,2085.79,-0.5648855505376508,-0.0012439517128045585,0.007303585535855861,-0.00036268597058226843,-0.033452551532281216,0.2865285745090456,0.07750531101995344
2026-04-05 23:00:00,2147.24,2082.35,2133.59,0.6423411254892307,0.028292636318168585,0.004851385954760756,-0.000364488521368641,0.2253882233027127,0.3856504671340848,0.07841138124909618
2026-04-06 03:00:00,2139.0,2120.04,2127.53,-0.48418958481621693,0.04257424854557135,-0.004725393721451199,-0.00035043452753771626,0.2868041176198235,0.4137822705496672,0.08084861283794152
2026-04-06 07:00:00,2174.79,2122.83,2153.27,0.23015259523269685,0.05276555371906233,-0.005020722250515308,-0.00033206567196909006,0.0585093718847689,0.4633753164035343,0.08232042047013212
2026-04-06 11:00:00,2165.74,2137.76,2156.71,0.15917976044153825,0.05704009035658553,-0.008584242821950472,-0.0003144049659103651,0.018495793561843943,0.46347316079578754,0.08438646758452958
2026-04-06 15:00:00,2169.6,2123.6,2144.84,0.16466780274862125,0.044513242504901074,0.0001417843836435395,-0.00025340851972513695,-0.09295984533283563,0.46118281393602206,0.08569784604072696
2026-04-06 19:00:00,2155.06,2105.41,2105.41,-0.5372140605907668,0.033242490228251764,-0.0012439517128045585,-0.00019675248781339782,-0.20859807608886394,0.42719374782127156,0.08612783039549879
2026-04-06 23:00:00,2120.14,2087.5,2106.84,-0.004554761736535217,-0.007499501416717624,0.028292636318168585,-0.00014022344760038729,-0.03829090019135706,0.3445390659140709,0.08484996454597339
2026-04-07 03:00:00,2119.21,2096.69,2104.25,-0.8542071763088576,-0.01122046331312665,0.04257424854557135,-0.00010088836786547925,-0.10051651949134688,0.3519573337959702,0.0841606919705362
2026-04-07 07:00:00,2133.83,2085.79,2089.32,-0.2386866923706155,-0.017716344319096078,0.05276555371906233,-6.160626751540492e-05,-0.09540587760705277,0.3648793613661851,0.08326644950992514
2026-04-07 11:00:00,2094.03,2060.24,2069.44,0.3172252211406387,-0.0328343595688354,0.05704009035658553,-1.1764415674327715e-05,-0.009914537844271099,0.28092373287341804,0.08329854293191619
2026-04-07 15:00:00,2115.17,2064.76,2086.3,-0.12041352787882036,-0.02892189371328946,0.044513242504901074,2.076499031724697e-05,0.13281640018604857,0.3004517920811383,0.0819950677853825
2026-04-07 19:00:00,2219.88,2084.04,2219.77,1.9642145616723798,0.009256194407359253,0.033242490228251764,4.6181835974839975e-05,0.3190987968029797,0.47831966995161834,0.08369764043677702
2026-04-07 23:00:00,2273.87,2215.73,2237.28,2.128583405230868,0.06562842956889714,-0.007499501416717624,0.00010251939814562084,0.0008604884980529803,0.7016084656807139,0.09021732491016982
2026-04-08 03:00:00,2253.86,2232.0,2246.01,-0.19126569390061565,0.06528779705149823,-0.01122046331312665,0.00019945223266096572,-0.004329033344328881,0.707657751663986,0.09663606802420056
2026-04-08 07:00:00,2263.35,2242.39,2242.67,-0.004236911991753048,0.06705193161283396,-0.017716344319096078,0.0002985295067965346,-0.055038611177423036,0.7310575689817927,0.10192780433414028
2026-04-08 11:00:00,2270.55,2186.61,2195.22,1.3836759620572485,0.07351790519895629,-0.0328343595688354,0.0004094364973630588,-0.07912330852103577,0.6762411140674572,0.10522491413579825
2026-04-08 15:00:00,2239.5,2193.46,2201.41,0.10280255172316946,0.061818505751176867,-0.02892189371328946,0.000514673709747727,-0.06065815863706803,0.6340668511127591,0.10616466604571263
2026-04-08 19:00:00,2222.55,2186.97,2189.87,-0.5245336649718686,0.0232684099554068,0.009256194407359253,0.0006062332881617271,-0.2231972804715232,0.6080306728314697,0.10562957398504577
2026-04-08 23:00:00,2193.95,2162.0,2181.69,-0.31929359972591226,-0.027210203383058462,0.06562842956889714,0.0007000454163970679,-0.15791689334413694,0.5438479897685253,0.10694290471287156
2026-04-09 03:00:00,2188.99,2175.6,2181.51,-0.8480639869326543,-0.02810311513223407,0.06528779705149823,0.0007744569866299988,-0.2192309872825723,0.544550310207608,0.10806084402102786
2026-04-09 07:00:00,2197.7,2176.37,2190.7,-0.5367979801441776,-0.029498934423745515,0.06705193161283396,0.0008350731879099079,0.18524744068924748,0.5591586736099061,0.10934111234655959
2026-04-09 11:00:00,2193.13,2157.31,2177.63,-0.2651918294919338,-0.025676117171542168,0.07351790519895629,0.0008900761787249265,0.06675857456699141,0.5280263636133272,0.11128156066982431
2026-04-09 15:00:00,2229.4,2169.51,2206.86,0.5481022326342349,-0.003208129622791822,0.061818505751176867,0.0009122616182379455,0.0873027161461859,0.6156833028230198,0.11123034780747654
2026-04-09 19:00:00,2246.0,2197.5,2197.69,-0.2010753593473718,0.005331967537475224,0.0232684099554068,0.0009490269887623683,0.14266920063271193,0.6384456275266909,0.11243934266271934
2026-04-09 23:00:00,2204.1,2176.1,2189.12,-0.428382049939689,0.004911290431711457,-0.027210203383058462,0.0010060300051824955,0.08630994961155336,0.5715480710634,0.11417580254316792
2026-04-10 03:00:00,2203.11,2182.68,2186.2,-0.6255201808675664,0.004898576817374822,-0.02810311513223407,0.0010410905115395505,0.01048939390790804,0.572182126044345,0.1151597387450485
2026-04-10 07:00:00,2198.29,2176.4,2197.24,-0.6263603525315128,0.0006548887224790967,-0.029498934423745515,0.0010736225715919495,-0.11639263435597136,0.562862326570978,0.11447425295456629
2026-04-10 11:00:00,2254.27,2197.22,2242.76,1.0321829169352543,0.02398059341641612,-0.025676117171542168,0.0010742122742039277,-0.0025839518865441446,0.6628994675149537,0.11478255814622669
2026-04-10 15:00:00,2257.99,2220.36,2249.33,-0.07627706356552569,0.014472922955445222,-0.003208129622791822,0.0010812170057378004,-0.013943041902315323,0.6983514435969655,0.11826888983413425
2026-04-10 19:00:00,2257.14,2235.41,2242.24,-0.5998299509177168,0.01435876755260046,0.005331967537475224,0.0010944144639672318,-0.04765562710299687,0.7207885609957098,0.12176994540057887
2026-04-10 23:00:00,2252.15,2234.81,2248.19,-0.8881067923867731,0.023223508586284636,0.004911290431711457,0.0011157340049310841,-0.01328384156072182,0.7031738594195865,0.12452922809949755
2026-04-11 03:00:00,2250.78,2229.0,2235.66,-0.7325555936785206,0.020801985170662007,0.004898576817374822,0.0011313781404617103,0.22391317339262762,0.6900964367149498,0.12766569446144846
2026-04-11 07:00:00,2249.31,2230.58,2240.46,-0.7843343250058878,0.02329250700706864,0.0006548887224790967,0.0011423096889089045,0.00687972378170798,0.6946768701831758,0.13005357413819835
2026-04-11 11:00:00,2247.0,2233.72,2242.1,-0.9163671045766403,0.006466156075039198,0.02398059341641612,0.0011533112181430405,-0.04821549955698079,0.7001389241423763,0.13255783853647754
2026-04-11 15:00:00,2311.53,2241.39,2305.44,0.20842592516107816,0.016782688129784784,0.014472922955445222,0.001151866750859346,0.08377263503023791,0.7956001659354257,0.13473417575924837
2026-04-11 19:00:00,2329.93,2288.32,2296.88,0.18653247162593126,0.026629247918089183,0.01435876755260046,0.0011681413548825445,0.006873494954302339,0.8756915000865301,0.14013506336456252
2026-04-11 23:00:00,2296.89,2207.06,2223.43,0.6393097952406892,0.002655655860303696,0.023223508586284636,0.0012371560926745658,0.03595655053056879,0.7185750912037748,0.14540354157569813
2026-04-12 03:00:00,2227.15,2208.32,2216.07,-0.41706306179421676,-0.009680332474486852,0.020801985170662007,0.0012615634090264746,0.09927144662250642,0.6340828331283226,0.14545202369555182
2026-04-12 07:00:00,2220.48,2194.32,2201.66,-0.7219999895838294,-0.012494645194485066,0.02329250700706864,0.001258727225355933,-0.10197576640622019,0.6223214920204562,0.14499690451149805
2026-04-12 11:00:00,2208.22,2178.69,2180.86,-0.1473675344439368,-0.021320461768876253,0.006466156075039198,0.0012570914418645251,0.03870771213846669,0.5765575742778606,0.14534044453118647
2026-04-12 15:00:00,2207.23,2175.0,2200.6,-0.7058613553169079,-0.038009381916424334,0.016782688129784784,0.001235187745134816,-0.047596539749189204,0.5716551864109365,0.14305098502518207
2026-04-12 19:00:00,2218.13,2183.99,2199.37,-0.5176281198623767,-0.04699719170490513,0.026629247918089183,0.0012049932512937516,0.052893467793422966,0.5950277669187675,0.1420426487630981
2026-04-12 23:00:00,2209.05,2186.35,2194.22,-0.6534200766843636,-0.022224621079911633,0.002655655860303696,0.001172861010888291,-0.042267116552088924,0.5893431598549598,0.14076557678613852
2026-04-13 03:00:00,2201.45,2182.22,2198.49,-0.645589089454011,-0.01000959252186051,-0.009680332474486852,0.0011530279590539717,0.17252671889998972,0.5767246954163828,0.13924074526274322
2026-04-13 07:00:00,2199.76,2179.0,2183.41,-0.7012447731303528,-0.01101613923899869,-0.012494645194485066,0.0011462453261634766,0.12621222230588525,0.5593250871634697,0.13845209439223116
2026-04-13 11:00:00,2235.03,2175.68,2234.18,0.7242135546671834,0.0045899801140167895,-0.021320461768876253,0.0011283454739995807,0.16026376447025847,0.6025955753409771,0.13425576580733667
2026-04-13 15:00:00,2242.9,2199.52,2232.23,0.19142318127311686,0.014076998398904195,-0.038009381916424334,0.0011177381095465984,-0.21418564515807204,0.6514420550884085,0.13279513390359066
2026-04-13 19:00:00,2363.94,2227.72,2352.74,2.3968435188159485,0.04532713112699205,-0.04699719170490513,0.0010800654863145106,0.059547997606513414,0.8529963406999737,0.13017407696734268
2026-04-13 23:00:00,2394.71,2341.53,2367.62,2.457905840592714,0.07809733038471078,-0.022224621079911633,0.001065717128491291,0.1309852258924893,0.9999999999749701,0.13376623200990365
2026-04-14 03:00:00,2376.68,2354.76,2373.08,-0.13416089966177944,0.07824896282393046,-0.01000959252186051,0.001118196585162903,-0.08345885350427862,0.9876678160360678,0.13777418665195743
2026-04-14 07:00:00,2396.03,2370.59,2375.08,0.6258183277236261,0.08974410408932498,-0.01101613923899869,0.001157216184527588,0.028155840590880388,0.9999999999757562,0.1413070365908022
2026-04-14 11:00:00,2415.5,2352.59,2353.05,1.898949456319823,0.08120519134291748,0.0045899801140167895,0.0011989438896051843,-0.11501914288609516,0.9985864832588486,0.14428978054719907
2026-04-14 15:00:00,2372.12,2309.28,2313.89,1.136439835950297,0.05456873775974547,0.014076998398904195,0.0012658610745761596,0.01540291922863668,0.9045882706221714,0.1461049301952317
2026-04-14 19:00:00,2332.35,2302.9,2314.99,-0.39505004451160275,0.007248097537603693,0.04532713112699205,0.0013238780881594033,-0.1274931807193742,0.839943077923058,0.14572314778424209
2026-04-14 23:00:00,2342.76,2314.32,2324.77,-0.5940756405132019,-0.016355058797419497,0.07809733038471078,0.0013497325704336658,-0.10152783715123848,0.8746279772242928,0.14440589161156114
2026-04-15 03:00:00,2338.23,2314.0,2317.37,-0.7664424051317063,-0.017206528260535037,0.07824896282393046,0.0013911001049703232,-0.1367771558738039,0.8579966267138928,0.14224890329817316
2026-04-15 07:00:00,2333.0,2308.5,2316.64,-0.31231128396013286,-0.02635037282124486,0.08974410408932498,0.0014372221267745329,-0.015293806549978695,0.8477798967796496,0.13952281904954736
2026-04-15 11:00:00,2344.88,2316.65,2338.4,-0.13906033119204086,-0.021128224595664213,0.08120519134291748,0.001473067850708328,0.01592944247907302,0.8765634062560816,0.13546060643341934
2026-04-15 15:00:00,2359.96,2320.77,2358.66,0.12629017216219587,-8.557629809691214e-05,0.05456873775974547,0.0015076828848066988,0.055161013548046034,0.9041020808183702,0.13343448284382117
2026-04-15 19:00:00,2385.61,2348.58,2363.45,0.1930797175391464,0.02179589559371542,0.007248097537603693,0.0015413201444876062,0.009892306554411201,0.9623644193739178,0.13326581433850587
2026-04-15 23:00:00,2369.59,2345.04,2356.68,-0.5035246419839421,0.010882964201095247,-0.016355058797419497,0.001607256845148483,-0.11564285208903002,0.9361319638747487,0.1350551659094639
2026-04-16 03:00:00,2365.88,2348.38,2356.01,-0.7086374699719832,0.01408349670409792,-0.017206528260535037,0.0016474164183402867,0.06513934570614932,0.9373538759946883,0.13593538056631196
2026-04-16 07:00:00,2357.56,2328.64,2332.42,-0.17323387072752017,0.008900199451101543,-0.02635037282124486,0.0016751898705066957,-0.08364490945624226,0.8978395329475112,0.13782292354229908
2026-04-16 11:00:00,2351.8,2285.1,2309.97,1.2358435489019055,-0.006837515709031461,-0.021128224595664213,0.001698387993323348,-0.07055687939006472,0.8379086347148526,0.13891716952305613
2026-04-16 15:00:00,2349.84,2308.5,2343.1,0.8568862714770705,-0.005710601889490019,-8.557629809691214e-05,0.0016797299683050512,0.08985041094096724,0.8716608689778786,0.13719040231830013
2026-04-16 19:00:00,2364.68,2334.66,2342.6,0.012155398046083671,-0.0074553730771150795,0.02179589559371542,0.0016666638198321617,-0.07476211770184626,0.9195770141634833,0.1354771524620176
2026-04-16 23:00:00,2355.0,2324.93,2331.75,-0.7411210982272665,-0.007178572762023494,0.010882964201095247,0.0016813883091776783,0.16995664785756648,0.895121465100692,0.13371017516940933
2026-04-17 03:00:00,2333.73,2317.43,2331.09,-0.6336213689270177,-0.013610489130180037,0.01408349670409792,0.0016891447594931507,-0.1081787239361841,0.8595818241037875,0.13081947601779212
2026-04-17 07:00:00,2377.0,2330.09,2344.01,0.3318925647033707,0.004120187314653911,0.008900199451101543,0.0016624461490224454,0.08615805155960143,0.9212199965415614,0.12625006856673038
2026-04-17 11:00:00,2456.93,2343.08,2447.25,3.8184583443980826,0.04121706963165339,-0.006837515709031461,0.0016209323442504882,0.10402854320912147,0.999999999977328,0.1205231177648848
2026-04-17 15:00:00,2464.91,2415.41,2419.99,1.0464185882950168,0.047457864966366614,-0.005710601889490019,0.0016182094315030644,-0.13344241042466087,0.9999999999787283,0.12009805250055376
2026-04-17 19:00:00,2444.34,2417.01,2433.52,0.4657403050793758,0.03502513855227285,-0.0074553730771150795,0.001646146484092411,0.4531484171642799,0.98189823220057,0.1238543711628501
2026-04-17 23:00:00,2433.52,2410.06,2419.2,-0.420062650117212,0.03473495132556215,-0.007178572762023494,0.0016707707901823968,0.05917711460781239,0.9582451089320231,0.12814153186235344
2026-04-18 03:00:00,2419.83,2399.52,2410.0,-0.8653412256950539,0.03589207214047163,-0.013610489130180037,0.0016883838389000823,0.0012161045695397998,0.9317016819809678,0.1315826299176204
2026-04-18 07:00:00,2411.12,2353.88,2359.34,0.13031088712945813,0.01140021201196828,0.004120187314653911,0.0017127467052691888,-0.12231927035861268,0.8652786073006651,0.1352855967735063
2026-04-18 11:00:00,2366.0,2343.44,2365.23,0.1339241634689192,-0.02310956731262359,0.04121706963165339,0.0017159837153549098,-0.19749544044059542,0.8196974916129455,0.13480521902538137
2026-04-18 15:00:00,2375.14,2339.92,2347.44,-0.15150766877497016,-0.03323313807521877,0.047457864966366614,0.0016902423173525956,-0.0066178712678832685,0.8274812017600242,0.13525516489284703
2026-04-18 19:00:00,2359.46,2344.96,2356.53,-0.9634091499509199,-0.033029962380794364,0.03502513855227285,0.0016733943013747367,-0.09715831381963225,0.811032053825163,0.13384783708249778
2026-04-18 23:00:00,2359.5,2333.44,2338.25,-0.8579853491481881,-0.03090313374930409,0.03473495132556215,0.00165416730662772,-0.06953547983212727,0.7991121112632653,0.13312475360033585
2026-04-19 03:00:00,2346.11,2321.62,2327.2,-0.5239683126850587,-0.03190846766277644,0.03589207214047163,0.0016335817121891309,0.10542265311251309,0.7682387649019143,0.13163090793890717
2026-04-19 07:00:00,2327.32,2300.0,2318.01,-0.3179548753282713,-0.02755321977922054,0.01140021201196828,0.0016020807714259419,-0.02951239319423371,0.7259572265214205,0.13014676632183642
2026-04-19 11:00:00,2350.24,2317.53,2338.09,-0.3674629976272849,-0.00898024899604144,-0.02310956731262359,0.0015310227535778112,0.2230332480465429,0.7746986730816078,0.126547513023655
2026-04-19 15:00:00,2341.49,2287.62,2295.78,0.02253593822121816,-0.022068548890983863,-0.03323313807521877,0.0014960313303715317,0.07129568060624614,0.7167268996028399,0.12714791066788123
2026-04-19 19:00:00,2304.78,2252.72,2269.79,0.25801530925787397,-0.03167956147634177,-0.033029962380794364,0.001458232074021559,-0.197035473245461,0.6525645541797556,0.12659982602786968
2026-04-19 23:00:00,2294.3,2256.33,2277.43,-0.3933319748789062,-0.030454206253414773,-0.03090313374930409,0.0013924932406127412,0.1428915849428043,0.6471370957960895,0.12361761918132393
2026-04-20 03:00:00,2289.0,2263.18,2286.17,-0.7216851808288808,-0.02325781104025504,-0.03190846766277644,0.0013406262846878956,0.10268728820841977,0.6528938227786742,0.12025361644172482
2026-04-20 07:00:00,2332.88,2283.02,2303.39,0.4195721883245,-0.003483328749227965,-0.02755321977922054,0.0012793705532497981,0.21710571638096998,0.7088292633485612,0.1168078423502918
2026-04-20 11:00:00,2326.36,2283.0,2290.9,0.5578668145044855,-0.012101385221038097,-0.00898024899604144,0.0012474124423634211,-0.15705933251446247,0.7146048092244054,0.11659019001468968
2026-04-20 15:00:00,2344.19,2278.38,2334.23,0.5558577038759608,0.0033114954488953074,-0.022068548890983863,0.001212071349676522,0.1140860192191655,0.7329793707585764,0.1138203398360549
2026-04-20 19:00:00,2346.78,2315.21,2319.4,-0.4516066605809967,0.023044110442648646,-0.03167956147634177,0.0011753719437071972,0.024171618327852418,0.7641840588565136,0.11357051965259253
2026-04-20 23:00:00,2326.64,2306.45,2308.34,-0.8600754843326123,0.01770198019875613,-0.030454206253414773,0.0011526004760975918,-0.14656691482602457,0.732784674295908,0.11324309169458481
2026-04-21 03:00:00,2327.05,2300.01,2317.36,-0.9564832356671921,0.01514261643440773,-0.02325781104025504,0.0011048641076701316,-0.07082738111446518,0.7262455908057344,0.11150363600079877
2026-04-21 07:00:00,2338.75,2311.56,2331.15,-0.6034873093985501,0.00916032807279099,-0.003483328749227965,0.001047841202959793,0.04678454257843723,0.7537148445421468,0.10971777405830987
2026-04-21 11:00:00,2331.29,2294.39,2299.35,-0.0497936256340963,0.002540153241891163,-0.012101385221038097,0.0010071123632619686,0.04585263244442728,0.7270662235707837,0.11007395618586516
2026-04-21 15:00:00,2324.73,2284.19,2312.72,0.03487028675134639,-0.0038218432333394503,0.0033114954488953074,0.0009446825742624645,-0.15432765551186067,0.7141600519897494,0.10941757523812402
2026-04-21 19:00:00,2332.0,2287.3,2311.35,0.06084118524041717,-0.00777270054149648,0.023044110442648646,0.0008761067019434684,0.057906172797690614,0.7256675923237111,0.10940802770744844
2026-04-21 23:00:00,2375.23,2310.92,2370.34,0.1216670599993476,0.011810102386259569,0.01770198019875613,0.0008244438207751329,0.20617652450682722,0.7909370578555287,0.10537035234419544
2026-04-22 03:00:00,2413.83,2358.41,2393.37,1.3631572416923694,0.03216601572875044,0.01514261643440773,0.0008104305666660723,-0.03856415072465713,0.8844191891669139,0.10318130536896367
2026-04-22 07:00:00,2397.62,2383.0,2390.2,-0.26775762750822457,0.027977071299915224,0.00916032807279099,0.0008258263595677665,-0.13395276287194957,0.89205818050013,0.10100843739030965
2026-04-22 11:00:00,2423.75,2386.51,2403.17,0.9507021221711728,0.04039175272946349,0.002540153241891163,0.0008401918970538133,0.21957263554333228,0.9257223184869943,0.09689777909598728
2026-04-22 15:00:00,2413.89,2384.17,2396.91,0.525771533430823,0.03998051144500181,-0.0038218432333394503,0.0008593801731697953,0.1138512770473481,0.9102775706640814,0.09420139152074594
2026-04-22 19:00:00,2407.24,2389.18,2400.09,-0.5449346846457528,0.03735754087715004,-0.00777270054149648,0.0008663203787781734,0.038058743498412095,0.9093484736710955,0.0907235671292301
2026-04-22 23:00:00,2400.48,2342.8,2351.96,0.6503876089738108,0.010351789797709676,0.011810102386259569,0.0008793172382974325,-0.05513022494581765,0.8425107607017215,0.08721108434105862
2026-04-23 03:00:00,2358.93,2331.5,2354.43,-0.24274236955019526,-0.01670452035435077,0.03216601572875044,0.0008663618245662673,-0.049630752043639204,0.7996339420157447,0.08154183075244903
2026-04-23 07:00:00,2356.85,2305.61,2314.09,0.7522940318733795,-0.025882044231159584,0.027977071299915224,0.0008437455676803549,-0.05313013967219704,0.7604938993168844,0.07528906537529413
2026-04-23 11:00:00,2335.23,2314.09,2334.24,0.01013368890051447,-0.03328884207849325,0.04039175272946349,0.0008091227319488497,-0.07815299156261035,0.7553869694460275,0.07064788011101727
2026-04-23 15:00:00,2343.58,2285.42,2305.31,0.9521036309482668,-0.03550843584654684,0.03998051144500181,0.000771169104337955,-0.02565495394513473,0.7291332229112788,0.06750588633985301
2026-04-23 19:00:00,2338.79,2300.7,2331.97,-0.4401296493743497,-0.03173426825647396,0.03735754087715004,0.0007329673274520034,-0.1888320145572081,0.7474873201334903,0.06676444390126274
2026-04-23 23:00:00,2337.5,2315.05,2319.91,-0.8432659270822733,-0.016170025141163613,0.010351789797709676,0.0007011681802303881,-0.16355382056556478,0.7611160508736542,0.06711054123235818
2026-04-24 03:00:00,2322.84,2300.22,2309.2,-0.6527431242136184,-0.016010173695446106,-0.01670452035435077,0.0006688179738552422,-0.0154327406447754,0.7197303383069348,0.0675021141643052
2026-04-24 07:00:00,2322.99,2303.74,2316.02,-0.5948485158950656,-0.006253036355915231,-0.025882044231159584,0.0006211286389813289,0.2019179825658255,0.7295309783218856,0.06713602420079713
2026-04-24 11:00:00,2332.26,2304.07,2313.41,-0.1579525481353666,-0.0018874354106910296,-0.03328884207849325,0.0005721584609141611,-0.0821337136460224,0.7460506667024827,0.06744240645213942
2026-04-24 15:00:00,2329.73,2301.61,2319.92,-0.522532345220275,0.0012606469803484455,-0.03550843584654684,0.0005425023770560594,-0.047679916214221296,0.7353359856122023,0.06714565430621824
2026-04-24 19:00:00,2328.16,2307.2,2311.92,-0.7752121344636294,-0.0011961098381202406,-0.03173426825647396,0.0005133909762230295,0.27911716643539886,0.7415801460870186,0.06744096723355551
2026-04-24 23:00:00,2321.36,2311.27,2317.4,-1.3221985330319204,-0.0050853641292143426,-0.016170025141163613,0.0004891484830063531,0.2653718521771311,0.7359318839222847,0.06738944951029532
2026-04-25 03:00:00,2320.43,2313.3,2316.01,-1.3498607460736927,0.0034591045657403896,-0.016010173695446106,0.000460138961218764,0.06524688353111308,0.7367176486820461,0.06745421594402656
2026-04-25 07:00:00,2323.21,2314.26,2320.56,-1.2238897786307859,0.002671620808129882,-0.006253036355915231,0.00042829752022862446,-0.14704339867976646,0.7426772197253815,0.067257511025058
2026-04-25 11:00:00,2320.57,2311.2,2316.02,-1.1551043514286385,-0.0023688273275840332,-0.0018874354106910296,0.0003986620690064536,0.058405833113319705,0.7343552485372837,0.06761067168221285
2026-04-25 15:00:00,2318.68,2300.55,2311.55,-0.776098760098779,-0.0028840633983739927,0.0012606469803484455,0.00036795165404101643,0.07991527667701614,0.7211276361929077,0.06790812556040693
2026-04-25 19:00:00,2320.42,2307.12,2317.75,-1.2828614081101921,-0.002213208160198765,-0.0011961098381202406,0.00034633283828757556,-0.046844187655810665,0.7306629479506468,0.06767401498436754
2026-04-25 23:00:00,2320.06,2312.0,2315.15,-1.2600821177893908,0.00012820994436779642,-0.0050853641292143426,0.00033789187009466125,-0.20100726758384002,0.7365635871061794,0.06782498983008105
2026-04-26 03:00:00,2336.48,2306.72,2329.99,-0.7192279331339131,0.00401455627940428,0.0034591045657403896,0.0003070205936768243,0.010043081015979949,0.7565009223898431,0.06729207627569957
2026-04-26 07:00:00,2337.68,2328.58,2332.95,-1.139156418976379,0.005652518697598863,0.002671620808129882,0.00026745457548503796,0.09425846430601603,0.7705658712821686,0.06720478248186665
2026-04-26 11:00:00,2352.44,2324.19,2346.2,-0.8057867838661248,0.010451607927682183,-0.0023688273275840332,0.00022780310392504077,0.02922043429803911,0.7858348848927393,0.06656352347939794
2026-04-26 15:00:00,2369.01,2340.56,2361.99,-0.7045845369979741,0.01970240966702219,-0.0028840633983739927,0.00018281141309963418,0.1007586621124903,0.8179116944385159,0.06631574090151826
2026-04-26 19:00:00,2380.0,2348.47,2361.89,-0.10261715428832206,0.02220486182639858,-0.002213208160198765,0.00014208204719010463,-0.041638144799093335,0.8268722541149071,0.06651061183651501
2026-04-26 23:00:00,2404.37,2356.73,2392.16,0.17152147462743247,0.028364380980678394,0.00012820994436779642,0.00010694953689085648,0.2969281449633927,0.8584668439752973,0.06664904766796577
2026-04-27 03:00:00,2400.43,2312.71,2321.0,0.6438208022180337,0.010046514259737682,0.00401455627940428,7.775178996133598e-05,-0.04258232339351298,0.778205871487954,0.06879353989289888
2026-04-27 07:00:00,2325.52,2309.13,2320.14,-0.4440951103933527,-0.006069051778716639,0.005652518697598863,3.2311942577629436e-05,-0.03675223862975341,0.7029497689860248,0.06894766062870313
2026-04-27 11:00:00,2329.82,2303.5,2314.75,-0.19062720024672708,-0.010330270786842566,0.010451607927682183,-2.926472015716214e-05,-0.12888242220591184,0.6960464614664602,0.0648157823247343
2026-04-27 15:00:00,2315.16,2266.09,2288.75,1.1080906394289476,-0.029708780716233396,0.01970240966702219,-8.801274033388116e-05,-0.14191881745632384,0.6212846025886501,0.06361341760558013
2026-04-27 19:00:00,2296.36,2274.98,2294.36,-0.8524831072851347,-0.03242328276639972,0.02220486182639858,-0.00015130324145597887,-0.09674325933667893,0.6266345633459292,0.059942932676644516
2026-04-27 23:00:00,2310.88,2280.99,2289.11,-0.8096999660793358,-0.035210430705769236,0.028364380980678394,-0.0001838542833200043,-0.17496763073703436,0.6509890882262052,0.057479218727463255
2026-04-28 03:00:00,2296.91,2270.53,2277.63,-0.5529789152277348,-0.026944044203213946,0.010046514259737682,-0.00018823521834369333,0.011962184756561856,0.620548542426908,0.05599805230918891
2026-04-28 07:00:00,2291.64,2270.65,2284.51,-0.5664427392658304,-0.0151672585435223,-0.006069051778716639,-0.00019763532726331298,-0.008056723586781223,0.613726964998989,0.05621848181795705
2026-04-28 11:00:00,2286.2,2258.24,2273.44,0.13817590742636715,-0.01901948822577404,-0.010330270786842566,-0.00020142210992968228,0.11476679902022169,0.5849427290759557,0.05706962421028378
2026-04-28 15:00:00,2298.31,2269.22,2296.96,-0.4421086365220864,-0.000464408574179731,-0.029708780716233396,-0.000206739544842201,0.3064521818553987,0.6150985621844659,0.05661174686934364
2026-04-28 19:00:00,2305.95,2285.48,2286.18,-0.8674950304597607,0.0030822671221273357,-0.03242328276639972,-0.00022111556880923528,0.1668181734293528,0.6439693363059384,0.05704497172784371
2026-04-28 23:00:00,2297.3,2278.84,2288.88,-0.7428037799589435,-0.0044278574700924445,-0.035210430705769236,-0.00024249273989665262,0.05710641383093518,0.6259788319649527,0.05739717178050982
2026-04-29 03:00:00,2342.5,2287.61,2324.58,0.614265688072287,0.015843124676046205,-0.026944044203213946,-0.00025647078461555337,0.13879345710529734,0.7095543817247913,0.05650784490602503
2026-04-29 07:00:00,2346.95,2321.11,2333.68,-0.4590178302341483,0.022212662180884024,-0.0151672585435223,-0.00026253694084247544,0.03665087273404688,0.7383650048492826,0.05633207860996228
2026-04-29 11:00:00,2336.0,2289.94,2299.39,0.3231780982285227,0.017224985208444066,-0.01901948822577404,-0.00026990176740848037,0.05866117682833227,0.6810984783950971,0.05730031178199584
2026-04-29 15:00:00,2301.24,2220.36,2239.41,2.236040570512927,-0.010777834468244873,-0.000464408574179731,-0.0002851457836347057,-0.18673966727975533,0.5546079952543496,0.06157164175216849
2026-04-29 19:00:00,2264.8,2225.0,2257.78,0.11340878144457804,-0.023444400342858662,0.0030822671221273357,-0.0003112737899251991,-0.060959612242642125,0.5117108445267866,0.061667118481751985
2026-04-29 23:00:00,2279.0,2236.36,2245.13,-0.3422919911856835,-0.012325018047392722,-0.0044278574700924445,-0.0003290545542731686,0.03799096281879,0.556670601841771,0.06365797422798779
2026-04-30 03:00:00,2256.82,2231.64,2248.03,-0.6108808819913866,-0.03329929634682405,0.015843124676046205,-0.00034787516432357177,-0.1796078760944051,0.5195168583211294,0.0652602958637245
2026-04-30 07:00:00,2271.11,2243.71,2262.01,-0.4462754229786431,-0.03217578980085889,0.022212662180884024,-0.00036679593362861626,0.14821879568966567,0.5538122760873069,0.06608815330572161
2026-04-30 11:00:00,2273.7,2245.82,2262.01,-0.1870603778228754,-0.02098928246534959,0.017224985208444066,-0.0003873143871090142,-0.0525323130429749,0.5619108961949201,0.06706363975341936
2026-04-30 15:00:00,2275.13,2251.62,2259.84,-0.8515296944691245,0.0008760176319411173,-0.010777834468244873,-0.00041599763294444326,0.029276573904561287,0.5594716510514536,0.06835112407498636
2026-04-30 19:00:00,2267.32,2252.42,2254.25,-1.0164632330160557,0.008825981128915084,-0.023444400342858662,-0.0004390314130683833,0.029162021586212283,0.5603341418009218,0.07002732849796797
2026-04-30 23:00:00,2270.56,2254.0,2266.94,-1.0305998524730708,0.0016248627040478247,-0.012325018047392722,-0.0004534259384917233,0.08815280456359309,0.5656952019791205,0.0705181502665587
2026-05-01 03:00:00,2295.0,2266.25,2277.45,-0.43258376595804177,0.01680678523520096,-0.03329929634682405,-0.0004665769699739496,0.024665288071187064,0.6122384740265832,0.07072211439694405
2026-05-01 07:00:00,2288.5,2273.14,2282.53,-0.8386439765319622,0.01002094649704488,-0.03217578980085889,-0.0004816120674178861,-0.18337292758936918,0.6094406647232534,0.07084042137106909
2026-05-01 11:00:00,2325.28,2281.71,2308.04,0.6656499478058641,0.020066252916147498,-0.02098928246534959,-0.0004813719130749227,-0.014197830673168488,0.6734654094939639,0.06999101763053078
2026-05-01 15:00:00,2316.74,2298.17,2304.76,-0.3375289470074773,0.020042831148311402,0.0008760176319411173,-0.0004539038405412299,-0.09933656567290039,0.6708470661122137,0.07012236583615993
2026-05-01 19:00:00,2307.84,2278.98,2293.5,-0.7777822862982855,0.014009447531264207,0.008825981128915084,-0.0004172598595680049,-0.18356874498782794,0.638194909071096,0.07061764469928841
2026-05-01 23:00:00,2308.34,2289.0,2303.31,-1.1382254059308736,0.014896707028635658,0.0016248627040478247,-0.000384158683556586,0.014445581985152556,0.6485669826797853,0.06916074167405478
2026-05-02 03:00:00,2308.34,2296.62,2305.58,-1.1409484565316592,0.008349211016116964,0.01680678523520096,-0.0003525667937503541,-0.038605001596331956,0.6590745188919535,0.06661939717326729
2026-05-02 07:00:00,2307.78,2299.05,2303.54,-1.1964451433638232,0.009864459685229976,0.01002094649704488,-0.0003233832632089815,-0.13302779209256055,0.6647491060418549,0.0642206287944605
2026-05-02 11:00:00,2311.83,2300.25,2306.69,-1.0986350372309017,-0.0005742585852123172,0.020066252916147498,-0.0003041440953666143,0.028255579203728898,0.6702088670676833,0.060510815969204074
2026-05-02 15:00:00,2313.98,2304.08,2310.3,-1.1037886354195081,0.0009541395384531359,0.020042831148311402,-0.0002914503824858006,0.21584260031190694,0.6762553635542503,0.05695907424307113
2026-05-02 19:00:00,2343.6,2309.17,2327.0,-0.5506938230924651,0.013902852680066857,0.014009447531264207,-0.00027443878382985476,0.4978568663141347,0.7165457374081239,0.05270557203857978
2026-05-02 23:00:00,2326.99,2299.38,2303.41,-0.8051886525838261,0.006062134112651885,0.014896707028635658,-0.00025749913562687573,-0.24879782537089556,0.6827935841163112,0.052184681936421055
2026-05-03 03:00:00,2306.38,2297.59,2304.49,-1.0963551528695952,2.835435730985658e-05,0.008349211016116964,-0.00024679991819698846,0.001537820336489304,0.6592349045559905,0.05091689464696241
2026-05-03 07:00:00,2322.27,2304.42,2311.54,-1.0275348502669324,0.003913019299795151,0.009864459685229976,-0.0002424638131458915,0.35846688008767025,0.6869051998612065,0.05073885482356809
2026-05-03 11:00:00,2332.61,2310.52,2328.28,-0.7134466226444933,0.0077739942575245635,-0.0005742585852123172,-0.00024121267650081983,0.09167978483365347,0.6967241844885262,0.0502113977015532
2026-05-03 15:00:00,2335.35,2322.38,2330.98,-0.885641820951265,0.009241513174486515,0.0009541395384531359,-0.00022804942362262442,-0.12585903054376946,0.7045378179912577,0.050513586792756714
2026-05-03 19:00:00,2356.92,2315.0,2343.89,0.21256042656082197,0.005572375306168276,0.013902852680066857,-0.00022258762867227228,-0.15903892205961678,0.7167764840571554,0.05062771238054899
2026-05-03 23:00:00,2387.99,2309.24,2374.73,1.5574886466609597,0.01698066322871039,0.006062134112651885,-0.00022511743993717772,0.1474189060473301,0.7515144978890758,0.05216226343506865
2026-05-04 03:00:00,2398.93,2354.2,2368.41,1.3768301413126107,0.03434370500639483,2.835435730985658e-05,-0.00022294032326440773,0.1008697823389062,0.8351009025544276,0.05407728043109726
2026-05-04 07:00:00,2373.87,2314.25,2338.36,1.2126287198669687,0.013125935453623727,0.003913019299795151,-0.0002160199570000524,-0.10725997864354297,0.7315571205214432,0.055189417297208915
2026-05-04 11:00:00,2381.8,2325.71,2371.39,0.7660437096158675,0.010045113129651284,0.0077739942575245635,-0.00020983036707871634,-0.05384002228337392,0.7429553948132482,0.056202266604379734
2026-05-04 15:00:00,2379.52,2336.01,2361.41,1.4898374932178697,0.012200292728884232,0.009241513174486515,-0.00020095602903607516,-0.02537060577268102,0.7732407144076352,0.057596248103588134
2026-05-04 19:00:00,2365.91,2347.77,2354.58,-0.7821131152105111,0.008359221795019245,0.005572375306168276,-0.00018642554990756964,-0.032877688838313546,0.7708406706448311,0.058643948743803895
2026-05-04 23:00:00,2377.8,2344.83,2367.72,-0.7164462816818067,0.004439833993589826,0.01698066322871039,-0.00016690538834466127,0.027420903652007667,0.7803838436995819,0.05968399258250119
2026-05-05 03:00:00,2390.74,2364.71,2378.85,0.35157396428533905,-0.000270540543116371,0.03434370500639483,-0.00015082798172778308,-0.07831205832215571,0.8333191402762292,0.06125291813099489
2026-05-05 07:00:00,2388.56,2366.76,2378.41,-0.3842246697953504,0.014629658475096452,0.013125935453623727,-0.0001309788985711908,0.0010546943923144259,0.8263922818345765,0.06296421494996537
2026-05-05 11:00:00,2399.5,2369.17,2378.78,0.8127116665378293,0.016169376344101538,0.010045113129651284,-0.00010741266227297059,-0.013310841292484277,0.8447127174140823,0.06460423921999317
2026-05-05 15:00:00,2387.93,2359.71,2372.28,0.0796159944835165,0.0062719479849655535,0.012200292728884232,-8.694331427977747e-05,0.03270589364016763,0.7644266243738326,0.06605485346175395
2026-05-05 19:00:00,2388.54,2354.34,2367.51,-0.2212691597803745,0.0074272735572233906,0.008359221795019245,-7.301604581877456e-05,0.04447275099074499,0.7543634291622722,0.06720815689546221
2026-05-05 23:00:00,2376.99,2355.0,2369.75,-0.35775596082069394,0.0016023692563287284,0.004439833993589826,-5.736263190944004e-05,-0.03415465015591157,0.7157217534712383,0.06820494218469814
2026-05-06 03:00:00,2380.87,2355.0,2370.52,-0.4036954471900242,-0.0053288618427204115,-0.000270540543116371,-3.438378032342526e-05,0.12907480265990912,0.7257578816912785,0.06915768451062274
2026-05-06 07:00:00,2418.39,2368.57,2410.2,1.477177232849655,0.008408715781560883,0.014629658475096452,5.192530061224353e-06,0.11694416455559886,0.8392040137391436,0.07085307691117805
2026-05-06 11:00:00,2423.74,2346.68,2359.23,3.2512269019818265,0.00015745593803750957,0.016169376344101538,5.663645622045996e-05,-0.11524445350244727,0.7947534990608432,0.07268973791446585
2026-05-06 15:00:00,2367.47,2338.0,2345.0,0.8113847263306427,-0.0077699474020765935,0.0062719479849655535,0.00011097487365908038,-0.20698557856552635,0.6780724546987403,0.0727199035458442
2026-05-06 19:00:00,2357.45,2342.14,2347.28,-0.1627435438332497,-0.010728964894225368,0.0074272735572233906,0.00015134173643332143,-0.31745356751102927,0.6585525419595321,0.0722809163481229
2026-05-06 23:00:00,2352.3,2313.89,2321.88,0.5347466833065186,-0.01460229185003481,0.0016023692563287284,0.00019139535257047476,-0.214787153166056,0.5858858692778344,0.07109704754290205
2026-05-07 03:00:00,2338.57,2315.74,2337.13,0.012790320615743436,-0.017264760141494473,-0.0053288618427204115,0.00021237384105634265,-0.12177354250824401,0.5720754611387134,0.07077763486396378
2026-05-07 07:00:00,2346.89,2317.35,2326.78,0.38927901023268735,-0.026183863834526866,0.008408715781560883,0.00022378679698177077,-0.28374335725579747,0.6031576518859108,0.07112503937457991
2026-05-07 11:00:00,2337.13,2289.51,2298.98,1.9952021556038317,-0.029972179834730883,0.00015745593803750957,0.0002343781079988345,-0.1358111472142508,0.5032887258839562,0.07209243395062667
2026-05-07 15:00:00,2304.52,2280.1,2296.19,2.032247441530125,-0.02567239567269608,-0.0077699474020765935,0.00023660813902131713,-0.007464818143583241,0.4245939722534162,0.07205331120589349
2026-05-07 19:00:00,2302.57,2281.04,2287.03,1.0800842285754981,-0.024944620396218142,-0.010728964894225368,0.00022527757147396572,-0.11529998160484045,0.4114044795515282,0.07247655878023272
2026-05-07 23:00:00,2294.28,2268.0,2279.15,0.004719142551365074,-0.020045714868990094,-0.01460229185003481,0.00021648177861527794,0.0026932876123926253,0.3821414848889571,0.07295612625618998
2026-05-08 03:00:00,2284.54,2265.61,2275.22,0.645863539302068,-0.021671597032419276,-0.017264760141494473,0.00020757732027327177,-0.2886342881741635,0.35306192965087096,0.07315065982670903
2026-05-08 07:00:00,2292.12,2267.15,2287.94,0.6692382646546905,-0.022511919521469803,-0.026183863834526866,0.00018778041120153657,0.29152544871499897,0.37719123136610005,0.07267092675871219
2026-05-08 11:00:00,2302.0,2269.96,2285.72,1.27692667580543,-0.012835314523998331,-0.029972179834730883,0.00017264697257832532,0.1660999773100429,0.38627667789331416,0.07241951845718031
2026-05-08 15:00:00,2321.22,2274.94,2313.49,0.7372184918596324,0.0027126229877139085,-0.02567239567269608,0.00016062973813946638,0.19489037090066708,0.4491098987105942,0.07141831190748511
2026-05-08 19:00:00,2320.36,2304.21,2310.98,0.7802941440551235,0.009520862312253797,-0.024944620396218142,0.00015325693275169836,-0.19102156212387456,0.4973257899389264,0.07117373160880182
2026-05-08 23:00:00,2320.3,2303.19,2317.07,-0.13844415671699956,0.012077446238281997,-0.020045714868990094,0.00015251852387513357,-0.1831862141558135,0.4907813421279776,0.07069933525127765
2026-05-09 03:00:00,2325.33,2310.9,2314.35,0.06790332517181856,0.017600664521199683,-0.021671597032419276,0.00014980019046598975,0.11469919699737163,0.5108727922159233,0.07076746009461884
2026-05-09 07:00:00,2320.53,2310.24,2312.5,-0.634304510862811,0.014532212833407998,-0.022511919521469803,0.00014949995473851311,-0.1003181439516343,0.5078404321545551,0.07073405913166388
2026-05-09 11:00:00,2318.27,2305.21,2308.27,-0.7919578431680296,0.012330843311507023,-0.012835314523998331,0.00015008963554964674,-0.18626374404905532,0.4972468999565418,0.07077927874457864
2026-05-09 15:00:00,2338.37,2300.0,2330.22,0.38285387000395393,0.010119897765475505,0.0027126229877139085,0.00014740238945913861,0.05888113021952979,0.5408187976814677,0.06793962041039359
2026-05-09 19:00:00,2333.47,2326.54,2329.89,-0.6479980071538429,0.007445298846689097,0.009520862312253797,0.00014676038477333595,0.30500588983870847,0.5651558247817978,0.06658852750759028
2026-05-09 23:00:00,2331.96,2318.33,2327.94,-0.5269438832963419,0.005890042208117396,0.012077446238281997,0.00015060733823937588,-0.03887691586946662,0.5444037395547454,0.0644955727249749
2026-05-10 03:00:00,2332.91,2323.7,2329.3,-0.5845742606603682,0.005211684892487467,0.017600664521199683,0.00015286888938796094,-0.021564222854969506,0.5584241979272894,0.06232814384743106
2026-05-10 07:00:00,2333.59,2323.38,2325.46,-0.6574186028502282,0.0055822157754676915,0.014532212833407998,0.00016003263826378826,-0.28631279920570685,0.5587556338387778,0.060915625230232175
2026-05-10 11:00:00,2335.0,2319.0,2330.9,-0.3485615886832003,0.00620626776826394,0.012330843311507023,0.0001697474284273026,-0.06178194599031295,0.5537883125074219,0.059182175029258044
2026-05-10 15:00:00,2368.0,2330.9,2358.54,3.581846053546552,0.011125396588768988,0.010119897765475505,0.00017986701961861804,0.5593099087509406,0.6426600618727896,0.05712199545725332
2026-05-10 19:00:00,2377.64,2311.83,2373.78,1.2731708305608411,0.00787145483125462,0.007445298846689097,0.00020543337678462383,0.4461624908489037,0.6374022541545812,0.05537922956029776
2026-05-10 23:00:00,2382.53,2343.38,2345.39,0.3431518127875822,0.01666404672522548,0.005890042208117396,0.00023276119260429019,0.6054749874177161,0.6970052399748515,0.054445715213547685
2026-05-11 03:00:00,2345.4,2320.01,2333.48,0.08783727955164164,0.0017612929530996801,0.005211684892487467,0.0002767958377897517,0.2724182098533481,0.5745779843377977,0.053447586863899145
2026-05-11 07:00:00,2339.9,2326.66,2329.94,-0.8327577301135587,0.0019285693356412281,0.0055822157754676915,0.00029447056432939465,0.3500826836586366,0.5465633442290891,0.05241896120943094
2026-05-11 11:00:00,2338.89,2304.0,2316.48,-0.1021688329581617,-0.0018911931285360284,0.00620626776826394,0.00030243178341131697,0.16638652490420136,0.4608091431325284,0.05256746413682833
2026-05-11 15:00:00,2344.35,2313.4,2335.35,0.004459682845461368,-0.006752681498714552,0.011125396588768988,0.00030280940444359626,-0.4106926802935762,0.46357823633814926,0.05179750932345932
2026-05-11 19:00:00,2345.68,2331.92,2341.43,-0.7143068172214909,-0.0035860593112047034,0.00787145483125462,0.00029645780999053886,-0.02781804013191247,0.49433272908117387,0.05096817380794198
2026-05-11 23:00:00,2342.23,2332.13,2333.54,-1.2516524096020871,-0.01116840337519931,0.01666404672522548,0.0002943615848319063,0.1150526232173954,0.48001843497908775,0.05070501818869535
